sample_id,image_filename,primary_xml_filename,secondary_xml_filename,primary_declared_filename,secondary_declared_filename,official_split,resolved_image_filename,annotation_source,identity_status,annotation_status,duplicate_group_id,duplicate_status,curated_split,include,reason_code,review_status,reviewer,review_notes,evidence_artifact,source_dataset_fingerprint,curation_version
0,0.jpg,0.xml,0.xml,0.jpg,0.jpg,validation,0.jpg,primary,consistent,primary_confirmed,,unique,validation,True,none,not_required,,,data/metadata/wtbd/second_annotator_comparison.csv,568c00e99f5ca8d205c5b48b3c058ca8f3b93d2e4de9986ec7d01af75b33babb,wtbd-curation-v1
1,1.jpg,1.xml,1.xml,1.jpg,1.jpg,train,1.jpg,primary,consistent,primary_confirmed,,unique,train,True,none,not_required,,,data/metadata/wtbd/second_annotator_comparison.csv,568c00e99f5ca8d205c5b48b3c058ca8f3b93d2e4de9986ec7d01af75b33babb,wtbd-curation-v1
2,2.jpg,2.xml,2.xml,2.jpg,2.jpg,train,2.jpg,primary,consistent,primary_confirmed,,near_duplicate_review,train,True,none,not_required,,,data/metadata/wtbd/second_annotator_comparison.csv,568c00e99f5ca8d205c5b48b3c058ca8f3b93d2e4de9986ec7d01af75b33babb,wtbd-curation-v1
3,3.jpg,3.xml,3.xml,3.jpg,3.jpg,validation,3.jpg,primary,consistent,primary_confirmed,,unique,validation,True,none,not_required,,,data/metadata/wtbd/second_annotator_comparison.csv,568c00e99f5ca8d205c5b48b3c058ca8f3b93d2e4de9986ec7d01af75b33babb,wtbd-curation-v1
4,4.jpg,4.xml,4.xml,4.jpg,4.jpg,train,4.jpg,primary,consistent,primary_confirmed,,unique,train,True,none,not_required,,,data/metadata/wtbd/second_annotator_comparison.csv,568c00e99f5ca8d205c5b48b3c058ca8f3b93d2e4de9986ec7d01af75b33babb,wtbd-curation-v1
5,5.jpg,5.xml,5.xml,5.jpg,5.jpg,train,5.jpg,primary,consistent,primary_confirmed,,unique,train,True,none,not_required,,,data/metadata/wtbd/second_annotator_comparison.csv,568c00e99f5ca8d205c5b48b3c058ca8f3b93d2e4de9986ec7d01af75b33babb,wtbd-curation-v1
6,6.jpg,6.xml,6.xml,6.jpg,6.jpg,train,6.jpg,primary,consistent,primary_confirmed,scene-001,near_duplicate_same_scene,train,True,none,not_required,,,data/metadata/wtbd/second_annotator_comparison.csv,568c00e99f5ca8d205c5b48b3c058ca8f3b93d2e4de9986ec7d01af75b33babb,wtbd-curation-v1
7,7.jpg,7.xml,7.xml,7.jpg,7.jpg,validation,7.jpg,primary,consistent,primary_confirmed,,unique,validation,True,none,not_required,,,data/metadata/wtbd/second_annotator_comparison.csv,568c00e99f5ca8d205c5b48b3c058ca8f3b93d2e4de9986ec7d01af75b33babb,wtbd-curation-v1
8,8.jpg,8.xml,8.xml,8.jpg,8.jpg,train,8.jpg,primary,consistent,primary_confirmed,,near_duplicate_review,train,True,none,not_required,,,data/metadata/wtbd/second_annotator_comparison.csv,568c00e99f5ca8d205c5b48b3c058ca8f3b93d2e4de9986ec7d01af75b33babb,wtbd-curation-v1
9,9.jpg,9.xml,9.xml,9.jpg,9.jpg,train,9.jpg,primary,consistent,primary_confirmed,,unique,train,True,none,not_required,,,data/metadata/wtbd/second_annotator_comparison.csv,568c00e99f5ca8d205c5b48b3c058ca8f3b93d2e4de9986ec7d01af75b33babb,wtbd-curation-v1
10,10.jpg,10.xml,10.xml,10.jpg,10.jpg,train,10.jpg,primary,consistent,primary_confirmed,,unique,train,True,none,not_required,,,data/metadata/wtbd/second_annotator_comparison.csv,568c00e99f5ca8d205c5b48b3c058ca8f3b93d2e4de9986ec7d01af75b33babb,wtbd-curation-v1
11,11.jpg,11.xml,11.xml,11.jpg,11.jpg,validation,11.jpg,primary,consistent,primary_confirmed,,unique,validation,True,none,not_required,,,data/metadata/wtbd/second_annotator_comparison.csv,568c00e99f5ca8d205c5b48b3c058ca8f3b93d2e4de9986ec7d01af75b33babb,wtbd-curation-v1
12,12.jpg,12.xml,12.xml,12.jpg,12.jpg,train,12.jpg,primary,consistent,primary_confirmed,,unique,train,True,none,not_required,,,data/metadata/wtbd/second_annotator_comparison.csv,568c00e99f5ca8d205c5b48b3c058ca8f3b93d2e4de9986ec7d01af75b33babb,wtbd-curation-v1
13,13.jpg,13.xml,13.xml,13.jpg,13.jpg,test,13.jpg,primary,consistent,primary_confirmed,scene-002,near_duplicate_same_scene,test,True,none,not_required,,,data/metadata/wtbd/second_annotator_comparison.csv,568c00e99f5ca8d205c5b48b3c058ca8f3b93d2e4de9986ec7d01af75b33babb,wtbd-curation-v1
14,14.jpg,14.xml,14.xml,14.jpg,14.jpg,train,14.jpg,primary,consistent,primary_confirmed,,near_duplicate_review,train,True,none,not_required,,,data/metadata/wtbd/second_annotator_comparison.csv,568c00e99f5ca8d205c5b48b3c058ca8f3b93d2e4de9986ec7d01af75b33babb,wtbd-curation-v1
15,15.jpg,15.xml,15.xml,15.jpg,15.jpg,train,15.jpg,primary,consistent,primary_confirmed,,unique,train,True,none,not_required,,,data/metadata/wtbd/second_annotator_comparison.csv,568c00e99f5ca8d205c5b48b3c058ca8f3b93d2e4de9986ec7d01af75b33babb,wtbd-curation-v1
16,16.jpg,16.xml,16.xml,16.jpg,16.jpg,train,16.jpg,primary,consistent,primary_confirmed,,unique,train,True,none,not_required,,,data/metadata/wtbd/second_annotator_comparison.csv,568c00e99f5ca8d205c5b48b3c058ca8f3b93d2e4de9986ec7d01af75b33babb,wtbd-curation-v1
17,17.jpg,17.xml,17.xml,17.jpg,17.jpg,train,17.jpg,primary,consistent,primary_confirmed,,unique,train,True,none,not_required,,,data/metadata/wtbd/second_annotator_comparison.csv,568c00e99f5ca8d205c5b48b3c058ca8f3b93d2e4de9986ec7d01af75b33babb,wtbd-curation-v1
18,18.jpg,18.xml,18.xml,18.jpg,18.jpg,train,18.jpg,primary,consistent,primary_confirmed,,unique,train,True,none,not_required,,,data/metadata/wtbd/second_annotator_comparison.csv,568c00e99f5ca8d205c5b48b3c058ca8f3b93d2e4de9986ec7d01af75b33babb,wtbd-curation-v1
19,19.jpg,19.xml,19.xml,19.jpg,19.jpg,validation,19.jpg,primary,consistent,primary_confirmed,,unique,validation,True,none,not_required,,,data/metadata/wtbd/second_annotator_comparison.csv,568c00e99f5ca8d205c5b48b3c058ca8f3b93d2e4de9986ec7d01af75b33babb,wtbd-curation-v1
20,20.jpg,20.xml,20.xml,20.jpg,20.jpg,train,20.jpg,primary,consistent,primary_confirmed,,unique,train,True,none,not_required,,,data/metadata/wtbd/second_annotator_comparison.csv,568c00e99f5ca8d205c5b48b3c058ca8f3b93d2e4de9986ec7d01af75b33babb,wtbd-curation-v1
21,21.jpg,21.xml,21.xml,21.jpg,21.jpg,validation,21.jpg,primary,consistent,primary_confirmed,,unique,validation,True,none,not_required,,,data/metadata/wtbd/second_annotator_comparison.csv,568c00e99f5ca8d205c5b48b3c058ca8f3b93d2e4de9986ec7d01af75b33babb,wtbd-curation-v1
22,22.jpg,22.xml,22.xml,22.jpg,22.jpg,train,22.jpg,primary,consistent,primary_confirmed,,unique,train,True,none,not_required,,,data/metadata/wtbd/second_annotator_comparison.csv,568c00e99f5ca8d205c5b48b3c058ca8f3b93d2e4de9986ec7d01af75b33babb,wtbd-curation-v1
23,23.jpg,23.xml,23.xml,23.jpg,23.jpg,train,23.jpg,primary,consistent,primary_confirmed,,unique,train,True,none,not_required,,,data/metadata/wtbd/second_annotator_comparison.csv,568c00e99f5ca8d205c5b48b3c058ca8f3b93d2e4de9986ec7d01af75b33babb,wtbd-curation-v1
24,24.jpg,24.xml,24.xml,24.jpg,24.jpg,train,24.jpg,primary,consistent,primary_confirmed,,unique,train,True,none,not_required,,,data/metadata/wtbd/second_annotator_comparison.csv,568c00e99f5ca8d205c5b48b3c058ca8f3b93d2e4de9986ec7d01af75b33babb,wtbd-curation-v1
25,25.jpg,25.xml,25.xml,25.jpg,25.jpg,train,25.jpg,primary,consistent,primary_confirmed,,unique,train,True,none,not_required,,,data/metadata/wtbd/second_annotator_comparison.csv,568c00e99f5ca8d205c5b48b3c058ca8f3b93d2e4de9986ec7d01af75b33babb,wtbd-curation-v1
26,26.jpg,26.xml,26.xml,26.jpg,26.jpg,train,26.jpg,primary,consistent,primary_confirmed,,unique,train,True,none,not_required,,,data/metadata/wtbd/second_annotator_comparison.csv,568c00e99f5ca8d205c5b48b3c058ca8f3b93d2e4de9986ec7d01af75b33babb,wtbd-curation-v1
27,27.jpg,27.xml,27.xml,27.jpg,27.jpg,train,27.jpg,primary,consistent,primary_confirmed,,unique,train,True,none,not_required,,,data/metadata/wtbd/second_annotator_comparison.csv,568c00e99f5ca8d205c5b48b3c058ca8f3b93d2e4de9986ec7d01af75b33babb,wtbd-curation-v1
28,28.jpg,28.xml,28.xml,28.jpg,28.jpg,train,28.jpg,primary,consistent,primary_confirmed,,unique,train,True,none,not_required,,,data/metadata/wtbd/second_annotator_comparison.csv,568c00e99f5ca8d205c5b48b3c058ca8f3b93d2e4de9986ec7d01af75b33babb,wtbd-curation-v1
29,29.jpg,29.xml,29.xml,29.jpg,29.jpg,train,29.jpg,primary,consistent,primary_confirmed,,unique,train,True,none,not_required,,,data/metadata/wtbd/second_annotator_comparison.csv,568c00e99f5ca8d205c5b48b3c058ca8f3b93d2e4de9986ec7d01af75b33babb,wtbd-curation-v1
30,30.jpg,30.xml,30.xml,30.jpg,30.jpg,train,30.jpg,primary,consistent,primary_confirmed,,unique,train,True,none,not_required,,,data/metadata/wtbd/second_annotator_comparison.csv,568c00e99f5ca8d205c5b48b3c058ca8f3b93d2e4de9986ec7d01af75b33babb,wtbd-curation-v1
31,31.jpg,31.xml,31.xml,31.jpg,31.jpg,train,31.jpg,primary,consistent,primary_confirmed,scene-003,near_duplicate_same_scene,train,True,none,not_required,,,data/metadata/wtbd/second_annotator_comparison.csv,568c00e99f5ca8d205c5b48b3c058ca8f3b93d2e4de9986ec7d01af75b33babb,wtbd-curation-v1
32,32.jpg,32.xml,32.xml,32.jpg,32.jpg,test,32.jpg,primary,consistent,primary_confirmed,,unique,test,True,none,not_required,,,data/metadata/wtbd/second_annotator_comparison.csv,568c00e99f5ca8d205c5b48b3c058ca8f3b93d2e4de9986ec7d01af75b33babb,wtbd-curation-v1
33,33.jpg,33.xml,33.xml,33.jpg,33.jpg,train,33.jpg,primary,consistent,primary_confirmed,scene-004,near_duplicate_same_scene,train,True,none,not_required,,,data/metadata/wtbd/second_annotator_comparison.csv,568c00e99f5ca8d205c5b48b3c058ca8f3b93d2e4de9986ec7d01af75b33babb,wtbd-curation-v1
34,34.jpg,34.xml,34.xml,34.jpg,34.jpg,train,34.jpg,primary,consistent,primary_confirmed,,unique,train,True,none,not_required,,,data/metadata/wtbd/second_annotator_comparison.csv,568c00e99f5ca8d205c5b48b3c058ca8f3b93d2e4de9986ec7d01af75b33babb,wtbd-curation-v1
35,35.jpg,35.xml,35.xml,35.jpg,35.jpg,train,35.jpg,primary,consistent,primary_confirmed,,near_duplicate_review,train,True,none,not_required,,,data/metadata/wtbd/second_annotator_comparison.csv,568c00e99f5ca8d205c5b48b3c058ca8f3b93d2e4de9986ec7d01af75b33babb,wtbd-curation-v1
36,36.jpg,36.xml,36.xml,36.jpg,36.jpg,train,36.jpg,primary,consistent,primary_confirmed,,unique,train,True,none,not_required,,,data/metadata/wtbd/second_annotator_comparison.csv,568c00e99f5ca8d205c5b48b3c058ca8f3b93d2e4de9986ec7d01af75b33babb,wtbd-curation-v1
37,37.jpg,37.xml,37.xml,37.jpg,37.jpg,train,37.jpg,primary,consistent,primary_confirmed,,unique,train,True,none,not_required,,,data/metadata/wtbd/second_annotator_comparison.csv,568c00e99f5ca8d205c5b48b3c058ca8f3b93d2e4de9986ec7d01af75b33babb,wtbd-curation-v1
38,38.jpg,38.xml,38.xml,38.jpg,38.jpg,train,38.jpg,primary,consistent,primary_confirmed,,unique,train,True,none,not_required,,,data/metadata/wtbd/second_annotator_comparison.csv,568c00e99f5ca8d205c5b48b3c058ca8f3b93d2e4de9986ec7d01af75b33babb,wtbd-curation-v1
39,39.jpg,39.xml,39.xml,39.jpg,39.jpg,train,39.jpg,primary,consistent,primary_confirmed,,unique,train,True,none,not_required,,,data/metadata/wtbd/second_annotator_comparison.csv,568c00e99f5ca8d205c5b48b3c058ca8f3b93d2e4de9986ec7d01af75b33babb,wtbd-curation-v1
40,40.jpg,40.xml,40.xml,40.jpg,40.jpg,train,40.jpg,primary,consistent,primary_confirmed,,unique,train,True,none,not_required,,,data/metadata/wtbd/second_annotator_comparison.csv,568c00e99f5ca8d205c5b48b3c058ca8f3b93d2e4de9986ec7d01af75b33babb,wtbd-curation-v1
41,41.jpg,41.xml,41.xml,41.jpg,41.jpg,train,41.jpg,primary,consistent,primary_confirmed,,unique,train,True,none,not_required,,,data/metadata/wtbd/second_annotator_comparison.csv,568c00e99f5ca8d205c5b48b3c058ca8f3b93d2e4de9986ec7d01af75b33babb,wtbd-curation-v1
42,42.jpg,42.xml,42.xml,42.jpg,42.jpg,train,42.jpg,primary,consistent,primary_confirmed,,unique,train,True,none,not_required,,,data/metadata/wtbd/second_annotator_comparison.csv,568c00e99f5ca8d205c5b48b3c058ca8f3b93d2e4de9986ec7d01af75b33babb,wtbd-curation-v1
43,43.jpg,43.xml,43.xml,43.jpg,43.jpg,train,43.jpg,primary,consistent,primary_confirmed,,unique,train,True,none,not_required,,,data/metadata/wtbd/second_annotator_comparison.csv,568c00e99f5ca8d205c5b48b3c058ca8f3b93d2e4de9986ec7d01af75b33babb,wtbd-curation-v1
44,44.jpg,44.xml,44.xml,44.jpg,44.jpg,train,44.jpg,primary,consistent,primary_confirmed,,unique,train,True,none,not_required,,,data/metadata/wtbd/second_annotator_comparison.csv,568c00e99f5ca8d205c5b48b3c058ca8f3b93d2e4de9986ec7d01af75b33babb,wtbd-curation-v1
45,45.jpg,45.xml,45.xml,45.jpg,45.jpg,train,45.jpg,primary,consistent,primary_confirmed,,near_duplicate_review,train,True,none,not_required,,,data/metadata/wtbd/second_annotator_comparison.csv,568c00e99f5ca8d205c5b48b3c058ca8f3b93d2e4de9986ec7d01af75b33babb,wtbd-curation-v1
46,46.jpg,46.xml,46.xml,46.jpg,46.jpg,test,46.jpg,primary,consistent,primary_confirmed,,unique,test,True,none,not_required,,,data/metadata/wtbd/second_annotator_comparison.csv,568c00e99f5ca8d205c5b48b3c058ca8f3b93d2e4de9986ec7d01af75b33babb,wtbd-curation-v1
47,47.jpg,47.xml,47.xml,47.jpg,47.jpg,train,47.jpg,primary,consistent,primary_confirmed,scene-005,near_duplicate_same_scene,train,True,none,not_required,,,data/metadata/wtbd/second_annotator_comparison.csv,568c00e99f5ca8d205c5b48b3c058ca8f3b93d2e4de9986ec7d01af75b33babb,wtbd-curation-v1
48,48.jpg,48.xml,48.xml,48.jpg,48.jpg,test,48.jpg,primary,consistent,primary_confirmed,scene-006,near_duplicate_same_scene,test,True,none,not_required,,,data/metadata/wtbd/second_annotator_comparison.csv,568c00e99f5ca8d205c5b48b3c058ca8f3b93d2e4de9986ec7d01af75b33babb,wtbd-curation-v1
49,49.jpg,49.xml,49.xml,49.jpg,49.jpg,train,49.jpg,primary,consistent,primary_confirmed,,unique,train,True,none,not_required,,,data/metadata/wtbd/second_annotator_comparison.csv,568c00e99f5ca8d205c5b48b3c058ca8f3b93d2e4de9986ec7d01af75b33babb,wtbd-curation-v1
50,50.jpg,50.xml,50.xml,50.jpg,50.jpg,train,50.jpg,primary,consistent,primary_confirmed,,unique,train,True,none,not_required,,,data/metadata/wtbd/second_annotator_comparison.csv,568c00e99f5ca8d205c5b48b3c058ca8f3b93d2e4de9986ec7d01af75b33babb,wtbd-curation-v1
51,51.jpg,51.xml,51.xml,51.jpg,51.jpg,test,51.jpg,primary,consistent,primary_confirmed,,unique,test,True,none,not_required,,,data/metadata/wtbd/second_annotator_comparison.csv,568c00e99f5ca8d205c5b48b3c058ca8f3b93d2e4de9986ec7d01af75b33babb,wtbd-curation-v1
52,52.jpg,52.xml,52.xml,52.jpg,52.jpg,train,52.jpg,primary,consistent,primary_confirmed,,unique,train,True,none,not_required,,,data/metadata/wtbd/second_annotator_comparison.csv,568c00e99f5ca8d205c5b48b3c058ca8f3b93d2e4de9986ec7d01af75b33babb,wtbd-curation-v1
53,53.jpg,53.xml,53.xml,53.jpg,53.jpg,train,53.jpg,primary,consistent,primary_confirmed,scene-007,near_duplicate_same_scene,train,True,none,not_required,,,data/metadata/wtbd/second_annotator_comparison.csv,568c00e99f5ca8d205c5b48b3c058ca8f3b93d2e4de9986ec7d01af75b33babb,wtbd-curation-v1
54,54.jpg,54.xml,54.xml,54.jpg,54.jpg,test,54.jpg,primary,consistent,primary_confirmed,,unique,test,True,none,not_required,,,data/metadata/wtbd/second_annotator_comparison.csv,568c00e99f5ca8d205c5b48b3c058ca8f3b93d2e4de9986ec7d01af75b33babb,wtbd-curation-v1
55,55.jpg,55.xml,55.xml,55.jpg,55.jpg,validation,55.jpg,primary,consistent,primary_confirmed,,unique,validation,True,none,not_required,,,data/metadata/wtbd/second_annotator_comparison.csv,568c00e99f5ca8d205c5b48b3c058ca8f3b93d2e4de9986ec7d01af75b33babb,wtbd-curation-v1
56,56.jpg,56.xml,56.xml,56.jpg,56.jpg,train,56.jpg,primary,consistent,primary_confirmed,,unique,train,True,none,not_required,,,data/metadata/wtbd/second_annotator_comparison.csv,568c00e99f5ca8d205c5b48b3c058ca8f3b93d2e4de9986ec7d01af75b33babb,wtbd-curation-v1
57,57.jpg,57.xml,57.xml,57.jpg,57.jpg,test,57.jpg,primary,consistent,primary_confirmed,,unique,test,True,none,not_required,,,data/metadata/wtbd/second_annotator_comparison.csv,568c00e99f5ca8d205c5b48b3c058ca8f3b93d2e4de9986ec7d01af75b33babb,wtbd-curation-v1
58,58.jpg,58.xml,58.xml,58.jpg,58.jpg,train,58.jpg,primary,consistent,primary_confirmed,,unique,train,True,none,not_required,,,data/metadata/wtbd/second_annotator_comparison.csv,568c00e99f5ca8d205c5b48b3c058ca8f3b93d2e4de9986ec7d01af75b33babb,wtbd-curation-v1
59,59.jpg,59.xml,59.xml,59.jpg,59.jpg,validation,59.jpg,primary,consistent,primary_confirmed,,unique,validation,True,none,not_required,,,data/metadata/wtbd/second_annotator_comparison.csv,568c00e99f5ca8d205c5b48b3c058ca8f3b93d2e4de9986ec7d01af75b33babb,wtbd-curation-v1
60,60.jpg,60.xml,60.xml,60.jpg,60.jpg,validation,60.jpg,primary,consistent,primary_confirmed,,unique,validation,True,none,not_required,,,data/metadata/wtbd/second_annotator_comparison.csv,568c00e99f5ca8d205c5b48b3c058ca8f3b93d2e4de9986ec7d01af75b33babb,wtbd-curation-v1
61,61.jpg,61.xml,61.xml,61.jpg,61.jpg,test,61.jpg,primary,consistent,primary_confirmed,,unique,test,True,none,not_required,,,data/metadata/wtbd/second_annotator_comparison.csv,568c00e99f5ca8d205c5b48b3c058ca8f3b93d2e4de9986ec7d01af75b33babb,wtbd-curation-v1
62,62.jpg,62.xml,62.xml,62.jpg,62.jpg,validation,62.jpg,primary,consistent,primary_confirmed,,unique,validation,True,none,not_required,,,data/metadata/wtbd/second_annotator_comparison.csv,568c00e99f5ca8d205c5b48b3c058ca8f3b93d2e4de9986ec7d01af75b33babb,wtbd-curation-v1
63,63.jpg,63.xml,63.xml,63.jpg,63.jpg,train,63.jpg,primary,consistent,primary_confirmed,,unique,train,True,none,not_required,,,data/metadata/wtbd/second_annotator_comparison.csv,568c00e99f5ca8d205c5b48b3c058ca8f3b93d2e4de9986ec7d01af75b33babb,wtbd-curation-v1
64,64.jpg,64.xml,64.xml,64.jpg,64.jpg,train,64.jpg,primary,consistent,primary_confirmed,,unique,train,True,none,not_required,,,data/metadata/wtbd/second_annotator_comparison.csv,568c00e99f5ca8d205c5b48b3c058ca8f3b93d2e4de9986ec7d01af75b33babb,wtbd-curation-v1
65,65.jpg,65.xml,65.xml,65.jpg,65.jpg,test,65.jpg,primary,consistent,primary_confirmed,,unique,test,True,none,not_required,,,data/metadata/wtbd/second_annotator_comparison.csv,568c00e99f5ca8d205c5b48b3c058ca8f3b93d2e4de9986ec7d01af75b33babb,wtbd-curation-v1
66,66.jpg,66.xml,66.xml,66.jpg,66.jpg,train,66.jpg,primary,consistent,primary_confirmed,,unique,train,True,none,not_required,,,data/metadata/wtbd/second_annotator_comparison.csv,568c00e99f5ca8d205c5b48b3c058ca8f3b93d2e4de9986ec7d01af75b33babb,wtbd-curation-v1
67,67.jpg,67.xml,67.xml,67.jpg,67.jpg,test,67.jpg,primary,consistent,primary_confirmed,,near_duplicate_review,test,True,none,not_required,,,data/metadata/wtbd/second_annotator_comparison.csv,568c00e99f5ca8d205c5b48b3c058ca8f3b93d2e4de9986ec7d01af75b33babb,wtbd-curation-v1
68,68.jpg,68.xml,68.xml,68.jpg,68.jpg,train,68.jpg,primary,consistent,primary_confirmed,,unique,train,True,none,not_required,,,data/metadata/wtbd/second_annotator_comparison.csv,568c00e99f5ca8d205c5b48b3c058ca8f3b93d2e4de9986ec7d01af75b33babb,wtbd-curation-v1
69,69.jpg,69.xml,69.xml,69.jpg,69.jpg,validation,69.jpg,primary,consistent,primary_confirmed,,unique,validation,True,none,not_required,,,data/metadata/wtbd/second_annotator_comparison.csv,568c00e99f5ca8d205c5b48b3c058ca8f3b93d2e4de9986ec7d01af75b33babb,wtbd-curation-v1
70,70.jpg,70.xml,70.xml,70.jpg,70.jpg,validation,70.jpg,primary,consistent,primary_confirmed,scene-008,near_duplicate_same_scene,validation,True,none,not_required,,,data/metadata/wtbd/second_annotator_comparison.csv,568c00e99f5ca8d205c5b48b3c058ca8f3b93d2e4de9986ec7d01af75b33babb,wtbd-curation-v1
71,71.jpg,71.xml,71.xml,71.jpg,71.jpg,test,71.jpg,primary,consistent,primary_confirmed,,near_duplicate_review,test,True,none,not_required,,,data/metadata/wtbd/second_annotator_comparison.csv,568c00e99f5ca8d205c5b48b3c058ca8f3b93d2e4de9986ec7d01af75b33babb,wtbd-curation-v1
72,72.jpg,72.xml,72.xml,72.jpg,72.jpg,validation,72.jpg,primary,consistent,primary_confirmed,,unique,validation,True,none,not_required,,,data/metadata/wtbd/second_annotator_comparison.csv,568c00e99f5ca8d205c5b48b3c058ca8f3b93d2e4de9986ec7d01af75b33babb,wtbd-curation-v1
73,73.jpg,73.xml,73.xml,73.jpg,73.jpg,test,73.jpg,primary,consistent,primary_confirmed,,unique,test,True,none,not_required,,,data/metadata/wtbd/second_annotator_comparison.csv,568c00e99f5ca8d205c5b48b3c058ca8f3b93d2e4de9986ec7d01af75b33babb,wtbd-curation-v1
74,74.jpg,74.xml,74.xml,74.jpg,74.jpg,train,74.jpg,primary,consistent,primary_confirmed,,unique,train,True,none,not_required,,,data/metadata/wtbd/second_annotator_comparison.csv,568c00e99f5ca8d205c5b48b3c058ca8f3b93d2e4de9986ec7d01af75b33babb,wtbd-curation-v1
75,75.jpg,75.xml,75.xml,75.jpg,75.jpg,train,75.jpg,primary,consistent,primary_confirmed,,unique,train,True,none,not_required,,,data/metadata/wtbd/second_annotator_comparison.csv,568c00e99f5ca8d205c5b48b3c058ca8f3b93d2e4de9986ec7d01af75b33babb,wtbd-curation-v1
76,76.jpg,76.xml,76.xml,76.jpg,76.jpg,train,76.jpg,primary,consistent,primary_confirmed,scene-009,near_duplicate_same_scene,train,True,none,not_required,,,data/metadata/wtbd/second_annotator_comparison.csv,568c00e99f5ca8d205c5b48b3c058ca8f3b93d2e4de9986ec7d01af75b33babb,wtbd-curation-v1
77,77.jpg,77.xml,77.xml,77.jpg,77.jpg,validation,77.jpg,primary,consistent,primary_confirmed,,unique,validation,True,none,not_required,,,data/metadata/wtbd/second_annotator_comparison.csv,568c00e99f5ca8d205c5b48b3c058ca8f3b93d2e4de9986ec7d01af75b33babb,wtbd-curation-v1
78,78.jpg,78.xml,78.xml,78.jpg,78.jpg,train,78.jpg,primary,consistent,primary_confirmed,,near_duplicate_review,train,True,none,not_required,,,data/metadata/wtbd/second_annotator_comparison.csv,568c00e99f5ca8d205c5b48b3c058ca8f3b93d2e4de9986ec7d01af75b33babb,wtbd-curation-v1
79,79.jpg,79.xml,79.xml,79.jpg,79.jpg,train,79.jpg,primary,consistent,primary_confirmed,,unique,train,True,none,not_required,,,data/metadata/wtbd/second_annotator_comparison.csv,568c00e99f5ca8d205c5b48b3c058ca8f3b93d2e4de9986ec7d01af75b33babb,wtbd-curation-v1
80,80.jpg,80.xml,80.xml,80.jpg,80.jpg,validation,80.jpg,primary,consistent,primary_confirmed,scene-005,near_duplicate_same_scene,,False,near_duplicate_same_scene_redundant,not_required,,,data/metadata/wtbd/second_annotator_comparison.csv,568c00e99f5ca8d205c5b48b3c058ca8f3b93d2e4de9986ec7d01af75b33babb,wtbd-curation-v1
81,81.jpg,81.xml,81.xml,81.jpg,81.jpg,test,81.jpg,primary,consistent,primary_confirmed,scene-010,near_duplicate_same_scene,test,True,none,not_required,,,data/metadata/wtbd/second_annotator_comparison.csv,568c00e99f5ca8d205c5b48b3c058ca8f3b93d2e4de9986ec7d01af75b33babb,wtbd-curation-v1
82,82.jpg,82.xml,82.xml,82.jpg,82.jpg,train,82.jpg,primary,consistent,primary_confirmed,,unique,train,True,none,not_required,,,data/metadata/wtbd/second_annotator_comparison.csv,568c00e99f5ca8d205c5b48b3c058ca8f3b93d2e4de9986ec7d01af75b33babb,wtbd-curation-v1
83,83.jpg,83.xml,83.xml,83.jpg,83.jpg,train,83.jpg,primary,consistent,primary_confirmed,,near_duplicate_review,train,True,none,not_required,,,data/metadata/wtbd/second_annotator_comparison.csv,568c00e99f5ca8d205c5b48b3c058ca8f3b93d2e4de9986ec7d01af75b33babb,wtbd-curation-v1
84,84.jpg,84.xml,84.xml,84.jpg,84.jpg,train,84.jpg,primary,consistent,primary_confirmed,,unique,train,True,none,not_required,,,data/metadata/wtbd/second_annotator_comparison.csv,568c00e99f5ca8d205c5b48b3c058ca8f3b93d2e4de9986ec7d01af75b33babb,wtbd-curation-v1
85,85.jpg,85.xml,85.xml,85.jpg,85.jpg,train,85.jpg,primary,consistent,primary_confirmed,,near_duplicate_review,train,True,none,not_required,,,data/metadata/wtbd/second_annotator_comparison.csv,568c00e99f5ca8d205c5b48b3c058ca8f3b93d2e4de9986ec7d01af75b33babb,wtbd-curation-v1
86,86.jpg,86.xml,86.xml,86.jpg,86.jpg,train,86.jpg,primary,consistent,primary_confirmed,,unique,train,True,none,not_required,,,data/metadata/wtbd/second_annotator_comparison.csv,568c00e99f5ca8d205c5b48b3c058ca8f3b93d2e4de9986ec7d01af75b33babb,wtbd-curation-v1
87,87.jpg,87.xml,87.xml,87.jpg,87.jpg,validation,87.jpg,primary,consistent,primary_confirmed,,unique,validation,True,none,not_required,,,data/metadata/wtbd/second_annotator_comparison.csv,568c00e99f5ca8d205c5b48b3c058ca8f3b93d2e4de9986ec7d01af75b33babb,wtbd-curation-v1
88,88.jpg,88.xml,88.xml,88.jpg,88.jpg,test,88.jpg,primary,consistent,primary_confirmed,scene-011,near_duplicate_same_scene,test,True,none,not_required,,,data/metadata/wtbd/second_annotator_comparison.csv,568c00e99f5ca8d205c5b48b3c058ca8f3b93d2e4de9986ec7d01af75b33babb,wtbd-curation-v1
89,89.jpg,89.xml,89.xml,89.jpg,89.jpg,train,89.jpg,primary,consistent,primary_confirmed,,unique,train,True,none,not_required,,,data/metadata/wtbd/second_annotator_comparison.csv,568c00e99f5ca8d205c5b48b3c058ca8f3b93d2e4de9986ec7d01af75b33babb,wtbd-curation-v1
90,90.jpg,90.xml,90.xml,90.jpg,90.jpg,train,90.jpg,primary,consistent,primary_confirmed,,unique,train,True,none,not_required,,,data/metadata/wtbd/second_annotator_comparison.csv,568c00e99f5ca8d205c5b48b3c058ca8f3b93d2e4de9986ec7d01af75b33babb,wtbd-curation-v1
91,91.jpg,91.xml,91.xml,91.jpg,91.jpg,train,91.jpg,primary,consistent,primary_confirmed,,unique,train,True,none,not_required,,,data/metadata/wtbd/second_annotator_comparison.csv,568c00e99f5ca8d205c5b48b3c058ca8f3b93d2e4de9986ec7d01af75b33babb,wtbd-curation-v1
92,92.jpg,92.xml,92.xml,92.jpg,92.jpg,train,92.jpg,primary,consistent,primary_confirmed,scene-012,near_duplicate_same_scene,train,True,none,not_required,,,data/metadata/wtbd/second_annotator_comparison.csv,568c00e99f5ca8d205c5b48b3c058ca8f3b93d2e4de9986ec7d01af75b33babb,wtbd-curation-v1
93,93.jpg,93.xml,93.xml,93.jpg,93.jpg,test,93.jpg,primary,consistent,primary_confirmed,scene-013,near_duplicate_same_scene,test,True,none,not_required,,,data/metadata/wtbd/second_annotator_comparison.csv,568c00e99f5ca8d205c5b48b3c058ca8f3b93d2e4de9986ec7d01af75b33babb,wtbd-curation-v1
94,94.jpg,94.xml,94.xml,94.jpg,94.jpg,train,94.jpg,primary,consistent,primary_confirmed,,near_duplicate_review,train,True,none,not_required,,,data/metadata/wtbd/second_annotator_comparison.csv,568c00e99f5ca8d205c5b48b3c058ca8f3b93d2e4de9986ec7d01af75b33babb,wtbd-curation-v1
95,95.jpg,95.xml,95.xml,95.jpg,95.jpg,train,95.jpg,primary,consistent,primary_confirmed,,unique,train,True,none,not_required,,,data/metadata/wtbd/second_annotator_comparison.csv,568c00e99f5ca8d205c5b48b3c058ca8f3b93d2e4de9986ec7d01af75b33babb,wtbd-curation-v1
96,96.jpg,96.xml,96.xml,96.jpg,96.jpg,validation,96.jpg,primary,consistent,primary_confirmed,scene-014,near_duplicate_same_scene,validation,True,none,not_required,,,data/metadata/wtbd/second_annotator_comparison.csv,568c00e99f5ca8d205c5b48b3c058ca8f3b93d2e4de9986ec7d01af75b33babb,wtbd-curation-v1
97,97.jpg,97.xml,97.xml,97.jpg,97.jpg,train,97.jpg,primary,consistent,primary_confirmed,,unique,train,True,none,not_required,,,data/metadata/wtbd/second_annotator_comparison.csv,568c00e99f5ca8d205c5b48b3c058ca8f3b93d2e4de9986ec7d01af75b33babb,wtbd-curation-v1
98,98.jpg,98.xml,98.xml,98.jpg,98.jpg,train,98.jpg,primary,consistent,primary_confirmed,scene-001,near_duplicate_same_scene,,False,near_duplicate_same_scene_redundant,not_required,,,data/metadata/wtbd/second_annotator_comparison.csv,568c00e99f5ca8d205c5b48b3c058ca8f3b93d2e4de9986ec7d01af75b33babb,wtbd-curation-v1
99,99.jpg,99.xml,99.xml,99.jpg,99.jpg,validation,99.jpg,primary,consistent,primary_confirmed,,unique,validation,True,none,not_required,,,data/metadata/wtbd/second_annotator_comparison.csv,568c00e99f5ca8d205c5b48b3c058ca8f3b93d2e4de9986ec7d01af75b33babb,wtbd-curation-v1
100,100.jpg,100.xml,100.xml,100.jpg,100.jpg,validation,100.jpg,primary,consistent,primary_confirmed,scene-015,near_duplicate_same_scene,validation,True,none,not_required,,,data/metadata/wtbd/second_annotator_comparison.csv,568c00e99f5ca8d205c5b48b3c058ca8f3b93d2e4de9986ec7d01af75b33babb,wtbd-curation-v1
101,101.jpg,101.xml,101.xml,101.jpg,101.jpg,train,101.jpg,primary,consistent,primary_confirmed,,near_duplicate_review,train,True,none,not_required,,,data/metadata/wtbd/second_annotator_comparison.csv,568c00e99f5ca8d205c5b48b3c058ca8f3b93d2e4de9986ec7d01af75b33babb,wtbd-curation-v1
102,102.jpg,102.xml,102.xml,102.jpg,102.jpg,train,102.jpg,primary,consistent,primary_confirmed,scene-016,near_duplicate_same_scene,train,True,none,not_required,,,data/metadata/wtbd/second_annotator_comparison.csv,568c00e99f5ca8d205c5b48b3c058ca8f3b93d2e4de9986ec7d01af75b33babb,wtbd-curation-v1
103,103.jpg,103.xml,103.xml,103.jpg,103.jpg,test,103.jpg,primary,consistent,primary_confirmed,,unique,test,True,none,not_required,,,data/metadata/wtbd/second_annotator_comparison.csv,568c00e99f5ca8d205c5b48b3c058ca8f3b93d2e4de9986ec7d01af75b33babb,wtbd-curation-v1
104,104.jpg,104.xml,104.xml,104.jpg,104.jpg,train,104.jpg,primary,consistent,primary_confirmed,scene-017,near_duplicate_same_scene,train,True,none,not_required,,,data/metadata/wtbd/second_annotator_comparison.csv,568c00e99f5ca8d205c5b48b3c058ca8f3b93d2e4de9986ec7d01af75b33babb,wtbd-curation-v1
105,105.jpg,105.xml,105.xml,105.jpg,105.jpg,train,105.jpg,primary,consistent,primary_confirmed,scene-006,near_duplicate_same_scene,,False,near_duplicate_same_scene_redundant,not_required,,,data/metadata/wtbd/second_annotator_comparison.csv,568c00e99f5ca8d205c5b48b3c058ca8f3b93d2e4de9986ec7d01af75b33babb,wtbd-curation-v1
106,106.jpg,106.xml,106.xml,106.jpg,106.jpg,train,106.jpg,primary,consistent,primary_confirmed,,near_duplicate_review,train,True,none,not_required,,,data/metadata/wtbd/second_annotator_comparison.csv,568c00e99f5ca8d205c5b48b3c058ca8f3b93d2e4de9986ec7d01af75b33babb,wtbd-curation-v1
107,107.jpg,107.xml,107.xml,107.jpg,107.jpg,train,107.jpg,primary,consistent,primary_confirmed,,unique,train,True,none,not_required,,,data/metadata/wtbd/second_annotator_comparison.csv,568c00e99f5ca8d205c5b48b3c058ca8f3b93d2e4de9986ec7d01af75b33babb,wtbd-curation-v1
108,108.jpg,108.xml,108.xml,108.jpg,108.jpg,validation,108.jpg,primary,consistent,primary_confirmed,,unique,validation,True,none,not_required,,,data/metadata/wtbd/second_annotator_comparison.csv,568c00e99f5ca8d205c5b48b3c058ca8f3b93d2e4de9986ec7d01af75b33babb,wtbd-curation-v1
109,109.jpg,109.xml,109.xml,109.jpg,109.jpg,train,109.jpg,primary,consistent,primary_confirmed,scene-018,near_duplicate_same_scene,train,True,none,not_required,,,data/metadata/wtbd/second_annotator_comparison.csv,568c00e99f5ca8d205c5b48b3c058ca8f3b93d2e4de9986ec7d01af75b33babb,wtbd-curation-v1
110,110.jpg,110.xml,110.xml,110.jpg,110.jpg,train,110.jpg,primary,consistent,primary_confirmed,,near_duplicate_review,train,True,none,not_required,,,data/metadata/wtbd/second_annotator_comparison.csv,568c00e99f5ca8d205c5b48b3c058ca8f3b93d2e4de9986ec7d01af75b33babb,wtbd-curation-v1
111,111.jpg,111.xml,111.xml,111.jpg,111.jpg,validation,111.jpg,primary,consistent,primary_confirmed,scene-019,near_duplicate_same_scene,validation,True,none,not_required,,,data/metadata/wtbd/second_annotator_comparison.csv,568c00e99f5ca8d205c5b48b3c058ca8f3b93d2e4de9986ec7d01af75b33babb,wtbd-curation-v1
112,112.jpg,112.xml,112.xml,112.jpg,112.jpg,test,112.jpg,primary,consistent,primary_confirmed,,unique,test,True,none,not_required,,,data/metadata/wtbd/second_annotator_comparison.csv,568c00e99f5ca8d205c5b48b3c058ca8f3b93d2e4de9986ec7d01af75b33babb,wtbd-curation-v1
113,113.jpg,113.xml,113.xml,113.jpg,113.jpg,train,113.jpg,primary,consistent,primary_confirmed,,near_duplicate_review,train,True,none,not_required,,,data/metadata/wtbd/second_annotator_comparison.csv,568c00e99f5ca8d205c5b48b3c058ca8f3b93d2e4de9986ec7d01af75b33babb,wtbd-curation-v1
114,114.jpg,114.xml,114.xml,114.jpg,114.jpg,validation,114.jpg,primary,consistent,primary_confirmed,,unique,validation,True,none,not_required,,,data/metadata/wtbd/second_annotator_comparison.csv,568c00e99f5ca8d205c5b48b3c058ca8f3b93d2e4de9986ec7d01af75b33babb,wtbd-curation-v1
115,115.jpg,115.xml,115.xml,115.jpg,115.jpg,train,115.jpg,primary,consistent,primary_confirmed,,unique,train,True,none,not_required,,,data/metadata/wtbd/second_annotator_comparison.csv,568c00e99f5ca8d205c5b48b3c058ca8f3b93d2e4de9986ec7d01af75b33babb,wtbd-curation-v1
116,116.jpg,116.xml,116.xml,116.jpg,116.jpg,train,116.jpg,primary,consistent,primary_confirmed,,near_duplicate_review,train,True,none,not_required,,,data/metadata/wtbd/second_annotator_comparison.csv,568c00e99f5ca8d205c5b48b3c058ca8f3b93d2e4de9986ec7d01af75b33babb,wtbd-curation-v1
117,117.jpg,117.xml,117.xml,117.jpg,117.jpg,validation,117.jpg,primary,consistent,primary_confirmed,,unique,validation,True,none,not_required,,,data/metadata/wtbd/second_annotator_comparison.csv,568c00e99f5ca8d205c5b48b3c058ca8f3b93d2e4de9986ec7d01af75b33babb,wtbd-curation-v1
118,118.jpg,118.xml,118.xml,118.jpg,118.jpg,train,118.jpg,primary,consistent,primary_confirmed,,unique,train,True,none,not_required,,,data/metadata/wtbd/second_annotator_comparison.csv,568c00e99f5ca8d205c5b48b3c058ca8f3b93d2e4de9986ec7d01af75b33babb,wtbd-curation-v1
119,119.jpg,119.xml,119.xml,119.jpg,119.jpg,train,119.jpg,primary,consistent,primary_confirmed,,near_duplicate_review,train,True,none,not_required,,,data/metadata/wtbd/second_annotator_comparison.csv,568c00e99f5ca8d205c5b48b3c058ca8f3b93d2e4de9986ec7d01af75b33babb,wtbd-curation-v1
120,120.jpg,120.xml,120.xml,120.jpg,120.jpg,train,120.jpg,primary,consistent,primary_confirmed,,unique,train,True,none,not_required,,,data/metadata/wtbd/second_annotator_comparison.csv,568c00e99f5ca8d205c5b48b3c058ca8f3b93d2e4de9986ec7d01af75b33babb,wtbd-curation-v1
121,121.jpg,121.xml,121.xml,121.jpg,121.jpg,train,121.jpg,primary,consistent,primary_confirmed,,unique,train,True,none,not_required,,,data/metadata/wtbd/second_annotator_comparison.csv,568c00e99f5ca8d205c5b48b3c058ca8f3b93d2e4de9986ec7d01af75b33babb,wtbd-curation-v1
122,122.jpg,122.xml,122.xml,122.jpg,122.jpg,train,122.jpg,primary,consistent,primary_confirmed,,unique,train,True,none,not_required,,,data/metadata/wtbd/second_annotator_comparison.csv,568c00e99f5ca8d205c5b48b3c058ca8f3b93d2e4de9986ec7d01af75b33babb,wtbd-curation-v1
123,123.jpg,123.xml,123.xml,123.jpg,123.jpg,validation,123.jpg,primary,consistent,primary_confirmed,,near_duplicate_review,validation,True,none,not_required,,,data/metadata/wtbd/second_annotator_comparison.csv,568c00e99f5ca8d205c5b48b3c058ca8f3b93d2e4de9986ec7d01af75b33babb,wtbd-curation-v1
124,124.jpg,124.xml,124.xml,124.jpg,124.jpg,train,124.jpg,primary,consistent,primary_confirmed,,unique,train,True,none,not_required,,,data/metadata/wtbd/second_annotator_comparison.csv,568c00e99f5ca8d205c5b48b3c058ca8f3b93d2e4de9986ec7d01af75b33babb,wtbd-curation-v1
125,125.jpg,125.xml,125.xml,125.jpg,125.jpg,train,125.jpg,primary,consistent,primary_confirmed,,unique,train,True,none,not_required,,,data/metadata/wtbd/second_annotator_comparison.csv,568c00e99f5ca8d205c5b48b3c058ca8f3b93d2e4de9986ec7d01af75b33babb,wtbd-curation-v1
126,126.jpg,126.xml,126.xml,126.jpg,126.jpg,train,126.jpg,primary,consistent,primary_confirmed,,near_duplicate_review,train,True,none,not_required,,,data/metadata/wtbd/second_annotator_comparison.csv,568c00e99f5ca8d205c5b48b3c058ca8f3b93d2e4de9986ec7d01af75b33babb,wtbd-curation-v1
127,127.jpg,127.xml,127.xml,127.jpg,127.jpg,train,127.jpg,primary,consistent,primary_confirmed,scene-020,near_duplicate_same_scene,train,True,none,not_required,,,data/metadata/wtbd/second_annotator_comparison.csv,568c00e99f5ca8d205c5b48b3c058ca8f3b93d2e4de9986ec7d01af75b33babb,wtbd-curation-v1
128,128.jpg,128.xml,128.xml,128.jpg,128.jpg,validation,128.jpg,primary,consistent,primary_confirmed,,unique,validation,True,none,not_required,,,data/metadata/wtbd/second_annotator_comparison.csv,568c00e99f5ca8d205c5b48b3c058ca8f3b93d2e4de9986ec7d01af75b33babb,wtbd-curation-v1
129,129.jpg,129.xml,129.xml,129.jpg,129.jpg,train,129.jpg,primary,consistent,primary_confirmed,,unique,train,True,none,not_required,,,data/metadata/wtbd/second_annotator_comparison.csv,568c00e99f5ca8d205c5b48b3c058ca8f3b93d2e4de9986ec7d01af75b33babb,wtbd-curation-v1
130,130.jpg,130.xml,130.xml,130.jpg,130.jpg,train,130.jpg,primary,consistent,primary_confirmed,,near_duplicate_review,train,True,none,not_required,,,data/metadata/wtbd/second_annotator_comparison.csv,568c00e99f5ca8d205c5b48b3c058ca8f3b93d2e4de9986ec7d01af75b33babb,wtbd-curation-v1
131,131.jpg,131.xml,131.xml,131.jpg,131.jpg,validation,131.jpg,primary,consistent,primary_confirmed,,unique,validation,True,none,not_required,,,data/metadata/wtbd/second_annotator_comparison.csv,568c00e99f5ca8d205c5b48b3c058ca8f3b93d2e4de9986ec7d01af75b33babb,wtbd-curation-v1
132,132.jpg,132.xml,132.xml,132.jpg,132.jpg,train,132.jpg,primary,consistent,primary_confirmed,,unique,train,True,none,not_required,,,data/metadata/wtbd/second_annotator_comparison.csv,568c00e99f5ca8d205c5b48b3c058ca8f3b93d2e4de9986ec7d01af75b33babb,wtbd-curation-v1
133,133.jpg,133.xml,133.xml,133.jpg,133.jpg,train,133.jpg,primary,consistent,primary_confirmed,,unique,train,True,none,not_required,,,data/metadata/wtbd/second_annotator_comparison.csv,568c00e99f5ca8d205c5b48b3c058ca8f3b93d2e4de9986ec7d01af75b33babb,wtbd-curation-v1
134,134.jpg,134.xml,134.xml,134.jpg,134.jpg,train,134.jpg,primary,consistent,primary_confirmed,,unique,train,True,none,not_required,,,data/metadata/wtbd/second_annotator_comparison.csv,568c00e99f5ca8d205c5b48b3c058ca8f3b93d2e4de9986ec7d01af75b33babb,wtbd-curation-v1
135,135.jpg,135.xml,135.xml,135.jpg,135.jpg,validation,135.jpg,primary,consistent,primary_confirmed,scene-010,near_duplicate_same_scene,,False,near_duplicate_same_scene_redundant,not_required,,,data/metadata/wtbd/second_annotator_comparison.csv,568c00e99f5ca8d205c5b48b3c058ca8f3b93d2e4de9986ec7d01af75b33babb,wtbd-curation-v1
136,136.jpg,136.xml,136.xml,136.jpg,136.jpg,train,136.jpg,primary,consistent,primary_confirmed,,unique,train,True,none,not_required,,,data/metadata/wtbd/second_annotator_comparison.csv,568c00e99f5ca8d205c5b48b3c058ca8f3b93d2e4de9986ec7d01af75b33babb,wtbd-curation-v1
137,137.jpg,137.xml,137.xml,137.jpg,137.jpg,train,137.jpg,primary,consistent,primary_confirmed,scene-011,near_duplicate_same_scene,,False,near_duplicate_same_scene_redundant,not_required,,,data/metadata/wtbd/second_annotator_comparison.csv,568c00e99f5ca8d205c5b48b3c058ca8f3b93d2e4de9986ec7d01af75b33babb,wtbd-curation-v1
138,138.jpg,138.xml,138.xml,138.jpg,138.jpg,train,138.jpg,primary,consistent,primary_confirmed,,unique,train,True,none,not_required,,,data/metadata/wtbd/second_annotator_comparison.csv,568c00e99f5ca8d205c5b48b3c058ca8f3b93d2e4de9986ec7d01af75b33babb,wtbd-curation-v1
139,139.jpg,139.xml,139.xml,139.jpg,139.jpg,train,139.jpg,primary,consistent,primary_confirmed,scene-005,near_duplicate_same_scene,,False,near_duplicate_same_scene_redundant,not_required,,,data/metadata/wtbd/second_annotator_comparison.csv,568c00e99f5ca8d205c5b48b3c058ca8f3b93d2e4de9986ec7d01af75b33babb,wtbd-curation-v1
140,140.jpg,140.xml,140.xml,140.jpg,140.jpg,train,140.jpg,primary,consistent,primary_confirmed,,unique,train,True,none,not_required,,,data/metadata/wtbd/second_annotator_comparison.csv,568c00e99f5ca8d205c5b48b3c058ca8f3b93d2e4de9986ec7d01af75b33babb,wtbd-curation-v1
141,141.jpg,141.xml,141.xml,141.jpg,141.jpg,test,141.jpg,primary,consistent,primary_confirmed,scene-013,near_duplicate_same_scene,,False,near_duplicate_same_scene_redundant,not_required,,,data/metadata/wtbd/second_annotator_comparison.csv,568c00e99f5ca8d205c5b48b3c058ca8f3b93d2e4de9986ec7d01af75b33babb,wtbd-curation-v1
142,142.jpg,142.xml,142.xml,142.jpg,142.jpg,test,142.jpg,primary,consistent,primary_confirmed,,unique,test,True,none,not_required,,,data/metadata/wtbd/second_annotator_comparison.csv,568c00e99f5ca8d205c5b48b3c058ca8f3b93d2e4de9986ec7d01af75b33babb,wtbd-curation-v1
143,143.jpg,143.xml,143.xml,143.jpg,143.jpg,validation,143.jpg,primary,consistent,primary_confirmed,scene-021,near_duplicate_same_scene,validation,True,none,not_required,,,data/metadata/wtbd/second_annotator_comparison.csv,568c00e99f5ca8d205c5b48b3c058ca8f3b93d2e4de9986ec7d01af75b33babb,wtbd-curation-v1
144,144.jpg,144.xml,144.xml,144.jpg,144.jpg,train,144.jpg,primary,consistent,primary_confirmed,,near_duplicate_review,train,True,none,not_required,,,data/metadata/wtbd/second_annotator_comparison.csv,568c00e99f5ca8d205c5b48b3c058ca8f3b93d2e4de9986ec7d01af75b33babb,wtbd-curation-v1
145,145.jpg,145.xml,145.xml,145.jpg,145.jpg,train,145.jpg,primary,consistent,primary_confirmed,,near_duplicate_review,train,True,none,not_required,,,data/metadata/wtbd/second_annotator_comparison.csv,568c00e99f5ca8d205c5b48b3c058ca8f3b93d2e4de9986ec7d01af75b33babb,wtbd-curation-v1
146,146.jpg,146.xml,146.xml,146.jpg,146.jpg,test,146.jpg,primary,consistent,primary_confirmed,,unique,test,True,none,not_required,,,data/metadata/wtbd/second_annotator_comparison.csv,568c00e99f5ca8d205c5b48b3c058ca8f3b93d2e4de9986ec7d01af75b33babb,wtbd-curation-v1
147,147.jpg,147.xml,147.xml,147.jpg,147.jpg,train,147.jpg,primary,consistent,primary_confirmed,,unique,train,True,none,not_required,,,data/metadata/wtbd/second_annotator_comparison.csv,568c00e99f5ca8d205c5b48b3c058ca8f3b93d2e4de9986ec7d01af75b33babb,wtbd-curation-v1
148,148.jpg,148.xml,148.xml,148.jpg,148.jpg,train,148.jpg,primary,consistent,primary_confirmed,,unique,train,True,none,not_required,,,data/metadata/wtbd/second_annotator_comparison.csv,568c00e99f5ca8d205c5b48b3c058ca8f3b93d2e4de9986ec7d01af75b33babb,wtbd-curation-v1
149,149.jpg,149.xml,149.xml,149.jpg,149.jpg,train,149.jpg,primary,consistent,primary_confirmed,,near_duplicate_review,train,True,none,not_required,,,data/metadata/wtbd/second_annotator_comparison.csv,568c00e99f5ca8d205c5b48b3c058ca8f3b93d2e4de9986ec7d01af75b33babb,wtbd-curation-v1
150,150.jpg,150.xml,150.xml,150.jpg,150.jpg,train,150.jpg,primary,consistent,primary_confirmed,scene-014,near_duplicate_same_scene,,False,near_duplicate_same_scene_redundant,not_required,,,data/metadata/wtbd/second_annotator_comparison.csv,568c00e99f5ca8d205c5b48b3c058ca8f3b93d2e4de9986ec7d01af75b33babb,wtbd-curation-v1
151,151.jpg,151.xml,151.xml,151.jpg,151.jpg,train,151.jpg,primary,consistent,primary_confirmed,,near_duplicate_review,train,True,none,not_required,,,data/metadata/wtbd/second_annotator_comparison.csv,568c00e99f5ca8d205c5b48b3c058ca8f3b93d2e4de9986ec7d01af75b33babb,wtbd-curation-v1
152,152.jpg,152.xml,152.xml,152.jpg,152.jpg,train,152.jpg,primary,consistent,primary_confirmed,,near_duplicate_review,train,True,none,not_required,,,data/metadata/wtbd/second_annotator_comparison.csv,568c00e99f5ca8d205c5b48b3c058ca8f3b93d2e4de9986ec7d01af75b33babb,wtbd-curation-v1
153,153.jpg,153.xml,153.xml,153.jpg,153.jpg,train,153.jpg,primary,consistent,primary_confirmed,,unique,train,True,none,not_required,,,data/metadata/wtbd/second_annotator_comparison.csv,568c00e99f5ca8d205c5b48b3c058ca8f3b93d2e4de9986ec7d01af75b33babb,wtbd-curation-v1
154,154.jpg,154.xml,154.xml,154.jpg,154.jpg,train,154.jpg,primary,consistent,primary_confirmed,,unique,train,True,none,not_required,,,data/metadata/wtbd/second_annotator_comparison.csv,568c00e99f5ca8d205c5b48b3c058ca8f3b93d2e4de9986ec7d01af75b33babb,wtbd-curation-v1
155,155.jpg,155.xml,155.xml,155.jpg,155.jpg,train,155.jpg,primary,consistent,primary_confirmed,,unique,train,True,none,not_required,,,data/metadata/wtbd/second_annotator_comparison.csv,568c00e99f5ca8d205c5b48b3c058ca8f3b93d2e4de9986ec7d01af75b33babb,wtbd-curation-v1
156,156.jpg,156.xml,156.xml,156.jpg,156.jpg,test,156.jpg,primary,consistent,primary_confirmed,,unique,test,True,none,not_required,,,data/metadata/wtbd/second_annotator_comparison.csv,568c00e99f5ca8d205c5b48b3c058ca8f3b93d2e4de9986ec7d01af75b33babb,wtbd-curation-v1
157,157.jpg,157.xml,157.xml,157.jpg,157.jpg,train,157.jpg,primary,consistent,primary_confirmed,,near_duplicate_review,train,True,none,not_required,,,data/metadata/wtbd/second_annotator_comparison.csv,568c00e99f5ca8d205c5b48b3c058ca8f3b93d2e4de9986ec7d01af75b33babb,wtbd-curation-v1
158,158.jpg,158.xml,158.xml,158.jpg,158.jpg,train,158.jpg,primary,consistent,primary_confirmed,,unique,train,True,none,not_required,,,data/metadata/wtbd/second_annotator_comparison.csv,568c00e99f5ca8d205c5b48b3c058ca8f3b93d2e4de9986ec7d01af75b33babb,wtbd-curation-v1
159,159.jpg,159.xml,159.xml,159.jpg,159.jpg,train,159.jpg,primary,consistent,primary_confirmed,,unique,train,True,none,not_required,,,data/metadata/wtbd/second_annotator_comparison.csv,568c00e99f5ca8d205c5b48b3c058ca8f3b93d2e4de9986ec7d01af75b33babb,wtbd-curation-v1
160,160.jpg,160.xml,160.xml,160.jpg,160.jpg,train,160.jpg,primary,consistent,primary_confirmed,scene-022,near_duplicate_same_scene,train,True,none,not_required,,,data/metadata/wtbd/second_annotator_comparison.csv,568c00e99f5ca8d205c5b48b3c058ca8f3b93d2e4de9986ec7d01af75b33babb,wtbd-curation-v1
161,161.jpg,161.xml,161.xml,161.jpg,161.jpg,test,161.jpg,primary,consistent,primary_confirmed,,unique,test,True,none,not_required,,,data/metadata/wtbd/second_annotator_comparison.csv,568c00e99f5ca8d205c5b48b3c058ca8f3b93d2e4de9986ec7d01af75b33babb,wtbd-curation-v1
162,162.jpg,162.xml,162.xml,162.jpg,162.jpg,train,162.jpg,primary,consistent,primary_confirmed,,unique,train,True,none,not_required,,,data/metadata/wtbd/second_annotator_comparison.csv,568c00e99f5ca8d205c5b48b3c058ca8f3b93d2e4de9986ec7d01af75b33babb,wtbd-curation-v1
163,163.jpg,163.xml,163.xml,163.jpg,163.jpg,test,163.jpg,primary,consistent,primary_confirmed,,unique,test,True,none,not_required,,,data/metadata/wtbd/second_annotator_comparison.csv,568c00e99f5ca8d205c5b48b3c058ca8f3b93d2e4de9986ec7d01af75b33babb,wtbd-curation-v1
164,164.jpg,164.xml,164.xml,164.jpg,164.jpg,train,164.jpg,primary,consistent,primary_confirmed,scene-023,near_duplicate_same_scene,train,True,none,not_required,,,data/metadata/wtbd/second_annotator_comparison.csv,568c00e99f5ca8d205c5b48b3c058ca8f3b93d2e4de9986ec7d01af75b33babb,wtbd-curation-v1
165,165.jpg,165.xml,165.xml,165.jpg,165.jpg,validation,165.jpg,primary,consistent,primary_confirmed,,unique,validation,True,none,not_required,,,data/metadata/wtbd/second_annotator_comparison.csv,568c00e99f5ca8d205c5b48b3c058ca8f3b93d2e4de9986ec7d01af75b33babb,wtbd-curation-v1
166,166.jpg,166.xml,166.xml,166.jpg,166.jpg,test,166.jpg,primary,consistent,primary_confirmed,,unique,test,True,none,not_required,,,data/metadata/wtbd/second_annotator_comparison.csv,568c00e99f5ca8d205c5b48b3c058ca8f3b93d2e4de9986ec7d01af75b33babb,wtbd-curation-v1
167,167.jpg,167.xml,167.xml,167.jpg,167.jpg,test,167.jpg,primary,consistent,primary_confirmed,,unique,test,True,none,not_required,,,data/metadata/wtbd/second_annotator_comparison.csv,568c00e99f5ca8d205c5b48b3c058ca8f3b93d2e4de9986ec7d01af75b33babb,wtbd-curation-v1
168,168.jpg,168.xml,168.xml,168.jpg,168.jpg,train,168.jpg,primary,consistent,primary_confirmed,,near_duplicate_review,train,True,none,not_required,,,data/metadata/wtbd/second_annotator_comparison.csv,568c00e99f5ca8d205c5b48b3c058ca8f3b93d2e4de9986ec7d01af75b33babb,wtbd-curation-v1
169,169.jpg,169.xml,169.xml,169.jpg,169.jpg,validation,169.jpg,primary,consistent,primary_confirmed,,unique,validation,True,none,not_required,,,data/metadata/wtbd/second_annotator_comparison.csv,568c00e99f5ca8d205c5b48b3c058ca8f3b93d2e4de9986ec7d01af75b33babb,wtbd-curation-v1
170,170.jpg,170.xml,170.xml,170.jpg,170.jpg,train,170.jpg,primary,consistent,primary_confirmed,,near_duplicate_review,train,True,none,not_required,,,data/metadata/wtbd/second_annotator_comparison.csv,568c00e99f5ca8d205c5b48b3c058ca8f3b93d2e4de9986ec7d01af75b33babb,wtbd-curation-v1
171,171.jpg,171.xml,171.xml,171.jpg,171.jpg,train,171.jpg,primary,consistent,primary_confirmed,,near_duplicate_review,train,True,none,not_required,,,data/metadata/wtbd/second_annotator_comparison.csv,568c00e99f5ca8d205c5b48b3c058ca8f3b93d2e4de9986ec7d01af75b33babb,wtbd-curation-v1
172,172.jpg,172.xml,172.xml,172.jpg,172.jpg,train,172.jpg,primary,consistent,primary_confirmed,scene-024,near_duplicate_same_scene,train,True,none,not_required,,,data/metadata/wtbd/second_annotator_comparison.csv,568c00e99f5ca8d205c5b48b3c058ca8f3b93d2e4de9986ec7d01af75b33babb,wtbd-curation-v1
173,173.jpg,173.xml,173.xml,173.jpg,173.jpg,train,173.jpg,primary,consistent,primary_confirmed,,unique,train,True,none,not_required,,,data/metadata/wtbd/second_annotator_comparison.csv,568c00e99f5ca8d205c5b48b3c058ca8f3b93d2e4de9986ec7d01af75b33babb,wtbd-curation-v1
174,174.jpg,174.xml,174.xml,174.jpg,174.jpg,train,174.jpg,primary,consistent,primary_confirmed,scene-021,near_duplicate_same_scene,,False,near_duplicate_same_scene_redundant,not_required,,,data/metadata/wtbd/second_annotator_comparison.csv,568c00e99f5ca8d205c5b48b3c058ca8f3b93d2e4de9986ec7d01af75b33babb,wtbd-curation-v1
175,175.jpg,175.xml,175.xml,175.jpg,175.jpg,test,175.jpg,primary,consistent,primary_confirmed,scene-010,near_duplicate_same_scene,,False,near_duplicate_same_scene_redundant,not_required,,,data/metadata/wtbd/second_annotator_comparison.csv,568c00e99f5ca8d205c5b48b3c058ca8f3b93d2e4de9986ec7d01af75b33babb,wtbd-curation-v1
176,176.jpg,176.xml,176.xml,176.jpg,176.jpg,train,176.jpg,primary,consistent,primary_confirmed,,unique,train,True,none,not_required,,,data/metadata/wtbd/second_annotator_comparison.csv,568c00e99f5ca8d205c5b48b3c058ca8f3b93d2e4de9986ec7d01af75b33babb,wtbd-curation-v1
177,177.jpg,177.xml,177.xml,177.jpg,177.jpg,train,177.jpg,primary,consistent,primary_confirmed,,near_duplicate_review,train,True,none,not_required,,,data/metadata/wtbd/second_annotator_comparison.csv,568c00e99f5ca8d205c5b48b3c058ca8f3b93d2e4de9986ec7d01af75b33babb,wtbd-curation-v1
178,178.jpg,178.xml,178.xml,178.jpg,178.jpg,test,178.jpg,primary,consistent,primary_confirmed,,unique,test,True,none,not_required,,,data/metadata/wtbd/second_annotator_comparison.csv,568c00e99f5ca8d205c5b48b3c058ca8f3b93d2e4de9986ec7d01af75b33babb,wtbd-curation-v1
179,179.jpg,179.xml,179.xml,179.jpg,179.jpg,train,179.jpg,primary,consistent,primary_confirmed,scene-007,near_duplicate_same_scene,,False,near_duplicate_same_scene_redundant,not_required,,,data/metadata/wtbd/second_annotator_comparison.csv,568c00e99f5ca8d205c5b48b3c058ca8f3b93d2e4de9986ec7d01af75b33babb,wtbd-curation-v1
180,180.jpg,180.xml,180.xml,180.jpg,180.jpg,train,180.jpg,primary,consistent,primary_confirmed,,near_duplicate_review,train,True,none,not_required,,,data/metadata/wtbd/second_annotator_comparison.csv,568c00e99f5ca8d205c5b48b3c058ca8f3b93d2e4de9986ec7d01af75b33babb,wtbd-curation-v1
181,181.jpg,181.xml,181.xml,181.jpg,181.jpg,train,181.jpg,primary,consistent,primary_confirmed,,unique,train,True,none,not_required,,,data/metadata/wtbd/second_annotator_comparison.csv,568c00e99f5ca8d205c5b48b3c058ca8f3b93d2e4de9986ec7d01af75b33babb,wtbd-curation-v1
182,182.jpg,182.xml,182.xml,182.jpg,182.jpg,validation,182.jpg,primary,consistent,primary_confirmed,,near_duplicate_review,validation,True,none,not_required,,,data/metadata/wtbd/second_annotator_comparison.csv,568c00e99f5ca8d205c5b48b3c058ca8f3b93d2e4de9986ec7d01af75b33babb,wtbd-curation-v1
183,183.jpg,183.xml,183.xml,183.jpg,183.jpg,train,183.jpg,primary,consistent,primary_confirmed,,unique,train,True,none,not_required,,,data/metadata/wtbd/second_annotator_comparison.csv,568c00e99f5ca8d205c5b48b3c058ca8f3b93d2e4de9986ec7d01af75b33babb,wtbd-curation-v1
184,184.jpg,184.xml,184.xml,184.jpg,184.jpg,train,184.jpg,primary,consistent,primary_confirmed,,unique,train,True,none,not_required,,,data/metadata/wtbd/second_annotator_comparison.csv,568c00e99f5ca8d205c5b48b3c058ca8f3b93d2e4de9986ec7d01af75b33babb,wtbd-curation-v1
185,185.jpg,185.xml,185.xml,185.jpg,185.jpg,train,185.jpg,primary,consistent,primary_confirmed,,unique,train,True,none,not_required,,,data/metadata/wtbd/second_annotator_comparison.csv,568c00e99f5ca8d205c5b48b3c058ca8f3b93d2e4de9986ec7d01af75b33babb,wtbd-curation-v1
186,186.jpg,186.xml,186.xml,186.jpg,186.jpg,train,186.jpg,primary,consistent,primary_confirmed,,unique,train,True,none,not_required,,,data/metadata/wtbd/second_annotator_comparison.csv,568c00e99f5ca8d205c5b48b3c058ca8f3b93d2e4de9986ec7d01af75b33babb,wtbd-curation-v1
187,187.jpg,187.xml,187.xml,187.jpg,187.jpg,validation,187.jpg,primary,consistent,primary_confirmed,,near_duplicate_review,validation,True,none,not_required,,,data/metadata/wtbd/second_annotator_comparison.csv,568c00e99f5ca8d205c5b48b3c058ca8f3b93d2e4de9986ec7d01af75b33babb,wtbd-curation-v1
188,188.jpg,188.xml,188.xml,188.jpg,188.jpg,train,188.jpg,primary,consistent,primary_confirmed,scene-025,near_duplicate_same_scene,train,True,none,not_required,,,data/metadata/wtbd/second_annotator_comparison.csv,568c00e99f5ca8d205c5b48b3c058ca8f3b93d2e4de9986ec7d01af75b33babb,wtbd-curation-v1
189,189.jpg,189.xml,189.xml,189.jpg,189.jpg,test,189.jpg,primary,consistent,primary_confirmed,scene-024,near_duplicate_same_scene,,False,near_duplicate_same_scene_redundant,not_required,,,data/metadata/wtbd/second_annotator_comparison.csv,568c00e99f5ca8d205c5b48b3c058ca8f3b93d2e4de9986ec7d01af75b33babb,wtbd-curation-v1
190,190.jpg,190.xml,190.xml,190.jpg,190.jpg,train,190.jpg,primary,consistent,primary_confirmed,,unique,train,True,none,not_required,,,data/metadata/wtbd/second_annotator_comparison.csv,568c00e99f5ca8d205c5b48b3c058ca8f3b93d2e4de9986ec7d01af75b33babb,wtbd-curation-v1
191,191.jpg,191.xml,191.xml,191.jpg,191.jpg,test,191.jpg,primary,consistent,primary_confirmed,scene-015,near_duplicate_same_scene,,False,near_duplicate_same_scene_redundant,not_required,,,data/metadata/wtbd/second_annotator_comparison.csv,568c00e99f5ca8d205c5b48b3c058ca8f3b93d2e4de9986ec7d01af75b33babb,wtbd-curation-v1
192,192.jpg,192.xml,192.xml,192.jpg,192.jpg,train,192.jpg,primary,consistent,primary_confirmed,,unique,train,True,none,not_required,,,data/metadata/wtbd/second_annotator_comparison.csv,568c00e99f5ca8d205c5b48b3c058ca8f3b93d2e4de9986ec7d01af75b33babb,wtbd-curation-v1
193,193.jpg,193.xml,193.xml,193.jpg,193.jpg,train,193.jpg,primary,consistent,primary_confirmed,,unique,train,True,none,not_required,,,data/metadata/wtbd/second_annotator_comparison.csv,568c00e99f5ca8d205c5b48b3c058ca8f3b93d2e4de9986ec7d01af75b33babb,wtbd-curation-v1
194,194.jpg,194.xml,194.xml,194.jpg,194.jpg,validation,194.jpg,primary,consistent,primary_confirmed,,unique,validation,True,none,not_required,,,data/metadata/wtbd/second_annotator_comparison.csv,568c00e99f5ca8d205c5b48b3c058ca8f3b93d2e4de9986ec7d01af75b33babb,wtbd-curation-v1
195,195.jpg,195.xml,195.xml,195.jpg,195.jpg,train,195.jpg,primary,consistent,primary_confirmed,,unique,train,True,none,not_required,,,data/metadata/wtbd/second_annotator_comparison.csv,568c00e99f5ca8d205c5b48b3c058ca8f3b93d2e4de9986ec7d01af75b33babb,wtbd-curation-v1
196,196.jpg,196.xml,196.xml,196.jpg,196.jpg,test,196.jpg,primary,consistent,primary_confirmed,scene-003,near_duplicate_same_scene,,False,near_duplicate_same_scene_redundant,not_required,,,data/metadata/wtbd/second_annotator_comparison.csv,568c00e99f5ca8d205c5b48b3c058ca8f3b93d2e4de9986ec7d01af75b33babb,wtbd-curation-v1
197,197.jpg,197.xml,197.xml,197.jpg,197.jpg,train,197.jpg,primary,consistent,primary_confirmed,scene-013,near_duplicate_same_scene,,False,near_duplicate_same_scene_redundant,not_required,,,data/metadata/wtbd/second_annotator_comparison.csv,568c00e99f5ca8d205c5b48b3c058ca8f3b93d2e4de9986ec7d01af75b33babb,wtbd-curation-v1
198,198.jpg,198.xml,198.xml,198.jpg,198.jpg,test,198.jpg,primary,consistent,primary_confirmed,,unique,test,True,none,not_required,,,data/metadata/wtbd/second_annotator_comparison.csv,568c00e99f5ca8d205c5b48b3c058ca8f3b93d2e4de9986ec7d01af75b33babb,wtbd-curation-v1
199,199.jpg,199.xml,199.xml,199.jpg,199.jpg,train,199.jpg,primary,consistent,primary_confirmed,,near_duplicate_review,train,True,none,not_required,,,data/metadata/wtbd/second_annotator_comparison.csv,568c00e99f5ca8d205c5b48b3c058ca8f3b93d2e4de9986ec7d01af75b33babb,wtbd-curation-v1
200,200.jpg,200.xml,200.xml,200.jpg,200.jpg,train,200.jpg,primary,consistent,primary_confirmed,,unique,train,True,none,not_required,,,data/metadata/wtbd/second_annotator_comparison.csv,568c00e99f5ca8d205c5b48b3c058ca8f3b93d2e4de9986ec7d01af75b33babb,wtbd-curation-v1
201,201.jpg,201.xml,201.xml,201.jpg,201.jpg,train,201.jpg,primary,consistent,primary_confirmed,,unique,train,True,none,not_required,,,data/metadata/wtbd/second_annotator_comparison.csv,568c00e99f5ca8d205c5b48b3c058ca8f3b93d2e4de9986ec7d01af75b33babb,wtbd-curation-v1
202,202.jpg,202.xml,202.xml,202.jpg,202.jpg,train,202.jpg,primary,consistent,primary_confirmed,scene-014,near_duplicate_same_scene,,False,near_duplicate_same_scene_redundant,not_required,,,data/metadata/wtbd/second_annotator_comparison.csv,568c00e99f5ca8d205c5b48b3c058ca8f3b93d2e4de9986ec7d01af75b33babb,wtbd-curation-v1
203,203.jpg,203.xml,203.xml,203.jpg,203.jpg,validation,203.jpg,primary,consistent,primary_confirmed,,unique,validation,True,none,not_required,,,data/metadata/wtbd/second_annotator_comparison.csv,568c00e99f5ca8d205c5b48b3c058ca8f3b93d2e4de9986ec7d01af75b33babb,wtbd-curation-v1
204,204.jpg,204.xml,204.xml,204.jpg,204.jpg,train,204.jpg,primary,consistent,primary_confirmed,,unique,train,True,none,not_required,,,data/metadata/wtbd/second_annotator_comparison.csv,568c00e99f5ca8d205c5b48b3c058ca8f3b93d2e4de9986ec7d01af75b33babb,wtbd-curation-v1
205,205.jpg,205.xml,205.xml,205.jpg,205.jpg,validation,205.jpg,primary,consistent,primary_confirmed,,near_duplicate_review,validation,True,none,not_required,,,data/metadata/wtbd/second_annotator_comparison.csv,568c00e99f5ca8d205c5b48b3c058ca8f3b93d2e4de9986ec7d01af75b33babb,wtbd-curation-v1
206,206.jpg,206.xml,206.xml,206.jpg,206.jpg,train,206.jpg,primary,consistent,primary_confirmed,,unique,train,True,none,not_required,,,data/metadata/wtbd/second_annotator_comparison.csv,568c00e99f5ca8d205c5b48b3c058ca8f3b93d2e4de9986ec7d01af75b33babb,wtbd-curation-v1
207,207.jpg,207.xml,207.xml,207.jpg,207.jpg,train,207.jpg,primary,consistent,primary_confirmed,,unique,train,True,none,not_required,,,data/metadata/wtbd/second_annotator_comparison.csv,568c00e99f5ca8d205c5b48b3c058ca8f3b93d2e4de9986ec7d01af75b33babb,wtbd-curation-v1
208,208.jpg,208.xml,208.xml,208.jpg,208.jpg,train,208.jpg,primary,consistent,primary_confirmed,scene-026,near_duplicate_same_scene,train,True,none,not_required,,,data/metadata/wtbd/second_annotator_comparison.csv,568c00e99f5ca8d205c5b48b3c058ca8f3b93d2e4de9986ec7d01af75b33babb,wtbd-curation-v1
209,209.jpg,209.xml,209.xml,209.jpg,209.jpg,test,209.jpg,primary,consistent,primary_confirmed,,unique,test,True,none,not_required,,,data/metadata/wtbd/second_annotator_comparison.csv,568c00e99f5ca8d205c5b48b3c058ca8f3b93d2e4de9986ec7d01af75b33babb,wtbd-curation-v1
210,210.jpg,210.xml,210.xml,210.jpg,210.jpg,train,210.jpg,primary,consistent,primary_confirmed,scene-014,near_duplicate_same_scene,,False,near_duplicate_same_scene_redundant,not_required,,,data/metadata/wtbd/second_annotator_comparison.csv,568c00e99f5ca8d205c5b48b3c058ca8f3b93d2e4de9986ec7d01af75b33babb,wtbd-curation-v1
211,211.jpg,211.xml,211.xml,211.jpg,211.jpg,train,211.jpg,primary,consistent,primary_confirmed,,near_duplicate_review,train,True,none,not_required,,,data/metadata/wtbd/second_annotator_comparison.csv,568c00e99f5ca8d205c5b48b3c058ca8f3b93d2e4de9986ec7d01af75b33babb,wtbd-curation-v1
212,212.jpg,212.xml,212.xml,212.jpg,212.jpg,train,212.jpg,primary,consistent,primary_confirmed,,unique,train,True,none,not_required,,,data/metadata/wtbd/second_annotator_comparison.csv,568c00e99f5ca8d205c5b48b3c058ca8f3b93d2e4de9986ec7d01af75b33babb,wtbd-curation-v1
213,213.jpg,213.xml,213.xml,213.jpg,213.jpg,train,213.jpg,primary,consistent,primary_confirmed,,unique,train,True,none,not_required,,,data/metadata/wtbd/second_annotator_comparison.csv,568c00e99f5ca8d205c5b48b3c058ca8f3b93d2e4de9986ec7d01af75b33babb,wtbd-curation-v1
214,214.jpg,214.xml,214.xml,214.jpg,214.jpg,test,214.jpg,primary,consistent,primary_confirmed,,unique,test,True,none,not_required,,,data/metadata/wtbd/second_annotator_comparison.csv,568c00e99f5ca8d205c5b48b3c058ca8f3b93d2e4de9986ec7d01af75b33babb,wtbd-curation-v1
215,215.jpg,215.xml,215.xml,215.jpg,215.jpg,train,215.jpg,primary,consistent,primary_confirmed,,near_duplicate_review,train,True,none,not_required,,,data/metadata/wtbd/second_annotator_comparison.csv,568c00e99f5ca8d205c5b48b3c058ca8f3b93d2e4de9986ec7d01af75b33babb,wtbd-curation-v1
216,216.jpg,216.xml,216.xml,216.jpg,216.jpg,test,216.jpg,primary,consistent,primary_confirmed,scene-027,near_duplicate_same_scene,test,True,none,not_required,,,data/metadata/wtbd/second_annotator_comparison.csv,568c00e99f5ca8d205c5b48b3c058ca8f3b93d2e4de9986ec7d01af75b33babb,wtbd-curation-v1
217,217.jpg,217.xml,217.xml,217.jpg,217.jpg,test,217.jpg,primary,consistent,primary_confirmed,,unique,test,True,none,not_required,,,data/metadata/wtbd/second_annotator_comparison.csv,568c00e99f5ca8d205c5b48b3c058ca8f3b93d2e4de9986ec7d01af75b33babb,wtbd-curation-v1
218,218.jpg,218.xml,218.xml,218.jpg,218.jpg,train,218.jpg,primary,consistent,primary_confirmed,scene-028,near_duplicate_same_scene,train,True,none,not_required,,,data/metadata/wtbd/second_annotator_comparison.csv,568c00e99f5ca8d205c5b48b3c058ca8f3b93d2e4de9986ec7d01af75b33babb,wtbd-curation-v1
219,219.jpg,219.xml,219.xml,219.jpg,219.jpg,validation,219.jpg,primary,consistent,primary_confirmed,,unique,validation,True,none,not_required,,,data/metadata/wtbd/second_annotator_comparison.csv,568c00e99f5ca8d205c5b48b3c058ca8f3b93d2e4de9986ec7d01af75b33babb,wtbd-curation-v1
220,220.jpg,220.xml,220.xml,220.jpg,220.jpg,train,220.jpg,primary,consistent,primary_confirmed,,near_duplicate_review,train,True,none,not_required,,,data/metadata/wtbd/second_annotator_comparison.csv,568c00e99f5ca8d205c5b48b3c058ca8f3b93d2e4de9986ec7d01af75b33babb,wtbd-curation-v1
221,221.jpg,221.xml,221.xml,221.jpg,221.jpg,train,221.jpg,primary,consistent,primary_confirmed,,near_duplicate_review,train,True,none,not_required,,,data/metadata/wtbd/second_annotator_comparison.csv,568c00e99f5ca8d205c5b48b3c058ca8f3b93d2e4de9986ec7d01af75b33babb,wtbd-curation-v1
222,222.jpg,222.xml,222.xml,222.jpg,222.jpg,train,222.jpg,primary,consistent,primary_confirmed,,unique,train,True,none,not_required,,,data/metadata/wtbd/second_annotator_comparison.csv,568c00e99f5ca8d205c5b48b3c058ca8f3b93d2e4de9986ec7d01af75b33babb,wtbd-curation-v1
223,223.jpg,223.xml,223.xml,223.jpg,223.jpg,train,223.jpg,primary,consistent,primary_confirmed,,unique,train,True,none,not_required,,,data/metadata/wtbd/second_annotator_comparison.csv,568c00e99f5ca8d205c5b48b3c058ca8f3b93d2e4de9986ec7d01af75b33babb,wtbd-curation-v1
224,224.jpg,224.xml,224.xml,224.jpg,224.jpg,test,224.jpg,primary,consistent,primary_confirmed,,unique,test,True,none,not_required,,,data/metadata/wtbd/second_annotator_comparison.csv,568c00e99f5ca8d205c5b48b3c058ca8f3b93d2e4de9986ec7d01af75b33babb,wtbd-curation-v1
225,225.jpg,225.xml,225.xml,225.jpg,225.jpg,validation,225.jpg,primary,consistent,primary_confirmed,,unique,validation,True,none,not_required,,,data/metadata/wtbd/second_annotator_comparison.csv,568c00e99f5ca8d205c5b48b3c058ca8f3b93d2e4de9986ec7d01af75b33babb,wtbd-curation-v1
226,226.jpg,226.xml,226.xml,226.jpg,226.jpg,train,226.jpg,primary,consistent,primary_confirmed,,unique,train,True,none,not_required,,,data/metadata/wtbd/second_annotator_comparison.csv,568c00e99f5ca8d205c5b48b3c058ca8f3b93d2e4de9986ec7d01af75b33babb,wtbd-curation-v1
227,227.jpg,227.xml,227.xml,227.jpg,227.jpg,train,227.jpg,primary,consistent,primary_confirmed,,near_duplicate_review,train,True,none,not_required,,,data/metadata/wtbd/second_annotator_comparison.csv,568c00e99f5ca8d205c5b48b3c058ca8f3b93d2e4de9986ec7d01af75b33babb,wtbd-curation-v1
228,228.jpg,228.xml,228.xml,228.jpg,228.jpg,test,228.jpg,primary,consistent,primary_confirmed,,unique,test,True,none,not_required,,,data/metadata/wtbd/second_annotator_comparison.csv,568c00e99f5ca8d205c5b48b3c058ca8f3b93d2e4de9986ec7d01af75b33babb,wtbd-curation-v1
229,229.jpg,229.xml,229.xml,229.jpg,229.jpg,train,229.jpg,primary,consistent,primary_confirmed,,unique,train,True,none,not_required,,,data/metadata/wtbd/second_annotator_comparison.csv,568c00e99f5ca8d205c5b48b3c058ca8f3b93d2e4de9986ec7d01af75b33babb,wtbd-curation-v1
230,230.jpg,230.xml,230.xml,230.jpg,230.jpg,validation,230.jpg,primary,consistent,primary_confirmed,,unique,validation,True,none,not_required,,,data/metadata/wtbd/second_annotator_comparison.csv,568c00e99f5ca8d205c5b48b3c058ca8f3b93d2e4de9986ec7d01af75b33babb,wtbd-curation-v1
231,231.jpg,231.xml,231.xml,231.jpg,231.jpg,train,231.jpg,primary,consistent,primary_confirmed,,unique,train,True,none,not_required,,,data/metadata/wtbd/second_annotator_comparison.csv,568c00e99f5ca8d205c5b48b3c058ca8f3b93d2e4de9986ec7d01af75b33babb,wtbd-curation-v1
232,232.jpg,232.xml,232.xml,232.jpg,232.jpg,train,232.jpg,primary,consistent,primary_confirmed,,unique,train,True,none,not_required,,,data/metadata/wtbd/second_annotator_comparison.csv,568c00e99f5ca8d205c5b48b3c058ca8f3b93d2e4de9986ec7d01af75b33babb,wtbd-curation-v1
233,233.jpg,233.xml,233.xml,233.jpg,233.jpg,test,233.jpg,primary,consistent,primary_confirmed,scene-004,near_duplicate_same_scene,,False,near_duplicate_same_scene_redundant,not_required,,,data/metadata/wtbd/second_annotator_comparison.csv,568c00e99f5ca8d205c5b48b3c058ca8f3b93d2e4de9986ec7d01af75b33babb,wtbd-curation-v1
234,234.jpg,234.xml,234.xml,234.jpg,234.jpg,test,234.jpg,primary,consistent,primary_confirmed,scene-029,near_duplicate_same_scene,test,True,none,not_required,,,data/metadata/wtbd/second_annotator_comparison.csv,568c00e99f5ca8d205c5b48b3c058ca8f3b93d2e4de9986ec7d01af75b33babb,wtbd-curation-v1
235,235.jpg,235.xml,235.xml,235.jpg,235.jpg,validation,235.jpg,primary,consistent,primary_confirmed,scene-009,near_duplicate_same_scene,,False,near_duplicate_same_scene_redundant,not_required,,,data/metadata/wtbd/second_annotator_comparison.csv,568c00e99f5ca8d205c5b48b3c058ca8f3b93d2e4de9986ec7d01af75b33babb,wtbd-curation-v1
236,236.jpg,236.xml,236.xml,236.jpg,236.jpg,train,236.jpg,primary,consistent,primary_confirmed,scene-030,near_duplicate_same_scene,train,True,none,not_required,,,data/metadata/wtbd/second_annotator_comparison.csv,568c00e99f5ca8d205c5b48b3c058ca8f3b93d2e4de9986ec7d01af75b33babb,wtbd-curation-v1
237,237.jpg,237.xml,237.xml,237.jpg,237.jpg,train,237.jpg,primary,consistent,primary_confirmed,,near_duplicate_review,train,True,none,not_required,,,data/metadata/wtbd/second_annotator_comparison.csv,568c00e99f5ca8d205c5b48b3c058ca8f3b93d2e4de9986ec7d01af75b33babb,wtbd-curation-v1
238,238.jpg,238.xml,238.xml,238.jpg,238.jpg,test,238.jpg,primary,consistent,primary_confirmed,scene-031,near_duplicate_same_scene,test,True,none,not_required,,,data/metadata/wtbd/second_annotator_comparison.csv,568c00e99f5ca8d205c5b48b3c058ca8f3b93d2e4de9986ec7d01af75b33babb,wtbd-curation-v1
239,239.jpg,239.xml,239.xml,239.jpg,239.jpg,train,239.jpg,primary,consistent,primary_confirmed,,unique,train,True,none,not_required,,,data/metadata/wtbd/second_annotator_comparison.csv,568c00e99f5ca8d205c5b48b3c058ca8f3b93d2e4de9986ec7d01af75b33babb,wtbd-curation-v1
240,240.jpg,240.xml,240.xml,240.jpg,240.jpg,train,240.jpg,primary,consistent,primary_confirmed,,unique,train,True,none,not_required,,,data/metadata/wtbd/second_annotator_comparison.csv,568c00e99f5ca8d205c5b48b3c058ca8f3b93d2e4de9986ec7d01af75b33babb,wtbd-curation-v1
241,241.jpg,241.xml,241.xml,241.jpg,241.jpg,train,241.jpg,primary,consistent,primary_confirmed,,unique,train,True,none,not_required,,,data/metadata/wtbd/second_annotator_comparison.csv,568c00e99f5ca8d205c5b48b3c058ca8f3b93d2e4de9986ec7d01af75b33babb,wtbd-curation-v1
242,242.jpg,242.xml,242.xml,242.jpg,242.jpg,train,242.jpg,primary,consistent,primary_confirmed,,unique,train,True,none,not_required,,,data/metadata/wtbd/second_annotator_comparison.csv,568c00e99f5ca8d205c5b48b3c058ca8f3b93d2e4de9986ec7d01af75b33babb,wtbd-curation-v1
243,243.jpg,243.xml,243.xml,243.jpg,243.jpg,validation,243.jpg,primary,consistent,primary_confirmed,scene-032,near_duplicate_same_scene,validation,True,none,not_required,,,data/metadata/wtbd/second_annotator_comparison.csv,568c00e99f5ca8d205c5b48b3c058ca8f3b93d2e4de9986ec7d01af75b33babb,wtbd-curation-v1
244,244.jpg,244.xml,244.xml,244.jpg,244.jpg,train,244.jpg,primary,consistent,primary_confirmed,,near_duplicate_review,train,True,none,not_required,,,data/metadata/wtbd/second_annotator_comparison.csv,568c00e99f5ca8d205c5b48b3c058ca8f3b93d2e4de9986ec7d01af75b33babb,wtbd-curation-v1
245,245.jpg,245.xml,245.xml,245.jpg,245.jpg,validation,245.jpg,primary,consistent,primary_confirmed,scene-003,near_duplicate_same_scene,,False,near_duplicate_same_scene_redundant,not_required,,,data/metadata/wtbd/second_annotator_comparison.csv,568c00e99f5ca8d205c5b48b3c058ca8f3b93d2e4de9986ec7d01af75b33babb,wtbd-curation-v1
246,246.jpg,246.xml,246.xml,246.jpg,246.jpg,validation,246.jpg,primary,consistent,primary_confirmed,,unique,validation,True,none,not_required,,,data/metadata/wtbd/second_annotator_comparison.csv,568c00e99f5ca8d205c5b48b3c058ca8f3b93d2e4de9986ec7d01af75b33babb,wtbd-curation-v1
247,247.jpg,247.xml,247.xml,247.jpg,247.jpg,train,247.jpg,primary,consistent,primary_confirmed,,unique,train,True,none,not_required,,,data/metadata/wtbd/second_annotator_comparison.csv,568c00e99f5ca8d205c5b48b3c058ca8f3b93d2e4de9986ec7d01af75b33babb,wtbd-curation-v1
248,248.jpg,248.xml,248.xml,248.jpg,248.jpg,validation,248.jpg,primary,consistent,primary_confirmed,,unique,validation,True,none,not_required,,,data/metadata/wtbd/second_annotator_comparison.csv,568c00e99f5ca8d205c5b48b3c058ca8f3b93d2e4de9986ec7d01af75b33babb,wtbd-curation-v1
249,249.jpg,249.xml,249.xml,249.jpg,249.jpg,train,249.jpg,primary,consistent,primary_confirmed,scene-003,near_duplicate_same_scene,,False,near_duplicate_same_scene_redundant,not_required,,,data/metadata/wtbd/second_annotator_comparison.csv,568c00e99f5ca8d205c5b48b3c058ca8f3b93d2e4de9986ec7d01af75b33babb,wtbd-curation-v1
250,250.jpg,250.xml,250.xml,250.jpg,250.jpg,test,250.jpg,primary,consistent,primary_confirmed,,unique,test,True,none,not_required,,,data/metadata/wtbd/second_annotator_comparison.csv,568c00e99f5ca8d205c5b48b3c058ca8f3b93d2e4de9986ec7d01af75b33babb,wtbd-curation-v1
251,251.jpg,251.xml,251.xml,251.jpg,251.jpg,train,251.jpg,primary,consistent,primary_confirmed,,near_duplicate_review,train,True,none,not_required,,,data/metadata/wtbd/second_annotator_comparison.csv,568c00e99f5ca8d205c5b48b3c058ca8f3b93d2e4de9986ec7d01af75b33babb,wtbd-curation-v1
252,252.jpg,252.xml,252.xml,252.jpg,252.jpg,test,252.jpg,primary,consistent,primary_confirmed,,unique,test,True,none,not_required,,,data/metadata/wtbd/second_annotator_comparison.csv,568c00e99f5ca8d205c5b48b3c058ca8f3b93d2e4de9986ec7d01af75b33babb,wtbd-curation-v1
253,253.jpg,253.xml,253.xml,253.jpg,253.jpg,validation,253.jpg,primary,consistent,primary_confirmed,scene-032,near_duplicate_same_scene,,False,near_duplicate_same_scene_redundant,not_required,,,data/metadata/wtbd/second_annotator_comparison.csv,568c00e99f5ca8d205c5b48b3c058ca8f3b93d2e4de9986ec7d01af75b33babb,wtbd-curation-v1
254,254.jpg,254.xml,254.xml,254.jpg,254.jpg,validation,254.jpg,primary,consistent,primary_confirmed,,unique,validation,True,none,not_required,,,data/metadata/wtbd/second_annotator_comparison.csv,568c00e99f5ca8d205c5b48b3c058ca8f3b93d2e4de9986ec7d01af75b33babb,wtbd-curation-v1
255,255.jpg,255.xml,255.xml,255.jpg,255.jpg,test,255.jpg,primary,consistent,primary_confirmed,,unique,test,True,none,not_required,,,data/metadata/wtbd/second_annotator_comparison.csv,568c00e99f5ca8d205c5b48b3c058ca8f3b93d2e4de9986ec7d01af75b33babb,wtbd-curation-v1
256,256.jpg,256.xml,256.xml,256.jpg,256.jpg,train,256.jpg,primary,consistent,primary_confirmed,scene-029,near_duplicate_same_scene,,False,near_duplicate_same_scene_redundant,not_required,,,data/metadata/wtbd/second_annotator_comparison.csv,568c00e99f5ca8d205c5b48b3c058ca8f3b93d2e4de9986ec7d01af75b33babb,wtbd-curation-v1
257,257.jpg,257.xml,257.xml,257.jpg,257.jpg,test,257.jpg,primary,consistent,primary_confirmed,,unique,test,True,none,not_required,,,data/metadata/wtbd/second_annotator_comparison.csv,568c00e99f5ca8d205c5b48b3c058ca8f3b93d2e4de9986ec7d01af75b33babb,wtbd-curation-v1
258,258.jpg,258.xml,258.xml,258.jpg,258.jpg,train,258.jpg,primary,consistent,primary_confirmed,scene-033,near_duplicate_same_scene,train,True,none,not_required,,,data/metadata/wtbd/second_annotator_comparison.csv,568c00e99f5ca8d205c5b48b3c058ca8f3b93d2e4de9986ec7d01af75b33babb,wtbd-curation-v1
259,259.jpg,259.xml,259.xml,259.jpg,259.jpg,train,259.jpg,primary,consistent,primary_confirmed,,unique,train,True,none,not_required,,,data/metadata/wtbd/second_annotator_comparison.csv,568c00e99f5ca8d205c5b48b3c058ca8f3b93d2e4de9986ec7d01af75b33babb,wtbd-curation-v1
260,260.jpg,260.xml,260.xml,260.jpg,260.jpg,train,260.jpg,primary,consistent,primary_confirmed,,unique,train,True,none,not_required,,,data/metadata/wtbd/second_annotator_comparison.csv,568c00e99f5ca8d205c5b48b3c058ca8f3b93d2e4de9986ec7d01af75b33babb,wtbd-curation-v1
261,261.jpg,261.xml,261.xml,261.jpg,261.jpg,train,261.jpg,primary,consistent,primary_confirmed,,unique,train,True,none,not_required,,,data/metadata/wtbd/second_annotator_comparison.csv,568c00e99f5ca8d205c5b48b3c058ca8f3b93d2e4de9986ec7d01af75b33babb,wtbd-curation-v1
262,262.jpg,262.xml,262.xml,262.jpg,262.jpg,train,262.jpg,primary,consistent,primary_confirmed,,unique,train,True,none,not_required,,,data/metadata/wtbd/second_annotator_comparison.csv,568c00e99f5ca8d205c5b48b3c058ca8f3b93d2e4de9986ec7d01af75b33babb,wtbd-curation-v1
263,263.jpg,263.xml,263.xml,263.jpg,263.jpg,train,263.jpg,primary,consistent,primary_confirmed,scene-031,near_duplicate_same_scene,,False,near_duplicate_same_scene_redundant,not_required,,,data/metadata/wtbd/second_annotator_comparison.csv,568c00e99f5ca8d205c5b48b3c058ca8f3b93d2e4de9986ec7d01af75b33babb,wtbd-curation-v1
264,264.jpg,264.xml,264.xml,264.jpg,264.jpg,train,264.jpg,primary,consistent,primary_confirmed,scene-011,near_duplicate_same_scene,,False,near_duplicate_same_scene_redundant,not_required,,,data/metadata/wtbd/second_annotator_comparison.csv,568c00e99f5ca8d205c5b48b3c058ca8f3b93d2e4de9986ec7d01af75b33babb,wtbd-curation-v1
265,265.jpg,265.xml,265.xml,265.jpg,265.jpg,train,265.jpg,primary,consistent,primary_confirmed,scene-034,near_duplicate_same_scene,train,True,none,not_required,,,data/metadata/wtbd/second_annotator_comparison.csv,568c00e99f5ca8d205c5b48b3c058ca8f3b93d2e4de9986ec7d01af75b33babb,wtbd-curation-v1
266,266.jpg,266.xml,266.xml,266.jpg,266.jpg,train,266.jpg,primary,consistent,primary_confirmed,,unique,train,True,none,not_required,,,data/metadata/wtbd/second_annotator_comparison.csv,568c00e99f5ca8d205c5b48b3c058ca8f3b93d2e4de9986ec7d01af75b33babb,wtbd-curation-v1
267,267.jpg,267.xml,267.xml,267.jpg,267.jpg,train,267.jpg,primary,consistent,primary_confirmed,,unique,train,True,none,not_required,,,data/metadata/wtbd/second_annotator_comparison.csv,568c00e99f5ca8d205c5b48b3c058ca8f3b93d2e4de9986ec7d01af75b33babb,wtbd-curation-v1
268,268.jpg,268.xml,268.xml,268.jpg,268.jpg,train,268.jpg,primary,consistent,primary_confirmed,,unique,train,True,none,not_required,,,data/metadata/wtbd/second_annotator_comparison.csv,568c00e99f5ca8d205c5b48b3c058ca8f3b93d2e4de9986ec7d01af75b33babb,wtbd-curation-v1
269,269.jpg,269.xml,269.xml,269.jpg,269.jpg,test,269.jpg,primary,consistent,primary_confirmed,scene-035,near_duplicate_same_scene,test,True,none,not_required,,,data/metadata/wtbd/second_annotator_comparison.csv,568c00e99f5ca8d205c5b48b3c058ca8f3b93d2e4de9986ec7d01af75b33babb,wtbd-curation-v1
270,270.jpg,270.xml,270.xml,270.jpg,270.jpg,train,270.jpg,primary,consistent,primary_confirmed,,unique,train,True,none,not_required,,,data/metadata/wtbd/second_annotator_comparison.csv,568c00e99f5ca8d205c5b48b3c058ca8f3b93d2e4de9986ec7d01af75b33babb,wtbd-curation-v1
271,271.jpg,271.xml,271.xml,271.jpg,271.jpg,test,271.jpg,primary,consistent,primary_confirmed,scene-027,near_duplicate_same_scene,,False,near_duplicate_same_scene_redundant,not_required,,,data/metadata/wtbd/second_annotator_comparison.csv,568c00e99f5ca8d205c5b48b3c058ca8f3b93d2e4de9986ec7d01af75b33babb,wtbd-curation-v1
272,272.jpg,272.xml,272.xml,272.jpg,272.jpg,train,272.jpg,primary,consistent,primary_confirmed,,near_duplicate_review,train,True,none,not_required,,,data/metadata/wtbd/second_annotator_comparison.csv,568c00e99f5ca8d205c5b48b3c058ca8f3b93d2e4de9986ec7d01af75b33babb,wtbd-curation-v1
273,273.jpg,273.xml,273.xml,273.jpg,273.jpg,test,273.jpg,primary,consistent,primary_confirmed,,unique,test,True,none,not_required,,,data/metadata/wtbd/second_annotator_comparison.csv,568c00e99f5ca8d205c5b48b3c058ca8f3b93d2e4de9986ec7d01af75b33babb,wtbd-curation-v1
274,274.jpg,274.xml,274.xml,274.jpg,274.jpg,test,274.jpg,primary,consistent,primary_confirmed,scene-016,near_duplicate_same_scene,,False,near_duplicate_same_scene_redundant,not_required,,,data/metadata/wtbd/second_annotator_comparison.csv,568c00e99f5ca8d205c5b48b3c058ca8f3b93d2e4de9986ec7d01af75b33babb,wtbd-curation-v1
275,275.jpg,275.xml,275.xml,275.jpg,275.jpg,train,275.jpg,primary,consistent,primary_confirmed,scene-023,near_duplicate_same_scene,,False,near_duplicate_same_scene_redundant,not_required,,,data/metadata/wtbd/second_annotator_comparison.csv,568c00e99f5ca8d205c5b48b3c058ca8f3b93d2e4de9986ec7d01af75b33babb,wtbd-curation-v1
276,276.jpg,276.xml,276.xml,276.jpg,276.jpg,test,276.jpg,primary,consistent,primary_confirmed,scene-036,near_duplicate_same_scene,test,True,none,not_required,,,data/metadata/wtbd/second_annotator_comparison.csv,568c00e99f5ca8d205c5b48b3c058ca8f3b93d2e4de9986ec7d01af75b33babb,wtbd-curation-v1
277,277.jpg,277.xml,277.xml,277.jpg,277.jpg,train,277.jpg,primary,consistent,primary_confirmed,,unique,train,True,none,not_required,,,data/metadata/wtbd/second_annotator_comparison.csv,568c00e99f5ca8d205c5b48b3c058ca8f3b93d2e4de9986ec7d01af75b33babb,wtbd-curation-v1
278,278.jpg,278.xml,278.xml,278.jpg,278.jpg,train,278.jpg,primary,consistent,primary_confirmed,,unique,train,True,none,not_required,,,data/metadata/wtbd/second_annotator_comparison.csv,568c00e99f5ca8d205c5b48b3c058ca8f3b93d2e4de9986ec7d01af75b33babb,wtbd-curation-v1
279,279.jpg,279.xml,279.xml,279.jpg,279.jpg,train,279.jpg,primary,consistent,primary_confirmed,,unique,train,True,none,not_required,,,data/metadata/wtbd/second_annotator_comparison.csv,568c00e99f5ca8d205c5b48b3c058ca8f3b93d2e4de9986ec7d01af75b33babb,wtbd-curation-v1
280,280.jpg,280.xml,280.xml,280.jpg,280.jpg,train,280.jpg,primary,consistent,primary_confirmed,,unique,train,True,none,not_required,,,data/metadata/wtbd/second_annotator_comparison.csv,568c00e99f5ca8d205c5b48b3c058ca8f3b93d2e4de9986ec7d01af75b33babb,wtbd-curation-v1
281,281.jpg,281.xml,281.xml,281.jpg,281.jpg,train,281.jpg,primary,consistent,primary_confirmed,,unique,train,True,none,not_required,,,data/metadata/wtbd/second_annotator_comparison.csv,568c00e99f5ca8d205c5b48b3c058ca8f3b93d2e4de9986ec7d01af75b33babb,wtbd-curation-v1
282,282.jpg,282.xml,282.xml,282.jpg,282.jpg,train,282.jpg,primary,consistent,primary_confirmed,,unique,train,True,none,not_required,,,data/metadata/wtbd/second_annotator_comparison.csv,568c00e99f5ca8d205c5b48b3c058ca8f3b93d2e4de9986ec7d01af75b33babb,wtbd-curation-v1
283,283.jpg,283.xml,283.xml,283.jpg,283.jpg,train,283.jpg,primary,consistent,primary_confirmed,,unique,train,True,none,not_required,,,data/metadata/wtbd/second_annotator_comparison.csv,568c00e99f5ca8d205c5b48b3c058ca8f3b93d2e4de9986ec7d01af75b33babb,wtbd-curation-v1
284,284.jpg,284.xml,284.xml,284.jpg,284.jpg,test,284.jpg,primary,consistent,primary_confirmed,,near_duplicate_review,test,True,none,not_required,,,data/metadata/wtbd/second_annotator_comparison.csv,568c00e99f5ca8d205c5b48b3c058ca8f3b93d2e4de9986ec7d01af75b33babb,wtbd-curation-v1
285,285.jpg,285.xml,285.xml,285.jpg,285.jpg,test,285.jpg,primary,consistent,primary_confirmed,,unique,test,True,none,not_required,,,data/metadata/wtbd/second_annotator_comparison.csv,568c00e99f5ca8d205c5b48b3c058ca8f3b93d2e4de9986ec7d01af75b33babb,wtbd-curation-v1
286,286.jpg,286.xml,286.xml,286.jpg,286.jpg,train,286.jpg,primary,consistent,primary_confirmed,,near_duplicate_review,train,True,none,not_required,,,data/metadata/wtbd/second_annotator_comparison.csv,568c00e99f5ca8d205c5b48b3c058ca8f3b93d2e4de9986ec7d01af75b33babb,wtbd-curation-v1
287,287.jpg,287.xml,287.xml,287.jpg,287.jpg,train,287.jpg,primary,consistent,primary_confirmed,,unique,train,True,none,not_required,,,data/metadata/wtbd/second_annotator_comparison.csv,568c00e99f5ca8d205c5b48b3c058ca8f3b93d2e4de9986ec7d01af75b33babb,wtbd-curation-v1
288,288.jpg,288.xml,288.xml,288.jpg,288.jpg,train,288.jpg,primary,consistent,primary_confirmed,,unique,train,True,none,not_required,,,data/metadata/wtbd/second_annotator_comparison.csv,568c00e99f5ca8d205c5b48b3c058ca8f3b93d2e4de9986ec7d01af75b33babb,wtbd-curation-v1
289,289.jpg,289.xml,289.xml,289.jpg,289.jpg,train,289.jpg,primary,consistent,primary_confirmed,,unique,train,True,none,not_required,,,data/metadata/wtbd/second_annotator_comparison.csv,568c00e99f5ca8d205c5b48b3c058ca8f3b93d2e4de9986ec7d01af75b33babb,wtbd-curation-v1
290,290.jpg,290.xml,290.xml,290.jpg,290.jpg,train,290.jpg,primary,consistent,primary_confirmed,,near_duplicate_review,train,True,none,not_required,,,data/metadata/wtbd/second_annotator_comparison.csv,568c00e99f5ca8d205c5b48b3c058ca8f3b93d2e4de9986ec7d01af75b33babb,wtbd-curation-v1
291,291.jpg,291.xml,291.xml,291.jpg,291.jpg,train,291.jpg,primary,consistent,primary_confirmed,,unique,train,True,none,not_required,,,data/metadata/wtbd/second_annotator_comparison.csv,568c00e99f5ca8d205c5b48b3c058ca8f3b93d2e4de9986ec7d01af75b33babb,wtbd-curation-v1
292,292.jpg,292.xml,292.xml,292.jpg,292.jpg,train,292.jpg,primary,consistent,primary_confirmed,,unique,train,True,none,not_required,,,data/metadata/wtbd/second_annotator_comparison.csv,568c00e99f5ca8d205c5b48b3c058ca8f3b93d2e4de9986ec7d01af75b33babb,wtbd-curation-v1
293,293.jpg,293.xml,293.xml,293.jpg,293.jpg,train,293.jpg,primary,consistent,primary_confirmed,,unique,train,True,none,not_required,,,data/metadata/wtbd/second_annotator_comparison.csv,568c00e99f5ca8d205c5b48b3c058ca8f3b93d2e4de9986ec7d01af75b33babb,wtbd-curation-v1
294,294.jpg,294.xml,294.xml,294.jpg,294.jpg,train,294.jpg,primary,consistent,primary_confirmed,,unique,train,True,none,not_required,,,data/metadata/wtbd/second_annotator_comparison.csv,568c00e99f5ca8d205c5b48b3c058ca8f3b93d2e4de9986ec7d01af75b33babb,wtbd-curation-v1
295,295.jpg,295.xml,295.xml,295.jpg,295.jpg,train,295.jpg,primary,consistent,primary_confirmed,,unique,train,True,none,not_required,,,data/metadata/wtbd/second_annotator_comparison.csv,568c00e99f5ca8d205c5b48b3c058ca8f3b93d2e4de9986ec7d01af75b33babb,wtbd-curation-v1
296,296.jpg,296.xml,296.xml,296.jpg,296.jpg,test,296.jpg,primary,consistent,primary_confirmed,scene-033,near_duplicate_same_scene,,False,near_duplicate_same_scene_redundant,not_required,,,data/metadata/wtbd/second_annotator_comparison.csv,568c00e99f5ca8d205c5b48b3c058ca8f3b93d2e4de9986ec7d01af75b33babb,wtbd-curation-v1
297,297.jpg,297.xml,297.xml,297.jpg,297.jpg,train,297.jpg,primary,consistent,primary_confirmed,,unique,train,True,none,not_required,,,data/metadata/wtbd/second_annotator_comparison.csv,568c00e99f5ca8d205c5b48b3c058ca8f3b93d2e4de9986ec7d01af75b33babb,wtbd-curation-v1
298,298.jpg,298.xml,298.xml,298.jpg,298.jpg,train,298.jpg,primary,consistent,primary_confirmed,scene-022,near_duplicate_same_scene,,False,near_duplicate_same_scene_redundant,not_required,,,data/metadata/wtbd/second_annotator_comparison.csv,568c00e99f5ca8d205c5b48b3c058ca8f3b93d2e4de9986ec7d01af75b33babb,wtbd-curation-v1
299,299.jpg,299.xml,299.xml,299.jpg,299.jpg,train,299.jpg,primary,consistent,primary_confirmed,,unique,train,True,none,not_required,,,data/metadata/wtbd/second_annotator_comparison.csv,568c00e99f5ca8d205c5b48b3c058ca8f3b93d2e4de9986ec7d01af75b33babb,wtbd-curation-v1
300,300.jpg,300.xml,300.xml,300.jpg,300.jpg,validation,300.jpg,primary,consistent,primary_confirmed,,unique,validation,True,none,not_required,,,data/metadata/wtbd/second_annotator_comparison.csv,568c00e99f5ca8d205c5b48b3c058ca8f3b93d2e4de9986ec7d01af75b33babb,wtbd-curation-v1
301,301.jpg,301.xml,301.xml,301.jpg,301.jpg,train,301.jpg,primary,consistent,primary_confirmed,,near_duplicate_review,train,True,none,not_required,,,data/metadata/wtbd/second_annotator_comparison.csv,568c00e99f5ca8d205c5b48b3c058ca8f3b93d2e4de9986ec7d01af75b33babb,wtbd-curation-v1
302,302.jpg,302.xml,302.xml,302.jpg,302.jpg,train,302.jpg,primary,consistent,primary_confirmed,,unique,train,True,none,not_required,,,data/metadata/wtbd/second_annotator_comparison.csv,568c00e99f5ca8d205c5b48b3c058ca8f3b93d2e4de9986ec7d01af75b33babb,wtbd-curation-v1
303,303.jpg,303.xml,303.xml,303.jpg,303.jpg,train,303.jpg,primary,consistent,primary_confirmed,,unique,train,True,none,not_required,,,data/metadata/wtbd/second_annotator_comparison.csv,568c00e99f5ca8d205c5b48b3c058ca8f3b93d2e4de9986ec7d01af75b33babb,wtbd-curation-v1
304,304.jpg,304.xml,304.xml,304.jpg,304.jpg,train,304.jpg,primary,consistent,primary_confirmed,,unique,train,True,none,not_required,,,data/metadata/wtbd/second_annotator_comparison.csv,568c00e99f5ca8d205c5b48b3c058ca8f3b93d2e4de9986ec7d01af75b33babb,wtbd-curation-v1
305,305.jpg,305.xml,305.xml,305.jpg,305.jpg,validation,305.jpg,primary,consistent,primary_confirmed,scene-025,near_duplicate_same_scene,,False,near_duplicate_same_scene_redundant,not_required,,,data/metadata/wtbd/second_annotator_comparison.csv,568c00e99f5ca8d205c5b48b3c058ca8f3b93d2e4de9986ec7d01af75b33babb,wtbd-curation-v1
306,306.jpg,306.xml,306.xml,306.jpg,306.jpg,train,306.jpg,primary,consistent,primary_confirmed,,unique,train,True,none,not_required,,,data/metadata/wtbd/second_annotator_comparison.csv,568c00e99f5ca8d205c5b48b3c058ca8f3b93d2e4de9986ec7d01af75b33babb,wtbd-curation-v1
307,307.jpg,307.xml,307.xml,307.jpg,307.jpg,train,307.jpg,primary,consistent,primary_confirmed,scene-022,near_duplicate_same_scene,,False,near_duplicate_same_scene_redundant,not_required,,,data/metadata/wtbd/second_annotator_comparison.csv,568c00e99f5ca8d205c5b48b3c058ca8f3b93d2e4de9986ec7d01af75b33babb,wtbd-curation-v1
308,308.jpg,308.xml,308.xml,308.jpg,308.jpg,train,308.jpg,primary,consistent,primary_confirmed,,unique,train,True,none,not_required,,,data/metadata/wtbd/second_annotator_comparison.csv,568c00e99f5ca8d205c5b48b3c058ca8f3b93d2e4de9986ec7d01af75b33babb,wtbd-curation-v1
309,309.jpg,309.xml,309.xml,309.jpg,309.jpg,train,309.jpg,primary,consistent,primary_confirmed,,unique,train,True,none,not_required,,,data/metadata/wtbd/second_annotator_comparison.csv,568c00e99f5ca8d205c5b48b3c058ca8f3b93d2e4de9986ec7d01af75b33babb,wtbd-curation-v1
310,310.jpg,310.xml,310.xml,310.jpg,310.jpg,train,310.jpg,primary,consistent,primary_confirmed,,unique,train,True,none,not_required,,,data/metadata/wtbd/second_annotator_comparison.csv,568c00e99f5ca8d205c5b48b3c058ca8f3b93d2e4de9986ec7d01af75b33babb,wtbd-curation-v1
311,311.jpg,311.xml,311.xml,311.jpg,311.jpg,train,311.jpg,primary,consistent,primary_confirmed,scene-037,near_duplicate_same_scene,train,True,none,not_required,,,data/metadata/wtbd/second_annotator_comparison.csv,568c00e99f5ca8d205c5b48b3c058ca8f3b93d2e4de9986ec7d01af75b33babb,wtbd-curation-v1
312,312.jpg,312.xml,312.xml,312.jpg,312.jpg,train,312.jpg,primary,consistent,primary_confirmed,,unique,train,True,none,not_required,,,data/metadata/wtbd/second_annotator_comparison.csv,568c00e99f5ca8d205c5b48b3c058ca8f3b93d2e4de9986ec7d01af75b33babb,wtbd-curation-v1
313,313.jpg,313.xml,313.xml,313.jpg,313.jpg,train,313.jpg,primary,consistent,primary_confirmed,,near_duplicate_review,train,True,none,not_required,,,data/metadata/wtbd/second_annotator_comparison.csv,568c00e99f5ca8d205c5b48b3c058ca8f3b93d2e4de9986ec7d01af75b33babb,wtbd-curation-v1
314,314.jpg,314.xml,314.xml,314.jpg,314.jpg,validation,314.jpg,primary,consistent,primary_confirmed,,unique,validation,True,none,not_required,,,data/metadata/wtbd/second_annotator_comparison.csv,568c00e99f5ca8d205c5b48b3c058ca8f3b93d2e4de9986ec7d01af75b33babb,wtbd-curation-v1
315,315.jpg,315.xml,315.xml,315.jpg,315.jpg,train,315.jpg,primary,consistent,primary_confirmed,,unique,train,True,none,not_required,,,data/metadata/wtbd/second_annotator_comparison.csv,568c00e99f5ca8d205c5b48b3c058ca8f3b93d2e4de9986ec7d01af75b33babb,wtbd-curation-v1
316,316.jpg,316.xml,316.xml,316.jpg,316.jpg,train,316.jpg,primary,consistent,primary_confirmed,,near_duplicate_review,train,True,none,not_required,,,data/metadata/wtbd/second_annotator_comparison.csv,568c00e99f5ca8d205c5b48b3c058ca8f3b93d2e4de9986ec7d01af75b33babb,wtbd-curation-v1
317,317.jpg,317.xml,317.xml,317.jpg,317.jpg,train,317.jpg,primary,consistent,primary_confirmed,,unique,train,True,none,not_required,,,data/metadata/wtbd/second_annotator_comparison.csv,568c00e99f5ca8d205c5b48b3c058ca8f3b93d2e4de9986ec7d01af75b33babb,wtbd-curation-v1
318,318.jpg,318.xml,318.xml,318.jpg,318.jpg,test,318.jpg,primary,consistent,primary_confirmed,scene-038,near_duplicate_same_scene,test,True,none,not_required,,,data/metadata/wtbd/second_annotator_comparison.csv,568c00e99f5ca8d205c5b48b3c058ca8f3b93d2e4de9986ec7d01af75b33babb,wtbd-curation-v1
319,319.jpg,319.xml,319.xml,319.jpg,319.jpg,validation,319.jpg,primary,consistent,primary_confirmed,scene-010,near_duplicate_same_scene,,False,near_duplicate_same_scene_redundant,not_required,,,data/metadata/wtbd/second_annotator_comparison.csv,568c00e99f5ca8d205c5b48b3c058ca8f3b93d2e4de9986ec7d01af75b33babb,wtbd-curation-v1
320,320.jpg,320.xml,320.xml,320.jpg,320.jpg,train,320.jpg,primary,consistent,primary_confirmed,scene-036,near_duplicate_same_scene,,False,near_duplicate_same_scene_redundant,not_required,,,data/metadata/wtbd/second_annotator_comparison.csv,568c00e99f5ca8d205c5b48b3c058ca8f3b93d2e4de9986ec7d01af75b33babb,wtbd-curation-v1
321,321.jpg,321.xml,321.xml,321.jpg,321.jpg,train,321.jpg,primary,consistent,primary_confirmed,,near_duplicate_review,train,True,none,not_required,,,data/metadata/wtbd/second_annotator_comparison.csv,568c00e99f5ca8d205c5b48b3c058ca8f3b93d2e4de9986ec7d01af75b33babb,wtbd-curation-v1
322,322.jpg,322.xml,322.xml,322.jpg,322.jpg,test,322.jpg,primary,consistent,primary_confirmed,,near_duplicate_review,test,True,none,not_required,,,data/metadata/wtbd/second_annotator_comparison.csv,568c00e99f5ca8d205c5b48b3c058ca8f3b93d2e4de9986ec7d01af75b33babb,wtbd-curation-v1
323,323.jpg,323.xml,323.xml,323.jpg,323.jpg,test,323.jpg,primary,consistent,primary_confirmed,,unique,test,True,none,not_required,,,data/metadata/wtbd/second_annotator_comparison.csv,568c00e99f5ca8d205c5b48b3c058ca8f3b93d2e4de9986ec7d01af75b33babb,wtbd-curation-v1
324,324.jpg,324.xml,324.xml,324.jpg,324.jpg,train,324.jpg,primary,consistent,primary_confirmed,,unique,train,True,none,not_required,,,data/metadata/wtbd/second_annotator_comparison.csv,568c00e99f5ca8d205c5b48b3c058ca8f3b93d2e4de9986ec7d01af75b33babb,wtbd-curation-v1
325,325.jpg,325.xml,325.xml,325.jpg,325.jpg,train,325.jpg,primary,consistent,primary_confirmed,,unique,train,True,none,not_required,,,data/metadata/wtbd/second_annotator_comparison.csv,568c00e99f5ca8d205c5b48b3c058ca8f3b93d2e4de9986ec7d01af75b33babb,wtbd-curation-v1
326,326.jpg,326.xml,326.xml,326.jpg,326.jpg,test,326.jpg,primary,consistent,primary_confirmed,,unique,test,True,none,not_required,,,data/metadata/wtbd/second_annotator_comparison.csv,568c00e99f5ca8d205c5b48b3c058ca8f3b93d2e4de9986ec7d01af75b33babb,wtbd-curation-v1
327,327.jpg,327.xml,327.xml,327.jpg,327.jpg,train,327.jpg,primary,consistent,primary_confirmed,,unique,train,True,none,not_required,,,data/metadata/wtbd/second_annotator_comparison.csv,568c00e99f5ca8d205c5b48b3c058ca8f3b93d2e4de9986ec7d01af75b33babb,wtbd-curation-v1
328,328.jpg,328.xml,328.xml,328.jpg,328.jpg,train,328.jpg,primary,consistent,primary_confirmed,scene-037,near_duplicate_same_scene,,False,near_duplicate_same_scene_redundant,not_required,,,data/metadata/wtbd/second_annotator_comparison.csv,568c00e99f5ca8d205c5b48b3c058ca8f3b93d2e4de9986ec7d01af75b33babb,wtbd-curation-v1
329,329.jpg,329.xml,329.xml,329.jpg,329.jpg,train,329.jpg,primary,consistent,primary_confirmed,,unique,train,True,none,not_required,,,data/metadata/wtbd/second_annotator_comparison.csv,568c00e99f5ca8d205c5b48b3c058ca8f3b93d2e4de9986ec7d01af75b33babb,wtbd-curation-v1
330,330.jpg,330.xml,330.xml,330.jpg,330.jpg,train,330.jpg,primary,consistent,primary_confirmed,,near_duplicate_review,train,True,none,not_required,,,data/metadata/wtbd/second_annotator_comparison.csv,568c00e99f5ca8d205c5b48b3c058ca8f3b93d2e4de9986ec7d01af75b33babb,wtbd-curation-v1
331,331.jpg,331.xml,331.xml,331.jpg,331.jpg,validation,331.jpg,primary,consistent,primary_confirmed,,unique,validation,True,none,not_required,,,data/metadata/wtbd/second_annotator_comparison.csv,568c00e99f5ca8d205c5b48b3c058ca8f3b93d2e4de9986ec7d01af75b33babb,wtbd-curation-v1
332,332.jpg,332.xml,332.xml,332.jpg,332.jpg,test,332.jpg,primary,consistent,primary_confirmed,scene-039,near_duplicate_same_scene,test,True,none,not_required,,,data/metadata/wtbd/second_annotator_comparison.csv,568c00e99f5ca8d205c5b48b3c058ca8f3b93d2e4de9986ec7d01af75b33babb,wtbd-curation-v1
333,333.jpg,333.xml,333.xml,333.jpg,333.jpg,train,333.jpg,primary,consistent,primary_confirmed,,unique,train,True,none,not_required,,,data/metadata/wtbd/second_annotator_comparison.csv,568c00e99f5ca8d205c5b48b3c058ca8f3b93d2e4de9986ec7d01af75b33babb,wtbd-curation-v1
334,334.jpg,334.xml,334.xml,334.jpg,334.jpg,train,334.jpg,primary,consistent,primary_confirmed,,unique,train,True,none,not_required,,,data/metadata/wtbd/second_annotator_comparison.csv,568c00e99f5ca8d205c5b48b3c058ca8f3b93d2e4de9986ec7d01af75b33babb,wtbd-curation-v1
335,335.jpg,335.xml,335.xml,335.jpg,335.jpg,train,335.jpg,primary,consistent,primary_confirmed,scene-011,near_duplicate_same_scene,,False,near_duplicate_same_scene_redundant,not_required,,,data/metadata/wtbd/second_annotator_comparison.csv,568c00e99f5ca8d205c5b48b3c058ca8f3b93d2e4de9986ec7d01af75b33babb,wtbd-curation-v1
336,336.jpg,336.xml,336.xml,336.jpg,336.jpg,train,336.jpg,primary,consistent,primary_confirmed,,unique,train,True,none,not_required,,,data/metadata/wtbd/second_annotator_comparison.csv,568c00e99f5ca8d205c5b48b3c058ca8f3b93d2e4de9986ec7d01af75b33babb,wtbd-curation-v1
337,337.jpg,337.xml,337.xml,337.jpg,337.jpg,train,337.jpg,primary,consistent,primary_confirmed,,unique,train,True,none,not_required,,,data/metadata/wtbd/second_annotator_comparison.csv,568c00e99f5ca8d205c5b48b3c058ca8f3b93d2e4de9986ec7d01af75b33babb,wtbd-curation-v1
338,338.jpg,338.xml,338.xml,338.jpg,338.jpg,validation,338.jpg,primary,consistent,primary_confirmed,,unique,validation,True,none,not_required,,,data/metadata/wtbd/second_annotator_comparison.csv,568c00e99f5ca8d205c5b48b3c058ca8f3b93d2e4de9986ec7d01af75b33babb,wtbd-curation-v1
339,339.jpg,339.xml,339.xml,339.jpg,339.jpg,train,339.jpg,primary,consistent,primary_confirmed,,unique,train,True,none,not_required,,,data/metadata/wtbd/second_annotator_comparison.csv,568c00e99f5ca8d205c5b48b3c058ca8f3b93d2e4de9986ec7d01af75b33babb,wtbd-curation-v1
340,340.jpg,340.xml,340.xml,340.jpg,340.jpg,train,340.jpg,primary,consistent,primary_confirmed,,near_duplicate_review,train,True,none,not_required,,,data/metadata/wtbd/second_annotator_comparison.csv,568c00e99f5ca8d205c5b48b3c058ca8f3b93d2e4de9986ec7d01af75b33babb,wtbd-curation-v1
341,341.jpg,341.xml,341.xml,341.jpg,341.jpg,train,341.jpg,primary,consistent,primary_confirmed,scene-036,near_duplicate_same_scene,,False,near_duplicate_same_scene_redundant,not_required,,,data/metadata/wtbd/second_annotator_comparison.csv,568c00e99f5ca8d205c5b48b3c058ca8f3b93d2e4de9986ec7d01af75b33babb,wtbd-curation-v1
342,342.jpg,342.xml,342.xml,342.jpg,342.jpg,train,342.jpg,primary,consistent,primary_confirmed,,unique,train,True,none,not_required,,,data/metadata/wtbd/second_annotator_comparison.csv,568c00e99f5ca8d205c5b48b3c058ca8f3b93d2e4de9986ec7d01af75b33babb,wtbd-curation-v1
343,343.jpg,343.xml,343.xml,343.jpg,343.jpg,train,343.jpg,primary,consistent,primary_confirmed,scene-018,near_duplicate_same_scene,,False,near_duplicate_same_scene_redundant,not_required,,,data/metadata/wtbd/second_annotator_comparison.csv,568c00e99f5ca8d205c5b48b3c058ca8f3b93d2e4de9986ec7d01af75b33babb,wtbd-curation-v1
344,344.jpg,344.xml,344.xml,344.jpg,344.jpg,train,344.jpg,primary,consistent,primary_confirmed,,unique,train,True,none,not_required,,,data/metadata/wtbd/second_annotator_comparison.csv,568c00e99f5ca8d205c5b48b3c058ca8f3b93d2e4de9986ec7d01af75b33babb,wtbd-curation-v1
345,345.jpg,345.xml,345.xml,345.jpg,345.jpg,train,345.jpg,primary,consistent,primary_confirmed,,unique,train,True,none,not_required,,,data/metadata/wtbd/second_annotator_comparison.csv,568c00e99f5ca8d205c5b48b3c058ca8f3b93d2e4de9986ec7d01af75b33babb,wtbd-curation-v1
346,346.jpg,346.xml,346.xml,346.jpg,346.jpg,validation,346.jpg,primary,consistent,primary_confirmed,,unique,validation,True,none,not_required,,,data/metadata/wtbd/second_annotator_comparison.csv,568c00e99f5ca8d205c5b48b3c058ca8f3b93d2e4de9986ec7d01af75b33babb,wtbd-curation-v1
347,347.jpg,347.xml,347.xml,347.jpg,347.jpg,validation,347.jpg,primary,consistent,primary_confirmed,,unique,validation,True,none,not_required,,,data/metadata/wtbd/second_annotator_comparison.csv,568c00e99f5ca8d205c5b48b3c058ca8f3b93d2e4de9986ec7d01af75b33babb,wtbd-curation-v1
348,348.jpg,348.xml,348.xml,348.jpg,348.jpg,validation,348.jpg,primary,consistent,primary_confirmed,scene-004,near_duplicate_same_scene,,False,near_duplicate_same_scene_redundant,not_required,,,data/metadata/wtbd/second_annotator_comparison.csv,568c00e99f5ca8d205c5b48b3c058ca8f3b93d2e4de9986ec7d01af75b33babb,wtbd-curation-v1
349,349.jpg,349.xml,349.xml,349.jpg,349.jpg,train,349.jpg,primary,consistent,primary_confirmed,scene-035,near_duplicate_same_scene,,False,near_duplicate_same_scene_redundant,not_required,,,data/metadata/wtbd/second_annotator_comparison.csv,568c00e99f5ca8d205c5b48b3c058ca8f3b93d2e4de9986ec7d01af75b33babb,wtbd-curation-v1
350,350.jpg,350.xml,350.xml,350.jpg,350.jpg,train,350.jpg,primary,consistent,primary_confirmed,,unique,train,True,none,not_required,,,data/metadata/wtbd/second_annotator_comparison.csv,568c00e99f5ca8d205c5b48b3c058ca8f3b93d2e4de9986ec7d01af75b33babb,wtbd-curation-v1
351,351.jpg,351.xml,351.xml,351.jpg,351.jpg,train,351.jpg,primary,consistent,primary_confirmed,,unique,train,True,none,not_required,,,data/metadata/wtbd/second_annotator_comparison.csv,568c00e99f5ca8d205c5b48b3c058ca8f3b93d2e4de9986ec7d01af75b33babb,wtbd-curation-v1
352,352.jpg,352.xml,352.xml,352.jpg,352.jpg,train,352.jpg,primary,consistent,primary_confirmed,scene-021,near_duplicate_same_scene,,False,near_duplicate_same_scene_redundant,not_required,,,data/metadata/wtbd/second_annotator_comparison.csv,568c00e99f5ca8d205c5b48b3c058ca8f3b93d2e4de9986ec7d01af75b33babb,wtbd-curation-v1
353,353.jpg,353.xml,353.xml,353.jpg,353.jpg,train,353.jpg,primary,consistent,primary_confirmed,scene-026,near_duplicate_same_scene,,False,near_duplicate_same_scene_redundant,not_required,,,data/metadata/wtbd/second_annotator_comparison.csv,568c00e99f5ca8d205c5b48b3c058ca8f3b93d2e4de9986ec7d01af75b33babb,wtbd-curation-v1
354,354.jpg,354.xml,354.xml,354.jpg,354.jpg,train,354.jpg,primary,consistent,primary_confirmed,,unique,train,True,none,not_required,,,data/metadata/wtbd/second_annotator_comparison.csv,568c00e99f5ca8d205c5b48b3c058ca8f3b93d2e4de9986ec7d01af75b33babb,wtbd-curation-v1
355,355.jpg,355.xml,355.xml,355.jpg,355.jpg,train,355.jpg,primary,consistent,primary_confirmed,scene-038,near_duplicate_same_scene,,False,near_duplicate_same_scene_redundant,not_required,,,data/metadata/wtbd/second_annotator_comparison.csv,568c00e99f5ca8d205c5b48b3c058ca8f3b93d2e4de9986ec7d01af75b33babb,wtbd-curation-v1
356,356.jpg,356.xml,356.xml,356.jpg,356.jpg,train,356.jpg,primary,consistent,primary_confirmed,,unique,train,True,none,not_required,,,data/metadata/wtbd/second_annotator_comparison.csv,568c00e99f5ca8d205c5b48b3c058ca8f3b93d2e4de9986ec7d01af75b33babb,wtbd-curation-v1
357,357.jpg,357.xml,357.xml,357.jpg,357.jpg,train,357.jpg,primary,consistent,primary_confirmed,,unique,train,True,none,not_required,,,data/metadata/wtbd/second_annotator_comparison.csv,568c00e99f5ca8d205c5b48b3c058ca8f3b93d2e4de9986ec7d01af75b33babb,wtbd-curation-v1
358,358.jpg,358.xml,358.xml,358.jpg,358.jpg,train,358.jpg,primary,consistent,primary_confirmed,,unique,train,True,none,not_required,,,data/metadata/wtbd/second_annotator_comparison.csv,568c00e99f5ca8d205c5b48b3c058ca8f3b93d2e4de9986ec7d01af75b33babb,wtbd-curation-v1
359,359.jpg,359.xml,359.xml,359.jpg,359.jpg,train,359.jpg,primary,consistent,primary_confirmed,scene-035,near_duplicate_same_scene,,False,near_duplicate_same_scene_redundant,not_required,,,data/metadata/wtbd/second_annotator_comparison.csv,568c00e99f5ca8d205c5b48b3c058ca8f3b93d2e4de9986ec7d01af75b33babb,wtbd-curation-v1
360,360.jpg,360.xml,360.xml,360.jpg,360.jpg,train,360.jpg,primary,consistent,primary_confirmed,,unique,train,True,none,not_required,,,data/metadata/wtbd/second_annotator_comparison.csv,568c00e99f5ca8d205c5b48b3c058ca8f3b93d2e4de9986ec7d01af75b33babb,wtbd-curation-v1
361,361.jpg,361.xml,361.xml,361.jpg,361.jpg,train,361.jpg,primary,consistent,primary_confirmed,scene-036,near_duplicate_same_scene,,False,near_duplicate_same_scene_redundant,not_required,,,data/metadata/wtbd/second_annotator_comparison.csv,568c00e99f5ca8d205c5b48b3c058ca8f3b93d2e4de9986ec7d01af75b33babb,wtbd-curation-v1
362,362.jpg,362.xml,362.xml,362.jpg,362.jpg,validation,362.jpg,primary,consistent,primary_confirmed,,unique,validation,True,none,not_required,,,data/metadata/wtbd/second_annotator_comparison.csv,568c00e99f5ca8d205c5b48b3c058ca8f3b93d2e4de9986ec7d01af75b33babb,wtbd-curation-v1
363,363.jpg,363.xml,363.xml,363.jpg,363.jpg,test,363.jpg,primary,consistent,primary_confirmed,,near_duplicate_review,test,True,none,not_required,,,data/metadata/wtbd/second_annotator_comparison.csv,568c00e99f5ca8d205c5b48b3c058ca8f3b93d2e4de9986ec7d01af75b33babb,wtbd-curation-v1
364,364.jpg,364.xml,364.xml,364.jpg,364.jpg,train,364.jpg,primary,consistent,primary_confirmed,,unique,train,True,none,not_required,,,data/metadata/wtbd/second_annotator_comparison.csv,568c00e99f5ca8d205c5b48b3c058ca8f3b93d2e4de9986ec7d01af75b33babb,wtbd-curation-v1
365,365.jpg,365.xml,365.xml,365.jpg,365.jpg,train,365.jpg,primary,consistent,primary_confirmed,,unique,train,True,none,not_required,,,data/metadata/wtbd/second_annotator_comparison.csv,568c00e99f5ca8d205c5b48b3c058ca8f3b93d2e4de9986ec7d01af75b33babb,wtbd-curation-v1
366,366.jpg,366.xml,366.xml,366.jpg,366.jpg,train,366.jpg,primary,consistent,primary_confirmed,scene-021,near_duplicate_same_scene,,False,near_duplicate_same_scene_redundant,not_required,,,data/metadata/wtbd/second_annotator_comparison.csv,568c00e99f5ca8d205c5b48b3c058ca8f3b93d2e4de9986ec7d01af75b33babb,wtbd-curation-v1
367,367.jpg,367.xml,367.xml,367.jpg,367.jpg,train,367.jpg,primary,consistent,primary_confirmed,,unique,train,True,none,not_required,,,data/metadata/wtbd/second_annotator_comparison.csv,568c00e99f5ca8d205c5b48b3c058ca8f3b93d2e4de9986ec7d01af75b33babb,wtbd-curation-v1
368,368.jpg,368.xml,368.xml,368.jpg,368.jpg,train,368.jpg,primary,consistent,primary_confirmed,scene-040,near_duplicate_same_scene,train,True,none,not_required,,,data/metadata/wtbd/second_annotator_comparison.csv,568c00e99f5ca8d205c5b48b3c058ca8f3b93d2e4de9986ec7d01af75b33babb,wtbd-curation-v1
369,369.jpg,369.xml,369.xml,369.jpg,369.jpg,train,369.jpg,primary,consistent,primary_confirmed,,unique,train,True,none,not_required,,,data/metadata/wtbd/second_annotator_comparison.csv,568c00e99f5ca8d205c5b48b3c058ca8f3b93d2e4de9986ec7d01af75b33babb,wtbd-curation-v1
370,370.jpg,370.xml,370.xml,370.jpg,370.jpg,test,370.jpg,primary,consistent,primary_confirmed,,near_duplicate_review,test,True,none,not_required,,,data/metadata/wtbd/second_annotator_comparison.csv,568c00e99f5ca8d205c5b48b3c058ca8f3b93d2e4de9986ec7d01af75b33babb,wtbd-curation-v1
371,371.jpg,371.xml,371.xml,371.jpg,371.jpg,validation,371.jpg,primary,consistent,primary_confirmed,,unique,validation,True,none,not_required,,,data/metadata/wtbd/second_annotator_comparison.csv,568c00e99f5ca8d205c5b48b3c058ca8f3b93d2e4de9986ec7d01af75b33babb,wtbd-curation-v1
372,372.jpg,372.xml,372.xml,372.jpg,372.jpg,train,372.jpg,primary,consistent,primary_confirmed,,unique,train,True,none,not_required,,,data/metadata/wtbd/second_annotator_comparison.csv,568c00e99f5ca8d205c5b48b3c058ca8f3b93d2e4de9986ec7d01af75b33babb,wtbd-curation-v1
373,373.jpg,373.xml,373.xml,373.jpg,373.jpg,test,373.jpg,primary,consistent,primary_confirmed,,unique,test,True,none,not_required,,,data/metadata/wtbd/second_annotator_comparison.csv,568c00e99f5ca8d205c5b48b3c058ca8f3b93d2e4de9986ec7d01af75b33babb,wtbd-curation-v1
374,374.jpg,374.xml,374.xml,374.jpg,374.jpg,train,374.jpg,primary,consistent,primary_confirmed,,unique,train,True,none,not_required,,,data/metadata/wtbd/second_annotator_comparison.csv,568c00e99f5ca8d205c5b48b3c058ca8f3b93d2e4de9986ec7d01af75b33babb,wtbd-curation-v1
375,375.jpg,375.xml,375.xml,375.jpg,375.jpg,train,375.jpg,primary,consistent,primary_confirmed,,unique,train,True,none,not_required,,,data/metadata/wtbd/second_annotator_comparison.csv,568c00e99f5ca8d205c5b48b3c058ca8f3b93d2e4de9986ec7d01af75b33babb,wtbd-curation-v1
376,376.jpg,376.xml,376.xml,376.jpg,376.jpg,train,376.jpg,primary,consistent,primary_confirmed,,unique,train,True,none,not_required,,,data/metadata/wtbd/second_annotator_comparison.csv,568c00e99f5ca8d205c5b48b3c058ca8f3b93d2e4de9986ec7d01af75b33babb,wtbd-curation-v1
377,377.jpg,377.xml,377.xml,377.jpg,377.jpg,train,377.jpg,primary,consistent,primary_confirmed,,unique,train,True,none,not_required,,,data/metadata/wtbd/second_annotator_comparison.csv,568c00e99f5ca8d205c5b48b3c058ca8f3b93d2e4de9986ec7d01af75b33babb,wtbd-curation-v1
378,378.jpg,378.xml,378.xml,378.jpg,378.jpg,train,378.jpg,primary,consistent,primary_confirmed,scene-035,near_duplicate_same_scene,,False,near_duplicate_same_scene_redundant,not_required,,,data/metadata/wtbd/second_annotator_comparison.csv,568c00e99f5ca8d205c5b48b3c058ca8f3b93d2e4de9986ec7d01af75b33babb,wtbd-curation-v1
379,379.jpg,379.xml,379.xml,379.jpg,379.jpg,test,379.jpg,primary,consistent,primary_confirmed,,near_duplicate_review,test,True,none,not_required,,,data/metadata/wtbd/second_annotator_comparison.csv,568c00e99f5ca8d205c5b48b3c058ca8f3b93d2e4de9986ec7d01af75b33babb,wtbd-curation-v1
380,380.jpg,380.xml,380.xml,380.jpg,380.jpg,train,380.jpg,primary,consistent,primary_confirmed,,unique,train,True,none,not_required,,,data/metadata/wtbd/second_annotator_comparison.csv,568c00e99f5ca8d205c5b48b3c058ca8f3b93d2e4de9986ec7d01af75b33babb,wtbd-curation-v1
381,381.jpg,381.xml,381.xml,381.jpg,381.jpg,train,381.jpg,primary,consistent,primary_confirmed,,near_duplicate_review,train,True,none,not_required,,,data/metadata/wtbd/second_annotator_comparison.csv,568c00e99f5ca8d205c5b48b3c058ca8f3b93d2e4de9986ec7d01af75b33babb,wtbd-curation-v1
382,382.jpg,382.xml,382.xml,382.jpg,382.jpg,validation,382.jpg,primary,consistent,primary_confirmed,,unique,validation,True,none,not_required,,,data/metadata/wtbd/second_annotator_comparison.csv,568c00e99f5ca8d205c5b48b3c058ca8f3b93d2e4de9986ec7d01af75b33babb,wtbd-curation-v1
383,383.jpg,383.xml,383.xml,383.jpg,383.jpg,train,383.jpg,primary,consistent,primary_confirmed,scene-041,near_duplicate_same_scene,train,True,none,not_required,,,data/metadata/wtbd/second_annotator_comparison.csv,568c00e99f5ca8d205c5b48b3c058ca8f3b93d2e4de9986ec7d01af75b33babb,wtbd-curation-v1
384,384.jpg,384.xml,384.xml,384.jpg,384.jpg,train,384.jpg,primary,consistent,primary_confirmed,,near_duplicate_review,train,True,none,not_required,,,data/metadata/wtbd/second_annotator_comparison.csv,568c00e99f5ca8d205c5b48b3c058ca8f3b93d2e4de9986ec7d01af75b33babb,wtbd-curation-v1
385,385.jpg,385.xml,385.xml,385.jpg,385.jpg,train,385.jpg,primary,consistent,primary_confirmed,,unique,train,True,none,not_required,,,data/metadata/wtbd/second_annotator_comparison.csv,568c00e99f5ca8d205c5b48b3c058ca8f3b93d2e4de9986ec7d01af75b33babb,wtbd-curation-v1
386,386.jpg,386.xml,386.xml,386.jpg,386.jpg,train,386.jpg,primary,consistent,primary_confirmed,,unique,train,True,none,not_required,,,data/metadata/wtbd/second_annotator_comparison.csv,568c00e99f5ca8d205c5b48b3c058ca8f3b93d2e4de9986ec7d01af75b33babb,wtbd-curation-v1
387,387.jpg,387.xml,387.xml,387.jpg,387.jpg,train,387.jpg,primary,consistent,primary_confirmed,,near_duplicate_review,train,True,none,not_required,,,data/metadata/wtbd/second_annotator_comparison.csv,568c00e99f5ca8d205c5b48b3c058ca8f3b93d2e4de9986ec7d01af75b33babb,wtbd-curation-v1
388,388.jpg,388.xml,388.xml,388.jpg,388.jpg,test,388.jpg,primary,consistent,primary_confirmed,,near_duplicate_review,test,True,none,not_required,,,data/metadata/wtbd/second_annotator_comparison.csv,568c00e99f5ca8d205c5b48b3c058ca8f3b93d2e4de9986ec7d01af75b33babb,wtbd-curation-v1
389,389.jpg,389.xml,389.xml,389.jpg,389.jpg,test,389.jpg,primary,consistent,primary_confirmed,,near_duplicate_review,test,True,none,not_required,,,data/metadata/wtbd/second_annotator_comparison.csv,568c00e99f5ca8d205c5b48b3c058ca8f3b93d2e4de9986ec7d01af75b33babb,wtbd-curation-v1
390,390.jpg,390.xml,390.xml,390.jpg,390.jpg,test,390.jpg,primary,consistent,primary_confirmed,,unique,test,True,none,not_required,,,data/metadata/wtbd/second_annotator_comparison.csv,568c00e99f5ca8d205c5b48b3c058ca8f3b93d2e4de9986ec7d01af75b33babb,wtbd-curation-v1
391,391.jpg,391.xml,391.xml,391.jpg,391.jpg,train,391.jpg,primary,consistent,primary_confirmed,,near_duplicate_review,train,True,none,not_required,,,data/metadata/wtbd/second_annotator_comparison.csv,568c00e99f5ca8d205c5b48b3c058ca8f3b93d2e4de9986ec7d01af75b33babb,wtbd-curation-v1
392,392.jpg,392.xml,392.xml,392.jpg,392.jpg,train,392.jpg,primary,consistent,primary_confirmed,,near_duplicate_review,train,True,none,not_required,,,data/metadata/wtbd/second_annotator_comparison.csv,568c00e99f5ca8d205c5b48b3c058ca8f3b93d2e4de9986ec7d01af75b33babb,wtbd-curation-v1
393,393.jpg,393.xml,393.xml,393.jpg,393.jpg,train,393.jpg,primary,consistent,primary_confirmed,,unique,train,True,none,not_required,,,data/metadata/wtbd/second_annotator_comparison.csv,568c00e99f5ca8d205c5b48b3c058ca8f3b93d2e4de9986ec7d01af75b33babb,wtbd-curation-v1
394,394.jpg,394.xml,394.xml,394.jpg,394.jpg,test,394.jpg,primary,consistent,primary_confirmed,,unique,test,True,none,not_required,,,data/metadata/wtbd/second_annotator_comparison.csv,568c00e99f5ca8d205c5b48b3c058ca8f3b93d2e4de9986ec7d01af75b33babb,wtbd-curation-v1
395,395.jpg,395.xml,395.xml,395.jpg,395.jpg,train,395.jpg,primary,consistent,primary_confirmed,,unique,train,True,none,not_required,,,data/metadata/wtbd/second_annotator_comparison.csv,568c00e99f5ca8d205c5b48b3c058ca8f3b93d2e4de9986ec7d01af75b33babb,wtbd-curation-v1
396,396.jpg,396.xml,396.xml,396.jpg,396.jpg,train,396.jpg,primary,consistent,primary_confirmed,scene-030,near_duplicate_same_scene,,False,near_duplicate_same_scene_redundant,not_required,,,data/metadata/wtbd/second_annotator_comparison.csv,568c00e99f5ca8d205c5b48b3c058ca8f3b93d2e4de9986ec7d01af75b33babb,wtbd-curation-v1
397,397.jpg,397.xml,397.xml,397.jpg,397.jpg,train,397.jpg,primary,consistent,primary_confirmed,,unique,train,True,none,not_required,,,data/metadata/wtbd/second_annotator_comparison.csv,568c00e99f5ca8d205c5b48b3c058ca8f3b93d2e4de9986ec7d01af75b33babb,wtbd-curation-v1
398,398.jpg,398.xml,398.xml,398.jpg,398.jpg,train,398.jpg,primary,consistent,primary_confirmed,,unique,train,True,none,not_required,,,data/metadata/wtbd/second_annotator_comparison.csv,568c00e99f5ca8d205c5b48b3c058ca8f3b93d2e4de9986ec7d01af75b33babb,wtbd-curation-v1
399,399.jpg,399.xml,399.xml,399.jpg,399.jpg,train,399.jpg,primary,consistent,primary_confirmed,scene-028,near_duplicate_same_scene,,False,near_duplicate_same_scene_redundant,not_required,,,data/metadata/wtbd/second_annotator_comparison.csv,568c00e99f5ca8d205c5b48b3c058ca8f3b93d2e4de9986ec7d01af75b33babb,wtbd-curation-v1
400,400.jpg,400.xml,400.xml,400.jpg,400.jpg,train,400.jpg,primary,consistent,primary_confirmed,scene-042,near_duplicate_same_scene,train,True,none,not_required,,,data/metadata/wtbd/second_annotator_comparison.csv,568c00e99f5ca8d205c5b48b3c058ca8f3b93d2e4de9986ec7d01af75b33babb,wtbd-curation-v1
401,401.jpg,401.xml,401.xml,401.jpg,401.jpg,train,401.jpg,primary,consistent,primary_confirmed,,unique,train,True,none,not_required,,,data/metadata/wtbd/second_annotator_comparison.csv,568c00e99f5ca8d205c5b48b3c058ca8f3b93d2e4de9986ec7d01af75b33babb,wtbd-curation-v1
402,402.jpg,402.xml,402.xml,402.jpg,402.jpg,train,402.jpg,primary,consistent,primary_confirmed,scene-012,near_duplicate_same_scene,,False,near_duplicate_same_scene_redundant,not_required,,,data/metadata/wtbd/second_annotator_comparison.csv,568c00e99f5ca8d205c5b48b3c058ca8f3b93d2e4de9986ec7d01af75b33babb,wtbd-curation-v1
403,403.jpg,403.xml,403.xml,403.jpg,403.jpg,train,403.jpg,primary,consistent,primary_confirmed,scene-043,near_duplicate_same_scene,train,True,none,not_required,,,data/metadata/wtbd/second_annotator_comparison.csv,568c00e99f5ca8d205c5b48b3c058ca8f3b93d2e4de9986ec7d01af75b33babb,wtbd-curation-v1
404,404.jpg,404.xml,404.xml,404.jpg,404.jpg,train,404.jpg,primary,consistent,primary_confirmed,,unique,train,True,none,not_required,,,data/metadata/wtbd/second_annotator_comparison.csv,568c00e99f5ca8d205c5b48b3c058ca8f3b93d2e4de9986ec7d01af75b33babb,wtbd-curation-v1
405,405.jpg,405.xml,405.xml,405.jpg,405.jpg,test,405.jpg,primary,consistent,primary_confirmed,,unique,test,True,none,not_required,,,data/metadata/wtbd/second_annotator_comparison.csv,568c00e99f5ca8d205c5b48b3c058ca8f3b93d2e4de9986ec7d01af75b33babb,wtbd-curation-v1
406,406.jpg,406.xml,406.xml,406.jpg,406.jpg,train,406.jpg,primary,consistent,primary_confirmed,,near_duplicate_review,train,True,none,not_required,,,data/metadata/wtbd/second_annotator_comparison.csv,568c00e99f5ca8d205c5b48b3c058ca8f3b93d2e4de9986ec7d01af75b33babb,wtbd-curation-v1
407,407.jpg,407.xml,407.xml,407.jpg,407.jpg,test,407.jpg,primary,consistent,primary_confirmed,,unique,test,True,none,not_required,,,data/metadata/wtbd/second_annotator_comparison.csv,568c00e99f5ca8d205c5b48b3c058ca8f3b93d2e4de9986ec7d01af75b33babb,wtbd-curation-v1
408,408.jpg,408.xml,408.xml,408.jpg,408.jpg,test,408.jpg,primary,consistent,primary_confirmed,,unique,test,True,none,not_required,,,data/metadata/wtbd/second_annotator_comparison.csv,568c00e99f5ca8d205c5b48b3c058ca8f3b93d2e4de9986ec7d01af75b33babb,wtbd-curation-v1
409,409.jpg,409.xml,409.xml,409.jpg,409.jpg,train,409.jpg,primary,consistent,primary_confirmed,,unique,train,True,none,not_required,,,data/metadata/wtbd/second_annotator_comparison.csv,568c00e99f5ca8d205c5b48b3c058ca8f3b93d2e4de9986ec7d01af75b33babb,wtbd-curation-v1
410,410.jpg,410.xml,410.xml,410.jpg,410.jpg,test,410.jpg,primary,consistent,primary_confirmed,,unique,test,True,none,not_required,,,data/metadata/wtbd/second_annotator_comparison.csv,568c00e99f5ca8d205c5b48b3c058ca8f3b93d2e4de9986ec7d01af75b33babb,wtbd-curation-v1
411,411.jpg,411.xml,411.xml,411.jpg,411.jpg,train,411.jpg,primary,consistent,primary_confirmed,,unique,train,True,none,not_required,,,data/metadata/wtbd/second_annotator_comparison.csv,568c00e99f5ca8d205c5b48b3c058ca8f3b93d2e4de9986ec7d01af75b33babb,wtbd-curation-v1
412,412.jpg,412.xml,412.xml,412.jpg,412.jpg,validation,412.jpg,primary,consistent,primary_confirmed,,unique,validation,True,none,not_required,,,data/metadata/wtbd/second_annotator_comparison.csv,568c00e99f5ca8d205c5b48b3c058ca8f3b93d2e4de9986ec7d01af75b33babb,wtbd-curation-v1
413,413.jpg,413.xml,413.xml,413.jpg,413.jpg,train,413.jpg,primary,consistent,primary_confirmed,,unique,train,True,none,not_required,,,data/metadata/wtbd/second_annotator_comparison.csv,568c00e99f5ca8d205c5b48b3c058ca8f3b93d2e4de9986ec7d01af75b33babb,wtbd-curation-v1
414,414.jpg,414.xml,414.xml,414.jpg,414.jpg,train,414.jpg,primary,consistent,primary_confirmed,,unique,train,True,none,not_required,,,data/metadata/wtbd/second_annotator_comparison.csv,568c00e99f5ca8d205c5b48b3c058ca8f3b93d2e4de9986ec7d01af75b33babb,wtbd-curation-v1
415,415.jpg,415.xml,415.xml,415.jpg,415.jpg,train,415.jpg,primary,consistent,primary_confirmed,,unique,train,True,none,not_required,,,data/metadata/wtbd/second_annotator_comparison.csv,568c00e99f5ca8d205c5b48b3c058ca8f3b93d2e4de9986ec7d01af75b33babb,wtbd-curation-v1
416,416.jpg,416.xml,416.xml,416.jpg,416.jpg,validation,416.jpg,primary,consistent,primary_confirmed,,unique,validation,True,none,not_required,,,data/metadata/wtbd/second_annotator_comparison.csv,568c00e99f5ca8d205c5b48b3c058ca8f3b93d2e4de9986ec7d01af75b33babb,wtbd-curation-v1
417,417.jpg,417.xml,417.xml,417.jpg,417.jpg,train,417.jpg,primary,consistent,primary_confirmed,,unique,train,True,none,not_required,,,data/metadata/wtbd/second_annotator_comparison.csv,568c00e99f5ca8d205c5b48b3c058ca8f3b93d2e4de9986ec7d01af75b33babb,wtbd-curation-v1
418,418.jpg,418.xml,418.xml,418.jpg,418.jpg,train,418.jpg,primary,consistent,primary_confirmed,,unique,train,True,none,not_required,,,data/metadata/wtbd/second_annotator_comparison.csv,568c00e99f5ca8d205c5b48b3c058ca8f3b93d2e4de9986ec7d01af75b33babb,wtbd-curation-v1
419,419.jpg,419.xml,419.xml,419.jpg,419.jpg,train,419.jpg,primary,consistent,primary_confirmed,,unique,train,True,none,not_required,,,data/metadata/wtbd/second_annotator_comparison.csv,568c00e99f5ca8d205c5b48b3c058ca8f3b93d2e4de9986ec7d01af75b33babb,wtbd-curation-v1
420,420.jpg,420.xml,420.xml,420.jpg,420.jpg,validation,420.jpg,primary,consistent,primary_confirmed,,near_duplicate_review,validation,True,none,not_required,,,data/metadata/wtbd/second_annotator_comparison.csv,568c00e99f5ca8d205c5b48b3c058ca8f3b93d2e4de9986ec7d01af75b33babb,wtbd-curation-v1
421,421.jpg,421.xml,421.xml,421.jpg,421.jpg,train,421.jpg,primary,consistent,primary_confirmed,,unique,train,True,none,not_required,,,data/metadata/wtbd/second_annotator_comparison.csv,568c00e99f5ca8d205c5b48b3c058ca8f3b93d2e4de9986ec7d01af75b33babb,wtbd-curation-v1
422,422.jpg,422.xml,422.xml,422.jpg,422.jpg,train,422.jpg,primary,consistent,primary_confirmed,,unique,train,True,none,not_required,,,data/metadata/wtbd/second_annotator_comparison.csv,568c00e99f5ca8d205c5b48b3c058ca8f3b93d2e4de9986ec7d01af75b33babb,wtbd-curation-v1
423,423.jpg,423.xml,423.xml,423.jpg,423.jpg,train,423.jpg,primary,consistent,primary_confirmed,,unique,train,True,none,not_required,,,data/metadata/wtbd/second_annotator_comparison.csv,568c00e99f5ca8d205c5b48b3c058ca8f3b93d2e4de9986ec7d01af75b33babb,wtbd-curation-v1
424,424.jpg,424.xml,424.xml,424.jpg,424.jpg,train,424.jpg,primary,consistent,primary_confirmed,,unique,train,True,none,not_required,,,data/metadata/wtbd/second_annotator_comparison.csv,568c00e99f5ca8d205c5b48b3c058ca8f3b93d2e4de9986ec7d01af75b33babb,wtbd-curation-v1
425,425.jpg,425.xml,425.xml,425.jpg,425.jpg,train,425.jpg,primary,consistent,primary_confirmed,,unique,train,True,none,not_required,,,data/metadata/wtbd/second_annotator_comparison.csv,568c00e99f5ca8d205c5b48b3c058ca8f3b93d2e4de9986ec7d01af75b33babb,wtbd-curation-v1
426,426.jpg,426.xml,426.xml,426.jpg,426.jpg,train,426.jpg,primary,consistent,primary_confirmed,,near_duplicate_review,train,True,none,not_required,,,data/metadata/wtbd/second_annotator_comparison.csv,568c00e99f5ca8d205c5b48b3c058ca8f3b93d2e4de9986ec7d01af75b33babb,wtbd-curation-v1
427,427.jpg,427.xml,427.xml,427.jpg,427.jpg,train,427.jpg,primary,consistent,primary_confirmed,,unique,train,True,none,not_required,,,data/metadata/wtbd/second_annotator_comparison.csv,568c00e99f5ca8d205c5b48b3c058ca8f3b93d2e4de9986ec7d01af75b33babb,wtbd-curation-v1
428,428.jpg,428.xml,428.xml,428.jpg,428.jpg,train,428.jpg,primary,consistent,primary_confirmed,,unique,train,True,none,not_required,,,data/metadata/wtbd/second_annotator_comparison.csv,568c00e99f5ca8d205c5b48b3c058ca8f3b93d2e4de9986ec7d01af75b33babb,wtbd-curation-v1
429,429.jpg,429.xml,429.xml,429.jpg,429.jpg,train,429.jpg,primary,consistent,primary_confirmed,,unique,train,True,none,not_required,,,data/metadata/wtbd/second_annotator_comparison.csv,568c00e99f5ca8d205c5b48b3c058ca8f3b93d2e4de9986ec7d01af75b33babb,wtbd-curation-v1
430,430.jpg,430.xml,430.xml,430.jpg,430.jpg,train,430.jpg,primary,consistent,primary_confirmed,,unique,train,True,none,not_required,,,data/metadata/wtbd/second_annotator_comparison.csv,568c00e99f5ca8d205c5b48b3c058ca8f3b93d2e4de9986ec7d01af75b33babb,wtbd-curation-v1
431,431.jpg,431.xml,431.xml,431.jpg,431.jpg,train,431.jpg,primary,consistent,primary_confirmed,,near_duplicate_review,train,True,none,not_required,,,data/metadata/wtbd/second_annotator_comparison.csv,568c00e99f5ca8d205c5b48b3c058ca8f3b93d2e4de9986ec7d01af75b33babb,wtbd-curation-v1
432,432.jpg,432.xml,432.xml,432.jpg,432.jpg,test,432.jpg,primary,consistent,primary_confirmed,scene-044,near_duplicate_same_scene,test,True,none,not_required,,,data/metadata/wtbd/second_annotator_comparison.csv,568c00e99f5ca8d205c5b48b3c058ca8f3b93d2e4de9986ec7d01af75b33babb,wtbd-curation-v1
433,433.jpg,433.xml,433.xml,433.jpg,433.jpg,validation,433.jpg,primary,consistent,primary_confirmed,,unique,validation,True,none,not_required,,,data/metadata/wtbd/second_annotator_comparison.csv,568c00e99f5ca8d205c5b48b3c058ca8f3b93d2e4de9986ec7d01af75b33babb,wtbd-curation-v1
434,434.jpg,434.xml,434.xml,434.jpg,434.jpg,train,434.jpg,primary,consistent,primary_confirmed,,unique,train,True,none,not_required,,,data/metadata/wtbd/second_annotator_comparison.csv,568c00e99f5ca8d205c5b48b3c058ca8f3b93d2e4de9986ec7d01af75b33babb,wtbd-curation-v1
435,435.jpg,435.xml,435.xml,435.jpg,435.jpg,train,435.jpg,primary,consistent,primary_confirmed,,near_duplicate_review,train,True,none,not_required,,,data/metadata/wtbd/second_annotator_comparison.csv,568c00e99f5ca8d205c5b48b3c058ca8f3b93d2e4de9986ec7d01af75b33babb,wtbd-curation-v1
436,436.jpg,436.xml,436.xml,436.jpg,436.jpg,train,436.jpg,primary,consistent,primary_confirmed,,near_duplicate_review,train,True,none,not_required,,,data/metadata/wtbd/second_annotator_comparison.csv,568c00e99f5ca8d205c5b48b3c058ca8f3b93d2e4de9986ec7d01af75b33babb,wtbd-curation-v1
437,437.jpg,437.xml,437.xml,437.jpg,437.jpg,train,437.jpg,primary,consistent,primary_confirmed,,unique,train,True,none,not_required,,,data/metadata/wtbd/second_annotator_comparison.csv,568c00e99f5ca8d205c5b48b3c058ca8f3b93d2e4de9986ec7d01af75b33babb,wtbd-curation-v1
438,438.jpg,438.xml,438.xml,438.jpg,438.jpg,test,438.jpg,primary,consistent,primary_confirmed,,unique,test,True,none,not_required,,,data/metadata/wtbd/second_annotator_comparison.csv,568c00e99f5ca8d205c5b48b3c058ca8f3b93d2e4de9986ec7d01af75b33babb,wtbd-curation-v1
439,439.jpg,439.xml,439.xml,439.jpg,439.jpg,train,439.jpg,primary,consistent,primary_confirmed,,unique,train,True,none,not_required,,,data/metadata/wtbd/second_annotator_comparison.csv,568c00e99f5ca8d205c5b48b3c058ca8f3b93d2e4de9986ec7d01af75b33babb,wtbd-curation-v1
440,440.jpg,440.xml,440.xml,440.jpg,440.jpg,test,440.jpg,primary,consistent,primary_confirmed,,unique,test,True,none,not_required,,,data/metadata/wtbd/second_annotator_comparison.csv,568c00e99f5ca8d205c5b48b3c058ca8f3b93d2e4de9986ec7d01af75b33babb,wtbd-curation-v1
441,441.jpg,441.xml,441.xml,441.jpg,441.jpg,validation,441.jpg,primary,consistent,primary_confirmed,,unique,validation,True,none,not_required,,,data/metadata/wtbd/second_annotator_comparison.csv,568c00e99f5ca8d205c5b48b3c058ca8f3b93d2e4de9986ec7d01af75b33babb,wtbd-curation-v1
442,442.jpg,442.xml,442.xml,442.jpg,442.jpg,train,442.jpg,primary,consistent,primary_confirmed,,unique,train,True,none,not_required,,,data/metadata/wtbd/second_annotator_comparison.csv,568c00e99f5ca8d205c5b48b3c058ca8f3b93d2e4de9986ec7d01af75b33babb,wtbd-curation-v1
443,443.jpg,443.xml,443.xml,443.jpg,443.jpg,train,443.jpg,primary,consistent,primary_confirmed,,unique,train,True,none,not_required,,,data/metadata/wtbd/second_annotator_comparison.csv,568c00e99f5ca8d205c5b48b3c058ca8f3b93d2e4de9986ec7d01af75b33babb,wtbd-curation-v1
444,444.jpg,444.xml,444.xml,444.jpg,444.jpg,train,444.jpg,primary,consistent,primary_confirmed,,unique,train,True,none,not_required,,,data/metadata/wtbd/second_annotator_comparison.csv,568c00e99f5ca8d205c5b48b3c058ca8f3b93d2e4de9986ec7d01af75b33babb,wtbd-curation-v1
445,445.jpg,445.xml,445.xml,445.jpg,445.jpg,validation,445.jpg,primary,consistent,primary_confirmed,scene-018,near_duplicate_same_scene,,False,near_duplicate_same_scene_redundant,not_required,,,data/metadata/wtbd/second_annotator_comparison.csv,568c00e99f5ca8d205c5b48b3c058ca8f3b93d2e4de9986ec7d01af75b33babb,wtbd-curation-v1
446,446.jpg,446.xml,446.xml,446.jpg,446.jpg,train,446.jpg,primary,consistent,primary_confirmed,,unique,train,True,none,not_required,,,data/metadata/wtbd/second_annotator_comparison.csv,568c00e99f5ca8d205c5b48b3c058ca8f3b93d2e4de9986ec7d01af75b33babb,wtbd-curation-v1
447,447.jpg,447.xml,447.xml,447.jpg,447.jpg,test,447.jpg,primary,consistent,primary_confirmed,,unique,test,True,none,not_required,,,data/metadata/wtbd/second_annotator_comparison.csv,568c00e99f5ca8d205c5b48b3c058ca8f3b93d2e4de9986ec7d01af75b33babb,wtbd-curation-v1
448,448.jpg,448.xml,448.xml,448.jpg,448.jpg,validation,448.jpg,primary,consistent,primary_confirmed,,unique,validation,True,none,not_required,,,data/metadata/wtbd/second_annotator_comparison.csv,568c00e99f5ca8d205c5b48b3c058ca8f3b93d2e4de9986ec7d01af75b33babb,wtbd-curation-v1
449,449.jpg,449.xml,449.xml,449.jpg,449.jpg,train,449.jpg,primary,consistent,primary_confirmed,,unique,train,True,none,not_required,,,data/metadata/wtbd/second_annotator_comparison.csv,568c00e99f5ca8d205c5b48b3c058ca8f3b93d2e4de9986ec7d01af75b33babb,wtbd-curation-v1
450,450.jpg,450.xml,450.xml,450.jpg,450.jpg,train,450.jpg,primary,consistent,primary_confirmed,,unique,train,True,none,not_required,,,data/metadata/wtbd/second_annotator_comparison.csv,568c00e99f5ca8d205c5b48b3c058ca8f3b93d2e4de9986ec7d01af75b33babb,wtbd-curation-v1
451,451.jpg,451.xml,451.xml,451.jpg,451.jpg,test,451.jpg,primary,consistent,primary_confirmed,,unique,test,True,none,not_required,,,data/metadata/wtbd/second_annotator_comparison.csv,568c00e99f5ca8d205c5b48b3c058ca8f3b93d2e4de9986ec7d01af75b33babb,wtbd-curation-v1
452,452.jpg,452.xml,452.xml,452.jpg,452.jpg,train,452.jpg,primary,consistent,primary_confirmed,,near_duplicate_review,train,True,none,not_required,,,data/metadata/wtbd/second_annotator_comparison.csv,568c00e99f5ca8d205c5b48b3c058ca8f3b93d2e4de9986ec7d01af75b33babb,wtbd-curation-v1
453,453.jpg,453.xml,453.xml,453.jpg,453.jpg,validation,453.jpg,primary,consistent,primary_confirmed,,near_duplicate_review,validation,True,none,not_required,,,data/metadata/wtbd/second_annotator_comparison.csv,568c00e99f5ca8d205c5b48b3c058ca8f3b93d2e4de9986ec7d01af75b33babb,wtbd-curation-v1
454,454.jpg,454.xml,454.xml,454.jpg,454.jpg,train,454.jpg,primary,consistent,primary_confirmed,,unique,train,True,none,not_required,,,data/metadata/wtbd/second_annotator_comparison.csv,568c00e99f5ca8d205c5b48b3c058ca8f3b93d2e4de9986ec7d01af75b33babb,wtbd-curation-v1
455,455.jpg,455.xml,455.xml,455.jpg,455.jpg,train,455.jpg,primary,consistent,primary_confirmed,,unique,train,True,none,not_required,,,data/metadata/wtbd/second_annotator_comparison.csv,568c00e99f5ca8d205c5b48b3c058ca8f3b93d2e4de9986ec7d01af75b33babb,wtbd-curation-v1
456,456.jpg,456.xml,456.xml,456.jpg,456.jpg,train,456.jpg,primary,consistent,primary_confirmed,,near_duplicate_review,train,True,none,not_required,,,data/metadata/wtbd/second_annotator_comparison.csv,568c00e99f5ca8d205c5b48b3c058ca8f3b93d2e4de9986ec7d01af75b33babb,wtbd-curation-v1
457,457.jpg,457.xml,457.xml,457.jpg,457.jpg,test,457.jpg,primary,consistent,primary_confirmed,,near_duplicate_review,test,True,none,not_required,,,data/metadata/wtbd/second_annotator_comparison.csv,568c00e99f5ca8d205c5b48b3c058ca8f3b93d2e4de9986ec7d01af75b33babb,wtbd-curation-v1
458,458.jpg,458.xml,458.xml,458.jpg,458.jpg,train,458.jpg,primary,consistent,primary_confirmed,,unique,train,True,none,not_required,,,data/metadata/wtbd/second_annotator_comparison.csv,568c00e99f5ca8d205c5b48b3c058ca8f3b93d2e4de9986ec7d01af75b33babb,wtbd-curation-v1
459,459.jpg,459.xml,459.xml,459.jpg,459.jpg,validation,459.jpg,primary,consistent,primary_confirmed,,unique,validation,True,none,not_required,,,data/metadata/wtbd/second_annotator_comparison.csv,568c00e99f5ca8d205c5b48b3c058ca8f3b93d2e4de9986ec7d01af75b33babb,wtbd-curation-v1
460,460.jpg,460.xml,460.xml,460.jpg,460.jpg,train,460.jpg,primary,consistent,primary_confirmed,scene-012,near_duplicate_same_scene,,False,near_duplicate_same_scene_redundant,not_required,,,data/metadata/wtbd/second_annotator_comparison.csv,568c00e99f5ca8d205c5b48b3c058ca8f3b93d2e4de9986ec7d01af75b33babb,wtbd-curation-v1
461,461.jpg,461.xml,461.xml,461.jpg,461.jpg,train,461.jpg,primary,consistent,primary_confirmed,,near_duplicate_review,train,True,none,not_required,,,data/metadata/wtbd/second_annotator_comparison.csv,568c00e99f5ca8d205c5b48b3c058ca8f3b93d2e4de9986ec7d01af75b33babb,wtbd-curation-v1
462,462.jpg,462.xml,462.xml,462.jpg,462.jpg,validation,462.jpg,primary,consistent,primary_confirmed,,unique,validation,True,none,not_required,,,data/metadata/wtbd/second_annotator_comparison.csv,568c00e99f5ca8d205c5b48b3c058ca8f3b93d2e4de9986ec7d01af75b33babb,wtbd-curation-v1
463,463.jpg,463.xml,463.xml,463.jpg,463.jpg,train,463.jpg,primary,consistent,primary_confirmed,,unique,train,True,none,not_required,,,data/metadata/wtbd/second_annotator_comparison.csv,568c00e99f5ca8d205c5b48b3c058ca8f3b93d2e4de9986ec7d01af75b33babb,wtbd-curation-v1
464,464.jpg,464.xml,464.xml,464.jpg,464.jpg,test,464.jpg,primary,consistent,primary_confirmed,,unique,test,True,none,not_required,,,data/metadata/wtbd/second_annotator_comparison.csv,568c00e99f5ca8d205c5b48b3c058ca8f3b93d2e4de9986ec7d01af75b33babb,wtbd-curation-v1
465,465.jpg,465.xml,465.xml,465.jpg,465.jpg,train,465.jpg,primary,consistent,primary_confirmed,scene-045,near_duplicate_same_scene,train,True,none,not_required,,,data/metadata/wtbd/second_annotator_comparison.csv,568c00e99f5ca8d205c5b48b3c058ca8f3b93d2e4de9986ec7d01af75b33babb,wtbd-curation-v1
466,466.jpg,466.xml,466.xml,466.jpg,466.jpg,train,466.jpg,primary,consistent,primary_confirmed,scene-018,near_duplicate_same_scene,,False,near_duplicate_same_scene_redundant,not_required,,,data/metadata/wtbd/second_annotator_comparison.csv,568c00e99f5ca8d205c5b48b3c058ca8f3b93d2e4de9986ec7d01af75b33babb,wtbd-curation-v1
467,467.jpg,467.xml,467.xml,467.jpg,467.jpg,train,467.jpg,primary,consistent,primary_confirmed,,unique,train,True,none,not_required,,,data/metadata/wtbd/second_annotator_comparison.csv,568c00e99f5ca8d205c5b48b3c058ca8f3b93d2e4de9986ec7d01af75b33babb,wtbd-curation-v1
468,468.jpg,468.xml,468.xml,468.jpg,468.jpg,train,468.jpg,primary,consistent,primary_confirmed,,unique,train,True,none,not_required,,,data/metadata/wtbd/second_annotator_comparison.csv,568c00e99f5ca8d205c5b48b3c058ca8f3b93d2e4de9986ec7d01af75b33babb,wtbd-curation-v1
469,469.jpg,469.xml,469.xml,469.jpg,469.jpg,test,469.jpg,primary,consistent,primary_confirmed,,unique,test,True,none,not_required,,,data/metadata/wtbd/second_annotator_comparison.csv,568c00e99f5ca8d205c5b48b3c058ca8f3b93d2e4de9986ec7d01af75b33babb,wtbd-curation-v1
470,470.jpg,470.xml,470.xml,470.jpg,470.jpg,train,470.jpg,primary,consistent,primary_confirmed,,unique,train,True,none,not_required,,,data/metadata/wtbd/second_annotator_comparison.csv,568c00e99f5ca8d205c5b48b3c058ca8f3b93d2e4de9986ec7d01af75b33babb,wtbd-curation-v1
471,471.jpg,471.xml,471.xml,471.jpg,471.jpg,train,471.jpg,primary,consistent,primary_confirmed,,unique,train,True,none,not_required,,,data/metadata/wtbd/second_annotator_comparison.csv,568c00e99f5ca8d205c5b48b3c058ca8f3b93d2e4de9986ec7d01af75b33babb,wtbd-curation-v1
472,472.jpg,472.xml,472.xml,472.jpg,472.jpg,train,472.jpg,primary,consistent,primary_confirmed,scene-002,near_duplicate_same_scene,,False,near_duplicate_same_scene_redundant,not_required,,,data/metadata/wtbd/second_annotator_comparison.csv,568c00e99f5ca8d205c5b48b3c058ca8f3b93d2e4de9986ec7d01af75b33babb,wtbd-curation-v1
473,473.jpg,473.xml,473.xml,473.jpg,473.jpg,test,473.jpg,primary,consistent,primary_confirmed,,unique,test,True,none,not_required,,,data/metadata/wtbd/second_annotator_comparison.csv,568c00e99f5ca8d205c5b48b3c058ca8f3b93d2e4de9986ec7d01af75b33babb,wtbd-curation-v1
474,474.jpg,474.xml,474.xml,474.jpg,474.jpg,train,474.jpg,primary,consistent,primary_confirmed,,unique,train,True,none,not_required,,,data/metadata/wtbd/second_annotator_comparison.csv,568c00e99f5ca8d205c5b48b3c058ca8f3b93d2e4de9986ec7d01af75b33babb,wtbd-curation-v1
475,475.jpg,475.xml,475.xml,475.jpg,475.jpg,train,475.jpg,primary,consistent,primary_confirmed,,unique,train,True,none,not_required,,,data/metadata/wtbd/second_annotator_comparison.csv,568c00e99f5ca8d205c5b48b3c058ca8f3b93d2e4de9986ec7d01af75b33babb,wtbd-curation-v1
476,476.jpg,476.xml,476.xml,476.jpg,476.jpg,test,476.jpg,primary,consistent,primary_confirmed,,near_duplicate_review,test,True,none,not_required,,,data/metadata/wtbd/second_annotator_comparison.csv,568c00e99f5ca8d205c5b48b3c058ca8f3b93d2e4de9986ec7d01af75b33babb,wtbd-curation-v1
477,477.jpg,477.xml,477.xml,477.jpg,477.jpg,train,477.jpg,primary,consistent,primary_confirmed,,near_duplicate_review,train,True,none,not_required,,,data/metadata/wtbd/second_annotator_comparison.csv,568c00e99f5ca8d205c5b48b3c058ca8f3b93d2e4de9986ec7d01af75b33babb,wtbd-curation-v1
478,478.jpg,478.xml,478.xml,478.jpg,478.jpg,validation,478.jpg,primary,consistent,primary_confirmed,,unique,validation,True,none,not_required,,,data/metadata/wtbd/second_annotator_comparison.csv,568c00e99f5ca8d205c5b48b3c058ca8f3b93d2e4de9986ec7d01af75b33babb,wtbd-curation-v1
479,479.jpg,479.xml,479.xml,479.jpg,479.jpg,test,479.jpg,primary,consistent,primary_confirmed,,near_duplicate_review,test,True,none,not_required,,,data/metadata/wtbd/second_annotator_comparison.csv,568c00e99f5ca8d205c5b48b3c058ca8f3b93d2e4de9986ec7d01af75b33babb,wtbd-curation-v1
480,480.jpg,480.xml,480.xml,480.jpg,480.jpg,train,480.jpg,primary,consistent,primary_confirmed,,unique,train,True,none,not_required,,,data/metadata/wtbd/second_annotator_comparison.csv,568c00e99f5ca8d205c5b48b3c058ca8f3b93d2e4de9986ec7d01af75b33babb,wtbd-curation-v1
481,481.jpg,481.xml,481.xml,481.jpg,481.jpg,train,481.jpg,primary,consistent,primary_confirmed,,unique,train,True,none,not_required,,,data/metadata/wtbd/second_annotator_comparison.csv,568c00e99f5ca8d205c5b48b3c058ca8f3b93d2e4de9986ec7d01af75b33babb,wtbd-curation-v1
482,482.jpg,482.xml,482.xml,482.jpg,482.jpg,train,482.jpg,primary,consistent,primary_confirmed,,near_duplicate_review,train,True,none,not_required,,,data/metadata/wtbd/second_annotator_comparison.csv,568c00e99f5ca8d205c5b48b3c058ca8f3b93d2e4de9986ec7d01af75b33babb,wtbd-curation-v1
483,483.jpg,483.xml,483.xml,483.jpg,483.jpg,train,483.jpg,primary,consistent,primary_confirmed,,unique,train,True,none,not_required,,,data/metadata/wtbd/second_annotator_comparison.csv,568c00e99f5ca8d205c5b48b3c058ca8f3b93d2e4de9986ec7d01af75b33babb,wtbd-curation-v1
484,484.jpg,484.xml,484.xml,484.jpg,484.jpg,validation,484.jpg,primary,consistent,primary_confirmed,,unique,validation,True,none,not_required,,,data/metadata/wtbd/second_annotator_comparison.csv,568c00e99f5ca8d205c5b48b3c058ca8f3b93d2e4de9986ec7d01af75b33babb,wtbd-curation-v1
485,485.jpg,485.xml,485.xml,485.jpg,485.jpg,train,485.jpg,primary,consistent,primary_confirmed,,unique,train,True,none,not_required,,,data/metadata/wtbd/second_annotator_comparison.csv,568c00e99f5ca8d205c5b48b3c058ca8f3b93d2e4de9986ec7d01af75b33babb,wtbd-curation-v1
486,486.jpg,486.xml,486.xml,486.jpg,486.jpg,validation,486.jpg,primary,consistent,primary_confirmed,scene-046,near_duplicate_same_scene,validation,True,none,not_required,,,data/metadata/wtbd/second_annotator_comparison.csv,568c00e99f5ca8d205c5b48b3c058ca8f3b93d2e4de9986ec7d01af75b33babb,wtbd-curation-v1
487,487.jpg,487.xml,487.xml,487.jpg,487.jpg,train,487.jpg,primary,consistent,primary_confirmed,,unique,train,True,none,not_required,,,data/metadata/wtbd/second_annotator_comparison.csv,568c00e99f5ca8d205c5b48b3c058ca8f3b93d2e4de9986ec7d01af75b33babb,wtbd-curation-v1
488,488.jpg,488.xml,488.xml,488.jpg,488.jpg,train,488.jpg,primary,consistent,primary_confirmed,,unique,train,True,none,not_required,,,data/metadata/wtbd/second_annotator_comparison.csv,568c00e99f5ca8d205c5b48b3c058ca8f3b93d2e4de9986ec7d01af75b33babb,wtbd-curation-v1
489,489.jpg,489.xml,489.xml,489.jpg,489.jpg,train,489.jpg,primary,consistent,primary_confirmed,,unique,train,True,none,not_required,,,data/metadata/wtbd/second_annotator_comparison.csv,568c00e99f5ca8d205c5b48b3c058ca8f3b93d2e4de9986ec7d01af75b33babb,wtbd-curation-v1
490,490.jpg,490.xml,490.xml,490.jpg,490.jpg,train,490.jpg,primary,consistent,primary_confirmed,scene-044,near_duplicate_same_scene,,False,near_duplicate_same_scene_redundant,not_required,,,data/metadata/wtbd/second_annotator_comparison.csv,568c00e99f5ca8d205c5b48b3c058ca8f3b93d2e4de9986ec7d01af75b33babb,wtbd-curation-v1
491,491.jpg,491.xml,491.xml,491.jpg,491.jpg,train,491.jpg,primary,consistent,primary_confirmed,,unique,train,True,none,not_required,,,data/metadata/wtbd/second_annotator_comparison.csv,568c00e99f5ca8d205c5b48b3c058ca8f3b93d2e4de9986ec7d01af75b33babb,wtbd-curation-v1
492,492.jpg,492.xml,492.xml,492.jpg,492.jpg,train,492.jpg,primary,consistent,primary_confirmed,,near_duplicate_review,train,True,none,not_required,,,data/metadata/wtbd/second_annotator_comparison.csv,568c00e99f5ca8d205c5b48b3c058ca8f3b93d2e4de9986ec7d01af75b33babb,wtbd-curation-v1
493,493.jpg,493.xml,493.xml,493.jpg,493.jpg,train,493.jpg,primary,consistent,primary_confirmed,,unique,train,True,none,not_required,,,data/metadata/wtbd/second_annotator_comparison.csv,568c00e99f5ca8d205c5b48b3c058ca8f3b93d2e4de9986ec7d01af75b33babb,wtbd-curation-v1
494,494.jpg,494.xml,494.xml,494.jpg,494.jpg,train,494.jpg,primary,consistent,primary_confirmed,,unique,train,True,none,not_required,,,data/metadata/wtbd/second_annotator_comparison.csv,568c00e99f5ca8d205c5b48b3c058ca8f3b93d2e4de9986ec7d01af75b33babb,wtbd-curation-v1
495,495.jpg,495.xml,495.xml,495.jpg,495.jpg,train,495.jpg,primary,consistent,primary_confirmed,,near_duplicate_review,train,True,none,not_required,,,data/metadata/wtbd/second_annotator_comparison.csv,568c00e99f5ca8d205c5b48b3c058ca8f3b93d2e4de9986ec7d01af75b33babb,wtbd-curation-v1
496,496.jpg,496.xml,496.xml,496.jpg,496.jpg,train,496.jpg,primary,consistent,primary_confirmed,,unique,train,True,none,not_required,,,data/metadata/wtbd/second_annotator_comparison.csv,568c00e99f5ca8d205c5b48b3c058ca8f3b93d2e4de9986ec7d01af75b33babb,wtbd-curation-v1
497,497.jpg,497.xml,497.xml,497.jpg,497.jpg,validation,497.jpg,primary,consistent,primary_confirmed,,unique,validation,True,none,not_required,,,data/metadata/wtbd/second_annotator_comparison.csv,568c00e99f5ca8d205c5b48b3c058ca8f3b93d2e4de9986ec7d01af75b33babb,wtbd-curation-v1
498,498.jpg,498.xml,498.xml,498.jpg,498.jpg,train,498.jpg,primary,consistent,primary_confirmed,,unique,train,True,none,not_required,,,data/metadata/wtbd/second_annotator_comparison.csv,568c00e99f5ca8d205c5b48b3c058ca8f3b93d2e4de9986ec7d01af75b33babb,wtbd-curation-v1
499,499.jpg,499.xml,499.xml,499.jpg,499.jpg,train,499.jpg,primary,consistent,primary_confirmed,,unique,train,True,none,not_required,,,data/metadata/wtbd/second_annotator_comparison.csv,568c00e99f5ca8d205c5b48b3c058ca8f3b93d2e4de9986ec7d01af75b33babb,wtbd-curation-v1
500,500.jpg,500.xml,500.xml,500.jpg,500.jpg,validation,500.jpg,primary,consistent,primary_confirmed,,unique,validation,True,none,not_required,,,data/metadata/wtbd/second_annotator_comparison.csv,568c00e99f5ca8d205c5b48b3c058ca8f3b93d2e4de9986ec7d01af75b33babb,wtbd-curation-v1
501,501.jpg,501.xml,501.xml,501.jpg,501.jpg,test,501.jpg,primary,consistent,primary_confirmed,,unique,test,True,none,not_required,,,data/metadata/wtbd/second_annotator_comparison.csv,568c00e99f5ca8d205c5b48b3c058ca8f3b93d2e4de9986ec7d01af75b33babb,wtbd-curation-v1
502,502.jpg,502.xml,502.xml,502.jpg,502.jpg,train,502.jpg,primary,consistent,primary_confirmed,,unique,train,True,none,not_required,,,data/metadata/wtbd/second_annotator_comparison.csv,568c00e99f5ca8d205c5b48b3c058ca8f3b93d2e4de9986ec7d01af75b33babb,wtbd-curation-v1
503,503.jpg,503.xml,503.xml,503.jpg,503.jpg,train,503.jpg,primary,consistent,primary_confirmed,,unique,train,True,none,not_required,,,data/metadata/wtbd/second_annotator_comparison.csv,568c00e99f5ca8d205c5b48b3c058ca8f3b93d2e4de9986ec7d01af75b33babb,wtbd-curation-v1
504,504.jpg,504.xml,504.xml,504.jpg,504.jpg,train,504.jpg,primary,consistent,primary_confirmed,,unique,train,True,none,not_required,,,data/metadata/wtbd/second_annotator_comparison.csv,568c00e99f5ca8d205c5b48b3c058ca8f3b93d2e4de9986ec7d01af75b33babb,wtbd-curation-v1
505,505.jpg,505.xml,505.xml,505.jpg,505.jpg,test,505.jpg,primary,consistent,primary_confirmed,,unique,test,True,none,not_required,,,data/metadata/wtbd/second_annotator_comparison.csv,568c00e99f5ca8d205c5b48b3c058ca8f3b93d2e4de9986ec7d01af75b33babb,wtbd-curation-v1
506,506.jpg,506.xml,506.xml,506.jpg,506.jpg,train,506.jpg,primary,consistent,primary_confirmed,scene-007,near_duplicate_same_scene,,False,near_duplicate_same_scene_redundant,not_required,,,data/metadata/wtbd/second_annotator_comparison.csv,568c00e99f5ca8d205c5b48b3c058ca8f3b93d2e4de9986ec7d01af75b33babb,wtbd-curation-v1
507,507.jpg,507.xml,507.xml,507.jpg,507.jpg,train,507.jpg,primary,consistent,primary_confirmed,,unique,train,True,none,not_required,,,data/metadata/wtbd/second_annotator_comparison.csv,568c00e99f5ca8d205c5b48b3c058ca8f3b93d2e4de9986ec7d01af75b33babb,wtbd-curation-v1
508,508.jpg,508.xml,508.xml,508.jpg,508.jpg,train,508.jpg,primary,consistent,primary_confirmed,,unique,train,True,none,not_required,,,data/metadata/wtbd/second_annotator_comparison.csv,568c00e99f5ca8d205c5b48b3c058ca8f3b93d2e4de9986ec7d01af75b33babb,wtbd-curation-v1
509,509.jpg,509.xml,509.xml,509.jpg,509.jpg,train,509.jpg,primary,consistent,primary_confirmed,,unique,train,True,none,not_required,,,data/metadata/wtbd/second_annotator_comparison.csv,568c00e99f5ca8d205c5b48b3c058ca8f3b93d2e4de9986ec7d01af75b33babb,wtbd-curation-v1
510,510.jpg,510.xml,510.xml,510.jpg,510.jpg,train,510.jpg,primary,consistent,primary_confirmed,,unique,train,True,none,not_required,,,data/metadata/wtbd/second_annotator_comparison.csv,568c00e99f5ca8d205c5b48b3c058ca8f3b93d2e4de9986ec7d01af75b33babb,wtbd-curation-v1
511,511.jpg,511.xml,511.xml,511.jpg,511.jpg,test,511.jpg,primary,consistent,primary_confirmed,,unique,test,True,none,not_required,,,data/metadata/wtbd/second_annotator_comparison.csv,568c00e99f5ca8d205c5b48b3c058ca8f3b93d2e4de9986ec7d01af75b33babb,wtbd-curation-v1
512,512.jpg,512.xml,512.xml,512.jpg,512.jpg,validation,512.jpg,primary,consistent,primary_confirmed,,unique,validation,True,none,not_required,,,data/metadata/wtbd/second_annotator_comparison.csv,568c00e99f5ca8d205c5b48b3c058ca8f3b93d2e4de9986ec7d01af75b33babb,wtbd-curation-v1
513,513.jpg,513.xml,513.xml,513.jpg,513.jpg,train,513.jpg,primary,consistent,primary_confirmed,,unique,train,True,none,not_required,,,data/metadata/wtbd/second_annotator_comparison.csv,568c00e99f5ca8d205c5b48b3c058ca8f3b93d2e4de9986ec7d01af75b33babb,wtbd-curation-v1
514,514.jpg,514.xml,514.xml,514.jpg,514.jpg,train,514.jpg,primary,consistent,primary_confirmed,,unique,train,True,none,not_required,,,data/metadata/wtbd/second_annotator_comparison.csv,568c00e99f5ca8d205c5b48b3c058ca8f3b93d2e4de9986ec7d01af75b33babb,wtbd-curation-v1
515,515.jpg,515.xml,515.xml,515.jpg,515.jpg,train,515.jpg,primary,consistent,primary_confirmed,,unique,train,True,none,not_required,,,data/metadata/wtbd/second_annotator_comparison.csv,568c00e99f5ca8d205c5b48b3c058ca8f3b93d2e4de9986ec7d01af75b33babb,wtbd-curation-v1
516,516.jpg,516.xml,516.xml,516.jpg,516.jpg,train,516.jpg,primary,consistent,primary_confirmed,,near_duplicate_review,train,True,none,not_required,,,data/metadata/wtbd/second_annotator_comparison.csv,568c00e99f5ca8d205c5b48b3c058ca8f3b93d2e4de9986ec7d01af75b33babb,wtbd-curation-v1
517,517.jpg,517.xml,517.xml,517.jpg,517.jpg,train,517.jpg,primary,consistent,primary_confirmed,,unique,train,True,none,not_required,,,data/metadata/wtbd/second_annotator_comparison.csv,568c00e99f5ca8d205c5b48b3c058ca8f3b93d2e4de9986ec7d01af75b33babb,wtbd-curation-v1
518,518.jpg,518.xml,518.xml,518.jpg,518.jpg,train,518.jpg,primary,consistent,primary_confirmed,,unique,train,True,none,not_required,,,data/metadata/wtbd/second_annotator_comparison.csv,568c00e99f5ca8d205c5b48b3c058ca8f3b93d2e4de9986ec7d01af75b33babb,wtbd-curation-v1
519,519.jpg,519.xml,519.xml,519.jpg,519.jpg,validation,519.jpg,primary,consistent,primary_confirmed,,unique,validation,True,none,not_required,,,data/metadata/wtbd/second_annotator_comparison.csv,568c00e99f5ca8d205c5b48b3c058ca8f3b93d2e4de9986ec7d01af75b33babb,wtbd-curation-v1
520,520.jpg,520.xml,520.xml,520.jpg,520.jpg,train,520.jpg,primary,consistent,primary_confirmed,,unique,train,True,none,not_required,,,data/metadata/wtbd/second_annotator_comparison.csv,568c00e99f5ca8d205c5b48b3c058ca8f3b93d2e4de9986ec7d01af75b33babb,wtbd-curation-v1
521,521.jpg,521.xml,521.xml,521.jpg,521.jpg,test,521.jpg,primary,consistent,primary_confirmed,,unique,test,True,none,not_required,,,data/metadata/wtbd/second_annotator_comparison.csv,568c00e99f5ca8d205c5b48b3c058ca8f3b93d2e4de9986ec7d01af75b33babb,wtbd-curation-v1
522,522.jpg,522.xml,522.xml,522.jpg,522.jpg,train,522.jpg,primary,consistent,primary_confirmed,,near_duplicate_review,train,True,none,not_required,,,data/metadata/wtbd/second_annotator_comparison.csv,568c00e99f5ca8d205c5b48b3c058ca8f3b93d2e4de9986ec7d01af75b33babb,wtbd-curation-v1
523,523.jpg,523.xml,523.xml,523.jpg,523.jpg,train,523.jpg,primary,consistent,primary_confirmed,,unique,train,True,none,not_required,,,data/metadata/wtbd/second_annotator_comparison.csv,568c00e99f5ca8d205c5b48b3c058ca8f3b93d2e4de9986ec7d01af75b33babb,wtbd-curation-v1
524,524.jpg,524.xml,524.xml,524.jpg,524.jpg,train,524.jpg,primary,consistent,primary_confirmed,,unique,train,True,none,not_required,,,data/metadata/wtbd/second_annotator_comparison.csv,568c00e99f5ca8d205c5b48b3c058ca8f3b93d2e4de9986ec7d01af75b33babb,wtbd-curation-v1
525,525.jpg,525.xml,525.xml,525.jpg,525.jpg,train,525.jpg,primary,consistent,primary_confirmed,,unique,train,True,none,not_required,,,data/metadata/wtbd/second_annotator_comparison.csv,568c00e99f5ca8d205c5b48b3c058ca8f3b93d2e4de9986ec7d01af75b33babb,wtbd-curation-v1
526,526.jpg,526.xml,526.xml,526.jpg,526.jpg,validation,526.jpg,primary,consistent,primary_confirmed,,unique,validation,True,none,not_required,,,data/metadata/wtbd/second_annotator_comparison.csv,568c00e99f5ca8d205c5b48b3c058ca8f3b93d2e4de9986ec7d01af75b33babb,wtbd-curation-v1
527,527.jpg,527.xml,527.xml,527.jpg,527.jpg,train,527.jpg,primary,consistent,primary_confirmed,,unique,train,True,none,not_required,,,data/metadata/wtbd/second_annotator_comparison.csv,568c00e99f5ca8d205c5b48b3c058ca8f3b93d2e4de9986ec7d01af75b33babb,wtbd-curation-v1
528,528.jpg,528.xml,528.xml,528.jpg,528.jpg,train,528.jpg,primary,consistent,primary_confirmed,,unique,train,True,none,not_required,,,data/metadata/wtbd/second_annotator_comparison.csv,568c00e99f5ca8d205c5b48b3c058ca8f3b93d2e4de9986ec7d01af75b33babb,wtbd-curation-v1
529,529.jpg,529.xml,529.xml,529.jpg,529.jpg,validation,529.jpg,primary,consistent,primary_confirmed,,near_duplicate_review,validation,True,none,not_required,,,data/metadata/wtbd/second_annotator_comparison.csv,568c00e99f5ca8d205c5b48b3c058ca8f3b93d2e4de9986ec7d01af75b33babb,wtbd-curation-v1
530,530.jpg,530.xml,530.xml,530.jpg,530.jpg,train,530.jpg,primary,consistent,primary_confirmed,,unique,train,True,none,not_required,,,data/metadata/wtbd/second_annotator_comparison.csv,568c00e99f5ca8d205c5b48b3c058ca8f3b93d2e4de9986ec7d01af75b33babb,wtbd-curation-v1
531,531.jpg,531.xml,531.xml,531.jpg,531.jpg,train,531.jpg,primary,consistent,primary_confirmed,,near_duplicate_review,train,True,none,not_required,,,data/metadata/wtbd/second_annotator_comparison.csv,568c00e99f5ca8d205c5b48b3c058ca8f3b93d2e4de9986ec7d01af75b33babb,wtbd-curation-v1
532,532.jpg,532.xml,532.xml,532.jpg,532.jpg,train,532.jpg,primary,consistent,primary_confirmed,,unique,train,True,none,not_required,,,data/metadata/wtbd/second_annotator_comparison.csv,568c00e99f5ca8d205c5b48b3c058ca8f3b93d2e4de9986ec7d01af75b33babb,wtbd-curation-v1
533,533.jpg,533.xml,533.xml,533.jpg,533.jpg,train,533.jpg,primary,consistent,primary_confirmed,,unique,train,True,none,not_required,,,data/metadata/wtbd/second_annotator_comparison.csv,568c00e99f5ca8d205c5b48b3c058ca8f3b93d2e4de9986ec7d01af75b33babb,wtbd-curation-v1
534,534.jpg,534.xml,534.xml,534.jpg,534.jpg,train,534.jpg,primary,consistent,primary_confirmed,,unique,train,True,none,not_required,,,data/metadata/wtbd/second_annotator_comparison.csv,568c00e99f5ca8d205c5b48b3c058ca8f3b93d2e4de9986ec7d01af75b33babb,wtbd-curation-v1
535,535.jpg,535.xml,535.xml,535.jpg,535.jpg,train,535.jpg,primary,consistent,primary_confirmed,,unique,train,True,none,not_required,,,data/metadata/wtbd/second_annotator_comparison.csv,568c00e99f5ca8d205c5b48b3c058ca8f3b93d2e4de9986ec7d01af75b33babb,wtbd-curation-v1
536,536.jpg,536.xml,536.xml,536.jpg,536.jpg,train,536.jpg,primary,consistent,primary_confirmed,,unique,train,True,none,not_required,,,data/metadata/wtbd/second_annotator_comparison.csv,568c00e99f5ca8d205c5b48b3c058ca8f3b93d2e4de9986ec7d01af75b33babb,wtbd-curation-v1
537,537.jpg,537.xml,537.xml,537.jpg,537.jpg,train,537.jpg,primary,consistent,primary_confirmed,,unique,train,True,none,not_required,,,data/metadata/wtbd/second_annotator_comparison.csv,568c00e99f5ca8d205c5b48b3c058ca8f3b93d2e4de9986ec7d01af75b33babb,wtbd-curation-v1
538,538.jpg,538.xml,538.xml,538.jpg,538.jpg,train,538.jpg,primary,consistent,primary_confirmed,,unique,train,True,none,not_required,,,data/metadata/wtbd/second_annotator_comparison.csv,568c00e99f5ca8d205c5b48b3c058ca8f3b93d2e4de9986ec7d01af75b33babb,wtbd-curation-v1
539,539.jpg,539.xml,539.xml,539.jpg,539.jpg,train,539.jpg,primary,consistent,primary_confirmed,,unique,train,True,none,not_required,,,data/metadata/wtbd/second_annotator_comparison.csv,568c00e99f5ca8d205c5b48b3c058ca8f3b93d2e4de9986ec7d01af75b33babb,wtbd-curation-v1
540,540.jpg,540.xml,540.xml,540.jpg,540.jpg,validation,540.jpg,primary,consistent,primary_confirmed,,near_duplicate_review,validation,True,none,not_required,,,data/metadata/wtbd/second_annotator_comparison.csv,568c00e99f5ca8d205c5b48b3c058ca8f3b93d2e4de9986ec7d01af75b33babb,wtbd-curation-v1
541,541.jpg,541.xml,541.xml,541.jpg,541.jpg,test,541.jpg,primary,consistent,primary_confirmed,,unique,test,True,none,not_required,,,data/metadata/wtbd/second_annotator_comparison.csv,568c00e99f5ca8d205c5b48b3c058ca8f3b93d2e4de9986ec7d01af75b33babb,wtbd-curation-v1
542,542.jpg,542.xml,542.xml,542.jpg,542.jpg,train,542.jpg,primary,consistent,primary_confirmed,,unique,train,True,none,not_required,,,data/metadata/wtbd/second_annotator_comparison.csv,568c00e99f5ca8d205c5b48b3c058ca8f3b93d2e4de9986ec7d01af75b33babb,wtbd-curation-v1
543,543.jpg,543.xml,543.xml,543.jpg,543.jpg,validation,543.jpg,primary,consistent,primary_confirmed,scene-042,near_duplicate_same_scene,,False,near_duplicate_same_scene_redundant,not_required,,,data/metadata/wtbd/second_annotator_comparison.csv,568c00e99f5ca8d205c5b48b3c058ca8f3b93d2e4de9986ec7d01af75b33babb,wtbd-curation-v1
544,544.jpg,544.xml,544.xml,544.jpg,544.jpg,train,544.jpg,primary,consistent,primary_confirmed,,near_duplicate_review,train,True,none,not_required,,,data/metadata/wtbd/second_annotator_comparison.csv,568c00e99f5ca8d205c5b48b3c058ca8f3b93d2e4de9986ec7d01af75b33babb,wtbd-curation-v1
545,545.jpg,545.xml,545.xml,545.jpg,545.jpg,validation,545.jpg,primary,consistent,primary_confirmed,,unique,validation,True,none,not_required,,,data/metadata/wtbd/second_annotator_comparison.csv,568c00e99f5ca8d205c5b48b3c058ca8f3b93d2e4de9986ec7d01af75b33babb,wtbd-curation-v1
546,546.jpg,546.xml,546.xml,546.jpg,546.jpg,test,546.jpg,primary,consistent,primary_confirmed,,unique,test,True,none,not_required,,,data/metadata/wtbd/second_annotator_comparison.csv,568c00e99f5ca8d205c5b48b3c058ca8f3b93d2e4de9986ec7d01af75b33babb,wtbd-curation-v1
547,547.jpg,547.xml,547.xml,547.jpg,547.jpg,train,547.jpg,primary,consistent,primary_confirmed,exact-001,exact_duplicate_canonical,train,True,none,not_required,,,data/metadata/wtbd/second_annotator_comparison.csv,568c00e99f5ca8d205c5b48b3c058ca8f3b93d2e4de9986ec7d01af75b33babb,wtbd-curation-v1
548,548.jpg,548.xml,548.xml,548.jpg,548.jpg,train,548.jpg,primary,consistent,primary_confirmed,,near_duplicate_review,train,True,none,not_required,,,data/metadata/wtbd/second_annotator_comparison.csv,568c00e99f5ca8d205c5b48b3c058ca8f3b93d2e4de9986ec7d01af75b33babb,wtbd-curation-v1
549,549.jpg,549.xml,549.xml,549.jpg,549.jpg,validation,549.jpg,primary,consistent,primary_confirmed,,unique,validation,True,none,not_required,,,data/metadata/wtbd/second_annotator_comparison.csv,568c00e99f5ca8d205c5b48b3c058ca8f3b93d2e4de9986ec7d01af75b33babb,wtbd-curation-v1
550,550.jpg,550.xml,550.xml,550.jpg,550.jpg,train,550.jpg,primary,consistent,primary_confirmed,,unique,train,True,none,not_required,,,data/metadata/wtbd/second_annotator_comparison.csv,568c00e99f5ca8d205c5b48b3c058ca8f3b93d2e4de9986ec7d01af75b33babb,wtbd-curation-v1
551,551.jpg,551.xml,551.xml,551.jpg,551.jpg,test,551.jpg,primary,consistent,primary_confirmed,scene-042,near_duplicate_same_scene,,False,near_duplicate_same_scene_redundant,not_required,,,data/metadata/wtbd/second_annotator_comparison.csv,568c00e99f5ca8d205c5b48b3c058ca8f3b93d2e4de9986ec7d01af75b33babb,wtbd-curation-v1
552,552.jpg,552.xml,552.xml,552.jpg,552.jpg,validation,552.jpg,primary,consistent,primary_confirmed,,unique,validation,True,none,not_required,,,data/metadata/wtbd/second_annotator_comparison.csv,568c00e99f5ca8d205c5b48b3c058ca8f3b93d2e4de9986ec7d01af75b33babb,wtbd-curation-v1
553,553.jpg,553.xml,553.xml,553.jpg,553.jpg,train,553.jpg,primary,consistent,primary_confirmed,,unique,train,True,none,not_required,,,data/metadata/wtbd/second_annotator_comparison.csv,568c00e99f5ca8d205c5b48b3c058ca8f3b93d2e4de9986ec7d01af75b33babb,wtbd-curation-v1
554,554.jpg,554.xml,554.xml,554.jpg,554.jpg,train,554.jpg,primary,consistent,primary_confirmed,,near_duplicate_review,train,True,none,not_required,,,data/metadata/wtbd/second_annotator_comparison.csv,568c00e99f5ca8d205c5b48b3c058ca8f3b93d2e4de9986ec7d01af75b33babb,wtbd-curation-v1
555,555.jpg,555.xml,555.xml,555.jpg,555.jpg,train,555.jpg,primary,consistent,primary_confirmed,,unique,train,True,none,not_required,,,data/metadata/wtbd/second_annotator_comparison.csv,568c00e99f5ca8d205c5b48b3c058ca8f3b93d2e4de9986ec7d01af75b33babb,wtbd-curation-v1
556,556.jpg,556.xml,556.xml,556.jpg,556.jpg,train,556.jpg,primary,consistent,primary_confirmed,,unique,train,True,none,not_required,,,data/metadata/wtbd/second_annotator_comparison.csv,568c00e99f5ca8d205c5b48b3c058ca8f3b93d2e4de9986ec7d01af75b33babb,wtbd-curation-v1
557,557.jpg,557.xml,557.xml,557.jpg,557.jpg,train,557.jpg,primary,consistent,primary_confirmed,,near_duplicate_review,train,True,none,not_required,,,data/metadata/wtbd/second_annotator_comparison.csv,568c00e99f5ca8d205c5b48b3c058ca8f3b93d2e4de9986ec7d01af75b33babb,wtbd-curation-v1
558,558.jpg,558.xml,558.xml,558.jpg,558.jpg,train,558.jpg,primary,consistent,primary_confirmed,,near_duplicate_review,train,True,none,not_required,,,data/metadata/wtbd/second_annotator_comparison.csv,568c00e99f5ca8d205c5b48b3c058ca8f3b93d2e4de9986ec7d01af75b33babb,wtbd-curation-v1
559,559.jpg,559.xml,559.xml,559.jpg,559.jpg,train,559.jpg,primary,consistent,primary_confirmed,,unique,train,True,none,not_required,,,data/metadata/wtbd/second_annotator_comparison.csv,568c00e99f5ca8d205c5b48b3c058ca8f3b93d2e4de9986ec7d01af75b33babb,wtbd-curation-v1
560,560.jpg,560.xml,560.xml,560.jpg,560.jpg,train,560.jpg,primary,consistent,primary_confirmed,,unique,train,True,none,not_required,,,data/metadata/wtbd/second_annotator_comparison.csv,568c00e99f5ca8d205c5b48b3c058ca8f3b93d2e4de9986ec7d01af75b33babb,wtbd-curation-v1
561,561.jpg,561.xml,561.xml,561.jpg,561.jpg,train,561.jpg,primary,consistent,primary_confirmed,,unique,train,True,none,not_required,,,data/metadata/wtbd/second_annotator_comparison.csv,568c00e99f5ca8d205c5b48b3c058ca8f3b93d2e4de9986ec7d01af75b33babb,wtbd-curation-v1
562,562.jpg,562.xml,562.xml,562.jpg,562.jpg,validation,562.jpg,primary,consistent,primary_confirmed,,unique,validation,True,none,not_required,,,data/metadata/wtbd/second_annotator_comparison.csv,568c00e99f5ca8d205c5b48b3c058ca8f3b93d2e4de9986ec7d01af75b33babb,wtbd-curation-v1
563,563.jpg,563.xml,563.xml,563.jpg,563.jpg,test,563.jpg,primary,consistent,primary_confirmed,,unique,test,True,none,not_required,,,data/metadata/wtbd/second_annotator_comparison.csv,568c00e99f5ca8d205c5b48b3c058ca8f3b93d2e4de9986ec7d01af75b33babb,wtbd-curation-v1
564,564.jpg,564.xml,564.xml,564.jpg,564.jpg,train,564.jpg,primary,consistent,primary_confirmed,,unique,train,True,none,not_required,,,data/metadata/wtbd/second_annotator_comparison.csv,568c00e99f5ca8d205c5b48b3c058ca8f3b93d2e4de9986ec7d01af75b33babb,wtbd-curation-v1
565,565.jpg,565.xml,565.xml,565.jpg,565.jpg,train,565.jpg,primary,consistent,primary_confirmed,exact-002,exact_duplicate_canonical,train,True,none,not_required,,,data/metadata/wtbd/second_annotator_comparison.csv,568c00e99f5ca8d205c5b48b3c058ca8f3b93d2e4de9986ec7d01af75b33babb,wtbd-curation-v1
566,566.jpg,566.xml,566.xml,566.jpg,566.jpg,test,566.jpg,primary,consistent,primary_confirmed,,unique,test,True,none,not_required,,,data/metadata/wtbd/second_annotator_comparison.csv,568c00e99f5ca8d205c5b48b3c058ca8f3b93d2e4de9986ec7d01af75b33babb,wtbd-curation-v1
567,567.jpg,567.xml,567.xml,567.jpg,567.jpg,validation,567.jpg,primary,consistent,primary_confirmed,scene-021,near_duplicate_same_scene,,False,near_duplicate_same_scene_redundant,not_required,,,data/metadata/wtbd/second_annotator_comparison.csv,568c00e99f5ca8d205c5b48b3c058ca8f3b93d2e4de9986ec7d01af75b33babb,wtbd-curation-v1
568,568.jpg,568.xml,568.xml,568.jpg,568.jpg,train,568.jpg,primary,consistent,primary_confirmed,scene-012,near_duplicate_same_scene,,False,near_duplicate_same_scene_redundant,not_required,,,data/metadata/wtbd/second_annotator_comparison.csv,568c00e99f5ca8d205c5b48b3c058ca8f3b93d2e4de9986ec7d01af75b33babb,wtbd-curation-v1
569,569.jpg,569.xml,569.xml,569.jpg,569.jpg,test,569.jpg,primary,consistent,primary_confirmed,,unique,test,True,none,not_required,,,data/metadata/wtbd/second_annotator_comparison.csv,568c00e99f5ca8d205c5b48b3c058ca8f3b93d2e4de9986ec7d01af75b33babb,wtbd-curation-v1
570,570.jpg,570.xml,570.xml,570.jpg,570.jpg,test,570.jpg,primary,consistent,primary_confirmed,scene-019,near_duplicate_same_scene,,False,near_duplicate_same_scene_redundant,not_required,,,data/metadata/wtbd/second_annotator_comparison.csv,568c00e99f5ca8d205c5b48b3c058ca8f3b93d2e4de9986ec7d01af75b33babb,wtbd-curation-v1
571,571.jpg,571.xml,571.xml,571.jpg,571.jpg,train,571.jpg,primary,consistent,primary_confirmed,,unique,train,True,none,not_required,,,data/metadata/wtbd/second_annotator_comparison.csv,568c00e99f5ca8d205c5b48b3c058ca8f3b93d2e4de9986ec7d01af75b33babb,wtbd-curation-v1
572,572.jpg,572.xml,572.xml,572.jpg,572.jpg,train,572.jpg,primary,consistent,primary_confirmed,,unique,train,True,none,not_required,,,data/metadata/wtbd/second_annotator_comparison.csv,568c00e99f5ca8d205c5b48b3c058ca8f3b93d2e4de9986ec7d01af75b33babb,wtbd-curation-v1
573,573.jpg,573.xml,573.xml,573.jpg,573.jpg,train,573.jpg,primary,consistent,primary_confirmed,,unique,train,True,none,not_required,,,data/metadata/wtbd/second_annotator_comparison.csv,568c00e99f5ca8d205c5b48b3c058ca8f3b93d2e4de9986ec7d01af75b33babb,wtbd-curation-v1
574,574.jpg,574.xml,574.xml,574.jpg,574.jpg,test,574.jpg,primary,consistent,primary_confirmed,,unique,test,True,none,not_required,,,data/metadata/wtbd/second_annotator_comparison.csv,568c00e99f5ca8d205c5b48b3c058ca8f3b93d2e4de9986ec7d01af75b33babb,wtbd-curation-v1
575,575.jpg,575.xml,575.xml,575.jpg,575.jpg,train,575.jpg,primary,consistent,primary_confirmed,,unique,train,True,none,not_required,,,data/metadata/wtbd/second_annotator_comparison.csv,568c00e99f5ca8d205c5b48b3c058ca8f3b93d2e4de9986ec7d01af75b33babb,wtbd-curation-v1
576,576.jpg,576.xml,576.xml,576.jpg,576.jpg,train,576.jpg,primary,consistent,primary_confirmed,,unique,train,True,none,not_required,,,data/metadata/wtbd/second_annotator_comparison.csv,568c00e99f5ca8d205c5b48b3c058ca8f3b93d2e4de9986ec7d01af75b33babb,wtbd-curation-v1
577,577.jpg,577.xml,577.xml,577.jpg,577.jpg,train,577.jpg,primary,consistent,primary_confirmed,,unique,train,True,none,not_required,,,data/metadata/wtbd/second_annotator_comparison.csv,568c00e99f5ca8d205c5b48b3c058ca8f3b93d2e4de9986ec7d01af75b33babb,wtbd-curation-v1
578,578.jpg,578.xml,578.xml,578.jpg,578.jpg,train,578.jpg,primary,consistent,primary_confirmed,,near_duplicate_review,train,True,none,not_required,,,data/metadata/wtbd/second_annotator_comparison.csv,568c00e99f5ca8d205c5b48b3c058ca8f3b93d2e4de9986ec7d01af75b33babb,wtbd-curation-v1
579,579.jpg,579.xml,579.xml,579.jpg,579.jpg,train,579.jpg,primary,consistent,primary_confirmed,scene-047,near_duplicate_same_scene,train,True,none,not_required,,,data/metadata/wtbd/second_annotator_comparison.csv,568c00e99f5ca8d205c5b48b3c058ca8f3b93d2e4de9986ec7d01af75b33babb,wtbd-curation-v1
580,580.jpg,580.xml,580.xml,580.jpg,580.jpg,test,580.jpg,primary,consistent,primary_confirmed,,near_duplicate_review,test,True,none,not_required,,,data/metadata/wtbd/second_annotator_comparison.csv,568c00e99f5ca8d205c5b48b3c058ca8f3b93d2e4de9986ec7d01af75b33babb,wtbd-curation-v1
581,581.jpg,581.xml,581.xml,581.jpg,581.jpg,train,581.jpg,primary,consistent,primary_confirmed,,unique,train,True,none,not_required,,,data/metadata/wtbd/second_annotator_comparison.csv,568c00e99f5ca8d205c5b48b3c058ca8f3b93d2e4de9986ec7d01af75b33babb,wtbd-curation-v1
582,582.jpg,582.xml,582.xml,582.jpg,582.jpg,train,582.jpg,primary,consistent,primary_confirmed,scene-008,near_duplicate_same_scene,,False,near_duplicate_same_scene_redundant,not_required,,,data/metadata/wtbd/second_annotator_comparison.csv,568c00e99f5ca8d205c5b48b3c058ca8f3b93d2e4de9986ec7d01af75b33babb,wtbd-curation-v1
583,583.jpg,583.xml,583.xml,583.jpg,583.jpg,train,583.jpg,primary,consistent,primary_confirmed,,unique,train,True,none,not_required,,,data/metadata/wtbd/second_annotator_comparison.csv,568c00e99f5ca8d205c5b48b3c058ca8f3b93d2e4de9986ec7d01af75b33babb,wtbd-curation-v1
584,584.jpg,584.xml,584.xml,584.jpg,584.jpg,validation,584.jpg,primary,consistent,primary_confirmed,,unique,validation,True,none,not_required,,,data/metadata/wtbd/second_annotator_comparison.csv,568c00e99f5ca8d205c5b48b3c058ca8f3b93d2e4de9986ec7d01af75b33babb,wtbd-curation-v1
585,585.jpg,585.xml,585.xml,585.jpg,585.jpg,train,585.jpg,primary,consistent,primary_confirmed,,unique,train,True,none,not_required,,,data/metadata/wtbd/second_annotator_comparison.csv,568c00e99f5ca8d205c5b48b3c058ca8f3b93d2e4de9986ec7d01af75b33babb,wtbd-curation-v1
586,586.jpg,586.xml,586.xml,586.jpg,586.jpg,train,586.jpg,primary,consistent,primary_confirmed,scene-017,near_duplicate_same_scene,,False,near_duplicate_same_scene_redundant,not_required,,,data/metadata/wtbd/second_annotator_comparison.csv,568c00e99f5ca8d205c5b48b3c058ca8f3b93d2e4de9986ec7d01af75b33babb,wtbd-curation-v1
587,587.jpg,587.xml,587.xml,587.jpg,587.jpg,train,587.jpg,primary,consistent,primary_confirmed,,unique,train,True,none,not_required,,,data/metadata/wtbd/second_annotator_comparison.csv,568c00e99f5ca8d205c5b48b3c058ca8f3b93d2e4de9986ec7d01af75b33babb,wtbd-curation-v1
588,588.jpg,588.xml,588.xml,588.jpg,588.jpg,train,588.jpg,primary,consistent,primary_confirmed,,unique,train,True,none,not_required,,,data/metadata/wtbd/second_annotator_comparison.csv,568c00e99f5ca8d205c5b48b3c058ca8f3b93d2e4de9986ec7d01af75b33babb,wtbd-curation-v1
589,589.jpg,589.xml,589.xml,589.jpg,589.jpg,train,589.jpg,primary,consistent,primary_confirmed,,near_duplicate_review,train,True,none,not_required,,,data/metadata/wtbd/second_annotator_comparison.csv,568c00e99f5ca8d205c5b48b3c058ca8f3b93d2e4de9986ec7d01af75b33babb,wtbd-curation-v1
590,590.jpg,590.xml,590.xml,590.jpg,590.jpg,validation,590.jpg,primary,consistent,primary_confirmed,,unique,validation,True,none,not_required,,,data/metadata/wtbd/second_annotator_comparison.csv,568c00e99f5ca8d205c5b48b3c058ca8f3b93d2e4de9986ec7d01af75b33babb,wtbd-curation-v1
591,591.jpg,591.xml,591.xml,591.jpg,591.jpg,test,591.jpg,primary,consistent,primary_confirmed,scene-048,near_duplicate_same_scene,test,True,none,not_required,,,data/metadata/wtbd/second_annotator_comparison.csv,568c00e99f5ca8d205c5b48b3c058ca8f3b93d2e4de9986ec7d01af75b33babb,wtbd-curation-v1
592,592.jpg,592.xml,592.xml,592.jpg,592.jpg,train,592.jpg,primary,consistent,primary_confirmed,,unique,train,True,none,not_required,,,data/metadata/wtbd/second_annotator_comparison.csv,568c00e99f5ca8d205c5b48b3c058ca8f3b93d2e4de9986ec7d01af75b33babb,wtbd-curation-v1
593,593.jpg,593.xml,593.xml,593.jpg,593.jpg,train,593.jpg,primary,consistent,primary_confirmed,scene-012,near_duplicate_same_scene,,False,near_duplicate_same_scene_redundant,not_required,,,data/metadata/wtbd/second_annotator_comparison.csv,568c00e99f5ca8d205c5b48b3c058ca8f3b93d2e4de9986ec7d01af75b33babb,wtbd-curation-v1
594,594.jpg,594.xml,594.xml,594.jpg,594.jpg,train,594.jpg,primary,consistent,primary_confirmed,scene-017,near_duplicate_same_scene,,False,near_duplicate_same_scene_redundant,not_required,,,data/metadata/wtbd/second_annotator_comparison.csv,568c00e99f5ca8d205c5b48b3c058ca8f3b93d2e4de9986ec7d01af75b33babb,wtbd-curation-v1
595,595.jpg,595.xml,595.xml,595.jpg,595.jpg,train,595.jpg,primary,consistent,primary_confirmed,,unique,train,True,none,not_required,,,data/metadata/wtbd/second_annotator_comparison.csv,568c00e99f5ca8d205c5b48b3c058ca8f3b93d2e4de9986ec7d01af75b33babb,wtbd-curation-v1
596,596.jpg,596.xml,596.xml,596.jpg,596.jpg,train,596.jpg,primary,consistent,primary_confirmed,,unique,train,True,none,not_required,,,data/metadata/wtbd/second_annotator_comparison.csv,568c00e99f5ca8d205c5b48b3c058ca8f3b93d2e4de9986ec7d01af75b33babb,wtbd-curation-v1
597,597.jpg,597.xml,597.xml,597.jpg,597.jpg,test,597.jpg,primary,consistent,primary_confirmed,,unique,test,True,none,not_required,,,data/metadata/wtbd/second_annotator_comparison.csv,568c00e99f5ca8d205c5b48b3c058ca8f3b93d2e4de9986ec7d01af75b33babb,wtbd-curation-v1
598,598.jpg,598.xml,598.xml,598.jpg,598.jpg,test,598.jpg,primary,consistent,primary_confirmed,,unique,test,True,none,not_required,,,data/metadata/wtbd/second_annotator_comparison.csv,568c00e99f5ca8d205c5b48b3c058ca8f3b93d2e4de9986ec7d01af75b33babb,wtbd-curation-v1
599,599.jpg,599.xml,599.xml,599.jpg,599.jpg,train,599.jpg,primary,consistent,primary_confirmed,,unique,train,True,none,not_required,,,data/metadata/wtbd/second_annotator_comparison.csv,568c00e99f5ca8d205c5b48b3c058ca8f3b93d2e4de9986ec7d01af75b33babb,wtbd-curation-v1
600,600.jpg,600.xml,600.xml,600.jpg,600.jpg,test,600.jpg,primary,consistent,primary_confirmed,,unique,test,True,none,not_required,,,data/metadata/wtbd/second_annotator_comparison.csv,568c00e99f5ca8d205c5b48b3c058ca8f3b93d2e4de9986ec7d01af75b33babb,wtbd-curation-v1
601,601.jpg,601.xml,601.xml,601.jpg,601.jpg,train,601.jpg,primary,consistent,primary_confirmed,,unique,train,True,none,not_required,,,data/metadata/wtbd/second_annotator_comparison.csv,568c00e99f5ca8d205c5b48b3c058ca8f3b93d2e4de9986ec7d01af75b33babb,wtbd-curation-v1
602,602.jpg,602.xml,602.xml,602.jpg,602.jpg,validation,602.jpg,primary,consistent,primary_confirmed,,unique,validation,True,none,not_required,,,data/metadata/wtbd/second_annotator_comparison.csv,568c00e99f5ca8d205c5b48b3c058ca8f3b93d2e4de9986ec7d01af75b33babb,wtbd-curation-v1
603,603.jpg,603.xml,603.xml,603.jpg,603.jpg,train,603.jpg,primary,consistent,primary_confirmed,,unique,train,True,none,not_required,,,data/metadata/wtbd/second_annotator_comparison.csv,568c00e99f5ca8d205c5b48b3c058ca8f3b93d2e4de9986ec7d01af75b33babb,wtbd-curation-v1
604,604.jpg,604.xml,604.xml,604.jpg,604.jpg,train,604.jpg,primary,consistent,primary_confirmed,,unique,train,True,none,not_required,,,data/metadata/wtbd/second_annotator_comparison.csv,568c00e99f5ca8d205c5b48b3c058ca8f3b93d2e4de9986ec7d01af75b33babb,wtbd-curation-v1
605,605.jpg,605.xml,605.xml,605.jpg,605.jpg,train,605.jpg,primary,consistent,primary_confirmed,scene-034,near_duplicate_same_scene,,False,near_duplicate_same_scene_redundant,not_required,,,data/metadata/wtbd/second_annotator_comparison.csv,568c00e99f5ca8d205c5b48b3c058ca8f3b93d2e4de9986ec7d01af75b33babb,wtbd-curation-v1
606,606.jpg,606.xml,606.xml,606.jpg,606.jpg,train,606.jpg,primary,consistent,primary_confirmed,,unique,train,True,none,not_required,,,data/metadata/wtbd/second_annotator_comparison.csv,568c00e99f5ca8d205c5b48b3c058ca8f3b93d2e4de9986ec7d01af75b33babb,wtbd-curation-v1
607,607.jpg,607.xml,607.xml,607.jpg,607.jpg,train,607.jpg,primary,consistent,primary_confirmed,,unique,train,True,none,not_required,,,data/metadata/wtbd/second_annotator_comparison.csv,568c00e99f5ca8d205c5b48b3c058ca8f3b93d2e4de9986ec7d01af75b33babb,wtbd-curation-v1
608,608.jpg,608.xml,608.xml,608.jpg,608.jpg,train,608.jpg,primary,consistent,primary_confirmed,,unique,train,True,none,not_required,,,data/metadata/wtbd/second_annotator_comparison.csv,568c00e99f5ca8d205c5b48b3c058ca8f3b93d2e4de9986ec7d01af75b33babb,wtbd-curation-v1
609,609.jpg,609.xml,609.xml,609.jpg,609.jpg,train,609.jpg,primary,consistent,primary_confirmed,,unique,train,True,none,not_required,,,data/metadata/wtbd/second_annotator_comparison.csv,568c00e99f5ca8d205c5b48b3c058ca8f3b93d2e4de9986ec7d01af75b33babb,wtbd-curation-v1
610,610.jpg,610.xml,610.xml,610.jpg,610.jpg,test,610.jpg,primary,consistent,primary_confirmed,,unique,test,True,none,not_required,,,data/metadata/wtbd/second_annotator_comparison.csv,568c00e99f5ca8d205c5b48b3c058ca8f3b93d2e4de9986ec7d01af75b33babb,wtbd-curation-v1
611,611.jpg,611.xml,611.xml,611.jpg,611.jpg,train,611.jpg,primary,consistent,primary_confirmed,,unique,train,True,none,not_required,,,data/metadata/wtbd/second_annotator_comparison.csv,568c00e99f5ca8d205c5b48b3c058ca8f3b93d2e4de9986ec7d01af75b33babb,wtbd-curation-v1
612,612.jpg,612.xml,612.xml,612.jpg,612.jpg,train,612.jpg,primary,consistent,primary_confirmed,,near_duplicate_review,train,True,none,not_required,,,data/metadata/wtbd/second_annotator_comparison.csv,568c00e99f5ca8d205c5b48b3c058ca8f3b93d2e4de9986ec7d01af75b33babb,wtbd-curation-v1
613,613.jpg,613.xml,613.xml,613.jpg,613.jpg,validation,613.jpg,primary,consistent,primary_confirmed,,near_duplicate_review,validation,True,none,not_required,,,data/metadata/wtbd/second_annotator_comparison.csv,568c00e99f5ca8d205c5b48b3c058ca8f3b93d2e4de9986ec7d01af75b33babb,wtbd-curation-v1
614,614.jpg,614.xml,614.xml,614.jpg,614.jpg,train,614.jpg,primary,consistent,primary_confirmed,,unique,train,True,none,not_required,,,data/metadata/wtbd/second_annotator_comparison.csv,568c00e99f5ca8d205c5b48b3c058ca8f3b93d2e4de9986ec7d01af75b33babb,wtbd-curation-v1
615,615.jpg,615.xml,615.xml,615.jpg,615.jpg,train,615.jpg,primary,consistent,primary_confirmed,,unique,train,True,none,not_required,,,data/metadata/wtbd/second_annotator_comparison.csv,568c00e99f5ca8d205c5b48b3c058ca8f3b93d2e4de9986ec7d01af75b33babb,wtbd-curation-v1
616,616.jpg,616.xml,616.xml,616.jpg,616.jpg,train,616.jpg,primary,consistent,primary_confirmed,,unique,train,True,none,not_required,,,data/metadata/wtbd/second_annotator_comparison.csv,568c00e99f5ca8d205c5b48b3c058ca8f3b93d2e4de9986ec7d01af75b33babb,wtbd-curation-v1
617,617.jpg,617.xml,617.xml,617.jpg,617.jpg,train,617.jpg,primary,consistent,primary_confirmed,,near_duplicate_review,train,True,none,not_required,,,data/metadata/wtbd/second_annotator_comparison.csv,568c00e99f5ca8d205c5b48b3c058ca8f3b93d2e4de9986ec7d01af75b33babb,wtbd-curation-v1
618,618.jpg,618.xml,618.xml,618.jpg,618.jpg,train,618.jpg,primary,consistent,primary_confirmed,,unique,train,True,none,not_required,,,data/metadata/wtbd/second_annotator_comparison.csv,568c00e99f5ca8d205c5b48b3c058ca8f3b93d2e4de9986ec7d01af75b33babb,wtbd-curation-v1
619,619.jpg,619.xml,619.xml,619.jpg,619.jpg,train,619.jpg,primary,consistent,primary_confirmed,,unique,train,True,none,not_required,,,data/metadata/wtbd/second_annotator_comparison.csv,568c00e99f5ca8d205c5b48b3c058ca8f3b93d2e4de9986ec7d01af75b33babb,wtbd-curation-v1
620,620.jpg,620.xml,620.xml,620.jpg,620.jpg,train,620.jpg,primary,consistent,primary_confirmed,,unique,train,True,none,not_required,,,data/metadata/wtbd/second_annotator_comparison.csv,568c00e99f5ca8d205c5b48b3c058ca8f3b93d2e4de9986ec7d01af75b33babb,wtbd-curation-v1
621,621.jpg,621.xml,621.xml,621.jpg,621.jpg,validation,621.jpg,primary,consistent,primary_confirmed,,unique,validation,True,none,not_required,,,data/metadata/wtbd/second_annotator_comparison.csv,568c00e99f5ca8d205c5b48b3c058ca8f3b93d2e4de9986ec7d01af75b33babb,wtbd-curation-v1
622,622.jpg,622.xml,622.xml,622.jpg,622.jpg,train,622.jpg,primary,consistent,primary_confirmed,,near_duplicate_review,train,True,none,not_required,,,data/metadata/wtbd/second_annotator_comparison.csv,568c00e99f5ca8d205c5b48b3c058ca8f3b93d2e4de9986ec7d01af75b33babb,wtbd-curation-v1
623,623.jpg,623.xml,623.xml,623.jpg,623.jpg,test,623.jpg,primary,consistent,primary_confirmed,,unique,test,True,none,not_required,,,data/metadata/wtbd/second_annotator_comparison.csv,568c00e99f5ca8d205c5b48b3c058ca8f3b93d2e4de9986ec7d01af75b33babb,wtbd-curation-v1
624,624.jpg,624.xml,624.xml,624.jpg,624.jpg,train,624.jpg,primary,consistent,primary_confirmed,,near_duplicate_review,train,True,none,not_required,,,data/metadata/wtbd/second_annotator_comparison.csv,568c00e99f5ca8d205c5b48b3c058ca8f3b93d2e4de9986ec7d01af75b33babb,wtbd-curation-v1
625,625.jpg,625.xml,625.xml,625.jpg,625.jpg,train,625.jpg,primary,consistent,primary_confirmed,,unique,train,True,none,not_required,,,data/metadata/wtbd/second_annotator_comparison.csv,568c00e99f5ca8d205c5b48b3c058ca8f3b93d2e4de9986ec7d01af75b33babb,wtbd-curation-v1
626,626.jpg,626.xml,626.xml,626.jpg,626.jpg,train,626.jpg,primary,consistent,primary_confirmed,,unique,train,True,none,not_required,,,data/metadata/wtbd/second_annotator_comparison.csv,568c00e99f5ca8d205c5b48b3c058ca8f3b93d2e4de9986ec7d01af75b33babb,wtbd-curation-v1
627,627.jpg,627.xml,627.xml,627.jpg,627.jpg,train,627.jpg,primary,consistent,primary_confirmed,,unique,train,True,none,not_required,,,data/metadata/wtbd/second_annotator_comparison.csv,568c00e99f5ca8d205c5b48b3c058ca8f3b93d2e4de9986ec7d01af75b33babb,wtbd-curation-v1
628,628.jpg,628.xml,628.xml,628.jpg,628.jpg,train,628.jpg,primary,consistent,primary_confirmed,,unique,train,True,none,not_required,,,data/metadata/wtbd/second_annotator_comparison.csv,568c00e99f5ca8d205c5b48b3c058ca8f3b93d2e4de9986ec7d01af75b33babb,wtbd-curation-v1
629,629.jpg,629.xml,629.xml,629.jpg,629.jpg,train,629.jpg,primary,consistent,primary_confirmed,,unique,train,True,none,not_required,,,data/metadata/wtbd/second_annotator_comparison.csv,568c00e99f5ca8d205c5b48b3c058ca8f3b93d2e4de9986ec7d01af75b33babb,wtbd-curation-v1
630,630.jpg,630.xml,630.xml,630.jpg,630.jpg,train,630.jpg,primary,consistent,primary_confirmed,,unique,train,True,none,not_required,,,data/metadata/wtbd/second_annotator_comparison.csv,568c00e99f5ca8d205c5b48b3c058ca8f3b93d2e4de9986ec7d01af75b33babb,wtbd-curation-v1
631,631.jpg,631.xml,631.xml,631.jpg,631.jpg,train,631.jpg,primary,consistent,primary_confirmed,,near_duplicate_review,train,True,none,not_required,,,data/metadata/wtbd/second_annotator_comparison.csv,568c00e99f5ca8d205c5b48b3c058ca8f3b93d2e4de9986ec7d01af75b33babb,wtbd-curation-v1
632,632.jpg,632.xml,632.xml,632.jpg,632.jpg,train,632.jpg,primary,consistent,primary_confirmed,,near_duplicate_review,train,True,none,not_required,,,data/metadata/wtbd/second_annotator_comparison.csv,568c00e99f5ca8d205c5b48b3c058ca8f3b93d2e4de9986ec7d01af75b33babb,wtbd-curation-v1
633,633.jpg,633.xml,633.xml,633.jpg,633.jpg,test,633.jpg,primary,consistent,primary_confirmed,,unique,test,True,none,not_required,,,data/metadata/wtbd/second_annotator_comparison.csv,568c00e99f5ca8d205c5b48b3c058ca8f3b93d2e4de9986ec7d01af75b33babb,wtbd-curation-v1
634,634.jpg,634.xml,634.xml,634.jpg,634.jpg,train,634.jpg,primary,consistent,primary_confirmed,,unique,train,True,none,not_required,,,data/metadata/wtbd/second_annotator_comparison.csv,568c00e99f5ca8d205c5b48b3c058ca8f3b93d2e4de9986ec7d01af75b33babb,wtbd-curation-v1
635,635.jpg,635.xml,635.xml,635.jpg,635.jpg,train,635.jpg,primary,consistent,primary_confirmed,,unique,train,True,none,not_required,,,data/metadata/wtbd/second_annotator_comparison.csv,568c00e99f5ca8d205c5b48b3c058ca8f3b93d2e4de9986ec7d01af75b33babb,wtbd-curation-v1
636,636.jpg,636.xml,636.xml,636.jpg,636.jpg,train,636.jpg,primary,consistent,primary_confirmed,,unique,train,True,none,not_required,,,data/metadata/wtbd/second_annotator_comparison.csv,568c00e99f5ca8d205c5b48b3c058ca8f3b93d2e4de9986ec7d01af75b33babb,wtbd-curation-v1
637,637.jpg,637.xml,637.xml,637.jpg,637.jpg,train,637.jpg,primary,consistent,primary_confirmed,,unique,train,True,none,not_required,,,data/metadata/wtbd/second_annotator_comparison.csv,568c00e99f5ca8d205c5b48b3c058ca8f3b93d2e4de9986ec7d01af75b33babb,wtbd-curation-v1
638,638.jpg,638.xml,638.xml,638.jpg,638.jpg,train,638.jpg,primary,consistent,primary_confirmed,,unique,train,True,none,not_required,,,data/metadata/wtbd/second_annotator_comparison.csv,568c00e99f5ca8d205c5b48b3c058ca8f3b93d2e4de9986ec7d01af75b33babb,wtbd-curation-v1
639,639.jpg,639.xml,639.xml,639.jpg,639.jpg,train,639.jpg,primary,consistent,primary_confirmed,,unique,train,True,none,not_required,,,data/metadata/wtbd/second_annotator_comparison.csv,568c00e99f5ca8d205c5b48b3c058ca8f3b93d2e4de9986ec7d01af75b33babb,wtbd-curation-v1
640,640.jpg,640.xml,640.xml,640.jpg,640.jpg,validation,640.jpg,primary,consistent,primary_confirmed,exact-001,exact_duplicate_redundant,,False,exact_duplicate_redundant,not_required,,,data/metadata/wtbd/second_annotator_comparison.csv,568c00e99f5ca8d205c5b48b3c058ca8f3b93d2e4de9986ec7d01af75b33babb,wtbd-curation-v1
641,641.jpg,641.xml,641.xml,641.jpg,641.jpg,train,641.jpg,primary,consistent,primary_confirmed,,unique,train,True,none,not_required,,,data/metadata/wtbd/second_annotator_comparison.csv,568c00e99f5ca8d205c5b48b3c058ca8f3b93d2e4de9986ec7d01af75b33babb,wtbd-curation-v1
642,642.jpg,642.xml,642.xml,642.jpg,642.jpg,test,642.jpg,primary,consistent,primary_confirmed,,unique,test,True,none,not_required,,,data/metadata/wtbd/second_annotator_comparison.csv,568c00e99f5ca8d205c5b48b3c058ca8f3b93d2e4de9986ec7d01af75b33babb,wtbd-curation-v1
643,643.jpg,643.xml,643.xml,643.jpg,643.jpg,test,643.jpg,primary,consistent,primary_confirmed,,unique,test,True,none,not_required,,,data/metadata/wtbd/second_annotator_comparison.csv,568c00e99f5ca8d205c5b48b3c058ca8f3b93d2e4de9986ec7d01af75b33babb,wtbd-curation-v1
644,644.jpg,644.xml,644.xml,644.jpg,644.jpg,train,644.jpg,primary,consistent,primary_confirmed,,unique,train,True,none,not_required,,,data/metadata/wtbd/second_annotator_comparison.csv,568c00e99f5ca8d205c5b48b3c058ca8f3b93d2e4de9986ec7d01af75b33babb,wtbd-curation-v1
645,645.jpg,645.xml,645.xml,645.jpg,645.jpg,train,645.jpg,primary,consistent,primary_confirmed,,unique,train,True,none,not_required,,,data/metadata/wtbd/second_annotator_comparison.csv,568c00e99f5ca8d205c5b48b3c058ca8f3b93d2e4de9986ec7d01af75b33babb,wtbd-curation-v1
646,646.jpg,646.xml,646.xml,646.jpg,646.jpg,validation,646.jpg,primary,consistent,primary_confirmed,,unique,validation,True,none,not_required,,,data/metadata/wtbd/second_annotator_comparison.csv,568c00e99f5ca8d205c5b48b3c058ca8f3b93d2e4de9986ec7d01af75b33babb,wtbd-curation-v1
647,647.jpg,647.xml,647.xml,647.jpg,647.jpg,train,647.jpg,primary,consistent,primary_confirmed,,unique,train,True,none,not_required,,,data/metadata/wtbd/second_annotator_comparison.csv,568c00e99f5ca8d205c5b48b3c058ca8f3b93d2e4de9986ec7d01af75b33babb,wtbd-curation-v1
648,648.jpg,648.xml,648.xml,648.jpg,648.jpg,train,648.jpg,primary,consistent,primary_confirmed,,unique,train,True,none,not_required,,,data/metadata/wtbd/second_annotator_comparison.csv,568c00e99f5ca8d205c5b48b3c058ca8f3b93d2e4de9986ec7d01af75b33babb,wtbd-curation-v1
649,649.jpg,649.xml,649.xml,649.jpg,649.jpg,train,649.jpg,primary,consistent,primary_confirmed,,unique,train,True,none,not_required,,,data/metadata/wtbd/second_annotator_comparison.csv,568c00e99f5ca8d205c5b48b3c058ca8f3b93d2e4de9986ec7d01af75b33babb,wtbd-curation-v1
650,650.jpg,650.xml,650.xml,650.jpg,650.jpg,test,650.jpg,primary,consistent,primary_confirmed,,unique,test,True,none,not_required,,,data/metadata/wtbd/second_annotator_comparison.csv,568c00e99f5ca8d205c5b48b3c058ca8f3b93d2e4de9986ec7d01af75b33babb,wtbd-curation-v1
651,651.jpg,651.xml,651.xml,651.jpg,651.jpg,train,651.jpg,primary,consistent,primary_confirmed,,near_duplicate_review,train,True,none,not_required,,,data/metadata/wtbd/second_annotator_comparison.csv,568c00e99f5ca8d205c5b48b3c058ca8f3b93d2e4de9986ec7d01af75b33babb,wtbd-curation-v1
652,652.jpg,652.xml,652.xml,652.jpg,652.jpg,train,652.jpg,primary,consistent,primary_confirmed,,unique,train,True,none,not_required,,,data/metadata/wtbd/second_annotator_comparison.csv,568c00e99f5ca8d205c5b48b3c058ca8f3b93d2e4de9986ec7d01af75b33babb,wtbd-curation-v1
653,653.jpg,653.xml,653.xml,653.jpg,653.jpg,train,653.jpg,primary,consistent,primary_confirmed,,unique,train,True,none,not_required,,,data/metadata/wtbd/second_annotator_comparison.csv,568c00e99f5ca8d205c5b48b3c058ca8f3b93d2e4de9986ec7d01af75b33babb,wtbd-curation-v1
654,654.jpg,654.xml,654.xml,654.jpg,654.jpg,validation,654.jpg,primary,consistent,primary_confirmed,,unique,validation,True,none,not_required,,,data/metadata/wtbd/second_annotator_comparison.csv,568c00e99f5ca8d205c5b48b3c058ca8f3b93d2e4de9986ec7d01af75b33babb,wtbd-curation-v1
655,655.jpg,655.xml,655.xml,655.jpg,655.jpg,test,655.jpg,primary,consistent,primary_confirmed,,unique,test,True,none,not_required,,,data/metadata/wtbd/second_annotator_comparison.csv,568c00e99f5ca8d205c5b48b3c058ca8f3b93d2e4de9986ec7d01af75b33babb,wtbd-curation-v1
656,656.jpg,656.xml,656.xml,656.jpg,656.jpg,validation,656.jpg,primary,consistent,primary_confirmed,,near_duplicate_review,validation,True,none,not_required,,,data/metadata/wtbd/second_annotator_comparison.csv,568c00e99f5ca8d205c5b48b3c058ca8f3b93d2e4de9986ec7d01af75b33babb,wtbd-curation-v1
657,657.jpg,657.xml,657.xml,657.jpg,657.jpg,train,657.jpg,primary,consistent,primary_confirmed,,unique,train,True,none,not_required,,,data/metadata/wtbd/second_annotator_comparison.csv,568c00e99f5ca8d205c5b48b3c058ca8f3b93d2e4de9986ec7d01af75b33babb,wtbd-curation-v1
658,658.jpg,658.xml,658.xml,658.jpg,658.jpg,test,658.jpg,primary,consistent,primary_confirmed,,unique,test,True,none,not_required,,,data/metadata/wtbd/second_annotator_comparison.csv,568c00e99f5ca8d205c5b48b3c058ca8f3b93d2e4de9986ec7d01af75b33babb,wtbd-curation-v1
659,659.jpg,659.xml,659.xml,659.jpg,659.jpg,train,659.jpg,primary,consistent,primary_confirmed,,unique,train,True,none,not_required,,,data/metadata/wtbd/second_annotator_comparison.csv,568c00e99f5ca8d205c5b48b3c058ca8f3b93d2e4de9986ec7d01af75b33babb,wtbd-curation-v1
660,660.jpg,660.xml,660.xml,660.jpg,660.jpg,train,660.jpg,primary,consistent,primary_confirmed,,unique,train,True,none,not_required,,,data/metadata/wtbd/second_annotator_comparison.csv,568c00e99f5ca8d205c5b48b3c058ca8f3b93d2e4de9986ec7d01af75b33babb,wtbd-curation-v1
661,661.jpg,661.xml,661.xml,661.jpg,661.jpg,validation,661.jpg,primary,consistent,primary_confirmed,,near_duplicate_review,validation,True,none,not_required,,,data/metadata/wtbd/second_annotator_comparison.csv,568c00e99f5ca8d205c5b48b3c058ca8f3b93d2e4de9986ec7d01af75b33babb,wtbd-curation-v1
662,662.jpg,662.xml,662.xml,662.jpg,662.jpg,train,662.jpg,primary,consistent,primary_confirmed,,unique,train,True,none,not_required,,,data/metadata/wtbd/second_annotator_comparison.csv,568c00e99f5ca8d205c5b48b3c058ca8f3b93d2e4de9986ec7d01af75b33babb,wtbd-curation-v1
663,663.jpg,663.xml,663.xml,663.jpg,663.jpg,test,663.jpg,primary,consistent,primary_confirmed,,unique,test,True,none,not_required,,,data/metadata/wtbd/second_annotator_comparison.csv,568c00e99f5ca8d205c5b48b3c058ca8f3b93d2e4de9986ec7d01af75b33babb,wtbd-curation-v1
664,664.jpg,664.xml,664.xml,664.jpg,664.jpg,train,664.jpg,primary,consistent,primary_confirmed,,unique,train,True,none,not_required,,,data/metadata/wtbd/second_annotator_comparison.csv,568c00e99f5ca8d205c5b48b3c058ca8f3b93d2e4de9986ec7d01af75b33babb,wtbd-curation-v1
665,665.jpg,665.xml,665.xml,665.jpg,665.jpg,validation,665.jpg,primary,consistent,primary_confirmed,,unique,validation,True,none,not_required,,,data/metadata/wtbd/second_annotator_comparison.csv,568c00e99f5ca8d205c5b48b3c058ca8f3b93d2e4de9986ec7d01af75b33babb,wtbd-curation-v1
666,666.jpg,666.xml,666.xml,666.jpg,666.jpg,train,666.jpg,primary,consistent,primary_confirmed,,unique,train,True,none,not_required,,,data/metadata/wtbd/second_annotator_comparison.csv,568c00e99f5ca8d205c5b48b3c058ca8f3b93d2e4de9986ec7d01af75b33babb,wtbd-curation-v1
667,667.jpg,667.xml,667.xml,667.jpg,667.jpg,train,667.jpg,primary,consistent,primary_confirmed,,unique,train,True,none,not_required,,,data/metadata/wtbd/second_annotator_comparison.csv,568c00e99f5ca8d205c5b48b3c058ca8f3b93d2e4de9986ec7d01af75b33babb,wtbd-curation-v1
668,668.jpg,668.xml,668.xml,668.jpg,668.jpg,train,668.jpg,primary,consistent,primary_confirmed,exact-002,exact_duplicate_redundant,,False,exact_duplicate_redundant,not_required,,,data/metadata/wtbd/second_annotator_comparison.csv,568c00e99f5ca8d205c5b48b3c058ca8f3b93d2e4de9986ec7d01af75b33babb,wtbd-curation-v1
669,669.jpg,669.xml,669.xml,669.jpg,669.jpg,validation,669.jpg,primary,consistent,primary_confirmed,,unique,validation,True,none,not_required,,,data/metadata/wtbd/second_annotator_comparison.csv,568c00e99f5ca8d205c5b48b3c058ca8f3b93d2e4de9986ec7d01af75b33babb,wtbd-curation-v1
670,670.jpg,670.xml,670.xml,670.jpg,670.jpg,train,670.jpg,primary,consistent,primary_confirmed,,unique,train,True,none,not_required,,,data/metadata/wtbd/second_annotator_comparison.csv,568c00e99f5ca8d205c5b48b3c058ca8f3b93d2e4de9986ec7d01af75b33babb,wtbd-curation-v1
671,671.jpg,671.xml,671.xml,671.jpg,671.jpg,test,671.jpg,primary,consistent,primary_confirmed,,unique,test,True,none,not_required,,,data/metadata/wtbd/second_annotator_comparison.csv,568c00e99f5ca8d205c5b48b3c058ca8f3b93d2e4de9986ec7d01af75b33babb,wtbd-curation-v1
672,672.jpg,672.xml,672.xml,672.jpg,672.jpg,train,672.jpg,primary,consistent,primary_confirmed,,unique,train,True,none,not_required,,,data/metadata/wtbd/second_annotator_comparison.csv,568c00e99f5ca8d205c5b48b3c058ca8f3b93d2e4de9986ec7d01af75b33babb,wtbd-curation-v1
673,673.jpg,673.xml,673.xml,673.jpg,673.jpg,train,673.jpg,primary,consistent,primary_confirmed,,unique,train,True,none,not_required,,,data/metadata/wtbd/second_annotator_comparison.csv,568c00e99f5ca8d205c5b48b3c058ca8f3b93d2e4de9986ec7d01af75b33babb,wtbd-curation-v1
674,674.jpg,674.xml,674.xml,674.jpg,674.jpg,validation,674.jpg,primary,consistent,primary_confirmed,,near_duplicate_review,validation,True,none,not_required,,,data/metadata/wtbd/second_annotator_comparison.csv,568c00e99f5ca8d205c5b48b3c058ca8f3b93d2e4de9986ec7d01af75b33babb,wtbd-curation-v1
675,675.jpg,675.xml,675.xml,675.jpg,675.jpg,validation,675.jpg,primary,consistent,primary_confirmed,,unique,validation,True,none,not_required,,,data/metadata/wtbd/second_annotator_comparison.csv,568c00e99f5ca8d205c5b48b3c058ca8f3b93d2e4de9986ec7d01af75b33babb,wtbd-curation-v1
676,676.jpg,676.xml,676.xml,676.jpg,676.jpg,train,676.jpg,primary,consistent,primary_confirmed,,unique,train,True,none,not_required,,,data/metadata/wtbd/second_annotator_comparison.csv,568c00e99f5ca8d205c5b48b3c058ca8f3b93d2e4de9986ec7d01af75b33babb,wtbd-curation-v1
677,677.jpg,677.xml,677.xml,677.jpg,677.jpg,test,677.jpg,primary,consistent,primary_confirmed,,unique,test,True,none,not_required,,,data/metadata/wtbd/second_annotator_comparison.csv,568c00e99f5ca8d205c5b48b3c058ca8f3b93d2e4de9986ec7d01af75b33babb,wtbd-curation-v1
678,678.jpg,678.xml,678.xml,678.jpg,678.jpg,train,678.jpg,primary,consistent,primary_confirmed,,unique,train,True,none,not_required,,,data/metadata/wtbd/second_annotator_comparison.csv,568c00e99f5ca8d205c5b48b3c058ca8f3b93d2e4de9986ec7d01af75b33babb,wtbd-curation-v1
679,679.jpg,679.xml,679.xml,679.jpg,679.jpg,train,679.jpg,primary,consistent,primary_confirmed,,unique,train,True,none,not_required,,,data/metadata/wtbd/second_annotator_comparison.csv,568c00e99f5ca8d205c5b48b3c058ca8f3b93d2e4de9986ec7d01af75b33babb,wtbd-curation-v1
680,680.jpg,680.xml,680.xml,680.jpg,680.jpg,train,680.jpg,primary,consistent,primary_confirmed,,near_duplicate_review,train,True,none,not_required,,,data/metadata/wtbd/second_annotator_comparison.csv,568c00e99f5ca8d205c5b48b3c058ca8f3b93d2e4de9986ec7d01af75b33babb,wtbd-curation-v1
681,681.jpg,681.xml,681.xml,681.jpg,681.jpg,train,681.jpg,primary,consistent,primary_confirmed,,unique,train,True,none,not_required,,,data/metadata/wtbd/second_annotator_comparison.csv,568c00e99f5ca8d205c5b48b3c058ca8f3b93d2e4de9986ec7d01af75b33babb,wtbd-curation-v1
682,682.jpg,682.xml,682.xml,682.jpg,682.jpg,train,682.jpg,primary,consistent,primary_confirmed,,unique,train,True,none,not_required,,,data/metadata/wtbd/second_annotator_comparison.csv,568c00e99f5ca8d205c5b48b3c058ca8f3b93d2e4de9986ec7d01af75b33babb,wtbd-curation-v1
683,683.jpg,683.xml,683.xml,683.jpg,683.jpg,train,683.jpg,primary,consistent,primary_confirmed,,near_duplicate_review,train,True,none,not_required,,,data/metadata/wtbd/second_annotator_comparison.csv,568c00e99f5ca8d205c5b48b3c058ca8f3b93d2e4de9986ec7d01af75b33babb,wtbd-curation-v1
684,684.jpg,684.xml,684.xml,684.jpg,684.jpg,train,684.jpg,primary,consistent,primary_confirmed,,near_duplicate_review,train,True,none,not_required,,,data/metadata/wtbd/second_annotator_comparison.csv,568c00e99f5ca8d205c5b48b3c058ca8f3b93d2e4de9986ec7d01af75b33babb,wtbd-curation-v1
685,685.jpg,685.xml,685.xml,685.jpg,685.jpg,validation,685.jpg,primary,consistent,primary_confirmed,,unique,validation,True,none,not_required,,,data/metadata/wtbd/second_annotator_comparison.csv,568c00e99f5ca8d205c5b48b3c058ca8f3b93d2e4de9986ec7d01af75b33babb,wtbd-curation-v1
686,686.jpg,686.xml,686.xml,686.jpg,686.jpg,test,686.jpg,primary,consistent,primary_confirmed,,unique,test,True,none,not_required,,,data/metadata/wtbd/second_annotator_comparison.csv,568c00e99f5ca8d205c5b48b3c058ca8f3b93d2e4de9986ec7d01af75b33babb,wtbd-curation-v1
687,687.jpg,687.xml,687.xml,687.jpg,687.jpg,validation,687.jpg,primary,consistent,primary_confirmed,,near_duplicate_review,validation,True,none,not_required,,,data/metadata/wtbd/second_annotator_comparison.csv,568c00e99f5ca8d205c5b48b3c058ca8f3b93d2e4de9986ec7d01af75b33babb,wtbd-curation-v1
688,688.jpg,688.xml,688.xml,688.jpg,688.jpg,train,688.jpg,primary,consistent,primary_confirmed,,near_duplicate_review,train,True,none,not_required,,,data/metadata/wtbd/second_annotator_comparison.csv,568c00e99f5ca8d205c5b48b3c058ca8f3b93d2e4de9986ec7d01af75b33babb,wtbd-curation-v1
689,689.jpg,689.xml,689.xml,689.jpg,689.jpg,test,689.jpg,primary,consistent,primary_confirmed,,near_duplicate_review,test,True,none,not_required,,,data/metadata/wtbd/second_annotator_comparison.csv,568c00e99f5ca8d205c5b48b3c058ca8f3b93d2e4de9986ec7d01af75b33babb,wtbd-curation-v1
690,690.jpg,690.xml,690.xml,690.jpg,690.jpg,train,690.jpg,primary,consistent,primary_confirmed,,near_duplicate_review,train,True,none,not_required,,,data/metadata/wtbd/second_annotator_comparison.csv,568c00e99f5ca8d205c5b48b3c058ca8f3b93d2e4de9986ec7d01af75b33babb,wtbd-curation-v1
691,691.jpg,691.xml,691.xml,691.jpg,691.jpg,train,691.jpg,primary,consistent,primary_confirmed,,near_duplicate_review,train,True,none,not_required,,,data/metadata/wtbd/second_annotator_comparison.csv,568c00e99f5ca8d205c5b48b3c058ca8f3b93d2e4de9986ec7d01af75b33babb,wtbd-curation-v1
692,692.jpg,692.xml,692.xml,692.jpg,692.jpg,train,692.jpg,primary,consistent,primary_confirmed,,unique,train,True,none,not_required,,,data/metadata/wtbd/second_annotator_comparison.csv,568c00e99f5ca8d205c5b48b3c058ca8f3b93d2e4de9986ec7d01af75b33babb,wtbd-curation-v1
693,693.jpg,693.xml,693.xml,693.jpg,693.jpg,train,693.jpg,primary,consistent,primary_confirmed,,unique,train,True,none,not_required,,,data/metadata/wtbd/second_annotator_comparison.csv,568c00e99f5ca8d205c5b48b3c058ca8f3b93d2e4de9986ec7d01af75b33babb,wtbd-curation-v1
694,694.jpg,694.xml,694.xml,694.jpg,694.jpg,train,694.jpg,primary,consistent,primary_confirmed,,unique,train,True,none,not_required,,,data/metadata/wtbd/second_annotator_comparison.csv,568c00e99f5ca8d205c5b48b3c058ca8f3b93d2e4de9986ec7d01af75b33babb,wtbd-curation-v1
695,695.jpg,695.xml,695.xml,695.jpg,695.jpg,train,695.jpg,primary,consistent,primary_confirmed,,unique,train,True,none,not_required,,,data/metadata/wtbd/second_annotator_comparison.csv,568c00e99f5ca8d205c5b48b3c058ca8f3b93d2e4de9986ec7d01af75b33babb,wtbd-curation-v1
696,696.jpg,696.xml,696.xml,696.jpg,696.jpg,test,696.jpg,primary,consistent,primary_confirmed,,near_duplicate_review,test,True,none,not_required,,,data/metadata/wtbd/second_annotator_comparison.csv,568c00e99f5ca8d205c5b48b3c058ca8f3b93d2e4de9986ec7d01af75b33babb,wtbd-curation-v1
697,697.jpg,697.xml,697.xml,697.jpg,697.jpg,train,697.jpg,primary,consistent,primary_confirmed,,unique,train,True,none,not_required,,,data/metadata/wtbd/second_annotator_comparison.csv,568c00e99f5ca8d205c5b48b3c058ca8f3b93d2e4de9986ec7d01af75b33babb,wtbd-curation-v1
698,698.jpg,698.xml,698.xml,698.jpg,698.jpg,validation,698.jpg,primary,consistent,primary_confirmed,,unique,validation,True,none,not_required,,,data/metadata/wtbd/second_annotator_comparison.csv,568c00e99f5ca8d205c5b48b3c058ca8f3b93d2e4de9986ec7d01af75b33babb,wtbd-curation-v1
699,699.jpg,699.xml,699.xml,699.jpg,699.jpg,test,699.jpg,primary,consistent,primary_confirmed,,unique,test,True,none,not_required,,,data/metadata/wtbd/second_annotator_comparison.csv,568c00e99f5ca8d205c5b48b3c058ca8f3b93d2e4de9986ec7d01af75b33babb,wtbd-curation-v1
700,700.jpg,700.xml,700.xml,700.jpg,700.jpg,train,700.jpg,primary,consistent,primary_confirmed,scene-039,near_duplicate_same_scene,,False,near_duplicate_same_scene_redundant,not_required,,,data/metadata/wtbd/second_annotator_comparison.csv,568c00e99f5ca8d205c5b48b3c058ca8f3b93d2e4de9986ec7d01af75b33babb,wtbd-curation-v1
701,701.jpg,701.xml,701.xml,701.jpg,701.jpg,test,701.jpg,primary,consistent,primary_confirmed,,unique,test,True,none,not_required,,,data/metadata/wtbd/second_annotator_comparison.csv,568c00e99f5ca8d205c5b48b3c058ca8f3b93d2e4de9986ec7d01af75b33babb,wtbd-curation-v1
702,702.jpg,702.xml,702.xml,702.jpg,702.jpg,train,702.jpg,primary,consistent,primary_confirmed,,unique,train,True,none,not_required,,,data/metadata/wtbd/second_annotator_comparison.csv,568c00e99f5ca8d205c5b48b3c058ca8f3b93d2e4de9986ec7d01af75b33babb,wtbd-curation-v1
703,703.jpg,703.xml,703.xml,703.jpg,703.jpg,train,703.jpg,primary,consistent,primary_confirmed,,unique,train,True,none,not_required,,,data/metadata/wtbd/second_annotator_comparison.csv,568c00e99f5ca8d205c5b48b3c058ca8f3b93d2e4de9986ec7d01af75b33babb,wtbd-curation-v1
704,704.jpg,704.xml,704.xml,704.jpg,704.jpg,test,704.jpg,primary,consistent,primary_confirmed,,near_duplicate_review,test,True,none,not_required,,,data/metadata/wtbd/second_annotator_comparison.csv,568c00e99f5ca8d205c5b48b3c058ca8f3b93d2e4de9986ec7d01af75b33babb,wtbd-curation-v1
705,705.jpg,705.xml,705.xml,705.jpg,705.jpg,train,705.jpg,primary,consistent,primary_confirmed,,unique,train,True,none,not_required,,,data/metadata/wtbd/second_annotator_comparison.csv,568c00e99f5ca8d205c5b48b3c058ca8f3b93d2e4de9986ec7d01af75b33babb,wtbd-curation-v1
706,706.jpg,706.xml,706.xml,706.jpg,706.jpg,validation,706.jpg,primary,consistent,primary_confirmed,scene-049,near_duplicate_same_scene,validation,True,none,not_required,,,data/metadata/wtbd/second_annotator_comparison.csv,568c00e99f5ca8d205c5b48b3c058ca8f3b93d2e4de9986ec7d01af75b33babb,wtbd-curation-v1
707,707.jpg,707.xml,707.xml,707.jpg,707.jpg,train,707.jpg,primary,consistent,primary_confirmed,,unique,train,True,none,not_required,,,data/metadata/wtbd/second_annotator_comparison.csv,568c00e99f5ca8d205c5b48b3c058ca8f3b93d2e4de9986ec7d01af75b33babb,wtbd-curation-v1
708,708.jpg,708.xml,708.xml,708.jpg,708.jpg,train,708.jpg,primary,consistent,primary_confirmed,,near_duplicate_review,train,True,none,not_required,,,data/metadata/wtbd/second_annotator_comparison.csv,568c00e99f5ca8d205c5b48b3c058ca8f3b93d2e4de9986ec7d01af75b33babb,wtbd-curation-v1
709,709.jpg,709.xml,709.xml,709.jpg,709.jpg,train,709.jpg,primary,consistent,primary_confirmed,,unique,train,True,none,not_required,,,data/metadata/wtbd/second_annotator_comparison.csv,568c00e99f5ca8d205c5b48b3c058ca8f3b93d2e4de9986ec7d01af75b33babb,wtbd-curation-v1
710,710.jpg,710.xml,710.xml,710.jpg,710.jpg,train,710.jpg,primary,consistent,primary_confirmed,,near_duplicate_review,train,True,none,not_required,,,data/metadata/wtbd/second_annotator_comparison.csv,568c00e99f5ca8d205c5b48b3c058ca8f3b93d2e4de9986ec7d01af75b33babb,wtbd-curation-v1
711,711.jpg,711.xml,711.xml,711.jpg,711.jpg,train,711.jpg,primary,consistent,primary_confirmed,,near_duplicate_review,train,True,none,not_required,,,data/metadata/wtbd/second_annotator_comparison.csv,568c00e99f5ca8d205c5b48b3c058ca8f3b93d2e4de9986ec7d01af75b33babb,wtbd-curation-v1
712,712.jpg,712.xml,712.xml,712.jpg,712.jpg,train,712.jpg,primary,consistent,primary_confirmed,,near_duplicate_review,train,True,none,not_required,,,data/metadata/wtbd/second_annotator_comparison.csv,568c00e99f5ca8d205c5b48b3c058ca8f3b93d2e4de9986ec7d01af75b33babb,wtbd-curation-v1
713,713.jpg,713.xml,713.xml,713.jpg,713.jpg,train,713.jpg,primary,consistent,primary_confirmed,,near_duplicate_review,train,True,none,not_required,,,data/metadata/wtbd/second_annotator_comparison.csv,568c00e99f5ca8d205c5b48b3c058ca8f3b93d2e4de9986ec7d01af75b33babb,wtbd-curation-v1
714,714.jpg,714.xml,714.xml,714.jpg,714.jpg,train,714.jpg,primary,consistent,primary_confirmed,,unique,train,True,none,not_required,,,data/metadata/wtbd/second_annotator_comparison.csv,568c00e99f5ca8d205c5b48b3c058ca8f3b93d2e4de9986ec7d01af75b33babb,wtbd-curation-v1
715,715.jpg,715.xml,715.xml,715.jpg,715.jpg,train,715.jpg,primary,consistent,primary_confirmed,,unique,train,True,none,not_required,,,data/metadata/wtbd/second_annotator_comparison.csv,568c00e99f5ca8d205c5b48b3c058ca8f3b93d2e4de9986ec7d01af75b33babb,wtbd-curation-v1
716,716.jpg,716.xml,716.xml,716.jpg,716.jpg,train,716.jpg,primary,consistent,primary_confirmed,,near_duplicate_review,train,True,none,not_required,,,data/metadata/wtbd/second_annotator_comparison.csv,568c00e99f5ca8d205c5b48b3c058ca8f3b93d2e4de9986ec7d01af75b33babb,wtbd-curation-v1
717,717.jpg,717.xml,717.xml,717.jpg,717.jpg,train,717.jpg,primary,consistent,primary_confirmed,,near_duplicate_review,train,True,none,not_required,,,data/metadata/wtbd/second_annotator_comparison.csv,568c00e99f5ca8d205c5b48b3c058ca8f3b93d2e4de9986ec7d01af75b33babb,wtbd-curation-v1
718,718.jpg,718.xml,718.xml,718.jpg,718.jpg,test,718.jpg,primary,consistent,primary_confirmed,scene-049,near_duplicate_same_scene,,False,near_duplicate_same_scene_redundant,not_required,,,data/metadata/wtbd/second_annotator_comparison.csv,568c00e99f5ca8d205c5b48b3c058ca8f3b93d2e4de9986ec7d01af75b33babb,wtbd-curation-v1
719,719.jpg,719.xml,719.xml,719.jpg,719.jpg,train,719.jpg,primary,consistent,primary_confirmed,,unique,train,True,none,not_required,,,data/metadata/wtbd/second_annotator_comparison.csv,568c00e99f5ca8d205c5b48b3c058ca8f3b93d2e4de9986ec7d01af75b33babb,wtbd-curation-v1
720,720.jpg,720.xml,720.xml,720.jpg,720.jpg,train,720.jpg,primary,consistent,primary_confirmed,,unique,train,True,none,not_required,,,data/metadata/wtbd/second_annotator_comparison.csv,568c00e99f5ca8d205c5b48b3c058ca8f3b93d2e4de9986ec7d01af75b33babb,wtbd-curation-v1
721,721.jpg,721.xml,721.xml,721.jpg,721.jpg,test,721.jpg,primary,consistent,primary_confirmed,,unique,test,True,none,not_required,,,data/metadata/wtbd/second_annotator_comparison.csv,568c00e99f5ca8d205c5b48b3c058ca8f3b93d2e4de9986ec7d01af75b33babb,wtbd-curation-v1
722,722.jpg,722.xml,722.xml,722.jpg,722.jpg,train,722.jpg,primary,consistent,primary_confirmed,,near_duplicate_review,train,True,none,not_required,,,data/metadata/wtbd/second_annotator_comparison.csv,568c00e99f5ca8d205c5b48b3c058ca8f3b93d2e4de9986ec7d01af75b33babb,wtbd-curation-v1
723,723.jpg,723.xml,723.xml,723.jpg,723.jpg,train,723.jpg,primary,consistent,primary_confirmed,,near_duplicate_review,train,True,none,not_required,,,data/metadata/wtbd/second_annotator_comparison.csv,568c00e99f5ca8d205c5b48b3c058ca8f3b93d2e4de9986ec7d01af75b33babb,wtbd-curation-v1
724,724.jpg,724.xml,724.xml,724.jpg,724.jpg,validation,724.jpg,primary,consistent,primary_confirmed,,unique,validation,True,none,not_required,,,data/metadata/wtbd/second_annotator_comparison.csv,568c00e99f5ca8d205c5b48b3c058ca8f3b93d2e4de9986ec7d01af75b33babb,wtbd-curation-v1
725,725.jpg,725.xml,725.xml,725.jpg,725.jpg,train,725.jpg,primary,consistent,primary_confirmed,,unique,train,True,none,not_required,,,data/metadata/wtbd/second_annotator_comparison.csv,568c00e99f5ca8d205c5b48b3c058ca8f3b93d2e4de9986ec7d01af75b33babb,wtbd-curation-v1
726,726.jpg,726.xml,726.xml,726.jpg,726.jpg,train,726.jpg,primary,consistent,primary_confirmed,,unique,train,True,none,not_required,,,data/metadata/wtbd/second_annotator_comparison.csv,568c00e99f5ca8d205c5b48b3c058ca8f3b93d2e4de9986ec7d01af75b33babb,wtbd-curation-v1
727,727.jpg,727.xml,727.xml,727.jpg,727.jpg,train,727.jpg,primary,consistent,primary_confirmed,,near_duplicate_review,train,True,none,not_required,,,data/metadata/wtbd/second_annotator_comparison.csv,568c00e99f5ca8d205c5b48b3c058ca8f3b93d2e4de9986ec7d01af75b33babb,wtbd-curation-v1
728,728.jpg,728.xml,728.xml,728.jpg,728.jpg,train,728.jpg,primary,consistent,primary_confirmed,,unique,train,True,none,not_required,,,data/metadata/wtbd/second_annotator_comparison.csv,568c00e99f5ca8d205c5b48b3c058ca8f3b93d2e4de9986ec7d01af75b33babb,wtbd-curation-v1
729,729.jpg,729.xml,729.xml,729.jpg,729.jpg,train,729.jpg,primary,consistent,primary_confirmed,,unique,train,True,none,not_required,,,data/metadata/wtbd/second_annotator_comparison.csv,568c00e99f5ca8d205c5b48b3c058ca8f3b93d2e4de9986ec7d01af75b33babb,wtbd-curation-v1
730,730.jpg,730.xml,730.xml,730.jpg,730.jpg,validation,730.jpg,primary,consistent,primary_confirmed,,unique,validation,True,none,not_required,,,data/metadata/wtbd/second_annotator_comparison.csv,568c00e99f5ca8d205c5b48b3c058ca8f3b93d2e4de9986ec7d01af75b33babb,wtbd-curation-v1
731,731.jpg,731.xml,731.xml,731.jpg,731.jpg,train,731.jpg,primary,consistent,primary_confirmed,,unique,train,True,none,not_required,,,data/metadata/wtbd/second_annotator_comparison.csv,568c00e99f5ca8d205c5b48b3c058ca8f3b93d2e4de9986ec7d01af75b33babb,wtbd-curation-v1
732,732.jpg,732.xml,732.xml,732.jpg,732.jpg,train,732.jpg,primary,consistent,primary_confirmed,,unique,train,True,none,not_required,,,data/metadata/wtbd/second_annotator_comparison.csv,568c00e99f5ca8d205c5b48b3c058ca8f3b93d2e4de9986ec7d01af75b33babb,wtbd-curation-v1
733,733.jpg,733.xml,733.xml,733.jpg,733.jpg,train,733.jpg,primary,consistent,primary_confirmed,,unique,train,True,none,not_required,,,data/metadata/wtbd/second_annotator_comparison.csv,568c00e99f5ca8d205c5b48b3c058ca8f3b93d2e4de9986ec7d01af75b33babb,wtbd-curation-v1
734,734.jpg,734.xml,734.xml,734.jpg,734.jpg,train,734.jpg,primary,consistent,primary_confirmed,,unique,train,True,none,not_required,,,data/metadata/wtbd/second_annotator_comparison.csv,568c00e99f5ca8d205c5b48b3c058ca8f3b93d2e4de9986ec7d01af75b33babb,wtbd-curation-v1
735,735.jpg,735.xml,735.xml,735.jpg,735.jpg,test,735.jpg,primary,consistent,primary_confirmed,scene-046,near_duplicate_same_scene,,False,near_duplicate_same_scene_redundant,not_required,,,data/metadata/wtbd/second_annotator_comparison.csv,568c00e99f5ca8d205c5b48b3c058ca8f3b93d2e4de9986ec7d01af75b33babb,wtbd-curation-v1
736,736.jpg,736.xml,736.xml,736.jpg,736.jpg,validation,736.jpg,primary,consistent,primary_confirmed,,unique,validation,True,none,not_required,,,data/metadata/wtbd/second_annotator_comparison.csv,568c00e99f5ca8d205c5b48b3c058ca8f3b93d2e4de9986ec7d01af75b33babb,wtbd-curation-v1
737,737.jpg,737.xml,737.xml,737.jpg,737.jpg,train,737.jpg,primary,consistent,primary_confirmed,,unique,train,True,none,not_required,,,data/metadata/wtbd/second_annotator_comparison.csv,568c00e99f5ca8d205c5b48b3c058ca8f3b93d2e4de9986ec7d01af75b33babb,wtbd-curation-v1
738,738.jpg,738.xml,738.xml,738.jpg,738.jpg,validation,738.jpg,primary,consistent,primary_confirmed,,unique,validation,True,none,not_required,,,data/metadata/wtbd/second_annotator_comparison.csv,568c00e99f5ca8d205c5b48b3c058ca8f3b93d2e4de9986ec7d01af75b33babb,wtbd-curation-v1
739,739.jpg,739.xml,739.xml,739.jpg,739.jpg,validation,739.jpg,primary,consistent,primary_confirmed,,unique,validation,True,none,not_required,,,data/metadata/wtbd/second_annotator_comparison.csv,568c00e99f5ca8d205c5b48b3c058ca8f3b93d2e4de9986ec7d01af75b33babb,wtbd-curation-v1
740,740.jpg,740.xml,740.xml,740.jpg,740.jpg,validation,740.jpg,primary,consistent,primary_confirmed,,unique,validation,True,none,not_required,,,data/metadata/wtbd/second_annotator_comparison.csv,568c00e99f5ca8d205c5b48b3c058ca8f3b93d2e4de9986ec7d01af75b33babb,wtbd-curation-v1
741,741.jpg,741.xml,741.xml,741.jpg,741.jpg,train,741.jpg,primary,consistent,primary_confirmed,,unique,train,True,none,not_required,,,data/metadata/wtbd/second_annotator_comparison.csv,568c00e99f5ca8d205c5b48b3c058ca8f3b93d2e4de9986ec7d01af75b33babb,wtbd-curation-v1
742,742.jpg,742.xml,742.xml,742.jpg,742.jpg,train,742.jpg,primary,consistent,primary_confirmed,,unique,train,True,none,not_required,,,data/metadata/wtbd/second_annotator_comparison.csv,568c00e99f5ca8d205c5b48b3c058ca8f3b93d2e4de9986ec7d01af75b33babb,wtbd-curation-v1
743,743.jpg,743.xml,743.xml,10.jpg,10.jpg,train,,none,annotation_reused_from_other_image,exclude,,unique,,False,annotation_reused,completed,OpenAI-human-review-2026-08-28,"Human review: XML-stem image is the same underlying source scene as declared 10.jpg, but appears as a photometric/processing variant. Primary/secondary annotations support the same scene. exact_reuse_signature=False; thumbnail_corr=0.8361. Exclude from the core dataset to preserve source-scene independence.",figures/phase2/identity_review/index.csv#743,568c00e99f5ca8d205c5b48b3c058ca8f3b93d2e4de9986ec7d01af75b33babb,wtbd-curation-v1
744,744.jpg,744.xml,744.xml,100.jpg,100.jpg,train,,none,annotation_reused_from_other_image,exclude,,near_duplicate_review,,False,annotation_reused,completed,OpenAI-human-review-2026-08-28,"Human review: XML-stem image is the same underlying source scene as declared 100.jpg, but appears as a photometric/processing variant. Primary/secondary annotations support the same scene. exact_reuse_signature=True; thumbnail_corr=0.9936. Exclude from the core dataset to preserve source-scene independence.",figures/phase2/identity_review/index.csv#744,568c00e99f5ca8d205c5b48b3c058ca8f3b93d2e4de9986ec7d01af75b33babb,wtbd-curation-v1
745,745.jpg,745.xml,745.xml,101.jpg,101.jpg,validation,,none,annotation_reused_from_other_image,exclude,,near_duplicate_review,,False,annotation_reused,completed,OpenAI-human-review-2026-08-28,"Human review: XML-stem image is the same underlying source scene as declared 101.jpg, but appears as a photometric/processing variant. Primary/secondary annotations support the same scene. exact_reuse_signature=True; thumbnail_corr=0.9991. Exclude from the core dataset to preserve source-scene independence.",figures/phase2/identity_review/index.csv#745,568c00e99f5ca8d205c5b48b3c058ca8f3b93d2e4de9986ec7d01af75b33babb,wtbd-curation-v1
746,746.jpg,746.xml,746.xml,105.jpg,105.jpg,test,,none,annotation_reused_from_other_image,exclude,,unique,,False,annotation_reused,completed,OpenAI-human-review-2026-08-28,"Human review: XML-stem image is the same underlying source scene as declared 105.jpg, but appears as a photometric/processing variant. Primary/secondary annotations support the same scene. exact_reuse_signature=True; thumbnail_corr=0.9200. Exclude from the core dataset to preserve source-scene independence.",figures/phase2/identity_review/index.csv#746,568c00e99f5ca8d205c5b48b3c058ca8f3b93d2e4de9986ec7d01af75b33babb,wtbd-curation-v1
747,747.jpg,747.xml,747.xml,106.jpg,106.jpg,validation,,none,annotation_reused_from_other_image,exclude,,near_duplicate_review,,False,annotation_reused,completed,OpenAI-human-review-2026-08-28,"Human review: XML-stem image is the same underlying source scene as declared 106.jpg, but appears as a photometric/processing variant. Primary/secondary annotations support the same scene. exact_reuse_signature=True; thumbnail_corr=0.9999. Exclude from the core dataset to preserve source-scene independence.",figures/phase2/identity_review/index.csv#747,568c00e99f5ca8d205c5b48b3c058ca8f3b93d2e4de9986ec7d01af75b33babb,wtbd-curation-v1
748,748.jpg,748.xml,748.xml,108.jpg,108.jpg,train,,none,annotation_reused_from_other_image,exclude,,unique,,False,annotation_reused,completed,OpenAI-human-review-2026-08-28,"Human review: XML-stem image is the same underlying source scene as declared 108.jpg, but appears as a photometric/processing variant. Primary/secondary annotations support the same scene. exact_reuse_signature=True; thumbnail_corr=0.7588. Exclude from the core dataset to preserve source-scene independence.",figures/phase2/identity_review/index.csv#748,568c00e99f5ca8d205c5b48b3c058ca8f3b93d2e4de9986ec7d01af75b33babb,wtbd-curation-v1
749,749.jpg,749.xml,749.xml,11.jpg,11.jpg,validation,,none,annotation_reused_from_other_image,exclude,,unique,,False,annotation_reused,completed,OpenAI-human-review-2026-08-28,"Human review: XML-stem image is the same underlying source scene as declared 11.jpg, but appears as a photometric/processing variant. Primary/secondary annotations support the same scene. exact_reuse_signature=True; thumbnail_corr=0.9828. Exclude from the core dataset to preserve source-scene independence.",figures/phase2/identity_review/index.csv#749,568c00e99f5ca8d205c5b48b3c058ca8f3b93d2e4de9986ec7d01af75b33babb,wtbd-curation-v1
750,750.jpg,750.xml,750.xml,110.jpg,110.jpg,train,,none,annotation_reused_from_other_image,exclude,,near_duplicate_review,,False,annotation_reused,completed,OpenAI-human-review-2026-08-28,"Human review: XML-stem image is the same underlying source scene as declared 110.jpg, but appears as a photometric/processing variant. Primary/secondary annotations support the same scene. exact_reuse_signature=True; thumbnail_corr=0.5574. Exclude from the core dataset to preserve source-scene independence.",figures/phase2/identity_review/index.csv#750,568c00e99f5ca8d205c5b48b3c058ca8f3b93d2e4de9986ec7d01af75b33babb,wtbd-curation-v1
751,751.jpg,751.xml,751.xml,111.jpg,111.jpg,train,,none,annotation_reused_from_other_image,exclude,,unique,,False,annotation_reused,completed,OpenAI-human-review-2026-08-28,"Human review: XML-stem image is the same underlying source scene as declared 111.jpg, but appears as a photometric/processing variant. Primary/secondary annotations support the same scene. exact_reuse_signature=True; thumbnail_corr=0.9986. Exclude from the core dataset to preserve source-scene independence.",figures/phase2/identity_review/index.csv#751,568c00e99f5ca8d205c5b48b3c058ca8f3b93d2e4de9986ec7d01af75b33babb,wtbd-curation-v1
752,752.jpg,752.xml,752.xml,115.jpg,115.jpg,train,,none,annotation_reused_from_other_image,exclude,,unique,,False,annotation_reused,completed,OpenAI-human-review-2026-08-28,"Human review: XML-stem image is the same underlying source scene as declared 115.jpg, but appears as a photometric/processing variant. Primary/secondary annotations support the same scene. exact_reuse_signature=True; thumbnail_corr=0.7911. Exclude from the core dataset to preserve source-scene independence.",figures/phase2/identity_review/index.csv#752,568c00e99f5ca8d205c5b48b3c058ca8f3b93d2e4de9986ec7d01af75b33babb,wtbd-curation-v1
753,753.jpg,753.xml,753.xml,116.jpg,116.jpg,train,,none,annotation_reused_from_other_image,exclude,,near_duplicate_review,,False,annotation_reused,completed,OpenAI-human-review-2026-08-28,"Human review: XML-stem image is the same underlying source scene as declared 116.jpg, but appears as a photometric/processing variant. Primary/secondary annotations support the same scene. exact_reuse_signature=True; thumbnail_corr=0.9673. Exclude from the core dataset to preserve source-scene independence.",figures/phase2/identity_review/index.csv#753,568c00e99f5ca8d205c5b48b3c058ca8f3b93d2e4de9986ec7d01af75b33babb,wtbd-curation-v1
754,754.jpg,754.xml,754.xml,754.jpg,754.jpg,train,754.jpg,primary,consistent,primary_confirmed,,near_duplicate_review,train,True,none,not_required,,,data/metadata/wtbd/second_annotator_comparison.csv,568c00e99f5ca8d205c5b48b3c058ca8f3b93d2e4de9986ec7d01af75b33babb,wtbd-curation-v1
755,755.jpg,755.xml,755.xml,120.jpg,120.jpg,train,,none,annotation_reused_from_other_image,exclude,,unique,,False,annotation_reused,completed,OpenAI-human-review-2026-08-28,"Human review: XML-stem image is the same underlying source scene as declared 120.jpg, but appears as a photometric/processing variant. Primary/secondary annotations support the same scene. exact_reuse_signature=True; thumbnail_corr=0.6733. Exclude from the core dataset to preserve source-scene independence.",figures/phase2/identity_review/index.csv#755,568c00e99f5ca8d205c5b48b3c058ca8f3b93d2e4de9986ec7d01af75b33babb,wtbd-curation-v1
756,756.jpg,756.xml,756.xml,756.jpg,756.jpg,train,756.jpg,primary,consistent,primary_confirmed,,unique,train,True,none,not_required,,,data/metadata/wtbd/second_annotator_comparison.csv,568c00e99f5ca8d205c5b48b3c058ca8f3b93d2e4de9986ec7d01af75b33babb,wtbd-curation-v1
757,757.jpg,757.xml,757.xml,757.jpg,757.jpg,train,757.jpg,primary,consistent,primary_confirmed,,unique,train,True,none,not_required,,,data/metadata/wtbd/second_annotator_comparison.csv,568c00e99f5ca8d205c5b48b3c058ca8f3b93d2e4de9986ec7d01af75b33babb,wtbd-curation-v1
758,758.jpg,758.xml,758.xml,123.jpg,123.jpg,train,,none,annotation_reused_from_other_image,exclude,,near_duplicate_review,,False,annotation_reused,completed,OpenAI-human-review-2026-08-28,"Human review: XML-stem image is the same underlying source scene as declared 123.jpg, but appears as a photometric/processing variant. Primary/secondary annotations support the same scene. exact_reuse_signature=True; thumbnail_corr=0.9376. Exclude from the core dataset to preserve source-scene independence.",figures/phase2/identity_review/index.csv#758,568c00e99f5ca8d205c5b48b3c058ca8f3b93d2e4de9986ec7d01af75b33babb,wtbd-curation-v1
759,759.jpg,759.xml,759.xml,126.jpg,126.jpg,train,,none,annotation_reused_from_other_image,exclude,,near_duplicate_review,,False,annotation_reused,completed,OpenAI-human-review-2026-08-28,"Human review: XML-stem image is the same underlying source scene as declared 126.jpg, but appears as a photometric/processing variant. Primary/secondary annotations support the same scene. exact_reuse_signature=True; thumbnail_corr=0.9996. Exclude from the core dataset to preserve source-scene independence.",figures/phase2/identity_review/index.csv#759,568c00e99f5ca8d205c5b48b3c058ca8f3b93d2e4de9986ec7d01af75b33babb,wtbd-curation-v1
760,760.jpg,760.xml,760.xml,760.jpg,760.jpg,train,760.jpg,primary,consistent,primary_confirmed,scene-020,near_duplicate_same_scene,,False,near_duplicate_same_scene_redundant,not_required,,,data/metadata/wtbd/second_annotator_comparison.csv,568c00e99f5ca8d205c5b48b3c058ca8f3b93d2e4de9986ec7d01af75b33babb,wtbd-curation-v1
761,761.jpg,761.xml,761.xml,13.jpg,13.jpg,train,,none,annotation_reused_from_other_image,exclude,,near_duplicate_review,,False,annotation_reused,completed,OpenAI-human-review-2026-08-28,"Human review: XML-stem image is the same underlying source scene as declared 13.jpg, but appears as a photometric/processing variant. Primary/secondary annotations support the same scene. exact_reuse_signature=True; thumbnail_corr=0.9721. Exclude from the core dataset to preserve source-scene independence.",figures/phase2/identity_review/index.csv#761,568c00e99f5ca8d205c5b48b3c058ca8f3b93d2e4de9986ec7d01af75b33babb,wtbd-curation-v1
762,762.jpg,762.xml,762.xml,130.jpg,130.jpg,test,,none,annotation_reused_from_other_image,exclude,,near_duplicate_review,,False,annotation_reused,completed,OpenAI-human-review-2026-08-28,"Human review: XML-stem image is the same underlying source scene as declared 130.jpg, but appears as a photometric/processing variant. Primary/secondary annotations support the same scene. exact_reuse_signature=True; thumbnail_corr=0.9996. Exclude from the core dataset to preserve source-scene independence.",figures/phase2/identity_review/index.csv#762,568c00e99f5ca8d205c5b48b3c058ca8f3b93d2e4de9986ec7d01af75b33babb,wtbd-curation-v1
763,763.jpg,763.xml,763.xml,137.jpg,137.jpg,train,,none,annotation_reused_from_other_image,exclude,,near_duplicate_review,,False,annotation_reused,completed,OpenAI-human-review-2026-08-28,"Human review: XML-stem image is the same underlying source scene as declared 137.jpg, but appears as a photometric/processing variant. Primary/secondary annotations support the same scene. exact_reuse_signature=True; thumbnail_corr=0.9987. Exclude from the core dataset to preserve source-scene independence.",figures/phase2/identity_review/index.csv#763,568c00e99f5ca8d205c5b48b3c058ca8f3b93d2e4de9986ec7d01af75b33babb,wtbd-curation-v1
764,764.jpg,764.xml,764.xml,14.jpg,14.jpg,test,,none,annotation_reused_from_other_image,exclude,,near_duplicate_review,,False,annotation_reused,completed,OpenAI-human-review-2026-08-28,"Human review: XML-stem image is the same underlying source scene as declared 14.jpg, but appears as a photometric/processing variant. Primary/secondary annotations support the same scene. exact_reuse_signature=True; thumbnail_corr=0.9961. Exclude from the core dataset to preserve source-scene independence.",figures/phase2/identity_review/index.csv#764,568c00e99f5ca8d205c5b48b3c058ca8f3b93d2e4de9986ec7d01af75b33babb,wtbd-curation-v1
765,765.jpg,765.xml,765.xml,765.jpg,765.jpg,validation,765.jpg,primary,consistent,primary_confirmed,scene-050,near_duplicate_same_scene,validation,True,none,not_required,,,data/metadata/wtbd/second_annotator_comparison.csv,568c00e99f5ca8d205c5b48b3c058ca8f3b93d2e4de9986ec7d01af75b33babb,wtbd-curation-v1
766,766.jpg,766.xml,766.xml,144.jpg,144.jpg,train,,none,annotation_reused_from_other_image,exclude,,near_duplicate_review,,False,annotation_reused,completed,OpenAI-human-review-2026-08-28,"Human review: XML-stem image is the same underlying source scene as declared 144.jpg, but appears as a photometric/processing variant. Primary/secondary annotations support the same scene. exact_reuse_signature=True; thumbnail_corr=0.8341. Exclude from the core dataset to preserve source-scene independence.",figures/phase2/identity_review/index.csv#766,568c00e99f5ca8d205c5b48b3c058ca8f3b93d2e4de9986ec7d01af75b33babb,wtbd-curation-v1
767,767.jpg,767.xml,767.xml,145.jpg,145.jpg,train,,none,annotation_reused_from_other_image,exclude,,near_duplicate_review,,False,annotation_reused,completed,OpenAI-human-review-2026-08-28,"Human review: XML-stem image is the same underlying source scene as declared 145.jpg, but appears as a photometric/processing variant. Primary/secondary annotations support the same scene. exact_reuse_signature=True; thumbnail_corr=0.9813. Exclude from the core dataset to preserve source-scene independence.",figures/phase2/identity_review/index.csv#767,568c00e99f5ca8d205c5b48b3c058ca8f3b93d2e4de9986ec7d01af75b33babb,wtbd-curation-v1
768,768.jpg,768.xml,768.xml,146.jpg,146.jpg,validation,,none,annotation_reused_from_other_image,exclude,,unique,,False,annotation_reused,completed,OpenAI-human-review-2026-08-28,"Human review: XML-stem image is the same underlying source scene as declared 146.jpg, but appears as a photometric/processing variant. Primary/secondary annotations support the same scene. exact_reuse_signature=False; thumbnail_corr=0.9605. Exclude from the core dataset to preserve source-scene independence.",figures/phase2/identity_review/index.csv#768,568c00e99f5ca8d205c5b48b3c058ca8f3b93d2e4de9986ec7d01af75b33babb,wtbd-curation-v1
769,769.jpg,769.xml,769.xml,147.jpg,147.jpg,train,,none,annotation_reused_from_other_image,exclude,,unique,,False,annotation_reused,completed,OpenAI-human-review-2026-08-28,"Human review: XML-stem image is the same underlying source scene as declared 147.jpg, but appears as a photometric/processing variant. Primary/secondary annotations support the same scene. exact_reuse_signature=True; thumbnail_corr=0.9519. Exclude from the core dataset to preserve source-scene independence.",figures/phase2/identity_review/index.csv#769,568c00e99f5ca8d205c5b48b3c058ca8f3b93d2e4de9986ec7d01af75b33babb,wtbd-curation-v1
770,770.jpg,770.xml,770.xml,149.jpg,149.jpg,train,,none,annotation_reused_from_other_image,exclude,,near_duplicate_review,,False,annotation_reused,completed,OpenAI-human-review-2026-08-28,"Human review: XML-stem image is the same underlying source scene as declared 149.jpg, but appears as a photometric/processing variant. Primary/secondary annotations support the same scene. exact_reuse_signature=True; thumbnail_corr=0.4551. Exclude from the core dataset to preserve source-scene independence.",figures/phase2/identity_review/index.csv#770,568c00e99f5ca8d205c5b48b3c058ca8f3b93d2e4de9986ec7d01af75b33babb,wtbd-curation-v1
771,771.jpg,771.xml,771.xml,15.jpg,15.jpg,train,,none,annotation_reused_from_other_image,exclude,,unique,,False,annotation_reused,completed,OpenAI-human-review-2026-08-28,"Human review: XML-stem image is the same underlying source scene as declared 15.jpg, but appears as a photometric/processing variant. Primary/secondary annotations support the same scene. exact_reuse_signature=True; thumbnail_corr=0.9958. Exclude from the core dataset to preserve source-scene independence.",figures/phase2/identity_review/index.csv#771,568c00e99f5ca8d205c5b48b3c058ca8f3b93d2e4de9986ec7d01af75b33babb,wtbd-curation-v1
772,772.jpg,772.xml,772.xml,150.jpg,150.jpg,train,,none,annotation_reused_from_other_image,exclude,,unique,,False,annotation_reused,completed,OpenAI-human-review-2026-08-28,"Human review: XML-stem image is the same underlying source scene as declared 150.jpg, but appears as a photometric/processing variant. Primary/secondary annotations support the same scene. exact_reuse_signature=True; thumbnail_corr=0.7718. Exclude from the core dataset to preserve source-scene independence.",figures/phase2/identity_review/index.csv#772,568c00e99f5ca8d205c5b48b3c058ca8f3b93d2e4de9986ec7d01af75b33babb,wtbd-curation-v1
773,773.jpg,773.xml,773.xml,152.jpg,152.jpg,test,,none,annotation_reused_from_other_image,exclude,,near_duplicate_review,,False,annotation_reused,completed,OpenAI-human-review-2026-08-28,"Human review: XML-stem image is the same underlying source scene as declared 152.jpg, but appears as a photometric/processing variant. Primary/secondary annotations support the same scene. exact_reuse_signature=True; thumbnail_corr=0.9438. Exclude from the core dataset to preserve source-scene independence.",figures/phase2/identity_review/index.csv#773,568c00e99f5ca8d205c5b48b3c058ca8f3b93d2e4de9986ec7d01af75b33babb,wtbd-curation-v1
774,774.jpg,774.xml,774.xml,157.jpg,157.jpg,train,,none,annotation_reused_from_other_image,exclude,,near_duplicate_review,,False,annotation_reused,completed,OpenAI-human-review-2026-08-28,"Human review: XML-stem image is the same underlying source scene as declared 157.jpg, but appears as a photometric/processing variant. Primary/secondary annotations support the same scene. exact_reuse_signature=True; thumbnail_corr=0.9989. Exclude from the core dataset to preserve source-scene independence.",figures/phase2/identity_review/index.csv#774,568c00e99f5ca8d205c5b48b3c058ca8f3b93d2e4de9986ec7d01af75b33babb,wtbd-curation-v1
775,775.jpg,775.xml,775.xml,158.jpg,158.jpg,test,,none,annotation_reused_from_other_image,exclude,,unique,,False,annotation_reused,completed,OpenAI-human-review-2026-08-28,"Human review: XML-stem image is the same underlying source scene as declared 158.jpg, but appears as a photometric/processing variant. Primary/secondary annotations support the same scene. exact_reuse_signature=True; thumbnail_corr=0.9429. Exclude from the core dataset to preserve source-scene independence.",figures/phase2/identity_review/index.csv#775,568c00e99f5ca8d205c5b48b3c058ca8f3b93d2e4de9986ec7d01af75b33babb,wtbd-curation-v1
776,776.jpg,776.xml,776.xml,159.jpg,159.jpg,train,,none,annotation_reused_from_other_image,exclude,,unique,,False,annotation_reused,completed,OpenAI-human-review-2026-08-28,"Human review: XML-stem image is the same underlying source scene as declared 159.jpg, but appears as a photometric/processing variant. Primary/secondary annotations support the same scene. exact_reuse_signature=True; thumbnail_corr=0.8117. Exclude from the core dataset to preserve source-scene independence.",figures/phase2/identity_review/index.csv#776,568c00e99f5ca8d205c5b48b3c058ca8f3b93d2e4de9986ec7d01af75b33babb,wtbd-curation-v1
777,777.jpg,777.xml,777.xml,160.jpg,160.jpg,train,,none,annotation_reused_from_other_image,exclude,,near_duplicate_review,,False,annotation_reused,completed,OpenAI-human-review-2026-08-28,"Human review: XML-stem image is the same underlying source scene as declared 160.jpg, but appears as a photometric/processing variant. Primary/secondary annotations support the same scene. exact_reuse_signature=True; thumbnail_corr=0.9849. Exclude from the core dataset to preserve source-scene independence.",figures/phase2/identity_review/index.csv#777,568c00e99f5ca8d205c5b48b3c058ca8f3b93d2e4de9986ec7d01af75b33babb,wtbd-curation-v1
778,778.jpg,778.xml,778.xml,161.jpg,161.jpg,test,,none,annotation_reused_from_other_image,exclude,,unique,,False,annotation_reused,completed,OpenAI-human-review-2026-08-28,"Human review: XML-stem image is the same underlying source scene as declared 161.jpg, but appears as a photometric/processing variant. Primary/secondary annotations support the same scene. exact_reuse_signature=True; thumbnail_corr=0.9078. Exclude from the core dataset to preserve source-scene independence.",figures/phase2/identity_review/index.csv#778,568c00e99f5ca8d205c5b48b3c058ca8f3b93d2e4de9986ec7d01af75b33babb,wtbd-curation-v1
779,779.jpg,779.xml,779.xml,166.jpg,166.jpg,validation,,none,annotation_reused_from_other_image,exclude,,unique,,False,annotation_reused,completed,OpenAI-human-review-2026-08-28,"Human review: XML-stem image is the same underlying source scene as declared 166.jpg, but appears as a photometric/processing variant. Primary/secondary annotations support the same scene. exact_reuse_signature=True; thumbnail_corr=0.9938. Exclude from the core dataset to preserve source-scene independence.",figures/phase2/identity_review/index.csv#779,568c00e99f5ca8d205c5b48b3c058ca8f3b93d2e4de9986ec7d01af75b33babb,wtbd-curation-v1
780,780.jpg,780.xml,780.xml,168.jpg,168.jpg,validation,,none,annotation_reused_from_other_image,exclude,,near_duplicate_review,,False,annotation_reused,completed,OpenAI-human-review-2026-08-28,"Human review: XML-stem image is the same underlying source scene as declared 168.jpg, but appears as a photometric/processing variant. Primary/secondary annotations support the same scene. exact_reuse_signature=True; thumbnail_corr=0.9981. Exclude from the core dataset to preserve source-scene independence.",figures/phase2/identity_review/index.csv#780,568c00e99f5ca8d205c5b48b3c058ca8f3b93d2e4de9986ec7d01af75b33babb,wtbd-curation-v1
781,781.jpg,781.xml,781.xml,17.jpg,17.jpg,train,,none,annotation_reused_from_other_image,exclude,,unique,,False,annotation_reused,completed,OpenAI-human-review-2026-08-28,"Human review: XML-stem image is the same underlying source scene as declared 17.jpg, but appears as a photometric/processing variant. Primary/secondary annotations support the same scene. exact_reuse_signature=True; thumbnail_corr=0.8453. Exclude from the core dataset to preserve source-scene independence.",figures/phase2/identity_review/index.csv#781,568c00e99f5ca8d205c5b48b3c058ca8f3b93d2e4de9986ec7d01af75b33babb,wtbd-curation-v1
782,782.jpg,782.xml,782.xml,170.jpg,170.jpg,train,,none,annotation_reused_from_other_image,exclude,,near_duplicate_review,,False,annotation_reused,completed,OpenAI-human-review-2026-08-28,"Human review: XML-stem image is the same underlying source scene as declared 170.jpg, but appears as a photometric/processing variant. Primary/secondary annotations support the same scene. exact_reuse_signature=True; thumbnail_corr=0.9204. Exclude from the core dataset to preserve source-scene independence.",figures/phase2/identity_review/index.csv#782,568c00e99f5ca8d205c5b48b3c058ca8f3b93d2e4de9986ec7d01af75b33babb,wtbd-curation-v1
783,783.jpg,783.xml,783.xml,172.jpg,172.jpg,validation,,none,annotation_reused_from_other_image,exclude,,unique,,False,annotation_reused,completed,OpenAI-human-review-2026-08-28,"Human review: XML-stem image is the same underlying source scene as declared 172.jpg, but appears as a photometric/processing variant. Primary/secondary annotations support the same scene. exact_reuse_signature=True; thumbnail_corr=0.6496. Exclude from the core dataset to preserve source-scene independence.",figures/phase2/identity_review/index.csv#783,568c00e99f5ca8d205c5b48b3c058ca8f3b93d2e4de9986ec7d01af75b33babb,wtbd-curation-v1
784,784.jpg,784.xml,784.xml,173.jpg,173.jpg,validation,,none,annotation_reused_from_other_image,exclude,,unique,,False,annotation_reused,completed,OpenAI-human-review-2026-08-28,"Human review: XML-stem image is the same underlying source scene as declared 173.jpg, but appears as a photometric/processing variant. Primary/secondary annotations support the same scene. exact_reuse_signature=True; thumbnail_corr=0.7893. Exclude from the core dataset to preserve source-scene independence.",figures/phase2/identity_review/index.csv#784,568c00e99f5ca8d205c5b48b3c058ca8f3b93d2e4de9986ec7d01af75b33babb,wtbd-curation-v1
785,785.jpg,785.xml,785.xml,175.jpg,175.jpg,train,,none,annotation_reused_from_other_image,exclude,,near_duplicate_review,,False,annotation_reused,completed,OpenAI-human-review-2026-08-28,"Human review: XML-stem image is the same underlying source scene as declared 175.jpg, but appears as a photometric/processing variant. Primary/secondary annotations support the same scene. exact_reuse_signature=True; thumbnail_corr=0.8298. Exclude from the core dataset to preserve source-scene independence.",figures/phase2/identity_review/index.csv#785,568c00e99f5ca8d205c5b48b3c058ca8f3b93d2e4de9986ec7d01af75b33babb,wtbd-curation-v1
786,786.jpg,786.xml,786.xml,177.jpg,177.jpg,test,,none,annotation_reused_from_other_image,exclude,,near_duplicate_review,,False,annotation_reused,completed,OpenAI-human-review-2026-08-28,"Human review: XML-stem image is the same underlying source scene as declared 177.jpg, but appears as a photometric/processing variant. Primary/secondary annotations support the same scene. exact_reuse_signature=True; thumbnail_corr=0.8526. Exclude from the core dataset to preserve source-scene independence.",figures/phase2/identity_review/index.csv#786,568c00e99f5ca8d205c5b48b3c058ca8f3b93d2e4de9986ec7d01af75b33babb,wtbd-curation-v1
787,787.jpg,787.xml,787.xml,787.jpg,787.jpg,validation,787.jpg,primary,consistent,primary_confirmed,,unique,validation,True,none,not_required,,,data/metadata/wtbd/second_annotator_comparison.csv,568c00e99f5ca8d205c5b48b3c058ca8f3b93d2e4de9986ec7d01af75b33babb,wtbd-curation-v1
788,788.jpg,788.xml,788.xml,180.jpg,180.jpg,train,,none,annotation_reused_from_other_image,exclude,,near_duplicate_review,,False,annotation_reused,completed,OpenAI-human-review-2026-08-28,"Human review: XML-stem image is the same underlying source scene as declared 180.jpg, but appears as a photometric/processing variant. Primary/secondary annotations support the same scene. exact_reuse_signature=True; thumbnail_corr=0.9378. Exclude from the core dataset to preserve source-scene independence.",figures/phase2/identity_review/index.csv#788,568c00e99f5ca8d205c5b48b3c058ca8f3b93d2e4de9986ec7d01af75b33babb,wtbd-curation-v1
789,789.jpg,789.xml,789.xml,182.jpg,182.jpg,train,,none,annotation_reused_from_other_image,exclude,,near_duplicate_review,,False,annotation_reused,completed,OpenAI-human-review-2026-08-28,"Human review: XML-stem image is the same underlying source scene as declared 182.jpg, but appears as a photometric/processing variant. Primary/secondary annotations support the same scene. exact_reuse_signature=True; thumbnail_corr=0.9923. Exclude from the core dataset to preserve source-scene independence.",figures/phase2/identity_review/index.csv#789,568c00e99f5ca8d205c5b48b3c058ca8f3b93d2e4de9986ec7d01af75b33babb,wtbd-curation-v1
790,790.jpg,790.xml,790.xml,183.jpg,183.jpg,train,,none,annotation_reused_from_other_image,exclude,,unique,,False,annotation_reused,completed,OpenAI-human-review-2026-08-28,"Human review: XML-stem image is the same underlying source scene as declared 183.jpg, but appears as a photometric/processing variant. Primary/secondary annotations support the same scene. exact_reuse_signature=True; thumbnail_corr=0.9998. Exclude from the core dataset to preserve source-scene independence.",figures/phase2/identity_review/index.csv#790,568c00e99f5ca8d205c5b48b3c058ca8f3b93d2e4de9986ec7d01af75b33babb,wtbd-curation-v1
791,791.jpg,791.xml,791.xml,186.jpg,186.jpg,test,,none,annotation_reused_from_other_image,exclude,,unique,,False,annotation_reused,completed,OpenAI-human-review-2026-08-28,"Human review: XML-stem image is the same underlying source scene as declared 186.jpg, but appears as a photometric/processing variant. Primary/secondary annotations support the same scene. exact_reuse_signature=True; thumbnail_corr=0.7243. Exclude from the core dataset to preserve source-scene independence.",figures/phase2/identity_review/index.csv#791,568c00e99f5ca8d205c5b48b3c058ca8f3b93d2e4de9986ec7d01af75b33babb,wtbd-curation-v1
792,792.jpg,792.xml,792.xml,187.jpg,187.jpg,validation,,none,annotation_reused_from_other_image,exclude,,unique,,False,annotation_reused,completed,OpenAI-human-review-2026-08-28,"Human review: XML-stem image is the same underlying source scene as declared 187.jpg, but appears as a photometric/processing variant. Primary/secondary annotations support the same scene. exact_reuse_signature=True; thumbnail_corr=0.8976. Exclude from the core dataset to preserve source-scene independence.",figures/phase2/identity_review/index.csv#792,568c00e99f5ca8d205c5b48b3c058ca8f3b93d2e4de9986ec7d01af75b33babb,wtbd-curation-v1
793,793.jpg,793.xml,793.xml,189.jpg,189.jpg,train,,none,annotation_reused_from_other_image,exclude,,unique,,False,annotation_reused,completed,OpenAI-human-review-2026-08-28,"Human review: XML-stem image is the same underlying source scene as declared 189.jpg, but appears as a photometric/processing variant. Primary/secondary annotations support the same scene. exact_reuse_signature=True; thumbnail_corr=0.9685. Exclude from the core dataset to preserve source-scene independence.",figures/phase2/identity_review/index.csv#793,568c00e99f5ca8d205c5b48b3c058ca8f3b93d2e4de9986ec7d01af75b33babb,wtbd-curation-v1
794,794.jpg,794.xml,794.xml,191.jpg,191.jpg,test,,none,annotation_reused_from_other_image,exclude,,near_duplicate_review,,False,annotation_reused,completed,OpenAI-human-review-2026-08-28,"Human review: XML-stem image is the same underlying source scene as declared 191.jpg, but appears as a photometric/processing variant. Primary/secondary annotations support the same scene. exact_reuse_signature=True; thumbnail_corr=0.9996. Exclude from the core dataset to preserve source-scene independence.",figures/phase2/identity_review/index.csv#794,568c00e99f5ca8d205c5b48b3c058ca8f3b93d2e4de9986ec7d01af75b33babb,wtbd-curation-v1
795,795.jpg,795.xml,795.xml,195.jpg,195.jpg,train,,none,annotation_reused_from_other_image,exclude,,unique,,False,annotation_reused,completed,OpenAI-human-review-2026-08-28,"Human review: XML-stem image is the same underlying source scene as declared 195.jpg, but appears as a photometric/processing variant. Primary/secondary annotations support the same scene. exact_reuse_signature=True; thumbnail_corr=0.9999. Exclude from the core dataset to preserve source-scene independence.",figures/phase2/identity_review/index.csv#795,568c00e99f5ca8d205c5b48b3c058ca8f3b93d2e4de9986ec7d01af75b33babb,wtbd-curation-v1
796,796.jpg,796.xml,796.xml,196.jpg,196.jpg,train,,none,annotation_reused_from_other_image,exclude,,near_duplicate_review,,False,annotation_reused,completed,OpenAI-human-review-2026-08-28,"Human review: XML-stem image is the same underlying source scene as declared 196.jpg, but appears as a photometric/processing variant. Primary/secondary annotations support the same scene. exact_reuse_signature=True; thumbnail_corr=0.9888. Exclude from the core dataset to preserve source-scene independence.",figures/phase2/identity_review/index.csv#796,568c00e99f5ca8d205c5b48b3c058ca8f3b93d2e4de9986ec7d01af75b33babb,wtbd-curation-v1
797,797.jpg,797.xml,797.xml,797.jpg,797.jpg,validation,797.jpg,primary,consistent,primary_confirmed,scene-050,near_duplicate_same_scene,,False,near_duplicate_same_scene_redundant,not_required,,,data/metadata/wtbd/second_annotator_comparison.csv,568c00e99f5ca8d205c5b48b3c058ca8f3b93d2e4de9986ec7d01af75b33babb,wtbd-curation-v1
798,798.jpg,798.xml,798.xml,199.jpg,199.jpg,train,,none,annotation_reused_from_other_image,exclude,,near_duplicate_review,,False,annotation_reused,completed,OpenAI-human-review-2026-08-28,"Human review: XML-stem image is the same underlying source scene as declared 199.jpg, but appears as a photometric/processing variant. Primary/secondary annotations support the same scene. exact_reuse_signature=True; thumbnail_corr=0.9802. Exclude from the core dataset to preserve source-scene independence.",figures/phase2/identity_review/index.csv#798,568c00e99f5ca8d205c5b48b3c058ca8f3b93d2e4de9986ec7d01af75b33babb,wtbd-curation-v1
799,799.jpg,799.xml,799.xml,2.jpg,2.jpg,train,,none,annotation_reused_from_other_image,exclude,,near_duplicate_review,,False,annotation_reused,completed,OpenAI-human-review-2026-08-28,"Human review: XML-stem image is the same underlying source scene as declared 2.jpg, but appears as a photometric/processing variant. Primary/secondary annotations support the same scene. exact_reuse_signature=True; thumbnail_corr=0.9971. Exclude from the core dataset to preserve source-scene independence.",figures/phase2/identity_review/index.csv#799,568c00e99f5ca8d205c5b48b3c058ca8f3b93d2e4de9986ec7d01af75b33babb,wtbd-curation-v1
800,800.jpg,800.xml,800.xml,20.jpg,20.jpg,train,,none,annotation_reused_from_other_image,exclude,,unique,,False,annotation_reused,completed,OpenAI-human-review-2026-08-28,"Human review: XML-stem image is the same underlying source scene as declared 20.jpg, but appears as a photometric/processing variant. Primary/secondary annotations support the same scene. exact_reuse_signature=True; thumbnail_corr=0.5178. Exclude from the core dataset to preserve source-scene independence.",figures/phase2/identity_review/index.csv#800,568c00e99f5ca8d205c5b48b3c058ca8f3b93d2e4de9986ec7d01af75b33babb,wtbd-curation-v1
801,801.jpg,801.xml,801.xml,205.jpg,205.jpg,train,,none,annotation_reused_from_other_image,exclude,,near_duplicate_review,,False,annotation_reused,completed,OpenAI-human-review-2026-08-28,"Human review: XML-stem image is the same underlying source scene as declared 205.jpg, but appears as a photometric/processing variant. Primary/secondary annotations support the same scene. exact_reuse_signature=False; thumbnail_corr=0.9340. Exclude from the core dataset to preserve source-scene independence.",figures/phase2/identity_review/index.csv#801,568c00e99f5ca8d205c5b48b3c058ca8f3b93d2e4de9986ec7d01af75b33babb,wtbd-curation-v1
802,802.jpg,802.xml,802.xml,208.jpg,208.jpg,train,,none,annotation_reused_from_other_image,exclude,,near_duplicate_review,,False,annotation_reused,completed,OpenAI-human-review-2026-08-28,"Human review: XML-stem image is the same underlying source scene as declared 208.jpg, but appears as a photometric/processing variant. Primary/secondary annotations support the same scene. exact_reuse_signature=True; thumbnail_corr=0.9774. Exclude from the core dataset to preserve source-scene independence.",figures/phase2/identity_review/index.csv#802,568c00e99f5ca8d205c5b48b3c058ca8f3b93d2e4de9986ec7d01af75b33babb,wtbd-curation-v1
803,803.jpg,803.xml,803.xml,21.jpg,21.jpg,validation,,none,annotation_reused_from_other_image,exclude,,near_duplicate_review,,False,annotation_reused,completed,OpenAI-human-review-2026-08-28,"Human review: XML-stem image is the same underlying source scene as declared 21.jpg, but appears as a photometric/processing variant. Primary/secondary annotations support the same scene. exact_reuse_signature=True; thumbnail_corr=0.9643. Exclude from the core dataset to preserve source-scene independence.",figures/phase2/identity_review/index.csv#803,568c00e99f5ca8d205c5b48b3c058ca8f3b93d2e4de9986ec7d01af75b33babb,wtbd-curation-v1
804,804.jpg,804.xml,804.xml,210.jpg,210.jpg,train,,none,annotation_reused_from_other_image,exclude,,near_duplicate_review,,False,annotation_reused,completed,OpenAI-human-review-2026-08-28,"Human review: XML-stem image is the same underlying source scene as declared 210.jpg, but appears as a photometric/processing variant. Primary/secondary annotations support the same scene. exact_reuse_signature=True; thumbnail_corr=0.9284. Exclude from the core dataset to preserve source-scene independence.",figures/phase2/identity_review/index.csv#804,568c00e99f5ca8d205c5b48b3c058ca8f3b93d2e4de9986ec7d01af75b33babb,wtbd-curation-v1
805,805.jpg,805.xml,805.xml,211.jpg,211.jpg,train,,none,annotation_reused_from_other_image,exclude,,unique,,False,annotation_reused,completed,OpenAI-human-review-2026-08-28,"Human review: XML-stem image is the same underlying source scene as declared 211.jpg, but appears as a photometric/processing variant. Primary/secondary annotations support the same scene. exact_reuse_signature=True; thumbnail_corr=0.8132. Exclude from the core dataset to preserve source-scene independence.",figures/phase2/identity_review/index.csv#805,568c00e99f5ca8d205c5b48b3c058ca8f3b93d2e4de9986ec7d01af75b33babb,wtbd-curation-v1
806,806.jpg,806.xml,806.xml,213.jpg,213.jpg,train,,none,annotation_reused_from_other_image,exclude,,unique,,False,annotation_reused,completed,OpenAI-human-review-2026-08-28,"Human review: XML-stem image is the same underlying source scene as declared 213.jpg, but appears as a photometric/processing variant. Primary/secondary annotations support the same scene. exact_reuse_signature=True; thumbnail_corr=0.9340. Exclude from the core dataset to preserve source-scene independence.",figures/phase2/identity_review/index.csv#806,568c00e99f5ca8d205c5b48b3c058ca8f3b93d2e4de9986ec7d01af75b33babb,wtbd-curation-v1
807,807.jpg,807.xml,807.xml,215.jpg,215.jpg,train,,none,annotation_reused_from_other_image,exclude,,near_duplicate_review,,False,annotation_reused,completed,OpenAI-human-review-2026-08-28,"Human review: XML-stem image is the same underlying source scene as declared 215.jpg, but appears as a photometric/processing variant. Primary/secondary annotations support the same scene. exact_reuse_signature=True; thumbnail_corr=0.9883. Exclude from the core dataset to preserve source-scene independence.",figures/phase2/identity_review/index.csv#807,568c00e99f5ca8d205c5b48b3c058ca8f3b93d2e4de9986ec7d01af75b33babb,wtbd-curation-v1
808,808.jpg,808.xml,808.xml,218.jpg,218.jpg,train,,none,annotation_reused_from_other_image,exclude,,near_duplicate_review,,False,annotation_reused,completed,OpenAI-human-review-2026-08-28,"Human review: XML-stem image is the same underlying source scene as declared 218.jpg, but appears as a photometric/processing variant. Primary/secondary annotations support the same scene. exact_reuse_signature=True; thumbnail_corr=0.9962. Exclude from the core dataset to preserve source-scene independence.",figures/phase2/identity_review/index.csv#808,568c00e99f5ca8d205c5b48b3c058ca8f3b93d2e4de9986ec7d01af75b33babb,wtbd-curation-v1
809,809.jpg,809.xml,809.xml,809.jpg,809.jpg,validation,809.jpg,primary,consistent,primary_confirmed,,unique,validation,True,none,not_required,,,data/metadata/wtbd/second_annotator_comparison.csv,568c00e99f5ca8d205c5b48b3c058ca8f3b93d2e4de9986ec7d01af75b33babb,wtbd-curation-v1
810,810.jpg,810.xml,810.xml,220.jpg,220.jpg,train,,none,annotation_reused_from_other_image,exclude,,near_duplicate_review,,False,annotation_reused,completed,OpenAI-human-review-2026-08-28,"Human review: XML-stem image is the same underlying source scene as declared 220.jpg, but appears as a photometric/processing variant. Primary/secondary annotations support the same scene. exact_reuse_signature=True; thumbnail_corr=0.9761. Exclude from the core dataset to preserve source-scene independence.",figures/phase2/identity_review/index.csv#810,568c00e99f5ca8d205c5b48b3c058ca8f3b93d2e4de9986ec7d01af75b33babb,wtbd-curation-v1
811,811.jpg,811.xml,811.xml,221.jpg,221.jpg,test,,none,annotation_reused_from_other_image,exclude,,near_duplicate_review,,False,annotation_reused,completed,OpenAI-human-review-2026-08-28,"Human review: XML-stem image is the same underlying source scene as declared 221.jpg, but appears as a photometric/processing variant. Primary/secondary annotations support the same scene. exact_reuse_signature=True; thumbnail_corr=0.8551. Exclude from the core dataset to preserve source-scene independence.",figures/phase2/identity_review/index.csv#811,568c00e99f5ca8d205c5b48b3c058ca8f3b93d2e4de9986ec7d01af75b33babb,wtbd-curation-v1
812,812.jpg,812.xml,812.xml,224.jpg,224.jpg,train,,none,annotation_reused_from_other_image,exclude,,unique,,False,annotation_reused,completed,OpenAI-human-review-2026-08-28,"Human review: XML-stem image is the same underlying source scene as declared 224.jpg, but appears as a photometric/processing variant. Primary/secondary annotations support the same scene. exact_reuse_signature=True; thumbnail_corr=0.7003. Exclude from the core dataset to preserve source-scene independence.",figures/phase2/identity_review/index.csv#812,568c00e99f5ca8d205c5b48b3c058ca8f3b93d2e4de9986ec7d01af75b33babb,wtbd-curation-v1
813,813.jpg,813.xml,813.xml,226.jpg,226.jpg,train,,none,annotation_reused_from_other_image,exclude,,unique,,False,annotation_reused,completed,OpenAI-human-review-2026-08-28,"Human review: XML-stem image is the same underlying source scene as declared 226.jpg, but appears as a photometric/processing variant. Primary/secondary annotations support the same scene. exact_reuse_signature=True; thumbnail_corr=0.8523. Exclude from the core dataset to preserve source-scene independence.",figures/phase2/identity_review/index.csv#813,568c00e99f5ca8d205c5b48b3c058ca8f3b93d2e4de9986ec7d01af75b33babb,wtbd-curation-v1
814,814.jpg,814.xml,814.xml,227.jpg,227.jpg,train,,none,annotation_reused_from_other_image,exclude,,near_duplicate_review,,False,annotation_reused,completed,OpenAI-human-review-2026-08-28,"Human review: XML-stem image is the same underlying source scene as declared 227.jpg, but appears as a photometric/processing variant. Primary/secondary annotations support the same scene. exact_reuse_signature=True; thumbnail_corr=0.9995. Exclude from the core dataset to preserve source-scene independence.",figures/phase2/identity_review/index.csv#814,568c00e99f5ca8d205c5b48b3c058ca8f3b93d2e4de9986ec7d01af75b33babb,wtbd-curation-v1
815,815.jpg,815.xml,815.xml,230.jpg,230.jpg,train,,none,annotation_reused_from_other_image,exclude,,unique,,False,annotation_reused,completed,OpenAI-human-review-2026-08-28,"Human review: XML-stem image is the same underlying source scene as declared 230.jpg, but appears as a photometric/processing variant. Primary/secondary annotations support the same scene. exact_reuse_signature=True; thumbnail_corr=0.6206. Exclude from the core dataset to preserve source-scene independence.",figures/phase2/identity_review/index.csv#815,568c00e99f5ca8d205c5b48b3c058ca8f3b93d2e4de9986ec7d01af75b33babb,wtbd-curation-v1
816,816.jpg,816.xml,816.xml,231.jpg,231.jpg,train,,none,annotation_reused_from_other_image,exclude,,unique,,False,annotation_reused,completed,OpenAI-human-review-2026-08-28,"Human review: XML-stem image is the same underlying source scene as declared 231.jpg, but appears as a photometric/processing variant. Primary/secondary annotations support the same scene. exact_reuse_signature=True; thumbnail_corr=0.9987. Exclude from the core dataset to preserve source-scene independence.",figures/phase2/identity_review/index.csv#816,568c00e99f5ca8d205c5b48b3c058ca8f3b93d2e4de9986ec7d01af75b33babb,wtbd-curation-v1
817,817.jpg,817.xml,817.xml,232.jpg,232.jpg,train,,none,annotation_reused_from_other_image,exclude,,unique,,False,annotation_reused,completed,OpenAI-human-review-2026-08-28,"Human review: XML-stem image is the same underlying source scene as declared 232.jpg, but appears as a photometric/processing variant. Primary/secondary annotations support the same scene. exact_reuse_signature=True; thumbnail_corr=0.9661. Exclude from the core dataset to preserve source-scene independence.",figures/phase2/identity_review/index.csv#817,568c00e99f5ca8d205c5b48b3c058ca8f3b93d2e4de9986ec7d01af75b33babb,wtbd-curation-v1
818,818.jpg,818.xml,818.xml,818.jpg,818.jpg,train,818.jpg,primary,consistent,primary_confirmed,,unique,train,True,none,not_required,,,data/metadata/wtbd/second_annotator_comparison.csv,568c00e99f5ca8d205c5b48b3c058ca8f3b93d2e4de9986ec7d01af75b33babb,wtbd-curation-v1
819,819.jpg,819.xml,819.xml,235.jpg,235.jpg,train,,none,annotation_reused_from_other_image,exclude,,unique,,False,annotation_reused,completed,OpenAI-human-review-2026-08-28,"Human review: XML-stem image is the same underlying source scene as declared 235.jpg, but appears as a photometric/processing variant. Primary/secondary annotations support the same scene. exact_reuse_signature=True; thumbnail_corr=0.7978. Exclude from the core dataset to preserve source-scene independence.",figures/phase2/identity_review/index.csv#819,568c00e99f5ca8d205c5b48b3c058ca8f3b93d2e4de9986ec7d01af75b33babb,wtbd-curation-v1
820,820.jpg,820.xml,820.xml,237.jpg,237.jpg,train,,none,annotation_reused_from_other_image,exclude,,near_duplicate_review,,False,annotation_reused,completed,OpenAI-human-review-2026-08-28,"Human review: XML-stem image is the same underlying source scene as declared 237.jpg, but appears as a photometric/processing variant. Primary/secondary annotations support the same scene. exact_reuse_signature=True; thumbnail_corr=0.9998. Exclude from the core dataset to preserve source-scene independence.",figures/phase2/identity_review/index.csv#820,568c00e99f5ca8d205c5b48b3c058ca8f3b93d2e4de9986ec7d01af75b33babb,wtbd-curation-v1
821,821.jpg,821.xml,821.xml,238.jpg,238.jpg,train,,none,annotation_reused_from_other_image,exclude,,near_duplicate_review,,False,annotation_reused,completed,OpenAI-human-review-2026-08-28,"Human review: XML-stem image is the same underlying source scene as declared 238.jpg, but appears as a photometric/processing variant. Primary/secondary annotations support the same scene. exact_reuse_signature=True; thumbnail_corr=0.9222. Exclude from the core dataset to preserve source-scene independence.",figures/phase2/identity_review/index.csv#821,568c00e99f5ca8d205c5b48b3c058ca8f3b93d2e4de9986ec7d01af75b33babb,wtbd-curation-v1
822,822.jpg,822.xml,822.xml,239.jpg,239.jpg,train,,none,annotation_reused_from_other_image,exclude,,near_duplicate_review,,False,annotation_reused,completed,OpenAI-human-review-2026-08-28,"Human review: XML-stem image is the same underlying source scene as declared 239.jpg, but appears as a photometric/processing variant. Primary/secondary annotations support the same scene. exact_reuse_signature=True; thumbnail_corr=0.7532. Exclude from the core dataset to preserve source-scene independence.",figures/phase2/identity_review/index.csv#822,568c00e99f5ca8d205c5b48b3c058ca8f3b93d2e4de9986ec7d01af75b33babb,wtbd-curation-v1
823,823.jpg,823.xml,823.xml,241.jpg,241.jpg,train,,none,annotation_reused_from_other_image,exclude,,unique,,False,annotation_reused,completed,OpenAI-human-review-2026-08-28,"Human review: XML-stem image is the same underlying source scene as declared 241.jpg, but appears as a photometric/processing variant. Primary/secondary annotations support the same scene. exact_reuse_signature=True; thumbnail_corr=0.9996. Exclude from the core dataset to preserve source-scene independence.",figures/phase2/identity_review/index.csv#823,568c00e99f5ca8d205c5b48b3c058ca8f3b93d2e4de9986ec7d01af75b33babb,wtbd-curation-v1
824,824.jpg,824.xml,824.xml,824.jpg,824.jpg,test,824.jpg,primary,consistent,primary_confirmed,,unique,test,True,none,not_required,,,data/metadata/wtbd/second_annotator_comparison.csv,568c00e99f5ca8d205c5b48b3c058ca8f3b93d2e4de9986ec7d01af75b33babb,wtbd-curation-v1
825,825.jpg,825.xml,825.xml,244.jpg,244.jpg,train,,none,annotation_reused_from_other_image,exclude,,near_duplicate_review,,False,annotation_reused,completed,OpenAI-human-review-2026-08-28,"Human review: XML-stem image is the same underlying source scene as declared 244.jpg, but appears as a photometric/processing variant. Primary/secondary annotations support the same scene. exact_reuse_signature=True; thumbnail_corr=0.9974. Exclude from the core dataset to preserve source-scene independence.",figures/phase2/identity_review/index.csv#825,568c00e99f5ca8d205c5b48b3c058ca8f3b93d2e4de9986ec7d01af75b33babb,wtbd-curation-v1
826,826.jpg,826.xml,826.xml,251.jpg,251.jpg,validation,,none,annotation_reused_from_other_image,exclude,,near_duplicate_review,,False,annotation_reused,completed,OpenAI-human-review-2026-08-28,"Human review: XML-stem image is the same underlying source scene as declared 251.jpg, but appears as a photometric/processing variant. Primary/secondary annotations support the same scene. exact_reuse_signature=True; thumbnail_corr=0.9999. Exclude from the core dataset to preserve source-scene independence.",figures/phase2/identity_review/index.csv#826,568c00e99f5ca8d205c5b48b3c058ca8f3b93d2e4de9986ec7d01af75b33babb,wtbd-curation-v1
827,827.jpg,827.xml,827.xml,827.jpg,827.jpg,train,827.jpg,primary,consistent,primary_confirmed,scene-029,near_duplicate_same_scene,,False,near_duplicate_same_scene_redundant,not_required,,,data/metadata/wtbd/second_annotator_comparison.csv,568c00e99f5ca8d205c5b48b3c058ca8f3b93d2e4de9986ec7d01af75b33babb,wtbd-curation-v1
828,828.jpg,828.xml,828.xml,258.jpg,258.jpg,train,,none,annotation_reused_from_other_image,exclude,,unique,,False,annotation_reused,completed,OpenAI-human-review-2026-08-28,"Human review: XML-stem image is the same underlying source scene as declared 258.jpg, but appears as a photometric/processing variant. Primary/secondary annotations support the same scene. exact_reuse_signature=True; thumbnail_corr=0.9671. Exclude from the core dataset to preserve source-scene independence.",figures/phase2/identity_review/index.csv#828,568c00e99f5ca8d205c5b48b3c058ca8f3b93d2e4de9986ec7d01af75b33babb,wtbd-curation-v1
829,829.jpg,829.xml,829.xml,259.jpg,259.jpg,validation,,none,annotation_reused_from_other_image,exclude,,unique,,False,annotation_reused,completed,OpenAI-human-review-2026-08-28,"Human review: XML-stem image is the same underlying source scene as declared 259.jpg, but appears as a photometric/processing variant. Primary/secondary annotations support the same scene. exact_reuse_signature=True; thumbnail_corr=0.5536. Exclude from the core dataset to preserve source-scene independence.",figures/phase2/identity_review/index.csv#829,568c00e99f5ca8d205c5b48b3c058ca8f3b93d2e4de9986ec7d01af75b33babb,wtbd-curation-v1
830,830.jpg,830.xml,830.xml,262.jpg,262.jpg,train,,none,annotation_reused_from_other_image,exclude,,unique,,False,annotation_reused,completed,OpenAI-human-review-2026-08-28,"Human review: XML-stem image is the same underlying source scene as declared 262.jpg, but appears as a photometric/processing variant. Primary/secondary annotations support the same scene. exact_reuse_signature=True; thumbnail_corr=0.8926. Exclude from the core dataset to preserve source-scene independence.",figures/phase2/identity_review/index.csv#830,568c00e99f5ca8d205c5b48b3c058ca8f3b93d2e4de9986ec7d01af75b33babb,wtbd-curation-v1
831,831.jpg,831.xml,831.xml,263.jpg,263.jpg,validation,,none,annotation_reused_from_other_image,exclude,,near_duplicate_review,,False,annotation_reused,completed,OpenAI-human-review-2026-08-28,"Human review: XML-stem image is the same underlying source scene as declared 263.jpg, but appears as a photometric/processing variant. Primary/secondary annotations support the same scene. exact_reuse_signature=True; thumbnail_corr=0.9492. Exclude from the core dataset to preserve source-scene independence.",figures/phase2/identity_review/index.csv#831,568c00e99f5ca8d205c5b48b3c058ca8f3b93d2e4de9986ec7d01af75b33babb,wtbd-curation-v1
832,832.jpg,832.xml,832.xml,264.jpg,264.jpg,train,,none,annotation_reused_from_other_image,exclude,,near_duplicate_review,,False,annotation_reused,completed,OpenAI-human-review-2026-08-28,"Human review: XML-stem image is the same underlying source scene as declared 264.jpg, but appears as a photometric/processing variant. Primary/secondary annotations support the same scene. exact_reuse_signature=True; thumbnail_corr=0.9998. Exclude from the core dataset to preserve source-scene independence.",figures/phase2/identity_review/index.csv#832,568c00e99f5ca8d205c5b48b3c058ca8f3b93d2e4de9986ec7d01af75b33babb,wtbd-curation-v1
833,833.jpg,833.xml,833.xml,265.jpg,265.jpg,train,,none,annotation_reused_from_other_image,exclude,,near_duplicate_review,,False,annotation_reused,completed,OpenAI-human-review-2026-08-28,"Human review: XML-stem image is the same underlying source scene as declared 265.jpg, but appears as a photometric/processing variant. Primary/secondary annotations support the same scene. exact_reuse_signature=True; thumbnail_corr=0.7776. Exclude from the core dataset to preserve source-scene independence.",figures/phase2/identity_review/index.csv#833,568c00e99f5ca8d205c5b48b3c058ca8f3b93d2e4de9986ec7d01af75b33babb,wtbd-curation-v1
834,834.jpg,834.xml,834.xml,834.jpg,834.jpg,train,834.jpg,primary,consistent,primary_confirmed,,unique,train,True,none,not_required,,,data/metadata/wtbd/second_annotator_comparison.csv,568c00e99f5ca8d205c5b48b3c058ca8f3b93d2e4de9986ec7d01af75b33babb,wtbd-curation-v1
835,835.jpg,835.xml,835.xml,835.jpg,835.jpg,validation,835.jpg,primary,consistent,primary_confirmed,,unique,validation,True,none,not_required,,,data/metadata/wtbd/second_annotator_comparison.csv,568c00e99f5ca8d205c5b48b3c058ca8f3b93d2e4de9986ec7d01af75b33babb,wtbd-curation-v1
836,836.jpg,836.xml,836.xml,278.jpg,278.jpg,train,,none,annotation_reused_from_other_image,exclude,,unique,,False,annotation_reused,completed,OpenAI-human-review-2026-08-28,"Human review: XML-stem image is the same underlying source scene as declared 278.jpg, but appears as a photometric/processing variant. Primary/secondary annotations support the same scene. exact_reuse_signature=True; thumbnail_corr=0.7985. Exclude from the core dataset to preserve source-scene independence.",figures/phase2/identity_review/index.csv#836,568c00e99f5ca8d205c5b48b3c058ca8f3b93d2e4de9986ec7d01af75b33babb,wtbd-curation-v1
837,837.jpg,837.xml,837.xml,28.jpg,28.jpg,train,,none,annotation_reused_from_other_image,exclude,,near_duplicate_review,,False,annotation_reused,completed,OpenAI-human-review-2026-08-28,"Human review: XML-stem image is the same underlying source scene as declared 28.jpg, but appears as a photometric/processing variant. Primary/secondary annotations support the same scene. exact_reuse_signature=True; thumbnail_corr=0.9936. Exclude from the core dataset to preserve source-scene independence.",figures/phase2/identity_review/index.csv#837,568c00e99f5ca8d205c5b48b3c058ca8f3b93d2e4de9986ec7d01af75b33babb,wtbd-curation-v1
838,838.jpg,838.xml,838.xml,284.jpg,284.jpg,train,,none,annotation_reused_from_other_image,exclude,,near_duplicate_review,,False,annotation_reused,completed,OpenAI-human-review-2026-08-28,"Human review: XML-stem image is the same underlying source scene as declared 284.jpg, but appears as a photometric/processing variant. Primary/secondary annotations support the same scene. exact_reuse_signature=True; thumbnail_corr=0.8252. Exclude from the core dataset to preserve source-scene independence.",figures/phase2/identity_review/index.csv#838,568c00e99f5ca8d205c5b48b3c058ca8f3b93d2e4de9986ec7d01af75b33babb,wtbd-curation-v1
839,839.jpg,839.xml,839.xml,839.jpg,839.jpg,train,839.jpg,primary,consistent,primary_confirmed,,unique,train,True,none,not_required,,,data/metadata/wtbd/second_annotator_comparison.csv,568c00e99f5ca8d205c5b48b3c058ca8f3b93d2e4de9986ec7d01af75b33babb,wtbd-curation-v1
840,840.jpg,840.xml,840.xml,286.jpg,286.jpg,train,,none,annotation_reused_from_other_image,exclude,,near_duplicate_review,,False,annotation_reused,completed,OpenAI-human-review-2026-08-28,"Human review: XML-stem image is the same underlying source scene as declared 286.jpg, but appears as a photometric/processing variant. Primary/secondary annotations support the same scene. exact_reuse_signature=True; thumbnail_corr=0.9993. Exclude from the core dataset to preserve source-scene independence.",figures/phase2/identity_review/index.csv#840,568c00e99f5ca8d205c5b48b3c058ca8f3b93d2e4de9986ec7d01af75b33babb,wtbd-curation-v1
841,841.jpg,841.xml,841.xml,287.jpg,287.jpg,test,,none,annotation_reused_from_other_image,exclude,,unique,,False,annotation_reused,completed,OpenAI-human-review-2026-08-28,"Human review: XML-stem image is the same underlying source scene as declared 287.jpg, but appears as a photometric/processing variant. Primary/secondary annotations support the same scene. exact_reuse_signature=True; thumbnail_corr=0.9794. Exclude from the core dataset to preserve source-scene independence.",figures/phase2/identity_review/index.csv#841,568c00e99f5ca8d205c5b48b3c058ca8f3b93d2e4de9986ec7d01af75b33babb,wtbd-curation-v1
842,842.jpg,842.xml,842.xml,288.jpg,288.jpg,train,,none,annotation_reused_from_other_image,exclude,,unique,,False,annotation_reused,completed,OpenAI-human-review-2026-08-28,"Human review: XML-stem image is the same underlying source scene as declared 288.jpg, but appears as a photometric/processing variant. Primary/secondary annotations support the same scene. exact_reuse_signature=True; thumbnail_corr=0.9945. Exclude from the core dataset to preserve source-scene independence.",figures/phase2/identity_review/index.csv#842,568c00e99f5ca8d205c5b48b3c058ca8f3b93d2e4de9986ec7d01af75b33babb,wtbd-curation-v1
843,843.jpg,843.xml,843.xml,290.jpg,290.jpg,train,,none,annotation_reused_from_other_image,exclude,,near_duplicate_review,,False,annotation_reused,completed,OpenAI-human-review-2026-08-28,"Human review: XML-stem image is the same underlying source scene as declared 290.jpg, but appears as a photometric/processing variant. Primary/secondary annotations support the same scene. exact_reuse_signature=True; thumbnail_corr=0.9239. Exclude from the core dataset to preserve source-scene independence.",figures/phase2/identity_review/index.csv#843,568c00e99f5ca8d205c5b48b3c058ca8f3b93d2e4de9986ec7d01af75b33babb,wtbd-curation-v1
844,844.jpg,844.xml,844.xml,297.jpg,297.jpg,train,,none,annotation_reused_from_other_image,exclude,,unique,,False,annotation_reused,completed,OpenAI-human-review-2026-08-28,"Human review: XML-stem image is the same underlying source scene as declared 297.jpg, but appears as a photometric/processing variant. Primary/secondary annotations support the same scene. exact_reuse_signature=True; thumbnail_corr=0.8966. Exclude from the core dataset to preserve source-scene independence.",figures/phase2/identity_review/index.csv#844,568c00e99f5ca8d205c5b48b3c058ca8f3b93d2e4de9986ec7d01af75b33babb,wtbd-curation-v1
845,845.jpg,845.xml,845.xml,298.jpg,298.jpg,train,,none,annotation_reused_from_other_image,exclude,,near_duplicate_review,,False,annotation_reused,completed,OpenAI-human-review-2026-08-28,"Human review: XML-stem image is the same underlying source scene as declared 298.jpg, but appears as a photometric/processing variant. Primary/secondary annotations support the same scene. exact_reuse_signature=True; thumbnail_corr=0.9985. Exclude from the core dataset to preserve source-scene independence.",figures/phase2/identity_review/index.csv#845,568c00e99f5ca8d205c5b48b3c058ca8f3b93d2e4de9986ec7d01af75b33babb,wtbd-curation-v1
846,846.jpg,846.xml,846.xml,301.jpg,301.jpg,validation,,none,annotation_reused_from_other_image,exclude,,near_duplicate_review,,False,annotation_reused,completed,OpenAI-human-review-2026-08-28,"Human review: XML-stem image is the same underlying source scene as declared 301.jpg, but appears as a photometric/processing variant. Primary/secondary annotations support the same scene. exact_reuse_signature=True; thumbnail_corr=0.9999. Exclude from the core dataset to preserve source-scene independence.",figures/phase2/identity_review/index.csv#846,568c00e99f5ca8d205c5b48b3c058ca8f3b93d2e4de9986ec7d01af75b33babb,wtbd-curation-v1
847,847.jpg,847.xml,847.xml,303.jpg,303.jpg,train,,none,annotation_reused_from_other_image,exclude,,unique,,False,annotation_reused,completed,OpenAI-human-review-2026-08-28,"Human review: XML-stem image is the same underlying source scene as declared 303.jpg, but appears as a photometric/processing variant. Primary/secondary annotations support the same scene. exact_reuse_signature=True; thumbnail_corr=0.9993. Exclude from the core dataset to preserve source-scene independence.",figures/phase2/identity_review/index.csv#847,568c00e99f5ca8d205c5b48b3c058ca8f3b93d2e4de9986ec7d01af75b33babb,wtbd-curation-v1
848,848.jpg,848.xml,848.xml,304.jpg,304.jpg,train,,none,annotation_reused_from_other_image,exclude,,unique,,False,annotation_reused,completed,OpenAI-human-review-2026-08-28,"Human review: XML-stem image is the same underlying source scene as declared 304.jpg, but appears as a photometric/processing variant. Primary/secondary annotations support the same scene. exact_reuse_signature=False; thumbnail_corr=0.9866. Exclude from the core dataset to preserve source-scene independence.",figures/phase2/identity_review/index.csv#848,568c00e99f5ca8d205c5b48b3c058ca8f3b93d2e4de9986ec7d01af75b33babb,wtbd-curation-v1
849,849.jpg,849.xml,849.xml,305.jpg,305.jpg,test,,none,annotation_reused_from_other_image,exclude,,unique,,False,annotation_reused,completed,OpenAI-human-review-2026-08-28,"Human review: XML-stem image is the same underlying source scene as declared 305.jpg, but appears as a photometric/processing variant. Primary/secondary annotations support the same scene. exact_reuse_signature=True; thumbnail_corr=0.7787. Exclude from the core dataset to preserve source-scene independence.",figures/phase2/identity_review/index.csv#849,568c00e99f5ca8d205c5b48b3c058ca8f3b93d2e4de9986ec7d01af75b33babb,wtbd-curation-v1
850,850.jpg,850.xml,850.xml,307.jpg,307.jpg,train,,none,annotation_reused_from_other_image,exclude,,unique,,False,annotation_reused,completed,OpenAI-human-review-2026-08-28,"Human review: XML-stem image is the same underlying source scene as declared 307.jpg, but appears as a photometric/processing variant. Primary/secondary annotations support the same scene. exact_reuse_signature=True; thumbnail_corr=0.8318. Exclude from the core dataset to preserve source-scene independence.",figures/phase2/identity_review/index.csv#850,568c00e99f5ca8d205c5b48b3c058ca8f3b93d2e4de9986ec7d01af75b33babb,wtbd-curation-v1
851,851.jpg,851.xml,851.xml,851.jpg,851.jpg,validation,851.jpg,primary,consistent,primary_confirmed,scene-037,near_duplicate_same_scene,,False,near_duplicate_same_scene_redundant,not_required,,,data/metadata/wtbd/second_annotator_comparison.csv,568c00e99f5ca8d205c5b48b3c058ca8f3b93d2e4de9986ec7d01af75b33babb,wtbd-curation-v1
852,852.jpg,852.xml,852.xml,313.jpg,313.jpg,train,,none,annotation_reused_from_other_image,exclude,,near_duplicate_review,,False,annotation_reused,completed,OpenAI-human-review-2026-08-28,"Human review: XML-stem image is the same underlying source scene as declared 313.jpg, but appears as a photometric/processing variant. Primary/secondary annotations support the same scene. exact_reuse_signature=True; thumbnail_corr=0.7700. Exclude from the core dataset to preserve source-scene independence.",figures/phase2/identity_review/index.csv#852,568c00e99f5ca8d205c5b48b3c058ca8f3b93d2e4de9986ec7d01af75b33babb,wtbd-curation-v1
853,853.jpg,853.xml,853.xml,314.jpg,314.jpg,train,,none,annotation_reused_from_other_image,exclude,,unique,,False,annotation_reused,completed,OpenAI-human-review-2026-08-28,"Human review: XML-stem image is the same underlying source scene as declared 314.jpg, but appears as a photometric/processing variant. Primary/secondary annotations support the same scene. exact_reuse_signature=True; thumbnail_corr=0.8919. Exclude from the core dataset to preserve source-scene independence.",figures/phase2/identity_review/index.csv#853,568c00e99f5ca8d205c5b48b3c058ca8f3b93d2e4de9986ec7d01af75b33babb,wtbd-curation-v1
854,854.jpg,854.xml,854.xml,316.jpg,316.jpg,test,,none,annotation_reused_from_other_image,exclude,,near_duplicate_review,,False,annotation_reused,completed,OpenAI-human-review-2026-08-28,"Human review: XML-stem image is the same underlying source scene as declared 316.jpg, but appears as a photometric/processing variant. Primary/secondary annotations support the same scene. exact_reuse_signature=True; thumbnail_corr=0.9983. Exclude from the core dataset to preserve source-scene independence.",figures/phase2/identity_review/index.csv#854,568c00e99f5ca8d205c5b48b3c058ca8f3b93d2e4de9986ec7d01af75b33babb,wtbd-curation-v1
855,855.jpg,855.xml,855.xml,318.jpg,318.jpg,train,,none,annotation_reused_from_other_image,exclude,,near_duplicate_review,,False,annotation_reused,completed,OpenAI-human-review-2026-08-28,"Human review: XML-stem image is the same underlying source scene as declared 318.jpg, but appears as a photometric/processing variant. Primary/secondary annotations support the same scene. exact_reuse_signature=True; thumbnail_corr=0.9993. Exclude from the core dataset to preserve source-scene independence.",figures/phase2/identity_review/index.csv#855,568c00e99f5ca8d205c5b48b3c058ca8f3b93d2e4de9986ec7d01af75b33babb,wtbd-curation-v1
856,856.jpg,856.xml,856.xml,319.jpg,319.jpg,train,,none,annotation_reused_from_other_image,exclude,,near_duplicate_review,,False,annotation_reused,completed,OpenAI-human-review-2026-08-28,"Human review: XML-stem image is the same underlying source scene as declared 319.jpg, but appears as a photometric/processing variant. Primary/secondary annotations support the same scene. exact_reuse_signature=True; thumbnail_corr=0.9805. Exclude from the core dataset to preserve source-scene independence.",figures/phase2/identity_review/index.csv#856,568c00e99f5ca8d205c5b48b3c058ca8f3b93d2e4de9986ec7d01af75b33babb,wtbd-curation-v1
857,857.jpg,857.xml,857.xml,32.jpg,32.jpg,train,,none,annotation_reused_from_other_image,exclude,,unique,,False,annotation_reused,completed,OpenAI-human-review-2026-08-28,"Human review: XML-stem image is the same underlying source scene as declared 32.jpg, but appears as a photometric/processing variant. Primary/secondary annotations support the same scene. exact_reuse_signature=True; thumbnail_corr=0.9407. Exclude from the core dataset to preserve source-scene independence.",figures/phase2/identity_review/index.csv#857,568c00e99f5ca8d205c5b48b3c058ca8f3b93d2e4de9986ec7d01af75b33babb,wtbd-curation-v1
858,858.jpg,858.xml,858.xml,322.jpg,322.jpg,train,,none,annotation_reused_from_other_image,exclude,,near_duplicate_review,,False,annotation_reused,completed,OpenAI-human-review-2026-08-28,"Human review: XML-stem image is the same underlying source scene as declared 322.jpg, but appears as a photometric/processing variant. Primary/secondary annotations support the same scene. exact_reuse_signature=True; thumbnail_corr=0.9973. Exclude from the core dataset to preserve source-scene independence.",figures/phase2/identity_review/index.csv#858,568c00e99f5ca8d205c5b48b3c058ca8f3b93d2e4de9986ec7d01af75b33babb,wtbd-curation-v1
859,859.jpg,859.xml,859.xml,325.jpg,325.jpg,test,,none,annotation_reused_from_other_image,exclude,,unique,,False,annotation_reused,completed,OpenAI-human-review-2026-08-28,"Human review: XML-stem image is the same underlying source scene as declared 325.jpg, but appears as a photometric/processing variant. Primary/secondary annotations support the same scene. exact_reuse_signature=True; thumbnail_corr=0.8334. Exclude from the core dataset to preserve source-scene independence.",figures/phase2/identity_review/index.csv#859,568c00e99f5ca8d205c5b48b3c058ca8f3b93d2e4de9986ec7d01af75b33babb,wtbd-curation-v1
860,860.jpg,860.xml,860.xml,860.jpg,860.jpg,train,860.jpg,primary,consistent,primary_confirmed,scene-037,near_duplicate_same_scene,,False,near_duplicate_same_scene_redundant,not_required,,,data/metadata/wtbd/second_annotator_comparison.csv,568c00e99f5ca8d205c5b48b3c058ca8f3b93d2e4de9986ec7d01af75b33babb,wtbd-curation-v1
861,861.jpg,861.xml,861.xml,330.jpg,330.jpg,validation,,none,annotation_reused_from_other_image,exclude,,near_duplicate_review,,False,annotation_reused,completed,OpenAI-human-review-2026-08-28,"Human review: XML-stem image is the same underlying source scene as declared 330.jpg, but appears as a photometric/processing variant. Primary/secondary annotations support the same scene. exact_reuse_signature=True; thumbnail_corr=0.9980. Exclude from the core dataset to preserve source-scene independence.",figures/phase2/identity_review/index.csv#861,568c00e99f5ca8d205c5b48b3c058ca8f3b93d2e4de9986ec7d01af75b33babb,wtbd-curation-v1
862,862.jpg,862.xml,862.xml,332.jpg,332.jpg,train,,none,annotation_reused_from_other_image,exclude,,unique,,False,annotation_reused,completed,OpenAI-human-review-2026-08-28,"Human review: XML-stem image is the same underlying source scene as declared 332.jpg, but appears as a photometric/processing variant. Primary/secondary annotations support the same scene. exact_reuse_signature=True; thumbnail_corr=0.9696. Exclude from the core dataset to preserve source-scene independence.",figures/phase2/identity_review/index.csv#862,568c00e99f5ca8d205c5b48b3c058ca8f3b93d2e4de9986ec7d01af75b33babb,wtbd-curation-v1
863,863.jpg,863.xml,863.xml,863.jpg,863.jpg,test,863.jpg,primary,consistent,primary_confirmed,,near_duplicate_review,test,True,none,not_required,,,data/metadata/wtbd/second_annotator_comparison.csv,568c00e99f5ca8d205c5b48b3c058ca8f3b93d2e4de9986ec7d01af75b33babb,wtbd-curation-v1
864,864.jpg,864.xml,864.xml,864.jpg,864.jpg,test,864.jpg,primary,consistent,primary_confirmed,,unique,test,True,none,not_required,,,data/metadata/wtbd/second_annotator_comparison.csv,568c00e99f5ca8d205c5b48b3c058ca8f3b93d2e4de9986ec7d01af75b33babb,wtbd-curation-v1
865,865.jpg,865.xml,865.xml,339.jpg,339.jpg,test,,none,annotation_reused_from_other_image,exclude,,near_duplicate_review,,False,annotation_reused,completed,OpenAI-human-review-2026-08-28,"Human review: XML-stem image is the same underlying source scene as declared 339.jpg, but appears as a photometric/processing variant. Primary/secondary annotations support the same scene. exact_reuse_signature=True; thumbnail_corr=0.8050. Exclude from the core dataset to preserve source-scene independence.",figures/phase2/identity_review/index.csv#865,568c00e99f5ca8d205c5b48b3c058ca8f3b93d2e4de9986ec7d01af75b33babb,wtbd-curation-v1
866,866.jpg,866.xml,866.xml,340.jpg,340.jpg,validation,,none,annotation_reused_from_other_image,exclude,,near_duplicate_review,,False,annotation_reused,completed,OpenAI-human-review-2026-08-28,"Human review: XML-stem image is the same underlying source scene as declared 340.jpg, but appears as a photometric/processing variant. Primary/secondary annotations support the same scene. exact_reuse_signature=True; thumbnail_corr=0.9828. Exclude from the core dataset to preserve source-scene independence.",figures/phase2/identity_review/index.csv#866,568c00e99f5ca8d205c5b48b3c058ca8f3b93d2e4de9986ec7d01af75b33babb,wtbd-curation-v1
867,867.jpg,867.xml,867.xml,342.jpg,342.jpg,train,,none,annotation_reused_from_other_image,exclude,,unique,,False,annotation_reused,completed,OpenAI-human-review-2026-08-28,"Human review: XML-stem image is the same underlying source scene as declared 342.jpg, but appears as a photometric/processing variant. Primary/secondary annotations support the same scene. exact_reuse_signature=True; thumbnail_corr=0.9273. Exclude from the core dataset to preserve source-scene independence.",figures/phase2/identity_review/index.csv#867,568c00e99f5ca8d205c5b48b3c058ca8f3b93d2e4de9986ec7d01af75b33babb,wtbd-curation-v1
868,868.jpg,868.xml,868.xml,343.jpg,343.jpg,train,,none,annotation_reused_from_other_image,exclude,,unique,,False,annotation_reused,completed,OpenAI-human-review-2026-08-28,"Human review: XML-stem image is the same underlying source scene as declared 343.jpg, but appears as a photometric/processing variant. Primary/secondary annotations support the same scene. exact_reuse_signature=True; thumbnail_corr=0.9868. Exclude from the core dataset to preserve source-scene independence.",figures/phase2/identity_review/index.csv#868,568c00e99f5ca8d205c5b48b3c058ca8f3b93d2e4de9986ec7d01af75b33babb,wtbd-curation-v1
869,869.jpg,869.xml,869.xml,348.jpg,348.jpg,validation,,none,annotation_reused_from_other_image,exclude,,unique,,False,annotation_reused,completed,OpenAI-human-review-2026-08-28,"Human review: XML-stem image is the same underlying source scene as declared 348.jpg, but appears as a photometric/processing variant. Primary/secondary annotations support the same scene. exact_reuse_signature=True; thumbnail_corr=0.7523. Exclude from the core dataset to preserve source-scene independence.",figures/phase2/identity_review/index.csv#869,568c00e99f5ca8d205c5b48b3c058ca8f3b93d2e4de9986ec7d01af75b33babb,wtbd-curation-v1
870,870.jpg,870.xml,870.xml,35.jpg,35.jpg,train,,none,annotation_reused_from_other_image,exclude,,near_duplicate_review,,False,annotation_reused,completed,OpenAI-human-review-2026-08-28,"Human review: XML-stem image is the same underlying source scene as declared 35.jpg, but appears as a photometric/processing variant. Primary/secondary annotations support the same scene. exact_reuse_signature=True; thumbnail_corr=0.9998. Exclude from the core dataset to preserve source-scene independence.",figures/phase2/identity_review/index.csv#870,568c00e99f5ca8d205c5b48b3c058ca8f3b93d2e4de9986ec7d01af75b33babb,wtbd-curation-v1
871,871.jpg,871.xml,871.xml,871.jpg,871.jpg,train,871.jpg,primary,consistent,primary_confirmed,,unique,train,True,none,not_required,,,data/metadata/wtbd/second_annotator_comparison.csv,568c00e99f5ca8d205c5b48b3c058ca8f3b93d2e4de9986ec7d01af75b33babb,wtbd-curation-v1
872,872.jpg,872.xml,872.xml,352.jpg,352.jpg,train,,none,annotation_reused_from_other_image,exclude,,near_duplicate_review,,False,annotation_reused,completed,OpenAI-human-review-2026-08-28,"Human review: XML-stem image is the same underlying source scene as declared 352.jpg, but appears as a photometric/processing variant. Primary/secondary annotations support the same scene. exact_reuse_signature=True; thumbnail_corr=0.9933. Exclude from the core dataset to preserve source-scene independence.",figures/phase2/identity_review/index.csv#872,568c00e99f5ca8d205c5b48b3c058ca8f3b93d2e4de9986ec7d01af75b33babb,wtbd-curation-v1
873,873.jpg,873.xml,873.xml,353.jpg,353.jpg,train,,none,annotation_reused_from_other_image,exclude,,near_duplicate_review,,False,annotation_reused,completed,OpenAI-human-review-2026-08-28,"Human review: XML-stem image is the same underlying source scene as declared 353.jpg, but appears as a photometric/processing variant. Primary/secondary annotations support the same scene. exact_reuse_signature=True; thumbnail_corr=0.9879. Exclude from the core dataset to preserve source-scene independence.",figures/phase2/identity_review/index.csv#873,568c00e99f5ca8d205c5b48b3c058ca8f3b93d2e4de9986ec7d01af75b33babb,wtbd-curation-v1
874,874.jpg,874.xml,874.xml,874.jpg,874.jpg,train,874.jpg,primary,consistent,primary_confirmed,,near_duplicate_review,train,True,none,not_required,,,data/metadata/wtbd/second_annotator_comparison.csv,568c00e99f5ca8d205c5b48b3c058ca8f3b93d2e4de9986ec7d01af75b33babb,wtbd-curation-v1
875,875.jpg,875.xml,875.xml,875.jpg,875.jpg,test,875.jpg,primary,consistent,primary_confirmed,,unique,test,True,none,not_required,,,data/metadata/wtbd/second_annotator_comparison.csv,568c00e99f5ca8d205c5b48b3c058ca8f3b93d2e4de9986ec7d01af75b33babb,wtbd-curation-v1
876,876.jpg,876.xml,876.xml,360.jpg,360.jpg,train,,none,annotation_reused_from_other_image,exclude,,unique,,False,annotation_reused,completed,OpenAI-human-review-2026-08-28,"Human review: XML-stem image is the same underlying source scene as declared 360.jpg, but appears as a photometric/processing variant. Primary/secondary annotations support the same scene. exact_reuse_signature=True; thumbnail_corr=0.9084. Exclude from the core dataset to preserve source-scene independence.",figures/phase2/identity_review/index.csv#876,568c00e99f5ca8d205c5b48b3c058ca8f3b93d2e4de9986ec7d01af75b33babb,wtbd-curation-v1
877,877.jpg,877.xml,877.xml,363.jpg,363.jpg,train,,none,annotation_reused_from_other_image,exclude,,near_duplicate_review,,False,annotation_reused,completed,OpenAI-human-review-2026-08-28,"Human review: XML-stem image is the same underlying source scene as declared 363.jpg, but appears as a photometric/processing variant. Primary/secondary annotations support the same scene. exact_reuse_signature=True; thumbnail_corr=0.9999. Exclude from the core dataset to preserve source-scene independence.",figures/phase2/identity_review/index.csv#877,568c00e99f5ca8d205c5b48b3c058ca8f3b93d2e4de9986ec7d01af75b33babb,wtbd-curation-v1
878,878.jpg,878.xml,878.xml,878.jpg,878.jpg,train,878.jpg,primary,consistent,primary_confirmed,scene-040,near_duplicate_same_scene,,False,near_duplicate_same_scene_redundant,not_required,,,data/metadata/wtbd/second_annotator_comparison.csv,568c00e99f5ca8d205c5b48b3c058ca8f3b93d2e4de9986ec7d01af75b33babb,wtbd-curation-v1
879,879.jpg,879.xml,879.xml,369.jpg,369.jpg,validation,,none,annotation_reused_from_other_image,exclude,,unique,,False,annotation_reused,completed,OpenAI-human-review-2026-08-28,"Human review: XML-stem image is the same underlying source scene as declared 369.jpg, but appears as a photometric/processing variant. Primary/secondary annotations support the same scene. exact_reuse_signature=True; thumbnail_corr=0.8781. Exclude from the core dataset to preserve source-scene independence.",figures/phase2/identity_review/index.csv#879,568c00e99f5ca8d205c5b48b3c058ca8f3b93d2e4de9986ec7d01af75b33babb,wtbd-curation-v1
880,880.jpg,880.xml,880.xml,880.jpg,880.jpg,train,880.jpg,primary,consistent,primary_confirmed,,unique,train,True,none,not_required,,,data/metadata/wtbd/second_annotator_comparison.csv,568c00e99f5ca8d205c5b48b3c058ca8f3b93d2e4de9986ec7d01af75b33babb,wtbd-curation-v1
881,881.jpg,881.xml,881.xml,370.jpg,370.jpg,test,,none,annotation_reused_from_other_image,exclude,,near_duplicate_review,,False,annotation_reused,completed,OpenAI-human-review-2026-08-28,"Human review: XML-stem image is the same underlying source scene as declared 370.jpg, but appears as a photometric/processing variant. Primary/secondary annotations support the same scene. exact_reuse_signature=True; thumbnail_corr=0.9997. Exclude from the core dataset to preserve source-scene independence.",figures/phase2/identity_review/index.csv#881,568c00e99f5ca8d205c5b48b3c058ca8f3b93d2e4de9986ec7d01af75b33babb,wtbd-curation-v1
882,882.jpg,882.xml,882.xml,373.jpg,373.jpg,test,,none,annotation_reused_from_other_image,exclude,,unique,,False,annotation_reused,completed,OpenAI-human-review-2026-08-28,"Human review: XML-stem image is the same underlying source scene as declared 373.jpg, but appears as a photometric/processing variant. Primary/secondary annotations support the same scene. exact_reuse_signature=True; thumbnail_corr=0.9893. Exclude from the core dataset to preserve source-scene independence.",figures/phase2/identity_review/index.csv#882,568c00e99f5ca8d205c5b48b3c058ca8f3b93d2e4de9986ec7d01af75b33babb,wtbd-curation-v1
883,883.jpg,883.xml,883.xml,883.jpg,883.jpg,train,883.jpg,primary,consistent,primary_confirmed,,unique,train,True,none,not_required,,,data/metadata/wtbd/second_annotator_comparison.csv,568c00e99f5ca8d205c5b48b3c058ca8f3b93d2e4de9986ec7d01af75b33babb,wtbd-curation-v1
884,884.jpg,884.xml,884.xml,379.jpg,379.jpg,train,,none,annotation_reused_from_other_image,exclude,,near_duplicate_review,,False,annotation_reused,completed,OpenAI-human-review-2026-08-28,"Human review: XML-stem image is the same underlying source scene as declared 379.jpg, but appears as a photometric/processing variant. Primary/secondary annotations support the same scene. exact_reuse_signature=True; thumbnail_corr=0.9999. Exclude from the core dataset to preserve source-scene independence.",figures/phase2/identity_review/index.csv#884,568c00e99f5ca8d205c5b48b3c058ca8f3b93d2e4de9986ec7d01af75b33babb,wtbd-curation-v1
885,885.jpg,885.xml,885.xml,885.jpg,885.jpg,train,885.jpg,primary,consistent,primary_confirmed,,unique,train,True,none,not_required,,,data/metadata/wtbd/second_annotator_comparison.csv,568c00e99f5ca8d205c5b48b3c058ca8f3b93d2e4de9986ec7d01af75b33babb,wtbd-curation-v1
886,886.jpg,886.xml,886.xml,886.jpg,886.jpg,train,886.jpg,primary,consistent,primary_confirmed,scene-041,near_duplicate_same_scene,,False,near_duplicate_same_scene_redundant,not_required,,,data/metadata/wtbd/second_annotator_comparison.csv,568c00e99f5ca8d205c5b48b3c058ca8f3b93d2e4de9986ec7d01af75b33babb,wtbd-curation-v1
887,887.jpg,887.xml,887.xml,384.jpg,384.jpg,test,,none,annotation_reused_from_other_image,exclude,,near_duplicate_review,,False,annotation_reused,completed,OpenAI-human-review-2026-08-28,"Human review: XML-stem image is the same underlying source scene as declared 384.jpg, but appears as a photometric/processing variant. Primary/secondary annotations support the same scene. exact_reuse_signature=True; thumbnail_corr=0.9237. Exclude from the core dataset to preserve source-scene independence.",figures/phase2/identity_review/index.csv#887,568c00e99f5ca8d205c5b48b3c058ca8f3b93d2e4de9986ec7d01af75b33babb,wtbd-curation-v1
888,888.jpg,888.xml,888.xml,387.jpg,387.jpg,train,,none,annotation_reused_from_other_image,exclude,,near_duplicate_review,,False,annotation_reused,completed,OpenAI-human-review-2026-08-28,"Human review: XML-stem image is the same underlying source scene as declared 387.jpg, but appears as a photometric/processing variant. Primary/secondary annotations support the same scene. exact_reuse_signature=True; thumbnail_corr=0.9948. Exclude from the core dataset to preserve source-scene independence.",figures/phase2/identity_review/index.csv#888,568c00e99f5ca8d205c5b48b3c058ca8f3b93d2e4de9986ec7d01af75b33babb,wtbd-curation-v1
889,889.jpg,889.xml,889.xml,388.jpg,388.jpg,train,,none,annotation_reused_from_other_image,exclude,,near_duplicate_review,,False,annotation_reused,completed,OpenAI-human-review-2026-08-28,"Human review: XML-stem image is the same underlying source scene as declared 388.jpg, but appears as a photometric/processing variant. Primary/secondary annotations support the same scene. exact_reuse_signature=True; thumbnail_corr=0.9998. Exclude from the core dataset to preserve source-scene independence.",figures/phase2/identity_review/index.csv#889,568c00e99f5ca8d205c5b48b3c058ca8f3b93d2e4de9986ec7d01af75b33babb,wtbd-curation-v1
890,890.jpg,890.xml,890.xml,389.jpg,389.jpg,train,,none,annotation_reused_from_other_image,exclude,,near_duplicate_review,,False,annotation_reused,completed,OpenAI-human-review-2026-08-28,"Human review: XML-stem image is the same underlying source scene as declared 389.jpg, but appears as a photometric/processing variant. Primary/secondary annotations support the same scene. exact_reuse_signature=True; thumbnail_corr=0.9997. Exclude from the core dataset to preserve source-scene independence.",figures/phase2/identity_review/index.csv#890,568c00e99f5ca8d205c5b48b3c058ca8f3b93d2e4de9986ec7d01af75b33babb,wtbd-curation-v1
891,891.jpg,891.xml,891.xml,39.jpg,39.jpg,validation,,none,annotation_reused_from_other_image,exclude,,unique,,False,annotation_reused,completed,OpenAI-human-review-2026-08-28,"Human review: XML-stem image is the same underlying source scene as declared 39.jpg, but appears as a photometric/processing variant. Primary/secondary annotations support the same scene. exact_reuse_signature=True; thumbnail_corr=0.8448. Exclude from the core dataset to preserve source-scene independence.",figures/phase2/identity_review/index.csv#891,568c00e99f5ca8d205c5b48b3c058ca8f3b93d2e4de9986ec7d01af75b33babb,wtbd-curation-v1
892,892.jpg,892.xml,892.xml,391.jpg,391.jpg,train,,none,annotation_reused_from_other_image,exclude,,near_duplicate_review,,False,annotation_reused,completed,OpenAI-human-review-2026-08-28,"Human review: XML-stem image is the same underlying source scene as declared 391.jpg, but appears as a photometric/processing variant. Primary/secondary annotations support the same scene. exact_reuse_signature=True; thumbnail_corr=1.0000. Exclude from the core dataset to preserve source-scene independence.",figures/phase2/identity_review/index.csv#892,568c00e99f5ca8d205c5b48b3c058ca8f3b93d2e4de9986ec7d01af75b33babb,wtbd-curation-v1
893,893.jpg,893.xml,893.xml,893.jpg,893.jpg,train,893.jpg,primary,consistent,primary_confirmed,,near_duplicate_review,train,True,none,not_required,,,data/metadata/wtbd/second_annotator_comparison.csv,568c00e99f5ca8d205c5b48b3c058ca8f3b93d2e4de9986ec7d01af75b33babb,wtbd-curation-v1
894,894.jpg,894.xml,894.xml,894.jpg,894.jpg,train,894.jpg,primary,consistent,primary_confirmed,,unique,train,True,none,not_required,,,data/metadata/wtbd/second_annotator_comparison.csv,568c00e99f5ca8d205c5b48b3c058ca8f3b93d2e4de9986ec7d01af75b33babb,wtbd-curation-v1
895,895.jpg,895.xml,895.xml,895.jpg,895.jpg,train,895.jpg,primary,consistent,primary_confirmed,,unique,train,True,none,not_required,,,data/metadata/wtbd/second_annotator_comparison.csv,568c00e99f5ca8d205c5b48b3c058ca8f3b93d2e4de9986ec7d01af75b33babb,wtbd-curation-v1
896,896.jpg,896.xml,896.xml,40.jpg,40.jpg,train,,none,annotation_reused_from_other_image,exclude,,unique,,False,annotation_reused,completed,OpenAI-human-review-2026-08-28,"Human review: XML-stem image is the same underlying source scene as declared 40.jpg, but appears as a photometric/processing variant. Primary/secondary annotations support the same scene. exact_reuse_signature=True; thumbnail_corr=0.7421. Exclude from the core dataset to preserve source-scene independence.",figures/phase2/identity_review/index.csv#896,568c00e99f5ca8d205c5b48b3c058ca8f3b93d2e4de9986ec7d01af75b33babb,wtbd-curation-v1
897,897.jpg,897.xml,897.xml,400.jpg,400.jpg,test,,none,annotation_reused_from_other_image,exclude,,unique,,False,annotation_reused,completed,OpenAI-human-review-2026-08-28,"Human review: XML-stem image is the same underlying source scene as declared 400.jpg, but appears as a photometric/processing variant. Primary/secondary annotations support the same scene. exact_reuse_signature=False; thumbnail_corr=0.7194. Exclude from the core dataset to preserve source-scene independence.",figures/phase2/identity_review/index.csv#897,568c00e99f5ca8d205c5b48b3c058ca8f3b93d2e4de9986ec7d01af75b33babb,wtbd-curation-v1
898,898.jpg,898.xml,898.xml,898.jpg,898.jpg,train,898.jpg,primary,consistent,primary_confirmed,scene-043,near_duplicate_same_scene,,False,near_duplicate_same_scene_redundant,not_required,,,data/metadata/wtbd/second_annotator_comparison.csv,568c00e99f5ca8d205c5b48b3c058ca8f3b93d2e4de9986ec7d01af75b33babb,wtbd-curation-v1
899,899.jpg,899.xml,899.xml,405.jpg,405.jpg,train,,none,annotation_reused_from_other_image,exclude,,unique,,False,annotation_reused,completed,OpenAI-human-review-2026-08-28,"Human review: XML-stem image is the same underlying source scene as declared 405.jpg, but appears as a photometric/processing variant. Primary/secondary annotations support the same scene. exact_reuse_signature=True; thumbnail_corr=0.8590. Exclude from the core dataset to preserve source-scene independence.",figures/phase2/identity_review/index.csv#899,568c00e99f5ca8d205c5b48b3c058ca8f3b93d2e4de9986ec7d01af75b33babb,wtbd-curation-v1
900,900.jpg,900.xml,900.xml,406.jpg,406.jpg,train,,none,annotation_reused_from_other_image,exclude,,near_duplicate_review,,False,annotation_reused,completed,OpenAI-human-review-2026-08-28,"Human review: XML-stem image is the same underlying source scene as declared 406.jpg, but appears as a photometric/processing variant. Primary/secondary annotations support the same scene. exact_reuse_signature=True; thumbnail_corr=0.9999. Exclude from the core dataset to preserve source-scene independence.",figures/phase2/identity_review/index.csv#900,568c00e99f5ca8d205c5b48b3c058ca8f3b93d2e4de9986ec7d01af75b33babb,wtbd-curation-v1
901,901.jpg,901.xml,901.xml,407.jpg,407.jpg,train,,none,annotation_reused_from_other_image,exclude,,unique,,False,annotation_reused,completed,OpenAI-human-review-2026-08-28,"Human review: XML-stem image is the same underlying source scene as declared 407.jpg, but appears as a photometric/processing variant. Primary/secondary annotations support the same scene. exact_reuse_signature=True; thumbnail_corr=0.9104. Exclude from the core dataset to preserve source-scene independence.",figures/phase2/identity_review/index.csv#901,568c00e99f5ca8d205c5b48b3c058ca8f3b93d2e4de9986ec7d01af75b33babb,wtbd-curation-v1
902,902.jpg,902.xml,902.xml,411.jpg,411.jpg,train,,none,annotation_reused_from_other_image,exclude,,unique,,False,annotation_reused,completed,OpenAI-human-review-2026-08-28,"Human review: XML-stem image is the same underlying source scene as declared 411.jpg, but appears as a photometric/processing variant. Primary/secondary annotations support the same scene. exact_reuse_signature=True; thumbnail_corr=0.9669. Exclude from the core dataset to preserve source-scene independence.",figures/phase2/identity_review/index.csv#902,568c00e99f5ca8d205c5b48b3c058ca8f3b93d2e4de9986ec7d01af75b33babb,wtbd-curation-v1
903,903.jpg,903.xml,903.xml,418.jpg,418.jpg,validation,,none,annotation_reused_from_other_image,exclude,,unique,,False,annotation_reused,completed,OpenAI-human-review-2026-08-28,"Human review: XML-stem image is the same underlying source scene as declared 418.jpg, but appears as a photometric/processing variant. Primary/secondary annotations support the same scene. exact_reuse_signature=True; thumbnail_corr=0.9795. Exclude from the core dataset to preserve source-scene independence.",figures/phase2/identity_review/index.csv#903,568c00e99f5ca8d205c5b48b3c058ca8f3b93d2e4de9986ec7d01af75b33babb,wtbd-curation-v1
904,904.jpg,904.xml,904.xml,426.jpg,426.jpg,train,,none,annotation_reused_from_other_image,exclude,,near_duplicate_review,,False,annotation_reused,completed,OpenAI-human-review-2026-08-28,"Human review: XML-stem image is the same underlying source scene as declared 426.jpg, but appears as a photometric/processing variant. Primary/secondary annotations support the same scene. exact_reuse_signature=True; thumbnail_corr=0.9997. Exclude from the core dataset to preserve source-scene independence.",figures/phase2/identity_review/index.csv#904,568c00e99f5ca8d205c5b48b3c058ca8f3b93d2e4de9986ec7d01af75b33babb,wtbd-curation-v1
905,905.jpg,905.xml,905.xml,427.jpg,427.jpg,test,,none,annotation_reused_from_other_image,exclude,,unique,,False,annotation_reused,completed,OpenAI-human-review-2026-08-28,"Human review: XML-stem image is the same underlying source scene as declared 427.jpg, but appears as a photometric/processing variant. Primary/secondary annotations support the same scene. exact_reuse_signature=True; thumbnail_corr=0.9337. Exclude from the core dataset to preserve source-scene independence.",figures/phase2/identity_review/index.csv#905,568c00e99f5ca8d205c5b48b3c058ca8f3b93d2e4de9986ec7d01af75b33babb,wtbd-curation-v1
906,906.jpg,906.xml,906.xml,431.jpg,431.jpg,test,,none,annotation_reused_from_other_image,exclude,,near_duplicate_review,,False,annotation_reused,completed,OpenAI-human-review-2026-08-28,"Human review: XML-stem image is the same underlying source scene as declared 431.jpg, but appears as a photometric/processing variant. Primary/secondary annotations support the same scene. exact_reuse_signature=True; thumbnail_corr=0.9995. Exclude from the core dataset to preserve source-scene independence.",figures/phase2/identity_review/index.csv#906,568c00e99f5ca8d205c5b48b3c058ca8f3b93d2e4de9986ec7d01af75b33babb,wtbd-curation-v1
907,907.jpg,907.xml,907.xml,432.jpg,432.jpg,train,,none,annotation_reused_from_other_image,exclude,,unique,,False,annotation_reused,completed,OpenAI-human-review-2026-08-28,"Human review: XML-stem image is the same underlying source scene as declared 432.jpg, but appears as a photometric/processing variant. Primary/secondary annotations support the same scene. exact_reuse_signature=True; thumbnail_corr=0.9714. Exclude from the core dataset to preserve source-scene independence.",figures/phase2/identity_review/index.csv#907,568c00e99f5ca8d205c5b48b3c058ca8f3b93d2e4de9986ec7d01af75b33babb,wtbd-curation-v1
908,908.jpg,908.xml,908.xml,435.jpg,435.jpg,train,,none,annotation_reused_from_other_image,exclude,,near_duplicate_review,,False,annotation_reused,completed,OpenAI-human-review-2026-08-28,"Human review: XML-stem image is the same underlying source scene as declared 435.jpg, but appears as a photometric/processing variant. Primary/secondary annotations support the same scene. exact_reuse_signature=True; thumbnail_corr=0.9999. Exclude from the core dataset to preserve source-scene independence.",figures/phase2/identity_review/index.csv#908,568c00e99f5ca8d205c5b48b3c058ca8f3b93d2e4de9986ec7d01af75b33babb,wtbd-curation-v1
909,909.jpg,909.xml,909.xml,436.jpg,436.jpg,train,,none,annotation_reused_from_other_image,exclude,,unique,,False,annotation_reused,completed,OpenAI-human-review-2026-08-28,"Human review: XML-stem image is the same underlying source scene as declared 436.jpg, but appears as a photometric/processing variant. Primary/secondary annotations support the same scene. exact_reuse_signature=True; thumbnail_corr=0.9998. Exclude from the core dataset to preserve source-scene independence.",figures/phase2/identity_review/index.csv#909,568c00e99f5ca8d205c5b48b3c058ca8f3b93d2e4de9986ec7d01af75b33babb,wtbd-curation-v1
910,910.jpg,910.xml,910.xml,439.jpg,439.jpg,train,,none,annotation_reused_from_other_image,exclude,,unique,,False,annotation_reused,completed,OpenAI-human-review-2026-08-28,"Human review: XML-stem image is the same underlying source scene as declared 439.jpg, but appears as a photometric/processing variant. Primary/secondary annotations support the same scene. exact_reuse_signature=True; thumbnail_corr=0.9844. Exclude from the core dataset to preserve source-scene independence.",figures/phase2/identity_review/index.csv#910,568c00e99f5ca8d205c5b48b3c058ca8f3b93d2e4de9986ec7d01af75b33babb,wtbd-curation-v1
911,911.jpg,911.xml,911.xml,440.jpg,440.jpg,validation,,none,annotation_reused_from_other_image,exclude,,unique,,False,annotation_reused,completed,OpenAI-human-review-2026-08-28,"Human review: XML-stem image is the same underlying source scene as declared 440.jpg, but appears as a photometric/processing variant. Primary/secondary annotations support the same scene. exact_reuse_signature=True; thumbnail_corr=0.9933. Exclude from the core dataset to preserve source-scene independence.",figures/phase2/identity_review/index.csv#911,568c00e99f5ca8d205c5b48b3c058ca8f3b93d2e4de9986ec7d01af75b33babb,wtbd-curation-v1
912,912.jpg,912.xml,912.xml,444.jpg,444.jpg,test,,none,annotation_reused_from_other_image,exclude,,near_duplicate_review,,False,annotation_reused,completed,OpenAI-human-review-2026-08-28,"Human review: XML-stem image is the same underlying source scene as declared 444.jpg, but appears as a photometric/processing variant. Primary/secondary annotations support the same scene. exact_reuse_signature=True; thumbnail_corr=0.9667. Exclude from the core dataset to preserve source-scene independence.",figures/phase2/identity_review/index.csv#912,568c00e99f5ca8d205c5b48b3c058ca8f3b93d2e4de9986ec7d01af75b33babb,wtbd-curation-v1
913,913.jpg,913.xml,913.xml,447.jpg,447.jpg,validation,,none,annotation_reused_from_other_image,exclude,,unique,,False,annotation_reused,completed,OpenAI-human-review-2026-08-28,"Human review: XML-stem image is the same underlying source scene as declared 447.jpg, but appears as a photometric/processing variant. Primary/secondary annotations support the same scene. exact_reuse_signature=True; thumbnail_corr=0.8191. Exclude from the core dataset to preserve source-scene independence.",figures/phase2/identity_review/index.csv#913,568c00e99f5ca8d205c5b48b3c058ca8f3b93d2e4de9986ec7d01af75b33babb,wtbd-curation-v1
914,914.jpg,914.xml,914.xml,45.jpg,45.jpg,validation,,none,annotation_reused_from_other_image,exclude,,near_duplicate_review,,False,annotation_reused,completed,OpenAI-human-review-2026-08-28,"Human review: XML-stem image is the same underlying source scene as declared 45.jpg, but appears as a photometric/processing variant. Primary/secondary annotations support the same scene. exact_reuse_signature=True; thumbnail_corr=0.9987. Exclude from the core dataset to preserve source-scene independence.",figures/phase2/identity_review/index.csv#914,568c00e99f5ca8d205c5b48b3c058ca8f3b93d2e4de9986ec7d01af75b33babb,wtbd-curation-v1
915,915.jpg,915.xml,915.xml,451.jpg,451.jpg,train,,none,annotation_reused_from_other_image,exclude,,near_duplicate_review,,False,annotation_reused,completed,OpenAI-human-review-2026-08-28,"Human review: XML-stem image is the same underlying source scene as declared 451.jpg, but appears as a photometric/processing variant. Primary/secondary annotations support the same scene. exact_reuse_signature=True; thumbnail_corr=0.9157. Exclude from the core dataset to preserve source-scene independence.",figures/phase2/identity_review/index.csv#915,568c00e99f5ca8d205c5b48b3c058ca8f3b93d2e4de9986ec7d01af75b33babb,wtbd-curation-v1
916,916.jpg,916.xml,916.xml,452.jpg,452.jpg,train,,none,annotation_reused_from_other_image,exclude,,near_duplicate_review,,False,annotation_reused,completed,OpenAI-human-review-2026-08-28,"Human review: XML-stem image is the same underlying source scene as declared 452.jpg, but appears as a photometric/processing variant. Primary/secondary annotations support the same scene. exact_reuse_signature=True; thumbnail_corr=0.8677. Exclude from the core dataset to preserve source-scene independence.",figures/phase2/identity_review/index.csv#916,568c00e99f5ca8d205c5b48b3c058ca8f3b93d2e4de9986ec7d01af75b33babb,wtbd-curation-v1
917,917.jpg,917.xml,917.xml,456.jpg,456.jpg,train,,none,annotation_reused_from_other_image,exclude,,near_duplicate_review,,False,annotation_reused,completed,OpenAI-human-review-2026-08-28,"Human review: XML-stem image is the same underlying source scene as declared 456.jpg, but appears as a photometric/processing variant. Primary/secondary annotations support the same scene. exact_reuse_signature=True; thumbnail_corr=0.9998. Exclude from the core dataset to preserve source-scene independence.",figures/phase2/identity_review/index.csv#917,568c00e99f5ca8d205c5b48b3c058ca8f3b93d2e4de9986ec7d01af75b33babb,wtbd-curation-v1
918,918.jpg,918.xml,918.xml,457.jpg,457.jpg,validation,,none,annotation_reused_from_other_image,exclude,,near_duplicate_review,,False,annotation_reused,completed,OpenAI-human-review-2026-08-28,"Human review: XML-stem image is the same underlying source scene as declared 457.jpg, but appears as a photometric/processing variant. Primary/secondary annotations support the same scene. exact_reuse_signature=True; thumbnail_corr=0.9999. Exclude from the core dataset to preserve source-scene independence.",figures/phase2/identity_review/index.csv#918,568c00e99f5ca8d205c5b48b3c058ca8f3b93d2e4de9986ec7d01af75b33babb,wtbd-curation-v1
919,919.jpg,919.xml,919.xml,459.jpg,459.jpg,test,,none,annotation_reused_from_other_image,exclude,,unique,,False,annotation_reused,completed,OpenAI-human-review-2026-08-28,"Human review: XML-stem image is the same underlying source scene as declared 459.jpg, but appears as a photometric/processing variant. Primary/secondary annotations support the same scene. exact_reuse_signature=True; thumbnail_corr=0.9769. Exclude from the core dataset to preserve source-scene independence.",figures/phase2/identity_review/index.csv#919,568c00e99f5ca8d205c5b48b3c058ca8f3b93d2e4de9986ec7d01af75b33babb,wtbd-curation-v1
920,920.jpg,920.xml,920.xml,920.jpg,920.jpg,validation,920.jpg,primary,consistent,primary_confirmed,,unique,validation,True,none,not_required,,,data/metadata/wtbd/second_annotator_comparison.csv,568c00e99f5ca8d205c5b48b3c058ca8f3b93d2e4de9986ec7d01af75b33babb,wtbd-curation-v1
921,921.jpg,921.xml,921.xml,460.jpg,460.jpg,train,,none,annotation_reused_from_other_image,exclude,,near_duplicate_review,,False,annotation_reused,completed,OpenAI-human-review-2026-08-28,"Human review: XML-stem image is the same underlying source scene as declared 460.jpg, but appears as a photometric/processing variant. Primary/secondary annotations support the same scene. exact_reuse_signature=True; thumbnail_corr=0.9961. Exclude from the core dataset to preserve source-scene independence.",figures/phase2/identity_review/index.csv#921,568c00e99f5ca8d205c5b48b3c058ca8f3b93d2e4de9986ec7d01af75b33babb,wtbd-curation-v1
922,922.jpg,922.xml,922.xml,461.jpg,461.jpg,validation,,none,annotation_reused_from_other_image,exclude,,near_duplicate_review,,False,annotation_reused,completed,OpenAI-human-review-2026-08-28,"Human review: XML-stem image is the same underlying source scene as declared 461.jpg, but appears as a photometric/processing variant. Primary/secondary annotations support the same scene. exact_reuse_signature=True; thumbnail_corr=0.9998. Exclude from the core dataset to preserve source-scene independence.",figures/phase2/identity_review/index.csv#922,568c00e99f5ca8d205c5b48b3c058ca8f3b93d2e4de9986ec7d01af75b33babb,wtbd-curation-v1
923,923.jpg,923.xml,923.xml,923.jpg,923.jpg,train,923.jpg,primary,consistent,primary_confirmed,scene-045,near_duplicate_same_scene,,False,near_duplicate_same_scene_redundant,not_required,,,data/metadata/wtbd/second_annotator_comparison.csv,568c00e99f5ca8d205c5b48b3c058ca8f3b93d2e4de9986ec7d01af75b33babb,wtbd-curation-v1
924,924.jpg,924.xml,924.xml,466.jpg,466.jpg,train,,none,annotation_reused_from_other_image,exclude,,near_duplicate_review,,False,annotation_reused,completed,OpenAI-human-review-2026-08-28,"Human review: XML-stem image is the same underlying source scene as declared 466.jpg, but appears as a photometric/processing variant. Primary/secondary annotations support the same scene. exact_reuse_signature=True; thumbnail_corr=0.9979. Exclude from the core dataset to preserve source-scene independence.",figures/phase2/identity_review/index.csv#924,568c00e99f5ca8d205c5b48b3c058ca8f3b93d2e4de9986ec7d01af75b33babb,wtbd-curation-v1
925,925.jpg,925.xml,925.xml,476.jpg,476.jpg,train,,none,annotation_reused_from_other_image,exclude,,near_duplicate_review,,False,annotation_reused,completed,OpenAI-human-review-2026-08-28,"Human review: XML-stem image is the same underlying source scene as declared 476.jpg, but appears as a photometric/processing variant. Primary/secondary annotations support the same scene. exact_reuse_signature=True; thumbnail_corr=0.9993. Exclude from the core dataset to preserve source-scene independence.",figures/phase2/identity_review/index.csv#925,568c00e99f5ca8d205c5b48b3c058ca8f3b93d2e4de9986ec7d01af75b33babb,wtbd-curation-v1
926,926.jpg,926.xml,926.xml,477.jpg,477.jpg,train,,none,annotation_reused_from_other_image,exclude,,near_duplicate_review,,False,annotation_reused,completed,OpenAI-human-review-2026-08-28,"Human review: XML-stem image is the same underlying source scene as declared 477.jpg, but appears as a photometric/processing variant. Primary/secondary annotations support the same scene. exact_reuse_signature=True; thumbnail_corr=0.9982. Exclude from the core dataset to preserve source-scene independence.",figures/phase2/identity_review/index.csv#926,568c00e99f5ca8d205c5b48b3c058ca8f3b93d2e4de9986ec7d01af75b33babb,wtbd-curation-v1
927,927.jpg,927.xml,927.xml,479.jpg,479.jpg,train,,none,annotation_reused_from_other_image,exclude,,near_duplicate_review,,False,annotation_reused,completed,OpenAI-human-review-2026-08-28,"Human review: XML-stem image is the same underlying source scene as declared 479.jpg, but appears as a photometric/processing variant. Primary/secondary annotations support the same scene. exact_reuse_signature=True; thumbnail_corr=0.9983. Exclude from the core dataset to preserve source-scene independence.",figures/phase2/identity_review/index.csv#927,568c00e99f5ca8d205c5b48b3c058ca8f3b93d2e4de9986ec7d01af75b33babb,wtbd-curation-v1
928,928.jpg,928.xml,928.xml,482.jpg,482.jpg,train,,none,annotation_reused_from_other_image,exclude,,near_duplicate_review,,False,annotation_reused,completed,OpenAI-human-review-2026-08-28,"Human review: XML-stem image is the same underlying source scene as declared 482.jpg, but appears as a photometric/processing variant. Primary/secondary annotations support the same scene. exact_reuse_signature=True; thumbnail_corr=1.0000. Exclude from the core dataset to preserve source-scene independence.",figures/phase2/identity_review/index.csv#928,568c00e99f5ca8d205c5b48b3c058ca8f3b93d2e4de9986ec7d01af75b33babb,wtbd-curation-v1
929,929.jpg,929.xml,929.xml,485.jpg,485.jpg,validation,,none,annotation_reused_from_other_image,exclude,,unique,,False,annotation_reused,completed,OpenAI-human-review-2026-08-28,"Human review: XML-stem image is the same underlying source scene as declared 485.jpg, but appears as a photometric/processing variant. Primary/secondary annotations support the same scene. exact_reuse_signature=True; thumbnail_corr=0.9194. Exclude from the core dataset to preserve source-scene independence.",figures/phase2/identity_review/index.csv#929,568c00e99f5ca8d205c5b48b3c058ca8f3b93d2e4de9986ec7d01af75b33babb,wtbd-curation-v1
930,930.jpg,930.xml,930.xml,49.jpg,49.jpg,train,,none,annotation_reused_from_other_image,exclude,,unique,,False,annotation_reused,completed,OpenAI-human-review-2026-08-28,"Human review: XML-stem image is the same underlying source scene as declared 49.jpg, but appears as a photometric/processing variant. Primary/secondary annotations support the same scene. exact_reuse_signature=True; thumbnail_corr=0.8778. Exclude from the core dataset to preserve source-scene independence.",figures/phase2/identity_review/index.csv#930,568c00e99f5ca8d205c5b48b3c058ca8f3b93d2e4de9986ec7d01af75b33babb,wtbd-curation-v1
931,931.jpg,931.xml,931.xml,490.jpg,490.jpg,train,,none,annotation_reused_from_other_image,exclude,,unique,,False,annotation_reused,completed,OpenAI-human-review-2026-08-28,"Human review: XML-stem image is the same underlying source scene as declared 490.jpg, but appears as a photometric/processing variant. Primary/secondary annotations support the same scene. exact_reuse_signature=True; thumbnail_corr=1.0000. Exclude from the core dataset to preserve source-scene independence.",figures/phase2/identity_review/index.csv#931,568c00e99f5ca8d205c5b48b3c058ca8f3b93d2e4de9986ec7d01af75b33babb,wtbd-curation-v1
932,932.jpg,932.xml,932.xml,932.jpg,932.jpg,train,932.jpg,primary,consistent,primary_confirmed,,unique,train,True,none,not_required,,,data/metadata/wtbd/second_annotator_comparison.csv,568c00e99f5ca8d205c5b48b3c058ca8f3b93d2e4de9986ec7d01af75b33babb,wtbd-curation-v1
933,933.jpg,933.xml,933.xml,492.jpg,492.jpg,train,,none,annotation_reused_from_other_image,exclude,,near_duplicate_review,,False,annotation_reused,completed,OpenAI-human-review-2026-08-28,"Human review: XML-stem image is the same underlying source scene as declared 492.jpg, but appears as a photometric/processing variant. Primary/secondary annotations support the same scene. exact_reuse_signature=True; thumbnail_corr=0.9987. Exclude from the core dataset to preserve source-scene independence.",figures/phase2/identity_review/index.csv#933,568c00e99f5ca8d205c5b48b3c058ca8f3b93d2e4de9986ec7d01af75b33babb,wtbd-curation-v1
934,934.jpg,934.xml,934.xml,499.jpg,499.jpg,train,,none,annotation_reused_from_other_image,exclude,,unique,,False,annotation_reused,completed,OpenAI-human-review-2026-08-28,"Human review: XML-stem image is the same underlying source scene as declared 499.jpg, but appears as a photometric/processing variant. Primary/secondary annotations support the same scene. exact_reuse_signature=True; thumbnail_corr=0.9956. Exclude from the core dataset to preserve source-scene independence.",figures/phase2/identity_review/index.csv#934,568c00e99f5ca8d205c5b48b3c058ca8f3b93d2e4de9986ec7d01af75b33babb,wtbd-curation-v1
935,935.jpg,935.xml,935.xml,5.jpg,5.jpg,test,,none,annotation_reused_from_other_image,exclude,,unique,,False,annotation_reused,completed,OpenAI-human-review-2026-08-28,"Human review: XML-stem image is the same underlying source scene as declared 5.jpg, but appears as a photometric/processing variant. Primary/secondary annotations support the same scene. exact_reuse_signature=True; thumbnail_corr=0.9708. Exclude from the core dataset to preserve source-scene independence.",figures/phase2/identity_review/index.csv#935,568c00e99f5ca8d205c5b48b3c058ca8f3b93d2e4de9986ec7d01af75b33babb,wtbd-curation-v1
936,936.jpg,936.xml,936.xml,504.jpg,504.jpg,test,,none,annotation_reused_from_other_image,exclude,,unique,,False,annotation_reused,completed,OpenAI-human-review-2026-08-28,"Human review: XML-stem image is the same underlying source scene as declared 504.jpg, but appears as a photometric/processing variant. Primary/secondary annotations support the same scene. exact_reuse_signature=True; thumbnail_corr=0.9989. Exclude from the core dataset to preserve source-scene independence.",figures/phase2/identity_review/index.csv#936,568c00e99f5ca8d205c5b48b3c058ca8f3b93d2e4de9986ec7d01af75b33babb,wtbd-curation-v1
937,937.jpg,937.xml,937.xml,505.jpg,505.jpg,train,,none,annotation_reused_from_other_image,exclude,,near_duplicate_review,,False,annotation_reused,completed,OpenAI-human-review-2026-08-28,"Human review: XML-stem image is the same underlying source scene as declared 505.jpg, but appears as a photometric/processing variant. Primary/secondary annotations support the same scene. exact_reuse_signature=True; thumbnail_corr=0.9409. Exclude from the core dataset to preserve source-scene independence.",figures/phase2/identity_review/index.csv#937,568c00e99f5ca8d205c5b48b3c058ca8f3b93d2e4de9986ec7d01af75b33babb,wtbd-curation-v1
938,938.jpg,938.xml,938.xml,509.jpg,509.jpg,train,,none,annotation_reused_from_other_image,exclude,,unique,,False,annotation_reused,completed,OpenAI-human-review-2026-08-28,"Human review: XML-stem image is the same underlying source scene as declared 509.jpg, but appears as a photometric/processing variant. Primary/secondary annotations support the same scene. exact_reuse_signature=True; thumbnail_corr=0.9516. Exclude from the core dataset to preserve source-scene independence.",figures/phase2/identity_review/index.csv#938,568c00e99f5ca8d205c5b48b3c058ca8f3b93d2e4de9986ec7d01af75b33babb,wtbd-curation-v1
939,939.jpg,939.xml,939.xml,513.jpg,513.jpg,train,,none,annotation_reused_from_other_image,exclude,,unique,,False,annotation_reused,completed,OpenAI-human-review-2026-08-28,"Human review: XML-stem image is the same underlying source scene as declared 513.jpg, but appears as a photometric/processing variant. Primary/secondary annotations support the same scene. exact_reuse_signature=True; thumbnail_corr=0.8321. Exclude from the core dataset to preserve source-scene independence.",figures/phase2/identity_review/index.csv#939,568c00e99f5ca8d205c5b48b3c058ca8f3b93d2e4de9986ec7d01af75b33babb,wtbd-curation-v1
940,940.jpg,940.xml,940.xml,514.jpg,514.jpg,test,,none,annotation_reused_from_other_image,exclude,,unique,,False,annotation_reused,completed,OpenAI-human-review-2026-08-28,"Human review: XML-stem image is the same underlying source scene as declared 514.jpg, but appears as a photometric/processing variant. Primary/secondary annotations support the same scene. exact_reuse_signature=True; thumbnail_corr=0.9942. Exclude from the core dataset to preserve source-scene independence.",figures/phase2/identity_review/index.csv#940,568c00e99f5ca8d205c5b48b3c058ca8f3b93d2e4de9986ec7d01af75b33babb,wtbd-curation-v1
941,941.jpg,941.xml,941.xml,515.jpg,515.jpg,validation,,none,annotation_reused_from_other_image,exclude,,unique,,False,annotation_reused,completed,OpenAI-human-review-2026-08-28,"Human review: XML-stem image is the same underlying source scene as declared 515.jpg, but appears as a photometric/processing variant. Primary/secondary annotations support the same scene. exact_reuse_signature=True; thumbnail_corr=0.9852. Exclude from the core dataset to preserve source-scene independence.",figures/phase2/identity_review/index.csv#941,568c00e99f5ca8d205c5b48b3c058ca8f3b93d2e4de9986ec7d01af75b33babb,wtbd-curation-v1
942,942.jpg,942.xml,942.xml,516.jpg,516.jpg,train,,none,annotation_reused_from_other_image,exclude,,near_duplicate_review,,False,annotation_reused,completed,OpenAI-human-review-2026-08-28,"Human review: XML-stem image is the same underlying source scene as declared 516.jpg, but appears as a photometric/processing variant. Primary/secondary annotations support the same scene. exact_reuse_signature=True; thumbnail_corr=0.9840. Exclude from the core dataset to preserve source-scene independence.",figures/phase2/identity_review/index.csv#942,568c00e99f5ca8d205c5b48b3c058ca8f3b93d2e4de9986ec7d01af75b33babb,wtbd-curation-v1
943,943.jpg,943.xml,943.xml,52.jpg,52.jpg,train,,none,annotation_reused_from_other_image,exclude,,unique,,False,annotation_reused,completed,OpenAI-human-review-2026-08-28,"Human review: XML-stem image is the same underlying source scene as declared 52.jpg, but appears as a photometric/processing variant. Primary/secondary annotations support the same scene. exact_reuse_signature=True; thumbnail_corr=0.9152. Exclude from the core dataset to preserve source-scene independence.",figures/phase2/identity_review/index.csv#943,568c00e99f5ca8d205c5b48b3c058ca8f3b93d2e4de9986ec7d01af75b33babb,wtbd-curation-v1
944,944.jpg,944.xml,944.xml,522.jpg,522.jpg,train,,none,annotation_reused_from_other_image,exclude,,near_duplicate_review,,False,annotation_reused,completed,OpenAI-human-review-2026-08-28,"Human review: XML-stem image is the same underlying source scene as declared 522.jpg, but appears as a photometric/processing variant. Primary/secondary annotations support the same scene. exact_reuse_signature=True; thumbnail_corr=0.9892. Exclude from the core dataset to preserve source-scene independence.",figures/phase2/identity_review/index.csv#944,568c00e99f5ca8d205c5b48b3c058ca8f3b93d2e4de9986ec7d01af75b33babb,wtbd-curation-v1
945,945.jpg,945.xml,945.xml,945.jpg,945.jpg,train,945.jpg,primary,consistent,primary_confirmed,,unique,train,True,none,not_required,,,data/metadata/wtbd/second_annotator_comparison.csv,568c00e99f5ca8d205c5b48b3c058ca8f3b93d2e4de9986ec7d01af75b33babb,wtbd-curation-v1
946,946.jpg,946.xml,946.xml,528.jpg,528.jpg,train,,none,annotation_reused_from_other_image,exclude,,unique,,False,annotation_reused,completed,OpenAI-human-review-2026-08-28,"Human review: XML-stem image is the same underlying source scene as declared 528.jpg, but appears as a photometric/processing variant. Primary/secondary annotations support the same scene. exact_reuse_signature=True; thumbnail_corr=0.9470. Exclude from the core dataset to preserve source-scene independence.",figures/phase2/identity_review/index.csv#946,568c00e99f5ca8d205c5b48b3c058ca8f3b93d2e4de9986ec7d01af75b33babb,wtbd-curation-v1
947,947.jpg,947.xml,947.xml,529.jpg,529.jpg,test,,none,annotation_reused_from_other_image,exclude,,near_duplicate_review,,False,annotation_reused,completed,OpenAI-human-review-2026-08-28,"Human review: XML-stem image is the same underlying source scene as declared 529.jpg, but appears as a photometric/processing variant. Primary/secondary annotations support the same scene. exact_reuse_signature=True; thumbnail_corr=0.9999. Exclude from the core dataset to preserve source-scene independence.",figures/phase2/identity_review/index.csv#947,568c00e99f5ca8d205c5b48b3c058ca8f3b93d2e4de9986ec7d01af75b33babb,wtbd-curation-v1
948,948.jpg,948.xml,948.xml,531.jpg,531.jpg,train,,none,annotation_reused_from_other_image,exclude,,near_duplicate_review,,False,annotation_reused,completed,OpenAI-human-review-2026-08-28,"Human review: XML-stem image is the same underlying source scene as declared 531.jpg, but appears as a photometric/processing variant. Primary/secondary annotations support the same scene. exact_reuse_signature=True; thumbnail_corr=0.9978. Exclude from the core dataset to preserve source-scene independence.",figures/phase2/identity_review/index.csv#948,568c00e99f5ca8d205c5b48b3c058ca8f3b93d2e4de9986ec7d01af75b33babb,wtbd-curation-v1
949,949.jpg,949.xml,949.xml,532.jpg,532.jpg,train,,none,annotation_reused_from_other_image,exclude,,unique,,False,annotation_reused,completed,OpenAI-human-review-2026-08-28,"Human review: XML-stem image is the same underlying source scene as declared 532.jpg, but appears as a photometric/processing variant. Primary/secondary annotations support the same scene. exact_reuse_signature=True; thumbnail_corr=0.9954. Exclude from the core dataset to preserve source-scene independence.",figures/phase2/identity_review/index.csv#949,568c00e99f5ca8d205c5b48b3c058ca8f3b93d2e4de9986ec7d01af75b33babb,wtbd-curation-v1
950,950.jpg,950.xml,950.xml,535.jpg,535.jpg,train,,none,annotation_reused_from_other_image,exclude,,unique,,False,annotation_reused,completed,OpenAI-human-review-2026-08-28,"Human review: XML-stem image is the same underlying source scene as declared 535.jpg, but appears as a photometric/processing variant. Primary/secondary annotations support the same scene. exact_reuse_signature=True; thumbnail_corr=0.9999. Exclude from the core dataset to preserve source-scene independence.",figures/phase2/identity_review/index.csv#950,568c00e99f5ca8d205c5b48b3c058ca8f3b93d2e4de9986ec7d01af75b33babb,wtbd-curation-v1
951,951.jpg,951.xml,951.xml,540.jpg,540.jpg,train,,none,annotation_reused_from_other_image,exclude,,near_duplicate_review,,False,annotation_reused,completed,OpenAI-human-review-2026-08-28,"Human review: XML-stem image is the same underlying source scene as declared 540.jpg, but appears as a photometric/processing variant. Primary/secondary annotations support the same scene. exact_reuse_signature=False; thumbnail_corr=0.8827. Exclude from the core dataset to preserve source-scene independence.",figures/phase2/identity_review/index.csv#951,568c00e99f5ca8d205c5b48b3c058ca8f3b93d2e4de9986ec7d01af75b33babb,wtbd-curation-v1
952,952.jpg,952.xml,952.xml,543.jpg,543.jpg,train,,none,annotation_reused_from_other_image,exclude,,unique,,False,annotation_reused,completed,OpenAI-human-review-2026-08-28,"Human review: XML-stem image is the same underlying source scene as declared 543.jpg, but appears as a photometric/processing variant. Primary/secondary annotations support the same scene. exact_reuse_signature=False; thumbnail_corr=0.8224. Exclude from the core dataset to preserve source-scene independence.",figures/phase2/identity_review/index.csv#952,568c00e99f5ca8d205c5b48b3c058ca8f3b93d2e4de9986ec7d01af75b33babb,wtbd-curation-v1
953,953.jpg,953.xml,953.xml,544.jpg,544.jpg,validation,,none,annotation_reused_from_other_image,exclude,,near_duplicate_review,,False,annotation_reused,completed,OpenAI-human-review-2026-08-28,"Human review: XML-stem image is the same underlying source scene as declared 544.jpg, but appears as a photometric/processing variant. Primary/secondary annotations support the same scene. exact_reuse_signature=True; thumbnail_corr=0.9986. Exclude from the core dataset to preserve source-scene independence.",figures/phase2/identity_review/index.csv#953,568c00e99f5ca8d205c5b48b3c058ca8f3b93d2e4de9986ec7d01af75b33babb,wtbd-curation-v1
954,954.jpg,954.xml,954.xml,547.jpg,547.jpg,validation,,none,annotation_reused_from_other_image,exclude,,near_duplicate_review,,False,annotation_reused,completed,OpenAI-human-review-2026-08-28,"Human review: XML-stem image is the same underlying source scene as declared 547.jpg, but appears as a photometric/processing variant. Primary/secondary annotations support the same scene. exact_reuse_signature=True; thumbnail_corr=0.9113. Exclude from the core dataset to preserve source-scene independence.",figures/phase2/identity_review/index.csv#954,568c00e99f5ca8d205c5b48b3c058ca8f3b93d2e4de9986ec7d01af75b33babb,wtbd-curation-v1
955,955.jpg,955.xml,955.xml,955.jpg,955.jpg,validation,955.jpg,primary,consistent,primary_confirmed,,unique,validation,True,none,not_required,,,data/metadata/wtbd/second_annotator_comparison.csv,568c00e99f5ca8d205c5b48b3c058ca8f3b93d2e4de9986ec7d01af75b33babb,wtbd-curation-v1
956,956.jpg,956.xml,956.xml,956.jpg,956.jpg,validation,956.jpg,primary,consistent,primary_confirmed,scene-042,near_duplicate_same_scene,,False,near_duplicate_same_scene_redundant,not_required,,,data/metadata/wtbd/second_annotator_comparison.csv,568c00e99f5ca8d205c5b48b3c058ca8f3b93d2e4de9986ec7d01af75b33babb,wtbd-curation-v1
957,957.jpg,957.xml,957.xml,554.jpg,554.jpg,train,,none,annotation_reused_from_other_image,exclude,,near_duplicate_review,,False,annotation_reused,completed,OpenAI-human-review-2026-08-28,"Human review: XML-stem image is the same underlying source scene as declared 554.jpg, but appears as a photometric/processing variant. Primary/secondary annotations support the same scene. exact_reuse_signature=True; thumbnail_corr=0.9998. Exclude from the core dataset to preserve source-scene independence.",figures/phase2/identity_review/index.csv#957,568c00e99f5ca8d205c5b48b3c058ca8f3b93d2e4de9986ec7d01af75b33babb,wtbd-curation-v1
958,958.jpg,958.xml,958.xml,557.jpg,557.jpg,train,,none,annotation_reused_from_other_image,exclude,,near_duplicate_review,,False,annotation_reused,completed,OpenAI-human-review-2026-08-28,"Human review: XML-stem image is the same underlying source scene as declared 557.jpg, but appears as a photometric/processing variant. Primary/secondary annotations support the same scene. exact_reuse_signature=True; thumbnail_corr=0.9950. Exclude from the core dataset to preserve source-scene independence.",figures/phase2/identity_review/index.csv#958,568c00e99f5ca8d205c5b48b3c058ca8f3b93d2e4de9986ec7d01af75b33babb,wtbd-curation-v1
959,959.jpg,959.xml,959.xml,561.jpg,561.jpg,test,,none,annotation_reused_from_other_image,exclude,,unique,,False,annotation_reused,completed,OpenAI-human-review-2026-08-28,"Human review: XML-stem image is the same underlying source scene as declared 561.jpg, but appears as a photometric/processing variant. Primary/secondary annotations support the same scene. exact_reuse_signature=True; thumbnail_corr=0.8249. Exclude from the core dataset to preserve source-scene independence.",figures/phase2/identity_review/index.csv#959,568c00e99f5ca8d205c5b48b3c058ca8f3b93d2e4de9986ec7d01af75b33babb,wtbd-curation-v1
960,960.jpg,960.xml,960.xml,562.jpg,562.jpg,train,,none,annotation_reused_from_other_image,exclude,,unique,,False,annotation_reused,completed,OpenAI-human-review-2026-08-28,"Human review: XML-stem image is the same underlying source scene as declared 562.jpg, but appears as a photometric/processing variant. Primary/secondary annotations support the same scene. exact_reuse_signature=True; thumbnail_corr=0.7481. Exclude from the core dataset to preserve source-scene independence.",figures/phase2/identity_review/index.csv#960,568c00e99f5ca8d205c5b48b3c058ca8f3b93d2e4de9986ec7d01af75b33babb,wtbd-curation-v1
961,961.jpg,961.xml,961.xml,565.jpg,565.jpg,train,,none,annotation_reused_from_other_image,exclude,,unique,,False,annotation_reused,completed,OpenAI-human-review-2026-08-28,"Human review: XML-stem image is the same underlying source scene as declared 565.jpg, but appears as a photometric/processing variant. Primary/secondary annotations support the same scene. exact_reuse_signature=True; thumbnail_corr=0.9609. Exclude from the core dataset to preserve source-scene independence.",figures/phase2/identity_review/index.csv#961,568c00e99f5ca8d205c5b48b3c058ca8f3b93d2e4de9986ec7d01af75b33babb,wtbd-curation-v1
962,962.jpg,962.xml,962.xml,566.jpg,566.jpg,validation,,none,annotation_reused_from_other_image,exclude,,near_duplicate_review,,False,annotation_reused,completed,OpenAI-human-review-2026-08-28,"Human review: XML-stem image is the same underlying source scene as declared 566.jpg, but appears as a photometric/processing variant. Primary/secondary annotations support the same scene. exact_reuse_signature=True; thumbnail_corr=0.9820. Exclude from the core dataset to preserve source-scene independence.",figures/phase2/identity_review/index.csv#962,568c00e99f5ca8d205c5b48b3c058ca8f3b93d2e4de9986ec7d01af75b33babb,wtbd-curation-v1
963,963.jpg,963.xml,963.xml,963.jpg,963.jpg,train,963.jpg,primary,consistent,primary_confirmed,,near_duplicate_review,train,True,none,not_required,,,data/metadata/wtbd/second_annotator_comparison.csv,568c00e99f5ca8d205c5b48b3c058ca8f3b93d2e4de9986ec7d01af75b33babb,wtbd-curation-v1
964,964.jpg,964.xml,964.xml,570.jpg,570.jpg,validation,,none,annotation_reused_from_other_image,exclude,,unique,,False,annotation_reused,completed,OpenAI-human-review-2026-08-28,"Human review: XML-stem image is the same underlying source scene as declared 570.jpg, but appears as a photometric/processing variant. Primary/secondary annotations support the same scene. exact_reuse_signature=True; thumbnail_corr=0.9300. Exclude from the core dataset to preserve source-scene independence.",figures/phase2/identity_review/index.csv#964,568c00e99f5ca8d205c5b48b3c058ca8f3b93d2e4de9986ec7d01af75b33babb,wtbd-curation-v1
965,965.jpg,965.xml,965.xml,965.jpg,965.jpg,train,965.jpg,primary,consistent,primary_confirmed,,near_duplicate_review,train,True,none,not_required,,,data/metadata/wtbd/second_annotator_comparison.csv,568c00e99f5ca8d205c5b48b3c058ca8f3b93d2e4de9986ec7d01af75b33babb,wtbd-curation-v1
966,966.jpg,966.xml,966.xml,576.jpg,576.jpg,train,,none,annotation_reused_from_other_image,exclude,,unique,,False,annotation_reused,completed,OpenAI-human-review-2026-08-28,"Human review: XML-stem image is the same underlying source scene as declared 576.jpg, but appears as a photometric/processing variant. Primary/secondary annotations support the same scene. exact_reuse_signature=True; thumbnail_corr=0.6120. Exclude from the core dataset to preserve source-scene independence.",figures/phase2/identity_review/index.csv#966,568c00e99f5ca8d205c5b48b3c058ca8f3b93d2e4de9986ec7d01af75b33babb,wtbd-curation-v1
967,967.jpg,967.xml,967.xml,577.jpg,577.jpg,train,,none,annotation_reused_from_other_image,exclude,,unique,,False,annotation_reused,completed,OpenAI-human-review-2026-08-28,"Human review: XML-stem image is the same underlying source scene as declared 577.jpg, but appears as a photometric/processing variant. Primary/secondary annotations support the same scene. exact_reuse_signature=True; thumbnail_corr=0.9811. Exclude from the core dataset to preserve source-scene independence.",figures/phase2/identity_review/index.csv#967,568c00e99f5ca8d205c5b48b3c058ca8f3b93d2e4de9986ec7d01af75b33babb,wtbd-curation-v1
968,968.jpg,968.xml,968.xml,968.jpg,968.jpg,train,968.jpg,primary,consistent,primary_confirmed,scene-047,near_duplicate_same_scene,,False,near_duplicate_same_scene_redundant,not_required,,,data/metadata/wtbd/second_annotator_comparison.csv,568c00e99f5ca8d205c5b48b3c058ca8f3b93d2e4de9986ec7d01af75b33babb,wtbd-curation-v1
969,969.jpg,969.xml,969.xml,969.jpg,969.jpg,train,969.jpg,primary,consistent,primary_confirmed,,unique,train,True,none,not_required,,,data/metadata/wtbd/second_annotator_comparison.csv,568c00e99f5ca8d205c5b48b3c058ca8f3b93d2e4de9986ec7d01af75b33babb,wtbd-curation-v1
970,970.jpg,970.xml,970.xml,580.jpg,580.jpg,train,,none,annotation_reused_from_other_image,exclude,,near_duplicate_review,,False,annotation_reused,completed,OpenAI-human-review-2026-08-28,"Human review: XML-stem image is the same underlying source scene as declared 580.jpg, but appears as a photometric/processing variant. Primary/secondary annotations support the same scene. exact_reuse_signature=True; thumbnail_corr=0.9999. Exclude from the core dataset to preserve source-scene independence.",figures/phase2/identity_review/index.csv#970,568c00e99f5ca8d205c5b48b3c058ca8f3b93d2e4de9986ec7d01af75b33babb,wtbd-curation-v1
971,971.jpg,971.xml,971.xml,581.jpg,581.jpg,test,,none,annotation_reused_from_other_image,exclude,,unique,,False,annotation_reused,completed,OpenAI-human-review-2026-08-28,"Human review: XML-stem image is the same underlying source scene as declared 581.jpg, but appears as a photometric/processing variant. Primary/secondary annotations support the same scene. exact_reuse_signature=True; thumbnail_corr=0.9999. Exclude from the core dataset to preserve source-scene independence.",figures/phase2/identity_review/index.csv#971,568c00e99f5ca8d205c5b48b3c058ca8f3b93d2e4de9986ec7d01af75b33babb,wtbd-curation-v1
972,972.jpg,972.xml,972.xml,588.jpg,588.jpg,train,,none,annotation_reused_from_other_image,exclude,,unique,,False,annotation_reused,completed,OpenAI-human-review-2026-08-28,"Human review: XML-stem image is the same underlying source scene as declared 588.jpg, but appears as a photometric/processing variant. Primary/secondary annotations support the same scene. exact_reuse_signature=True; thumbnail_corr=0.9994. Exclude from the core dataset to preserve source-scene independence.",figures/phase2/identity_review/index.csv#972,568c00e99f5ca8d205c5b48b3c058ca8f3b93d2e4de9986ec7d01af75b33babb,wtbd-curation-v1
973,973.jpg,973.xml,973.xml,589.jpg,589.jpg,train,,none,annotation_reused_from_other_image,exclude,,near_duplicate_review,,False,annotation_reused,completed,OpenAI-human-review-2026-08-28,"Human review: XML-stem image is the same underlying source scene as declared 589.jpg, but appears as a photometric/processing variant. Primary/secondary annotations support the same scene. exact_reuse_signature=True; thumbnail_corr=0.9441. Exclude from the core dataset to preserve source-scene independence.",figures/phase2/identity_review/index.csv#973,568c00e99f5ca8d205c5b48b3c058ca8f3b93d2e4de9986ec7d01af75b33babb,wtbd-curation-v1
974,974.jpg,974.xml,974.xml,974.jpg,974.jpg,train,974.jpg,primary,consistent,primary_confirmed,scene-048,near_duplicate_same_scene,,False,near_duplicate_same_scene_redundant,not_required,,,data/metadata/wtbd/second_annotator_comparison.csv,568c00e99f5ca8d205c5b48b3c058ca8f3b93d2e4de9986ec7d01af75b33babb,wtbd-curation-v1
975,975.jpg,975.xml,975.xml,595.jpg,595.jpg,train,,none,annotation_reused_from_other_image,exclude,,unique,,False,annotation_reused,completed,OpenAI-human-review-2026-08-28,"Human review: XML-stem image is the same underlying source scene as declared 595.jpg, but appears as a photometric/processing variant. Primary/secondary annotations support the same scene. exact_reuse_signature=True; thumbnail_corr=0.9892. Exclude from the core dataset to preserve source-scene independence.",figures/phase2/identity_review/index.csv#975,568c00e99f5ca8d205c5b48b3c058ca8f3b93d2e4de9986ec7d01af75b33babb,wtbd-curation-v1
976,976.jpg,976.xml,976.xml,596.jpg,596.jpg,train,,none,annotation_reused_from_other_image,exclude,,unique,,False,annotation_reused,completed,OpenAI-human-review-2026-08-28,"Human review: XML-stem image is the same underlying source scene as declared 596.jpg, but appears as a photometric/processing variant. Primary/secondary annotations support the same scene. exact_reuse_signature=True; thumbnail_corr=0.9968. Exclude from the core dataset to preserve source-scene independence.",figures/phase2/identity_review/index.csv#976,568c00e99f5ca8d205c5b48b3c058ca8f3b93d2e4de9986ec7d01af75b33babb,wtbd-curation-v1
977,977.jpg,977.xml,977.xml,598.jpg,598.jpg,train,,none,annotation_reused_from_other_image,exclude,,unique,,False,annotation_reused,completed,OpenAI-human-review-2026-08-28,"Human review: XML-stem image is the same underlying source scene as declared 598.jpg, but appears as a photometric/processing variant. Primary/secondary annotations support the same scene. exact_reuse_signature=True; thumbnail_corr=0.9033. Exclude from the core dataset to preserve source-scene independence.",figures/phase2/identity_review/index.csv#977,568c00e99f5ca8d205c5b48b3c058ca8f3b93d2e4de9986ec7d01af75b33babb,wtbd-curation-v1
978,978.jpg,978.xml,978.xml,599.jpg,599.jpg,validation,,none,annotation_reused_from_other_image,exclude,,unique,,False,annotation_reused,completed,OpenAI-human-review-2026-08-28,"Human review: XML-stem image is the same underlying source scene as declared 599.jpg, but appears as a photometric/processing variant. Primary/secondary annotations support the same scene. exact_reuse_signature=True; thumbnail_corr=0.7829. Exclude from the core dataset to preserve source-scene independence.",figures/phase2/identity_review/index.csv#978,568c00e99f5ca8d205c5b48b3c058ca8f3b93d2e4de9986ec7d01af75b33babb,wtbd-curation-v1
979,979.jpg,979.xml,979.xml,6.jpg,6.jpg,train,,none,annotation_reused_from_other_image,exclude,,near_duplicate_review,,False,annotation_reused,completed,OpenAI-human-review-2026-08-28,"Human review: XML-stem image is the same underlying source scene as declared 6.jpg, but appears as a photometric/processing variant. Primary/secondary annotations support the same scene. exact_reuse_signature=True; thumbnail_corr=0.9975. Exclude from the core dataset to preserve source-scene independence.",figures/phase2/identity_review/index.csv#979,568c00e99f5ca8d205c5b48b3c058ca8f3b93d2e4de9986ec7d01af75b33babb,wtbd-curation-v1
980,980.jpg,980.xml,980.xml,980.jpg,980.jpg,train,980.jpg,primary,consistent,primary_confirmed,,unique,train,True,none,not_required,,,data/metadata/wtbd/second_annotator_comparison.csv,568c00e99f5ca8d205c5b48b3c058ca8f3b93d2e4de9986ec7d01af75b33babb,wtbd-curation-v1
981,981.jpg,981.xml,981.xml,609.jpg,609.jpg,validation,,none,annotation_reused_from_other_image,exclude,,unique,,False,annotation_reused,completed,OpenAI-human-review-2026-08-28,"Human review: XML-stem image is the same underlying source scene as declared 609.jpg, but appears as a photometric/processing variant. Primary/secondary annotations support the same scene. exact_reuse_signature=True; thumbnail_corr=0.7897. Exclude from the core dataset to preserve source-scene independence.",figures/phase2/identity_review/index.csv#981,568c00e99f5ca8d205c5b48b3c058ca8f3b93d2e4de9986ec7d01af75b33babb,wtbd-curation-v1
982,982.jpg,982.xml,982.xml,612.jpg,612.jpg,train,,none,annotation_reused_from_other_image,exclude,,near_duplicate_review,,False,annotation_reused,completed,OpenAI-human-review-2026-08-28,"Human review: XML-stem image is the same underlying source scene as declared 612.jpg, but appears as a photometric/processing variant. Primary/secondary annotations support the same scene. exact_reuse_signature=True; thumbnail_corr=0.9814. Exclude from the core dataset to preserve source-scene independence.",figures/phase2/identity_review/index.csv#982,568c00e99f5ca8d205c5b48b3c058ca8f3b93d2e4de9986ec7d01af75b33babb,wtbd-curation-v1
983,983.jpg,983.xml,983.xml,613.jpg,613.jpg,train,,none,annotation_reused_from_other_image,exclude,,near_duplicate_review,,False,annotation_reused,completed,OpenAI-human-review-2026-08-28,"Human review: XML-stem image is the same underlying source scene as declared 613.jpg, but appears as a photometric/processing variant. Primary/secondary annotations support the same scene. exact_reuse_signature=True; thumbnail_corr=0.9908. Exclude from the core dataset to preserve source-scene independence.",figures/phase2/identity_review/index.csv#983,568c00e99f5ca8d205c5b48b3c058ca8f3b93d2e4de9986ec7d01af75b33babb,wtbd-curation-v1
984,984.jpg,984.xml,984.xml,984.jpg,984.jpg,train,984.jpg,primary,consistent,primary_confirmed,,near_duplicate_review,train,True,none,not_required,,,data/metadata/wtbd/second_annotator_comparison.csv,568c00e99f5ca8d205c5b48b3c058ca8f3b93d2e4de9986ec7d01af75b33babb,wtbd-curation-v1
985,985.jpg,985.xml,985.xml,618.jpg,618.jpg,validation,,none,annotation_reused_from_other_image,exclude,,unique,,False,annotation_reused,completed,OpenAI-human-review-2026-08-28,"Human review: XML-stem image is the same underlying source scene as declared 618.jpg, but appears as a photometric/processing variant. Primary/secondary annotations support the same scene. exact_reuse_signature=True; thumbnail_corr=0.9869. Exclude from the core dataset to preserve source-scene independence.",figures/phase2/identity_review/index.csv#985,568c00e99f5ca8d205c5b48b3c058ca8f3b93d2e4de9986ec7d01af75b33babb,wtbd-curation-v1
986,986.jpg,986.xml,986.xml,986.jpg,986.jpg,train,986.jpg,primary,consistent,primary_confirmed,,unique,train,True,none,not_required,,,data/metadata/wtbd/second_annotator_comparison.csv,568c00e99f5ca8d205c5b48b3c058ca8f3b93d2e4de9986ec7d01af75b33babb,wtbd-curation-v1
987,987.jpg,987.xml,987.xml,62.jpg,62.jpg,train,,none,annotation_reused_from_other_image,exclude,,unique,,False,annotation_reused,completed,OpenAI-human-review-2026-08-28,"Human review: XML-stem image is the same underlying source scene as declared 62.jpg, but appears as a photometric/processing variant. Primary/secondary annotations support the same scene. exact_reuse_signature=False; thumbnail_corr=0.3792. Exclude from the core dataset to preserve source-scene independence.",figures/phase2/identity_review/index.csv#987,568c00e99f5ca8d205c5b48b3c058ca8f3b93d2e4de9986ec7d01af75b33babb,wtbd-curation-v1
988,988.jpg,988.xml,988.xml,620.jpg,620.jpg,train,,none,annotation_reused_from_other_image,exclude,,unique,,False,annotation_reused,completed,OpenAI-human-review-2026-08-28,"Human review: XML-stem image is the same underlying source scene as declared 620.jpg, but appears as a photometric/processing variant. Primary/secondary annotations support the same scene. exact_reuse_signature=True; thumbnail_corr=0.9990. Exclude from the core dataset to preserve source-scene independence.",figures/phase2/identity_review/index.csv#988,568c00e99f5ca8d205c5b48b3c058ca8f3b93d2e4de9986ec7d01af75b33babb,wtbd-curation-v1
989,989.jpg,989.xml,989.xml,621.jpg,621.jpg,train,,none,annotation_reused_from_other_image,exclude,,unique,,False,annotation_reused,completed,OpenAI-human-review-2026-08-28,"Human review: XML-stem image is the same underlying source scene as declared 621.jpg, but appears as a photometric/processing variant. Primary/secondary annotations support the same scene. exact_reuse_signature=True; thumbnail_corr=0.9894. Exclude from the core dataset to preserve source-scene independence.",figures/phase2/identity_review/index.csv#989,568c00e99f5ca8d205c5b48b3c058ca8f3b93d2e4de9986ec7d01af75b33babb,wtbd-curation-v1
990,990.jpg,990.xml,990.xml,624.jpg,624.jpg,train,,none,annotation_reused_from_other_image,exclude,,near_duplicate_review,,False,annotation_reused,completed,OpenAI-human-review-2026-08-28,"Human review: XML-stem image is the same underlying source scene as declared 624.jpg, but appears as a photometric/processing variant. Primary/secondary annotations support the same scene. exact_reuse_signature=True; thumbnail_corr=0.6687. Exclude from the core dataset to preserve source-scene independence.",figures/phase2/identity_review/index.csv#990,568c00e99f5ca8d205c5b48b3c058ca8f3b93d2e4de9986ec7d01af75b33babb,wtbd-curation-v1
991,991.jpg,991.xml,991.xml,628.jpg,628.jpg,validation,,none,annotation_reused_from_other_image,exclude,,unique,,False,annotation_reused,completed,OpenAI-human-review-2026-08-28,"Human review: XML-stem image is the same underlying source scene as declared 628.jpg, but appears as a photometric/processing variant. Primary/secondary annotations support the same scene. exact_reuse_signature=True; thumbnail_corr=0.8440. Exclude from the core dataset to preserve source-scene independence.",figures/phase2/identity_review/index.csv#991,568c00e99f5ca8d205c5b48b3c058ca8f3b93d2e4de9986ec7d01af75b33babb,wtbd-curation-v1
992,992.jpg,992.xml,992.xml,992.jpg,992.jpg,train,992.jpg,primary,consistent,primary_confirmed,,unique,train,True,none,not_required,,,data/metadata/wtbd/second_annotator_comparison.csv,568c00e99f5ca8d205c5b48b3c058ca8f3b93d2e4de9986ec7d01af75b33babb,wtbd-curation-v1
993,993.jpg,993.xml,993.xml,630.jpg,630.jpg,train,,none,annotation_reused_from_other_image,exclude,,unique,,False,annotation_reused,completed,OpenAI-human-review-2026-08-28,"Human review: XML-stem image is the same underlying source scene as declared 630.jpg, but appears as a photometric/processing variant. Primary/secondary annotations support the same scene. exact_reuse_signature=True; thumbnail_corr=0.9546. Exclude from the core dataset to preserve source-scene independence.",figures/phase2/identity_review/index.csv#993,568c00e99f5ca8d205c5b48b3c058ca8f3b93d2e4de9986ec7d01af75b33babb,wtbd-curation-v1
994,994.jpg,994.xml,994.xml,632.jpg,632.jpg,train,,none,annotation_reused_from_other_image,exclude,,near_duplicate_review,,False,annotation_reused,completed,OpenAI-human-review-2026-08-28,"Human review: XML-stem image is the same underlying source scene as declared 632.jpg, but appears as a photometric/processing variant. Primary/secondary annotations support the same scene. exact_reuse_signature=False; thumbnail_corr=0.9999. Exclude from the core dataset to preserve source-scene independence.",figures/phase2/identity_review/index.csv#994,568c00e99f5ca8d205c5b48b3c058ca8f3b93d2e4de9986ec7d01af75b33babb,wtbd-curation-v1
995,995.jpg,995.xml,995.xml,636.jpg,636.jpg,train,,none,annotation_reused_from_other_image,exclude,,unique,,False,annotation_reused,completed,OpenAI-human-review-2026-08-28,"Human review: XML-stem image is the same underlying source scene as declared 636.jpg, but appears as a photometric/processing variant. Primary/secondary annotations support the same scene. exact_reuse_signature=True; thumbnail_corr=0.9653. Exclude from the core dataset to preserve source-scene independence.",figures/phase2/identity_review/index.csv#995,568c00e99f5ca8d205c5b48b3c058ca8f3b93d2e4de9986ec7d01af75b33babb,wtbd-curation-v1
996,996.jpg,996.xml,996.xml,637.jpg,637.jpg,train,,none,annotation_reused_from_other_image,exclude,,unique,,False,annotation_reused,completed,OpenAI-human-review-2026-08-28,"Human review: XML-stem image is the same underlying source scene as declared 637.jpg, but appears as a photometric/processing variant. Primary/secondary annotations support the same scene. exact_reuse_signature=True; thumbnail_corr=0.8723. Exclude from the core dataset to preserve source-scene independence.",figures/phase2/identity_review/index.csv#996,568c00e99f5ca8d205c5b48b3c058ca8f3b93d2e4de9986ec7d01af75b33babb,wtbd-curation-v1
997,997.jpg,997.xml,997.xml,997.jpg,997.jpg,train,997.jpg,primary,consistent,primary_confirmed,,unique,train,True,none,not_required,,,data/metadata/wtbd/second_annotator_comparison.csv,568c00e99f5ca8d205c5b48b3c058ca8f3b93d2e4de9986ec7d01af75b33babb,wtbd-curation-v1
998,998.jpg,998.xml,998.xml,998.jpg,998.jpg,train,998.jpg,primary,consistent,primary_confirmed,,unique,train,True,none,not_required,,,data/metadata/wtbd/second_annotator_comparison.csv,568c00e99f5ca8d205c5b48b3c058ca8f3b93d2e4de9986ec7d01af75b33babb,wtbd-curation-v1
999,999.jpg,999.xml,999.xml,640.jpg,640.jpg,test,,none,annotation_reused_from_other_image,exclude,,near_duplicate_review,,False,annotation_reused,completed,OpenAI-human-review-2026-08-28,"Human review: XML-stem image is the same underlying source scene as declared 640.jpg, but appears as a photometric/processing variant. Primary/secondary annotations support the same scene. exact_reuse_signature=True; thumbnail_corr=0.9384. Exclude from the core dataset to preserve source-scene independence.",figures/phase2/identity_review/index.csv#999,568c00e99f5ca8d205c5b48b3c058ca8f3b93d2e4de9986ec7d01af75b33babb,wtbd-curation-v1
1000,1000.jpg,1000.xml,1000.xml,642.jpg,642.jpg,validation,,none,annotation_reused_from_other_image,exclude,,unique,,False,annotation_reused,completed,OpenAI-human-review-2026-08-28,"Human review: XML-stem image is the same underlying source scene as declared 642.jpg, but appears as a photometric/processing variant. Primary/secondary annotations support the same scene. exact_reuse_signature=True; thumbnail_corr=0.9563. Exclude from the core dataset to preserve source-scene independence.",figures/phase2/identity_review/index.csv#1000,568c00e99f5ca8d205c5b48b3c058ca8f3b93d2e4de9986ec7d01af75b33babb,wtbd-curation-v1
1001,1001.jpg,1001.xml,1001.xml,645.jpg,645.jpg,train,,none,annotation_reused_from_other_image,exclude,,near_duplicate_review,,False,annotation_reused,completed,OpenAI-human-review-2026-08-28,"Human review: XML-stem image is the same underlying source scene as declared 645.jpg, but appears as a photometric/processing variant. Primary/secondary annotations support the same scene. exact_reuse_signature=True; thumbnail_corr=0.8412. Exclude from the core dataset to preserve source-scene independence.",figures/phase2/identity_review/index.csv#1001,568c00e99f5ca8d205c5b48b3c058ca8f3b93d2e4de9986ec7d01af75b33babb,wtbd-curation-v1
1002,1002.jpg,1002.xml,1002.xml,1002.jpg,1002.jpg,train,1002.jpg,primary,consistent,primary_confirmed,,unique,train,True,none,not_required,,,data/metadata/wtbd/second_annotator_comparison.csv,568c00e99f5ca8d205c5b48b3c058ca8f3b93d2e4de9986ec7d01af75b33babb,wtbd-curation-v1
1003,1003.jpg,1003.xml,1003.xml,651.jpg,651.jpg,train,,none,annotation_reused_from_other_image,exclude,,near_duplicate_review,,False,annotation_reused,completed,OpenAI-human-review-2026-08-28,"Human review: XML-stem image is the same underlying source scene as declared 651.jpg, but appears as a photometric/processing variant. Primary/secondary annotations support the same scene. exact_reuse_signature=True; thumbnail_corr=0.9968. Exclude from the core dataset to preserve source-scene independence.",figures/phase2/identity_review/index.csv#1003,568c00e99f5ca8d205c5b48b3c058ca8f3b93d2e4de9986ec7d01af75b33babb,wtbd-curation-v1
1004,1004.jpg,1004.xml,1004.xml,1004.jpg,1004.jpg,train,1004.jpg,primary,consistent,primary_confirmed,,unique,train,True,none,not_required,,,data/metadata/wtbd/second_annotator_comparison.csv,568c00e99f5ca8d205c5b48b3c058ca8f3b93d2e4de9986ec7d01af75b33babb,wtbd-curation-v1
1005,1005.jpg,1005.xml,1005.xml,656.jpg,656.jpg,train,,none,annotation_reused_from_other_image,exclude,,near_duplicate_review,,False,annotation_reused,completed,OpenAI-human-review-2026-08-28,"Human review: XML-stem image is the same underlying source scene as declared 656.jpg, but appears as a photometric/processing variant. Primary/secondary annotations support the same scene. exact_reuse_signature=True; thumbnail_corr=0.9997. Exclude from the core dataset to preserve source-scene independence.",figures/phase2/identity_review/index.csv#1005,568c00e99f5ca8d205c5b48b3c058ca8f3b93d2e4de9986ec7d01af75b33babb,wtbd-curation-v1
1006,1006.jpg,1006.xml,1006.xml,659.jpg,659.jpg,train,,none,annotation_reused_from_other_image,exclude,,unique,,False,annotation_reused,completed,OpenAI-human-review-2026-08-28,"Human review: XML-stem image is the same underlying source scene as declared 659.jpg, but appears as a photometric/processing variant. Primary/secondary annotations support the same scene. exact_reuse_signature=True; thumbnail_corr=0.9399. Exclude from the core dataset to preserve source-scene independence.",figures/phase2/identity_review/index.csv#1006,568c00e99f5ca8d205c5b48b3c058ca8f3b93d2e4de9986ec7d01af75b33babb,wtbd-curation-v1
1007,1007.jpg,1007.xml,1007.xml,1007.jpg,1007.jpg,train,1007.jpg,primary,consistent,primary_confirmed,,near_duplicate_review,train,True,none,not_required,,,data/metadata/wtbd/second_annotator_comparison.csv,568c00e99f5ca8d205c5b48b3c058ca8f3b93d2e4de9986ec7d01af75b33babb,wtbd-curation-v1
1008,1008.jpg,1008.xml,1008.xml,1008.jpg,1008.jpg,train,1008.jpg,primary,consistent,primary_confirmed,,near_duplicate_review,train,True,none,not_required,,,data/metadata/wtbd/second_annotator_comparison.csv,568c00e99f5ca8d205c5b48b3c058ca8f3b93d2e4de9986ec7d01af75b33babb,wtbd-curation-v1
1009,1009.jpg,1009.xml,1009.xml,664.jpg,664.jpg,train,,none,annotation_reused_from_other_image,exclude,,unique,,False,annotation_reused,completed,OpenAI-human-review-2026-08-28,"Human review: XML-stem image is the same underlying source scene as declared 664.jpg, but appears as a photometric/processing variant. Primary/secondary annotations support the same scene. exact_reuse_signature=True; thumbnail_corr=0.9995. Exclude from the core dataset to preserve source-scene independence.",figures/phase2/identity_review/index.csv#1009,568c00e99f5ca8d205c5b48b3c058ca8f3b93d2e4de9986ec7d01af75b33babb,wtbd-curation-v1
1010,1010.jpg,1010.xml,1010.xml,1010.jpg,1010.jpg,train,1010.jpg,primary,consistent,primary_confirmed,,unique,train,True,none,not_required,,,data/metadata/wtbd/second_annotator_comparison.csv,568c00e99f5ca8d205c5b48b3c058ca8f3b93d2e4de9986ec7d01af75b33babb,wtbd-curation-v1
1011,1011.jpg,1011.xml,1011.xml,668.jpg,668.jpg,train,,none,annotation_reused_from_other_image,exclude,,unique,,False,annotation_reused,completed,OpenAI-human-review-2026-08-28,"Human review: XML-stem image is the same underlying source scene as declared 668.jpg, but appears as a photometric/processing variant. Primary/secondary annotations support the same scene. exact_reuse_signature=True; thumbnail_corr=0.9964. Exclude from the core dataset to preserve source-scene independence.",figures/phase2/identity_review/index.csv#1011,568c00e99f5ca8d205c5b48b3c058ca8f3b93d2e4de9986ec7d01af75b33babb,wtbd-curation-v1
1012,1012.jpg,1012.xml,1012.xml,67.jpg,67.jpg,train,,none,annotation_reused_from_other_image,exclude,,near_duplicate_review,,False,annotation_reused,completed,OpenAI-human-review-2026-08-28,"Human review: XML-stem image is the same underlying source scene as declared 67.jpg, but appears as a photometric/processing variant. Primary/secondary annotations support the same scene. exact_reuse_signature=True; thumbnail_corr=0.9897. Exclude from the core dataset to preserve source-scene independence.",figures/phase2/identity_review/index.csv#1012,568c00e99f5ca8d205c5b48b3c058ca8f3b93d2e4de9986ec7d01af75b33babb,wtbd-curation-v1
1013,1013.jpg,1013.xml,1013.xml,674.jpg,674.jpg,train,,none,annotation_reused_from_other_image,exclude,,near_duplicate_review,,False,annotation_reused,completed,OpenAI-human-review-2026-08-28,"Human review: XML-stem image is the same underlying source scene as declared 674.jpg, but appears as a photometric/processing variant. Primary/secondary annotations support the same scene. exact_reuse_signature=True; thumbnail_corr=0.9947. Exclude from the core dataset to preserve source-scene independence.",figures/phase2/identity_review/index.csv#1013,568c00e99f5ca8d205c5b48b3c058ca8f3b93d2e4de9986ec7d01af75b33babb,wtbd-curation-v1
1014,1014.jpg,1014.xml,1014.xml,676.jpg,676.jpg,train,,none,annotation_reused_from_other_image,exclude,,unique,,False,annotation_reused,completed,OpenAI-human-review-2026-08-28,"Human review: XML-stem image is the same underlying source scene as declared 676.jpg, but appears as a photometric/processing variant. Primary/secondary annotations support the same scene. exact_reuse_signature=True; thumbnail_corr=0.4198. Exclude from the core dataset to preserve source-scene independence.",figures/phase2/identity_review/index.csv#1014,568c00e99f5ca8d205c5b48b3c058ca8f3b93d2e4de9986ec7d01af75b33babb,wtbd-curation-v1
1015,1015.jpg,1015.xml,1015.xml,679.jpg,679.jpg,validation,,none,annotation_reused_from_other_image,exclude,,unique,,False,annotation_reused,completed,OpenAI-human-review-2026-08-28,"Human review: XML-stem image is the same underlying source scene as declared 679.jpg, but appears as a photometric/processing variant. Primary/secondary annotations support the same scene. exact_reuse_signature=True; thumbnail_corr=0.9955. Exclude from the core dataset to preserve source-scene independence.",figures/phase2/identity_review/index.csv#1015,568c00e99f5ca8d205c5b48b3c058ca8f3b93d2e4de9986ec7d01af75b33babb,wtbd-curation-v1
1016,1016.jpg,1016.xml,1016.xml,680.jpg,680.jpg,train,,none,annotation_reused_from_other_image,exclude,,near_duplicate_review,,False,annotation_reused,completed,OpenAI-human-review-2026-08-28,"Human review: XML-stem image is the same underlying source scene as declared 680.jpg, but appears as a photometric/processing variant. Primary/secondary annotations support the same scene. exact_reuse_signature=True; thumbnail_corr=0.9997. Exclude from the core dataset to preserve source-scene independence.",figures/phase2/identity_review/index.csv#1016,568c00e99f5ca8d205c5b48b3c058ca8f3b93d2e4de9986ec7d01af75b33babb,wtbd-curation-v1
1017,1017.jpg,1017.xml,1017.xml,1017.jpg,1017.jpg,test,1017.jpg,primary,consistent,primary_confirmed,,unique,test,True,none,not_required,,,data/metadata/wtbd/second_annotator_comparison.csv,568c00e99f5ca8d205c5b48b3c058ca8f3b93d2e4de9986ec7d01af75b33babb,wtbd-curation-v1
1018,1018.jpg,1018.xml,1018.xml,683.jpg,683.jpg,train,,none,annotation_reused_from_other_image,exclude,,near_duplicate_review,,False,annotation_reused,completed,OpenAI-human-review-2026-08-28,"Human review: XML-stem image is the same underlying source scene as declared 683.jpg, but appears as a photometric/processing variant. Primary/secondary annotations support the same scene. exact_reuse_signature=True; thumbnail_corr=0.7874. Exclude from the core dataset to preserve source-scene independence.",figures/phase2/identity_review/index.csv#1018,568c00e99f5ca8d205c5b48b3c058ca8f3b93d2e4de9986ec7d01af75b33babb,wtbd-curation-v1
1019,1019.jpg,1019.xml,1019.xml,1019.jpg,1019.jpg,train,1019.jpg,primary,consistent,primary_confirmed,,unique,train,True,none,not_required,,,data/metadata/wtbd/second_annotator_comparison.csv,568c00e99f5ca8d205c5b48b3c058ca8f3b93d2e4de9986ec7d01af75b33babb,wtbd-curation-v1
1020,1020.jpg,1020.xml,1020.xml,687.jpg,687.jpg,train,,none,annotation_reused_from_other_image,exclude,,near_duplicate_review,,False,annotation_reused,completed,OpenAI-human-review-2026-08-28,"Human review: XML-stem image is the same underlying source scene as declared 687.jpg, but appears as a photometric/processing variant. Primary/secondary annotations support the same scene. exact_reuse_signature=True; thumbnail_corr=0.9977. Exclude from the core dataset to preserve source-scene independence.",figures/phase2/identity_review/index.csv#1020,568c00e99f5ca8d205c5b48b3c058ca8f3b93d2e4de9986ec7d01af75b33babb,wtbd-curation-v1
1021,1021.jpg,1021.xml,1021.xml,688.jpg,688.jpg,train,,none,annotation_reused_from_other_image,exclude,,near_duplicate_review,,False,annotation_reused,completed,OpenAI-human-review-2026-08-28,"Human review: XML-stem image is the same underlying source scene as declared 688.jpg, but appears as a photometric/processing variant. Primary/secondary annotations support the same scene. exact_reuse_signature=True; thumbnail_corr=0.9997. Exclude from the core dataset to preserve source-scene independence.",figures/phase2/identity_review/index.csv#1021,568c00e99f5ca8d205c5b48b3c058ca8f3b93d2e4de9986ec7d01af75b33babb,wtbd-curation-v1
1022,1022.jpg,1022.xml,1022.xml,689.jpg,689.jpg,train,,none,annotation_reused_from_other_image,exclude,,near_duplicate_review,,False,annotation_reused,completed,OpenAI-human-review-2026-08-28,"Human review: XML-stem image is the same underlying source scene as declared 689.jpg, but appears as a photometric/processing variant. Primary/secondary annotations support the same scene. exact_reuse_signature=False; thumbnail_corr=0.9987. Exclude from the core dataset to preserve source-scene independence.",figures/phase2/identity_review/index.csv#1022,568c00e99f5ca8d205c5b48b3c058ca8f3b93d2e4de9986ec7d01af75b33babb,wtbd-curation-v1
1023,1023.jpg,1023.xml,1023.xml,690.jpg,690.jpg,train,,none,annotation_reused_from_other_image,exclude,,near_duplicate_review,,False,annotation_reused,completed,OpenAI-human-review-2026-08-28,"Human review: XML-stem image is the same underlying source scene as declared 690.jpg, but appears as a photometric/processing variant. Primary/secondary annotations support the same scene. exact_reuse_signature=True; thumbnail_corr=0.9999. Exclude from the core dataset to preserve source-scene independence.",figures/phase2/identity_review/index.csv#1023,568c00e99f5ca8d205c5b48b3c058ca8f3b93d2e4de9986ec7d01af75b33babb,wtbd-curation-v1
1024,1024.jpg,1024.xml,1024.xml,691.jpg,691.jpg,validation,,none,annotation_reused_from_other_image,exclude,,near_duplicate_review,,False,annotation_reused,completed,OpenAI-human-review-2026-08-28,"Human review: XML-stem image is the same underlying source scene as declared 691.jpg, but appears as a photometric/processing variant. Primary/secondary annotations support the same scene. exact_reuse_signature=True; thumbnail_corr=0.9998. Exclude from the core dataset to preserve source-scene independence.",figures/phase2/identity_review/index.csv#1024,568c00e99f5ca8d205c5b48b3c058ca8f3b93d2e4de9986ec7d01af75b33babb,wtbd-curation-v1
1025,1025.jpg,1025.xml,1025.xml,693.jpg,693.jpg,train,,none,annotation_reused_from_other_image,exclude,,unique,,False,annotation_reused,completed,OpenAI-human-review-2026-08-28,"Human review: XML-stem image is the same underlying source scene as declared 693.jpg, but appears as a photometric/processing variant. Primary/secondary annotations support the same scene. exact_reuse_signature=True; thumbnail_corr=0.7595. Exclude from the core dataset to preserve source-scene independence.",figures/phase2/identity_review/index.csv#1025,568c00e99f5ca8d205c5b48b3c058ca8f3b93d2e4de9986ec7d01af75b33babb,wtbd-curation-v1
1026,1026.jpg,1026.xml,1026.xml,696.jpg,696.jpg,validation,,none,annotation_reused_from_other_image,exclude,,near_duplicate_review,,False,annotation_reused,completed,OpenAI-human-review-2026-08-28,"Human review: XML-stem image is the same underlying source scene as declared 696.jpg, but appears as a photometric/processing variant. Primary/secondary annotations support the same scene. exact_reuse_signature=True; thumbnail_corr=0.9999. Exclude from the core dataset to preserve source-scene independence.",figures/phase2/identity_review/index.csv#1026,568c00e99f5ca8d205c5b48b3c058ca8f3b93d2e4de9986ec7d01af75b33babb,wtbd-curation-v1
1027,1027.jpg,1027.xml,1027.xml,698.jpg,698.jpg,train,,none,annotation_reused_from_other_image,exclude,,unique,,False,annotation_reused,completed,OpenAI-human-review-2026-08-28,"Human review: XML-stem image is the same underlying source scene as declared 698.jpg, but appears as a photometric/processing variant. Primary/secondary annotations support the same scene. exact_reuse_signature=True; thumbnail_corr=0.7575. Exclude from the core dataset to preserve source-scene independence.",figures/phase2/identity_review/index.csv#1027,568c00e99f5ca8d205c5b48b3c058ca8f3b93d2e4de9986ec7d01af75b33babb,wtbd-curation-v1
1028,1028.jpg,1028.xml,1028.xml,699.jpg,699.jpg,train,,none,annotation_reused_from_other_image,exclude,,near_duplicate_review,,False,annotation_reused,completed,OpenAI-human-review-2026-08-28,"Human review: XML-stem image is the same underlying source scene as declared 699.jpg, but appears as a photometric/processing variant. Primary/secondary annotations support the same scene. exact_reuse_signature=True; thumbnail_corr=0.6607. Exclude from the core dataset to preserve source-scene independence.",figures/phase2/identity_review/index.csv#1028,568c00e99f5ca8d205c5b48b3c058ca8f3b93d2e4de9986ec7d01af75b33babb,wtbd-curation-v1
1029,1029.jpg,1029.xml,1029.xml,700.jpg,700.jpg,test,,none,annotation_reused_from_other_image,exclude,,unique,,False,annotation_reused,completed,OpenAI-human-review-2026-08-28,"Human review: XML-stem image is the same underlying source scene as declared 700.jpg, but appears as a photometric/processing variant. Primary/secondary annotations support the same scene. exact_reuse_signature=True; thumbnail_corr=0.9995. Exclude from the core dataset to preserve source-scene independence.",figures/phase2/identity_review/index.csv#1029,568c00e99f5ca8d205c5b48b3c058ca8f3b93d2e4de9986ec7d01af75b33babb,wtbd-curation-v1
1030,1030.jpg,1030.xml,1030.xml,701.jpg,701.jpg,test,,none,annotation_reused_from_other_image,exclude,,unique,,False,annotation_reused,completed,OpenAI-human-review-2026-08-28,"Human review: XML-stem image is the same underlying source scene as declared 701.jpg, but appears as a photometric/processing variant. Primary/secondary annotations support the same scene. exact_reuse_signature=True; thumbnail_corr=0.9697. Exclude from the core dataset to preserve source-scene independence.",figures/phase2/identity_review/index.csv#1030,568c00e99f5ca8d205c5b48b3c058ca8f3b93d2e4de9986ec7d01af75b33babb,wtbd-curation-v1
1031,1031.jpg,1031.xml,1031.xml,704.jpg,704.jpg,test,,none,annotation_reused_from_other_image,exclude,,near_duplicate_review,,False,annotation_reused,completed,OpenAI-human-review-2026-08-28,"Human review: XML-stem image is the same underlying source scene as declared 704.jpg, but appears as a photometric/processing variant. Primary/secondary annotations support the same scene. exact_reuse_signature=True; thumbnail_corr=0.9981. Exclude from the core dataset to preserve source-scene independence.",figures/phase2/identity_review/index.csv#1031,568c00e99f5ca8d205c5b48b3c058ca8f3b93d2e4de9986ec7d01af75b33babb,wtbd-curation-v1
1032,1032.jpg,1032.xml,1032.xml,706.jpg,706.jpg,train,,none,annotation_reused_from_other_image,exclude,,unique,,False,annotation_reused,completed,OpenAI-human-review-2026-08-28,"Human review: XML-stem image is the same underlying source scene as declared 706.jpg, but appears as a photometric/processing variant. Primary/secondary annotations support the same scene. exact_reuse_signature=True; thumbnail_corr=0.5151. Exclude from the core dataset to preserve source-scene independence.",figures/phase2/identity_review/index.csv#1032,568c00e99f5ca8d205c5b48b3c058ca8f3b93d2e4de9986ec7d01af75b33babb,wtbd-curation-v1
1033,1033.jpg,1033.xml,1033.xml,708.jpg,708.jpg,validation,,none,annotation_reused_from_other_image,exclude,,near_duplicate_review,,False,annotation_reused,completed,OpenAI-human-review-2026-08-28,"Human review: XML-stem image is the same underlying source scene as declared 708.jpg, but appears as a photometric/processing variant. Primary/secondary annotations support the same scene. exact_reuse_signature=True; thumbnail_corr=0.9795. Exclude from the core dataset to preserve source-scene independence.",figures/phase2/identity_review/index.csv#1033,568c00e99f5ca8d205c5b48b3c058ca8f3b93d2e4de9986ec7d01af75b33babb,wtbd-curation-v1
1034,1034.jpg,1034.xml,1034.xml,709.jpg,709.jpg,test,,none,annotation_reused_from_other_image,exclude,,unique,,False,annotation_reused,completed,OpenAI-human-review-2026-08-28,"Human review: XML-stem image is the same underlying source scene as declared 709.jpg, but appears as a photometric/processing variant. Primary/secondary annotations support the same scene. exact_reuse_signature=True; thumbnail_corr=0.9997. Exclude from the core dataset to preserve source-scene independence.",figures/phase2/identity_review/index.csv#1034,568c00e99f5ca8d205c5b48b3c058ca8f3b93d2e4de9986ec7d01af75b33babb,wtbd-curation-v1
1035,1035.jpg,1035.xml,1035.xml,71.jpg,71.jpg,train,,none,annotation_reused_from_other_image,exclude,,near_duplicate_review,,False,annotation_reused,completed,OpenAI-human-review-2026-08-28,"Human review: XML-stem image is the same underlying source scene as declared 71.jpg, but appears as a photometric/processing variant. Primary/secondary annotations support the same scene. exact_reuse_signature=True; thumbnail_corr=0.9996. Exclude from the core dataset to preserve source-scene independence.",figures/phase2/identity_review/index.csv#1035,568c00e99f5ca8d205c5b48b3c058ca8f3b93d2e4de9986ec7d01af75b33babb,wtbd-curation-v1
1036,1036.jpg,1036.xml,1036.xml,710.jpg,710.jpg,validation,,none,annotation_reused_from_other_image,exclude,,near_duplicate_review,,False,annotation_reused,completed,OpenAI-human-review-2026-08-28,"Human review: XML-stem image is the same underlying source scene as declared 710.jpg, but appears as a photometric/processing variant. Primary/secondary annotations support the same scene. exact_reuse_signature=True; thumbnail_corr=0.9999. Exclude from the core dataset to preserve source-scene independence.",figures/phase2/identity_review/index.csv#1036,568c00e99f5ca8d205c5b48b3c058ca8f3b93d2e4de9986ec7d01af75b33babb,wtbd-curation-v1
1037,1037.jpg,1037.xml,1037.xml,712.jpg,712.jpg,train,,none,annotation_reused_from_other_image,exclude,,near_duplicate_review,,False,annotation_reused,completed,OpenAI-human-review-2026-08-28,"Human review: XML-stem image is the same underlying source scene as declared 712.jpg, but appears as a photometric/processing variant. Primary/secondary annotations support the same scene. exact_reuse_signature=True; thumbnail_corr=1.0000. Exclude from the core dataset to preserve source-scene independence.",figures/phase2/identity_review/index.csv#1037,568c00e99f5ca8d205c5b48b3c058ca8f3b93d2e4de9986ec7d01af75b33babb,wtbd-curation-v1
1038,1038.jpg,1038.xml,1038.xml,713.jpg,713.jpg,train,,none,annotation_reused_from_other_image,exclude,,near_duplicate_review,,False,annotation_reused,completed,OpenAI-human-review-2026-08-28,"Human review: XML-stem image is the same underlying source scene as declared 713.jpg, but appears as a photometric/processing variant. Primary/secondary annotations support the same scene. exact_reuse_signature=True; thumbnail_corr=0.9997. Exclude from the core dataset to preserve source-scene independence.",figures/phase2/identity_review/index.csv#1038,568c00e99f5ca8d205c5b48b3c058ca8f3b93d2e4de9986ec7d01af75b33babb,wtbd-curation-v1
1039,1039.jpg,1039.xml,1039.xml,715.jpg,715.jpg,train,,none,annotation_reused_from_other_image,exclude,,unique,,False,annotation_reused,completed,OpenAI-human-review-2026-08-28,"Human review: XML-stem image is the same underlying source scene as declared 715.jpg, but appears as a photometric/processing variant. Primary/secondary annotations support the same scene. exact_reuse_signature=False; thumbnail_corr=0.3822. Exclude from the core dataset to preserve source-scene independence.",figures/phase2/identity_review/index.csv#1039,568c00e99f5ca8d205c5b48b3c058ca8f3b93d2e4de9986ec7d01af75b33babb,wtbd-curation-v1
1040,1040.jpg,1040.xml,1040.xml,716.jpg,716.jpg,test,,none,annotation_reused_from_other_image,exclude,,near_duplicate_review,,False,annotation_reused,completed,OpenAI-human-review-2026-08-28,"Human review: XML-stem image is the same underlying source scene as declared 716.jpg, but appears as a photometric/processing variant. Primary/secondary annotations support the same scene. exact_reuse_signature=True; thumbnail_corr=0.9997. Exclude from the core dataset to preserve source-scene independence.",figures/phase2/identity_review/index.csv#1040,568c00e99f5ca8d205c5b48b3c058ca8f3b93d2e4de9986ec7d01af75b33babb,wtbd-curation-v1
1041,1041.jpg,1041.xml,1041.xml,717.jpg,717.jpg,train,,none,annotation_reused_from_other_image,exclude,,near_duplicate_review,,False,annotation_reused,completed,OpenAI-human-review-2026-08-28,"Human review: XML-stem image is the same underlying source scene as declared 717.jpg, but appears as a photometric/processing variant. Primary/secondary annotations support the same scene. exact_reuse_signature=True; thumbnail_corr=0.8148. Exclude from the core dataset to preserve source-scene independence.",figures/phase2/identity_review/index.csv#1041,568c00e99f5ca8d205c5b48b3c058ca8f3b93d2e4de9986ec7d01af75b33babb,wtbd-curation-v1
1042,1042.jpg,1042.xml,1042.xml,72.jpg,72.jpg,train,,none,annotation_reused_from_other_image,exclude,,unique,,False,annotation_reused,completed,OpenAI-human-review-2026-08-28,"Human review: XML-stem image is the same underlying source scene as declared 72.jpg, but appears as a photometric/processing variant. Primary/secondary annotations support the same scene. exact_reuse_signature=True; thumbnail_corr=0.9996. Exclude from the core dataset to preserve source-scene independence.",figures/phase2/identity_review/index.csv#1042,568c00e99f5ca8d205c5b48b3c058ca8f3b93d2e4de9986ec7d01af75b33babb,wtbd-curation-v1
1043,1043.jpg,1043.xml,1043.xml,722.jpg,722.jpg,train,,none,annotation_reused_from_other_image,exclude,,near_duplicate_review,,False,annotation_reused,completed,OpenAI-human-review-2026-08-28,"Human review: XML-stem image is the same underlying source scene as declared 722.jpg, but appears as a photometric/processing variant. Primary/secondary annotations support the same scene. exact_reuse_signature=True; thumbnail_corr=0.9888. Exclude from the core dataset to preserve source-scene independence.",figures/phase2/identity_review/index.csv#1043,568c00e99f5ca8d205c5b48b3c058ca8f3b93d2e4de9986ec7d01af75b33babb,wtbd-curation-v1
1044,1044.jpg,1044.xml,1044.xml,723.jpg,723.jpg,test,,none,annotation_reused_from_other_image,exclude,,near_duplicate_review,,False,annotation_reused,completed,OpenAI-human-review-2026-08-28,"Human review: XML-stem image is the same underlying source scene as declared 723.jpg, but appears as a photometric/processing variant. Primary/secondary annotations support the same scene. exact_reuse_signature=True; thumbnail_corr=0.9264. Exclude from the core dataset to preserve source-scene independence.",figures/phase2/identity_review/index.csv#1044,568c00e99f5ca8d205c5b48b3c058ca8f3b93d2e4de9986ec7d01af75b33babb,wtbd-curation-v1
1045,1045.jpg,1045.xml,1045.xml,727.jpg,727.jpg,test,,none,annotation_reused_from_other_image,exclude,,near_duplicate_review,,False,annotation_reused,completed,OpenAI-human-review-2026-08-28,"Human review: XML-stem image is the same underlying source scene as declared 727.jpg, but appears as a photometric/processing variant. Primary/secondary annotations support the same scene. exact_reuse_signature=True; thumbnail_corr=0.9804. Exclude from the core dataset to preserve source-scene independence.",figures/phase2/identity_review/index.csv#1045,568c00e99f5ca8d205c5b48b3c058ca8f3b93d2e4de9986ec7d01af75b33babb,wtbd-curation-v1
1046,1046.jpg,1046.xml,1046.xml,1046.jpg,1046.jpg,train,1046.jpg,primary,consistent,primary_confirmed,,unique,train,True,none,not_required,,,data/metadata/wtbd/second_annotator_comparison.csv,568c00e99f5ca8d205c5b48b3c058ca8f3b93d2e4de9986ec7d01af75b33babb,wtbd-curation-v1
1047,1047.jpg,1047.xml,1047.xml,731.jpg,731.jpg,train,,none,annotation_reused_from_other_image,exclude,,near_duplicate_review,,False,annotation_reused,completed,OpenAI-human-review-2026-08-28,"Human review: XML-stem image is the same underlying source scene as declared 731.jpg, but appears as a photometric/processing variant. Primary/secondary annotations support the same scene. exact_reuse_signature=True; thumbnail_corr=0.8516. Exclude from the core dataset to preserve source-scene independence.",figures/phase2/identity_review/index.csv#1047,568c00e99f5ca8d205c5b48b3c058ca8f3b93d2e4de9986ec7d01af75b33babb,wtbd-curation-v1
1048,1048.jpg,1048.xml,1048.xml,1048.jpg,1048.jpg,train,1048.jpg,primary,consistent,primary_confirmed,,unique,train,True,none,not_required,,,data/metadata/wtbd/second_annotator_comparison.csv,568c00e99f5ca8d205c5b48b3c058ca8f3b93d2e4de9986ec7d01af75b33babb,wtbd-curation-v1
1049,1049.jpg,1049.xml,1049.xml,733.jpg,733.jpg,train,,none,annotation_reused_from_other_image,exclude,,unique,,False,annotation_reused,completed,OpenAI-human-review-2026-08-28,"Human review: XML-stem image is the same underlying source scene as declared 733.jpg, but appears as a photometric/processing variant. Primary/secondary annotations support the same scene. exact_reuse_signature=True; thumbnail_corr=0.5543. Exclude from the core dataset to preserve source-scene independence.",figures/phase2/identity_review/index.csv#1049,568c00e99f5ca8d205c5b48b3c058ca8f3b93d2e4de9986ec7d01af75b33babb,wtbd-curation-v1
1050,1050.jpg,1050.xml,1050.xml,735.jpg,735.jpg,train,,none,annotation_reused_from_other_image,exclude,,unique,,False,annotation_reused,completed,OpenAI-human-review-2026-08-28,"Human review: XML-stem image is the same underlying source scene as declared 735.jpg, but appears as a photometric/processing variant. Primary/secondary annotations support the same scene. exact_reuse_signature=True; thumbnail_corr=0.7165. Exclude from the core dataset to preserve source-scene independence.",figures/phase2/identity_review/index.csv#1050,568c00e99f5ca8d205c5b48b3c058ca8f3b93d2e4de9986ec7d01af75b33babb,wtbd-curation-v1
1051,1051.jpg,1051.xml,1051.xml,74.jpg,74.jpg,train,,none,annotation_reused_from_other_image,exclude,,unique,,False,annotation_reused,completed,OpenAI-human-review-2026-08-28,"Human review: XML-stem image is the same underlying source scene as declared 74.jpg, but appears as a photometric/processing variant. Primary/secondary annotations support the same scene. exact_reuse_signature=True; thumbnail_corr=0.9493. Exclude from the core dataset to preserve source-scene independence.",figures/phase2/identity_review/index.csv#1051,568c00e99f5ca8d205c5b48b3c058ca8f3b93d2e4de9986ec7d01af75b33babb,wtbd-curation-v1
1052,1052.jpg,1052.xml,1052.xml,75.jpg,75.jpg,train,,none,annotation_reused_from_other_image,exclude,,unique,,False,annotation_reused,completed,OpenAI-human-review-2026-08-28,"Human review: XML-stem image is the same underlying source scene as declared 75.jpg, but appears as a photometric/processing variant. Primary/secondary annotations support the same scene. exact_reuse_signature=True; thumbnail_corr=0.9995. Exclude from the core dataset to preserve source-scene independence.",figures/phase2/identity_review/index.csv#1052,568c00e99f5ca8d205c5b48b3c058ca8f3b93d2e4de9986ec7d01af75b33babb,wtbd-curation-v1
1053,1053.jpg,1053.xml,1053.xml,76.jpg,76.jpg,train,,none,annotation_reused_from_other_image,exclude,,unique,,False,annotation_reused,completed,OpenAI-human-review-2026-08-28,"Human review: XML-stem image is the same underlying source scene as declared 76.jpg, but appears as a photometric/processing variant. Primary/secondary annotations support the same scene. exact_reuse_signature=True; thumbnail_corr=0.7186. Exclude from the core dataset to preserve source-scene independence.",figures/phase2/identity_review/index.csv#1053,568c00e99f5ca8d205c5b48b3c058ca8f3b93d2e4de9986ec7d01af75b33babb,wtbd-curation-v1
1054,1054.jpg,1054.xml,1054.xml,78.jpg,78.jpg,train,,none,annotation_reused_from_other_image,exclude,,near_duplicate_review,,False,annotation_reused,completed,OpenAI-human-review-2026-08-28,"Human review: XML-stem image is the same underlying source scene as declared 78.jpg, but appears as a photometric/processing variant. Primary/secondary annotations support the same scene. exact_reuse_signature=True; thumbnail_corr=0.8807. Exclude from the core dataset to preserve source-scene independence.",figures/phase2/identity_review/index.csv#1054,568c00e99f5ca8d205c5b48b3c058ca8f3b93d2e4de9986ec7d01af75b33babb,wtbd-curation-v1
1055,1055.jpg,1055.xml,1055.xml,8.jpg,8.jpg,test,,none,annotation_reused_from_other_image,exclude,,near_duplicate_review,,False,annotation_reused,completed,OpenAI-human-review-2026-08-28,"Human review: XML-stem image is the same underlying source scene as declared 8.jpg, but appears as a photometric/processing variant. Primary/secondary annotations support the same scene. exact_reuse_signature=True; thumbnail_corr=0.9971. Exclude from the core dataset to preserve source-scene independence.",figures/phase2/identity_review/index.csv#1055,568c00e99f5ca8d205c5b48b3c058ca8f3b93d2e4de9986ec7d01af75b33babb,wtbd-curation-v1
1056,1056.jpg,1056.xml,1056.xml,84.jpg,84.jpg,train,,none,annotation_reused_from_other_image,exclude,,near_duplicate_review,,False,annotation_reused,completed,OpenAI-human-review-2026-08-28,"Human review: XML-stem image is the same underlying source scene as declared 84.jpg, but appears as a photometric/processing variant. Primary/secondary annotations support the same scene. exact_reuse_signature=True; thumbnail_corr=0.8136. Exclude from the core dataset to preserve source-scene independence.",figures/phase2/identity_review/index.csv#1056,568c00e99f5ca8d205c5b48b3c058ca8f3b93d2e4de9986ec7d01af75b33babb,wtbd-curation-v1
1057,1057.jpg,1057.xml,1057.xml,85.jpg,85.jpg,train,,none,annotation_reused_from_other_image,exclude,,near_duplicate_review,,False,annotation_reused,completed,OpenAI-human-review-2026-08-28,"Human review: XML-stem image is the same underlying source scene as declared 85.jpg, but appears as a photometric/processing variant. Primary/secondary annotations support the same scene. exact_reuse_signature=True; thumbnail_corr=0.9993. Exclude from the core dataset to preserve source-scene independence.",figures/phase2/identity_review/index.csv#1057,568c00e99f5ca8d205c5b48b3c058ca8f3b93d2e4de9986ec7d01af75b33babb,wtbd-curation-v1
1058,1058.jpg,1058.xml,1058.xml,89.jpg,89.jpg,test,,none,annotation_reused_from_other_image,exclude,,unique,,False,annotation_reused,completed,OpenAI-human-review-2026-08-28,"Human review: XML-stem image is the same underlying source scene as declared 89.jpg, but appears as a photometric/processing variant. Primary/secondary annotations support the same scene. exact_reuse_signature=True; thumbnail_corr=0.9668. Exclude from the core dataset to preserve source-scene independence.",figures/phase2/identity_review/index.csv#1058,568c00e99f5ca8d205c5b48b3c058ca8f3b93d2e4de9986ec7d01af75b33babb,wtbd-curation-v1
1059,1059.jpg,1059.xml,1059.xml,9.jpg,9.jpg,validation,,none,annotation_reused_from_other_image,exclude,,unique,,False,annotation_reused,completed,OpenAI-human-review-2026-08-28,"Human review: XML-stem image is the same underlying source scene as declared 9.jpg, but appears as a photometric/processing variant. Primary/secondary annotations support the same scene. exact_reuse_signature=False; thumbnail_corr=0.7425. Exclude from the core dataset to preserve source-scene independence.",figures/phase2/identity_review/index.csv#1059,568c00e99f5ca8d205c5b48b3c058ca8f3b93d2e4de9986ec7d01af75b33babb,wtbd-curation-v1
1060,1060.jpg,1060.xml,1060.xml,1060.jpg,1060.jpg,train,1060.jpg,primary,consistent,primary_confirmed,,unique,train,True,none,not_required,,,data/metadata/wtbd/second_annotator_comparison.csv,568c00e99f5ca8d205c5b48b3c058ca8f3b93d2e4de9986ec7d01af75b33babb,wtbd-curation-v1
1061,1061.jpg,1061.xml,1061.xml,1061.jpg,1061.jpg,train,1061.jpg,primary,consistent,primary_confirmed,,unique,train,True,none,not_required,,,data/metadata/wtbd/second_annotator_comparison.csv,568c00e99f5ca8d205c5b48b3c058ca8f3b93d2e4de9986ec7d01af75b33babb,wtbd-curation-v1
1062,1062.jpg,1062.xml,1062.xml,94.jpg,94.jpg,validation,,none,annotation_reused_from_other_image,exclude,,near_duplicate_review,,False,annotation_reused,completed,OpenAI-human-review-2026-08-28,"Human review: XML-stem image is the same underlying source scene as declared 94.jpg, but appears as a photometric/processing variant. Primary/secondary annotations support the same scene. exact_reuse_signature=True; thumbnail_corr=0.9998. Exclude from the core dataset to preserve source-scene independence.",figures/phase2/identity_review/index.csv#1062,568c00e99f5ca8d205c5b48b3c058ca8f3b93d2e4de9986ec7d01af75b33babb,wtbd-curation-v1
1063,1063.jpg,1063.xml,1063.xml,1063.jpg,1063.jpg,train,1063.jpg,primary,consistent,primary_confirmed,,unique,train,True,none,not_required,,,data/metadata/wtbd/second_annotator_comparison.csv,568c00e99f5ca8d205c5b48b3c058ca8f3b93d2e4de9986ec7d01af75b33babb,wtbd-curation-v1
1064,1064.jpg,1064.xml,1064.xml,1064.jpg,1064.jpg,train,1064.jpg,primary,consistent,primary_confirmed,,unique,train,True,none,not_required,,,data/metadata/wtbd/second_annotator_comparison.csv,568c00e99f5ca8d205c5b48b3c058ca8f3b93d2e4de9986ec7d01af75b33babb,wtbd-curation-v1
