instance_id,source_image_id,image_filename,object_index,raw_label,canonical_label_if_unambiguous,xmin,ymin,xmax,ymax,bbox_width,bbox_height,bbox_area_pixels,bbox_area_fraction,bbox_aspect_ratio,bbox_center_x,bbox_center_y,official_split,pose,truncated,difficult,bbox_issues
0_0,0,0.jpg,0,corrosion,corrosion,304,13,848,1020,545,1008,549360,0.5239105224609375,0.5406746031746031,576.0,516.5,validation,Unspecified,0,0,
1_0,1,1.jpg,0,craze,craze,781,430,931,763,151,334,50434,0.04809761047363281,0.45209580838323354,856.0,596.5,train,Unspecified,0,0,
2_0,2,2.jpg,0,surface_injure,surface_injure,500,144,594,220,95,77,7315,0.006976127624511719,1.2337662337662338,547.0,182.0,train,Unspecified,0,0,
3_0,3,3.jpg,0,corrosion,corrosion,767,27,887,1016,121,990,119790,0.11424064636230469,0.12222222222222222,827.0,521.5,validation,Unspecified,0,0,
4_0,4,4.jpg,0,crack,crack,336,6,642,708,307,703,215821,0.20582294464111328,0.4366998577524893,489.0,357.0,train,Unspecified,0,0,
5_0,5,5.jpg,0,corrosion,corrosion,5,222,361,306,357,85,30345,0.028939247131347656,4.2,183.0,264.0,train,Unspecified,0,0,
5_1,5,5.jpg,1,corrosion,corrosion,367,269,602,367,236,99,23364,0.022281646728515625,2.3838383838383836,484.5,318.0,train,Unspecified,0,0,
5_2,5,5.jpg,2,corrosion,corrosion,609,311,911,430,303,120,36360,0.03467559814453125,2.525,760.0,370.5,train,Unspecified,0,0,
6_0,6,6.jpg,0,craze,craze,456,613,714,706,259,94,24346,0.023218154907226562,2.75531914893617,585.0,659.5,train,Unspecified,0,0,
7_0,7,7.jpg,0,hide_craze,hide_craze,520,267,553,510,34,244,8296,0.00791168212890625,0.13934426229508196,536.5,388.5,validation,Unspecified,0,0,
8_0,8,8.jpg,0,crack,crack,484,60,617,658,134,599,80266,0.07654762268066406,0.22370617696160267,550.5,359.0,train,Unspecified,0,0,
9_0,9,9.jpg,0,hide_craze,hide_craze,652,720,791,936,140,217,30380,0.028972625732421875,0.6451612903225806,721.5,828.0,train,Unspecified,0,0,
10_0,10,10.jpg,0,thunderstrike,thunderstrike,517,336,870,472,354,137,48498,0.04625129699707031,2.5839416058394162,693.5,404.0,train,Unspecified,0,0,
10_1,10,10.jpg,1,surface_injure,surface_injure,383,931,470,975,88,45,3960,0.00377655029296875,1.9555555555555555,426.5,953.0,train,Unspecified,0,0,
11_0,11,11.jpg,0,surface_injure,surface_injure,741,106,825,177,85,72,6120,0.00583648681640625,1.1805555555555556,783.0,141.5,validation,Unspecified,0,0,
12_0,12,12.jpg,0,crack,crack,355,1,486,727,132,727,95964,0.09151840209960938,0.1815680880330124,420.5,364.0,train,Unspecified,1,0,
13_0,13,13.jpg,0,hide_craze,hide_craze,11,649,162,808,152,160,24320,0.023193359375,0.95,86.5,728.5,test,Unspecified,0,0,
13_1,13,13.jpg,1,hide_craze,hide_craze,483,611,514,775,32,165,5280,0.005035400390625,0.19393939393939394,498.5,693.0,test,Unspecified,0,0,
14_0,14,14.jpg,0,hide_craze,hide_craze,170,910,272,972,103,63,6489,0.006188392639160156,1.6349206349206349,221.0,941.0,train,Unspecified,0,0,
14_1,14,14.jpg,1,surface_injure,surface_injure,261,94,327,153,67,60,4020,0.003833770751953125,1.1166666666666667,294.0,123.5,train,Unspecified,0,0,
15_0,15,15.jpg,0,craze,craze,280,166,703,280,424,115,48760,0.04650115966796875,3.6869565217391305,491.5,223.0,train,Unspecified,0,0,
16_0,16,16.jpg,0,craze,craze,180,214,389,295,210,82,17220,0.016422271728515625,2.5609756097560976,284.5,254.5,train,Unspecified,0,0,
17_0,17,17.jpg,0,thunderstrike,thunderstrike,277,3,977,489,701,487,341387,0.32557201385498047,1.4394250513347022,627.0,246.0,train,Unspecified,0,0,
18_0,18,18.jpg,0,craze,craze,127,385,1009,722,883,338,298454,0.28462791442871094,2.6124260355029585,568.0,553.5,train,Unspecified,0,0,
19_0,19,19.jpg,0,surface_injure,surface_injure,311,122,369,208,59,87,5133,0.004895210266113281,0.6781609195402298,340.0,165.0,validation,Unspecified,0,0,
19_1,19,19.jpg,1,surface_injure,surface_injure,205,663,894,999,690,337,232530,0.2217578887939453,2.0474777448071215,549.5,831.0,validation,Unspecified,0,0,
20_0,20,20.jpg,0,craze,craze,423,561,786,716,364,156,56784,0.0541534423828125,2.3333333333333335,604.5,638.5,train,Unspecified,0,0,
21_0,21,21.jpg,0,craze,craze,547,417,655,775,109,359,39131,0.03731822967529297,0.30362116991643456,601.0,596.0,validation,Unspecified,0,0,
22_0,22,22.jpg,0,surface_injure,surface_injure,47,130,895,660,849,531,450819,0.4299345016479492,1.5988700564971752,471.0,395.0,train,Unspecified,0,0,
23_0,23,23.jpg,0,crack,crack,570,413,759,805,190,393,74670,0.07121086120605469,0.48346055979643765,664.5,609.0,train,Unspecified,0,0,
24_0,24,24.jpg,0,craze,craze,366,360,602,613,237,254,60198,0.05740928649902344,0.9330708661417323,484.0,486.5,train,Unspecified,0,0,
25_0,25,25.jpg,0,hide_craze,hide_craze,356,3,459,1013,104,1011,105144,0.10027313232421875,0.10286844708209693,407.5,508.0,train,Unspecified,0,0,
26_0,26,26.jpg,0,crack,crack,377,74,502,910,126,837,105462,0.10057640075683594,0.15053763440860216,439.5,492.0,train,Unspecified,0,0,
27_0,27,27.jpg,0,surface_injure,surface_injure,8,178,431,480,424,303,128472,0.12252044677734375,1.3993399339933994,219.5,329.0,train,Unspecified,0,0,
27_1,27,27.jpg,1,surface_injure,surface_injure,455,413,731,777,277,365,101105,0.0964212417602539,0.7589041095890411,593.0,595.0,train,Unspecified,0,0,
27_2,27,27.jpg,2,surface_injure,surface_injure,753,680,869,886,117,207,24219,0.02309703826904297,0.5652173913043478,811.0,783.0,train,Unspecified,0,0,
28_0,28,28.jpg,0,hide_craze,hide_craze,523,599,559,985,37,387,14319,0.013655662536621094,0.09560723514211886,541.0,792.0,train,Unspecified,0,0,
29_0,29,29.jpg,0,hide_craze,hide_craze,67,210,159,328,93,119,11067,0.010554313659667969,0.7815126050420168,113.0,269.0,train,Unspecified,0,0,
30_0,30,30.jpg,0,craze,craze,225,22,494,211,270,190,51300,0.048923492431640625,1.4210526315789473,359.5,116.5,train,Unspecified,0,0,
30_1,30,30.jpg,1,craze,craze,509,194,1012,645,504,452,227808,0.217254638671875,1.1150442477876106,760.5,419.5,train,Unspecified,0,0,
31_0,31,31.jpg,0,surface_injure,surface_injure,136,358,628,517,493,160,78880,0.075225830078125,3.08125,382.0,437.5,train,Unspecified,0,0,
31_1,31,31.jpg,1,surface_injure,surface_injure,1,441,141,686,141,246,34686,0.03307914733886719,0.573170731707317,71.0,563.5,train,Unspecified,1,0,
32_0,32,32.jpg,0,thunderstrike,thunderstrike,58,558,527,849,470,292,137240,0.13088226318359375,1.6095890410958904,292.5,703.5,test,Unspecified,0,0,
32_1,32,32.jpg,1,thunderstrike,thunderstrike,739,692,987,975,249,284,70716,0.06744003295898438,0.8767605633802817,863.0,833.5,test,Unspecified,0,0,
33_0,33,33.jpg,0,crack,crack,259,341,300,560,42,220,9240,0.00881195068359375,0.19090909090909092,279.5,450.5,train,Unspecified,0,0,
33_1,33,33.jpg,1,crack,crack,453,202,619,478,167,277,46259,0.04411602020263672,0.6028880866425993,536.0,340.0,train,Unspecified,0,0,
34_0,34,34.jpg,0,surface_injure,surface_injure,91,803,142,861,52,59,3068,0.002925872802734375,0.8813559322033898,116.5,832.0,train,Unspecified,0,0,
34_1,34,34.jpg,1,hide_craze,hide_craze,436,716,869,785,434,70,30380,0.028972625732421875,6.2,652.5,750.5,train,Unspecified,0,0,
35_0,35,35.jpg,0,corrosion,corrosion,119,505,745,1014,627,510,319770,0.30495643615722656,1.2294117647058824,432.0,759.5,train,Unspecified,0,0,
35_1,35,35.jpg,1,corrosion,corrosion,44,5,472,492,429,488,209352,0.19965362548828125,0.8790983606557377,258.0,248.5,train,Unspecified,0,0,
36_0,36,36.jpg,0,hide_craze,hide_craze,147,20,533,631,387,612,236844,0.22587203979492188,0.6323529411764706,340.0,325.5,train,Unspecified,0,0,
36_1,36,36.jpg,1,hide_craze,hide_craze,695,463,1020,708,326,246,80196,0.07648086547851562,1.3252032520325203,857.5,585.5,train,Unspecified,0,0,
37_0,37,37.jpg,0,thunderstrike,thunderstrike,380,403,649,684,270,282,76140,0.07261276245117188,0.9574468085106383,514.5,543.5,train,Unspecified,0,0,
37_1,37,37.jpg,1,surface_injure,surface_injure,286,105,792,774,507,670,339690,0.32395362854003906,0.7567164179104477,539.0,439.5,train,Unspecified,0,0,
38_0,38,38.jpg,0,hide_craze,hide_craze,603,5,644,385,42,381,16002,0.015260696411132812,0.11023622047244094,623.5,195.0,train,Unspecified,0,0,
39_0,39,39.jpg,0,corrosion,corrosion,391,127,600,989,210,863,181230,0.1728343963623047,0.24333719582850522,495.5,558.0,train,Unspecified,0,0,
40_0,40,40.jpg,0,thunderstrike,thunderstrike,1,339,427,583,427,245,104615,0.09976863861083984,1.7428571428571429,214.0,461.0,train,Unspecified,1,0,
41_0,41,41.jpg,0,hide_craze,hide_craze,400,630,977,666,578,37,21386,0.020395278930664062,15.621621621621621,688.5,648.0,train,Unspecified,0,0,
42_0,42,42.jpg,0,craze,craze,627,83,1024,789,398,707,281386,0.26835060119628906,0.562942008486563,825.5,436.0,train,Unspecified,1,0,
42_1,42,42.jpg,1,craze,craze,81,278,286,469,206,192,39552,0.0377197265625,1.0729166666666667,183.5,373.5,train,Unspecified,0,0,
42_2,42,42.jpg,2,craze,craze,411,233,609,514,199,282,56118,0.05351829528808594,0.7056737588652482,510.0,373.5,train,Unspecified,0,0,
43_0,43,43.jpg,0,surface_injure,surface_injure,177,1,502,689,326,689,224614,0.21420860290527344,0.4731494920174166,339.5,345.0,train,Unspecified,1,0,
43_1,43,43.jpg,1,surface_injure,surface_injure,300,724,553,885,254,162,41148,0.039241790771484375,1.5679012345679013,426.5,804.5,train,Unspecified,0,0,
44_0,44,44.jpg,0,hide_craze,hide_craze,286,591,631,783,346,193,66778,0.06368446350097656,1.7927461139896372,458.5,687.0,train,Unspecified,0,0,
45_0,45,45.jpg,0,surface_injure,surface_injure,191,417,664,655,474,239,113286,0.10803794860839844,1.9832635983263598,427.5,536.0,train,Unspecified,0,0,
45_1,45,45.jpg,1,surface_injure,surface_injure,16,517,181,872,166,356,59096,0.05635833740234375,0.46629213483146065,98.5,694.5,train,Unspecified,0,0,
46_0,46,46.jpg,0,corrosion,corrosion,20,563,548,680,529,118,62422,0.05953025817871094,4.483050847457627,284.0,621.5,test,Unspecified,0,0,
46_1,46,46.jpg,1,corrosion,corrosion,569,491,814,578,246,88,21648,0.0206451416015625,2.7954545454545454,691.5,534.5,test,Unspecified,0,0,
47_0,47,47.jpg,0,craze,craze,683,731,941,1002,259,272,70448,0.0671844482421875,0.9522058823529411,812.0,866.5,train,Unspecified,0,0,
47_1,47,47.jpg,1,craze,craze,523,513,683,716,161,204,32844,0.031322479248046875,0.7892156862745098,603.0,614.5,train,Unspecified,0,0,
47_2,47,47.jpg,2,craze,craze,328,335,498,491,171,157,26847,0.025603294372558594,1.089171974522293,413.0,413.0,train,Unspecified,0,0,
48_0,48,48.jpg,0,surface_injure,surface_injure,394,473,553,794,160,322,51520,0.04913330078125,0.4968944099378882,473.5,633.5,test,Unspecified,0,0,
49_0,49,49.jpg,0,craze,craze,375,269,806,364,432,96,41472,0.03955078125,4.5,590.5,316.5,train,Unspecified,0,0,
50_0,50,50.jpg,0,craze,craze,6,83,467,899,462,817,377454,0.3599681854248047,0.565483476132191,236.5,491.0,train,Unspecified,0,0,
50_1,50,50.jpg,1,craze,craze,731,261,955,503,225,243,54675,0.05214214324951172,0.9259259259259259,843.0,382.0,train,Unspecified,0,0,
50_2,50,50.jpg,2,craze,craze,494,278,619,513,126,236,29736,0.02835845947265625,0.5338983050847458,556.5,395.5,train,Unspecified,0,0,
51_0,51,51.jpg,0,craze,craze,447,894,547,1019,101,126,12726,0.012136459350585938,0.8015873015873016,497.0,956.5,test,Unspecified,0,0,
51_1,51,51.jpg,1,craze,craze,473,20,658,850,186,831,154566,0.14740562438964844,0.22382671480144403,565.5,435.0,test,Unspecified,0,0,
52_0,52,52.jpg,0,thunderstrike,thunderstrike,208,174,511,938,304,765,232560,0.2217864990234375,0.39738562091503266,359.5,556.0,train,Unspecified,0,0,
53_0,53,53.jpg,0,crack,crack,420,153,509,424,90,272,24480,0.023345947265625,0.33088235294117646,464.5,288.5,train,Unspecified,0,0,
54_0,54,54.jpg,0,hide_craze,hide_craze,478,272,503,631,26,360,9360,0.0089263916015625,0.07222222222222222,490.5,451.5,test,Unspecified,0,0,
54_1,54,54.jpg,1,hide_craze,hide_craze,470,691,500,928,31,238,7378,0.0070362091064453125,0.13025210084033614,485.0,809.5,test,Unspecified,0,0,
55_0,55,55.jpg,0,hide_craze,hide_craze,477,705,941,939,465,235,109275,0.10421276092529297,1.9787234042553192,709.0,822.0,validation,Unspecified,0,0,
56_0,56,56.jpg,0,hide_craze,hide_craze,405,875,652,924,248,50,12400,0.0118255615234375,4.96,528.5,899.5,train,Unspecified,0,0,
56_1,56,56.jpg,1,hide_craze,hide_craze,427,495,598,547,172,53,9116,0.008693695068359375,3.2452830188679247,512.5,521.0,train,Unspecified,0,0,
56_2,56,56.jpg,2,hide_craze,hide_craze,362,719,603,835,242,117,28314,0.027002334594726562,2.0683760683760686,482.5,777.0,train,Unspecified,0,0,
56_3,56,56.jpg,3,hide_craze,hide_craze,425,606,612,672,188,67,12596,0.012012481689453125,2.8059701492537314,518.5,639.0,train,Unspecified,0,0,
57_0,57,57.jpg,0,craze,craze,550,314,850,438,301,125,37625,0.035881996154785156,2.408,700.0,376.0,test,Unspecified,0,0,
57_1,57,57.jpg,1,surface_injure,surface_injure,422,313,531,374,110,62,6820,0.006504058837890625,1.7741935483870968,476.5,343.5,test,Unspecified,0,0,
58_0,58,58.jpg,0,hide_craze,hide_craze,1,420,728,522,728,103,74984,0.07151031494140625,7.067961165048544,364.5,471.0,train,Unspecified,1,0,
59_0,59,59.jpg,0,crack,crack,767,380,903,614,137,235,32195,0.03070354461669922,0.5829787234042553,835.0,497.0,validation,Unspecified,0,0,
60_0,60,60.jpg,0,thunderstrike,thunderstrike,87,639,397,722,311,84,26124,0.024913787841796875,3.7023809523809526,242.0,680.5,validation,Unspecified,0,0,
60_1,60,60.jpg,1,hide_craze,hide_craze,783,1,809,264,27,264,7128,0.00679779052734375,0.10227272727272728,796.0,132.5,validation,Unspecified,1,0,
61_0,61,61.jpg,0,craze,craze,623,688,958,1014,336,327,109872,0.1047821044921875,1.0275229357798166,790.5,851.0,test,Unspecified,0,0,
61_1,61,61.jpg,1,craze,craze,367,389,631,650,265,262,69430,0.06621360778808594,1.0114503816793894,499.0,519.5,test,Unspecified,0,0,
61_2,61,61.jpg,2,craze,craze,203,200,402,366,200,167,33400,0.03185272216796875,1.1976047904191616,302.5,283.0,test,Unspecified,0,0,
62_0,62,62.jpg,0,thunderstrike,thunderstrike,19,450,512,555,494,106,52364,0.049938201904296875,4.660377358490566,265.5,502.5,validation,Unspecified,0,0,
62_1,62,62.jpg,1,hide_craze,hide_craze,814,494,841,589,28,96,2688,0.0025634765625,0.2916666666666667,827.5,541.5,validation,Unspecified,0,0,
63_0,63,63.jpg,0,surface_injure,surface_injure,122,425,191,511,70,87,6090,0.0058078765869140625,0.8045977011494253,156.5,468.0,train,Unspecified,0,0,
63_1,63,63.jpg,1,surface_injure,surface_injure,308,714,356,763,49,50,2450,0.0023365020751953125,0.98,332.0,738.5,train,Unspecified,0,0,
64_0,64,64.jpg,0,corrosion,corrosion,362,450,498,991,137,542,74254,0.07081413269042969,0.25276752767527677,430.0,720.5,train,Unspecified,0,0,
65_0,65,65.jpg,0,corrosion,corrosion,87,39,445,989,359,951,341409,0.3255929946899414,0.3774973711882229,266.0,514.0,test,Unspecified,0,0,
66_0,66,66.jpg,0,crack,crack,428,155,531,694,104,540,56160,0.053558349609375,0.1925925925925926,479.5,424.5,train,Unspecified,0,0,
66_1,66,66.jpg,1,crack,crack,802,247,894,745,93,499,46407,0.044257164001464844,0.18637274549098196,848.0,496.0,train,Unspecified,0,0,
67_0,67,67.jpg,0,hide_craze,hide_craze,359,589,666,688,308,100,30800,0.0293731689453125,3.08,512.5,638.5,test,Unspecified,0,0,
68_0,68,68.jpg,0,hide_craze,hide_craze,522,497,550,933,29,437,12673,0.012085914611816406,0.06636155606407322,536.0,715.0,train,Unspecified,0,0,
68_1,68,68.jpg,1,hide_craze,hide_craze,530,145,550,356,21,212,4452,0.004245758056640625,0.09905660377358491,540.0,250.5,train,Unspecified,0,0,
69_0,69,69.jpg,0,crack,crack,278,78,445,263,168,186,31248,0.0298004150390625,0.9032258064516129,361.5,170.5,validation,Unspecified,0,0,
69_1,69,69.jpg,1,crack,crack,761,245,928,385,168,141,23688,0.02259063720703125,1.1914893617021276,844.5,315.0,validation,Unspecified,0,0,
70_0,70,70.jpg,0,crack,crack,184,213,392,567,209,355,74195,0.07075786590576172,0.5887323943661972,288.0,390.0,validation,Unspecified,0,0,
70_1,70,70.jpg,1,crack,crack,545,16,659,466,115,451,51865,0.049462318420410156,0.2549889135254989,602.0,241.0,validation,Unspecified,0,0,
71_0,71,71.jpg,0,craze,craze,108,377,1011,783,904,407,367928,0.35088348388671875,2.2211302211302213,559.5,580.0,test,Unspecified,0,0,
72_0,72,72.jpg,0,corrosion,corrosion,462,378,503,944,42,567,23814,0.022710800170898438,0.07407407407407407,482.5,661.0,validation,Unspecified,0,0,
73_0,73,73.jpg,0,craze,craze,286,270,766,700,481,431,207311,0.1977071762084961,1.1160092807424593,526.0,485.0,test,Unspecified,0,0,
74_0,74,74.jpg,0,craze,craze,425,688,850,836,426,149,63474,0.06053352355957031,2.859060402684564,637.5,762.0,train,Unspecified,0,0,
75_0,75,75.jpg,0,surface_injure,surface_injure,103,586,177,1017,75,432,32400,0.0308990478515625,0.1736111111111111,140.0,801.5,train,Unspecified,0,0,
75_1,75,75.jpg,1,surface_injure,surface_injure,727,6,1024,325,298,320,95360,0.0909423828125,0.93125,875.5,165.5,train,Unspecified,1,0,
76_0,76,76.jpg,0,craze,craze,172,181,694,606,523,426,222798,0.2124767303466797,1.227699530516432,433.0,393.5,train,Unspecified,0,0,
77_0,77,77.jpg,0,thunderstrike,thunderstrike,227,825,339,908,113,84,9492,0.009052276611328125,1.3452380952380953,283.0,866.5,validation,Unspecified,0,0,
78_0,78,78.jpg,0,crack,crack,527,169,670,761,144,593,85392,0.0814361572265625,0.24283305227655985,598.5,465.0,train,Unspecified,0,0,
79_0,79,79.jpg,0,craze,craze,289,275,767,710,479,436,208844,0.19916915893554688,1.098623853211009,528.0,492.5,train,Unspecified,0,0,
81_0,81,81.jpg,0,craze,craze,20,3,231,181,212,179,37948,0.036190032958984375,1.1843575418994414,125.5,92.0,test,Unspecified,0,0,
81_1,81,81.jpg,1,craze,craze,256,197,566,538,311,342,106362,0.10143470764160156,0.9093567251461988,411.0,367.5,test,Unspecified,0,0,
81_2,81,81.jpg,2,craze,craze,600,481,1016,870,417,390,162630,0.15509605407714844,1.0692307692307692,808.0,675.5,test,Unspecified,0,0,
82_0,82,82.jpg,0,crack,crack,145,536,414,642,270,107,28890,0.027551651000976562,2.5233644859813085,279.5,589.0,train,Unspecified,0,0,
83_0,83,83.jpg,0,hide_craze,hide_craze,39,694,236,1024,198,331,65538,0.06250190734863281,0.5981873111782477,137.5,859.0,train,Unspecified,1,0,
83_1,83,83.jpg,1,hide_craze,hide_craze,259,739,1009,861,751,123,92373,0.08809375762939453,6.105691056910569,634.0,800.0,train,Unspecified,0,0,
84_0,84,84.jpg,0,thunderstrike,thunderstrike,620,608,766,872,147,265,38955,0.03715038299560547,0.5547169811320755,693.0,740.0,train,Unspecified,0,0,
85_0,85,85.jpg,0,crack,crack,484,166,542,220,59,55,3245,0.0030946731567382812,1.0727272727272728,513.0,193.0,train,Unspecified,0,0,
86_0,86,86.jpg,0,hide_craze,hide_craze,125,131,464,195,340,65,22100,0.021076202392578125,5.230769230769231,294.5,163.0,train,Unspecified,0,0,
87_0,87,87.jpg,0,craze,craze,133,106,961,710,829,605,501545,0.47831058502197266,1.3702479338842974,547.0,408.0,validation,Unspecified,0,0,
88_0,88,88.jpg,0,crack,crack,580,72,791,370,212,299,63388,0.060451507568359375,0.7090301003344481,685.5,221.0,test,Unspecified,0,0,
89_0,89,89.jpg,0,crack,crack,106,333,191,644,86,312,26832,0.0255889892578125,0.27564102564102566,148.5,488.5,train,Unspecified,0,0,
89_1,89,89.jpg,1,crack,crack,383,100,592,528,210,429,90090,0.08591651916503906,0.48951048951048953,487.5,314.0,train,Unspecified,0,0,
90_0,90,90.jpg,0,surface_injure,surface_injure,69,578,139,1024,71,447,31737,0.030266761779785156,0.15883668903803133,104.0,801.0,train,Unspecified,1,0,
90_1,90,90.jpg,1,surface_injure,surface_injure,1,1,533,233,533,233,124189,0.11843585968017578,2.2875536480686693,267.0,117.0,train,Unspecified,1,0,
90_2,90,90.jpg,2,surface_injure,surface_injure,548,1,1002,556,455,556,252980,0.24126052856445312,0.8183453237410072,775.0,278.5,train,Unspecified,1,0,
91_0,91,91.jpg,0,hide_craze,hide_craze,420,461,625,911,206,451,92906,0.08860206604003906,0.4567627494456763,522.5,686.0,train,Unspecified,0,0,
92_0,92,92.jpg,0,crack,crack,416,35,706,708,291,674,196134,0.18704795837402344,0.4317507418397626,561.0,371.5,train,Unspecified,0,0,
93_0,93,93.jpg,0,craze,craze,233,369,1023,681,791,313,247583,0.2361135482788086,2.527156549520767,628.0,525.0,test,Unspecified,0,0,
94_0,94,94.jpg,0,crack,crack,273,394,319,594,47,201,9447,0.009009361267089844,0.23383084577114427,296.0,494.0,train,Unspecified,0,0,
94_1,94,94.jpg,1,crack,crack,428,266,566,536,139,271,37669,0.03592395782470703,0.5129151291512916,497.0,401.0,train,Unspecified,0,0,
95_0,95,95.jpg,0,corrosion,corrosion,241,530,323,1011,83,482,40006,0.03815269470214844,0.17219917012448133,282.0,770.5,train,Unspecified,0,0,
95_1,95,95.jpg,1,corrosion,corrosion,295,13,423,516,129,504,65016,0.06200408935546875,0.25595238095238093,359.0,264.5,train,Unspecified,0,0,
95_2,95,95.jpg,2,thunderstrike,thunderstrike,600,10,691,69,92,60,5520,0.0052642822265625,1.5333333333333334,645.5,39.5,train,Unspecified,0,0,
96_0,96,96.jpg,0,surface_injure,surface_injure,608,505,739,639,132,135,17820,0.016994476318359375,0.9777777777777777,673.5,572.0,validation,Unspecified,0,0,
96_1,96,96.jpg,1,surface_injure,surface_injure,875,545,1017,653,143,109,15587,0.014864921569824219,1.311926605504587,946.0,599.0,validation,Unspecified,0,0,
97_0,97,97.jpg,0,crack,crack,358,422,616,686,259,265,68635,0.06545543670654297,0.9773584905660377,487.0,554.0,train,Unspecified,0,0,
99_0,99,99.jpg,0,hide_craze,hide_craze,394,513,920,555,527,43,22661,0.02161121368408203,12.255813953488373,657.0,534.0,validation,Unspecified,0,0,
100_0,100,100.jpg,0,thunderstrike,thunderstrike,494,142,842,961,349,820,286180,0.2729225158691406,0.42560975609756097,668.0,551.5,validation,Unspecified,0,0,
101_0,101,101.jpg,0,surface_injure,surface_injure,314,114,659,542,346,429,148434,0.1415576934814453,0.8065268065268065,486.5,328.0,train,Unspecified,0,0,
102_0,102,102.jpg,0,thunderstrike,thunderstrike,475,510,602,722,128,213,27264,0.0260009765625,0.6009389671361502,538.5,616.0,train,Unspecified,0,0,
103_0,103,103.jpg,0,craze,craze,14,383,812,683,799,301,240499,0.22935771942138672,2.654485049833887,413.0,533.0,test,Unspecified,0,0,
104_0,104,104.jpg,0,crack,crack,406,419,697,663,292,245,71540,0.06822586059570312,1.1918367346938776,551.5,541.0,train,Unspecified,0,0,
106_0,106,106.jpg,0,surface_injure,surface_injure,337,805,372,860,36,56,2016,0.001922607421875,0.6428571428571429,354.5,832.5,train,Unspecified,0,0,
106_1,106,106.jpg,1,surface_injure,surface_injure,616,792,653,1002,38,211,8018,0.0076465606689453125,0.18009478672985782,634.5,897.0,train,Unspecified,0,0,
106_2,106,106.jpg,2,surface_injure,surface_injure,619,627,753,705,135,79,10665,0.010170936584472656,1.7088607594936709,686.0,666.0,train,Unspecified,0,0,
106_3,106,106.jpg,3,surface_injure,surface_injure,623,520,661,614,39,95,3705,0.0035333633422851562,0.4105263157894737,642.0,567.0,train,Unspecified,0,0,
106_4,106,106.jpg,4,surface_injure,surface_injure,631,80,698,316,68,237,16116,0.015369415283203125,0.2869198312236287,664.5,198.0,train,Unspecified,0,0,
106_5,106,106.jpg,5,surface_injure,surface_injure,700,92,752,142,53,51,2703,0.0025777816772460938,1.0392156862745099,726.0,117.0,train,Unspecified,0,0,
106_6,106,106.jpg,6,surface_injure,surface_injure,789,11,831,49,43,39,1677,0.0015993118286132812,1.1025641025641026,810.0,30.0,train,Unspecified,0,0,
107_0,107,107.jpg,0,crack,crack,356,99,397,310,42,212,8904,0.00849151611328125,0.19811320754716982,376.5,204.5,train,Unspecified,0,0,
107_1,107,107.jpg,1,crack,crack,472,124,517,353,46,230,10580,0.010089874267578125,0.2,494.5,238.5,train,Unspecified,0,0,
108_0,108,108.jpg,0,thunderstrike,thunderstrike,542,313,911,800,370,488,180560,0.1721954345703125,0.7581967213114754,726.5,556.5,validation,Unspecified,0,0,
108_1,108,108.jpg,1,surface_injure,surface_injure,928,2,1014,781,87,780,67860,0.06471633911132812,0.11153846153846154,971.0,391.5,validation,Unspecified,0,0,
108_2,108,108.jpg,2,surface_injure,surface_injure,342,10,534,935,193,926,178718,0.1704387664794922,0.2084233261339093,438.0,472.5,validation,Unspecified,0,0,
109_0,109,109.jpg,0,surface_injure,surface_injure,180,470,819,549,640,80,51200,0.048828125,8.0,499.5,509.5,train,Unspecified,0,0,
110_0,110,110.jpg,0,surface_injure,surface_injure,41,128,616,213,576,86,49536,0.0472412109375,6.6976744186046515,328.5,170.5,train,Unspecified,0,0,
111_0,111,111.jpg,0,crack,crack,416,263,586,402,171,140,23940,0.022830963134765625,1.2214285714285715,501.0,332.5,validation,Unspecified,0,0,
112_0,112,112.jpg,0,thunderstrike,thunderstrike,250,320,600,695,351,376,131976,0.12586212158203125,0.9335106382978723,425.0,507.5,test,Unspecified,0,0,
112_1,112,112.jpg,1,surface_injure,surface_injure,56,95,691,281,636,187,118932,0.11342239379882812,3.4010695187165774,373.5,188.0,test,Unspecified,0,0,
113_0,113,113.jpg,0,corrosion,corrosion,462,502,572,1024,111,523,58053,0.05536365509033203,0.21223709369024857,517.0,763.0,train,Unspecified,1,0,
113_1,113,113.jpg,1,corrosion,corrosion,536,5,587,488,52,484,25168,0.0240020751953125,0.10743801652892562,561.5,246.5,train,Unspecified,0,0,
114_0,114,114.jpg,0,hide_craze,hide_craze,639,625,691,985,53,361,19133,0.01824665069580078,0.14681440443213298,665.0,805.0,validation,Unspecified,0,0,
114_1,114,114.jpg,1,hide_craze,hide_craze,689,10,773,606,85,597,50745,0.048394203186035156,0.1423785594639866,731.0,308.0,validation,Unspecified,0,0,
115_0,115,115.jpg,0,corrosion,corrosion,302,438,447,977,146,540,78840,0.07518768310546875,0.27037037037037037,374.5,707.5,train,Unspecified,0,0,
115_1,115,115.jpg,1,corrosion,corrosion,406,24,555,427,150,404,60600,0.05779266357421875,0.3712871287128713,480.5,225.5,train,Unspecified,0,0,
116_0,116,116.jpg,0,surface_injure,surface_injure,491,670,536,714,46,45,2070,0.0019741058349609375,1.0222222222222221,513.5,692.0,train,Unspecified,0,0,
116_1,116,116.jpg,1,hide_craze,hide_craze,456,450,481,516,26,67,1742,0.0016613006591796875,0.3880597014925373,468.5,483.0,train,Unspecified,0,0,
116_2,116,116.jpg,2,hide_craze,hide_craze,437,86,486,439,50,354,17700,0.016880035400390625,0.14124293785310735,461.5,262.5,train,Unspecified,0,0,
117_0,117,117.jpg,0,craze,craze,402,356,1023,1008,622,653,406166,0.38735008239746094,0.9525267993874426,712.5,682.0,validation,Unspecified,0,0,
118_0,118,118.jpg,0,surface_injure,surface_injure,695,277,814,1002,120,726,87120,0.0830841064453125,0.1652892561983471,754.5,639.5,train,Unspecified,0,0,
119_0,119,119.jpg,0,thunderstrike,thunderstrike,547,449,639,642,93,194,18042,0.017206192016601562,0.4793814432989691,593.0,545.5,train,Unspecified,0,0,
120_0,120,120.jpg,0,corrosion,corrosion,512,13,647,988,136,976,132736,0.1265869140625,0.13934426229508196,579.5,500.5,train,Unspecified,0,0,
121_0,121,121.jpg,0,hide_craze,hide_craze,722,13,1012,242,291,230,66930,0.06382942199707031,1.2652173913043478,867.0,127.5,train,Unspecified,0,0,
122_0,122,122.jpg,0,hide_craze,hide_craze,89,431,336,472,248,42,10416,0.0099334716796875,5.904761904761905,212.5,451.5,train,Unspecified,0,0,
122_1,122,122.jpg,1,hide_craze,hide_craze,762,281,991,306,230,26,5980,0.005702972412109375,8.846153846153847,876.5,293.5,train,Unspecified,0,0,
123_0,123,123.jpg,0,craze,craze,459,20,561,208,103,189,19467,0.01856517791748047,0.544973544973545,510.0,114.0,validation,Unspecified,0,0,
123_1,123,123.jpg,1,craze,craze,481,222,595,581,115,360,41400,0.03948211669921875,0.3194444444444444,538.0,401.5,validation,Unspecified,0,0,
123_2,123,123.jpg,2,craze,craze,492,606,620,944,129,339,43731,0.04170513153076172,0.3805309734513274,556.0,775.0,validation,Unspecified,0,0,
124_0,124,124.jpg,0,hide_craze,hide_craze,173,13,295,1008,123,996,122508,0.11683273315429688,0.12349397590361445,234.0,510.5,train,Unspecified,0,0,
125_0,125,125.jpg,0,hide_craze,hide_craze,330,538,819,569,490,32,15680,0.01495361328125,15.3125,574.5,553.5,train,Unspecified,0,0,
125_1,125,125.jpg,1,hide_craze,hide_craze,928,544,1023,569,96,26,2496,0.00238037109375,3.6923076923076925,975.5,556.5,train,Unspecified,0,0,
126_0,126,126.jpg,0,craze,craze,56,664,164,872,109,209,22781,0.02172565460205078,0.5215311004784688,110.0,768.0,train,Unspecified,0,0,
126_1,126,126.jpg,1,craze,craze,594,110,702,706,109,597,65073,0.062058448791503906,0.18257956448911222,648.0,408.0,train,Unspecified,0,0,
126_2,126,126.jpg,2,craze,craze,336,339,572,681,237,343,81291,0.07752513885498047,0.6909620991253644,454.0,510.0,train,Unspecified,0,0,
126_3,126,126.jpg,3,surface_injure,surface_injure,694,3,1000,156,307,154,47278,0.04508781433105469,1.9935064935064934,847.0,79.5,train,Unspecified,0,0,
127_0,127,127.jpg,0,surface_injure,surface_injure,1,2,117,980,117,979,114543,0.1092367172241211,0.1195097037793667,59.0,491.0,train,Unspecified,1,0,
127_1,127,127.jpg,1,surface_injure,surface_injure,125,1,812,391,688,391,269008,0.2565460205078125,1.7595907928388748,468.5,196.0,train,Unspecified,1,0,
128_0,128,128.jpg,0,surface_injure,surface_injure,427,780,534,836,108,57,6156,0.005870819091796875,1.894736842105263,480.5,808.0,validation,Unspecified,0,0,
129_0,129,129.jpg,0,hide_craze,hide_craze,422,1,562,964,141,964,135924,0.12962722778320312,0.1462655601659751,492.0,482.5,train,Unspecified,1,0,
130_0,130,130.jpg,0,crack,crack,100,233,170,583,71,351,24921,0.023766517639160156,0.2022792022792023,135.0,408.0,train,Unspecified,0,0,
130_1,130,130.jpg,1,crack,crack,420,8,697,469,278,462,128436,0.12248611450195312,0.6017316017316018,558.5,238.5,train,Unspecified,0,0,
131_0,131,131.jpg,0,surface_injure,surface_injure,391,650,520,830,130,181,23530,0.022439956665039062,0.7182320441988951,455.5,740.0,validation,Unspecified,0,0,
132_0,132,132.jpg,0,corrosion,corrosion,550,585,956,674,407,90,36630,0.03493309020996094,4.522222222222222,753.0,629.5,train,Unspecified,0,0,
132_1,132,132.jpg,1,corrosion,corrosion,267,513,530,592,264,80,21120,0.0201416015625,3.3,398.5,552.5,train,Unspecified,0,0,
133_0,133,133.jpg,0,crack,crack,420,50,555,630,136,581,79016,0.07535552978515625,0.23407917383820998,487.5,340.0,train,Unspecified,0,0,
134_0,134,134.jpg,0,crack,crack,472,252,633,420,162,169,27378,0.026109695434570312,0.9585798816568047,552.5,336.0,train,Unspecified,0,0,
136_0,136,136.jpg,0,crack,crack,689,569,997,906,309,338,104442,0.09960365295410156,0.9142011834319527,843.0,737.5,train,Unspecified,0,0,
138_0,138,138.jpg,0,hide_craze,hide_craze,2,77,969,272,968,196,189728,0.180938720703125,4.938775510204081,485.5,174.5,train,Unspecified,0,0,
140_0,140,140.jpg,0,hide_craze,hide_craze,311,13,661,520,351,508,178308,0.17004776000976562,0.6909448818897638,486.0,266.5,train,Unspecified,0,0,
140_1,140,140.jpg,1,hide_craze,hide_craze,681,527,1014,930,334,404,134936,0.12868499755859375,0.8267326732673267,847.5,728.5,train,Unspecified,0,0,
142_0,142,142.jpg,0,surface_injure,surface_injure,53,488,947,586,895,99,88605,0.08450031280517578,9.04040404040404,500.0,537.0,test,Unspecified,0,0,
143_0,143,143.jpg,0,crack,crack,370,185,556,819,187,635,118745,0.11324405670166016,0.29448818897637796,463.0,502.0,validation,Unspecified,0,0,
144_0,144,144.jpg,0,hide_craze,hide_craze,83,281,125,478,43,198,8514,0.008119583129882812,0.21717171717171718,104.0,379.5,train,Unspecified,0,0,
144_1,144,144.jpg,1,hide_craze,hide_craze,8,411,917,524,910,114,103740,0.09893417358398438,7.982456140350878,462.5,467.5,train,Unspecified,0,0,
144_2,144,144.jpg,2,hide_craze,hide_craze,198,472,230,764,33,293,9669,0.009221076965332031,0.11262798634812286,214.0,618.0,train,Unspecified,0,0,
144_3,144,144.jpg,3,hide_craze,hide_craze,808,252,853,413,46,162,7452,0.007106781005859375,0.2839506172839506,830.5,332.5,train,Unspecified,0,0,
145_0,145,145.jpg,0,surface_injure,surface_injure,748,475,958,803,211,329,69419,0.06620311737060547,0.6413373860182371,853.0,639.0,train,Unspecified,0,0,
146_0,146,146.jpg,0,hide_craze,hide_craze,312,266,512,725,201,460,92460,0.08817672729492188,0.4369565217391304,412.0,495.5,test,Unspecified,0,0,
147_0,147,147.jpg,0,hide_craze,hide_craze,339,505,402,847,64,343,21952,0.02093505859375,0.18658892128279883,370.5,676.0,train,Unspecified,0,0,
148_0,148,148.jpg,0,hide_craze,hide_craze,516,869,602,999,87,131,11397,0.010869026184082031,0.6641221374045801,559.0,934.0,train,Unspecified,0,0,
148_1,148,148.jpg,1,hide_craze,hide_craze,531,381,647,516,117,136,15912,0.01517486572265625,0.8602941176470589,589.0,448.5,train,Unspecified,0,0,
149_0,149,149.jpg,0,surface_injure,surface_injure,95,700,381,758,287,59,16933,0.01614856719970703,4.864406779661017,238.0,729.0,train,Unspecified,0,0,
151_0,151,151.jpg,0,hide_craze,hide_craze,614,406,661,885,48,480,23040,0.02197265625,0.1,637.5,645.5,train,Unspecified,0,0,
152_0,152,152.jpg,0,crack,crack,706,381,752,597,47,217,10199,0.009726524353027344,0.21658986175115208,729.0,489.0,train,Unspecified,0,0,
152_1,152,152.jpg,1,crack,crack,477,261,605,519,129,259,33411,0.03186321258544922,0.4980694980694981,541.0,390.0,train,Unspecified,0,0,
153_0,153,153.jpg,0,craze,craze,427,354,1024,1019,598,666,398268,0.3798179626464844,0.8978978978978979,725.5,686.5,train,Unspecified,1,0,
154_0,154,154.jpg,0,corrosion,corrosion,352,1,625,567,274,567,155358,0.1481609344482422,0.48324514991181655,488.5,284.0,train,Unspecified,1,0,
154_1,154,154.jpg,1,corrosion,corrosion,561,586,745,1014,185,429,79365,0.07568836212158203,0.43123543123543123,653.0,800.0,train,Unspecified,0,0,
155_0,155,155.jpg,0,thunderstrike,thunderstrike,323,339,728,661,406,323,131138,0.1250629425048828,1.256965944272446,525.5,500.0,train,Unspecified,0,0,
155_1,155,155.jpg,1,surface_injure,surface_injure,778,194,947,735,170,542,92140,0.08787155151367188,0.31365313653136534,862.5,464.5,train,Unspecified,0,0,
155_2,155,155.jpg,2,surface_injure,surface_injure,227,278,311,613,85,336,28560,0.0272369384765625,0.25297619047619047,269.0,445.5,train,Unspecified,0,0,
155_3,155,155.jpg,3,surface_injure,surface_injure,334,205,761,303,428,99,42372,0.040409088134765625,4.3232323232323235,547.5,254.0,train,Unspecified,0,0,
155_4,155,155.jpg,4,surface_injure,surface_injure,334,672,761,736,428,65,27820,0.026531219482421875,6.584615384615384,547.5,704.0,train,Unspecified,0,0,
156_0,156,156.jpg,0,craze,craze,577,500,825,774,249,275,68475,0.06530284881591797,0.9054545454545454,701.0,637.0,test,Unspecified,0,0,
157_0,157,157.jpg,0,crack,crack,436,278,505,749,70,472,33040,0.0315093994140625,0.1483050847457627,470.5,513.5,train,Unspecified,0,0,
158_0,158,158.jpg,0,thunderstrike,thunderstrike,870,339,1000,447,131,109,14279,0.013617515563964844,1.201834862385321,935.0,393.0,train,Unspecified,0,0,
158_1,158,158.jpg,1,corrosion,corrosion,259,327,356,449,98,123,12054,0.011495590209960938,0.7967479674796748,307.5,388.0,train,Unspecified,0,0,
159_0,159,159.jpg,0,crack,crack,528,149,603,435,76,287,21812,0.020801544189453125,0.26480836236933797,565.5,292.0,train,Unspecified,0,0,
160_0,160,160.jpg,0,corrosion,corrosion,450,10,656,1005,207,996,206172,0.19662094116210938,0.20783132530120482,553.0,507.5,train,Unspecified,0,0,
161_0,161,161.jpg,0,corrosion,corrosion,450,8,878,1020,429,1013,434577,0.4144449234008789,0.42349457058242845,664.0,514.0,test,Unspecified,0,0,
162_0,162,162.jpg,0,corrosion,corrosion,348,16,441,428,94,413,38822,0.03702354431152344,0.22760290556900725,394.5,222.0,train,Unspecified,0,0,
162_1,162,162.jpg,1,corrosion,corrosion,392,444,491,1013,100,570,57000,0.05435943603515625,0.17543859649122806,441.5,728.5,train,Unspecified,0,0,
163_0,163,163.jpg,0,hide_craze,hide_craze,517,263,577,400,61,138,8418,0.008028030395507812,0.4420289855072464,547.0,331.5,test,Unspecified,0,0,
164_0,164,164.jpg,0,crack,crack,386,413,689,691,304,279,84816,0.0808868408203125,1.0896057347670252,537.5,552.0,train,Unspecified,0,0,
165_0,165,165.jpg,0,corrosion,corrosion,256,502,750,1019,495,518,256410,0.24453163146972656,0.9555984555984556,503.0,760.5,validation,Unspecified,0,0,
165_1,165,165.jpg,1,corrosion,corrosion,208,31,481,486,274,456,124944,0.1191558837890625,0.6008771929824561,344.5,258.5,validation,Unspecified,0,0,
166_0,166,166.jpg,0,craze,craze,295,305,584,406,290,102,29580,0.028209686279296875,2.843137254901961,439.5,355.5,test,Unspecified,0,0,
167_0,167,167.jpg,0,craze,craze,422,14,898,800,477,787,375399,0.35800838470458984,0.6060991105463787,660.0,407.0,test,Unspecified,0,0,
167_1,167,167.jpg,1,craze,craze,181,8,341,300,161,293,47173,0.04498767852783203,0.5494880546075085,261.0,154.0,test,Unspecified,0,0,
168_0,168,168.jpg,0,crack,crack,391,414,694,685,304,272,82688,0.078857421875,1.1176470588235294,542.5,549.5,train,Unspecified,0,0,
169_0,169,169.jpg,0,surface_injure,surface_injure,462,308,592,374,131,67,8777,0.008370399475097656,1.955223880597015,527.0,341.0,validation,Unspecified,0,0,
169_1,169,169.jpg,1,craze,craze,637,333,959,456,323,124,40052,0.038196563720703125,2.6048387096774195,798.0,394.5,validation,Unspecified,0,0,
170_0,170,170.jpg,0,corrosion,corrosion,1,1,442,422,442,422,186524,0.17788314819335938,1.04739336492891,221.5,211.5,train,Unspecified,1,0,
170_1,170,170.jpg,1,corrosion,corrosion,455,272,748,661,294,390,114660,0.10934829711914062,0.7538461538461538,601.5,466.5,train,Unspecified,0,0,
170_2,170,170.jpg,2,corrosion,corrosion,753,505,1023,863,271,359,97289,0.09278202056884766,0.754874651810585,888.0,684.0,train,Unspecified,0,0,
171_0,171,171.jpg,0,hide_craze,hide_craze,58,475,186,1011,129,537,69273,0.06606388092041016,0.24022346368715083,122.0,743.0,train,Unspecified,0,0,
171_1,171,171.jpg,1,hide_craze,hide_craze,176,94,336,484,161,391,62951,0.060034751892089844,0.4117647058823529,256.0,289.0,train,Unspecified,0,0,
172_0,172,172.jpg,0,craze,craze,294,260,731,545,438,286,125268,0.11946487426757812,1.5314685314685315,512.5,402.5,train,Unspecified,0,0,
172_1,172,172.jpg,1,craze,craze,756,570,1006,778,251,209,52459,0.05002880096435547,1.200956937799043,881.0,674.0,train,Unspecified,0,0,
173_0,173,173.jpg,0,craze,craze,94,635,1000,835,907,201,182307,0.17386150360107422,4.512437810945274,547.0,735.0,train,Unspecified,0,0,
176_0,176,176.jpg,0,crack,crack,347,103,406,286,60,184,11040,0.010528564453125,0.32608695652173914,376.5,194.5,train,Unspecified,0,0,
176_1,176,176.jpg,1,crack,crack,464,125,522,335,59,211,12449,0.011872291564941406,0.2796208530805687,493.0,230.0,train,Unspecified,0,0,
177_0,177,177.jpg,0,craze,craze,36,392,647,510,612,119,72828,0.06945419311523438,5.142857142857143,341.5,451.0,train,Unspecified,0,0,
178_0,178,178.jpg,0,surface_injure,surface_injure,600,469,742,744,143,276,39468,0.037639617919921875,0.5181159420289855,671.0,606.5,test,Unspecified,0,0,
178_1,178,178.jpg,1,surface_injure,surface_injure,522,695,606,919,85,225,19125,0.01823902130126953,0.37777777777777777,564.0,807.0,test,Unspecified,0,0,
178_2,178,178.jpg,2,surface_injure,surface_injure,433,5,578,766,146,762,111252,0.10609817504882812,0.19160104986876642,505.5,385.5,test,Unspecified,0,0,
180_0,180,180.jpg,0,craze,craze,287,444,550,928,264,485,128040,0.12210845947265625,0.5443298969072164,418.5,686.0,train,Unspecified,0,0,
181_0,181,181.jpg,0,craze,craze,8,480,1020,714,1013,235,238055,0.22702693939208984,4.31063829787234,514.0,597.0,train,Unspecified,0,0,
182_0,182,182.jpg,0,crack,crack,391,17,512,731,122,715,87230,0.08318901062011719,0.17062937062937064,451.5,374.0,validation,Unspecified,0,0,
183_0,183,183.jpg,0,crack,crack,527,14,619,324,93,311,28923,0.02758312225341797,0.2990353697749196,573.0,169.0,train,Unspecified,0,0,
183_1,183,183.jpg,1,crack,crack,344,180,462,402,119,223,26537,0.025307655334472656,0.5336322869955157,403.0,291.0,train,Unspecified,0,0,
184_0,184,184.jpg,0,craze,craze,511,25,962,542,452,518,234136,0.22328948974609375,0.8725868725868726,736.5,283.5,train,Unspecified,0,0,
184_1,184,184.jpg,1,craze,craze,73,174,292,281,220,108,23760,0.0226593017578125,2.037037037037037,182.5,227.5,train,Unspecified,0,0,
185_0,185,185.jpg,0,hide_craze,hide_craze,398,474,750,502,353,29,10237,0.009762763977050781,12.172413793103448,574.0,488.0,train,Unspecified,0,0,
185_1,185,185.jpg,1,hide_craze,hide_craze,122,474,314,497,193,24,4632,0.00441741943359375,8.041666666666666,218.0,485.5,train,Unspecified,0,0,
186_0,186,186.jpg,0,thunderstrike,thunderstrike,94,345,870,844,777,500,388500,0.3705024719238281,1.554,482.0,594.5,train,Unspecified,0,0,
187_0,187,187.jpg,0,crack,crack,119,186,305,311,187,126,23562,0.022470474243164062,1.4841269841269842,212.0,248.5,validation,Unspecified,0,0,
187_1,187,187.jpg,1,crack,crack,595,53,761,200,167,148,24716,0.023571014404296875,1.1283783783783783,678.0,126.5,validation,Unspecified,0,0,
188_0,188,188.jpg,0,crack,crack,272,392,316,592,45,201,9045,0.008625984191894531,0.22388059701492538,294.0,492.0,train,Unspecified,0,0,
188_1,188,188.jpg,1,crack,crack,430,253,566,547,137,295,40415,0.038542747497558594,0.46440677966101696,498.0,400.0,train,Unspecified,0,0,
190_0,190,190.jpg,0,surface_injure,surface_injure,219,522,595,908,377,387,145899,0.13914012908935547,0.9741602067183462,407.0,715.0,train,Unspecified,0,0,
192_0,192,192.jpg,0,surface_injure,surface_injure,328,550,377,600,50,51,2550,0.0024318695068359375,0.9803921568627451,352.5,575.0,train,Unspecified,0,0,
192_1,192,192.jpg,1,hide_craze,hide_craze,539,517,600,539,62,23,1426,0.0013599395751953125,2.6956521739130435,569.5,528.0,train,Unspecified,0,0,
192_2,192,192.jpg,2,hide_craze,hide_craze,616,493,989,543,374,51,19074,0.018190383911132812,7.333333333333333,802.5,518.0,train,Unspecified,0,0,
193_0,193,193.jpg,0,craze,craze,581,299,759,477,179,179,32041,0.030556678771972656,1.0,670.0,388.0,train,Unspecified,0,0,
194_0,194,194.jpg,0,thunderstrike,thunderstrike,773,300,898,406,126,107,13482,0.012857437133789062,1.1775700934579438,835.5,353.0,validation,Unspecified,0,0,
194_1,194,194.jpg,1,thunderstrike,thunderstrike,708,102,761,167,54,66,3564,0.003398895263671875,0.8181818181818182,734.5,134.5,validation,Unspecified,0,0,
195_0,195,195.jpg,0,craze,craze,227,319,584,410,358,92,32936,0.03141021728515625,3.891304347826087,405.5,364.5,train,Unspecified,0,0,
198_0,198,198.jpg,0,craze,craze,387,60,998,922,612,863,528156,0.5036888122558594,0.709154113557358,692.5,491.0,test,Unspecified,0,0,
198_1,198,198.jpg,1,hide_craze,hide_craze,84,378,366,438,283,61,17263,0.016463279724121094,4.639344262295082,225.0,408.0,test,Unspecified,0,0,
199_0,199,199.jpg,0,crack,crack,523,286,625,974,103,689,70967,0.06767940521240234,0.14949201741654572,574.0,630.0,train,Unspecified,0,0,
200_0,200,200.jpg,0,surface_injure,surface_injure,253,292,333,347,81,56,4536,0.00432586669921875,1.4464285714285714,293.0,319.5,train,Unspecified,0,0,
200_1,200,200.jpg,1,surface_injure,surface_injure,275,470,344,517,70,48,3360,0.003204345703125,1.4583333333333333,309.5,493.5,train,Unspecified,0,0,
201_0,201,201.jpg,0,crack,crack,356,99,394,308,39,210,8190,0.0078105926513671875,0.18571428571428572,375.0,203.5,train,Unspecified,0,0,
201_1,201,201.jpg,1,crack,crack,472,120,512,350,41,231,9471,0.009032249450683594,0.1774891774891775,492.0,235.0,train,Unspecified,0,0,
203_0,203,203.jpg,0,crack,crack,284,66,433,200,150,135,20250,0.019311904907226562,1.1111111111111112,358.5,133.0,validation,Unspecified,0,0,
203_1,203,203.jpg,1,crack,crack,742,202,897,300,156,99,15444,0.014728546142578125,1.5757575757575757,819.5,251.0,validation,Unspecified,0,0,
204_0,204,204.jpg,0,thunderstrike,thunderstrike,703,113,806,156,104,44,4576,0.004364013671875,2.3636363636363638,754.5,134.5,train,Unspecified,0,0,
205_0,205,205.jpg,0,corrosion,corrosion,3,217,391,314,389,98,38122,0.03635597229003906,3.9693877551020407,197.0,265.5,validation,Unspecified,0,0,
205_1,205,205.jpg,1,corrosion,corrosion,405,269,900,428,496,160,79360,0.07568359375,3.1,652.5,348.5,validation,Unspecified,0,0,
205_2,205,205.jpg,2,thunderstrike,thunderstrike,836,594,889,708,54,115,6210,0.0059223175048828125,0.46956521739130436,862.5,651.0,validation,Unspecified,0,0,
206_0,206,206.jpg,0,crack,crack,528,274,587,747,60,474,28440,0.02712249755859375,0.12658227848101267,557.5,510.5,train,Unspecified,0,0,
207_0,207,207.jpg,0,corrosion,corrosion,369,688,714,910,346,223,77158,0.07358360290527344,1.5515695067264574,541.5,799.0,train,Unspecified,0,0,
207_1,207,207.jpg,1,corrosion,corrosion,631,49,861,658,231,610,140910,0.1343822479248047,0.37868852459016394,746.0,353.5,train,Unspecified,0,0,
208_0,208,208.jpg,0,surface_injure,surface_injure,502,524,845,747,344,224,77056,0.073486328125,1.5357142857142858,673.5,635.5,train,Unspecified,0,0,
209_0,209,209.jpg,0,hide_craze,hide_craze,25,372,473,436,449,65,29185,0.027832984924316406,6.907692307692308,249.0,404.0,test,Unspecified,0,0,
211_0,211,211.jpg,0,crack,crack,462,170,697,245,236,76,17936,0.0171051025390625,3.1052631578947367,579.5,207.5,train,Unspecified,0,0,
211_1,211,211.jpg,1,crack,crack,527,431,833,663,307,233,71531,0.06821727752685547,1.3175965665236051,680.0,547.0,train,Unspecified,0,0,
212_0,212,212.jpg,0,crack,crack,331,399,650,720,320,322,103040,0.0982666015625,0.9937888198757764,490.5,559.5,train,Unspecified,0,0,
213_0,213,213.jpg,0,craze,craze,11,661,686,1024,676,364,246064,0.2346649169921875,1.8571428571428572,348.5,842.5,train,Unspecified,1,0,
214_0,214,214.jpg,0,craze,craze,72,400,942,886,871,487,424177,0.4045267105102539,1.788501026694045,507.0,643.0,test,Unspecified,0,0,
215_0,215,215.jpg,0,craze,craze,584,725,998,825,415,101,41915,0.03997325897216797,4.108910891089109,791.0,775.0,train,Unspecified,0,0,
216_0,216,216.jpg,0,crack,crack,478,111,556,175,79,65,5135,0.004897117614746094,1.2153846153846153,517.0,143.0,test,Unspecified,0,0,
217_0,217,217.jpg,0,surface_injure,surface_injure,834,514,891,713,58,200,11600,0.0110626220703125,0.29,862.5,613.5,test,Unspecified,0,0,
218_0,218,218.jpg,0,corrosion,corrosion,5,436,377,492,373,57,21261,0.02027606964111328,6.543859649122807,191.0,464.0,train,Unspecified,0,0,
218_1,218,218.jpg,1,corrosion,corrosion,394,441,1022,560,629,120,75480,0.07198333740234375,5.241666666666666,708.0,500.5,train,Unspecified,0,0,
219_0,219,219.jpg,0,craze,craze,506,147,1014,877,509,731,372079,0.3548421859741211,0.6963064295485636,760.0,512.0,validation,Unspecified,0,0,
219_1,219,219.jpg,1,craze,craze,269,267,447,542,179,276,49404,0.047115325927734375,0.6485507246376812,358.0,404.5,validation,Unspecified,0,0,
219_2,219,219.jpg,2,craze,craze,5,242,117,438,113,197,22261,0.02122974395751953,0.5736040609137056,61.0,340.0,validation,Unspecified,0,0,
220_0,220,220.jpg,0,hide_craze,hide_craze,253,524,531,874,279,351,97929,0.09339237213134766,0.7948717948717948,392.0,699.0,train,Unspecified,0,0,
220_1,220,220.jpg,1,hide_craze,hide_craze,545,116,711,527,167,412,68804,0.06561660766601562,0.4053398058252427,628.0,321.5,train,Unspecified,0,0,
221_0,221,221.jpg,0,crack,crack,762,111,881,280,120,170,20400,0.0194549560546875,0.7058823529411765,821.5,195.5,train,Unspecified,0,0,
221_1,221,221.jpg,1,crack,crack,898,588,1022,753,125,166,20750,0.019788742065429688,0.7530120481927711,960.0,670.5,train,Unspecified,0,0,
222_0,222,222.jpg,0,surface_injure,surface_injure,459,566,703,831,245,266,65170,0.06215095520019531,0.9210526315789473,581.0,698.5,train,Unspecified,0,0,
222_1,222,222.jpg,1,surface_injure,surface_injure,483,139,556,289,74,151,11174,0.010656356811523438,0.4900662251655629,519.5,214.0,train,Unspecified,0,0,
223_0,223,223.jpg,0,thunderstrike,thunderstrike,394,458,573,728,180,271,48780,0.046520233154296875,0.6642066420664207,483.5,593.0,train,Unspecified,0,0,
224_0,224,224.jpg,0,hide_craze,hide_craze,12,660,845,930,834,271,226014,0.2155437469482422,3.077490774907749,428.5,795.0,test,Unspecified,0,0,
225_0,225,225.jpg,0,crack,crack,372,1,497,364,126,364,45864,0.04373931884765625,0.34615384615384615,434.5,182.5,validation,Unspecified,1,0,
226_0,226,226.jpg,0,crack,crack,961,466,1024,564,64,99,6336,0.00604248046875,0.6464646464646465,992.5,515.0,train,Unspecified,1,0,
227_0,227,227.jpg,0,corrosion,corrosion,494,766,558,1020,65,255,16575,0.015807151794433594,0.2549019607843137,526.0,893.0,train,Unspecified,0,0,
228_0,228,228.jpg,0,hide_craze,hide_craze,312,320,389,399,78,80,6240,0.005950927734375,0.975,350.5,359.5,test,Unspecified,0,0,
228_1,228,228.jpg,1,hide_craze,hide_craze,527,519,653,627,127,109,13843,0.013201713562011719,1.165137614678899,590.0,573.0,test,Unspecified,0,0,
229_0,229,229.jpg,0,crack,crack,334,30,644,411,311,382,118802,0.11329841613769531,0.8141361256544503,489.0,220.5,train,Unspecified,0,0,
230_0,230,230.jpg,0,corrosion,corrosion,234,470,342,1010,109,541,58969,0.056237220764160156,0.20147874306839186,288.0,740.0,validation,Unspecified,0,0,
230_1,230,230.jpg,1,corrosion,corrosion,311,14,430,460,120,447,53640,0.05115509033203125,0.2684563758389262,370.5,237.0,validation,Unspecified,0,0,
231_0,231,231.jpg,0,crack,crack,628,417,867,577,240,161,38640,0.0368499755859375,1.4906832298136645,747.5,497.0,train,Unspecified,0,0,
232_0,232,232.jpg,0,thunderstrike,thunderstrike,675,280,787,322,113,43,4859,0.004633903503417969,2.627906976744186,731.0,301.0,train,Unspecified,0,0,
234_0,234,234.jpg,0,surface_injure,surface_injure,370,414,545,631,176,218,38368,0.036590576171875,0.8073394495412844,457.5,522.5,test,Unspecified,0,0,
234_1,234,234.jpg,1,hide_craze,hide_craze,200,95,372,466,173,372,64356,0.061374664306640625,0.4650537634408602,286.0,280.5,test,Unspecified,0,0,
234_2,234,234.jpg,2,hide_craze,hide_craze,394,161,648,377,255,217,55335,0.052771568298339844,1.1751152073732718,521.0,269.0,test,Unspecified,0,0,
234_3,234,234.jpg,3,hide_craze,hide_craze,512,667,675,822,164,156,25584,0.0243988037109375,1.0512820512820513,593.5,744.5,test,Unspecified,0,0,
234_4,234,234.jpg,4,hide_craze,hide_craze,521,354,770,486,250,133,33250,0.03170967102050781,1.8796992481203008,645.5,420.0,test,Unspecified,0,0,
236_0,236,236.jpg,0,craze,craze,122,203,287,294,166,92,15272,0.01456451416015625,1.8043478260869565,204.5,248.5,train,Unspecified,0,0,
236_1,236,236.jpg,1,craze,craze,756,642,900,749,145,108,15660,0.014934539794921875,1.3425925925925926,828.0,695.5,train,Unspecified,0,0,
237_0,237,237.jpg,0,surface_injure,surface_injure,216,491,252,533,37,43,1591,0.0015172958374023438,0.8604651162790697,234.0,512.0,train,Unspecified,0,0,
237_1,237,237.jpg,1,hide_craze,hide_craze,359,444,664,492,306,49,14994,0.014299392700195312,6.244897959183674,511.5,468.0,train,Unspecified,0,0,
238_0,238,238.jpg,0,crack,crack,106,172,294,316,189,145,27405,0.02613544464111328,1.303448275862069,200.0,244.0,test,Unspecified,0,0,
238_1,238,238.jpg,1,crack,crack,578,49,767,206,190,158,30020,0.028629302978515625,1.2025316455696202,672.5,127.5,test,Unspecified,0,0,
239_0,239,239.jpg,0,corrosion,corrosion,5,461,509,570,505,110,55550,0.05297660827636719,4.590909090909091,257.0,515.5,train,Unspecified,0,0,
239_1,239,239.jpg,1,corrosion,corrosion,530,441,1022,510,493,70,34510,0.03291130065917969,7.042857142857143,776.0,475.5,train,Unspecified,0,0,
240_0,240,240.jpg,0,hide_craze,hide_craze,6,708,173,889,168,182,30576,0.0291595458984375,0.9230769230769231,89.5,798.5,train,Unspecified,0,0,
240_1,240,240.jpg,1,hide_craze,hide_craze,314,472,358,703,45,232,10440,0.00995635986328125,0.1939655172413793,336.0,587.5,train,Unspecified,0,0,
240_2,240,240.jpg,2,hide_craze,hide_craze,539,664,580,853,42,190,7980,0.007610321044921875,0.22105263157894736,559.5,758.5,train,Unspecified,0,0,
240_3,240,240.jpg,3,hide_craze,hide_craze,511,610,1016,666,506,57,28842,0.027505874633789062,8.87719298245614,763.5,638.0,train,Unspecified,0,0,
241_0,241,241.jpg,0,hide_craze,hide_craze,614,813,797,852,184,40,7360,0.00701904296875,4.6,705.5,832.5,train,Unspecified,0,0,
242_0,242,242.jpg,0,craze,craze,37,155,580,411,544,257,139808,0.133331298828125,2.1167315175097277,308.5,283.0,train,Unspecified,0,0,
242_1,242,242.jpg,1,craze,craze,619,328,997,628,379,301,114079,0.1087942123413086,1.2591362126245846,808.0,478.0,train,Unspecified,0,0,
243_0,243,243.jpg,0,craze,craze,542,402,653,780,112,379,42448,0.0404815673828125,0.2955145118733509,597.5,591.0,validation,Unspecified,0,0,
244_0,244,244.jpg,0,hide_craze,hide_craze,725,411,866,472,142,62,8804,0.008396148681640625,2.2903225806451615,795.5,441.5,train,Unspecified,0,0,
246_0,246,246.jpg,0,surface_injure,surface_injure,587,772,662,833,76,62,4712,0.00449371337890625,1.2258064516129032,624.5,802.5,validation,Unspecified,0,0,
247_0,247,247.jpg,0,surface_injure,surface_injure,266,824,758,980,493,157,77401,0.07381534576416016,3.140127388535032,512.0,902.0,train,Unspecified,0,0,
248_0,248,248.jpg,0,corrosion,corrosion,464,604,795,1010,332,407,135124,0.12886428833007812,0.8157248157248157,629.5,807.0,validation,Unspecified,0,0,
248_1,248,248.jpg,1,corrosion,corrosion,327,60,650,594,324,535,173340,0.16530990600585938,0.6056074766355141,488.5,327.0,validation,Unspecified,0,0,
250_0,250,250.jpg,0,crack,crack,678,286,819,530,142,245,34790,0.03317832946777344,0.5795918367346938,748.5,408.0,test,Unspecified,0,0,
251_0,251,251.jpg,0,craze,craze,28,553,403,860,376,308,115808,0.110443115234375,1.2207792207792207,215.5,706.5,train,Unspecified,0,0,
251_1,251,251.jpg,1,craze,craze,417,177,784,627,368,451,165968,0.1582794189453125,0.8159645232815964,600.5,402.0,train,Unspecified,0,0,
251_2,251,251.jpg,2,craze,craze,780,10,1023,161,244,152,37088,0.035369873046875,1.605263157894737,901.5,85.5,train,Unspecified,0,0,
252_0,252,252.jpg,0,crack,crack,469,105,561,174,93,70,6510,0.0062084197998046875,1.3285714285714285,515.0,139.5,test,Unspecified,0,0,
254_0,254,254.jpg,0,hide_craze,hide_craze,330,424,594,480,265,57,15105,0.014405250549316406,4.649122807017544,462.0,452.0,validation,Unspecified,0,0,
255_0,255,255.jpg,0,surface_injure,surface_injure,422,83,578,963,157,881,138317,0.13190937042236328,0.1782065834279228,500.0,523.0,test,Unspecified,0,0,
255_1,255,255.jpg,1,surface_injure,surface_injure,228,688,295,786,68,99,6732,0.006420135498046875,0.6868686868686869,261.5,737.0,test,Unspecified,0,0,
257_0,257,257.jpg,0,surface_injure,surface_injure,344,405,525,805,182,401,72982,0.06960105895996094,0.4538653366583541,434.5,605.0,test,Unspecified,0,0,
257_1,257,257.jpg,1,surface_injure,surface_injure,403,814,677,1024,275,211,58025,0.055336952209472656,1.3033175355450237,540.0,919.0,test,Unspecified,1,0,
258_0,258,258.jpg,0,craze,craze,223,281,800,602,578,322,186116,0.17749404907226562,1.795031055900621,511.5,441.5,train,Unspecified,0,0,
259_0,259,259.jpg,0,surface_injure,surface_injure,695,247,972,361,278,115,31970,0.030488967895507812,2.417391304347826,833.5,304.0,train,Unspecified,0,0,
260_0,260,260.jpg,0,craze,craze,253,95,756,500,504,406,204624,0.1951446533203125,1.2413793103448276,504.5,297.5,train,Unspecified,0,0,
261_0,261,261.jpg,0,craze,craze,25,450,997,649,973,200,194600,0.18558502197265625,4.865,511.0,549.5,train,Unspecified,0,0,
262_0,262,262.jpg,0,hide_craze,hide_craze,308,16,350,1019,43,1004,43172,0.041172027587890625,0.04282868525896414,329.0,517.5,train,Unspecified,0,0,
265_0,265,265.jpg,0,corrosion,corrosion,23,424,737,511,715,88,62920,0.06000518798828125,8.125,380.0,467.5,train,Unspecified,0,0,
265_1,265,265.jpg,1,corrosion,corrosion,836,438,986,481,151,44,6644,0.006336212158203125,3.4318181818181817,911.0,459.5,train,Unspecified,0,0,
266_0,266,266.jpg,0,corrosion,corrosion,202,89,367,655,166,567,94122,0.08976173400878906,0.2927689594356261,284.5,372.0,train,Unspecified,0,0,
266_1,266,266.jpg,1,corrosion,corrosion,266,777,361,1013,96,237,22752,0.021697998046875,0.4050632911392405,313.5,895.0,train,Unspecified,0,0,
267_0,267,267.jpg,0,craze,craze,47,1,817,625,771,625,481875,0.4595518112182617,1.2336,432.0,313.0,train,Unspecified,1,0,
267_1,267,267.jpg,1,craze,craze,200,653,534,881,335,229,76715,0.07316112518310547,1.462882096069869,367.0,767.0,train,Unspecified,0,0,
268_0,268,268.jpg,0,hide_craze,hide_craze,89,463,383,506,295,44,12980,0.012378692626953125,6.704545454545454,236.0,484.5,train,Unspecified,0,0,
268_1,268,268.jpg,1,hide_craze,hide_craze,689,355,986,422,298,68,20264,0.01932525634765625,4.382352941176471,837.5,388.5,train,Unspecified,0,0,
269_0,269,269.jpg,0,crack,crack,445,67,567,836,123,770,94710,0.09032249450683594,0.15974025974025974,506.0,451.5,test,Unspecified,0,0,
270_0,270,270.jpg,0,craze,craze,273,306,637,517,365,212,77380,0.07379531860351562,1.721698113207547,455.0,411.5,train,Unspecified,0,0,
272_0,272,272.jpg,0,corrosion,corrosion,8,467,503,663,496,197,97712,0.0931854248046875,2.517766497461929,255.5,565.0,train,Unspecified,0,0,
272_1,272,272.jpg,1,corrosion,corrosion,511,374,1017,558,507,185,93795,0.08944988250732422,2.7405405405405405,764.0,466.0,train,Unspecified,0,0,
273_0,273,273.jpg,0,thunderstrike,thunderstrike,517,510,737,591,221,82,18122,0.017282485961914062,2.6951219512195124,627.0,550.5,test,Unspecified,0,0,
273_1,273,273.jpg,1,surface_injure,surface_injure,273,383,370,444,98,62,6076,0.005794525146484375,1.5806451612903225,321.5,413.5,test,Unspecified,0,0,
276_0,276,276.jpg,0,hide_craze,hide_craze,1,222,480,313,480,92,44160,0.0421142578125,5.217391304347826,240.5,267.5,test,Unspecified,1,0,
276_1,276,276.jpg,1,hide_craze,hide_craze,498,310,842,380,345,71,24495,0.023360252380371094,4.859154929577465,670.0,345.0,test,Unspecified,0,0,
277_0,277,277.jpg,0,crack,crack,262,339,306,564,45,226,10170,0.009698867797851562,0.19911504424778761,284.0,451.5,train,Unspecified,0,0,
277_1,277,277.jpg,1,crack,crack,456,199,620,483,165,285,47025,0.044846534729003906,0.5789473684210527,538.0,341.0,train,Unspecified,0,0,
278_0,278,278.jpg,0,corrosion,corrosion,200,47,516,513,317,467,148039,0.14118099212646484,0.6788008565310493,358.0,280.0,train,Unspecified,0,0,
278_1,278,278.jpg,1,corrosion,corrosion,527,430,852,955,326,526,171476,0.16353225708007812,0.6197718631178707,689.5,692.5,train,Unspecified,0,0,
279_0,279,279.jpg,0,hide_craze,hide_craze,12,458,978,566,967,109,105403,0.10052013397216797,8.871559633027523,495.0,512.0,train,Unspecified,0,0,
280_0,280,280.jpg,0,hide_craze,hide_craze,422,3,486,88,65,86,5590,0.0053310394287109375,0.7558139534883721,454.0,45.5,train,Unspecified,0,0,
281_0,281,281.jpg,0,hide_craze,hide_craze,416,222,912,272,497,51,25347,0.02417278289794922,9.745098039215685,664.0,247.0,train,Unspecified,0,0,
281_1,281,281.jpg,1,hide_craze,hide_craze,856,2,995,1013,140,1012,141680,0.1351165771484375,0.1383399209486166,925.5,507.5,train,Unspecified,0,0,
282_0,282,282.jpg,0,corrosion,corrosion,1,153,302,585,302,433,130766,0.12470817565917969,0.6974595842956121,151.5,369.0,train,Unspecified,1,0,
282_1,282,282.jpg,1,corrosion,corrosion,623,510,1000,1013,378,504,190512,0.1816864013671875,0.75,811.5,761.5,train,Unspecified,0,0,
282_2,282,282.jpg,2,corrosion,corrosion,309,439,620,914,312,476,148512,0.141632080078125,0.6554621848739496,464.5,676.5,train,Unspecified,0,0,
283_0,283,283.jpg,0,surface_injure,surface_injure,652,547,705,591,54,45,2430,0.0023174285888671875,1.2,678.5,569.0,train,Unspecified,0,0,
283_1,283,283.jpg,1,hide_craze,hide_craze,48,594,486,649,439,56,24584,0.02344512939453125,7.839285714285714,267.0,621.5,train,Unspecified,0,0,
284_0,284,284.jpg,0,hide_craze,hide_craze,695,330,755,775,61,446,27206,0.025945663452148438,0.1367713004484305,725.0,552.5,test,Unspecified,0,0,
285_0,285,285.jpg,0,surface_injure,surface_injure,664,2,1024,225,361,224,80864,0.077117919921875,1.6116071428571428,844.0,113.5,test,Unspecified,1,0,
285_1,285,285.jpg,1,surface_injure,surface_injure,998,664,1024,988,27,325,8775,0.008368492126464844,0.08307692307692308,1011.0,826.0,test,Unspecified,1,0,
286_0,286,286.jpg,0,hide_craze,hide_craze,8,410,787,605,780,196,152880,0.1457977294921875,3.979591836734694,397.5,507.5,train,Unspecified,0,0,
287_0,287,287.jpg,0,surface_injure,surface_injure,1,95,336,624,336,530,178080,0.169830322265625,0.6339622641509434,168.5,359.5,train,Unspecified,1,0,
288_0,288,288.jpg,0,surface_injure,surface_injure,283,102,634,399,352,298,104896,0.10003662109375,1.1812080536912752,458.5,250.5,train,Unspecified,0,0,
289_0,289,289.jpg,0,craze,craze,103,24,452,302,350,279,97650,0.09312629699707031,1.2544802867383513,277.5,163.0,train,Unspecified,0,0,
289_1,289,289.jpg,1,craze,craze,459,263,731,541,273,279,76167,0.07263851165771484,0.978494623655914,595.0,402.0,train,Unspecified,0,0,
289_2,289,289.jpg,2,craze,craze,753,527,937,702,185,176,32560,0.0310516357421875,1.0511363636363635,845.0,614.5,train,Unspecified,0,0,
290_0,290,290.jpg,0,thunderstrike,thunderstrike,112,853,331,977,220,125,27500,0.026226043701171875,1.76,221.5,915.0,train,Unspecified,0,0,
291_0,291,291.jpg,0,corrosion,corrosion,486,6,680,935,195,930,181350,0.17294883728027344,0.20967741935483872,583.0,470.5,train,Unspecified,0,0,
292_0,292,292.jpg,0,crack,crack,130,349,308,675,179,327,58533,0.05582141876220703,0.5474006116207951,219.0,512.0,train,Unspecified,0,0,
293_0,293,293.jpg,0,hide_craze,hide_craze,409,489,566,630,158,142,22436,0.021396636962890625,1.1126760563380282,487.5,559.5,train,Unspecified,0,0,
294_0,294,294.jpg,0,corrosion,corrosion,14,478,1014,963,1001,486,486486,0.46394920349121094,2.0596707818930042,514.0,720.5,train,Unspecified,0,0,
295_0,295,295.jpg,0,surface_injure,surface_injure,5,550,375,958,371,409,151739,0.14470958709716797,0.9070904645476773,190.0,754.0,train,Unspecified,0,0,
295_1,295,295.jpg,1,surface_injure,surface_injure,398,452,1011,735,614,284,174376,0.16629791259765625,2.1619718309859155,704.5,593.5,train,Unspecified,0,0,
297_0,297,297.jpg,0,crack,crack,327,344,406,563,80,220,17600,0.01678466796875,0.36363636363636365,366.5,453.5,train,Unspecified,0,0,
297_1,297,297.jpg,1,crack,crack,592,200,794,477,203,278,56434,0.05381965637207031,0.7302158273381295,693.0,338.5,train,Unspecified,0,0,
299_0,299,299.jpg,0,surface_injure,surface_injure,230,360,547,713,318,354,112572,0.10735702514648438,0.8983050847457628,388.5,536.5,train,Unspecified,0,0,
299_1,299,299.jpg,1,hide_craze,hide_craze,1,138,217,491,217,354,76818,0.07325935363769531,0.6129943502824858,109.0,314.5,train,Unspecified,1,0,
299_2,299,299.jpg,2,hide_craze,hide_craze,181,1,764,278,584,278,162352,0.1548309326171875,2.1007194244604315,472.5,139.5,train,Unspecified,1,0,
299_3,299,299.jpg,3,hide_craze,hide_craze,566,535,716,761,151,227,34277,0.03268909454345703,0.6651982378854625,641.0,648.0,train,Unspecified,0,0,
299_4,299,299.jpg,4,hide_craze,hide_craze,511,741,773,1024,263,284,74692,0.07123184204101562,0.926056338028169,642.0,882.5,train,Unspecified,1,0,
300_0,300,300.jpg,0,hide_craze,hide_craze,589,20,678,1016,90,997,89730,0.08557319641113281,0.09027081243731194,633.5,518.0,validation,Unspecified,0,0,
301_0,301,301.jpg,0,surface_injure,surface_injure,373,703,1020,841,648,139,90072,0.08589935302734375,4.661870503597123,696.5,772.0,train,Unspecified,0,0,
302_0,302,302.jpg,0,corrosion,corrosion,395,553,559,1005,165,453,74745,0.07128238677978516,0.36423841059602646,477.0,779.0,train,Unspecified,0,0,
302_1,302,302.jpg,1,corrosion,corrosion,456,195,553,545,98,351,34398,0.03280448913574219,0.2792022792022792,504.5,370.0,train,Unspecified,0,0,
303_0,303,303.jpg,0,craze,craze,317,127,1023,881,707,755,533785,0.5090570449829102,0.9364238410596026,670.0,504.0,train,Unspecified,0,0,
303_1,303,303.jpg,1,craze,craze,64,242,289,519,226,278,62828,0.059917449951171875,0.8129496402877698,176.5,380.5,train,Unspecified,0,0,
304_0,304,304.jpg,0,thunderstrike,thunderstrike,434,502,652,880,219,379,83001,0.07915592193603516,0.5778364116094987,543.0,691.0,train,Unspecified,0,0,
306_0,306,306.jpg,0,craze,craze,284,372,686,514,403,143,57629,0.05495929718017578,2.8181818181818183,485.0,443.0,train,Unspecified,0,0,
308_0,308,308.jpg,0,hide_craze,hide_craze,370,563,477,752,108,190,20520,0.01956939697265625,0.5684210526315789,423.5,657.5,train,Unspecified,0,0,
308_1,308,308.jpg,1,hide_craze,hide_craze,603,183,728,385,126,203,25578,0.024393081665039062,0.6206896551724138,665.5,284.0,train,Unspecified,0,0,
309_0,309,309.jpg,0,hide_craze,hide_craze,841,817,898,972,58,156,9048,0.00862884521484375,0.3717948717948718,869.5,894.5,train,Unspecified,0,0,
310_0,310,310.jpg,0,crack,crack,431,38,541,619,111,582,64602,0.06160926818847656,0.19072164948453607,486.0,328.5,train,Unspecified,0,0,
311_0,311,311.jpg,0,surface_injure,surface_injure,173,445,208,492,36,48,1728,0.00164794921875,0.75,190.5,468.5,train,Unspecified,0,0,
311_1,311,311.jpg,1,surface_injure,surface_injure,319,481,372,525,54,45,2430,0.0023174285888671875,1.2,345.5,503.0,train,Unspecified,0,0,
311_2,311,311.jpg,2,surface_injure,surface_injure,316,606,342,638,27,33,891,0.0008497238159179688,0.8181818181818182,329.0,622.0,train,Unspecified,0,0,
311_3,311,311.jpg,3,surface_injure,surface_injure,444,561,481,597,38,37,1406,0.0013408660888671875,1.027027027027027,462.5,579.0,train,Unspecified,0,0,
311_4,311,311.jpg,4,surface_injure,surface_injure,558,506,639,630,82,125,10250,0.009775161743164062,0.656,598.5,568.0,train,Unspecified,0,0,
311_5,311,311.jpg,5,surface_injure,surface_injure,712,574,830,691,119,118,14042,0.013391494750976562,1.0084745762711864,771.0,632.5,train,Unspecified,0,0,
312_0,312,312.jpg,0,craze,craze,395,58,703,495,309,438,135342,0.1290721893310547,0.7054794520547946,549.0,276.5,train,Unspecified,0,0,
312_1,312,312.jpg,1,craze,craze,562,520,627,1013,66,494,32604,0.031093597412109375,0.13360323886639677,594.5,766.5,train,Unspecified,0,0,
313_0,313,313.jpg,0,corrosion,corrosion,159,324,528,428,370,105,38850,0.03705024719238281,3.5238095238095237,343.5,376.0,train,Unspecified,0,0,
313_1,313,313.jpg,1,corrosion,corrosion,542,270,908,374,367,105,38535,0.036749839782714844,3.4952380952380953,725.0,322.0,train,Unspecified,0,0,
314_0,314,314.jpg,0,surface_injure,surface_injure,523,699,627,972,105,274,28770,0.027437210083007812,0.38321167883211676,575.0,835.5,validation,Unspecified,0,0,
314_1,314,314.jpg,1,surface_injure,surface_injure,609,594,655,667,47,74,3478,0.0033168792724609375,0.6351351351351351,632.0,630.5,validation,Unspecified,0,0,
315_0,315,315.jpg,0,crack,crack,377,367,753,574,377,208,78416,0.0747833251953125,1.8125,565.0,470.5,train,Unspecified,0,0,
316_0,316,316.jpg,0,thunderstrike,thunderstrike,550,283,722,536,173,254,43942,0.04190635681152344,0.6811023622047244,636.0,409.5,train,Unspecified,0,0,
317_0,317,317.jpg,0,corrosion,corrosion,48,153,517,644,470,492,231240,0.22052764892578125,0.9552845528455285,282.5,398.5,train,Unspecified,0,0,
317_1,317,317.jpg,1,corrosion,corrosion,558,6,983,411,426,406,172956,0.16494369506835938,1.0492610837438423,770.5,208.5,train,Unspecified,0,0,
318_0,318,318.jpg,0,crack,crack,684,261,773,764,90,504,45360,0.0432586669921875,0.17857142857142858,728.5,512.5,test,Unspecified,0,0,
321_0,321,321.jpg,0,corrosion,corrosion,500,8,873,1008,374,1001,374374,0.35703086853027344,0.37362637362637363,686.5,508.0,train,Unspecified,0,0,
322_0,322,322.jpg,0,corrosion,corrosion,402,30,656,989,255,960,244800,0.23345947265625,0.265625,529.0,509.5,test,Unspecified,0,0,
323_0,323,323.jpg,0,corrosion,corrosion,173,752,356,875,184,124,22816,0.021759033203125,1.4838709677419355,264.5,813.5,test,Unspecified,0,0,
324_0,324,324.jpg,0,surface_injure,surface_injure,492,710,811,794,320,85,27200,0.02593994140625,3.764705882352941,651.5,752.0,train,Unspecified,0,0,
325_0,325,325.jpg,0,surface_injure,surface_injure,106,756,344,875,239,120,28680,0.02735137939453125,1.9916666666666667,225.0,815.5,train,Unspecified,0,0,
325_1,325,325.jpg,1,surface_injure,surface_injure,211,406,622,735,412,330,135960,0.12966156005859375,1.2484848484848485,416.5,570.5,train,Unspecified,0,0,
325_2,325,325.jpg,2,surface_injure,surface_injure,502,27,828,395,327,369,120663,0.11507320404052734,0.8861788617886179,665.0,211.0,train,Unspecified,0,0,
326_0,326,326.jpg,0,surface_injure,surface_injure,418,314,540,373,123,60,7380,0.007038116455078125,2.05,479.0,343.5,test,Unspecified,0,0,
326_1,326,326.jpg,1,craze,craze,13,324,403,465,391,142,55522,0.05294990539550781,2.7535211267605635,208.0,394.5,test,Unspecified,0,0,
327_0,327,327.jpg,0,surface_injure,surface_injure,312,455,647,922,336,468,157248,0.14996337890625,0.717948717948718,479.5,688.5,train,Unspecified,0,0,
329_0,329,329.jpg,0,hide_craze,hide_craze,600,16,706,1016,107,1001,107107,0.10214519500732422,0.1068931068931069,653.0,516.0,train,Unspecified,0,0,
330_0,330,330.jpg,0,craze,craze,309,22,786,466,478,445,212710,0.20285606384277344,1.0741573033707865,547.5,244.0,train,Unspecified,0,0,
331_0,331,331.jpg,0,surface_injure,surface_injure,175,467,278,538,104,72,7488,0.00714111328125,1.4444444444444444,226.5,502.5,validation,Unspecified,0,0,
331_1,331,331.jpg,1,surface_injure,surface_injure,183,683,228,727,46,45,2070,0.0019741058349609375,1.0222222222222221,205.5,705.0,validation,Unspecified,0,0,
331_2,331,331.jpg,2,surface_injure,surface_injure,406,588,464,666,59,79,4661,0.004445075988769531,0.7468354430379747,435.0,627.0,validation,Unspecified,0,0,
331_3,331,331.jpg,3,surface_injure,surface_injure,586,508,722,705,137,198,27126,0.025869369506835938,0.6919191919191919,654.0,606.5,validation,Unspecified,0,0,
331_4,331,331.jpg,4,surface_injure,surface_injure,848,616,1024,810,177,195,34515,0.03291606903076172,0.9076923076923077,936.0,713.0,validation,Unspecified,1,0,
332_0,332,332.jpg,0,surface_injure,surface_injure,306,86,1017,294,712,209,148808,0.14191436767578125,3.4066985645933014,661.5,190.0,test,Unspecified,0,0,
333_0,333,333.jpg,0,thunderstrike,thunderstrike,103,163,258,460,156,298,46488,0.04433441162109375,0.5234899328859061,180.5,311.5,train,Unspecified,0,0,
334_0,334,334.jpg,0,surface_injure,surface_injure,839,886,894,933,56,48,2688,0.0025634765625,1.1666666666666667,866.5,909.5,train,Unspecified,0,0,
336_0,336,336.jpg,0,thunderstrike,thunderstrike,655,499,708,599,54,101,5454,0.0052013397216796875,0.5346534653465347,681.5,549.0,train,Unspecified,0,0,
337_0,337,337.jpg,0,surface_injure,surface_injure,303,16,591,336,289,321,92769,0.0884714126586914,0.9003115264797508,447.0,176.0,train,Unspecified,0,0,
338_0,338,338.jpg,0,crack,crack,481,219,819,400,339,182,61698,0.05883979797363281,1.8626373626373627,650.0,309.5,validation,Unspecified,0,0,
339_0,339,339.jpg,0,corrosion,corrosion,17,488,917,580,901,93,83793,0.0799112319946289,9.688172043010752,467.0,534.0,train,Unspecified,0,0,
340_0,340,340.jpg,0,corrosion,corrosion,2,217,412,317,411,101,41511,0.039587974548339844,4.069306930693069,207.0,267.0,train,Unspecified,0,0,
340_1,340,340.jpg,1,corrosion,corrosion,428,281,881,428,454,148,67192,0.06407928466796875,3.0675675675675675,654.5,354.5,train,Unspecified,0,0,
342_0,342,342.jpg,0,surface_injure,surface_injure,97,236,314,553,218,318,69324,0.06611251831054688,0.6855345911949685,205.5,394.5,train,Unspecified,0,0,
344_0,344,344.jpg,0,crack,crack,741,10,844,367,104,358,37232,0.0355072021484375,0.2905027932960894,792.5,188.5,train,Unspecified,0,0,
345_0,345,345.jpg,0,surface_injure,surface_injure,495,863,533,910,39,48,1872,0.0017852783203125,0.8125,514.0,886.5,train,Unspecified,0,0,
345_1,345,345.jpg,1,hide_craze,hide_craze,439,314,483,714,45,401,18045,0.01720905303955078,0.11221945137157108,461.0,514.0,train,Unspecified,0,0,
346_0,346,346.jpg,0,corrosion,corrosion,389,10,764,1022,376,1013,380888,0.36324310302734375,0.3711747285291214,576.5,516.0,validation,Unspecified,0,0,
347_0,347,347.jpg,0,craze,craze,502,130,920,999,419,870,364530,0.3476428985595703,0.48160919540229885,711.0,564.5,validation,Unspecified,0,0,
350_0,350,350.jpg,0,hide_craze,hide_craze,478,370,544,685,67,316,21172,0.020191192626953125,0.2120253164556962,511.0,527.5,train,Unspecified,0,0,
351_0,351,351.jpg,0,hide_craze,hide_craze,108,338,167,608,60,271,16260,0.015506744384765625,0.22140221402214022,137.5,473.0,train,Unspecified,0,0,
351_1,351,351.jpg,1,hide_craze,hide_craze,103,610,609,827,507,218,110526,0.10540580749511719,2.3256880733944953,356.0,718.5,train,Unspecified,0,0,
351_2,351,351.jpg,2,craze,craze,642,466,973,925,332,460,152720,0.1456451416015625,0.7217391304347827,807.5,695.5,train,Unspecified,0,0,
354_0,354,354.jpg,0,craze,craze,286,381,477,566,192,186,35712,0.0340576171875,1.032258064516129,381.5,473.5,train,Unspecified,0,0,
356_0,356,356.jpg,0,thunderstrike,thunderstrike,311,705,617,870,307,166,50962,0.04860115051269531,1.8493975903614457,464.0,787.5,train,Unspecified,0,0,
357_0,357,357.jpg,0,surface_injure,surface_injure,697,244,986,356,290,113,32770,0.03125190734863281,2.566371681415929,841.5,300.0,train,Unspecified,0,0,
358_0,358,358.jpg,0,craze,craze,537,236,731,411,195,176,34320,0.0327301025390625,1.1079545454545454,634.0,323.5,train,Unspecified,0,0,
360_0,360,360.jpg,0,surface_injure,surface_injure,555,194,634,652,80,459,36720,0.0350189208984375,0.17429193899782136,594.5,423.0,train,Unspecified,0,0,
362_0,362,362.jpg,0,hide_craze,hide_craze,578,1,816,283,239,283,67637,0.06450366973876953,0.8445229681978799,697.0,142.0,validation,Unspecified,1,0,
363_0,363,363.jpg,0,surface_injure,surface_injure,312,258,662,819,351,562,197262,0.1881237030029297,0.6245551601423488,487.0,538.5,test,Unspecified,0,0,
364_0,364,364.jpg,0,hide_craze,hide_craze,287,10,350,867,64,858,54912,0.0523681640625,0.07459207459207459,318.5,438.5,train,Unspecified,0,0,
365_0,365,365.jpg,0,crack,crack,709,355,862,639,154,285,43890,0.04185676574707031,0.5403508771929825,785.5,497.0,train,Unspecified,0,0,
367_0,367,367.jpg,0,crack,crack,334,328,803,805,470,478,224660,0.21425247192382812,0.9832635983263598,568.5,566.5,train,Unspecified,0,0,
368_0,368,368.jpg,0,corrosion,corrosion,231,45,396,958,166,914,151724,0.14469528198242188,0.18161925601750548,313.5,501.5,train,Unspecified,0,0,
369_0,369,369.jpg,0,surface_injure,surface_injure,752,3,1024,325,273,323,88179,0.08409404754638672,0.8452012383900929,888.0,164.0,train,Unspecified,1,0,
370_0,370,370.jpg,0,corrosion,corrosion,34,195,278,411,245,217,53165,0.05070209503173828,1.1290322580645162,156.0,303.0,test,Unspecified,0,0,
370_1,370,370.jpg,1,corrosion,corrosion,302,395,514,650,213,256,54528,0.052001953125,0.83203125,408.0,522.5,test,Unspecified,0,0,
370_2,370,370.jpg,2,corrosion,corrosion,534,555,877,864,344,310,106640,0.1016998291015625,1.1096774193548387,705.5,709.5,test,Unspecified,0,0,
371_0,371,371.jpg,0,corrosion,corrosion,572,5,608,461,37,457,16909,0.01612567901611328,0.08096280087527352,590.0,233.0,validation,Unspecified,0,0,
372_0,372,372.jpg,0,hide_craze,hide_craze,56,647,634,702,579,56,32424,0.03092193603515625,10.339285714285714,345.0,674.5,train,Unspecified,0,0,
373_0,373,373.jpg,0,corrosion,corrosion,39,425,969,516,931,92,85652,0.08168411254882812,10.119565217391305,504.0,470.5,test,Unspecified,0,0,
374_0,374,374.jpg,0,hide_craze,hide_craze,489,433,820,725,332,293,97276,0.09276962280273438,1.1331058020477816,654.5,579.0,train,Unspecified,0,0,
375_0,375,375.jpg,0,corrosion,corrosion,458,355,617,999,160,645,103200,0.098419189453125,0.24806201550387597,537.5,677.0,train,Unspecified,0,0,
376_0,376,376.jpg,0,hide_craze,hide_craze,352,216,387,389,36,174,6264,0.00597381591796875,0.20689655172413793,369.5,302.5,train,Unspecified,0,0,
376_1,376,376.jpg,1,hide_craze,hide_craze,366,397,831,533,466,137,63842,0.06088447570800781,3.4014598540145986,598.5,465.0,train,Unspecified,0,0,
376_2,376,376.jpg,2,craze,craze,861,374,1019,514,159,141,22419,0.02138042449951172,1.127659574468085,940.0,444.0,train,Unspecified,0,0,
377_0,377,377.jpg,0,craze,craze,14,55,552,794,539,740,398860,0.3803825378417969,0.7283783783783784,283.0,424.5,train,Unspecified,0,0,
379_0,379,379.jpg,0,hide_craze,hide_craze,2,336,420,727,419,392,164248,0.15663909912109375,1.0688775510204083,211.0,531.5,test,Unspecified,0,0,
379_1,379,379.jpg,1,hide_craze,hide_craze,442,747,827,1024,386,278,107308,0.10233688354492188,1.3884892086330936,634.5,885.5,test,Unspecified,1,0,
380_0,380,380.jpg,0,craze,craze,33,350,762,567,730,218,159140,0.15176773071289062,3.3486238532110093,397.5,458.5,train,Unspecified,0,0,
381_0,381,381.jpg,0,crack,crack,472,136,562,269,91,134,12194,0.011629104614257812,0.6791044776119403,517.0,202.5,train,Unspecified,0,0,
382_0,382,382.jpg,0,hide_craze,hide_craze,255,205,297,386,43,182,7826,0.0074634552001953125,0.23626373626373626,276.0,295.5,validation,Unspecified,0,0,
382_1,382,382.jpg,1,hide_craze,hide_craze,272,395,647,527,376,133,50008,0.04769134521484375,2.827067669172932,459.5,461.0,validation,Unspecified,0,0,
382_2,382,382.jpg,2,craze,craze,661,302,872,589,212,288,61056,0.0582275390625,0.7361111111111112,766.5,445.5,validation,Unspecified,0,0,
383_0,383,383.jpg,0,craze,craze,281,585,939,924,659,340,224060,0.21368026733398438,1.938235294117647,610.0,754.5,train,Unspecified,0,0,
384_0,384,384.jpg,0,corrosion,corrosion,420,6,639,972,220,967,212740,0.20288467407226562,0.22750775594622544,529.5,489.0,train,Unspecified,0,0,
385_0,385,385.jpg,0,corrosion,corrosion,245,461,442,689,198,229,45342,0.04324150085449219,0.8646288209606987,343.5,575.0,train,Unspecified,0,0,
385_1,385,385.jpg,1,thunderstrike,thunderstrike,403,127,523,180,121,54,6534,0.0062313079833984375,2.240740740740741,463.0,153.5,train,Unspecified,0,0,
386_0,386,386.jpg,0,surface_injure,surface_injure,178,531,306,688,129,158,20382,0.019437789916992188,0.8164556962025317,242.0,609.5,train,Unspecified,0,0,
386_1,386,386.jpg,1,surface_injure,surface_injure,319,314,617,595,299,282,84318,0.08041191101074219,1.0602836879432624,468.0,454.5,train,Unspecified,0,0,
386_2,386,386.jpg,2,surface_injure,surface_injure,636,142,967,392,332,251,83332,0.07947158813476562,1.3227091633466135,801.5,267.0,train,Unspecified,0,0,
387_0,387,387.jpg,0,craze,craze,180,1,681,403,502,403,202306,0.1929340362548828,1.2456575682382134,430.5,202.0,train,Unspecified,1,0,
388_0,388,388.jpg,0,hide_craze,hide_craze,625,878,852,925,228,48,10944,0.01043701171875,4.75,738.5,901.5,test,Unspecified,0,0,
389_0,389,389.jpg,0,crack,crack,773,478,884,547,112,70,7840,0.007476806640625,1.6,828.5,512.5,test,Unspecified,0,0,
390_0,390,390.jpg,0,corrosion,corrosion,137,533,345,719,209,187,39083,0.03727245330810547,1.1176470588235294,241.0,626.0,test,Unspecified,0,0,
391_0,391,391.jpg,0,crack,crack,459,1,625,919,167,919,153473,0.1463632583618164,0.18171926006528835,542.0,460.0,train,Unspecified,1,0,
392_0,392,392.jpg,0,craze,craze,92,39,542,436,451,398,179498,0.17118263244628906,1.1331658291457287,317.0,237.5,train,Unspecified,0,0,
392_1,392,392.jpg,1,craze,craze,525,510,719,703,195,194,37830,0.03607749938964844,1.0051546391752577,622.0,606.5,train,Unspecified,0,0,
393_0,393,393.jpg,0,thunderstrike,thunderstrike,264,95,669,311,406,217,88102,0.08402061462402344,1.8709677419354838,466.5,203.0,train,Unspecified,0,0,
394_0,394,394.jpg,0,crack,crack,272,320,634,775,363,456,165528,0.15785980224609375,0.7960526315789473,453.0,547.5,test,Unspecified,0,0,
395_0,395,395.jpg,0,crack,crack,495,22,675,774,181,753,136293,0.12997913360595703,0.2403718459495352,585.0,398.0,train,Unspecified,0,0,
397_0,397,397.jpg,0,crack,crack,383,1,809,980,427,980,418460,0.3990745544433594,0.4357142857142857,596.0,490.5,train,Unspecified,1,0,
398_0,398,398.jpg,0,hide_craze,hide_craze,253,206,286,395,34,190,6460,0.006160736083984375,0.17894736842105263,269.5,300.5,train,Unspecified,0,0,
398_1,398,398.jpg,1,hide_craze,hide_craze,269,405,662,527,394,123,48462,0.04621696472167969,3.203252032520325,465.5,466.0,train,Unspecified,0,0,
398_2,398,398.jpg,2,craze,craze,675,302,884,589,210,288,60480,0.05767822265625,0.7291666666666666,779.5,445.5,train,Unspecified,0,0,
400_0,400,400.jpg,0,thunderstrike,thunderstrike,364,347,677,688,314,342,107388,0.10241317749023438,0.9181286549707602,520.5,517.5,train,Unspecified,0,0,
400_1,400,400.jpg,1,surface_injure,surface_injure,203,92,741,330,539,239,128821,0.12285327911376953,2.2552301255230125,472.0,211.0,train,Unspecified,0,0,
400_2,400,400.jpg,2,surface_injure,surface_injure,284,702,644,794,361,93,33573,0.03201770782470703,3.881720430107527,464.0,748.0,train,Unspecified,0,0,
400_3,400,400.jpg,3,surface_injure,surface_injure,683,374,734,641,52,268,13936,0.0132904052734375,0.19402985074626866,708.5,507.5,train,Unspecified,0,0,
400_4,400,400.jpg,4,surface_injure,surface_injure,233,347,345,689,113,343,38759,0.036963462829589844,0.3294460641399417,289.0,518.0,train,Unspecified,0,0,
401_0,401,401.jpg,0,crack,crack,205,283,655,631,451,349,157399,0.15010738372802734,1.2922636103151863,430.0,457.0,train,Unspecified,0,0,
403_0,403,403.jpg,0,crack,crack,614,6,742,386,129,381,49149,0.04687213897705078,0.33858267716535434,678.0,196.0,train,Unspecified,0,0,
403_1,403,403.jpg,1,crack,crack,325,161,492,422,168,262,44016,0.0419769287109375,0.6412213740458015,408.5,291.5,train,Unspecified,0,0,
404_0,404,404.jpg,0,craze,craze,102,581,1017,720,916,140,128240,0.1222991943359375,6.542857142857143,559.5,650.5,train,Unspecified,0,0,
405_0,405,405.jpg,0,corrosion,corrosion,511,13,830,1016,320,1004,321280,0.306396484375,0.3187250996015936,670.5,514.5,test,Unspecified,0,0,
406_0,406,406.jpg,0,craze,craze,244,241,570,461,327,221,72267,0.06891918182373047,1.4796380090497738,407.0,351.0,train,Unspecified,0,0,
407_0,407,407.jpg,0,surface_injure,surface_injure,642,1,1024,464,383,464,177712,0.1694793701171875,0.8254310344827587,833.0,232.5,test,Unspecified,1,0,
408_0,408,408.jpg,0,corrosion,corrosion,34,545,742,683,709,139,98551,0.09398555755615234,5.100719424460432,388.0,614.0,test,Unspecified,0,0,
408_1,408,408.jpg,1,corrosion,corrosion,753,374,1012,689,260,316,82160,0.0783538818359375,0.8227848101265823,882.5,531.5,test,Unspecified,0,0,
409_0,409,409.jpg,0,hide_craze,hide_craze,303,708,537,792,235,85,19975,0.019049644470214844,2.764705882352941,420.0,750.0,train,Unspecified,0,0,
410_0,410,410.jpg,0,corrosion,corrosion,12,347,486,438,475,92,43700,0.041675567626953125,5.163043478260869,249.0,392.5,test,Unspecified,0,0,
410_1,410,410.jpg,1,corrosion,corrosion,502,399,909,505,408,107,43656,0.04163360595703125,3.8130841121495327,705.5,452.0,test,Unspecified,0,0,
411_0,411,411.jpg,0,corrosion,corrosion,28,439,423,486,396,48,19008,0.01812744140625,8.25,225.5,462.5,train,Unspecified,0,0,
411_1,411,411.jpg,1,corrosion,corrosion,441,445,991,553,551,109,60059,0.05727672576904297,5.055045871559633,716.0,499.0,train,Unspecified,0,0,
412_0,412,412.jpg,0,surface_injure,surface_injure,30,145,552,355,523,211,110353,0.1052408218383789,2.4786729857819907,291.0,250.0,validation,Unspecified,0,0,
412_1,412,412.jpg,1,surface_injure,surface_injure,572,319,1005,636,434,318,138012,0.13161849975585938,1.3647798742138364,788.5,477.5,validation,Unspecified,0,0,
413_0,413,413.jpg,0,surface_injure,surface_injure,517,167,566,222,50,56,2800,0.0026702880859375,0.8928571428571429,541.5,194.5,train,Unspecified,0,0,
413_1,413,413.jpg,1,surface_injure,surface_injure,503,264,564,325,62,62,3844,0.003665924072265625,1.0,533.5,294.5,train,Unspecified,0,0,
413_2,413,413.jpg,2,surface_injure,surface_injure,478,420,550,475,73,56,4088,0.00389862060546875,1.3035714285714286,514.0,447.5,train,Unspecified,0,0,
414_0,414,414.jpg,0,crack,crack,722,519,936,880,215,362,77830,0.07422447204589844,0.5939226519337016,829.0,699.5,train,Unspecified,0,0,
415_0,415,415.jpg,0,surface_injure,surface_injure,658,575,711,703,54,129,6966,0.0066432952880859375,0.4186046511627907,684.5,639.0,train,Unspecified,0,0,
415_1,415,415.jpg,1,craze,craze,622,713,700,1024,79,312,24648,0.02350616455078125,0.2532051282051282,661.0,868.5,train,Unspecified,1,0,
416_0,416,416.jpg,0,surface_injure,surface_injure,242,105,345,341,104,237,24648,0.02350616455078125,0.4388185654008439,293.5,223.0,validation,Unspecified,0,0,
417_0,417,417.jpg,0,hide_craze,hide_craze,534,752,694,892,161,141,22701,0.02164936065673828,1.1418439716312057,614.0,822.0,train,Unspecified,0,0,
418_0,418,418.jpg,0,crack,crack,775,483,883,542,109,60,6540,0.006237030029296875,1.8166666666666667,829.0,512.5,train,Unspecified,0,0,
419_0,419,419.jpg,0,crack,crack,448,153,775,819,328,667,218776,0.20864105224609375,0.4917541229385307,611.5,486.0,train,Unspecified,0,0,
420_0,420,420.jpg,0,hide_craze,hide_craze,756,685,791,839,36,155,5580,0.005321502685546875,0.23225806451612904,773.5,762.0,validation,Unspecified,0,0,
421_0,421,421.jpg,0,surface_injure,surface_injure,67,574,220,697,154,124,19096,0.01821136474609375,1.2419354838709677,143.5,635.5,train,Unspecified,0,0,
421_1,421,421.jpg,1,surface_injure,surface_injure,336,514,420,630,85,117,9945,0.009484291076660156,0.7264957264957265,378.0,572.0,train,Unspecified,0,0,
422_0,422,422.jpg,0,hide_craze,hide_craze,441,475,825,500,385,26,10010,0.009546279907226562,14.807692307692308,633.0,487.5,train,Unspecified,0,0,
422_1,422,422.jpg,1,hide_craze,hide_craze,131,470,369,492,239,23,5497,0.005242347717285156,10.391304347826088,250.0,481.0,train,Unspecified,0,0,
423_0,423,423.jpg,0,corrosion,corrosion,406,19,573,760,168,742,124656,0.1188812255859375,0.22641509433962265,489.5,389.5,train,Unspecified,0,0,
423_1,423,423.jpg,1,hide_craze,hide_craze,395,905,420,1022,26,118,3068,0.002925872802734375,0.22033898305084745,407.5,963.5,train,Unspecified,0,0,
424_0,424,424.jpg,0,surface_injure,surface_injure,309,416,556,642,248,227,56296,0.05368804931640625,1.092511013215859,432.5,529.0,train,Unspecified,0,0,
424_1,424,424.jpg,1,hide_craze,hide_craze,152,83,684,367,533,285,151905,0.1448678970336914,1.8701754385964913,418.0,225.0,train,Unspecified,0,0,
424_2,424,424.jpg,2,hide_craze,hide_craze,178,525,292,664,115,140,16100,0.015354156494140625,0.8214285714285714,235.0,594.5,train,Unspecified,0,0,
425_0,425,425.jpg,0,corrosion,corrosion,342,36,587,978,246,943,231978,0.22123146057128906,0.2608695652173913,464.5,507.0,train,Unspecified,0,0,
426_0,426,426.jpg,0,hide_craze,hide_craze,417,244,531,378,115,135,15525,0.014805793762207031,0.8518518518518519,474.0,311.0,train,Unspecified,0,0,
427_0,427,427.jpg,0,surface_injure,surface_injure,353,460,536,560,184,101,18584,0.01772308349609375,1.8217821782178218,444.5,510.0,train,Unspecified,0,0,
427_1,427,427.jpg,1,surface_injure,surface_injure,655,380,742,469,88,90,7920,0.0075531005859375,0.9777777777777777,698.5,424.5,train,Unspecified,0,0,
427_2,427,427.jpg,2,surface_injure,surface_injure,466,58,642,236,177,179,31683,0.03021526336669922,0.9888268156424581,554.0,147.0,train,Unspecified,0,0,
428_0,428,428.jpg,0,surface_injure,surface_injure,236,236,306,331,71,96,6816,0.006500244140625,0.7395833333333334,271.0,283.5,train,Unspecified,0,0,
429_0,429,429.jpg,0,craze,craze,462,272,759,489,298,218,64964,0.061954498291015625,1.3669724770642202,610.5,380.5,train,Unspecified,0,0,
430_0,430,430.jpg,0,corrosion,corrosion,241,697,508,1016,268,320,85760,0.081787109375,0.8375,374.5,856.5,train,Unspecified,0,0,
430_1,430,430.jpg,1,corrosion,corrosion,462,397,712,688,251,292,73292,0.06989669799804688,0.8595890410958904,587.0,542.5,train,Unspecified,0,0,
430_2,430,430.jpg,2,corrosion,corrosion,527,22,844,380,318,359,114162,0.10887336730957031,0.8857938718662952,685.5,201.0,train,Unspecified,0,0,
431_0,431,431.jpg,0,crack,crack,548,172,800,788,253,617,156101,0.14886951446533203,0.4100486223662885,674.0,480.0,train,Unspecified,0,0,
432_0,432,432.jpg,0,surface_injure,surface_injure,278,502,497,836,220,335,73700,0.07028579711914062,0.6567164179104478,387.5,669.0,test,Unspecified,0,0,
433_0,433,433.jpg,0,crack,crack,494,264,597,777,104,514,53456,0.0509796142578125,0.20233463035019456,545.5,520.5,validation,Unspecified,0,0,
434_0,434,434.jpg,0,surface_injure,surface_injure,573,353,592,392,20,40,800,0.000762939453125,0.5,582.5,372.5,train,Unspecified,0,0,
434_1,434,434.jpg,1,surface_injure,surface_injure,572,422,598,455,27,34,918,0.0008754730224609375,0.7941176470588235,585.0,438.5,train,Unspecified,0,0,
435_0,435,435.jpg,0,craze,craze,627,745,1019,944,393,200,78600,0.07495880126953125,1.965,823.0,844.5,train,Unspecified,0,0,
436_0,436,436.jpg,0,craze,craze,239,327,628,739,390,413,161070,0.1536083221435547,0.9443099273607748,433.5,533.0,train,Unspecified,0,0,
436_1,436,436.jpg,1,hide_craze,hide_craze,650,538,1024,619,375,82,30750,0.029325485229492188,4.573170731707317,837.0,578.5,train,Unspecified,1,0,
437_0,437,437.jpg,0,thunderstrike,thunderstrike,273,180,775,519,503,340,171020,0.16309738159179688,1.4794117647058824,524.0,349.5,train,Unspecified,0,0,
438_0,438,438.jpg,0,hide_craze,hide_craze,147,147,1003,308,857,162,138834,0.1324024200439453,5.290123456790123,575.0,227.5,test,Unspecified,0,0,
439_0,439,439.jpg,0,hide_craze,hide_craze,273,460,528,856,256,397,101632,0.096923828125,0.6448362720403022,400.5,658.0,train,Unspecified,0,0,
440_0,440,440.jpg,0,crack,crack,356,244,631,830,276,587,162012,0.15450668334960938,0.47018739352640543,493.5,537.0,test,Unspecified,0,0,
441_0,441,441.jpg,0,surface_injure,surface_injure,105,260,317,336,213,77,16401,0.015641212463378906,2.7662337662337664,211.0,298.0,validation,Unspecified,0,0,
442_0,442,442.jpg,0,corrosion,corrosion,2,256,306,506,305,251,76555,0.07300853729248047,1.2151394422310757,154.0,381.0,train,Unspecified,0,0,
442_1,442,442.jpg,1,corrosion,corrosion,314,449,630,749,317,301,95417,0.09099674224853516,1.053156146179402,472.0,599.0,train,Unspecified,0,0,
442_2,442,442.jpg,2,corrosion,corrosion,653,508,980,849,328,342,112176,0.1069793701171875,0.9590643274853801,816.5,678.5,train,Unspecified,0,0,
443_0,443,443.jpg,0,crack,crack,262,160,455,960,194,801,155394,0.1481952667236328,0.2421972534332085,358.5,560.0,train,Unspecified,0,0,
444_0,444,444.jpg,0,craze,craze,337,583,925,894,589,312,183768,0.17525482177734375,1.8878205128205128,631.0,738.5,train,Unspecified,0,0,
446_0,446,446.jpg,0,hide_craze,hide_craze,367,760,511,786,145,27,3915,0.0037336349487304688,5.37037037037037,439.0,773.0,train,Unspecified,0,0,
447_0,447,447.jpg,0,crack,crack,498,188,734,494,237,307,72759,0.06938838958740234,0.7719869706840391,616.0,341.0,test,Unspecified,0,0,
447_1,447,447.jpg,1,crack,crack,908,331,980,560,73,230,16790,0.016012191772460938,0.3173913043478261,944.0,445.5,test,Unspecified,0,0,
448_0,448,448.jpg,0,hide_craze,hide_craze,605,702,642,842,38,141,5358,0.0051097869873046875,0.2695035460992908,623.5,772.0,validation,Unspecified,0,0,
449_0,449,449.jpg,0,hide_craze,hide_craze,333,710,370,977,38,268,10184,0.00971221923828125,0.1417910447761194,351.5,843.5,train,Unspecified,0,0,
450_0,450,450.jpg,0,hide_craze,hide_craze,322,192,564,486,243,295,71685,0.06836414337158203,0.823728813559322,443.0,339.0,train,Unspecified,0,0,
451_0,451,451.jpg,0,corrosion,corrosion,3,424,980,513,978,90,88020,0.08394241333007812,10.866666666666667,491.5,468.5,test,Unspecified,0,0,
452_0,452,452.jpg,0,hide_craze,hide_craze,250,349,431,811,182,463,84266,0.08036231994628906,0.3930885529157667,340.5,580.0,train,Unspecified,0,0,
453_0,453,453.jpg,0,hide_craze,hide_craze,497,91,627,367,131,277,36287,0.034605979919433594,0.4729241877256318,562.0,229.0,validation,Unspecified,0,0,
454_0,454,454.jpg,0,craze,craze,453,444,756,642,304,199,60496,0.0576934814453125,1.5276381909547738,604.5,543.0,train,Unspecified,0,0,
455_0,455,455.jpg,0,crack,crack,322,319,825,774,504,456,229824,0.21917724609375,1.105263157894737,573.5,546.5,train,Unspecified,0,0,
456_0,456,456.jpg,0,hide_craze,hide_craze,389,70,428,591,40,522,20880,0.0199127197265625,0.07662835249042145,408.5,330.5,train,Unspecified,0,0,
456_1,456,456.jpg,1,hide_craze,hide_craze,392,714,419,1017,28,304,8512,0.00811767578125,0.09210526315789473,405.5,865.5,train,Unspecified,0,0,
457_0,457,457.jpg,0,hide_craze,hide_craze,430,194,483,350,54,157,8478,0.008085250854492188,0.34394904458598724,456.5,272.0,test,Unspecified,0,0,
457_1,457,457.jpg,1,hide_craze,hide_craze,453,467,486,536,34,70,2380,0.002269744873046875,0.4857142857142857,469.5,501.5,test,Unspecified,0,0,
457_2,457,457.jpg,2,hide_craze,hide_craze,466,641,525,756,60,116,6960,0.0066375732421875,0.5172413793103449,495.5,698.5,test,Unspecified,0,0,
458_0,458,458.jpg,0,surface_injure,surface_injure,541,102,652,514,112,413,46256,0.0441131591796875,0.2711864406779661,596.5,308.0,train,Unspecified,0,0,
459_0,459,459.jpg,0,corrosion,corrosion,444,505,509,1013,66,509,33594,0.03203773498535156,0.12966601178781925,476.5,759.0,validation,Unspecified,0,0,
459_1,459,459.jpg,1,corrosion,corrosion,464,6,570,500,107,495,52965,0.05051136016845703,0.21616161616161617,517.0,253.0,validation,Unspecified,0,0,
461_0,461,461.jpg,0,thunderstrike,thunderstrike,583,113,727,156,145,44,6380,0.006084442138671875,3.2954545454545454,655.0,134.5,train,Unspecified,0,0,
462_0,462,462.jpg,0,surface_injure,surface_injure,483,699,533,777,51,79,4029,0.0038423538208007812,0.6455696202531646,508.0,738.0,validation,Unspecified,0,0,
462_1,462,462.jpg,1,surface_injure,surface_injure,547,552,614,600,68,49,3332,0.003177642822265625,1.3877551020408163,580.5,576.0,validation,Unspecified,0,0,
462_2,462,462.jpg,2,surface_injure,surface_injure,505,347,633,449,129,103,13287,0.012671470642089844,1.2524271844660195,569.0,398.0,validation,Unspecified,0,0,
462_3,462,462.jpg,3,surface_injure,surface_injure,578,80,695,245,118,166,19588,0.018680572509765625,0.7108433734939759,636.5,162.5,validation,Unspecified,0,0,
463_0,463,463.jpg,0,hide_craze,hide_craze,209,158,352,263,144,106,15264,0.014556884765625,1.3584905660377358,280.5,210.5,train,Unspecified,0,0,
464_0,464,464.jpg,0,craze,craze,53,25,422,483,370,459,169830,0.16196250915527344,0.8061002178649237,237.5,254.0,test,Unspecified,0,0,
464_1,464,464.jpg,1,hide_craze,hide_craze,486,192,637,228,152,37,5624,0.00536346435546875,4.108108108108108,561.5,210.0,test,Unspecified,0,0,
465_0,465,465.jpg,0,crack,crack,484,638,908,772,425,135,57375,0.054717063903808594,3.1481481481481484,696.0,705.0,train,Unspecified,0,0,
467_0,467,467.jpg,0,corrosion,corrosion,562,2,631,372,70,371,25970,0.024766921997070312,0.18867924528301888,596.5,187.0,train,Unspecified,0,0,
467_1,467,467.jpg,1,corrosion,corrosion,575,583,623,683,49,101,4949,0.004719734191894531,0.48514851485148514,599.0,633.0,train,Unspecified,0,0,
467_2,467,467.jpg,2,thunderstrike,thunderstrike,831,348,910,419,80,72,5760,0.0054931640625,1.1111111111111112,870.5,383.5,train,Unspecified,0,0,
468_0,468,468.jpg,0,hide_craze,hide_craze,473,339,498,738,26,400,10400,0.009918212890625,0.065,485.5,538.5,train,Unspecified,0,0,
468_1,468,468.jpg,1,hide_craze,hide_craze,470,819,495,1020,26,202,5252,0.005008697509765625,0.12871287128712872,482.5,919.5,train,Unspecified,0,0,
469_0,469,469.jpg,0,craze,craze,389,466,831,844,443,379,167897,0.16011905670166016,1.1688654353562005,610.0,655.0,test,Unspecified,0,0,
470_0,470,470.jpg,0,crack,crack,230,525,847,738,618,214,132252,0.12612533569335938,2.8878504672897196,538.5,631.5,train,Unspecified,0,0,
471_0,471,471.jpg,0,crack,crack,316,370,494,964,179,595,106505,0.10157108306884766,0.30084033613445377,405.0,667.0,train,Unspecified,0,0,
473_0,473,473.jpg,0,crack,crack,145,416,816,705,672,290,194880,0.18585205078125,2.317241379310345,480.5,560.5,test,Unspecified,0,0,
474_0,474,474.jpg,0,surface_injure,surface_injure,3,230,631,674,629,445,279905,0.2669382095336914,1.4134831460674158,317.0,452.0,train,Unspecified,0,0,
475_0,475,475.jpg,0,surface_injure,surface_injure,86,347,236,502,151,156,23556,0.022464752197265625,0.967948717948718,161.0,424.5,train,Unspecified,0,0,
475_1,475,475.jpg,1,surface_injure,surface_injure,253,419,564,653,312,235,73320,0.06992340087890625,1.327659574468085,408.5,536.0,train,Unspecified,0,0,
475_2,475,475.jpg,2,surface_injure,surface_injure,573,586,1019,861,447,276,123372,0.11765670776367188,1.6195652173913044,796.0,723.5,train,Unspecified,0,0,
476_0,476,476.jpg,0,surface_injure,surface_injure,53,508,552,692,500,185,92500,0.08821487426757812,2.7027027027027026,302.5,600.0,test,Unspecified,0,0,
477_0,477,477.jpg,0,hide_craze,hide_craze,169,110,431,158,263,49,12887,0.012290000915527344,5.36734693877551,300.0,134.0,train,Unspecified,0,0,
478_0,478,478.jpg,0,surface_injure,surface_injure,370,403,527,817,158,415,65570,0.06253242492675781,0.38072289156626504,448.5,610.0,validation,Unspecified,0,0,
478_1,478,478.jpg,1,surface_injure,surface_injure,381,1,492,214,112,214,23968,0.022857666015625,0.5233644859813084,436.5,107.5,validation,Unspecified,1,0,
479_0,479,479.jpg,0,surface_injure,surface_injure,611,206,750,325,140,120,16800,0.016021728515625,1.1666666666666667,680.5,265.5,test,Unspecified,0,0,
479_1,479,479.jpg,1,thunderstrike,thunderstrike,689,725,853,778,165,54,8910,0.008497238159179688,3.0555555555555554,771.0,751.5,test,Unspecified,0,0,
480_0,480,480.jpg,0,corrosion,corrosion,6,506,283,563,278,58,16124,0.015377044677734375,4.793103448275862,144.5,534.5,train,Unspecified,0,0,
480_1,480,480.jpg,1,corrosion,corrosion,295,550,603,633,309,84,25956,0.024753570556640625,3.6785714285714284,449.0,591.5,train,Unspecified,0,0,
480_2,480,480.jpg,2,corrosion,corrosion,611,591,1014,677,404,87,35148,0.033519744873046875,4.64367816091954,812.5,634.0,train,Unspecified,0,0,
481_0,481,481.jpg,0,corrosion,corrosion,9,155,325,402,317,248,78616,0.07497406005859375,1.278225806451613,167.0,278.5,train,Unspecified,0,0,
481_1,481,481.jpg,1,corrosion,corrosion,336,360,686,650,351,291,102141,0.09740924835205078,1.2061855670103092,511.0,505.0,train,Unspecified,0,0,
481_2,481,481.jpg,2,corrosion,corrosion,687,538,1023,852,337,315,106155,0.10123729705810547,1.0698412698412698,855.0,695.0,train,Unspecified,0,0,
482_0,482,482.jpg,0,craze,craze,605,210,942,891,338,682,230516,0.21983718872070312,0.49560117302052786,773.5,550.5,train,Unspecified,0,0,
483_0,483,483.jpg,0,hide_craze,hide_craze,191,672,809,974,619,303,187557,0.17886829376220703,2.042904290429043,500.0,823.0,train,Unspecified,0,0,
484_0,484,484.jpg,0,surface_injure,surface_injure,155,244,291,324,137,81,11097,0.010582923889160156,1.691358024691358,223.0,284.0,validation,Unspecified,0,0,
484_1,484,484.jpg,1,surface_injure,surface_injure,478,377,575,467,98,91,8918,0.008504867553710938,1.0769230769230769,526.5,422.0,validation,Unspecified,0,0,
484_2,484,484.jpg,2,surface_injure,surface_injure,784,283,967,516,184,234,43056,0.0410614013671875,0.7863247863247863,875.5,399.5,validation,Unspecified,0,0,
485_0,485,485.jpg,0,corrosion,corrosion,12,20,992,481,981,462,453222,0.43222618103027344,2.1233766233766236,502.0,250.5,train,Unspecified,0,0,
486_0,486,486.jpg,0,crack,crack,294,28,641,486,348,459,159732,0.15233230590820312,0.7581699346405228,467.5,257.0,validation,Unspecified,0,0,
487_0,487,487.jpg,0,surface_injure,surface_injure,180,363,306,852,127,490,62230,0.05934715270996094,0.25918367346938775,243.0,607.5,train,Unspecified,0,0,
487_1,487,487.jpg,1,surface_injure,surface_injure,252,3,497,274,246,272,66912,0.063812255859375,0.9044117647058824,374.5,138.5,train,Unspecified,0,0,
488_0,488,488.jpg,0,thunderstrike,thunderstrike,242,156,798,952,557,797,443929,0.42336368560791016,0.698870765370138,520.0,554.0,train,Unspecified,0,0,
489_0,489,489.jpg,0,corrosion,corrosion,16,188,269,394,254,207,52578,0.05014228820800781,1.2270531400966183,142.5,291.0,train,Unspecified,0,0,
489_1,489,489.jpg,1,corrosion,corrosion,277,331,566,561,290,231,66990,0.06388664245605469,1.2554112554112553,421.5,446.0,train,Unspecified,0,0,
489_2,489,489.jpg,2,corrosion,corrosion,577,510,1022,919,446,410,182860,0.17438888549804688,1.0878048780487806,799.5,714.5,train,Unspecified,0,0,
491_0,491,491.jpg,0,corrosion,corrosion,8,81,1017,678,1010,598,603980,0.5760002136230469,1.6889632107023411,512.5,379.5,train,Unspecified,0,0,
492_0,492,492.jpg,0,surface_injure,surface_injure,411,181,552,338,142,158,22436,0.021396636962890625,0.8987341772151899,481.5,259.5,train,Unspecified,0,0,
493_0,493,493.jpg,0,surface_injure,surface_injure,103,1,252,138,150,138,20700,0.019741058349609375,1.0869565217391304,177.5,69.5,train,Unspecified,1,0,
493_1,493,493.jpg,1,surface_injure,surface_injure,405,1,552,113,148,113,16724,0.015949249267578125,1.3097345132743363,478.5,57.0,train,Unspecified,1,0,
493_2,493,493.jpg,2,surface_injure,surface_injure,594,3,1024,342,431,340,146540,0.13975143432617188,1.2676470588235293,809.0,172.5,train,Unspecified,1,0,
494_0,494,494.jpg,0,surface_injure,surface_injure,208,655,383,805,176,151,26576,0.0253448486328125,1.1655629139072847,295.5,730.0,train,Unspecified,0,0,
494_1,494,494.jpg,1,surface_injure,surface_injure,342,497,562,713,221,217,47957,0.04573535919189453,1.0184331797235022,452.0,605.0,train,Unspecified,0,0,
495_0,495,495.jpg,0,corrosion,corrosion,250,2,528,1011,279,1010,281790,0.2687358856201172,0.27623762376237626,389.0,506.5,train,Unspecified,0,0,
496_0,496,496.jpg,0,hide_craze,hide_craze,661,427,705,975,45,549,24705,0.023560523986816406,0.08196721311475409,683.0,701.0,train,Unspecified,0,0,
496_1,496,496.jpg,1,hide_craze,hide_craze,678,60,700,341,23,282,6486,0.0061855316162109375,0.08156028368794327,689.0,200.5,train,Unspecified,0,0,
497_0,497,497.jpg,0,hide_craze,hide_craze,209,736,431,991,223,256,57088,0.054443359375,0.87109375,320.0,863.5,validation,Unspecified,0,0,
498_0,498,498.jpg,0,surface_injure,surface_injure,380,425,514,570,135,146,19710,0.018796920776367188,0.9246575342465754,447.0,497.5,train,Unspecified,0,0,
498_1,498,498.jpg,1,surface_injure,surface_injure,539,39,1023,570,485,532,258020,0.24606704711914062,0.9116541353383458,781.0,304.5,train,Unspecified,0,0,
499_0,499,499.jpg,0,surface_injure,surface_injure,269,285,602,514,334,230,76820,0.07326126098632812,1.4521739130434783,435.5,399.5,train,Unspecified,0,0,
500_0,500,500.jpg,0,corrosion,corrosion,537,8,722,989,186,982,182652,0.17419052124023438,0.1894093686354379,629.5,498.5,validation,Unspecified,0,0,
501_0,501,501.jpg,0,corrosion,corrosion,5,108,1005,742,1001,635,635635,0.6061887741088867,1.5763779527559054,505.0,425.0,test,Unspecified,0,0,
502_0,502,502.jpg,0,corrosion,corrosion,12,508,1024,736,1013,229,231977,0.22123050689697266,4.423580786026201,518.0,622.0,train,Unspecified,1,0,
503_0,503,503.jpg,0,corrosion,corrosion,264,499,731,1013,468,515,241020,0.22985458374023438,0.9087378640776699,497.5,756.0,train,Unspecified,0,0,
503_1,503,503.jpg,1,corrosion,corrosion,206,13,484,491,279,479,133641,0.12744998931884766,0.5824634655532359,345.0,252.0,train,Unspecified,0,0,
504_0,504,504.jpg,0,surface_injure,surface_injure,289,252,502,588,214,337,72118,0.06877708435058594,0.6350148367952523,395.5,420.0,train,Unspecified,0,0,
505_0,505,505.jpg,0,corrosion,corrosion,6,200,1012,616,1007,417,419919,0.4004659652709961,2.4148681055155876,509.0,408.0,test,Unspecified,0,0,
507_0,507,507.jpg,0,crack,crack,611,175,714,306,104,132,13728,0.013092041015625,0.7878787878787878,662.5,240.5,train,Unspecified,0,0,
508_0,508,508.jpg,0,hide_craze,hide_craze,478,55,573,1024,96,970,93120,0.08880615234375,0.09896907216494845,525.5,539.5,train,Unspecified,1,0,
509_0,509,509.jpg,0,corrosion,corrosion,6,645,1009,867,1004,223,223892,0.21352005004882812,4.502242152466367,507.5,756.0,train,Unspecified,0,0,
510_0,510,510.jpg,0,corrosion,corrosion,666,545,805,1022,140,478,66920,0.06381988525390625,0.2928870292887029,735.5,783.5,train,Unspecified,0,0,
510_1,510,510.jpg,1,corrosion,corrosion,698,64,780,539,83,476,39508,0.037677764892578125,0.17436974789915966,739.0,301.5,train,Unspecified,0,0,
511_0,511,511.jpg,0,hide_craze,hide_craze,291,156,372,500,82,345,28290,0.026979446411132812,0.23768115942028986,331.5,328.0,test,Unspecified,0,0,
511_1,511,511.jpg,1,hide_craze,hide_craze,405,192,459,408,55,217,11935,0.011382102966308594,0.2534562211981567,432.0,300.0,test,Unspecified,0,0,
512_0,512,512.jpg,0,surface_injure,surface_injure,461,530,541,580,81,51,4131,0.003939628601074219,1.588235294117647,501.0,555.0,validation,Unspecified,0,0,
512_1,512,512.jpg,1,surface_injure,surface_injure,819,555,934,691,116,137,15892,0.015155792236328125,0.8467153284671532,876.5,623.0,validation,Unspecified,0,0,
513_0,513,513.jpg,0,craze,craze,309,244,480,670,172,427,73444,0.07004165649414062,0.4028103044496487,394.5,457.0,train,Unspecified,0,0,
514_0,514,514.jpg,0,surface_injure,surface_injure,180,216,966,561,787,346,272302,0.2596874237060547,2.2745664739884393,573.0,388.5,train,Unspecified,0,0,
515_0,515,515.jpg,0,corrosion,corrosion,55,433,861,760,807,328,264696,0.25243377685546875,2.4603658536585367,458.0,596.5,train,Unspecified,0,0,
516_0,516,516.jpg,0,corrosion,corrosion,9,158,1020,633,1012,476,481712,0.4593963623046875,2.1260504201680672,514.5,395.5,train,Unspecified,0,0,
517_0,517,517.jpg,0,hide_craze,hide_craze,81,674,1024,739,944,66,62304,0.059417724609375,14.303030303030303,552.5,706.5,train,Unspecified,1,0,
518_0,518,518.jpg,0,craze,craze,236,319,1024,672,789,354,279306,0.26636695861816406,2.2288135593220337,630.0,495.5,train,Unspecified,1,0,
519_0,519,519.jpg,0,hide_craze,hide_craze,359,161,405,863,47,703,33041,0.031510353088378906,0.06685633001422475,382.0,512.0,validation,Unspecified,0,0,
520_0,520,520.jpg,0,crack,crack,341,36,512,652,172,617,106124,0.10120773315429688,0.2787682333873582,426.5,344.0,train,Unspecified,0,0,
521_0,521,521.jpg,0,corrosion,corrosion,583,297,633,442,51,146,7446,0.0071010589599609375,0.3493150684931507,608.0,369.5,test,Unspecified,0,0,
521_1,521,521.jpg,1,corrosion,corrosion,602,531,639,1019,38,489,18582,0.017721176147460938,0.07770961145194274,620.5,775.0,test,Unspecified,0,0,
522_0,522,522.jpg,0,surface_injure,surface_injure,27,36,208,530,182,495,90090,0.08591651916503906,0.36767676767676766,117.5,283.0,train,Unspecified,0,0,
522_1,522,522.jpg,1,surface_injure,surface_injure,233,1,625,352,393,352,138336,0.131927490234375,1.1164772727272727,429.0,176.5,train,Unspecified,1,0,
523_0,523,523.jpg,0,thunderstrike,thunderstrike,2,10,572,1002,571,993,567003,0.540736198425293,0.5750251762336355,287.0,506.0,train,Unspecified,0,0,
524_0,524,524.jpg,0,craze,craze,609,542,937,864,329,323,106267,0.10134410858154297,1.0185758513931888,773.0,703.0,train,Unspecified,0,0,
525_0,525,525.jpg,0,crack,crack,541,164,733,960,193,797,153821,0.14669513702392578,0.24215809284818068,637.0,562.0,train,Unspecified,0,0,
526_0,526,526.jpg,0,hide_craze,hide_craze,333,505,700,855,368,351,129168,0.1231842041015625,1.0484330484330484,516.5,680.0,validation,Unspecified,0,0,
527_0,527,527.jpg,0,corrosion,corrosion,356,625,453,1008,98,384,37632,0.035888671875,0.2552083333333333,404.5,816.5,train,Unspecified,0,0,
527_1,527,527.jpg,1,corrosion,corrosion,411,369,483,617,73,249,18177,0.017334938049316406,0.2931726907630522,447.0,493.0,train,Unspecified,0,0,
527_2,527,527.jpg,2,corrosion,corrosion,470,161,527,361,58,201,11658,0.011117935180664062,0.2885572139303483,498.5,261.0,train,Unspecified,0,0,
528_0,528,528.jpg,0,hide_craze,hide_craze,484,439,878,488,395,50,19750,0.018835067749023438,7.9,681.0,463.5,train,Unspecified,0,0,
529_0,529,529.jpg,0,surface_injure,surface_injure,280,513,584,722,305,210,64050,0.06108283996582031,1.4523809523809523,432.0,617.5,validation,Unspecified,0,0,
530_0,530,530.jpg,0,corrosion,corrosion,22,120,1014,802,993,683,678219,0.6468000411987305,1.4538799414348462,518.0,461.0,train,Unspecified,0,0,
531_0,531,531.jpg,0,crack,crack,641,152,986,814,346,663,229398,0.21877098083496094,0.521870286576169,813.5,483.0,train,Unspecified,0,0,
532_0,532,532.jpg,0,surface_injure,surface_injure,208,385,391,519,184,135,24840,0.02368927001953125,1.362962962962963,299.5,452.0,train,Unspecified,0,0,
533_0,533,533.jpg,0,hide_craze,hide_craze,62,97,814,419,753,323,243219,0.23195171356201172,2.331269349845201,438.0,258.0,train,Unspecified,0,0,
534_0,534,534.jpg,0,hide_craze,hide_craze,459,86,658,974,200,889,177800,0.16956329345703125,0.2249718785151856,558.5,530.0,train,Unspecified,0,0,
535_0,535,535.jpg,0,surface_injure,surface_injure,555,164,786,524,232,361,83752,0.07987213134765625,0.6426592797783933,670.5,344.0,train,Unspecified,0,0,
536_0,536,536.jpg,0,surface_injure,surface_injure,445,160,686,508,242,349,84458,0.08054542541503906,0.6934097421203438,565.5,334.0,train,Unspecified,0,0,
537_0,537,537.jpg,0,crack,crack,280,350,355,567,76,218,16568,0.01580047607421875,0.3486238532110092,317.5,458.5,train,Unspecified,0,0,
537_1,537,537.jpg,1,crack,crack,539,200,766,486,228,287,65436,0.062404632568359375,0.794425087108014,652.5,343.0,train,Unspecified,0,0,
538_0,538,538.jpg,0,craze,craze,203,44,953,438,751,395,296645,0.28290271759033203,1.90126582278481,578.0,241.0,train,Unspecified,0,0,
539_0,539,539.jpg,0,corrosion,corrosion,325,477,467,844,143,368,52624,0.0501861572265625,0.38858695652173914,396.0,660.5,train,Unspecified,0,0,
539_1,539,539.jpg,1,corrosion,corrosion,397,11,569,463,173,453,78369,0.0747385025024414,0.3818984547461369,483.0,237.0,train,Unspecified,0,0,
540_0,540,540.jpg,0,corrosion,corrosion,191,13,387,760,197,748,147356,0.14052963256835938,0.26336898395721925,289.0,386.5,validation,Unspecified,0,0,
541_0,541,541.jpg,0,hide_craze,hide_craze,492,270,748,713,257,444,114108,0.10882186889648438,0.5788288288288288,620.0,491.5,test,Unspecified,0,0,
542_0,542,542.jpg,0,hide_craze,hide_craze,422,711,786,936,365,226,82490,0.07866859436035156,1.6150442477876106,604.0,823.5,train,Unspecified,0,0,
544_0,544,544.jpg,0,crack,crack,609,1,828,345,220,345,75900,0.07238388061523438,0.6376811594202898,718.5,173.0,train,Unspecified,1,0,
545_0,545,545.jpg,0,surface_injure,surface_injure,367,686,662,931,296,246,72816,0.0694427490234375,1.2032520325203253,514.5,808.5,validation,Unspecified,0,0,
546_0,546,546.jpg,0,corrosion,corrosion,631,58,683,149,53,92,4876,0.004650115966796875,0.5760869565217391,657.0,103.5,test,Unspecified,0,0,
546_1,546,546.jpg,1,corrosion,corrosion,581,211,698,700,118,490,57820,0.055141448974609375,0.24081632653061225,639.5,455.5,test,Unspecified,0,0,
546_2,546,546.jpg,2,corrosion,corrosion,581,703,647,967,67,265,17755,0.01693248748779297,0.2528301886792453,614.0,835.0,test,Unspecified,0,0,
547_0,547,547.jpg,0,surface_injure,surface_injure,377,330,558,760,182,431,78442,0.07480812072753906,0.4222737819025522,467.5,545.0,train,Unspecified,0,0,
548_0,548,548.jpg,0,crack,crack,167,602,425,761,259,160,41440,0.039520263671875,1.61875,296.0,681.5,train,Unspecified,0,0,
548_1,548,548.jpg,1,crack,crack,9,367,366,472,358,106,37948,0.036190032958984375,3.3773584905660377,187.5,419.5,train,Unspecified,0,0,
549_0,549,549.jpg,0,corrosion,corrosion,441,5,725,1024,285,1020,290700,0.2772331237792969,0.27941176470588236,583.0,514.5,validation,Unspecified,1,0,
550_0,550,550.jpg,0,corrosion,corrosion,492,313,600,570,109,258,28122,0.026819229125976562,0.42248062015503873,546.0,441.5,train,Unspecified,0,0,
552_0,552,552.jpg,0,crack,crack,325,1,809,786,485,786,381210,0.36355018615722656,0.6170483460559797,567.0,393.5,validation,Unspecified,1,0,
553_0,553,553.jpg,0,surface_injure,surface_injure,237,81,662,736,426,656,279456,0.266510009765625,0.649390243902439,449.5,408.5,train,Unspecified,0,0,
554_0,554,554.jpg,0,craze,craze,52,494,417,816,366,323,118218,0.11274147033691406,1.13312693498452,234.5,655.0,train,Unspecified,0,0,
555_0,555,555.jpg,0,surface_injure,surface_injure,637,369,891,566,255,198,50490,0.04815101623535156,1.2878787878787878,764.0,467.5,train,Unspecified,0,0,
556_0,556,556.jpg,0,craze,craze,142,99,686,352,545,254,138430,0.1320171356201172,2.145669291338583,414.0,225.5,train,Unspecified,0,0,
557_0,557,557.jpg,0,hide_craze,hide_craze,291,99,706,175,416,77,32032,0.030548095703125,5.402597402597403,498.5,137.0,train,Unspecified,0,0,
558_0,558,558.jpg,0,crack,crack,578,180,806,778,229,599,137171,0.13081645965576172,0.3823038397328882,692.0,479.0,train,Unspecified,0,0,
559_0,559,559.jpg,0,craze,craze,6,8,297,186,292,179,52268,0.049846649169921875,1.6312849162011174,151.5,97.0,train,Unspecified,0,0,
559_1,559,559.jpg,1,craze,craze,330,163,683,500,354,338,119652,0.11410903930664062,1.047337278106509,506.5,331.5,train,Unspecified,0,0,
559_2,559,559.jpg,2,craze,craze,705,405,1012,733,308,329,101332,0.09663772583007812,0.9361702127659575,858.5,569.0,train,Unspecified,0,0,
560_0,560,560.jpg,0,corrosion,corrosion,320,585,591,1010,272,426,115872,0.110504150390625,0.6384976525821596,455.5,797.5,train,Unspecified,0,0,
560_1,560,560.jpg,1,corrosion,corrosion,334,5,552,577,219,573,125487,0.1196737289428711,0.38219895287958117,443.0,291.0,train,Unspecified,0,0,
561_0,561,561.jpg,0,corrosion,corrosion,197,8,361,614,165,607,100155,0.09551525115966797,0.27182866556836904,279.0,311.0,train,Unspecified,0,0,
562_0,562,562.jpg,0,crack,crack,144,555,261,849,118,295,34810,0.03319740295410156,0.4,202.5,702.0,validation,Unspecified,0,0,
562_1,562,562.jpg,1,crack,crack,453,366,697,781,245,416,101920,0.097198486328125,0.5889423076923077,575.0,573.5,validation,Unspecified,0,0,
563_0,563,563.jpg,0,craze,craze,386,127,936,830,551,704,387904,0.36993408203125,0.7826704545454546,661.0,478.5,test,Unspecified,0,0,
564_0,564,564.jpg,0,hide_craze,hide_craze,383,455,569,681,187,227,42449,0.040482521057128906,0.8237885462555066,476.0,568.0,train,Unspecified,0,0,
565_0,565,565.jpg,0,craze,craze,387,483,744,936,358,454,162532,0.15500259399414062,0.788546255506608,565.5,709.5,train,Unspecified,0,0,
566_0,566,566.jpg,0,corrosion,corrosion,378,6,619,889,242,884,213928,0.20401763916015625,0.2737556561085973,498.5,447.5,test,Unspecified,0,0,
569_0,569,569.jpg,0,hide_craze,hide_craze,3,400,958,599,956,200,191200,0.182342529296875,4.78,480.5,499.5,test,Unspecified,0,0,
571_0,571,571.jpg,0,hide_craze,hide_craze,622,133,709,627,88,495,43560,0.04154205322265625,0.17777777777777778,665.5,380.0,train,Unspecified,0,0,
572_0,572,572.jpg,0,craze,craze,30,8,987,505,958,498,477084,0.4549827575683594,1.9236947791164658,508.5,256.5,train,Unspecified,0,0,
573_0,573,573.jpg,0,surface_injure,surface_injure,345,739,592,942,248,204,50592,0.048248291015625,1.2156862745098038,468.5,840.5,train,Unspecified,0,0,
573_1,573,573.jpg,1,surface_injure,surface_injure,312,295,789,566,478,272,130016,0.123992919921875,1.7573529411764706,550.5,430.5,train,Unspecified,0,0,
574_0,574,574.jpg,0,craze,craze,237,281,564,602,328,322,105616,0.1007232666015625,1.0186335403726707,400.5,441.5,test,Unspecified,0,0,
575_0,575,575.jpg,0,craze,craze,355,5,645,1016,291,1012,294492,0.2808494567871094,0.2875494071146245,500.0,510.5,train,Unspecified,0,0,
576_0,576,576.jpg,0,surface_injure,surface_injure,348,644,445,752,98,109,10682,0.010187149047851562,0.8990825688073395,396.5,698.0,train,Unspecified,0,0,
576_1,576,576.jpg,1,surface_injure,surface_injure,484,602,633,785,150,184,27600,0.0263214111328125,0.8152173913043478,558.5,693.5,train,Unspecified,0,0,
576_2,576,576.jpg,2,surface_injure,surface_injure,378,311,489,411,112,101,11312,0.0107879638671875,1.108910891089109,433.5,361.0,train,Unspecified,0,0,
577_0,577,577.jpg,0,crack,crack,498,130,631,445,134,316,42344,0.04038238525390625,0.4240506329113924,564.5,287.5,train,Unspecified,0,0,
578_0,578,578.jpg,0,hide_craze,hide_craze,187,238,742,739,556,502,279112,0.26618194580078125,1.1075697211155378,464.5,488.5,train,Unspecified,0,0,
579_0,579,579.jpg,0,corrosion,corrosion,411,10,692,1020,282,1011,285102,0.2718944549560547,0.2789317507418398,551.5,515.0,train,Unspecified,0,0,
580_0,580,580.jpg,0,craze,craze,194,608,673,930,480,323,155040,0.147857666015625,1.4860681114551084,433.5,769.0,test,Unspecified,0,0,
581_0,581,581.jpg,0,surface_injure,surface_injure,1,222,577,460,577,239,137903,0.1315145492553711,2.414225941422594,289.0,341.0,train,Unspecified,1,0,
583_0,583,583.jpg,0,corrosion,corrosion,333,1,459,1022,127,1022,129794,0.12378120422363281,0.12426614481409001,396.0,511.5,train,Unspecified,1,0,
584_0,584,584.jpg,0,crack,crack,28,149,334,835,307,687,210909,0.20113849639892578,0.4468704512372635,181.0,492.0,validation,Unspecified,0,0,
585_0,585,585.jpg,0,crack,crack,509,239,673,1000,165,762,125730,0.11990547180175781,0.21653543307086615,591.0,619.5,train,Unspecified,0,0,
587_0,587,587.jpg,0,surface_injure,surface_injure,16,463,297,708,282,246,69372,0.06615829467773438,1.146341463414634,156.5,585.5,train,Unspecified,0,0,
587_1,587,587.jpg,1,hide_craze,hide_craze,1,116,287,339,287,224,64288,0.061309814453125,1.28125,144.0,227.5,train,Unspecified,1,0,
588_0,588,588.jpg,0,corrosion,corrosion,8,122,1019,417,1012,296,299552,0.285675048828125,3.418918918918919,513.5,269.5,train,Unspecified,0,0,
589_0,589,589.jpg,0,hide_craze,hide_craze,586,699,814,794,229,96,21984,0.020965576171875,2.3854166666666665,700.0,746.5,train,Unspecified,0,0,
590_0,590,590.jpg,0,corrosion,corrosion,9,131,1009,258,1001,128,128128,0.1221923828125,7.8203125,509.0,194.5,validation,Unspecified,0,0,
591_0,591,591.jpg,0,thunderstrike,thunderstrike,430,316,777,697,348,382,132936,0.12677764892578125,0.9109947643979057,603.5,506.5,test,Unspecified,0,0,
591_1,591,591.jpg,1,surface_injure,surface_injure,284,102,820,250,537,149,80013,0.07630634307861328,3.6040268456375837,552.0,176.0,test,Unspecified,0,0,
591_2,591,591.jpg,2,surface_injure,surface_injure,284,270,412,749,129,480,61920,0.059051513671875,0.26875,348.0,509.5,test,Unspecified,0,0,
592_0,592,592.jpg,0,craze,craze,417,449,770,769,354,321,113634,0.10836982727050781,1.102803738317757,593.5,609.0,train,Unspecified,0,0,
595_0,595,595.jpg,0,surface_injure,surface_injure,14,420,394,769,381,350,133350,0.12717247009277344,1.0885714285714285,204.0,594.5,train,Unspecified,0,0,
595_1,595,595.jpg,1,hide_craze,hide_craze,333,338,886,511,554,174,96396,0.09193038940429688,3.1839080459770117,609.5,424.5,train,Unspecified,0,0,
596_0,596,596.jpg,0,crack,crack,466,185,578,960,113,776,87688,0.08362579345703125,0.14561855670103094,522.0,572.5,train,Unspecified,0,0,
597_0,597,597.jpg,0,hide_craze,hide_craze,42,561,614,631,573,71,40683,0.03879833221435547,8.070422535211268,328.0,596.0,test,Unspecified,0,0,
598_0,598,598.jpg,0,corrosion,corrosion,470,24,547,603,78,580,45240,0.04314422607421875,0.13448275862068965,508.5,313.5,test,Unspecified,0,0,
598_1,598,598.jpg,1,corrosion,corrosion,483,772,558,1017,76,246,18696,0.01782989501953125,0.3089430894308943,520.5,894.5,test,Unspecified,0,0,
599_0,599,599.jpg,0,corrosion,corrosion,1,275,853,710,853,436,371908,0.3546791076660156,1.9564220183486238,427.0,492.5,train,Unspecified,1,0,
600_0,600,600.jpg,0,hide_craze,hide_craze,242,297,870,422,629,126,79254,0.07558250427246094,4.992063492063492,556.0,359.5,test,Unspecified,0,0,
601_0,601,601.jpg,0,surface_injure,surface_injure,545,400,739,860,195,461,89895,0.08573055267333984,0.4229934924078091,642.0,630.0,train,Unspecified,0,0,
602_0,602,602.jpg,0,crack,crack,139,399,650,745,512,347,177664,0.16943359375,1.4755043227665705,394.5,572.0,validation,Unspecified,0,0,
603_0,603,603.jpg,0,thunderstrike,thunderstrike,303,179,695,494,393,316,124188,0.11843490600585938,1.2436708860759493,499.0,336.5,train,Unspecified,0,0,
603_1,603,603.jpg,1,surface_injure,surface_injure,92,120,294,661,203,542,110026,0.10492897033691406,0.37453874538745385,193.0,390.5,train,Unspecified,0,0,
603_2,603,603.jpg,2,surface_injure,surface_injure,309,497,786,641,478,145,69310,0.06609916687011719,3.296551724137931,547.5,569.0,train,Unspecified,0,0,
604_0,604,604.jpg,0,crack,crack,394,236,548,1006,155,771,119505,0.1139688491821289,0.20103761348897536,471.0,621.0,train,Unspecified,0,0,
606_0,606,606.jpg,0,surface_injure,surface_injure,197,519,544,747,348,229,79692,0.07600021362304688,1.519650655021834,370.5,633.0,train,Unspecified,0,0,
607_0,607,607.jpg,0,hide_craze,hide_craze,392,80,744,311,353,232,81896,0.07810211181640625,1.521551724137931,568.0,195.5,train,Unspecified,0,0,
608_0,608,608.jpg,0,crack,crack,311,224,558,855,248,632,156736,0.14947509765625,0.3924050632911392,434.5,539.5,train,Unspecified,0,0,
609_0,609,609.jpg,0,craze,craze,208,330,609,456,402,127,51054,0.04868888854980469,3.1653543307086616,408.5,393.0,train,Unspecified,0,0,
609_1,609,609.jpg,1,surface_injure,surface_injure,661,317,800,369,140,53,7420,0.007076263427734375,2.641509433962264,730.5,343.0,train,Unspecified,0,0,
610_0,610,610.jpg,0,hide_craze,hide_craze,578,406,681,486,104,81,8424,0.00803375244140625,1.2839506172839505,629.5,446.0,test,Unspecified,0,0,
611_0,611,611.jpg,0,corrosion,corrosion,553,11,672,833,120,823,98760,0.09418487548828125,0.14580801944106925,612.5,422.0,train,Unspecified,0,0,
612_0,612,612.jpg,0,hide_craze,hide_craze,56,180,809,817,754,638,481052,0.4587669372558594,1.1818181818181819,432.5,498.5,train,Unspecified,0,0,
613_0,613,613.jpg,0,hide_craze,hide_craze,139,106,892,964,754,859,647686,0.6176815032958984,0.8777648428405123,515.5,535.0,validation,Unspecified,0,0,
614_0,614,614.jpg,0,hide_craze,hide_craze,437,360,533,444,97,85,8245,0.007863044738769531,1.1411764705882352,485.0,402.0,train,Unspecified,0,0,
615_0,615,615.jpg,0,hide_craze,hide_craze,359,241,492,911,134,671,89914,0.08574867248535156,0.19970193740685543,425.5,576.0,train,Unspecified,0,0,
615_1,615,615.jpg,1,hide_craze,hide_craze,545,49,673,870,129,822,106038,0.10112571716308594,0.15693430656934307,609.0,459.5,train,Unspecified,0,0,
616_0,616,616.jpg,0,hide_craze,hide_craze,3,349,934,681,932,333,310356,0.2959785461425781,2.798798798798799,468.5,515.0,train,Unspecified,0,0,
617_0,617,617.jpg,0,hide_craze,hide_craze,1,214,931,638,931,425,395675,0.37734508514404297,2.1905882352941175,466.0,426.0,train,Unspecified,1,0,
618_0,618,618.jpg,0,hide_craze,hide_craze,387,260,839,861,453,602,272706,0.2600727081298828,0.7524916943521595,613.0,560.5,train,Unspecified,0,0,
619_0,619,619.jpg,0,hide_craze,hide_craze,155,406,983,719,829,314,260306,0.2482471466064453,2.640127388535032,569.0,562.5,train,Unspecified,0,0,
620_0,620,620.jpg,0,surface_injure,surface_injure,445,285,602,450,158,166,26228,0.025012969970703125,0.9518072289156626,523.5,367.5,train,Unspecified,0,0,
621_0,621,621.jpg,0,hide_craze,hide_craze,186,381,778,986,593,606,359358,0.3427104949951172,0.9785478547854786,482.0,683.5,validation,Unspecified,0,0,
621_1,621,621.jpg,1,surface_injure,surface_injure,725,64,902,213,178,150,26700,0.025463104248046875,1.1866666666666668,813.5,138.5,validation,Unspecified,0,0,
621_2,621,621.jpg,2,surface_injure,surface_injure,770,238,914,375,145,138,20010,0.019083023071289062,1.0507246376811594,842.0,306.5,validation,Unspecified,0,0,
622_0,622,622.jpg,0,hide_craze,hide_craze,198,299,750,744,553,446,246638,0.2352123260498047,1.2399103139013452,474.0,521.5,train,Unspecified,0,0,
623_0,623,623.jpg,0,hide_craze,hide_craze,55,511,852,689,798,179,142842,0.13622474670410156,4.4581005586592175,453.5,600.0,test,Unspecified,0,0,
623_1,623,623.jpg,1,surface_injure,surface_injure,858,383,902,508,45,126,5670,0.0054073333740234375,0.35714285714285715,880.0,445.5,test,Unspecified,0,0,
624_0,624,624.jpg,0,hide_craze,hide_craze,92,153,944,769,853,617,526301,0.5019197463989258,1.3824959481361425,518.0,461.0,train,Unspecified,0,0,
625_0,625,625.jpg,0,hide_craze,hide_craze,169,345,773,877,605,533,322465,0.3075265884399414,1.1350844277673546,471.0,611.0,train,Unspecified,0,0,
626_0,626,626.jpg,0,hide_craze,hide_craze,98,417,827,650,730,234,170820,0.16290664672851562,3.1196581196581197,462.5,533.5,train,Unspecified,0,0,
627_0,627,627.jpg,0,surface_injure,surface_injure,167,285,369,650,203,366,74298,0.07085609436035156,0.5546448087431693,268.0,467.5,train,Unspecified,0,0,
627_1,627,627.jpg,1,surface_injure,surface_injure,491,261,687,605,197,345,67965,0.06481647491455078,0.5710144927536231,589.0,433.0,train,Unspecified,0,0,
628_0,628,628.jpg,0,hide_craze,hide_craze,155,280,317,314,163,35,5705,0.005440711975097656,4.6571428571428575,236.0,297.0,train,Unspecified,0,0,
628_1,628,628.jpg,1,hide_craze,hide_craze,173,805,619,874,447,70,31290,0.029840469360351562,6.385714285714286,396.0,839.5,train,Unspecified,0,0,
629_0,629,629.jpg,0,surface_injure,surface_injure,328,89,712,558,385,470,180950,0.17256736755371094,0.8191489361702128,520.0,323.5,train,Unspecified,0,0,
630_0,630,630.jpg,0,surface_injure,surface_injure,522,1,784,978,263,978,257214,0.2452983856201172,0.2689161554192229,653.0,489.5,train,Unspecified,1,0,
631_0,631,631.jpg,0,surface_injure,surface_injure,28,703,181,874,154,172,26488,0.02526092529296875,0.8953488372093024,104.5,788.5,train,Unspecified,0,0,
632_0,632,632.jpg,0,craze,craze,367,85,689,1003,323,919,296837,0.28308582305908203,0.3514689880304679,528.0,544.0,train,Unspecified,0,0,
633_0,633,633.jpg,0,hide_craze,hide_craze,286,463,653,570,368,108,39744,0.03790283203125,3.4074074074074074,469.5,516.5,test,Unspecified,0,0,
634_0,634,634.jpg,0,craze,craze,603,5,723,964,121,960,116160,0.11077880859375,0.12604166666666666,663.0,484.5,train,Unspecified,0,0,
635_0,635,635.jpg,0,surface_injure,surface_injure,272,461,623,708,352,248,87296,0.083251953125,1.4193548387096775,447.5,584.5,train,Unspecified,0,0,
636_0,636,636.jpg,0,surface_injure,surface_injure,494,589,802,899,309,311,96099,0.09164714813232422,0.9935691318327974,648.0,744.0,train,Unspecified,0,0,
636_1,636,636.jpg,1,surface_injure,surface_injure,561,133,748,320,188,188,35344,0.0337066650390625,1.0,654.5,226.5,train,Unspecified,0,0,
637_0,637,637.jpg,0,craze,craze,473,10,584,1006,112,997,111664,0.1064910888671875,0.1123370110330993,528.5,508.0,train,Unspecified,0,0,
638_0,638,638.jpg,0,hide_craze,hide_craze,297,453,561,658,265,206,54590,0.05206108093261719,1.2864077669902914,429.0,555.5,train,Unspecified,0,0,
639_0,639,639.jpg,0,hide_craze,hide_craze,348,363,889,411,542,49,26558,0.025327682495117188,11.061224489795919,618.5,387.0,train,Unspecified,0,0,
639_1,639,639.jpg,1,surface_injure,surface_injure,589,430,644,464,56,35,1960,0.00186920166015625,1.6,616.5,447.0,train,Unspecified,0,0,
641_0,641,641.jpg,0,hide_craze,hide_craze,214,467,500,794,287,328,94136,0.08977508544921875,0.875,357.0,630.5,train,Unspecified,0,0,
641_1,641,641.jpg,1,hide_craze,hide_craze,322,10,934,285,613,276,169188,0.16135025024414062,2.221014492753623,628.0,147.5,train,Unspecified,0,0,
641_2,641,641.jpg,2,craze,craze,836,338,998,981,163,644,104972,0.10010910034179688,0.2531055900621118,917.0,659.5,train,Unspecified,0,0,
642_0,642,642.jpg,0,hide_craze,hide_craze,450,685,870,899,421,215,90515,0.08632183074951172,1.958139534883721,660.0,792.0,test,Unspecified,0,0,
642_1,642,642.jpg,1,surface_injure,surface_injure,781,1,839,136,59,136,8024,0.00765228271484375,0.4338235294117647,810.0,68.5,test,Unspecified,1,0,
643_0,643,643.jpg,0,hide_craze,hide_craze,655,69,847,211,193,143,27599,0.026320457458496094,1.3496503496503496,751.0,140.0,test,Unspecified,0,0,
644_0,644,644.jpg,0,hide_craze,hide_craze,547,588,581,856,35,269,9415,0.008978843688964844,0.13011152416356878,564.0,722.0,train,Unspecified,0,0,
645_0,645,645.jpg,0,surface_injure,surface_injure,727,224,844,397,118,174,20532,0.019580841064453125,0.6781609195402298,785.5,310.5,train,Unspecified,0,0,
646_0,646,646.jpg,0,surface_injure,surface_injure,528,656,589,741,62,86,5332,0.005084991455078125,0.7209302325581395,558.5,698.5,validation,Unspecified,0,0,
647_0,647,647.jpg,0,surface_injure,surface_injure,219,794,453,878,235,85,19975,0.019049644470214844,2.764705882352941,336.0,836.0,train,Unspecified,0,0,
648_0,648,648.jpg,0,hide_craze,hide_craze,197,405,600,683,404,279,112716,0.10749435424804688,1.4480286738351253,398.5,544.0,train,Unspecified,0,0,
648_1,648,648.jpg,1,hide_craze,hide_craze,570,692,633,1016,64,325,20800,0.01983642578125,0.19692307692307692,601.5,854.0,train,Unspecified,0,0,
649_0,649,649.jpg,0,corrosion,corrosion,456,508,662,660,207,153,31671,0.030203819274902344,1.3529411764705883,559.0,584.0,train,Unspecified,0,0,
650_0,650,650.jpg,0,corrosion,corrosion,533,20,684,941,152,922,140144,0.1336517333984375,0.1648590021691974,608.5,480.5,test,Unspecified,0,0,
651_0,651,651.jpg,0,surface_injure,surface_injure,397,510,511,617,115,108,12420,0.011844635009765625,1.0648148148148149,454.0,563.5,train,Unspecified,0,0,
652_0,652,652.jpg,0,hide_craze,hide_craze,341,416,650,522,310,107,33170,0.03163337707519531,2.897196261682243,495.5,469.0,train,Unspecified,0,0,
652_1,652,652.jpg,1,craze,craze,661,302,866,600,206,299,61594,0.05874061584472656,0.6889632107023411,763.5,451.0,train,Unspecified,0,0,
653_0,653,653.jpg,0,surface_injure,surface_injure,239,256,817,966,579,711,411669,0.39259815216064453,0.8143459915611815,528.0,611.0,train,Unspecified,0,0,
654_0,654,654.jpg,0,hide_craze,hide_craze,620,594,717,638,98,45,4410,0.0042057037353515625,2.1777777777777776,668.5,616.0,validation,Unspecified,0,0,
655_0,655,655.jpg,0,hide_craze,hide_craze,747,856,845,925,99,70,6930,0.0066089630126953125,1.4142857142857144,796.0,890.5,test,Unspecified,0,0,
656_0,656,656.jpg,0,surface_injure,surface_injure,764,741,822,836,59,96,5664,0.005401611328125,0.6145833333333334,793.0,788.5,validation,Unspecified,0,0,
657_0,657,657.jpg,0,surface_injure,surface_injure,502,472,558,510,57,39,2223,0.0021200180053710938,1.4615384615384615,530.0,491.0,train,Unspecified,0,0,
658_0,658,658.jpg,0,corrosion,corrosion,452,16,639,991,188,976,183488,0.17498779296875,0.19262295081967212,545.5,503.5,test,Unspecified,0,0,
659_0,659,659.jpg,0,thunderstrike,thunderstrike,42,702,233,770,192,69,13248,0.01263427734375,2.782608695652174,137.5,736.0,train,Unspecified,0,0,
660_0,660,660.jpg,0,surface_injure,surface_injure,328,306,550,488,223,183,40809,0.038918495178222656,1.2185792349726776,439.0,397.0,train,Unspecified,0,0,
660_1,660,660.jpg,1,craze,craze,344,325,427,438,84,114,9576,0.00913238525390625,0.7368421052631579,385.5,381.5,train,Unspecified,0,0,
661_0,661,661.jpg,0,surface_injure,surface_injure,366,330,494,410,129,81,10449,0.009964942932128906,1.5925925925925926,430.0,370.0,validation,Unspecified,0,0,
662_0,662,662.jpg,0,surface_injure,surface_injure,505,436,658,814,154,379,58366,0.05566215515136719,0.40633245382585753,581.5,625.0,train,Unspecified,0,0,
662_1,662,662.jpg,1,surface_injure,surface_injure,505,947,564,1014,60,68,4080,0.0038909912109375,0.8823529411764706,534.5,980.5,train,Unspecified,0,0,
663_0,663,663.jpg,0,hide_craze,hide_craze,787,570,945,724,159,155,24645,0.02350330352783203,1.0258064516129033,866.0,647.0,test,Unspecified,0,0,
664_0,664,664.jpg,0,surface_injure,surface_injure,41,736,400,910,360,175,63000,0.06008148193359375,2.057142857142857,220.5,823.0,train,Unspecified,0,0,
664_1,664,664.jpg,1,surface_injure,surface_injure,773,152,1005,328,233,177,41241,0.039330482482910156,1.3163841807909604,889.0,240.0,train,Unspecified,0,0,
665_0,665,665.jpg,0,hide_craze,hide_craze,602,535,673,603,72,69,4968,0.00473785400390625,1.0434782608695652,637.5,569.0,validation,Unspecified,0,0,
666_0,666,666.jpg,0,hide_craze,hide_craze,170,645,773,810,604,166,100264,0.09561920166015625,3.63855421686747,471.5,727.5,train,Unspecified,0,0,
666_1,666,666.jpg,1,hide_craze,hide_craze,458,53,728,264,271,212,57452,0.054790496826171875,1.278301886792453,593.0,158.5,train,Unspecified,0,0,
667_0,667,667.jpg,0,hide_craze,hide_craze,548,411,767,963,220,553,121660,0.11602401733398438,0.39783001808318263,657.5,687.0,train,Unspecified,0,0,
669_0,669,669.jpg,0,surface_injure,surface_injure,386,5,555,250,170,246,41820,0.039882659912109375,0.6910569105691057,470.5,127.5,validation,Unspecified,0,0,
669_1,669,669.jpg,1,surface_injure,surface_injure,422,749,473,845,52,97,5044,0.004810333251953125,0.5360824742268041,447.5,797.0,validation,Unspecified,0,0,
670_0,670,670.jpg,0,hide_craze,hide_craze,494,369,748,619,255,251,64005,0.06103992462158203,1.0159362549800797,621.0,494.0,train,Unspecified,0,0,
670_1,670,670.jpg,1,surface_injure,surface_injure,469,330,537,367,69,38,2622,0.0025005340576171875,1.8157894736842106,503.0,348.5,train,Unspecified,0,0,
671_0,671,671.jpg,0,hide_craze,hide_craze,228,467,780,935,553,469,259357,0.24734210968017578,1.1791044776119404,504.0,701.0,test,Unspecified,0,0,
671_1,671,671.jpg,1,surface_injure,surface_injure,748,927,947,1020,200,94,18800,0.0179290771484375,2.127659574468085,847.5,973.5,test,Unspecified,0,0,
672_0,672,672.jpg,0,surface_injure,surface_injure,375,320,494,372,120,53,6360,0.00606536865234375,2.2641509433962264,434.5,346.0,train,Unspecified,0,0,
672_1,672,672.jpg,1,surface_injure,surface_injure,516,685,575,716,60,32,1920,0.0018310546875,1.875,545.5,700.5,train,Unspecified,0,0,
672_2,672,672.jpg,2,corrosion,corrosion,570,197,697,319,128,123,15744,0.0150146484375,1.0406504065040652,633.5,258.0,train,Unspecified,0,0,
673_0,673,673.jpg,0,surface_injure,surface_injure,231,274,516,592,286,319,91234,0.08700752258300781,0.896551724137931,373.5,433.0,train,Unspecified,0,0,
674_0,674,674.jpg,0,surface_injure,surface_injure,653,536,747,597,95,62,5890,0.0056171417236328125,1.532258064516129,700.0,566.5,validation,Unspecified,0,0,
675_0,675,675.jpg,0,hide_craze,hide_craze,358,447,697,844,340,398,135320,0.12905120849609375,0.8542713567839196,527.5,645.5,validation,Unspecified,0,0,
676_0,676,676.jpg,0,hide_craze,hide_craze,270,130,506,335,237,206,48822,0.04656028747558594,1.1504854368932038,388.0,232.5,train,Unspecified,0,0,
676_1,676,676.jpg,1,hide_craze,hide_craze,298,675,612,877,315,203,63945,0.060982704162597656,1.5517241379310345,455.0,776.0,train,Unspecified,0,0,
677_0,677,677.jpg,0,hide_craze,hide_craze,461,330,917,613,457,284,129788,0.12377548217773438,1.6091549295774648,689.0,471.5,test,Unspecified,0,0,
678_0,678,678.jpg,0,hide_craze,hide_craze,136,347,742,592,607,246,149322,0.14240455627441406,2.467479674796748,439.0,469.5,train,Unspecified,0,0,
679_0,679,679.jpg,0,surface_injure,surface_injure,166,219,855,677,690,459,316710,0.30203819274902344,1.5032679738562091,510.5,448.0,train,Unspecified,0,0,
680_0,680,680.jpg,0,corrosion,corrosion,402,5,602,1010,201,1006,202206,0.1928386688232422,0.19980119284294234,502.0,507.5,train,Unspecified,0,0,
681_0,681,681.jpg,0,surface_injure,surface_injure,612,185,784,320,173,136,23528,0.02243804931640625,1.2720588235294117,698.0,252.5,train,Unspecified,0,0,
681_1,681,681.jpg,1,surface_injure,surface_injure,502,927,706,1022,205,96,19680,0.018768310546875,2.1354166666666665,604.0,974.5,train,Unspecified,0,0,
682_0,682,682.jpg,0,hide_craze,hide_craze,466,799,656,869,191,71,13561,0.012932777404785156,2.6901408450704225,561.0,834.0,train,Unspecified,0,0,
682_1,682,682.jpg,1,hide_craze,hide_craze,644,747,673,941,30,195,5850,0.0055789947509765625,0.15384615384615385,658.5,844.0,train,Unspecified,0,0,
683_0,683,683.jpg,0,surface_injure,surface_injure,445,855,550,969,106,115,12190,0.011625289916992188,0.9217391304347826,497.5,912.0,train,Unspecified,0,0,
683_1,683,683.jpg,1,surface_injure,surface_injure,547,66,698,203,152,138,20976,0.0200042724609375,1.1014492753623188,622.5,134.5,train,Unspecified,0,0,
683_2,683,683.jpg,2,surface_injure,surface_injure,444,480,655,644,212,165,34980,0.033359527587890625,1.284848484848485,549.5,562.0,train,Unspecified,0,0,
684_0,684,684.jpg,0,surface_injure,surface_injure,180,291,806,477,627,187,117249,0.1118173599243164,3.3529411764705883,493.0,384.0,train,Unspecified,0,0,
684_1,684,684.jpg,1,surface_injure,surface_injure,208,728,773,833,566,106,59996,0.057216644287109375,5.339622641509434,490.5,780.5,train,Unspecified,0,0,
685_0,685,685.jpg,0,craze,craze,727,3,948,360,222,358,79476,0.07579421997070312,0.6201117318435754,837.5,181.5,validation,Unspecified,0,0,
685_1,685,685.jpg,1,craze,craze,605,386,914,1024,310,639,198090,0.18891334533691406,0.48513302034428796,759.5,705.0,validation,Unspecified,1,0,
686_0,686,686.jpg,0,thunderstrike,thunderstrike,389,177,777,880,389,704,273856,0.26116943359375,0.5525568181818182,583.0,528.5,test,Unspecified,0,0,
687_0,687,687.jpg,0,surface_injure,surface_injure,434,570,620,697,187,128,23936,0.0228271484375,1.4609375,527.0,633.5,validation,Unspecified,0,0,
688_0,688,688.jpg,0,thunderstrike,thunderstrike,136,522,658,702,523,181,94663,0.09027767181396484,2.889502762430939,397.0,612.0,train,Unspecified,0,0,
689_0,689,689.jpg,0,surface_injure,surface_injure,409,108,467,224,59,117,6903,0.006583213806152344,0.5042735042735043,438.0,166.0,test,Unspecified,0,0,
689_1,689,689.jpg,1,surface_injure,surface_injure,547,230,672,347,126,118,14868,0.014179229736328125,1.0677966101694916,609.5,288.5,test,Unspecified,0,0,
689_2,689,689.jpg,2,surface_injure,surface_injure,567,549,662,605,96,57,5472,0.005218505859375,1.6842105263157894,614.5,577.0,test,Unspecified,0,0,
689_3,689,689.jpg,3,surface_injure,surface_injure,422,227,481,295,60,69,4140,0.003948211669921875,0.8695652173913043,451.5,261.0,test,Unspecified,0,0,
690_0,690,690.jpg,0,thunderstrike,thunderstrike,56,627,562,797,507,171,86697,0.08268070220947266,2.9649122807017543,309.0,712.0,train,Unspecified,0,0,
691_0,691,691.jpg,0,craze,craze,281,780,727,900,447,121,54087,0.051581382751464844,3.6942148760330578,504.0,840.0,train,Unspecified,0,0,
692_0,692,692.jpg,0,craze,craze,31,256,906,599,876,344,301344,0.287384033203125,2.546511627906977,468.5,427.5,train,Unspecified,0,0,
693_0,693,693.jpg,0,hide_craze,hide_craze,244,158,792,633,549,476,261324,0.24921798706054688,1.153361344537815,518.0,395.5,train,Unspecified,0,0,
694_0,694,694.jpg,0,hide_craze,hide_craze,94,197,716,774,623,578,360094,0.3434123992919922,1.0778546712802768,405.0,485.5,train,Unspecified,0,0,
695_0,695,695.jpg,0,hide_craze,hide_craze,70,406,609,550,540,145,78300,0.07467269897460938,3.7241379310344827,339.5,478.0,train,Unspecified,0,0,
695_1,695,695.jpg,1,hide_craze,hide_craze,866,450,1005,550,140,101,14140,0.013484954833984375,1.386138613861386,935.5,500.0,train,Unspecified,0,0,
696_0,696,696.jpg,0,hide_craze,hide_craze,148,367,567,597,420,231,97020,0.09252548217773438,1.8181818181818181,357.5,482.0,test,Unspecified,0,0,
696_1,696,696.jpg,1,hide_craze,hide_craze,583,545,998,670,416,126,52416,0.04998779296875,3.3015873015873014,790.5,607.5,test,Unspecified,0,0,
697_0,697,697.jpg,0,hide_craze,hide_craze,227,533,609,872,383,340,130220,0.12418746948242188,1.1264705882352941,418.0,702.5,train,Unspecified,0,0,
697_1,697,697.jpg,1,hide_craze,hide_craze,628,263,866,555,239,293,70027,0.06678295135498047,0.8156996587030717,747.0,409.0,train,Unspecified,0,0,
698_0,698,698.jpg,0,hide_craze,hide_craze,56,158,681,806,626,649,406274,0.3874530792236328,0.9645608628659477,368.5,482.0,validation,Unspecified,0,0,
699_0,699,699.jpg,0,thunderstrike,thunderstrike,150,578,320,869,171,292,49932,0.047618865966796875,0.5856164383561644,235.0,723.5,test,Unspecified,0,0,
701_0,701,701.jpg,0,craze,craze,227,253,919,1000,693,748,518364,0.4943504333496094,0.9264705882352942,573.0,626.5,test,Unspecified,0,0,
702_0,702,702.jpg,0,surface_injure,surface_injure,202,525,359,956,158,432,68256,0.065093994140625,0.36574074074074076,280.5,740.5,train,Unspecified,0,0,
702_1,702,702.jpg,1,surface_injure,surface_injure,295,91,411,516,117,426,49842,0.04753303527832031,0.2746478873239437,353.0,303.5,train,Unspecified,0,0,
703_0,703,703.jpg,0,corrosion,corrosion,5,397,1008,788,1004,392,393568,0.375335693359375,2.561224489795918,506.5,592.5,train,Unspecified,0,0,
704_0,704,704.jpg,0,corrosion,corrosion,548,30,728,1003,181,974,176294,0.16812705993652344,0.18583162217659138,638.0,516.5,test,Unspecified,0,0,
705_0,705,705.jpg,0,hide_craze,hide_craze,412,294,866,642,455,349,158795,0.15143871307373047,1.3037249283667622,639.0,468.0,train,Unspecified,0,0,
706_0,706,706.jpg,0,hide_craze,hide_craze,142,303,683,625,542,323,175066,0.16695594787597656,1.6780185758513932,412.5,464.0,validation,Unspecified,0,0,
707_0,707,707.jpg,0,corrosion,corrosion,387,20,617,947,231,928,214368,0.204437255859375,0.24892241379310345,502.0,483.5,train,Unspecified,0,0,
708_0,708,708.jpg,0,thunderstrike,thunderstrike,270,103,616,281,347,179,62113,0.059235572814941406,1.9385474860335195,443.0,192.0,train,Unspecified,0,0,
709_0,709,709.jpg,0,hide_craze,hide_craze,342,300,430,772,89,473,42097,0.040146827697753906,0.18816067653276955,386.0,536.0,train,Unspecified,0,0,
710_0,710,710.jpg,0,craze,craze,120,439,917,870,798,432,344736,0.328765869140625,1.8472222222222223,518.5,654.5,train,Unspecified,0,0,
711_0,711,711.jpg,0,surface_injure,surface_injure,303,494,412,638,110,145,15950,0.015211105346679688,0.7586206896551724,357.5,566.0,train,Unspecified,0,0,
712_0,712,712.jpg,0,corrosion,corrosion,467,27,608,1005,142,979,139018,0.13257789611816406,0.14504596527068436,537.5,516.0,train,Unspecified,0,0,
713_0,713,713.jpg,0,craze,craze,281,13,583,780,303,768,232704,0.221923828125,0.39453125,432.0,396.5,train,Unspecified,0,0,
714_0,714,714.jpg,0,craze,craze,190,1,553,486,364,486,176904,0.2848952562549924,0.7489711934156379,371.5,243.5,train,Unspecified,1,0,
715_0,715,715.jpg,0,craze,craze,413,159,902,989,490,831,407190,0.38832664489746094,0.5896510228640193,657.5,574.0,train,Unspecified,0,0,
716_0,716,716.jpg,0,craze,craze,600,114,734,963,135,850,114750,0.10943412780761719,0.1588235294117647,667.0,538.5,train,Unspecified,0,0,
716_1,716,716.jpg,1,craze,craze,761,360,1024,917,264,558,147312,0.1404876708984375,0.4731182795698925,892.5,638.5,train,Unspecified,1,0,
717_0,717,717.jpg,0,craze,craze,620,114,859,492,240,379,90960,0.0867462158203125,0.633245382585752,739.5,303.0,train,Unspecified,0,0,
717_1,717,717.jpg,1,hide_craze,hide_craze,478,522,698,835,221,314,69394,0.06617927551269531,0.7038216560509554,588.0,678.5,train,Unspecified,0,0,
719_0,719,719.jpg,0,corrosion,corrosion,558,20,711,547,154,528,81312,0.077545166015625,0.2916666666666667,634.5,283.5,train,Unspecified,0,0,
719_1,719,719.jpg,1,corrosion,corrosion,639,570,764,986,126,417,52542,0.05010795593261719,0.302158273381295,701.5,778.0,train,Unspecified,0,0,
720_0,720,720.jpg,0,hide_craze,hide_craze,464,20,578,991,115,972,111780,0.10660171508789062,0.1183127572016461,521.0,505.5,train,Unspecified,0,0,
721_0,721,721.jpg,0,hide_craze,hide_craze,31,631,944,670,914,40,36560,0.0348663330078125,22.85,487.5,650.5,test,Unspecified,0,0,
722_0,722,722.jpg,0,corrosion,corrosion,116,2,600,1024,485,1023,496155,0.47317028045654297,0.47409579667644186,358.0,513.0,train,Unspecified,1,0,
723_0,723,723.jpg,0,hide_craze,hide_craze,128,164,445,272,318,109,34662,0.03305625915527344,2.9174311926605503,286.5,218.0,train,Unspecified,0,0,
724_0,724,724.jpg,0,corrosion,corrosion,316,6,570,1002,255,997,254235,0.24245738983154297,0.25576730190571717,443.0,504.0,validation,Unspecified,0,0,
725_0,725,725.jpg,0,craze,craze,448,547,984,999,537,453,243261,0.23199176788330078,1.185430463576159,716.0,773.0,train,Unspecified,0,0,
726_0,726,726.jpg,0,surface_injure,surface_injure,377,180,764,416,388,237,91956,0.08769607543945312,1.6371308016877637,570.5,298.0,train,Unspecified,0,0,
727_0,727,727.jpg,0,corrosion,corrosion,700,149,833,764,134,616,82544,0.0787200927734375,0.21753246753246752,766.5,456.5,train,Unspecified,0,0,
728_0,728,728.jpg,0,craze,craze,220,136,717,669,498,534,265932,0.2536125183105469,0.9325842696629213,468.5,402.5,train,Unspecified,0,0,
728_1,728,728.jpg,1,hide_craze,hide_craze,3,217,217,283,215,67,14405,0.013737678527832031,3.208955223880597,110.0,250.0,train,Unspecified,0,0,
729_0,729,729.jpg,0,corrosion,corrosion,583,539,673,1000,91,462,42042,0.04009437561035156,0.19696969696969696,628.0,769.5,train,Unspecified,0,0,
730_0,730,730.jpg,0,hide_craze,hide_craze,541,63,566,300,26,238,6188,0.005901336669921875,0.1092436974789916,553.5,181.5,validation,Unspecified,0,0,
730_1,730,730.jpg,1,craze,craze,539,417,603,585,65,169,10985,0.010476112365722656,0.38461538461538464,571.0,501.0,validation,Unspecified,0,0,
731_0,731,731.jpg,0,craze,craze,587,6,672,1020,86,1015,87290,0.08324623107910156,0.08472906403940887,629.5,513.0,train,Unspecified,0,0,
732_0,732,732.jpg,0,corrosion,corrosion,483,16,594,995,112,980,109760,0.10467529296875,0.11428571428571428,538.5,505.5,train,Unspecified,0,0,
733_0,733,733.jpg,0,corrosion,corrosion,2,395,489,503,488,109,53192,0.05072784423828125,4.477064220183486,245.5,449.0,train,Unspecified,0,0,
733_1,733,733.jpg,1,corrosion,corrosion,514,422,1022,583,509,162,82458,0.07863807678222656,3.1419753086419755,768.0,502.5,train,Unspecified,0,0,
734_0,734,734.jpg,0,crack,crack,247,395,750,481,504,87,43848,0.04181671142578125,5.793103448275862,498.5,438.0,train,Unspecified,0,0,
736_0,736,736.jpg,0,craze,craze,156,136,508,478,353,343,121079,0.11546993255615234,1.0291545189504374,332.0,307.0,validation,Unspecified,0,0,
737_0,737,737.jpg,0,hide_craze,hide_craze,77,105,167,535,91,431,39221,0.03740406036376953,0.2111368909512761,122.0,320.0,train,Unspecified,0,0,
737_1,737,737.jpg,1,hide_craze,hide_craze,216,310,328,728,113,419,47347,0.04515361785888672,0.26968973747016706,272.0,519.0,train,Unspecified,0,0,
738_0,738,738.jpg,0,crack,crack,259,270,362,744,104,475,49400,0.04711151123046875,0.21894736842105264,310.5,507.0,validation,Unspecified,0,0,
739_0,739,739.jpg,0,crack,crack,103,211,284,367,182,157,28574,0.027250289916992188,1.1592356687898089,193.5,289.0,validation,Unspecified,0,0,
739_1,739,739.jpg,1,crack,crack,584,63,753,228,170,166,28220,0.026912689208984375,1.0240963855421688,668.5,145.5,validation,Unspecified,0,0,
740_0,740,740.jpg,0,surface_injure,surface_injure,545,325,952,491,408,167,68136,0.06497955322265625,2.44311377245509,748.5,408.0,validation,Unspecified,0,0,
741_0,741,741.jpg,0,craze,craze,702,6,834,1010,133,1005,133665,0.1274728775024414,0.13233830845771144,768.0,508.0,train,Unspecified,0,0,
742_0,742,742.jpg,0,craze,craze,791,419,934,763,144,345,49680,0.0473785400390625,0.41739130434782606,862.5,591.0,train,Unspecified,0,0,
754_0,754,754.jpg,0,thunderstrike,thunderstrike,557,456,633,653,77,198,15246,0.014539718627929688,0.3888888888888889,595.0,554.5,train,Unspecified,0,0,
754_1,754,754.jpg,1,hide_craze,hide_craze,594,664,631,991,38,328,12464,0.0118865966796875,0.11585365853658537,612.5,827.5,train,Unspecified,0,0,
754_2,754,754.jpg,2,hide_craze,hide_craze,566,255,606,444,41,190,7790,0.0074291229248046875,0.21578947368421053,586.0,349.5,train,Unspecified,0,0,
756_0,756,756.jpg,0,hide_craze,hide_craze,723,27,892,231,170,205,34850,0.03323554992675781,0.8292682926829268,807.5,129.0,train,Unspecified,0,0,
757_0,757,757.jpg,0,hide_craze,hide_craze,98,431,330,464,233,34,7922,0.0075550079345703125,6.852941176470588,214.0,447.5,train,Unspecified,0,0,
757_1,757,757.jpg,1,hide_craze,hide_craze,762,281,991,306,230,26,5980,0.005702972412109375,8.846153846153847,876.5,293.5,train,Unspecified,0,0,
765_0,765,765.jpg,0,craze,craze,162,308,569,636,408,329,134232,0.12801361083984375,1.2401215805471124,365.5,472.0,validation,Unspecified,0,0,
787_0,787,787.jpg,0,craze,craze,132,397,1014,734,883,338,298454,0.28462791442871094,2.6124260355029585,573.0,565.5,validation,Unspecified,0,0,
809_0,809,809.jpg,0,surface_injure,surface_injure,40,144,888,674,849,531,450819,0.4299345016479492,1.5988700564971752,464.0,409.0,validation,Unspecified,0,0,
818_0,818,818.jpg,0,surface_injure,surface_injure,336,420,542,639,207,220,45540,0.043430328369140625,0.9409090909090909,439.0,529.5,train,Unspecified,0,0,
818_1,818,818.jpg,1,hide_craze,hide_craze,203,283,337,496,135,214,28890,0.027551651000976562,0.6308411214953271,270.0,389.5,train,Unspecified,0,0,
818_2,818,818.jpg,2,hide_craze,hide_craze,253,161,598,366,346,206,71276,0.06797409057617188,1.6796116504854368,425.5,263.5,train,Unspecified,0,0,
818_3,818,818.jpg,3,hide_craze,hide_craze,503,645,677,833,175,189,33075,0.03154277801513672,0.9259259259259259,590.0,739.0,train,Unspecified,0,0,
818_4,818,818.jpg,4,hide_craze,hide_craze,751,454,844,528,94,75,7050,0.0067234039306640625,1.2533333333333334,797.5,491.0,train,Unspecified,0,0,
824_0,824,824.jpg,0,craze,craze,542,431,653,782,112,352,39424,0.03759765625,0.3181818181818182,597.5,606.5,test,Unspecified,0,0,
834_0,834,834.jpg,0,thunderstrike,thunderstrike,517,527,653,586,137,60,8220,0.007839202880859375,2.283333333333333,585.0,556.5,train,Unspecified,0,0,
835_0,835,835.jpg,0,thunderstrike,thunderstrike,487,511,600,731,114,221,25194,0.024026870727539062,0.5158371040723982,543.5,621.0,validation,Unspecified,0,0,
839_0,839,839.jpg,0,surface_injure,surface_injure,677,2,1024,206,348,205,71340,0.06803512573242188,1.697560975609756,850.5,104.0,train,Unspecified,1,0,
839_1,839,839.jpg,1,surface_injure,surface_injure,998,664,1024,988,27,325,8775,0.008368492126464844,0.08307692307692308,1011.0,826.0,train,Unspecified,1,0,
863_0,863,863.jpg,0,thunderstrike,thunderstrike,103,163,255,441,153,279,42687,0.040709495544433594,0.5483870967741935,179.0,302.0,test,Unspecified,0,0,
864_0,864,864.jpg,0,surface_injure,surface_injure,303,20,587,310,285,291,82935,0.07909297943115234,0.979381443298969,445.0,165.0,test,Unspecified,0,0,
871_0,871,871.jpg,0,hide_craze,hide_craze,230,713,609,827,380,115,43700,0.041675567626953125,3.3043478260869565,419.5,770.0,train,Unspecified,0,0,
871_1,871,871.jpg,1,craze,craze,642,466,973,925,332,460,152720,0.1456451416015625,0.7217391304347827,807.5,695.5,train,Unspecified,0,0,
874_0,874,874.jpg,0,thunderstrike,thunderstrike,333,735,567,861,235,127,29845,0.02846240997314453,1.8503937007874016,450.0,798.0,train,Unspecified,0,0,
875_0,875,875.jpg,0,hide_craze,hide_craze,275,20,531,644,257,625,160625,0.1531839370727539,0.4112,403.0,332.0,test,Unspecified,0,0,
875_1,875,875.jpg,1,hide_craze,hide_craze,695,463,1020,708,326,246,80196,0.07648086547851562,1.3252032520325203,857.5,585.5,test,Unspecified,0,0,
880_0,880,880.jpg,0,thunderstrike,thunderstrike,362,303,649,684,288,382,110016,0.10491943359375,0.7539267015706806,505.5,493.5,train,Unspecified,0,0,
883_0,883,883.jpg,0,hide_craze,hide_craze,464,460,825,525,362,66,23892,0.022785186767578125,5.484848484848484,644.5,492.5,train,Unspecified,0,0,
883_1,883,883.jpg,1,craze,craze,861,374,1019,514,159,141,22419,0.02138042449951172,1.127659574468085,940.0,444.0,train,Unspecified,0,0,
885_0,885,885.jpg,0,hide_craze,hide_craze,412,483,678,560,267,78,20826,0.019861221313476562,3.423076923076923,545.0,521.5,train,Unspecified,0,0,
885_1,885,885.jpg,1,craze,craze,159,431,383,716,225,286,64350,0.06136894226074219,0.7867132867132867,271.0,573.5,train,Unspecified,0,0,
893_0,893,893.jpg,0,craze,craze,84,70,541,475,458,406,185948,0.17733383178710938,1.1280788177339902,312.5,272.5,train,Unspecified,0,0,
894_0,894,894.jpg,0,thunderstrike,thunderstrike,283,122,427,216,145,95,13775,0.013136863708496094,1.5263157894736843,355.0,169.0,train,Unspecified,0,0,
895_0,895,895.jpg,0,hide_craze,hide_craze,497,358,545,550,49,193,9457,0.009018898010253906,0.2538860103626943,521.0,454.0,train,Unspecified,0,0,
895_1,895,895.jpg,1,craze,craze,536,636,723,864,188,229,43052,0.041057586669921875,0.8209606986899564,629.5,750.0,train,Unspecified,0,0,
920_0,920,920.jpg,0,corrosion,corrosion,2,602,283,677,282,76,21432,0.02043914794921875,3.710526315789474,142.5,639.5,validation,Unspecified,0,0,
932_0,932,932.jpg,0,corrosion,corrosion,8,294,1017,678,1010,385,388850,0.3708362579345703,2.6233766233766236,512.5,486.0,train,Unspecified,0,0,
945_0,945,945.jpg,0,thunderstrike,thunderstrike,2,10,495,913,494,904,446576,0.4258880615234375,0.5464601769911505,248.5,461.5,train,Unspecified,0,0,
955_0,955,955.jpg,0,corrosion,corrosion,455,5,730,1016,276,1012,279312,0.2663726806640625,0.2727272727272727,592.5,510.5,validation,Unspecified,0,0,
963_0,963,963.jpg,0,hide_craze,hide_craze,1,445,302,511,302,67,20234,0.019296646118164062,4.507462686567164,151.5,478.0,train,Unspecified,1,0,
965_0,965,965.jpg,0,surface_injure,surface_injure,312,295,789,566,478,272,130016,0.123992919921875,1.7573529411764706,550.5,430.5,train,Unspecified,0,0,
969_0,969,969.jpg,0,hide_craze,hide_craze,659,449,1024,503,366,55,20130,0.019197463989257812,6.654545454545454,841.5,476.0,train,Unspecified,1,0,
980_0,980,980.jpg,0,thunderstrike,thunderstrike,334,514,783,875,450,362,162900,0.15535354614257812,1.2430939226519337,558.5,694.5,train,Unspecified,0,0,
980_1,980,980.jpg,1,surface_injure,surface_injure,797,370,933,897,137,528,72336,0.0689849853515625,0.25946969696969696,865.0,633.5,train,Unspecified,0,0,
980_2,980,980.jpg,2,surface_injure,surface_injure,250,381,783,505,534,125,66750,0.06365776062011719,4.272,516.5,443.0,train,Unspecified,0,0,
984_0,984,984.jpg,0,hide_craze,hide_craze,1,313,627,633,627,321,201267,0.19194316864013672,1.9532710280373833,314.0,473.0,train,Unspecified,1,0,
986_0,986,986.jpg,0,hide_craze,hide_craze,155,520,642,706,488,187,91256,0.08702850341796875,2.609625668449198,398.5,613.0,train,Unspecified,0,0,
992_0,992,992.jpg,0,surface_injure,surface_injure,336,110,703,528,368,419,154192,0.1470489501953125,0.8782816229116945,519.5,319.0,train,Unspecified,0,0,
997_0,997,997.jpg,0,hide_craze,hide_craze,441,363,889,403,449,41,18409,0.017556190490722656,10.951219512195122,665.0,383.0,train,Unspecified,0,0,
998_0,998,998.jpg,0,corrosion,corrosion,369,442,494,992,126,551,69426,0.06620979309082031,0.22867513611615245,431.5,717.0,train,Unspecified,0,0,
1002_0,1002,1002.jpg,0,corrosion,corrosion,519,547,677,664,159,118,18762,0.017892837524414062,1.347457627118644,598.0,605.5,train,Unspecified,0,0,
1004_0,1004,1004.jpg,0,hide_craze,hide_craze,355,474,612,522,258,49,12642,0.012056350708007812,5.26530612244898,483.5,498.0,train,Unspecified,0,0,
1004_1,1004,1004.jpg,1,craze,craze,634,302,866,492,233,191,44503,0.042441368103027344,1.219895287958115,750.0,397.0,train,Unspecified,0,0,
1007_0,1007,1007.jpg,0,surface_injure,surface_injure,381,341,545,488,165,148,24420,0.023288726806640625,1.114864864864865,463.0,414.5,train,Unspecified,0,0,
1008_0,1008,1008.jpg,0,surface_injure,surface_injure,372,330,478,408,107,79,8453,0.008061408996582031,1.3544303797468353,425.0,369.0,train,Unspecified,0,0,
1010_0,1010,1010.jpg,0,hide_craze,hide_craze,647,411,767,975,121,565,68365,0.06519794464111328,0.21415929203539824,707.0,693.0,train,Unspecified,0,0,
1017_0,1017,1017.jpg,0,hide_craze,hide_craze,584,827,656,866,73,40,2920,0.00278472900390625,1.825,620.0,846.5,test,Unspecified,0,0,
1017_1,1017,1017.jpg,1,hide_craze,hide_craze,644,747,673,941,30,195,5850,0.0055789947509765625,0.15384615384615385,658.5,844.0,test,Unspecified,0,0,
1019_0,1019,1019.jpg,0,thunderstrike,thunderstrike,420,266,780,883,361,618,223098,0.21276283264160156,0.5841423948220065,600.0,574.5,train,Unspecified,0,0,
1046_0,1046,1046.jpg,0,craze,craze,461,285,767,702,307,418,128326,0.12238121032714844,0.7344497607655502,614.0,493.5,train,Unspecified,0,0,
1048_0,1048,1048.jpg,0,corrosion,corrosion,483,241,583,995,101,755,76255,0.0727224349975586,0.1337748344370861,533.0,618.0,train,Unspecified,0,0,
1060_0,1060,1060.jpg,0,surface_injure,surface_injure,77,578,134,1017,58,440,25520,0.0243377685546875,0.1318181818181818,105.5,797.5,train,Unspecified,0,0,
1060_1,1060,1060.jpg,1,surface_injure,surface_injure,1,1,533,233,533,233,124189,0.11843585968017578,2.2875536480686693,267.0,117.0,train,Unspecified,1,0,
1060_2,1060,1060.jpg,2,surface_injure,surface_injure,548,1,994,472,447,472,210984,0.20121002197265625,0.9470338983050848,771.0,236.5,train,Unspecified,1,0,
1061_0,1061,1061.jpg,0,craze,craze,301,456,647,860,347,405,140535,0.13402462005615234,0.8567901234567902,474.0,658.0,train,Unspecified,0,0,
1063_0,1063,1063.jpg,0,corrosion,corrosion,241,530,323,1011,83,482,40006,0.03815269470214844,0.17219917012448133,282.0,770.5,train,Unspecified,0,0,
1063_1,1063,1063.jpg,1,corrosion,corrosion,295,13,423,516,129,504,65016,0.06200408935546875,0.25595238095238093,359.0,264.5,train,Unspecified,0,0,
1064_0,1064,1064.jpg,0,craze,craze,322,316,402,555,81,240,19440,0.0185394287109375,0.3375,362.0,435.5,train,Unspecified,0,0,
