sample_id,xml_named_image,embedded_filename_image,primary_declared_filename,secondary_declared_filename,declared_image_exists,primary_object_count,secondary_object_count,primary_classes,secondary_classes,primary_boxes,secondary_boxes,primary_declared_dimensions,secondary_declared_dimensions,xml_named_image_dimensions,embedded_filename_image_dimensions,annotator_agreement_category,annotator_mean_iou,declared_primary_object_count,primary_vs_declared_exact_signature,primary_vs_declared_mean_iou,secondary_vs_declared_exact_signature,secondary_vs_declared_mean_iou,thumbnail_raw_mae,thumbnail_intensity_correlation,thumbnail_normalized_mae,recommended_identity_status,recommendation_confidence,automatic_resolution_applied,evidence_flags,review_required
743,743.jpg,10.jpg,10.jpg,10.jpg,True,2,2,thunderstrike;surface_injure,thunderstrike;surface_injure,"thunderstrike[517,336,733,424];surface_injure[383,931,470,975]","thunderstrike[518,335,732,426];surface_injure[383,931,470,975]",1024x1024,1024x1024,1024x1024,1024x1024,strong_agreement,0.979381701573304,2,False,0.6991113035589096,False,0.6887752998887011,0.25185546875000003,0.8360990721240859,0.4250070989786695,ambiguous,low,False,annotators_agree_on_embedded_filename;annotators_agree_strongly_on_current_xml;primary_classes_match_declared_sample,True
744,744.jpg,100.jpg,100.jpg,100.jpg,True,1,1,thunderstrike,thunderstrike,"thunderstrike[494,142,842,961]","thunderstrike[494,142,842,961]",1024x1024,1024x1024,1024x1024,1024x1024,strong_agreement,1.0,1,True,1.0,True,1.0,0.19738242953431373,0.9936327659693364,0.06077614059214482,xml_name_correct,high,False,xml_and_embedded_images_highly_correlated;annotators_agree_on_embedded_filename;annotators_agree_strongly_on_current_xml;primary_annotation_exactly_repeats_declared_sample,True
745,745.jpg,101.jpg,101.jpg,101.jpg,True,1,1,surface_injure,surface_injure,"surface_injure[314,114,659,542]","surface_injure[314,114,659,542]",1024x1024,1024x1024,1024x1024,1024x1024,strong_agreement,1.0,1,True,1.0,True,1.0,0.2175896139705883,0.99910810256657,0.02959029838637081,xml_name_correct,high,False,xml_and_embedded_images_highly_correlated;annotators_agree_on_embedded_filename;annotators_agree_strongly_on_current_xml;primary_annotation_exactly_repeats_declared_sample,True
746,746.jpg,105.jpg,105.jpg,105.jpg,True,1,1,surface_injure,surface_injure,"surface_injure[364,456,564,853]","surface_injure[364,456,564,853]",1024x1024,1024x1024,1024x1024,1024x1024,strong_agreement,1.0,1,True,1.0,False,0.9455548391718605,0.24991861979166669,0.9200155333548994,0.30801436859695275,ambiguous,low,False,annotators_agree_on_embedded_filename;annotators_agree_strongly_on_current_xml;primary_annotation_exactly_repeats_declared_sample,True
747,747.jpg,106.jpg,106.jpg,106.jpg,True,7,6,surface_injure;surface_injure;surface_injure;surface_injure;surface_injure;surface_injure;surface_injure,surface_injure;surface_injure;surface_injure;surface_injure;surface_injure;surface_injure,"surface_injure[337,805,372,860];surface_injure[616,792,653,1002];surface_injure[619,627,753,705];surface_injure[623,520,661,614];surface_injure[631,80,698,316];surface_injure[700,92,752,142];surface_injure[789,11,831,49]","surface_injure[338,806,374,864];surface_injure[616,792,653,1002];surface_injure[619,627,753,705];surface_injure[623,520,661,614];surface_injure[631,80,698,316];surface_injure[700,92,752,142]",1024x1024,1024x1024,1024x1024,1024x1024,object_count_disagreement,0.974420990911756,7,True,1.0,False,0.7752530525351845,0.08153913909313726,0.9998928228877022,0.01098897373123194,ambiguous,low,False,xml_and_embedded_images_highly_correlated;annotators_agree_on_embedded_filename;primary_annotation_exactly_repeats_declared_sample,True
748,748.jpg,108.jpg,108.jpg,108.jpg,True,3,3,thunderstrike;surface_injure;surface_injure,thunderstrike;surface_injure;surface_injure,"thunderstrike[542,313,911,800];surface_injure[928,2,1014,781];surface_injure[342,10,534,935]","thunderstrike[542,313,911,800];surface_injure[928,2,1014,781];surface_injure[342,10,534,935]",1024x1024,1024x1024,1024x1024,1024x1024,strong_agreement,1.0,3,True,1.0,False,0.9745190150348221,0.38596335018382355,0.7587598717033185,0.5942804980228533,ambiguous,low,False,annotators_agree_on_embedded_filename;annotators_agree_strongly_on_current_xml;primary_annotation_exactly_repeats_declared_sample,True
749,749.jpg,11.jpg,11.jpg,11.jpg,True,1,1,surface_injure,corrosion,"surface_injure[741,106,825,177]","corrosion[736,102,821,181]",1024x1024,1024x1024,1024x1024,1024x1024,class_disagreement,,1,True,1.0,False,,0.45806334252450986,0.9828388813456285,0.12629914761517297,ambiguous,low,False,xml_and_embedded_images_highly_correlated;annotators_agree_on_embedded_filename;primary_annotation_exactly_repeats_declared_sample,True
750,750.jpg,110.jpg,110.jpg,110.jpg,True,1,1,surface_injure,surface_injure,"surface_injure[41,128,616,213]","surface_injure[36,125,620,216]",1024x1024,1024x1024,1024x1024,1024x1024,strong_agreement,0.9204013377926421,1,True,1.0,False,,0.2709520526960784,0.5573906685719939,0.7424792821781909,ambiguous,low,False,annotators_agree_on_embedded_filename;annotators_agree_strongly_on_current_xml;primary_annotation_exactly_repeats_declared_sample,True
751,751.jpg,111.jpg,111.jpg,111.jpg,True,1,1,crack,crack,"crack[416,263,586,402]","crack[419,262,581,400]",1024x1024,1024x1024,1024x1024,1024x1024,strong_agreement,0.9332448242957309,1,True,1.0,False,0.9137729380923574,0.44185240502450984,0.9986299853348071,0.0362936049778303,xml_name_correct,high,False,xml_and_embedded_images_highly_correlated;annotators_agree_on_embedded_filename;annotators_agree_strongly_on_current_xml;primary_annotation_exactly_repeats_declared_sample,True
752,752.jpg,115.jpg,115.jpg,115.jpg,True,2,2,corrosion;corrosion,corrosion;corrosion,"corrosion[302,438,447,977];corrosion[406,24,555,427]","corrosion[302,438,447,977];corrosion[402,25,557,428]",1024x1024,1024x1024,1024x1024,1024x1024,strong_agreement,0.9784404976730934,2,True,1.0,False,0.9784404976730934,0.37775448069852946,0.7911099214551093,0.5451606392085142,ambiguous,low,False,annotators_agree_on_embedded_filename;annotators_agree_strongly_on_current_xml;primary_annotation_exactly_repeats_declared_sample,True
753,753.jpg,116.jpg,116.jpg,116.jpg,True,3,3,surface_injure;hide_craze;hide_craze,surface_injure;hide_craze;hide_craze,"surface_injure[491,670,536,714];hide_craze[456,450,481,516];hide_craze[437,86,486,439]","surface_injure[491,670,536,714];hide_craze[456,450,481,516];hide_craze[437,86,486,439]",1024x1024,1024x1024,1024x1024,1024x1024,strong_agreement,1.0,3,True,1.0,False,0.9370572872630255,0.26995251225490197,0.9673089564204586,0.1643807798823507,ambiguous,low,False,annotators_agree_on_embedded_filename;annotators_agree_strongly_on_current_xml;primary_annotation_exactly_repeats_declared_sample,True
755,755.jpg,120.jpg,120.jpg,120.jpg,True,1,1,corrosion,corrosion,"corrosion[512,13,647,988]","corrosion[512,13,647,988]",1024x1024,1024x1024,1024x1024,1024x1024,strong_agreement,1.0,1,True,1.0,False,0.9579547980733605,0.2788210401348039,0.6732878062426739,0.7332242236787772,ambiguous,low,False,annotators_agree_on_embedded_filename;annotators_agree_strongly_on_current_xml;primary_annotation_exactly_repeats_declared_sample,True
758,758.jpg,123.jpg,123.jpg,123.jpg,True,3,3,craze;craze;craze,craze;craze;craze,"craze[459,20,561,208];craze[481,222,595,581];craze[492,606,620,944]","craze[459,20,561,208];craze[481,222,595,581];craze[492,606,620,944]",1024x1024,1024x1024,1024x1024,1024x1024,strong_agreement,1.0,3,True,1.0,False,0.9684757698694547,0.10040307138480392,0.9375603125154881,0.27831261816991343,ambiguous,low,False,annotators_agree_on_embedded_filename;annotators_agree_strongly_on_current_xml;primary_annotation_exactly_repeats_declared_sample,True
759,759.jpg,126.jpg,126.jpg,126.jpg,True,4,4,craze;craze;craze;surface_injure,craze;craze;craze;surface_injure,"craze[56,664,164,872];craze[594,110,702,706];craze[336,339,572,681];surface_injure[694,3,1000,156]","craze[54,659,167,869];craze[594,110,702,706];craze[336,339,572,681];surface_injure[694,3,1000,156]",1024x1024,1024x1024,1024x1024,1024x1024,strong_agreement,0.9802407612485132,4,True,1.0,False,0.9680055310705945,0.28807540594362746,0.9995771457392139,0.02385380538901178,xml_name_correct,high,False,xml_and_embedded_images_highly_correlated;annotators_agree_on_embedded_filename;annotators_agree_strongly_on_current_xml;primary_annotation_exactly_repeats_declared_sample,True
761,761.jpg,13.jpg,13.jpg,13.jpg,True,2,2,hide_craze;hide_craze,hide_craze;hide_craze,"hide_craze[11,649,162,808];hide_craze[483,611,514,775]","hide_craze[7,653,167,813];hide_craze[483,611,514,775]",1024x1024,1024x1024,1024x1024,1024x1024,strong_agreement,0.9469071582042293,2,True,1.0,False,0.9365259383917466,0.0857565487132353,0.9721460792685575,0.20754465710457115,ambiguous,low,False,annotators_agree_on_embedded_filename;annotators_agree_strongly_on_current_xml;primary_annotation_exactly_repeats_declared_sample,True
762,762.jpg,130.jpg,130.jpg,130.jpg,True,2,2,crack;crack,crack;crack,"crack[100,233,170,583];crack[420,8,697,469]","crack[95,234,172,583];crack[420,8,697,469]",1024x1024,1024x1024,1024x1024,1024x1024,strong_agreement,0.9539476087830185,2,True,1.0,False,0.9730684169223086,0.21416877297794118,0.9996021938378268,0.01729210077092358,xml_name_correct,high,False,xml_and_embedded_images_highly_correlated;annotators_agree_on_embedded_filename;annotators_agree_strongly_on_current_xml;primary_annotation_exactly_repeats_declared_sample,True
763,763.jpg,137.jpg,137.jpg,137.jpg,True,1,1,crack,crack,"crack[567,42,798,406]","crack[567,42,798,406]",1024x1024,1024x1024,1024x1024,1024x1024,strong_agreement,1.0,1,True,1.0,True,1.0,0.2488999310661765,0.9986792418439514,0.039294403395034726,xml_name_correct,high,False,xml_and_embedded_images_highly_correlated;annotators_agree_on_embedded_filename;annotators_agree_strongly_on_current_xml;primary_annotation_exactly_repeats_declared_sample,True
764,764.jpg,14.jpg,14.jpg,14.jpg,True,2,2,hide_craze;surface_injure,hide_craze;corrosion,"hide_craze[170,910,272,972];surface_injure[261,94,327,153]","hide_craze[170,910,272,972];corrosion[261,94,327,153]",1024x1024,1024x1024,1024x1024,1024x1024,class_disagreement,1.0,2,True,1.0,False,1.0,0.2725116804534313,0.9960534814636489,0.06273478391070675,ambiguous,low,False,xml_and_embedded_images_highly_correlated;annotators_agree_on_embedded_filename;primary_annotation_exactly_repeats_declared_sample,True
766,766.jpg,144.jpg,144.jpg,144.jpg,True,4,4,hide_craze;hide_craze;hide_craze;hide_craze,hide_craze;hide_craze;hide_craze;hide_craze,"hide_craze[83,281,125,478];hide_craze[8,411,917,524];hide_craze[198,472,230,764];hide_craze[808,252,853,413]","hide_craze[78,279,121,476];hide_craze[8,411,917,524];hide_craze[198,472,230,764];hide_craze[810,247,858,413]",1024x1024,1024x1024,1024x1024,1024x1024,box_disagreement,0.9089109937015294,4,True,1.0,False,0.8484981665252338,0.3231608072916667,0.834067330997649,0.47234391987482804,ambiguous,low,False,annotators_agree_on_embedded_filename;primary_annotation_exactly_repeats_declared_sample,True
767,767.jpg,145.jpg,145.jpg,145.jpg,True,1,1,surface_injure,surface_injure,"surface_injure[748,475,958,803]","surface_injure[748,475,958,803]",1024x1024,1024x1024,1024x1024,1024x1024,strong_agreement,1.0,1,True,1.0,True,1.0,0.2050857843137255,0.9812728151196207,0.157238924906692,xml_name_correct,high,False,xml_and_embedded_images_highly_correlated;annotators_agree_on_embedded_filename;annotators_agree_strongly_on_current_xml;primary_annotation_exactly_repeats_declared_sample,True
768,768.jpg,146.jpg,146.jpg,146.jpg,True,1,1,hide_craze,hide_craze,"hide_craze[306,266,512,750]","hide_craze[305,269,517,750]",1024x1024,1024x1024,1024x1024,1024x1024,strong_agreement,0.9659879752534201,1,False,0.9209621993127147,False,0.8894924904860123,0.3015797334558823,0.960457007344895,0.203934163744384,ambiguous,low,False,annotators_agree_on_embedded_filename;annotators_agree_strongly_on_current_xml;primary_classes_match_declared_sample,True
769,769.jpg,147.jpg,147.jpg,147.jpg,True,1,1,hide_craze,hide_craze,"hide_craze[339,505,402,847]","hide_craze[339,505,402,847]",1024x1024,1024x1024,1024x1024,1024x1024,strong_agreement,1.0,1,True,1.0,False,0.9191266912669127,0.30647307751225494,0.9519383940985405,0.24841712456490883,ambiguous,low,False,annotators_agree_on_embedded_filename;annotators_agree_strongly_on_current_xml;primary_annotation_exactly_repeats_declared_sample,True
770,770.jpg,149.jpg,149.jpg,149.jpg,True,1,1,surface_injure,surface_injure,"surface_injure[95,700,381,758]","surface_injure[95,700,381,758]",1024x1024,1024x1024,1024x1024,1024x1024,strong_agreement,1.0,1,True,1.0,True,1.0,0.45199237898284306,0.4551194305589593,0.8556847053960402,ambiguous,low,False,annotators_agree_on_embedded_filename;annotators_agree_strongly_on_current_xml;primary_annotation_exactly_repeats_declared_sample,True
771,771.jpg,15.jpg,15.jpg,15.jpg,True,1,1,craze,craze,"craze[280,166,703,280]","craze[275,165,704,281]",1024x1024,1024x1024,1024x1024,1024x1024,strong_agreement,0.9691910157026437,1,True,1.0,False,0.9691910157026437,0.22260167738970593,0.9958430336896523,0.06022269394222712,xml_name_correct,high,False,xml_and_embedded_images_highly_correlated;annotators_agree_on_embedded_filename;annotators_agree_strongly_on_current_xml;primary_annotation_exactly_repeats_declared_sample,True
772,772.jpg,150.jpg,150.jpg,150.jpg,True,2,2,surface_injure;surface_injure,surface_injure;surface_injure,"surface_injure[608,500,737,633];surface_injure[877,541,1019,647]","surface_injure[608,500,737,633];surface_injure[880,546,1023,647]",1024x1024,1024x1024,1024x1024,1024x1024,strong_agreement,0.9545165191928193,2,True,1.0,False,0.9453734671125975,0.3760608149509804,0.7717800643292397,0.496918793357386,ambiguous,low,False,annotators_agree_on_embedded_filename;annotators_agree_strongly_on_current_xml;primary_annotation_exactly_repeats_declared_sample,True
773,773.jpg,152.jpg,152.jpg,152.jpg,True,2,2,crack;crack,crack;crack,"crack[706,381,752,597];crack[477,261,605,519]","crack[706,381,752,597];crack[479,263,609,515]",1024x1024,1024x1024,1024x1024,1024x1024,strong_agreement,0.96670830549342,2,True,1.0,False,0.96670830549342,0.29883769914215685,0.9437806287071865,0.2639457939058587,ambiguous,low,False,annotators_agree_on_embedded_filename;annotators_agree_strongly_on_current_xml;primary_annotation_exactly_repeats_declared_sample,True
774,774.jpg,157.jpg,157.jpg,157.jpg,True,1,1,crack,crack,"crack[436,278,505,749]","crack[436,278,505,749]",1024x1024,1024x1024,1024x1024,1024x1024,strong_agreement,1.0,1,True,1.0,False,0.8985730813729271,0.40064625459558834,0.9988605193615031,0.03677828309595864,xml_name_correct,high,False,xml_and_embedded_images_highly_correlated;annotators_agree_on_embedded_filename;annotators_agree_strongly_on_current_xml;primary_annotation_exactly_repeats_declared_sample,True
775,775.jpg,158.jpg,158.jpg,158.jpg,True,2,2,thunderstrike;corrosion,thunderstrike;corrosion,"thunderstrike[870,339,1000,447];corrosion[259,327,356,449]","thunderstrike[870,339,1000,447];corrosion[264,326,358,446]",1024x1024,1024x1024,1024x1024,1024x1024,strong_agreement,0.9503995479861167,2,True,1.0,False,1.0,0.41020986519607844,0.9429365310009181,0.21050894273160164,ambiguous,low,False,annotators_agree_on_embedded_filename;annotators_agree_strongly_on_current_xml;primary_annotation_exactly_repeats_declared_sample,True
776,776.jpg,159.jpg,159.jpg,159.jpg,True,1,1,crack,crack,"crack[528,149,603,435]","crack[528,149,603,435]",1024x1024,1024x1024,1024x1024,1024x1024,strong_agreement,1.0,1,True,1.0,False,0.9036523929471033,0.3831782322303922,0.811705833353429,0.505724509949492,ambiguous,low,False,annotators_agree_on_embedded_filename;annotators_agree_strongly_on_current_xml;primary_annotation_exactly_repeats_declared_sample,True
777,777.jpg,160.jpg,160.jpg,160.jpg,True,1,1,corrosion,corrosion,"corrosion[450,10,656,1005]","corrosion[449,9,657,1009]",1024x1024,1024x1024,1024x1024,1024x1024,strong_agreement,0.9854834161054257,1,True,1.0,False,0.9854834161054257,0.10609202665441175,0.9848921311523885,0.13512881518151815,xml_name_correct,high,False,xml_and_embedded_images_highly_correlated;annotators_agree_on_embedded_filename;annotators_agree_strongly_on_current_xml;primary_annotation_exactly_repeats_declared_sample,True
778,778.jpg,161.jpg,161.jpg,161.jpg,True,1,1,corrosion,corrosion,"corrosion[450,8,878,1020]","corrosion[450,8,878,1020]",1024x1024,1024x1024,1024x1024,1024x1024,strong_agreement,1.0,1,True,1.0,True,1.0,0.20962775735294117,0.9078383468066504,0.36724049646500107,ambiguous,low,False,annotators_agree_on_embedded_filename;annotators_agree_strongly_on_current_xml;primary_annotation_exactly_repeats_declared_sample,True
779,779.jpg,166.jpg,166.jpg,166.jpg,True,1,1,craze,craze,"craze[295,305,584,406]","craze[295,305,584,406]",1024x1024,1024x1024,1024x1024,1024x1024,strong_agreement,1.0,1,True,1.0,True,1.0,0.26843405330882353,0.993750584183043,0.08752898373409565,xml_name_correct,high,False,xml_and_embedded_images_highly_correlated;annotators_agree_on_embedded_filename;annotators_agree_strongly_on_current_xml;primary_annotation_exactly_repeats_declared_sample,True
780,780.jpg,168.jpg,168.jpg,168.jpg,True,1,1,crack,crack,"crack[391,414,694,685]","crack[391,414,694,685]",1024x1024,1024x1024,1024x1024,1024x1024,strong_agreement,1.0,1,True,1.0,True,1.0,0.10632563572303923,0.9981436877255645,0.05507902118230713,xml_name_correct,high,False,xml_and_embedded_images_highly_correlated;annotators_agree_on_embedded_filename;annotators_agree_strongly_on_current_xml;primary_annotation_exactly_repeats_declared_sample,True
781,781.jpg,17.jpg,17.jpg,17.jpg,True,1,1,thunderstrike,thunderstrike,"thunderstrike[277,3,977,489]","thunderstrike[277,3,977,489]",1024x1024,1024x1024,1024x1024,1024x1024,strong_agreement,1.0,1,True,1.0,True,1.0,0.3530158547794118,0.8452865619458044,0.46742930562404195,ambiguous,low,False,annotators_agree_on_embedded_filename;annotators_agree_strongly_on_current_xml;primary_annotation_exactly_repeats_declared_sample,True
782,782.jpg,170.jpg,170.jpg,170.jpg,True,3,3,corrosion;corrosion;corrosion,corrosion;corrosion;corrosion,"corrosion[1,1,442,422];corrosion[455,272,748,661];corrosion[753,505,1023,863]","corrosion[1,1,442,422];corrosion[458,275,753,666];corrosion[753,505,1023,863]",1024x1024,1024x1024,1024x1024,1024x1024,strong_agreement,0.984591714305879,3,True,1.0,False,0.9734347378442562,0.35772441789215687,0.9203881061828749,0.23111256797219293,ambiguous,low,False,annotators_agree_on_embedded_filename;annotators_agree_strongly_on_current_xml;primary_annotation_exactly_repeats_declared_sample,True
783,783.jpg,172.jpg,172.jpg,172.jpg,True,2,2,craze;craze,craze;craze,"craze[294,260,731,545];craze[756,570,1006,778]","craze[294,260,731,545];craze[759,575,1010,780]",1024x1024,1024x1024,1024x1024,1024x1024,strong_agreement,0.9703694750739136,2,True,1.0,False,1.0,0.3431765088848039,0.6496184106973861,0.6903582642561223,ambiguous,low,False,annotators_agree_on_embedded_filename;annotators_agree_strongly_on_current_xml;primary_annotation_exactly_repeats_declared_sample,True
784,784.jpg,173.jpg,173.jpg,173.jpg,True,1,1,craze,craze,"craze[94,635,1000,835]","craze[94,635,1000,835]",1024x1024,1024x1024,1024x1024,1024x1024,strong_agreement,1.0,1,True,1.0,True,1.0,0.39271790747549024,0.7892804628582525,0.5623401656484693,ambiguous,low,False,annotators_agree_on_embedded_filename;annotators_agree_strongly_on_current_xml;primary_annotation_exactly_repeats_declared_sample,True
785,785.jpg,175.jpg,175.jpg,175.jpg,True,3,3,craze;craze;craze,craze;craze;craze,"craze[1,2,242,197];craze[259,203,592,550];craze[612,495,983,864]","craze[1,2,242,197];craze[259,203,592,550];craze[613,496,978,866]",1024x1024,1024x1024,1024x1024,1024x1024,strong_agreement,0.99200705345012,3,True,1.0,False,0.99200705345012,0.29387159160539217,0.8298096779669446,0.4990168262684779,ambiguous,low,False,annotators_agree_on_embedded_filename;annotators_agree_strongly_on_current_xml;primary_annotation_exactly_repeats_declared_sample,True
786,786.jpg,177.jpg,177.jpg,177.jpg,True,1,1,craze,craze,"craze[36,392,647,510]","craze[36,392,647,510]",1024x1024,1024x1024,1024x1024,1024x1024,strong_agreement,1.0,1,True,1.0,True,1.0,0.3532063802083333,0.8526056074056764,0.43063881463496667,ambiguous,low,False,annotators_agree_on_embedded_filename;annotators_agree_strongly_on_current_xml;primary_annotation_exactly_repeats_declared_sample,True
788,788.jpg,180.jpg,180.jpg,180.jpg,True,1,1,craze,craze,"craze[287,444,550,928]","craze[288,447,548,923]",1024x1024,1024x1024,1024x1024,1024x1024,strong_agreement,0.9723289597000937,1,True,1.0,False,0.9723289597000937,0.2175656786151961,0.937776291871976,0.24279748003969104,ambiguous,low,False,annotators_agree_on_embedded_filename;annotators_agree_strongly_on_current_xml;primary_annotation_exactly_repeats_declared_sample,True
789,789.jpg,182.jpg,182.jpg,182.jpg,True,1,1,crack,crack,"crack[391,17,512,731]","crack[386,15,513,732]",1024x1024,1024x1024,1024x1024,1024x1024,strong_agreement,0.9491425835654597,1,True,1.0,False,0.9491425835654597,0.02262274050245098,0.9923492032888117,0.11124378253196919,xml_name_correct,high,False,xml_and_embedded_images_highly_correlated;annotators_agree_on_embedded_filename;annotators_agree_strongly_on_current_xml;primary_annotation_exactly_repeats_declared_sample,True
790,790.jpg,183.jpg,183.jpg,183.jpg,True,2,2,crack;crack,crack;crack,"crack[527,14,619,324];crack[344,180,462,402]","crack[527,14,619,324];crack[344,180,462,402]",1024x1024,1024x1024,1024x1024,1024x1024,strong_agreement,1.0,2,True,1.0,True,1.0,0.5691157322303919,0.9998370449799587,0.012671277443772885,xml_name_correct,high,False,xml_and_embedded_images_highly_correlated;annotators_agree_on_embedded_filename;annotators_agree_strongly_on_current_xml;primary_annotation_exactly_repeats_declared_sample,True
791,791.jpg,186.jpg,186.jpg,186.jpg,True,1,1,thunderstrike,thunderstrike,"thunderstrike[94,345,870,844]","thunderstrike[94,345,870,844]",1024x1024,1024x1024,1024x1024,1024x1024,strong_agreement,1.0,1,True,1.0,True,1.0,0.416766237745098,0.7242983677926262,0.6523568387624112,ambiguous,low,False,annotators_agree_on_embedded_filename;annotators_agree_strongly_on_current_xml;primary_annotation_exactly_repeats_declared_sample,True
792,792.jpg,187.jpg,187.jpg,187.jpg,True,2,2,crack;crack,crack;crack,"crack[119,186,305,311];crack[595,53,761,200]","crack[119,186,305,311];crack[599,57,757,201]",1024x1024,1024x1024,1024x1024,1024x1024,strong_agreement,0.9602211055276382,2,True,1.0,False,0.952567803846623,0.18096181832107844,0.8975506750085567,0.346638157999267,ambiguous,low,False,annotators_agree_on_embedded_filename;annotators_agree_strongly_on_current_xml;primary_annotation_exactly_repeats_declared_sample,True
793,793.jpg,189.jpg,189.jpg,189.jpg,True,1,1,craze,craze,"craze[286,249,709,552]","craze[286,249,709,552]",1024x1024,1024x1024,1024x1024,1024x1024,strong_agreement,1.0,1,True,1.0,True,1.0,0.1977663526348039,0.9684687750084066,0.19811503934690197,ambiguous,low,False,annotators_agree_on_embedded_filename;annotators_agree_strongly_on_current_xml;primary_annotation_exactly_repeats_declared_sample,True
794,794.jpg,191.jpg,191.jpg,191.jpg,True,1,1,thunderstrike,thunderstrike,"thunderstrike[505,145,842,903]","thunderstrike[504,142,846,901]",1024x1024,1024x1024,1024x1024,1024x1024,strong_agreement,0.978994168873108,1,True,1.0,False,0.978994168873108,0.28249751072303925,0.9996089014013115,0.022305799269455855,xml_name_correct,high,False,xml_and_embedded_images_highly_correlated;annotators_agree_on_embedded_filename;annotators_agree_strongly_on_current_xml;primary_annotation_exactly_repeats_declared_sample,True
795,795.jpg,195.jpg,195.jpg,195.jpg,True,1,1,craze,craze,"craze[227,319,584,410]","craze[229,314,581,410]",1024x1024,1024x1024,1024x1024,1024x1024,strong_agreement,0.9358808103512867,1,True,1.0,False,,0.13852826286764705,0.9998885406380779,0.01216454608738662,xml_name_correct,high,False,xml_and_embedded_images_highly_correlated;annotators_agree_on_embedded_filename;annotators_agree_strongly_on_current_xml;primary_annotation_exactly_repeats_declared_sample,True
796,796.jpg,196.jpg,196.jpg,196.jpg,True,2,2,surface_injure;surface_injure,surface_injure;surface_injure,"surface_injure[12,403,220,724];surface_injure[242,338,608,538]","surface_injure[12,403,220,724];surface_injure[242,338,608,538]",1024x1024,1024x1024,1024x1024,1024x1024,strong_agreement,1.0,2,True,1.0,False,0.9774563106796117,0.3589633118872549,0.9887756519923282,0.048295103472076224,xml_name_correct,high,False,xml_and_embedded_images_highly_correlated;annotators_agree_on_embedded_filename;annotators_agree_strongly_on_current_xml;primary_annotation_exactly_repeats_declared_sample,True
798,798.jpg,199.jpg,199.jpg,199.jpg,True,1,1,crack,crack,"crack[523,286,625,974]","crack[522,285,623,977]",1024x1024,1024x1024,1024x1024,1024x1024,strong_agreement,0.9656555284191829,1,True,1.0,False,0.9656555284191829,0.13594898897058824,0.9801766539489724,0.14106976500267854,xml_name_correct,high,False,xml_and_embedded_images_highly_correlated;annotators_agree_on_embedded_filename;annotators_agree_strongly_on_current_xml;primary_annotation_exactly_repeats_declared_sample,True
799,799.jpg,2.jpg,2.jpg,2.jpg,True,1,1,surface_injure,surface_injure,"surface_injure[500,144,594,220]","surface_injure[500,144,594,220]",1024x1024,1024x1024,1024x1024,1024x1024,strong_agreement,1.0,1,True,1.0,True,1.0,0.10732421875,0.9971023390037439,0.03451174707057903,xml_name_correct,high,False,xml_and_embedded_images_highly_correlated;annotators_agree_on_embedded_filename;annotators_agree_strongly_on_current_xml;primary_annotation_exactly_repeats_declared_sample,True
800,800.jpg,20.jpg,20.jpg,20.jpg,True,1,1,craze,craze,"craze[423,561,786,716]","craze[423,561,786,716]",1024x1024,1024x1024,1024x1024,1024x1024,strong_agreement,1.0,1,True,1.0,True,1.0,0.5107172947303921,0.5178264781186556,0.4166376837896713,ambiguous,low,False,annotators_agree_on_embedded_filename;annotators_agree_strongly_on_current_xml;primary_annotation_exactly_repeats_declared_sample,True
801,801.jpg,205.jpg,205.jpg,205.jpg,True,2,2,corrosion;corrosion,corrosion;corrosion,"corrosion[3,217,391,314];corrosion[405,269,900,428]","corrosion[0,222,391,313];corrosion[405,269,900,428]",1024x1024,1024x1024,1024x1024,1024x1024,strong_agreement,0.9660138548882755,3,False,1.0,False,0.975766647286582,0.1430252374387255,0.9339973954429425,0.2851127320780148,ambiguous,low,False,annotators_agree_on_embedded_filename;annotators_agree_strongly_on_current_xml,True
802,802.jpg,208.jpg,208.jpg,208.jpg,True,1,1,surface_injure,surface_injure,"surface_injure[502,524,845,747]","surface_injure[500,520,849,751]",1024x1024,1024x1024,1024x1024,1024x1024,strong_agreement,0.9489655172413793,1,True,1.0,False,,0.24858685661764704,0.9773620018476545,0.12327463070695888,ambiguous,low,False,annotators_agree_on_embedded_filename;annotators_agree_strongly_on_current_xml;primary_annotation_exactly_repeats_declared_sample,True
803,803.jpg,21.jpg,21.jpg,21.jpg,True,1,1,craze,craze,"craze[547,417,655,775]","craze[547,417,655,775]",1024x1024,1024x1024,1024x1024,1024x1024,strong_agreement,1.0,1,True,1.0,True,1.0,0.20756835937500004,0.9643089939542048,0.10673121331892668,ambiguous,low,False,annotators_agree_on_embedded_filename;annotators_agree_strongly_on_current_xml;primary_annotation_exactly_repeats_declared_sample,True
804,804.jpg,210.jpg,210.jpg,210.jpg,True,2,2,surface_injure;surface_injure,surface_injure;surface_injure,"surface_injure[605,506,736,633];surface_injure[878,545,1009,645]","surface_injure[605,506,736,633];surface_injure[878,545,1009,645]",1024x1024,1024x1024,1024x1024,1024x1024,strong_agreement,1.0,2,True,1.0,True,1.0,0.299072265625,0.9284295539504033,0.26854648471508896,ambiguous,low,False,annotators_agree_on_embedded_filename;annotators_agree_strongly_on_current_xml;primary_annotation_exactly_repeats_declared_sample,True
805,805.jpg,211.jpg,211.jpg,211.jpg,True,2,2,crack;crack,crack;crack,"crack[462,170,697,245];crack[527,431,833,663]","crack[462,170,697,245];crack[527,431,833,663]",1024x1024,1024x1024,1024x1024,1024x1024,strong_agreement,1.0,2,True,1.0,False,0.9287068943702601,0.3587000229779412,0.813214544636503,0.47190496794014986,ambiguous,low,False,annotators_agree_on_embedded_filename;annotators_agree_strongly_on_current_xml;primary_annotation_exactly_repeats_declared_sample,True
806,806.jpg,213.jpg,213.jpg,213.jpg,True,1,0,craze,,"craze[11,661,686,1024]",,1024x1024,1024x1024,1024x1024,1024x1024,object_count_disagreement,,1,True,1.0,False,,0.2663995481004902,0.9339956324704398,0.27440115911209406,ambiguous,low,False,annotators_agree_on_embedded_filename;primary_annotation_exactly_repeats_declared_sample,True
807,807.jpg,215.jpg,215.jpg,215.jpg,True,1,1,craze,craze,"craze[584,725,998,825]","craze[582,729,996,826]",1024x1024,1024x1024,1024x1024,1024x1024,strong_agreement,0.9420797667199698,1,True,1.0,False,0.9420797667199698,0.18073108149509803,0.9882670383836359,0.10622404798428187,xml_name_correct,high,False,xml_and_embedded_images_highly_correlated;annotators_agree_on_embedded_filename;annotators_agree_strongly_on_current_xml;primary_annotation_exactly_repeats_declared_sample,True
808,808.jpg,218.jpg,218.jpg,218.jpg,True,2,2,corrosion;corrosion,corrosion;corrosion,"corrosion[5,436,377,492];corrosion[394,441,1022,560]","corrosion[5,436,377,492];corrosion[394,441,1022,560]",1024x1024,1024x1024,1024x1024,1024x1024,strong_agreement,1.0,2,True,1.0,True,1.0,0.30493834252450985,0.9962427585163484,0.047515814231824396,xml_name_correct,high,False,xml_and_embedded_images_highly_correlated;annotators_agree_on_embedded_filename;annotators_agree_strongly_on_current_xml;primary_annotation_exactly_repeats_declared_sample,True
810,810.jpg,220.jpg,220.jpg,220.jpg,True,2,2,hide_craze;hide_craze,hide_craze;hide_craze,"hide_craze[253,524,531,874];hide_craze[545,116,711,527]","hide_craze[253,524,531,874];hide_craze[545,116,711,527]",1024x1024,1024x1024,1024x1024,1024x1024,strong_agreement,1.0,2,True,1.0,False,0.9744476314892649,0.18037492340686276,0.9760690046761191,0.1511437478881732,ambiguous,low,False,annotators_agree_on_embedded_filename;annotators_agree_strongly_on_current_xml;primary_annotation_exactly_repeats_declared_sample,True
811,811.jpg,221.jpg,221.jpg,221.jpg,True,2,2,crack;crack,crack;crack,"crack[762,111,881,280];crack[898,588,1022,753]","crack[757,109,880,276];crack[898,588,1022,753]",1024x1024,1024x1024,1024x1024,1024x1024,strong_agreement,0.9598659093025421,2,True,1.0,False,0.9598659093025421,0.3379720052083333,0.8550717832024218,0.35105493114731534,ambiguous,low,False,annotators_agree_on_embedded_filename;annotators_agree_strongly_on_current_xml;primary_annotation_exactly_repeats_declared_sample,True
812,812.jpg,224.jpg,224.jpg,224.jpg,True,1,1,hide_craze,hide_craze,"hide_craze[12,660,845,930]","hide_craze[12,660,845,930]",1024x1024,1024x1024,1024x1024,1024x1024,strong_agreement,1.0,1,True,1.0,False,0.9714184531932903,0.44417509191176474,0.7002786302246363,0.4264055446992321,ambiguous,low,False,annotators_agree_on_embedded_filename;annotators_agree_strongly_on_current_xml;primary_annotation_exactly_repeats_declared_sample,True
813,813.jpg,226.jpg,226.jpg,226.jpg,True,1,1,crack,crack,"crack[961,466,1024,564]","crack[961,466,1024,564]",1024x1024,1024x1024,1024x1024,1024x1024,strong_agreement,1.0,1,True,1.0,False,,0.33243623621323526,0.852261654293744,0.39911293853783003,ambiguous,low,False,annotators_agree_on_embedded_filename;annotators_agree_strongly_on_current_xml;primary_annotation_exactly_repeats_declared_sample,True
814,814.jpg,227.jpg,227.jpg,227.jpg,True,1,1,corrosion,corrosion,"corrosion[494,766,558,1020]","corrosion[493,771,561,1021]",1024x1024,1024x1024,1024x1024,1024x1024,strong_agreement,0.9209929721151666,1,True,1.0,False,0.9209929721151666,0.26755514705882355,0.9995091151377897,0.02337291342259349,xml_name_correct,high,False,xml_and_embedded_images_highly_correlated;annotators_agree_on_embedded_filename;annotators_agree_strongly_on_current_xml;primary_annotation_exactly_repeats_declared_sample,True
815,815.jpg,230.jpg,230.jpg,230.jpg,True,2,2,corrosion;corrosion,surface_injure;corrosion,"corrosion[234,470,342,1010];corrosion[311,14,430,460]","surface_injure[230,475,341,1010];corrosion[307,14,429,457]",1024x1024,1024x1024,1024x1024,1024x1024,class_disagreement,0.9534430489389346,2,True,1.0,False,0.0,0.443441712622549,0.6206261394552518,0.6989476090905073,ambiguous,low,False,annotators_agree_on_embedded_filename;primary_annotation_exactly_repeats_declared_sample,True
816,816.jpg,231.jpg,231.jpg,231.jpg,True,1,1,crack,crack,"crack[628,417,867,577]","crack[628,417,867,577]",1024x1024,1024x1024,1024x1024,1024x1024,strong_agreement,1.0,1,True,1.0,False,0.9385561431558234,0.16092122395833336,0.9986711178085103,0.03960077853799614,xml_name_correct,high,False,xml_and_embedded_images_highly_correlated;annotators_agree_on_embedded_filename;annotators_agree_strongly_on_current_xml;primary_annotation_exactly_repeats_declared_sample,True
817,817.jpg,232.jpg,232.jpg,232.jpg,True,1,1,thunderstrike,thunderstrike,"thunderstrike[675,280,787,322]","thunderstrike[675,280,787,322]",1024x1024,1024x1024,1024x1024,1024x1024,strong_agreement,1.0,1,True,1.0,False,,0.23944929534313725,0.9661198583029119,0.20891409068933353,ambiguous,low,False,annotators_agree_on_embedded_filename;annotators_agree_strongly_on_current_xml;primary_annotation_exactly_repeats_declared_sample,True
819,819.jpg,235.jpg,235.jpg,235.jpg,True,1,1,craze,craze,"craze[191,183,673,591]","craze[191,183,673,591]",1024x1024,1024x1024,1024x1024,1024x1024,strong_agreement,1.0,1,True,1.0,False,0.9695036518110002,0.3400802313112745,0.7977784420162771,0.5339008678505847,ambiguous,low,False,annotators_agree_on_embedded_filename;annotators_agree_strongly_on_current_xml;primary_annotation_exactly_repeats_declared_sample,True
820,820.jpg,237.jpg,237.jpg,237.jpg,True,2,2,surface_injure;hide_craze,surface_injure;hide_craze,"surface_injure[216,491,252,533];hide_craze[359,444,664,492]","surface_injure[216,491,252,533];hide_craze[359,444,664,492]",1024x1024,1024x1024,1024x1024,1024x1024,strong_agreement,1.0,2,True,1.0,False,0.9370886318614609,0.17985791973039217,0.9997642142432919,0.014466928587007242,xml_name_correct,high,False,xml_and_embedded_images_highly_correlated;annotators_agree_on_embedded_filename;annotators_agree_strongly_on_current_xml;primary_annotation_exactly_repeats_declared_sample,True
821,821.jpg,238.jpg,238.jpg,238.jpg,True,2,2,crack;crack,crack;crack,"crack[106,172,294,316];crack[578,49,767,206]","crack[106,172,294,316];crack[581,50,770,201]",1024x1024,1024x1024,1024x1024,1024x1024,strong_agreement,0.9663341645885286,2,True,1.0,False,0.9120405834493099,0.2822332643995098,0.9221634647730168,0.23893134190627702,ambiguous,low,False,annotators_agree_on_embedded_filename;annotators_agree_strongly_on_current_xml;primary_annotation_exactly_repeats_declared_sample,True
822,822.jpg,239.jpg,239.jpg,239.jpg,True,2,2,corrosion;corrosion,corrosion;corrosion,"corrosion[5,461,509,570];corrosion[530,441,1022,510]","corrosion[5,464,509,571];corrosion[530,441,1022,510]",1024x1024,1024x1024,1024x1024,1024x1024,strong_agreement,0.9819819819819819,2,True,1.0,False,0.9819819819819819,0.34065467984068626,0.7531933956540117,0.5682510920200332,ambiguous,low,False,annotators_agree_on_embedded_filename;annotators_agree_strongly_on_current_xml;primary_annotation_exactly_repeats_declared_sample,True
823,823.jpg,241.jpg,241.jpg,241.jpg,True,1,1,hide_craze,hide_craze,"hide_craze[614,813,797,852]","hide_craze[614,813,797,852]",1024x1024,1024x1024,1024x1024,1024x1024,strong_agreement,1.0,1,True,1.0,False,0.8530805687203792,0.27190180759803917,0.999619920061475,0.022659123959971144,xml_name_correct,high,False,xml_and_embedded_images_highly_correlated;annotators_agree_on_embedded_filename;annotators_agree_strongly_on_current_xml;primary_annotation_exactly_repeats_declared_sample,True
825,825.jpg,244.jpg,244.jpg,244.jpg,True,1,1,hide_craze,hide_craze,"hide_craze[725,411,866,472]","hide_craze[729,410,866,477]",1024x1024,1024x1024,1024x1024,1024x1024,strong_agreement,0.8882890365448505,1,True,1.0,False,0.8882890365448505,0.020143995098039193,0.9973684490680728,0.0502693957237993,xml_name_correct,high,False,xml_and_embedded_images_highly_correlated;annotators_agree_on_embedded_filename;annotators_agree_strongly_on_current_xml;primary_annotation_exactly_repeats_declared_sample,True
826,826.jpg,251.jpg,251.jpg,251.jpg,True,3,3,craze;craze;craze,craze;craze;craze,"craze[28,553,403,860];craze[417,177,784,627];craze[780,10,1023,161]","craze[31,554,408,859];craze[417,177,784,627];craze[780,10,1023,161]",1024x1024,1024x1024,1024x1024,1024x1024,strong_agreement,0.9909094524649588,3,True,1.0,False,1.0,0.1231722962622549,0.9998711955057343,0.011440543969409401,xml_name_correct,high,False,xml_and_embedded_images_highly_correlated;annotators_agree_on_embedded_filename;annotators_agree_strongly_on_current_xml;primary_annotation_exactly_repeats_declared_sample,True
828,828.jpg,258.jpg,258.jpg,258.jpg,True,1,1,craze,craze,"craze[223,281,800,602]","craze[223,281,800,602]",1024x1024,1024x1024,1024x1024,1024x1024,strong_agreement,1.0,1,True,1.0,True,1.0,0.1505103017769608,0.9670533420718487,0.21345170628999366,ambiguous,low,False,annotators_agree_on_embedded_filename;annotators_agree_strongly_on_current_xml;primary_annotation_exactly_repeats_declared_sample,True
829,829.jpg,259.jpg,259.jpg,259.jpg,True,1,1,surface_injure,surface_injure,"surface_injure[695,247,972,361]","surface_injure[696,244,972,356]",1024x1024,1024x1024,1024x1024,1024x1024,strong_agreement,0.9289350934422731,1,True,1.0,False,0.9289350934422731,0.4632065716911764,0.5535605321662584,0.7543021080676103,ambiguous,low,False,annotators_agree_on_embedded_filename;annotators_agree_strongly_on_current_xml;primary_annotation_exactly_repeats_declared_sample,True
830,830.jpg,262.jpg,262.jpg,262.jpg,True,1,0,hide_craze,,"hide_craze[308,16,350,1019]",,1024x1024,1024x1024,1024x1024,1024x1024,object_count_disagreement,,1,True,1.0,False,,0.28785232843137254,0.8926369099724197,0.4154656928924649,ambiguous,low,False,annotators_agree_on_embedded_filename;primary_annotation_exactly_repeats_declared_sample,True
831,831.jpg,263.jpg,263.jpg,263.jpg,True,2,2,crack;crack,crack;crack,"crack[112,200,295,305];crack[597,60,744,199]","crack[112,200,295,305];crack[592,60,748,196]",1024x1024,1024x1024,1024x1024,1024x1024,strong_agreement,0.961804764724639,2,True,1.0,False,0.9466379895856916,0.2128216911764706,0.9492006415873765,0.18434036418751548,ambiguous,low,False,annotators_agree_on_embedded_filename;annotators_agree_strongly_on_current_xml;primary_annotation_exactly_repeats_declared_sample,True
832,832.jpg,264.jpg,264.jpg,264.jpg,True,1,1,crack,crack,"crack[536,27,836,395]","crack[536,27,836,395]",1024x1024,1024x1024,1024x1024,1024x1024,strong_agreement,1.0,1,True,1.0,True,1.0,0.09337948069852942,0.9997855565319921,0.01654856118357579,xml_name_correct,high,False,xml_and_embedded_images_highly_correlated;annotators_agree_on_embedded_filename;annotators_agree_strongly_on_current_xml;primary_annotation_exactly_repeats_declared_sample,True
833,833.jpg,265.jpg,265.jpg,265.jpg,True,2,2,corrosion;corrosion,corrosion;corrosion,"corrosion[23,424,737,511];corrosion[836,438,986,481]","corrosion[23,424,737,511];corrosion[836,438,986,481]",1024x1024,1024x1024,1024x1024,1024x1024,strong_agreement,1.0,2,True,1.0,True,1.0,0.45063189338235293,0.777553527908535,0.5205198812347572,ambiguous,low,False,annotators_agree_on_embedded_filename;annotators_agree_strongly_on_current_xml;primary_annotation_exactly_repeats_declared_sample,True
836,836.jpg,278.jpg,278.jpg,278.jpg,True,2,2,corrosion;corrosion,corrosion;corrosion,"corrosion[200,47,516,513];corrosion[527,430,852,955]","corrosion[204,42,519,512];corrosion[527,430,852,955]",1024x1024,1024x1024,1024x1024,1024x1024,strong_agreement,0.9829191415535999,2,True,1.0,False,0.9829191415535999,0.3571518841911765,0.7984935083498163,0.5390066540524006,ambiguous,low,False,annotators_agree_on_embedded_filename;annotators_agree_strongly_on_current_xml;primary_annotation_exactly_repeats_declared_sample,True
837,837.jpg,28.jpg,28.jpg,28.jpg,True,1,1,hide_craze,hide_craze,"hide_craze[523,599,559,985]","hide_craze[523,599,559,985]",1024x1024,1024x1024,1024x1024,1024x1024,strong_agreement,1.0,1,True,1.0,True,1.0,0.37185585171568625,0.9935977180457617,0.08562720152245146,xml_name_correct,high,False,xml_and_embedded_images_highly_correlated;annotators_agree_on_embedded_filename;annotators_agree_strongly_on_current_xml;primary_annotation_exactly_repeats_declared_sample,True
838,838.jpg,284.jpg,284.jpg,284.jpg,True,1,1,hide_craze,hide_craze,"hide_craze[695,330,755,775]","hide_craze[695,330,755,775]",1024x1024,1024x1024,1024x1024,1024x1024,strong_agreement,1.0,1,True,1.0,False,0.901145651882621,0.33111117493872544,0.8251680209414601,0.33049877935889915,ambiguous,low,False,annotators_agree_on_embedded_filename;annotators_agree_strongly_on_current_xml;primary_annotation_exactly_repeats_declared_sample,True
840,840.jpg,286.jpg,286.jpg,286.jpg,True,1,1,hide_craze,hide_craze,"hide_craze[8,410,787,605]","hide_craze[8,410,787,605]",1024x1024,1024x1024,1024x1024,1024x1024,strong_agreement,1.0,1,True,1.0,True,1.0,0.1694891237745098,0.9993399683060443,0.02798430842303339,xml_name_correct,high,False,xml_and_embedded_images_highly_correlated;annotators_agree_on_embedded_filename;annotators_agree_strongly_on_current_xml;primary_annotation_exactly_repeats_declared_sample,True
841,841.jpg,287.jpg,287.jpg,287.jpg,True,1,0,surface_injure,,"surface_injure[1,95,336,624]",,1024x1024,1024x1024,1024x1024,1024x1024,object_count_disagreement,,1,True,1.0,False,,0.5975892310049018,0.9794021703421287,0.13183199626950365,ambiguous,low,False,annotators_agree_on_embedded_filename;primary_annotation_exactly_repeats_declared_sample,True
842,842.jpg,288.jpg,288.jpg,288.jpg,True,1,1,surface_injure,surface_injure,"surface_injure[283,102,634,399]","surface_injure[283,102,634,399]",1024x1024,1024x1024,1024x1024,1024x1024,strong_agreement,1.0,1,True,1.0,True,1.0,0.3208735447303921,0.9944549568228257,0.08518597407548702,xml_name_correct,high,False,xml_and_embedded_images_highly_correlated;annotators_agree_on_embedded_filename;annotators_agree_strongly_on_current_xml;primary_annotation_exactly_repeats_declared_sample,True
843,843.jpg,290.jpg,290.jpg,290.jpg,True,1,1,thunderstrike,thunderstrike,"thunderstrike[112,853,331,977]","thunderstrike[112,853,331,977]",1024x1024,1024x1024,1024x1024,1024x1024,strong_agreement,1.0,1,True,1.0,False,,0.44926949295343144,0.9239023168141466,0.2552193756732749,ambiguous,low,False,annotators_agree_on_embedded_filename;annotators_agree_strongly_on_current_xml;primary_annotation_exactly_repeats_declared_sample,True
844,844.jpg,297.jpg,297.jpg,297.jpg,True,2,2,crack;crack,crack;crack,"crack[327,344,406,563];crack[592,200,794,477]","crack[327,344,406,563];crack[592,200,794,477]",1024x1024,1024x1024,1024x1024,1024x1024,strong_agreement,1.0,2,True,1.0,False,0.9541761363636363,0.26840533088235297,0.8966055151668739,0.3498905644351854,ambiguous,low,False,annotators_agree_on_embedded_filename;annotators_agree_strongly_on_current_xml;primary_annotation_exactly_repeats_declared_sample,True
845,845.jpg,298.jpg,298.jpg,298.jpg,True,2,2,corrosion;corrosion,corrosion;corrosion,"corrosion[461,533,644,1017];corrosion[480,13,659,520]","corrosion[460,533,639,1014];corrosion[480,13,659,520]",1024x1024,1024x1024,1024x1024,1024x1024,strong_agreement,0.9808073828046633,2,True,1.0,False,0.9808073828046633,0.5711320465686274,0.9985187962713383,0.03555652125381041,xml_name_correct,high,False,xml_and_embedded_images_highly_correlated;annotators_agree_on_embedded_filename;annotators_agree_strongly_on_current_xml;primary_annotation_exactly_repeats_declared_sample,True
846,846.jpg,301.jpg,301.jpg,301.jpg,True,1,1,surface_injure,surface_injure,"surface_injure[373,703,1020,841]","surface_injure[373,703,1020,841]",1024x1024,1024x1024,1024x1024,1024x1024,strong_agreement,1.0,1,True,1.0,False,0.9481747934985345,0.20710784313725492,0.9999044805252706,0.010439014526245814,xml_name_correct,high,False,xml_and_embedded_images_highly_correlated;annotators_agree_on_embedded_filename;annotators_agree_strongly_on_current_xml;primary_annotation_exactly_repeats_declared_sample,True
847,847.jpg,303.jpg,303.jpg,303.jpg,True,2,2,craze;craze,craze;craze,"craze[317,127,1023,881];craze[64,242,289,519]","craze[320,130,1024,882];craze[64,242,289,519]",1024x1024,1024x1024,1024x1024,1024x1024,strong_agreement,0.9945501287268189,2,True,1.0,False,0.9945501287268189,0.3667241115196079,0.999299053976721,0.022135779844974255,xml_name_correct,high,False,xml_and_embedded_images_highly_correlated;annotators_agree_on_embedded_filename;annotators_agree_strongly_on_current_xml;primary_annotation_exactly_repeats_declared_sample,True
848,848.jpg,304.jpg,304.jpg,304.jpg,True,1,1,thunderstrike,thunderstrike,"thunderstrike[434,438,655,880]","thunderstrike[434,438,655,880]",1024x1024,1024x1024,1024x1024,1024x1024,strong_agreement,1.0,1,False,0.8439692514184614,False,0.8439692514184614,0.4708946078431373,0.9866197115425104,0.10325132193820918,xml_name_correct,high,False,xml_and_embedded_images_highly_correlated;annotators_agree_on_embedded_filename;annotators_agree_strongly_on_current_xml;primary_classes_match_declared_sample,True
849,849.jpg,305.jpg,305.jpg,305.jpg,True,2,2,crack;crack,crack;crack,"crack[275,389,323,591];crack[419,263,569,530]","crack[275,389,323,591];crack[419,263,569,530]",1024x1024,1024x1024,1024x1024,1024x1024,strong_agreement,1.0,2,True,1.0,False,0.8866412978169438,0.42695886948529405,0.7786618314344551,0.5470718984471843,ambiguous,low,False,annotators_agree_on_embedded_filename;annotators_agree_strongly_on_current_xml;primary_annotation_exactly_repeats_declared_sample,True
850,850.jpg,307.jpg,307.jpg,307.jpg,True,2,2,corrosion;corrosion,corrosion;corrosion,"corrosion[459,528,653,1010];corrosion[489,20,658,513]","corrosion[462,529,650,1014];corrosion[489,20,658,513]",1024x1024,1024x1024,1024x1024,1024x1024,strong_agreement,0.9797611147976111,2,True,1.0,False,0.9797611147976111,0.2682061887254902,0.831757863777032,0.5154887552883928,ambiguous,low,False,annotators_agree_on_embedded_filename;annotators_agree_strongly_on_current_xml;primary_annotation_exactly_repeats_declared_sample,True
852,852.jpg,313.jpg,313.jpg,313.jpg,True,2,2,corrosion;corrosion,surface_injure;corrosion,"corrosion[159,324,528,428];corrosion[542,270,908,374]","surface_injure[159,324,528,428];corrosion[542,270,908,374]",1024x1024,1024x1024,1024x1024,1024x1024,class_disagreement,1.0,2,True,1.0,True,1.0,0.39359106924019616,0.7700201871302772,0.513315326152592,ambiguous,low,False,annotators_agree_on_embedded_filename;primary_annotation_exactly_repeats_declared_sample,True
853,853.jpg,314.jpg,314.jpg,314.jpg,True,2,2,surface_injure;surface_injure,surface_injure;surface_injure,"surface_injure[523,699,627,972];surface_injure[609,594,655,667]","surface_injure[528,699,622,976];surface_injure[609,594,655,667]",1024x1024,1024x1024,1024x1024,1024x1024,strong_agreement,0.946483704974271,2,True,1.0,False,0.946483704974271,0.24978170955882353,0.8918919156162042,0.3812960669592701,ambiguous,low,False,annotators_agree_on_embedded_filename;annotators_agree_strongly_on_current_xml;primary_annotation_exactly_repeats_declared_sample,True
854,854.jpg,316.jpg,316.jpg,316.jpg,True,1,1,thunderstrike,thunderstrike,"thunderstrike[550,283,722,536]","thunderstrike[549,288,720,533]",1024x1024,1024x1024,1024x1024,1024x1024,strong_agreement,0.951977912555445,1,True,1.0,False,0.951977912555445,0.141082643995098,0.9983003419064278,0.04127363726674607,xml_name_correct,high,False,xml_and_embedded_images_highly_correlated;annotators_agree_on_embedded_filename;annotators_agree_strongly_on_current_xml;primary_annotation_exactly_repeats_declared_sample,True
855,855.jpg,318.jpg,318.jpg,318.jpg,True,1,1,crack,crack,"crack[684,261,773,764]","crack[686,264,770,767]",1024x1024,1024x1024,1024x1024,1024x1024,strong_agreement,0.9335744820782638,1,True,1.0,False,0.9335744820782638,0.17844477634803924,0.999304333629718,0.02893636388932801,xml_name_correct,high,False,xml_and_embedded_images_highly_correlated;annotators_agree_on_embedded_filename;annotators_agree_strongly_on_current_xml;primary_annotation_exactly_repeats_declared_sample,True
856,856.jpg,319.jpg,319.jpg,319.jpg,True,3,3,craze;craze;craze,craze;craze;hide_craze,"craze[12,6,255,192];craze[267,175,569,553];craze[598,481,992,872]","craze[9,10,254,191];craze[267,175,569,553];hide_craze[598,481,992,872]",1024x1024,1024x1024,1024x1024,1024x1024,class_disagreement,0.9789058777667086,3,True,1.0,False,0.9789058777667086,0.12432885263480394,0.9805417744163046,0.12501736972527697,ambiguous,low,False,xml_and_embedded_images_highly_correlated;annotators_agree_on_embedded_filename;primary_annotation_exactly_repeats_declared_sample,True
857,857.jpg,32.jpg,32.jpg,32.jpg,True,2,2,thunderstrike;thunderstrike,thunderstrike;thunderstrike,"thunderstrike[58,558,527,849];thunderstrike[739,692,987,975]","thunderstrike[58,558,527,849];thunderstrike[736,696,986,980]",1024x1024,1024x1024,1024x1024,1024x1024,strong_agreement,0.9768510252571727,2,True,1.0,False,0.9768510252571727,0.45903416053921564,0.9407496888546664,0.29465609662106973,ambiguous,low,False,annotators_agree_on_embedded_filename;annotators_agree_strongly_on_current_xml;primary_annotation_exactly_repeats_declared_sample,True
858,858.jpg,322.jpg,322.jpg,322.jpg,True,1,1,corrosion,corrosion,"corrosion[402,30,656,989]","corrosion[402,30,656,989]",1024x1024,1024x1024,1024x1024,1024x1024,strong_agreement,1.0,1,True,1.0,False,0.974436274509804,0.1755667892156863,0.9972898727318862,0.033130742168465926,xml_name_correct,high,False,xml_and_embedded_images_highly_correlated;annotators_agree_on_embedded_filename;annotators_agree_strongly_on_current_xml;primary_annotation_exactly_repeats_declared_sample,True
859,859.jpg,325.jpg,325.jpg,325.jpg,True,3,3,surface_injure;surface_injure;surface_injure,surface_injure;surface_injure;surface_injure,"surface_injure[106,756,344,875];surface_injure[211,406,622,735];surface_injure[502,27,828,395]","surface_injure[105,760,340,870];surface_injure[216,401,625,740];surface_injure[502,27,828,395]",1024x1024,1024x1024,1024x1024,1024x1024,strong_agreement,0.9527426073060293,3,True,1.0,False,0.9443285177728725,0.3174335554534313,0.8333631244783835,0.3925349339524422,ambiguous,low,False,annotators_agree_on_embedded_filename;annotators_agree_strongly_on_current_xml;primary_annotation_exactly_repeats_declared_sample,True
861,861.jpg,330.jpg,330.jpg,330.jpg,True,1,1,craze,craze,"craze[309,22,786,466]","craze[309,22,786,466]",1024x1024,1024x1024,1024x1024,1024x1024,strong_agreement,1.0,1,True,1.0,True,1.0,0.4268870634191177,0.9979930544159539,0.05094541580216544,xml_name_correct,high,False,xml_and_embedded_images_highly_correlated;annotators_agree_on_embedded_filename;annotators_agree_strongly_on_current_xml;primary_annotation_exactly_repeats_declared_sample,True
862,862.jpg,332.jpg,332.jpg,332.jpg,True,1,1,surface_injure,surface_injure,"surface_injure[306,86,1017,294]","surface_injure[303,81,1021,299]",1024x1024,1024x1024,1024x1024,1024x1024,strong_agreement,0.9450467099789789,1,True,1.0,False,0.9346885895555089,0.20376551011029415,0.9695935094003624,0.20043287388810022,ambiguous,low,False,annotators_agree_on_embedded_filename;annotators_agree_strongly_on_current_xml;primary_annotation_exactly_repeats_declared_sample,True
865,865.jpg,339.jpg,339.jpg,339.jpg,True,1,1,corrosion,corrosion,"corrosion[17,488,917,580]","corrosion[13,487,922,585]",1024x1024,1024x1024,1024x1024,1024x1024,strong_agreement,0.9301032301032301,1,True,1.0,False,,0.3776941636029412,0.8050028703906401,0.5201645320491666,ambiguous,low,False,annotators_agree_on_embedded_filename;annotators_agree_strongly_on_current_xml;primary_annotation_exactly_repeats_declared_sample,True
866,866.jpg,340.jpg,340.jpg,340.jpg,True,2,2,corrosion;corrosion,corrosion;corrosion,"corrosion[2,217,412,317];corrosion[428,281,881,428]","corrosion[2,217,412,317];corrosion[425,283,879,426]",1024x1024,1024x1024,1024x1024,1024x1024,strong_agreement,0.9812492606175323,2,True,1.0,False,0.9812492606175323,0.13388576133578428,0.9828117305531443,0.16126133423336006,xml_name_correct,high,False,xml_and_embedded_images_highly_correlated;annotators_agree_on_embedded_filename;annotators_agree_strongly_on_current_xml;primary_annotation_exactly_repeats_declared_sample,True
867,867.jpg,342.jpg,342.jpg,342.jpg,True,1,1,surface_injure,surface_injure,"surface_injure[97,236,314,553]","surface_injure[97,241,313,558]",1024x1024,1024x1024,1024x1024,1024x1024,strong_agreement,0.964663608345524,1,True,1.0,False,0.9275253785987685,0.24138039981617648,0.9272504464517275,0.2711373740390618,ambiguous,low,False,annotators_agree_on_embedded_filename;annotators_agree_strongly_on_current_xml;primary_annotation_exactly_repeats_declared_sample,True
868,868.jpg,343.jpg,343.jpg,343.jpg,True,1,1,surface_injure,surface_injure,"surface_injure[177,464,811,550]","surface_injure[177,464,811,550]",1024x1024,1024x1024,1024x1024,1024x1024,strong_agreement,1.0,1,True,1.0,True,1.0,0.24218941482843137,0.9867844420082206,0.13613754184514262,xml_name_correct,high,False,xml_and_embedded_images_highly_correlated;annotators_agree_on_embedded_filename;annotators_agree_strongly_on_current_xml;primary_annotation_exactly_repeats_declared_sample,True
869,869.jpg,348.jpg,348.jpg,348.jpg,True,2,2,crack;crack,crack;crack,"crack[253,335,314,566];crack[445,194,623,491]","crack[253,335,314,566];crack[445,194,623,491]",1024x1024,1024x1024,1024x1024,1024x1024,strong_agreement,1.0,2,True,1.0,True,1.0,0.34372702205882355,0.7523317957825798,0.5902306254004155,ambiguous,low,False,annotators_agree_on_embedded_filename;annotators_agree_strongly_on_current_xml;primary_annotation_exactly_repeats_declared_sample,True
870,870.jpg,35.jpg,35.jpg,35.jpg,True,2,2,corrosion;corrosion,corrosion;corrosion,"corrosion[119,505,745,1014];corrosion[44,5,472,492]","corrosion[114,503,740,1012];corrosion[49,1,469,494]",1024x1024,1024x1024,1024x1024,1024x1024,strong_agreement,0.9731005180409669,2,True,1.0,False,0.9731005180409669,0.35595990349264706,0.9998277674786911,0.015074630832388733,xml_name_correct,high,False,xml_and_embedded_images_highly_correlated;annotators_agree_on_embedded_filename;annotators_agree_strongly_on_current_xml;primary_annotation_exactly_repeats_declared_sample,True
872,872.jpg,352.jpg,352.jpg,352.jpg,True,1,1,crack,crack,"crack[359,153,569,814]","crack[359,153,569,814]",1024x1024,1024x1024,1024x1024,1024x1024,strong_agreement,1.0,1,True,1.0,False,0.9798855087153279,0.22907954197303926,0.9933284369774328,0.05485780949351487,xml_name_correct,high,False,xml_and_embedded_images_highly_correlated;annotators_agree_on_embedded_filename;annotators_agree_strongly_on_current_xml;primary_annotation_exactly_repeats_declared_sample,True
873,873.jpg,353.jpg,353.jpg,353.jpg,True,1,1,surface_injure,surface_injure,"surface_injure[502,514,844,749]","surface_injure[502,514,844,749]",1024x1024,1024x1024,1024x1024,1024x1024,strong_agreement,1.0,1,True,1.0,False,0.9642610070662647,0.07768267463235295,0.9878634018247042,0.07937283615620278,xml_name_correct,high,False,xml_and_embedded_images_highly_correlated;annotators_agree_on_embedded_filename;annotators_agree_strongly_on_current_xml;primary_annotation_exactly_repeats_declared_sample,True
876,876.jpg,360.jpg,360.jpg,360.jpg,True,1,1,surface_injure,surface_injure,"surface_injure[555,194,634,652]","surface_injure[555,194,634,652]",1024x1024,1024x1024,1024x1024,1024x1024,strong_agreement,1.0,1,True,1.0,True,1.0,0.3192660462622549,0.9084009160044239,0.312569722114773,ambiguous,low,False,annotators_agree_on_embedded_filename;annotators_agree_strongly_on_current_xml;primary_annotation_exactly_repeats_declared_sample,True
877,877.jpg,363.jpg,363.jpg,363.jpg,True,1,1,surface_injure,surface_injure,"surface_injure[312,258,662,819]","surface_injure[312,262,667,823]",1024x1024,1024x1024,1024x1024,1024x1024,strong_agreement,0.9721157855029879,1,True,1.0,False,0.9842006877524091,0.17459788602941176,0.9999235872617396,0.009575391365255707,xml_name_correct,high,False,xml_and_embedded_images_highly_correlated;annotators_agree_on_embedded_filename;annotators_agree_strongly_on_current_xml;primary_annotation_exactly_repeats_declared_sample,True
879,879.jpg,369.jpg,369.jpg,369.jpg,True,1,1,surface_injure,surface_injure,"surface_injure[752,3,1024,325]","surface_injure[752,3,1024,325]",1024x1024,1024x1024,1024x1024,1024x1024,strong_agreement,1.0,1,True,1.0,True,1.0,0.31516352634803924,0.8780827368722585,0.36975843588839113,ambiguous,low,False,annotators_agree_on_embedded_filename;annotators_agree_strongly_on_current_xml;primary_annotation_exactly_repeats_declared_sample,True
881,881.jpg,370.jpg,370.jpg,370.jpg,True,3,3,corrosion;corrosion;corrosion,corrosion;corrosion;corrosion,"corrosion[34,195,278,411];corrosion[302,395,514,650];corrosion[534,555,877,864]","corrosion[34,195,278,411];corrosion[302,395,514,650];corrosion[534,555,877,864]",1024x1024,1024x1024,1024x1024,1024x1024,strong_agreement,1.0,3,True,1.0,False,0.9818959842001317,0.32403396905637255,0.9997304711648592,0.01911725465156075,xml_name_correct,high,False,xml_and_embedded_images_highly_correlated;annotators_agree_on_embedded_filename;annotators_agree_strongly_on_current_xml;primary_annotation_exactly_repeats_declared_sample,True
882,882.jpg,373.jpg,373.jpg,373.jpg,True,1,1,corrosion,corrosion,"corrosion[39,425,969,516]","corrosion[39,425,969,516]",1024x1024,1024x1024,1024x1024,1024x1024,strong_agreement,1.0,1,True,1.0,True,1.0,0.15098230698529413,0.9892556012413524,0.08638922162011173,xml_name_correct,high,False,xml_and_embedded_images_highly_correlated;annotators_agree_on_embedded_filename;annotators_agree_strongly_on_current_xml;primary_annotation_exactly_repeats_declared_sample,True
884,884.jpg,379.jpg,379.jpg,379.jpg,True,2,2,hide_craze;hide_craze,hide_craze;craze,"hide_craze[2,336,420,727];hide_craze[442,747,827,1024]","hide_craze[2,336,420,727];craze[446,747,826,1020]",1024x1024,1024x1024,1024x1024,1024x1024,class_disagreement,1.0,2,True,1.0,False,1.0,0.2378609451593137,0.9998804634330862,0.009749931427290793,ambiguous,low,False,xml_and_embedded_images_highly_correlated;annotators_agree_on_embedded_filename;primary_annotation_exactly_repeats_declared_sample,True
887,887.jpg,384.jpg,384.jpg,384.jpg,True,1,1,corrosion,corrosion,"corrosion[420,6,639,972]","corrosion[420,6,639,972]",1024x1024,1024x1024,1024x1024,1024x1024,strong_agreement,1.0,1,True,1.0,False,,0.24159294577205884,0.9237369039050587,0.2866113267611502,ambiguous,low,False,annotators_agree_on_embedded_filename;annotators_agree_strongly_on_current_xml;primary_annotation_exactly_repeats_declared_sample,True
888,888.jpg,387.jpg,387.jpg,387.jpg,True,1,1,craze,craze,"craze[180,1,681,403]","craze[183,0,676,399]",1024x1024,1024x1024,1024x1024,1024x1024,strong_agreement,0.9719230769230769,1,True,1.0,False,0.9638594788396209,0.21476524203431374,0.9948221317326991,0.03856047618466733,xml_name_correct,high,False,xml_and_embedded_images_highly_correlated;annotators_agree_on_embedded_filename;annotators_agree_strongly_on_current_xml;primary_annotation_exactly_repeats_declared_sample,True
889,889.jpg,388.jpg,388.jpg,388.jpg,True,1,1,hide_craze,hide_craze,"hide_craze[625,878,852,925]","hide_craze[625,878,852,925]",1024x1024,1024x1024,1024x1024,1024x1024,strong_agreement,1.0,1,True,1.0,False,0.8746355685131195,0.006177236519607842,0.9997616625307536,0.015155747360383089,xml_name_correct,high,False,xml_and_embedded_images_highly_correlated;annotators_agree_on_embedded_filename;annotators_agree_strongly_on_current_xml;primary_annotation_exactly_repeats_declared_sample,True
890,890.jpg,389.jpg,389.jpg,389.jpg,True,1,1,crack,crack,"crack[773,478,884,547]","crack[773,478,884,547]",1024x1024,1024x1024,1024x1024,1024x1024,strong_agreement,1.0,1,True,1.0,False,0.8929608127721336,0.11072686887254904,0.9996981597612998,0.01976612461508155,xml_name_correct,high,False,xml_and_embedded_images_highly_correlated;annotators_agree_on_embedded_filename;annotators_agree_strongly_on_current_xml;primary_annotation_exactly_repeats_declared_sample,True
891,891.jpg,39.jpg,39.jpg,39.jpg,True,1,1,corrosion,corrosion,"corrosion[391,127,600,989]","corrosion[390,127,599,991]",1024x1024,1024x1024,1024x1024,1024x1024,strong_agreement,0.9882419334513158,1,True,1.0,False,0.9882419334513158,0.36684857536764703,0.8448413322525289,0.42256949373753966,ambiguous,low,False,annotators_agree_on_embedded_filename;annotators_agree_strongly_on_current_xml;primary_annotation_exactly_repeats_declared_sample,True
892,892.jpg,391.jpg,391.jpg,391.jpg,True,1,1,crack,crack,"crack[459,1,625,919]","crack[459,1,625,919]",1024x1024,1024x1024,1024x1024,1024x1024,strong_agreement,1.0,1,True,1.0,True,1.0,0.0855114506740196,0.9999655652668283,0.006773671848259758,xml_name_correct,high,False,xml_and_embedded_images_highly_correlated;annotators_agree_on_embedded_filename;annotators_agree_strongly_on_current_xml;primary_annotation_exactly_repeats_declared_sample,True
896,896.jpg,40.jpg,40.jpg,40.jpg,True,1,1,thunderstrike,thunderstrike,"thunderstrike[1,339,427,583]","thunderstrike[1,339,427,583]",1024x1024,1024x1024,1024x1024,1024x1024,strong_agreement,1.0,1,True,1.0,True,1.0,0.32101715686274507,0.7420853086748631,0.5220937962204936,ambiguous,low,False,annotators_agree_on_embedded_filename;annotators_agree_strongly_on_current_xml;primary_annotation_exactly_repeats_declared_sample,True
897,897.jpg,400.jpg,400.jpg,400.jpg,True,1,1,thunderstrike,thunderstrike,"thunderstrike[364,347,677,688]","thunderstrike[364,347,677,688]",1024x1024,1024x1024,1024x1024,1024x1024,strong_agreement,1.0,5,False,1.0,False,1.0,0.26732345281862746,0.7194237518285929,0.5638260753353612,ambiguous,low,False,annotators_agree_on_embedded_filename;annotators_agree_strongly_on_current_xml,True
899,899.jpg,405.jpg,405.jpg,405.jpg,True,1,1,corrosion,corrosion,"corrosion[511,13,830,1016]","corrosion[515,15,830,1019]",1024x1024,1024x1024,1024x1024,1024x1024,strong_agreement,0.982633414849113,1,True,1.0,False,0.982633414849113,0.4267625995710784,0.859005752909866,0.44171719699649803,ambiguous,low,False,annotators_agree_on_embedded_filename;annotators_agree_strongly_on_current_xml;primary_annotation_exactly_repeats_declared_sample,True
900,900.jpg,406.jpg,406.jpg,406.jpg,True,1,1,craze,hide_craze,"craze[244,241,570,461]","hide_craze[244,241,570,461]",1024x1024,1024x1024,1024x1024,1024x1024,class_disagreement,,1,True,1.0,False,,0.30741038602941173,0.9999249504467359,0.008981650943941603,ambiguous,low,False,xml_and_embedded_images_highly_correlated;annotators_agree_on_embedded_filename;primary_annotation_exactly_repeats_declared_sample,True
901,901.jpg,407.jpg,407.jpg,407.jpg,True,1,1,surface_injure,surface_injure,"surface_injure[642,1,1024,464]","surface_injure[642,1,1024,464]",1024x1024,1024x1024,1024x1024,1024x1024,strong_agreement,1.0,1,True,1.0,False,,0.29995212928921566,0.9104392001002339,0.31254697907924345,ambiguous,low,False,annotators_agree_on_embedded_filename;annotators_agree_strongly_on_current_xml;primary_annotation_exactly_repeats_declared_sample,True
902,902.jpg,411.jpg,411.jpg,411.jpg,True,2,2,corrosion;corrosion,surface_injure;corrosion,"corrosion[28,439,423,486];corrosion[441,445,991,553]","surface_injure[33,438,420,485];corrosion[441,441,991,550]",1024x1024,1024x1024,1024x1024,1024x1024,class_disagreement,0.9380530973451328,2,True,1.0,False,0.9380530973451328,0.23175742953431372,0.9669007325496151,0.21530475599743817,ambiguous,low,False,annotators_agree_on_embedded_filename;primary_annotation_exactly_repeats_declared_sample,True
903,903.jpg,418.jpg,418.jpg,418.jpg,True,1,1,crack,crack,"crack[775,483,883,542]","crack[777,483,884,540]",1024x1024,1024x1024,1024x1024,1024x1024,strong_agreement,0.9405880569869658,1,True,1.0,False,0.8256177222380006,0.47894071691176476,0.9795074600990169,0.13441761462584104,ambiguous,low,False,annotators_agree_on_embedded_filename;annotators_agree_strongly_on_current_xml;primary_annotation_exactly_repeats_declared_sample,True
904,904.jpg,426.jpg,426.jpg,426.jpg,True,1,1,hide_craze,hide_craze,"hide_craze[417,244,531,378]","hide_craze[417,244,531,378]",1024x1024,1024x1024,1024x1024,1024x1024,strong_agreement,1.0,1,True,1.0,True,1.0,0.16416494332107845,0.9996969874267995,0.018541386432320048,xml_name_correct,high,False,xml_and_embedded_images_highly_correlated;annotators_agree_on_embedded_filename;annotators_agree_strongly_on_current_xml;primary_annotation_exactly_repeats_declared_sample,True
905,905.jpg,427.jpg,427.jpg,427.jpg,True,3,3,surface_injure;surface_injure;surface_injure,surface_injure;surface_injure;surface_injure,"surface_injure[353,460,536,560];surface_injure[655,380,742,469];surface_injure[466,58,642,236]","surface_injure[351,456,538,559];surface_injure[660,377,747,464];surface_injure[466,58,642,236]",1024x1024,1024x1024,1024x1024,1024x1024,strong_agreement,0.9172658917276721,3,True,1.0,False,0.9172658917276721,0.1533404181985294,0.9337255793545572,0.24773900058043008,ambiguous,low,False,annotators_agree_on_embedded_filename;annotators_agree_strongly_on_current_xml;primary_annotation_exactly_repeats_declared_sample,True
906,906.jpg,431.jpg,431.jpg,431.jpg,True,1,1,crack,crack,"crack[548,172,800,788]","crack[548,172,800,788]",1024x1024,1024x1024,1024x1024,1024x1024,strong_agreement,1.0,1,True,1.0,False,0.9746189966752296,0.12615368412990197,0.9994563931726511,0.018460084424575134,xml_name_correct,high,False,xml_and_embedded_images_highly_correlated;annotators_agree_on_embedded_filename;annotators_agree_strongly_on_current_xml;primary_annotation_exactly_repeats_declared_sample,True
907,907.jpg,432.jpg,432.jpg,432.jpg,True,1,1,surface_injure,surface_injure,"surface_injure[278,502,497,836]","surface_injure[278,502,497,836]",1024x1024,1024x1024,1024x1024,1024x1024,strong_agreement,1.0,1,True,1.0,True,1.0,0.2747185202205883,0.97135199792062,0.14474694483714048,ambiguous,low,False,annotators_agree_on_embedded_filename;annotators_agree_strongly_on_current_xml;primary_annotation_exactly_repeats_declared_sample,True
908,908.jpg,435.jpg,435.jpg,435.jpg,True,1,1,craze,craze,"craze[627,745,1019,944]","craze[627,745,1019,944]",1024x1024,1024x1024,1024x1024,1024x1024,strong_agreement,1.0,1,True,1.0,True,1.0,0.18367130055147063,0.9999308144139736,0.009070885214303865,xml_name_correct,high,False,xml_and_embedded_images_highly_correlated;annotators_agree_on_embedded_filename;annotators_agree_strongly_on_current_xml;primary_annotation_exactly_repeats_declared_sample,True
909,909.jpg,436.jpg,436.jpg,436.jpg,True,2,2,craze;hide_craze,craze;hide_craze,"craze[239,327,628,739];hide_craze[650,538,1024,619]","craze[239,327,628,739];hide_craze[650,538,1024,619]",1024x1024,1024x1024,1024x1024,1024x1024,strong_agreement,1.0,2,True,1.0,False,1.0,0.12153607536764705,0.999779291772614,0.015953135744203484,xml_name_correct,high,False,xml_and_embedded_images_highly_correlated;annotators_agree_on_embedded_filename;annotators_agree_strongly_on_current_xml;primary_annotation_exactly_repeats_declared_sample,True
910,910.jpg,439.jpg,439.jpg,439.jpg,True,1,1,hide_craze,hide_craze,"hide_craze[273,460,528,856]","hide_craze[273,460,528,856]",1024x1024,1024x1024,1024x1024,1024x1024,strong_agreement,1.0,1,True,1.0,True,1.0,0.2683986289828431,0.9843533679748195,0.1251645103555285,xml_name_correct,high,False,xml_and_embedded_images_highly_correlated;annotators_agree_on_embedded_filename;annotators_agree_strongly_on_current_xml;primary_annotation_exactly_repeats_declared_sample,True
911,911.jpg,440.jpg,440.jpg,440.jpg,True,1,1,crack,crack,"crack[356,244,631,830]","crack[356,244,631,830]",1024x1024,1024x1024,1024x1024,1024x1024,strong_agreement,1.0,1,True,1.0,True,1.0,0.4512618719362746,0.9932842390725481,0.08033757561963487,xml_name_correct,high,False,xml_and_embedded_images_highly_correlated;annotators_agree_on_embedded_filename;annotators_agree_strongly_on_current_xml;primary_annotation_exactly_repeats_declared_sample,True
912,912.jpg,444.jpg,444.jpg,444.jpg,True,1,1,craze,craze,"craze[337,583,925,894]","craze[337,583,925,894]",1024x1024,1024x1024,1024x1024,1024x1024,strong_agreement,1.0,1,True,1.0,True,1.0,0.2549536611519608,0.9667104361725805,0.17274670002898096,ambiguous,low,False,annotators_agree_on_embedded_filename;annotators_agree_strongly_on_current_xml;primary_annotation_exactly_repeats_declared_sample,True
913,913.jpg,447.jpg,447.jpg,447.jpg,True,2,2,crack;crack,crack;crack,"crack[498,188,734,494];crack[908,331,980,560]","crack[498,188,734,494];crack[908,331,980,560]",1024x1024,1024x1024,1024x1024,1024x1024,strong_agreement,1.0,2,True,1.0,True,1.0,0.38348843443627445,0.8190821278124258,0.4872643780068201,ambiguous,low,False,annotators_agree_on_embedded_filename;annotators_agree_strongly_on_current_xml;primary_annotation_exactly_repeats_declared_sample,True
914,914.jpg,45.jpg,45.jpg,45.jpg,True,2,2,surface_injure;surface_injure,surface_injure;surface_injure,"surface_injure[191,417,664,655];surface_injure[16,517,181,872]","surface_injure[191,417,664,655];surface_injure[11,519,177,871]",1024x1024,1024x1024,1024x1024,1024x1024,strong_agreement,0.969808251589688,2,True,1.0,False,0.9462935505598344,0.2965638403799019,0.9987472230111121,0.03592975255427296,xml_name_correct,high,False,xml_and_embedded_images_highly_correlated;annotators_agree_on_embedded_filename;annotators_agree_strongly_on_current_xml;primary_annotation_exactly_repeats_declared_sample,True
915,915.jpg,451.jpg,451.jpg,451.jpg,True,1,1,corrosion,surface_injure,"corrosion[3,424,980,513]","surface_injure[0,419,985,517]",1024x1024,1024x1024,1024x1024,1024x1024,class_disagreement,,1,True,1.0,False,0.8577150818530129,0.22594018075980393,0.9157218199235021,0.3251661159992184,ambiguous,low,False,annotators_agree_on_embedded_filename;primary_annotation_exactly_repeats_declared_sample,True
916,916.jpg,452.jpg,452.jpg,452.jpg,True,1,1,hide_craze,hide_craze,"hide_craze[250,349,431,811]","hide_craze[250,349,431,811]",1024x1024,1024x1024,1024x1024,1024x1024,strong_agreement,1.0,1,True,1.0,True,1.0,0.32796894148284317,0.8676605655882166,0.40667638461809796,ambiguous,low,False,annotators_agree_on_embedded_filename;annotators_agree_strongly_on_current_xml;primary_annotation_exactly_repeats_declared_sample,True
917,917.jpg,456.jpg,456.jpg,456.jpg,True,2,2,hide_craze;hide_craze,hide_craze;hide_craze,"hide_craze[389,70,428,591];hide_craze[392,714,419,1017]","hide_craze[389,70,428,591];hide_craze[392,717,423,1016]",1024x1024,1024x1024,1024x1024,1024x1024,strong_agreement,0.9324546952224053,2,True,1.0,False,1.0,0.3943416819852941,0.9998090422622746,0.015764354702974718,xml_name_correct,high,False,xml_and_embedded_images_highly_correlated;annotators_agree_on_embedded_filename;annotators_agree_strongly_on_current_xml;primary_annotation_exactly_repeats_declared_sample,True
918,918.jpg,457.jpg,457.jpg,457.jpg,True,3,3,hide_craze;hide_craze;hide_craze,hide_craze;hide_craze;hide_craze,"hide_craze[430,194,483,350];hide_craze[453,467,486,536];hide_craze[466,641,525,756]","hide_craze[430,194,483,350];hide_craze[453,467,486,536];hide_craze[466,641,525,756]",1024x1024,1024x1024,1024x1024,1024x1024,strong_agreement,1.0,3,True,1.0,False,0.9311445508435933,0.1685690487132353,0.9998662045528445,0.013122422505028401,xml_name_correct,high,False,xml_and_embedded_images_highly_correlated;annotators_agree_on_embedded_filename;annotators_agree_strongly_on_current_xml;primary_annotation_exactly_repeats_declared_sample,True
919,919.jpg,459.jpg,459.jpg,459.jpg,True,2,2,corrosion;corrosion,corrosion;corrosion,"corrosion[444,505,509,1013];corrosion[464,6,570,500]","corrosion[444,505,509,1013];corrosion[464,6,570,500]",1024x1024,1024x1024,1024x1024,1024x1024,strong_agreement,1.0,2,True,1.0,False,,0.20723039215686276,0.9769229483917593,0.17154555149481518,ambiguous,low,False,annotators_agree_on_embedded_filename;annotators_agree_strongly_on_current_xml;primary_annotation_exactly_repeats_declared_sample,True
921,921.jpg,460.jpg,460.jpg,460.jpg,True,1,1,crack,crack,"crack[419,8,684,641]","crack[424,12,688,643]",1024x1024,1024x1024,1024x1024,1024x1024,strong_agreement,0.9576921732850303,1,True,1.0,False,0.9576921732850303,0.14286726409313724,0.9960900749938031,0.06533200886132856,xml_name_correct,high,False,xml_and_embedded_images_highly_correlated;annotators_agree_on_embedded_filename;annotators_agree_strongly_on_current_xml;primary_annotation_exactly_repeats_declared_sample,True
922,922.jpg,461.jpg,461.jpg,461.jpg,True,1,1,thunderstrike,thunderstrike,"thunderstrike[583,113,727,156]","thunderstrike[583,113,727,156]",1024x1024,1024x1024,1024x1024,1024x1024,strong_agreement,1.0,1,True,1.0,True,1.0,0.18881357230392154,0.9998184965098242,0.014368931001124546,xml_name_correct,high,False,xml_and_embedded_images_highly_correlated;annotators_agree_on_embedded_filename;annotators_agree_strongly_on_current_xml;primary_annotation_exactly_repeats_declared_sample,True
924,924.jpg,466.jpg,466.jpg,466.jpg,True,1,1,surface_injure,surface_injure,"surface_injure[159,461,800,558]","surface_injure[164,458,797,553]",1024x1024,1024x1024,1024x1024,1024x1024,strong_agreement,0.9096547255392021,1,True,1.0,False,,0.2554716222426471,0.9979342065297788,0.02876811147029073,xml_name_correct,high,False,xml_and_embedded_images_highly_correlated;annotators_agree_on_embedded_filename;annotators_agree_strongly_on_current_xml;primary_annotation_exactly_repeats_declared_sample,True
925,925.jpg,476.jpg,476.jpg,476.jpg,True,1,1,surface_injure,surface_injure,"surface_injure[53,508,552,692]","surface_injure[53,508,552,692]",1024x1024,1024x1024,1024x1024,1024x1024,strong_agreement,1.0,1,True,1.0,True,1.0,0.11411994485294119,0.999340375125813,0.02916121528877204,xml_name_correct,high,False,xml_and_embedded_images_highly_correlated;annotators_agree_on_embedded_filename;annotators_agree_strongly_on_current_xml;primary_annotation_exactly_repeats_declared_sample,True
926,926.jpg,477.jpg,477.jpg,477.jpg,True,1,1,hide_craze,hide_craze,"hide_craze[169,110,431,158]","hide_craze[170,113,430,161]",1024x1024,1024x1024,1024x1024,1024x1024,strong_agreement,0.8782735918068764,1,True,1.0,False,0.8782735918068764,0.4273600260416667,0.9981630116040497,0.03983969575441701,xml_name_correct,high,False,xml_and_embedded_images_highly_correlated;annotators_agree_on_embedded_filename;annotators_agree_strongly_on_current_xml;primary_annotation_exactly_repeats_declared_sample,True
927,927.jpg,479.jpg,479.jpg,479.jpg,True,2,2,surface_injure;thunderstrike,surface_injure;thunderstrike,"surface_injure[611,206,750,325];thunderstrike[689,725,853,778]","surface_injure[608,207,753,321];thunderstrike[689,725,853,778]",1024x1024,1024x1024,1024x1024,1024x1024,strong_agreement,0.9602630074328187,2,True,1.0,False,0.9602630074328187,0.29264131433823526,0.9983366902116196,0.0405551783056448,xml_name_correct,high,False,xml_and_embedded_images_highly_correlated;annotators_agree_on_embedded_filename;annotators_agree_strongly_on_current_xml;primary_annotation_exactly_repeats_declared_sample,True
928,928.jpg,482.jpg,482.jpg,482.jpg,True,1,1,craze,hide_craze,"craze[605,210,942,891]","hide_craze[605,210,942,891]",1024x1024,1024x1024,1024x1024,1024x1024,class_disagreement,,1,True,1.0,False,,0.07190659466911765,0.9999637053319201,0.0067156268778613745,ambiguous,low,False,xml_and_embedded_images_highly_correlated;annotators_agree_on_embedded_filename;primary_annotation_exactly_repeats_declared_sample,True
929,929.jpg,485.jpg,485.jpg,485.jpg,True,1,1,corrosion,corrosion,"corrosion[12,20,992,481]","corrosion[12,20,992,481]",1024x1024,1024x1024,1024x1024,1024x1024,strong_agreement,1.0,1,True,1.0,True,1.0,0.29706169577205876,0.9194481386448343,0.3268026633290382,ambiguous,low,False,annotators_agree_on_embedded_filename;annotators_agree_strongly_on_current_xml;primary_annotation_exactly_repeats_declared_sample,True
930,930.jpg,49.jpg,49.jpg,49.jpg,True,1,1,craze,craze,"craze[375,269,806,364]","craze[375,269,806,364]",1024x1024,1024x1024,1024x1024,1024x1024,strong_agreement,1.0,1,True,1.0,True,1.0,0.2592696844362745,0.8777704639765428,0.23613117115358684,ambiguous,low,False,annotators_agree_on_embedded_filename;annotators_agree_strongly_on_current_xml;primary_annotation_exactly_repeats_declared_sample,True
931,931.jpg,490.jpg,490.jpg,490.jpg,True,1,1,surface_injure,surface_injure,"surface_injure[281,508,505,839]","surface_injure[281,508,505,839]",1024x1024,1024x1024,1024x1024,1024x1024,strong_agreement,1.0,1,True,1.0,False,,0.22323931525735288,0.9999640584423669,0.006944602929113369,xml_name_correct,high,False,xml_and_embedded_images_highly_correlated;annotators_agree_on_embedded_filename;annotators_agree_strongly_on_current_xml;primary_annotation_exactly_repeats_declared_sample,True
933,933.jpg,492.jpg,492.jpg,492.jpg,True,1,1,surface_injure,surface_injure,"surface_injure[411,181,552,338]","surface_injure[411,181,552,338]",1024x1024,1024x1024,1024x1024,1024x1024,strong_agreement,1.0,1,True,1.0,False,0.9599110084285286,0.3759286917892157,0.998749301937409,0.03714393634482188,xml_name_correct,high,False,xml_and_embedded_images_highly_correlated;annotators_agree_on_embedded_filename;annotators_agree_strongly_on_current_xml;primary_annotation_exactly_repeats_declared_sample,True
934,934.jpg,499.jpg,499.jpg,499.jpg,True,1,1,surface_injure,surface_injure,"surface_injure[269,285,602,514]","surface_injure[268,280,602,518]",1024x1024,1024x1024,1024x1024,1024x1024,strong_agreement,0.9594704302754012,1,True,1.0,False,0.9594704302754012,0.592749502144608,0.9955541931242944,0.05855494673691798,xml_name_correct,high,False,xml_and_embedded_images_highly_correlated;annotators_agree_on_embedded_filename;annotators_agree_strongly_on_current_xml;primary_annotation_exactly_repeats_declared_sample,True
935,935.jpg,5.jpg,5.jpg,5.jpg,True,3,3,corrosion;corrosion;corrosion,corrosion;corrosion;corrosion,"corrosion[5,222,361,306];corrosion[367,269,602,367];corrosion[609,311,911,430]","corrosion[3,225,363,307];corrosion[369,272,602,366];corrosion[609,311,911,430]",1024x1024,1024x1024,1024x1024,1024x1024,strong_agreement,0.9649172657163892,3,True,1.0,False,0.9649172657163892,0.2933909696691176,0.9707547988497058,0.11504674865456935,ambiguous,low,False,annotators_agree_on_embedded_filename;annotators_agree_strongly_on_current_xml;primary_annotation_exactly_repeats_declared_sample,True
936,936.jpg,504.jpg,504.jpg,504.jpg,True,1,1,surface_injure,surface_injure,"surface_injure[289,252,502,588]","surface_injure[284,249,503,586]",1024x1024,1024x1024,1024x1024,1024x1024,strong_agreement,0.9585762421778895,1,True,1.0,False,0.9244354145502852,0.0970147824754902,0.9989136460800528,0.03059438879054113,xml_name_correct,high,False,xml_and_embedded_images_highly_correlated;annotators_agree_on_embedded_filename;annotators_agree_strongly_on_current_xml;primary_annotation_exactly_repeats_declared_sample,True
937,937.jpg,505.jpg,505.jpg,505.jpg,True,1,1,corrosion,corrosion,"corrosion[6,200,1012,616]","corrosion[6,200,1012,616]",1024x1024,1024x1024,1024x1024,1024x1024,strong_agreement,1.0,1,True,1.0,True,1.0,0.2247472426470588,0.9409412808871157,0.2879034287434216,ambiguous,low,False,annotators_agree_on_embedded_filename;annotators_agree_strongly_on_current_xml;primary_annotation_exactly_repeats_declared_sample,True
938,938.jpg,509.jpg,509.jpg,509.jpg,True,1,1,corrosion,corrosion,"corrosion[6,645,1009,867]","corrosion[10,647,1004,865]",1024x1024,1024x1024,1024x1024,1024x1024,strong_agreement,0.9732594286531006,1,True,1.0,False,0.9732594286531006,0.2676125919117647,0.9516231887482013,0.23637503840254004,ambiguous,low,False,annotators_agree_on_embedded_filename;annotators_agree_strongly_on_current_xml;primary_annotation_exactly_repeats_declared_sample,True
939,939.jpg,513.jpg,513.jpg,513.jpg,True,1,1,craze,craze,"craze[309,244,480,670]","craze[309,244,480,670]",1024x1024,1024x1024,1024x1024,1024x1024,strong_agreement,1.0,1,True,1.0,False,0.9704900662251655,0.3944852941176471,0.8320851311950819,0.2602685779633973,ambiguous,low,False,annotators_agree_on_embedded_filename;annotators_agree_strongly_on_current_xml;primary_annotation_exactly_repeats_declared_sample,True
940,940.jpg,514.jpg,514.jpg,514.jpg,True,1,1,surface_injure,surface_injure,"surface_injure[180,216,966,561]","surface_injure[180,216,966,561]",1024x1024,1024x1024,1024x1024,1024x1024,strong_agreement,1.0,1,True,1.0,True,1.0,0.513073491115196,0.9941528521196573,0.0754322074302673,xml_name_correct,high,False,xml_and_embedded_images_highly_correlated;annotators_agree_on_embedded_filename;annotators_agree_strongly_on_current_xml;primary_annotation_exactly_repeats_declared_sample,True
941,941.jpg,515.jpg,515.jpg,515.jpg,True,1,0,corrosion,,"corrosion[55,433,861,760]",,1024x1024,1024x1024,1024x1024,1024x1024,object_count_disagreement,,1,True,1.0,False,,0.14792528339460784,0.985172551070761,0.13312085940806806,ambiguous,low,False,xml_and_embedded_images_highly_correlated;annotators_agree_on_embedded_filename;primary_annotation_exactly_repeats_declared_sample,True
942,942.jpg,516.jpg,516.jpg,516.jpg,True,1,1,corrosion,corrosion,"corrosion[9,158,1020,633]","corrosion[9,158,1020,633]",1024x1024,1024x1024,1024x1024,1024x1024,strong_agreement,1.0,1,True,1.0,True,1.0,0.1270431219362745,0.9840138868457406,0.1341980689484738,xml_name_correct,high,False,xml_and_embedded_images_highly_correlated;annotators_agree_on_embedded_filename;annotators_agree_strongly_on_current_xml;primary_annotation_exactly_repeats_declared_sample,True
943,943.jpg,52.jpg,52.jpg,52.jpg,True,1,1,thunderstrike,thunderstrike,"thunderstrike[208,174,511,938]","thunderstrike[208,174,511,938]",1024x1024,1024x1024,1024x1024,1024x1024,strong_agreement,1.0,1,True,1.0,True,1.0,0.3490320542279412,0.9151970993564691,0.3457639170944965,ambiguous,low,False,annotators_agree_on_embedded_filename;annotators_agree_strongly_on_current_xml;primary_annotation_exactly_repeats_declared_sample,True
944,944.jpg,522.jpg,522.jpg,522.jpg,True,2,2,surface_injure;surface_injure,surface_injure;surface_injure,"surface_injure[27,36,208,530];surface_injure[233,1,625,352]","surface_injure[27,36,208,530];surface_injure[233,1,625,352]",1024x1024,1024x1024,1024x1024,1024x1024,strong_agreement,1.0,2,True,1.0,False,0.9730062391239761,0.17199946384803924,0.9891743305184113,0.09243486552340763,xml_name_correct,high,False,xml_and_embedded_images_highly_correlated;annotators_agree_on_embedded_filename;annotators_agree_strongly_on_current_xml;primary_annotation_exactly_repeats_declared_sample,True
946,946.jpg,528.jpg,528.jpg,528.jpg,True,1,1,hide_craze,hide_craze,"hide_craze[484,439,878,488]","hide_craze[484,439,878,488]",1024x1024,1024x1024,1024x1024,1024x1024,strong_agreement,1.0,1,True,1.0,True,1.0,0.3163842294730392,0.9470327021535963,0.23345066930394492,ambiguous,low,False,annotators_agree_on_embedded_filename;annotators_agree_strongly_on_current_xml;primary_annotation_exactly_repeats_declared_sample,True
947,947.jpg,529.jpg,529.jpg,529.jpg,True,1,1,surface_injure,surface_injure,"surface_injure[280,513,584,722]","surface_injure[280,513,584,722]",1024x1024,1024x1024,1024x1024,1024x1024,strong_agreement,1.0,1,True,1.0,True,1.0,0.20402305453431374,0.9998608084827246,0.010827689776048224,xml_name_correct,high,False,xml_and_embedded_images_highly_correlated;annotators_agree_on_embedded_filename;annotators_agree_strongly_on_current_xml;primary_annotation_exactly_repeats_declared_sample,True
948,948.jpg,531.jpg,531.jpg,531.jpg,True,1,1,crack,crack,"crack[641,152,986,814]","crack[643,149,989,813]",1024x1024,1024x1024,1024x1024,1024x1024,strong_agreement,0.9797913305367323,1,True,1.0,False,0.9695997919871725,0.07527669270833333,0.9977534376552302,0.04993659075781132,xml_name_correct,high,False,xml_and_embedded_images_highly_correlated;annotators_agree_on_embedded_filename;annotators_agree_strongly_on_current_xml;primary_annotation_exactly_repeats_declared_sample,True
949,949.jpg,532.jpg,532.jpg,532.jpg,True,1,1,surface_injure,surface_injure,"surface_injure[208,385,391,519]","surface_injure[208,385,391,519]",1024x1024,1024x1024,1024x1024,1024x1024,strong_agreement,1.0,1,True,1.0,True,1.0,0.3868192784926471,0.9953868980803048,0.07353557069641904,xml_name_correct,high,False,xml_and_embedded_images_highly_correlated;annotators_agree_on_embedded_filename;annotators_agree_strongly_on_current_xml;primary_annotation_exactly_repeats_declared_sample,True
950,950.jpg,535.jpg,535.jpg,535.jpg,True,1,1,surface_injure,surface_injure,"surface_injure[555,164,786,524]","surface_injure[555,164,786,524]",1024x1024,1024x1024,1024x1024,1024x1024,strong_agreement,1.0,1,True,1.0,True,1.0,0.29403530943627454,0.999890738774041,0.010542166276876017,xml_name_correct,high,False,xml_and_embedded_images_highly_correlated;annotators_agree_on_embedded_filename;annotators_agree_strongly_on_current_xml;primary_annotation_exactly_repeats_declared_sample,True
951,951.jpg,540.jpg,540.jpg,540.jpg,True,1,1,corrosion,corrosion,"corrosion[191,13,383,731]","corrosion[191,13,383,731]",1024x1024,1024x1024,1024x1024,1024x1024,strong_agreement,1.0,1,False,0.9417125872037786,False,0.9417125872037786,0.3298655790441176,0.8827434810333742,0.411119540395776,ambiguous,low,False,annotators_agree_on_embedded_filename;annotators_agree_strongly_on_current_xml;primary_classes_match_declared_sample,True
952,952.jpg,543.jpg,543.jpg,543.jpg,True,1,1,thunderstrike,thunderstrike,"thunderstrike[362,374,656,686]","thunderstrike[362,374,656,686]",1024x1024,1024x1024,1024x1024,1024x1024,strong_agreement,1.0,5,False,1.0,False,1.0,0.3592352175245098,0.8224374956177325,0.47935379757766294,ambiguous,low,False,annotators_agree_on_embedded_filename;annotators_agree_strongly_on_current_xml,True
953,953.jpg,544.jpg,544.jpg,544.jpg,True,1,1,crack,crack,"crack[609,1,828,345]","crack[606,1,823,348]",1024x1024,1024x1024,1024x1024,1024x1024,strong_agreement,0.9559989173723079,1,True,1.0,False,0.9553690485528277,0.20453048406862745,0.9986331079271916,0.04103227040762752,xml_name_correct,high,False,xml_and_embedded_images_highly_correlated;annotators_agree_on_embedded_filename;annotators_agree_strongly_on_current_xml;primary_annotation_exactly_repeats_declared_sample,True
954,954.jpg,547.jpg,547.jpg,547.jpg,True,1,1,surface_injure,surface_injure,"surface_injure[377,330,558,760]","surface_injure[377,330,558,760]",1024x1024,1024x1024,1024x1024,1024x1024,strong_agreement,1.0,1,True,1.0,True,1.0,0.30279852175245087,0.9113486770219876,0.21730996718101536,ambiguous,low,False,annotators_agree_on_embedded_filename;annotators_agree_strongly_on_current_xml;primary_annotation_exactly_repeats_declared_sample,True
957,957.jpg,554.jpg,554.jpg,554.jpg,True,1,1,craze,craze,"craze[52,494,417,816]","craze[52,494,417,816]",1024x1024,1024x1024,1024x1024,1024x1024,strong_agreement,1.0,1,True,1.0,False,0.9684398554293299,0.25611979166666665,0.9997579163437612,0.015973982129875545,xml_name_correct,high,False,xml_and_embedded_images_highly_correlated;annotators_agree_on_embedded_filename;annotators_agree_strongly_on_current_xml;primary_annotation_exactly_repeats_declared_sample,True
958,958.jpg,557.jpg,557.jpg,557.jpg,True,1,1,hide_craze,hide_craze,"hide_craze[291,99,706,175]","hide_craze[296,99,703,173]",1024x1024,1024x1024,1024x1024,1024x1024,strong_agreement,0.9552947052947053,1,True,1.0,False,0.9552947052947053,0.2671109068627451,0.9950145576063196,0.0821562357407023,xml_name_correct,high,False,xml_and_embedded_images_highly_correlated;annotators_agree_on_embedded_filename;annotators_agree_strongly_on_current_xml;primary_annotation_exactly_repeats_declared_sample,True
959,959.jpg,561.jpg,561.jpg,561.jpg,True,1,0,corrosion,,"corrosion[197,8,361,614]",,1024x1024,1024x1024,1024x1024,1024x1024,object_count_disagreement,,1,True,1.0,False,,0.3570724188112745,0.824939816778164,0.37872318970024355,ambiguous,low,False,annotators_agree_on_embedded_filename;primary_annotation_exactly_repeats_declared_sample,True
960,960.jpg,562.jpg,562.jpg,562.jpg,True,2,1,crack;crack,crack,"crack[144,555,261,849];crack[453,366,697,781]","crack[139,559,257,844]",1024x1024,1024x1024,1024x1024,1024x1024,object_count_disagreement,0.8996688741721854,2,True,1.0,False,0.8996688741721854,0.39009363511029405,0.7481215854203057,0.5716497755847889,ambiguous,low,False,annotators_agree_on_embedded_filename;primary_annotation_exactly_repeats_declared_sample,True
961,961.jpg,565.jpg,565.jpg,565.jpg,True,1,1,craze,craze,"craze[387,483,744,936]","craze[391,486,744,941]",1024x1024,1024x1024,1024x1024,1024x1024,strong_agreement,0.9717106304244623,1,True,1.0,False,0.9527384199473798,0.336996400122549,0.9608805906449509,0.21135778860132168,ambiguous,low,False,annotators_agree_on_embedded_filename;annotators_agree_strongly_on_current_xml;primary_annotation_exactly_repeats_declared_sample,True
962,962.jpg,566.jpg,566.jpg,566.jpg,True,1,1,corrosion,corrosion,"corrosion[378,6,619,889]","corrosion[378,6,619,889]",1024x1024,1024x1024,1024x1024,1024x1024,strong_agreement,1.0,1,True,1.0,True,1.0,0.1630859375,0.9820368204304124,0.142810520830392,xml_name_correct,high,False,xml_and_embedded_images_highly_correlated;annotators_agree_on_embedded_filename;annotators_agree_strongly_on_current_xml;primary_annotation_exactly_repeats_declared_sample,True
964,964.jpg,570.jpg,570.jpg,570.jpg,True,1,1,crack,crack,"crack[414,230,602,494]","crack[414,230,602,494]",1024x1024,1024x1024,1024x1024,1024x1024,strong_agreement,1.0,1,True,1.0,False,0.9185163551401869,0.24274854473039215,0.9299674228761241,0.23752894722327988,ambiguous,low,False,annotators_agree_on_embedded_filename;annotators_agree_strongly_on_current_xml;primary_annotation_exactly_repeats_declared_sample,True
966,966.jpg,576.jpg,576.jpg,576.jpg,True,3,3,surface_injure;surface_injure;surface_injure,surface_injure;surface_injure;surface_injure,"surface_injure[348,644,445,752];surface_injure[484,602,633,785];surface_injure[378,311,489,411]","surface_injure[348,644,445,752];surface_injure[484,602,633,785];surface_injure[378,311,489,411]",1024x1024,1024x1024,1024x1024,1024x1024,strong_agreement,1.0,3,True,1.0,False,0.961967586937047,0.3104406020220588,0.6120461190197161,0.7277948505326023,ambiguous,low,False,annotators_agree_on_embedded_filename;annotators_agree_strongly_on_current_xml;primary_annotation_exactly_repeats_declared_sample,True
967,967.jpg,577.jpg,577.jpg,577.jpg,True,1,1,crack,crack,"crack[498,130,631,445]","crack[498,130,631,445]",1024x1024,1024x1024,1024x1024,1024x1024,strong_agreement,1.0,1,True,1.0,False,0.9299658703071673,0.316796875,0.981089682723367,0.142275984499806,xml_name_correct,high,False,xml_and_embedded_images_highly_correlated;annotators_agree_on_embedded_filename;annotators_agree_strongly_on_current_xml;primary_annotation_exactly_repeats_declared_sample,True
970,970.jpg,580.jpg,580.jpg,580.jpg,True,1,1,craze,craze,"craze[194,608,673,930]","craze[194,608,673,930]",1024x1024,1024x1024,1024x1024,1024x1024,strong_agreement,1.0,1,True,1.0,False,0.9805732362207737,0.34223728553921573,0.9999018063423725,0.011593700025004698,xml_name_correct,high,False,xml_and_embedded_images_highly_correlated;annotators_agree_on_embedded_filename;annotators_agree_strongly_on_current_xml;primary_annotation_exactly_repeats_declared_sample,True
971,971.jpg,581.jpg,581.jpg,581.jpg,True,1,1,surface_injure,surface_injure,"surface_injure[1,222,577,460]","surface_injure[1,222,577,460]",1024x1024,1024x1024,1024x1024,1024x1024,strong_agreement,1.0,1,True,1.0,True,1.0,0.26616881127450975,0.9998854411923752,0.01141248046388761,xml_name_correct,high,False,xml_and_embedded_images_highly_correlated;annotators_agree_on_embedded_filename;annotators_agree_strongly_on_current_xml;primary_annotation_exactly_repeats_declared_sample,True
972,972.jpg,588.jpg,588.jpg,588.jpg,True,1,1,corrosion,corrosion,"corrosion[8,122,1019,417]","corrosion[10,124,1018,414]",1024x1024,1024x1024,1024x1024,1024x1024,strong_agreement,0.9801937560089734,1,True,1.0,False,0.9801937560089734,0.24588599111519607,0.9993622229865534,0.022499031335258393,xml_name_correct,high,False,xml_and_embedded_images_highly_correlated;annotators_agree_on_embedded_filename;annotators_agree_strongly_on_current_xml;primary_annotation_exactly_repeats_declared_sample,True
973,973.jpg,589.jpg,589.jpg,589.jpg,True,1,1,hide_craze,hide_craze,"hide_craze[586,699,814,794]","hide_craze[586,699,814,794]",1024x1024,1024x1024,1024x1024,1024x1024,strong_agreement,1.0,1,True,1.0,False,0.921648590021692,0.20493164062500002,0.9441115936013356,0.24184588509804367,ambiguous,low,False,annotators_agree_on_embedded_filename;annotators_agree_strongly_on_current_xml;primary_annotation_exactly_repeats_declared_sample,True
975,975.jpg,595.jpg,595.jpg,595.jpg,True,2,2,surface_injure;hide_craze,surface_injure;hide_craze,"surface_injure[14,420,394,769];hide_craze[333,338,886,511]","surface_injure[14,420,394,769];hide_craze[333,338,886,511]",1024x1024,1024x1024,1024x1024,1024x1024,strong_agreement,1.0,2,True,1.0,False,1.0,0.3028626685049019,0.989168906084389,0.10856695672122986,xml_name_correct,high,False,xml_and_embedded_images_highly_correlated;annotators_agree_on_embedded_filename;annotators_agree_strongly_on_current_xml;primary_annotation_exactly_repeats_declared_sample,True
976,976.jpg,596.jpg,596.jpg,596.jpg,True,1,1,crack,crack,"crack[466,185,578,960]","crack[466,185,578,960]",1024x1024,1024x1024,1024x1024,1024x1024,strong_agreement,1.0,1,True,1.0,True,1.0,0.8083026960784314,0.9967753399959024,0.06707295679695016,xml_name_correct,high,False,xml_and_embedded_images_highly_correlated;annotators_agree_on_embedded_filename;annotators_agree_strongly_on_current_xml;primary_annotation_exactly_repeats_declared_sample,True
977,977.jpg,598.jpg,598.jpg,598.jpg,True,2,2,corrosion;corrosion,corrosion;corrosion,"corrosion[470,24,547,603];corrosion[483,772,558,1017]","corrosion[472,25,551,602];corrosion[483,772,558,1017]",1024x1024,1024x1024,1024x1024,1024x1024,strong_agreement,0.9618943472409152,2,True,1.0,False,0.9618943472409152,0.1746304381127451,0.9033078473151164,0.2589999702919773,ambiguous,low,False,annotators_agree_on_embedded_filename;annotators_agree_strongly_on_current_xml;primary_annotation_exactly_repeats_declared_sample,True
978,978.jpg,599.jpg,599.jpg,599.jpg,True,1,1,corrosion,corrosion,"corrosion[1,275,853,710]","corrosion[1,275,853,710]",1024x1024,1024x1024,1024x1024,1024x1024,strong_agreement,1.0,1,True,1.0,True,1.0,0.26877680759803924,0.7828835880841425,0.549627110866557,ambiguous,low,False,annotators_agree_on_embedded_filename;annotators_agree_strongly_on_current_xml;primary_annotation_exactly_repeats_declared_sample,True
979,979.jpg,6.jpg,6.jpg,6.jpg,True,1,1,craze,craze,"craze[456,613,714,706]","craze[456,613,714,706]",1024x1024,1024x1024,1024x1024,1024x1024,strong_agreement,1.0,1,True,1.0,True,1.0,0.18671587775735293,0.9975064325407073,0.05074994432925752,xml_name_correct,high,False,xml_and_embedded_images_highly_correlated;annotators_agree_on_embedded_filename;annotators_agree_strongly_on_current_xml;primary_annotation_exactly_repeats_declared_sample,True
981,981.jpg,609.jpg,609.jpg,609.jpg,True,2,2,craze;surface_injure,craze;corrosion,"craze[208,330,609,456];surface_injure[661,317,800,369]","craze[208,330,608,454];corrosion[665,321,797,374]",1024x1024,1024x1024,1024x1024,1024x1024,class_disagreement,0.981803580522584,2,True,1.0,False,0.9360173770554274,0.3343970205269608,0.7896764933349477,0.5857274147938023,ambiguous,low,False,annotators_agree_on_embedded_filename;primary_annotation_exactly_repeats_declared_sample,True
982,982.jpg,612.jpg,612.jpg,612.jpg,True,1,1,hide_craze,hide_craze,"hide_craze[56,180,809,817]","hide_craze[56,180,809,817]",1024x1024,1024x1024,1024x1024,1024x1024,strong_agreement,1.0,1,True,1.0,True,1.0,0.193359375,0.9814180580614768,0.13088788796324158,xml_name_correct,high,False,xml_and_embedded_images_highly_correlated;annotators_agree_on_embedded_filename;annotators_agree_strongly_on_current_xml;primary_annotation_exactly_repeats_declared_sample,True
983,983.jpg,613.jpg,613.jpg,613.jpg,True,1,1,hide_craze,hide_craze,"hide_craze[139,106,892,964]","hide_craze[139,106,892,964]",1024x1024,1024x1024,1024x1024,1024x1024,strong_agreement,1.0,1,True,1.0,False,0.9890785288163086,0.5259172028186274,0.9908345448559529,0.0974511835632795,xml_name_correct,high,False,xml_and_embedded_images_highly_correlated;annotators_agree_on_embedded_filename;annotators_agree_strongly_on_current_xml;primary_annotation_exactly_repeats_declared_sample,True
985,985.jpg,618.jpg,618.jpg,618.jpg,True,1,1,hide_craze,hide_craze,"hide_craze[387,260,839,861]","hide_craze[387,260,839,861]",1024x1024,1024x1024,1024x1024,1024x1024,strong_agreement,1.0,1,True,1.0,False,0.9744919799561856,0.1313466988357843,0.9868914632748162,0.10604845083234844,xml_name_correct,high,False,xml_and_embedded_images_highly_correlated;annotators_agree_on_embedded_filename;annotators_agree_strongly_on_current_xml;primary_annotation_exactly_repeats_declared_sample,True
987,987.jpg,62.jpg,62.jpg,62.jpg,True,1,1,thunderstrike,thunderstrike,"thunderstrike[19,450,512,555]","thunderstrike[19,450,512,555]",1024x1024,1024x1024,1024x1024,1024x1024,strong_agreement,1.0,2,False,1.0,False,0.93684112670819,0.5668907015931371,0.37924265512035865,0.6776893086953284,ambiguous,low,False,annotators_agree_on_embedded_filename;annotators_agree_strongly_on_current_xml,True
988,988.jpg,620.jpg,620.jpg,620.jpg,True,1,1,surface_injure,surface_injure,"surface_injure[445,285,602,450]","surface_injure[445,285,602,450]",1024x1024,1024x1024,1024x1024,1024x1024,strong_agreement,1.0,1,True,1.0,False,0.9135776168157932,0.2214690563725491,0.9990484606986905,0.03457370253523212,xml_name_correct,high,False,xml_and_embedded_images_highly_correlated;annotators_agree_on_embedded_filename;annotators_agree_strongly_on_current_xml;primary_annotation_exactly_repeats_declared_sample,True
989,989.jpg,621.jpg,621.jpg,621.jpg,True,3,3,hide_craze;surface_injure;surface_injure,hide_craze;corrosion;surface_injure,"hide_craze[186,381,778,986];surface_injure[725,64,902,213];surface_injure[770,238,914,375]","hide_craze[186,381,778,986];corrosion[723,62,897,216];surface_injure[770,238,914,375]",1024x1024,1024x1024,1024x1024,1024x1024,class_disagreement,1.0,3,True,1.0,False,0.9523480662983426,0.48563017003676473,0.989402015792809,0.10267030549703987,ambiguous,low,False,xml_and_embedded_images_highly_correlated;annotators_agree_on_embedded_filename;primary_annotation_exactly_repeats_declared_sample,True
990,990.jpg,624.jpg,624.jpg,624.jpg,True,1,1,hide_craze,hide_craze,"hide_craze[92,153,944,769]","hide_craze[92,153,944,769]",1024x1024,1024x1024,1024x1024,1024x1024,strong_agreement,1.0,1,True,1.0,False,,0.3469621246936274,0.6686654079046773,0.593524178821941,ambiguous,low,False,annotators_agree_on_embedded_filename;annotators_agree_strongly_on_current_xml;primary_annotation_exactly_repeats_declared_sample,True
991,991.jpg,628.jpg,628.jpg,628.jpg,True,2,2,hide_craze;hide_craze,hide_craze;hide_craze,"hide_craze[155,280,317,314];hide_craze[173,805,619,874]","hide_craze[155,280,317,314];hide_craze[175,801,623,873]",1024x1024,1024x1024,1024x1024,1024x1024,strong_agreement,0.9601792458485703,2,True,1.0,False,0.8773431905721882,0.34740349264705883,0.8439702540061852,0.3612747903316661,ambiguous,low,False,annotators_agree_on_embedded_filename;annotators_agree_strongly_on_current_xml;primary_annotation_exactly_repeats_declared_sample,True
993,993.jpg,630.jpg,630.jpg,630.jpg,True,1,1,surface_injure,surface_injure,"surface_injure[522,1,784,978]","surface_injure[522,1,784,978]",1024x1024,1024x1024,1024x1024,1024x1024,strong_agreement,1.0,1,True,1.0,False,,0.2337612974877451,0.9545521020887648,0.2559024208923357,ambiguous,low,False,annotators_agree_on_embedded_filename;annotators_agree_strongly_on_current_xml;primary_annotation_exactly_repeats_declared_sample,True
994,994.jpg,632.jpg,632.jpg,632.jpg,True,1,1,craze,craze,"craze[375,174,689,1003]","craze[372,170,686,1001]",1024x1024,1024x1024,1024x1024,1024x1024,strong_agreement,0.9741396864182448,1,False,0.88078642487291,False,0.8576477518162183,0.06316157322303922,0.9998570067404802,0.012107581210125873,xml_name_correct,high,False,xml_and_embedded_images_highly_correlated;annotators_agree_on_embedded_filename;annotators_agree_strongly_on_current_xml;primary_classes_match_declared_sample,True
995,995.jpg,636.jpg,636.jpg,636.jpg,True,2,2,surface_injure;surface_injure,surface_injure;surface_injure,"surface_injure[494,589,802,899];surface_injure[561,133,748,320]","surface_injure[494,589,802,899];surface_injure[561,133,748,320]",1024x1024,1024x1024,1024x1024,1024x1024,strong_agreement,1.0,2,True,1.0,False,0.9811350520605389,0.29191080729166663,0.965258856038084,0.19095629995274402,ambiguous,low,False,annotators_agree_on_embedded_filename;annotators_agree_strongly_on_current_xml;primary_annotation_exactly_repeats_declared_sample,True
996,996.jpg,637.jpg,637.jpg,637.jpg,True,1,1,craze,craze,"craze[473,10,584,1006]","craze[473,5,583,1003]",1024x1024,1024x1024,1024x1024,1024x1024,strong_agreement,0.9832024879922295,1,True,1.0,False,0.9832024879922295,0.30712507659313726,0.8723010592466697,0.39041492855829996,ambiguous,low,False,annotators_agree_on_embedded_filename;annotators_agree_strongly_on_current_xml;primary_annotation_exactly_repeats_declared_sample,True
999,999.jpg,640.jpg,640.jpg,640.jpg,True,1,1,surface_injure,surface_injure,"surface_injure[372,335,564,763]","surface_injure[372,335,564,763]",1024x1024,1024x1024,1024x1024,1024x1024,strong_agreement,1.0,1,True,1.0,True,1.0,0.3006232766544117,0.9384244684037913,0.2016677409043069,ambiguous,low,False,annotators_agree_on_embedded_filename;annotators_agree_strongly_on_current_xml;primary_annotation_exactly_repeats_declared_sample,True
1000,1000.jpg,642.jpg,642.jpg,642.jpg,True,2,2,hide_craze;surface_injure,hide_craze;surface_injure,"hide_craze[450,685,870,899];surface_injure[781,1,839,136]","hide_craze[447,681,866,894];surface_injure[781,1,839,136]",1024x1024,1024x1024,1024x1024,1024x1024,strong_agreement,0.9716940479396714,2,True,1.0,False,0.9704545454545455,0.18040939031862746,0.9563406078339223,0.2550031420921609,ambiguous,low,False,annotators_agree_on_embedded_filename;annotators_agree_strongly_on_current_xml;primary_annotation_exactly_repeats_declared_sample,True
1001,1001.jpg,645.jpg,645.jpg,645.jpg,True,1,1,surface_injure,surface_injure,"surface_injure[727,224,844,397]","surface_injure[727,224,844,397]",1024x1024,1024x1024,1024x1024,1024x1024,strong_agreement,1.0,1,True,1.0,True,1.0,0.29011565563725483,0.841212774010653,0.4443829302492021,ambiguous,low,False,annotators_agree_on_embedded_filename;annotators_agree_strongly_on_current_xml;primary_annotation_exactly_repeats_declared_sample,True
1003,1003.jpg,651.jpg,651.jpg,651.jpg,True,1,1,surface_injure,surface_injure,"surface_injure[397,510,511,617]","surface_injure[397,510,511,617]",1024x1024,1024x1024,1024x1024,1024x1024,strong_agreement,1.0,1,True,1.0,False,,0.04756146599264706,0.9967795929145172,0.060783163387518005,xml_name_correct,high,False,xml_and_embedded_images_highly_correlated;annotators_agree_on_embedded_filename;annotators_agree_strongly_on_current_xml;primary_annotation_exactly_repeats_declared_sample,True
1005,1005.jpg,656.jpg,656.jpg,656.jpg,True,1,1,surface_injure,surface_injure,"surface_injure[764,741,822,836]","surface_injure[764,741,822,836]",1024x1024,1024x1024,1024x1024,1024x1024,strong_agreement,1.0,1,True,1.0,True,1.0,0.25063668045343135,0.9996548213663903,0.021347262873224006,xml_name_correct,high,False,xml_and_embedded_images_highly_correlated;annotators_agree_on_embedded_filename;annotators_agree_strongly_on_current_xml;primary_annotation_exactly_repeats_declared_sample,True
1006,1006.jpg,659.jpg,659.jpg,659.jpg,True,1,1,thunderstrike,thunderstrike,"thunderstrike[42,702,233,770]","thunderstrike[42,702,233,770]",1024x1024,1024x1024,1024x1024,1024x1024,strong_agreement,1.0,1,True,1.0,True,1.0,0.21459482230392155,0.9399161575662246,0.299398301669206,ambiguous,low,False,annotators_agree_on_embedded_filename;annotators_agree_strongly_on_current_xml;primary_annotation_exactly_repeats_declared_sample,True
1009,1009.jpg,664.jpg,664.jpg,664.jpg,True,2,2,surface_injure;surface_injure,surface_injure;surface_injure,"surface_injure[41,736,400,910];surface_injure[773,152,1005,328]","surface_injure[41,736,400,910];surface_injure[773,152,1005,328]",1024x1024,1024x1024,1024x1024,1024x1024,strong_agreement,1.0,2,True,1.0,False,0.9510793383795907,0.2319134880514706,0.9995283021298265,0.026848561591346996,xml_name_correct,high,False,xml_and_embedded_images_highly_correlated;annotators_agree_on_embedded_filename;annotators_agree_strongly_on_current_xml;primary_annotation_exactly_repeats_declared_sample,True
1011,1011.jpg,668.jpg,668.jpg,668.jpg,True,1,1,craze,craze,"craze[397,494,758,933]","craze[397,494,758,933]",1024x1024,1024x1024,1024x1024,1024x1024,strong_agreement,1.0,1,True,1.0,True,1.0,0.22132257199754907,0.9963894312710709,0.06378639558837002,xml_name_correct,high,False,xml_and_embedded_images_highly_correlated;annotators_agree_on_embedded_filename;annotators_agree_strongly_on_current_xml;primary_annotation_exactly_repeats_declared_sample,True
1012,1012.jpg,67.jpg,67.jpg,67.jpg,True,1,1,hide_craze,hide_craze,"hide_craze[359,589,666,688]","hide_craze[359,589,666,688]",1024x1024,1024x1024,1024x1024,1024x1024,strong_agreement,1.0,1,True,1.0,False,0.9323284156510584,0.3573740042892158,0.989657881847543,0.06540703454866385,xml_name_correct,high,False,xml_and_embedded_images_highly_correlated;annotators_agree_on_embedded_filename;annotators_agree_strongly_on_current_xml;primary_annotation_exactly_repeats_declared_sample,True
1013,1013.jpg,674.jpg,674.jpg,674.jpg,True,1,1,surface_injure,surface_injure,"surface_injure[653,536,747,597]","surface_injure[653,536,747,597]",1024x1024,1024x1024,1024x1024,1024x1024,strong_agreement,1.0,1,True,1.0,True,1.0,0.028553921568627447,0.9946505249473107,0.07936014219115056,xml_name_correct,high,False,xml_and_embedded_images_highly_correlated;annotators_agree_on_embedded_filename;annotators_agree_strongly_on_current_xml;primary_annotation_exactly_repeats_declared_sample,True
1014,1014.jpg,676.jpg,676.jpg,676.jpg,True,2,2,hide_craze;hide_craze,hide_craze;hide_craze,"hide_craze[270,130,506,335];hide_craze[298,675,612,877]","hide_craze[270,130,506,335];hide_craze[298,675,612,877]",1024x1024,1024x1024,1024x1024,1024x1024,strong_agreement,1.0,2,True,1.0,False,0.9726099706744868,0.5068895526960784,0.4198026949626284,0.8874494657584597,ambiguous,low,False,annotators_agree_on_embedded_filename;annotators_agree_strongly_on_current_xml;primary_annotation_exactly_repeats_declared_sample,True
1015,1015.jpg,679.jpg,679.jpg,679.jpg,True,1,0,surface_injure,,"surface_injure[166,219,855,677]",,1024x1024,1024x1024,1024x1024,1024x1024,object_count_disagreement,,1,True,1.0,False,,0.40747357536764717,0.9954709780715073,0.07762706553172587,ambiguous,low,False,xml_and_embedded_images_highly_correlated;annotators_agree_on_embedded_filename;primary_annotation_exactly_repeats_declared_sample,True
1016,1016.jpg,680.jpg,680.jpg,680.jpg,True,1,1,corrosion,surface_injure,"corrosion[402,5,602,1010]","surface_injure[402,5,602,1010]",1024x1024,1024x1024,1024x1024,1024x1024,class_disagreement,,1,True,1.0,False,,0.21216203278186274,0.9996871043377957,0.018927137088209228,ambiguous,low,False,xml_and_embedded_images_highly_correlated;annotators_agree_on_embedded_filename;primary_annotation_exactly_repeats_declared_sample,True
1018,1018.jpg,683.jpg,683.jpg,683.jpg,True,3,3,surface_injure;surface_injure;surface_injure,surface_injure;surface_injure;surface_injure,"surface_injure[445,855,550,969];surface_injure[547,66,698,203];surface_injure[444,480,655,644]","surface_injure[445,855,550,969];surface_injure[547,66,698,203];surface_injure[439,485,652,644]",1024x1024,1024x1024,1024x1024,1024x1024,strong_agreement,0.9782001117942984,3,True,1.0,False,0.9639850799871831,0.34965820312499996,0.7874216849187426,0.4936932115751584,ambiguous,low,False,annotators_agree_on_embedded_filename;annotators_agree_strongly_on_current_xml;primary_annotation_exactly_repeats_declared_sample,True
1020,1020.jpg,687.jpg,687.jpg,687.jpg,True,1,1,surface_injure,surface_injure,"surface_injure[434,570,620,697]","surface_injure[434,570,620,697]",1024x1024,1024x1024,1024x1024,1024x1024,strong_agreement,1.0,1,True,1.0,False,0.9220448575469792,0.17457490808823534,0.9977166702453627,0.042830055082001675,xml_name_correct,high,False,xml_and_embedded_images_highly_correlated;annotators_agree_on_embedded_filename;annotators_agree_strongly_on_current_xml;primary_annotation_exactly_repeats_declared_sample,True
1021,1021.jpg,688.jpg,688.jpg,688.jpg,True,1,1,thunderstrike,thunderstrike,"thunderstrike[136,522,658,702]","thunderstrike[136,522,658,702]",1024x1024,1024x1024,1024x1024,1024x1024,strong_agreement,1.0,1,True,1.0,True,1.0,0.1496840533088235,0.9996506674965601,0.02071112942727421,xml_name_correct,high,False,xml_and_embedded_images_highly_correlated;annotators_agree_on_embedded_filename;annotators_agree_strongly_on_current_xml;primary_annotation_exactly_repeats_declared_sample,True
1022,1022.jpg,689.jpg,689.jpg,689.jpg,True,3,3,surface_injure;surface_injure;surface_injure,surface_injure;surface_injure;surface_injure,"surface_injure[398,85,489,299];surface_injure[547,230,672,347];surface_injure[567,549,662,605]","surface_injure[398,85,489,299];surface_injure[547,230,672,347];surface_injure[569,552,666,608]",1024x1024,1024x1024,1024x1024,1024x1024,strong_agreement,0.9495152123035774,4,False,0.7829962925513988,False,0.7325115048549762,0.1161276424632353,0.9987041371532606,0.03371001215815029,xml_name_correct,high,False,xml_and_embedded_images_highly_correlated;annotators_agree_on_embedded_filename;annotators_agree_strongly_on_current_xml,True
1023,1023.jpg,690.jpg,690.jpg,690.jpg,True,1,1,thunderstrike,thunderstrike,"thunderstrike[56,627,562,797]","thunderstrike[56,627,562,797]",1024x1024,1024x1024,1024x1024,1024x1024,strong_agreement,1.0,1,True,1.0,True,1.0,0.04905215992647059,0.9998651258461808,0.013446083558596923,xml_name_correct,high,False,xml_and_embedded_images_highly_correlated;annotators_agree_on_embedded_filename;annotators_agree_strongly_on_current_xml;primary_annotation_exactly_repeats_declared_sample,True
1024,1024.jpg,691.jpg,691.jpg,691.jpg,True,1,1,craze,craze,"craze[281,780,727,900]","craze[281,780,727,900]",1024x1024,1024x1024,1024x1024,1024x1024,strong_agreement,1.0,1,True,1.0,True,1.0,0.3206265318627451,0.9998441861516096,0.013264044317728244,xml_name_correct,high,False,xml_and_embedded_images_highly_correlated;annotators_agree_on_embedded_filename;annotators_agree_strongly_on_current_xml;primary_annotation_exactly_repeats_declared_sample,True
1025,1025.jpg,693.jpg,693.jpg,693.jpg,True,1,1,hide_craze,hide_craze,"hide_craze[244,158,792,633]","hide_craze[248,163,792,634]",1024x1024,1024x1024,1024x1024,1024x1024,strong_agreement,0.9802420294116524,1,True,1.0,False,0.9564175168921449,0.4097771139705883,0.7594691757734826,0.46697403381196145,ambiguous,low,False,annotators_agree_on_embedded_filename;annotators_agree_strongly_on_current_xml;primary_annotation_exactly_repeats_declared_sample,True
1026,1026.jpg,696.jpg,696.jpg,696.jpg,True,2,2,hide_craze;hide_craze,hide_craze;hide_craze,"hide_craze[148,367,567,597];hide_craze[583,545,998,670]","hide_craze[148,367,567,597];hide_craze[583,545,998,670]",1024x1024,1024x1024,1024x1024,1024x1024,strong_agreement,1.0,2,True,1.0,True,1.0,0.003748276654411761,0.9998766258369468,0.00892313113228624,xml_name_correct,high,False,xml_and_embedded_images_highly_correlated;annotators_agree_on_embedded_filename;annotators_agree_strongly_on_current_xml;primary_annotation_exactly_repeats_declared_sample,True
1027,1027.jpg,698.jpg,698.jpg,698.jpg,True,1,1,hide_craze,hide_craze,"hide_craze[56,158,681,806]","hide_craze[56,158,681,806]",1024x1024,1024x1024,1024x1024,1024x1024,strong_agreement,1.0,1,True,1.0,True,1.0,0.387283624387255,0.7575438318466815,0.43083333940647317,ambiguous,low,False,annotators_agree_on_embedded_filename;annotators_agree_strongly_on_current_xml;primary_annotation_exactly_repeats_declared_sample,True
1028,1028.jpg,699.jpg,699.jpg,699.jpg,True,1,1,thunderstrike,thunderstrike,"thunderstrike[150,578,320,869]","thunderstrike[153,579,323,871]",1024x1024,1024x1024,1024x1024,1024x1024,strong_agreement,0.955833186697167,1,True,1.0,False,0.9452334593211927,0.37995270373774515,0.660685254025877,0.5947905190200273,ambiguous,low,False,annotators_agree_on_embedded_filename;annotators_agree_strongly_on_current_xml;primary_annotation_exactly_repeats_declared_sample,True
1029,1029.jpg,700.jpg,700.jpg,700.jpg,True,1,1,surface_injure,surface_injure,"surface_injure[305,102,1016,278]","surface_injure[305,102,1016,278]",1024x1024,1024x1024,1024x1024,1024x1024,strong_agreement,1.0,1,True,1.0,False,,0.3540422028186275,0.9995007053276871,0.021667212669083266,xml_name_correct,high,False,xml_and_embedded_images_highly_correlated;annotators_agree_on_embedded_filename;annotators_agree_strongly_on_current_xml;primary_annotation_exactly_repeats_declared_sample,True
1030,1030.jpg,701.jpg,701.jpg,701.jpg,True,1,1,craze,craze,"craze[227,253,919,1000]","craze[227,253,919,1000]",1024x1024,1024x1024,1024x1024,1024x1024,strong_agreement,1.0,1,True,1.0,False,0.9875628123882193,0.3150275735294118,0.9696695793076204,0.2009079578725192,ambiguous,low,False,annotators_agree_on_embedded_filename;annotators_agree_strongly_on_current_xml;primary_annotation_exactly_repeats_declared_sample,True
1031,1031.jpg,704.jpg,704.jpg,704.jpg,True,1,1,corrosion,corrosion,"corrosion[548,30,728,1003]","corrosion[548,30,728,1003]",1024x1024,1024x1024,1024x1024,1024x1024,strong_agreement,1.0,1,True,1.0,True,1.0,0.07855487898284313,0.9980624180592877,0.03534475215846852,xml_name_correct,high,False,xml_and_embedded_images_highly_correlated;annotators_agree_on_embedded_filename;annotators_agree_strongly_on_current_xml;primary_annotation_exactly_repeats_declared_sample,True
1032,1032.jpg,706.jpg,706.jpg,706.jpg,True,1,1,hide_craze,hide_craze,"hide_craze[142,303,683,625]","hide_craze[142,303,683,625]",1024x1024,1024x1024,1024x1024,1024x1024,strong_agreement,1.0,1,True,1.0,True,1.0,0.5213120404411764,0.5151019044151397,0.6078986187372563,ambiguous,low,False,annotators_agree_on_embedded_filename;annotators_agree_strongly_on_current_xml;primary_annotation_exactly_repeats_declared_sample,True
1033,1033.jpg,708.jpg,708.jpg,708.jpg,True,1,1,thunderstrike,thunderstrike,"thunderstrike[270,103,616,281]","thunderstrike[270,103,616,281]",1024x1024,1024x1024,1024x1024,1024x1024,strong_agreement,1.0,1,True,1.0,True,1.0,0.23152477787990197,0.9795029595309965,0.1101366572012824,ambiguous,low,False,annotators_agree_on_embedded_filename;annotators_agree_strongly_on_current_xml;primary_annotation_exactly_repeats_declared_sample,True
1034,1034.jpg,709.jpg,709.jpg,709.jpg,True,1,1,hide_craze,hide_craze,"hide_craze[342,300,430,772]","hide_craze[342,300,430,772]",1024x1024,1024x1024,1024x1024,1024x1024,strong_agreement,1.0,1,True,1.0,True,1.0,0.1592266007965686,0.9997430545189588,0.016350644147852093,xml_name_correct,high,False,xml_and_embedded_images_highly_correlated;annotators_agree_on_embedded_filename;annotators_agree_strongly_on_current_xml;primary_annotation_exactly_repeats_declared_sample,True
1035,1035.jpg,71.jpg,71.jpg,71.jpg,True,1,1,craze,craze,"craze[108,377,1011,783]","craze[108,377,1011,783]",1024x1024,1024x1024,1024x1024,1024x1024,strong_agreement,1.0,1,True,1.0,True,1.0,0.2124435125612745,0.9996466747118615,0.017768755608451575,xml_name_correct,high,False,xml_and_embedded_images_highly_correlated;annotators_agree_on_embedded_filename;annotators_agree_strongly_on_current_xml;primary_annotation_exactly_repeats_declared_sample,True
1036,1036.jpg,710.jpg,710.jpg,710.jpg,True,1,1,craze,craze,"craze[120,439,917,870]","craze[120,439,917,870]",1024x1024,1024x1024,1024x1024,1024x1024,strong_agreement,1.0,1,True,1.0,False,0.9847478225643103,0.2634191176470588,0.9999152881039088,0.010470999560581128,xml_name_correct,high,False,xml_and_embedded_images_highly_correlated;annotators_agree_on_embedded_filename;annotators_agree_strongly_on_current_xml;primary_annotation_exactly_repeats_declared_sample,True
1037,1037.jpg,712.jpg,712.jpg,712.jpg,True,1,1,corrosion,corrosion,"corrosion[467,27,608,1005]","corrosion[467,27,608,1005]",1024x1024,1024x1024,1024x1024,1024x1024,strong_agreement,1.0,1,True,1.0,False,,0.0031556372549019604,0.9999577588912631,0.0063819928637784615,xml_name_correct,high,False,xml_and_embedded_images_highly_correlated;annotators_agree_on_embedded_filename;annotators_agree_strongly_on_current_xml;primary_annotation_exactly_repeats_declared_sample,True
1038,1038.jpg,713.jpg,713.jpg,713.jpg,True,1,0,craze,,"craze[281,13,583,780]",,1024x1024,1024x1024,1024x1024,1024x1024,object_count_disagreement,,1,True,1.0,False,,0.17216509650735295,0.9997184533508505,0.015940586552371093,ambiguous,low,False,xml_and_embedded_images_highly_correlated;annotators_agree_on_embedded_filename;primary_annotation_exactly_repeats_declared_sample,True
1039,1039.jpg,715.jpg,715.jpg,715.jpg,True,1,1,craze,craze,"craze[298,105,653,652]","craze[295,101,655,647]",1024x1024,1024x1024,1024x1024,1024x1024,strong_agreement,0.9701927758008904,1,False,0.2463743522672715,False,0.24458555461787046,0.19514973958333331,0.3822120392910488,0.83524717042522,ambiguous,low,False,annotators_agree_on_embedded_filename;annotators_agree_strongly_on_current_xml;primary_classes_match_declared_sample,True
1040,1040.jpg,716.jpg,716.jpg,716.jpg,True,2,2,craze;craze,craze;craze,"craze[600,114,734,963];craze[761,360,1024,917]","craze[600,114,734,963];craze[761,360,1024,917]",1024x1024,1024x1024,1024x1024,1024x1024,strong_agreement,1.0,2,True,1.0,False,0.9890169943352216,0.07855679381127449,0.9996724479661088,0.016559312022181655,xml_name_correct,high,False,xml_and_embedded_images_highly_correlated;annotators_agree_on_embedded_filename;annotators_agree_strongly_on_current_xml;primary_annotation_exactly_repeats_declared_sample,True
1041,1041.jpg,717.jpg,717.jpg,717.jpg,True,2,2,craze;hide_craze,craze;hide_craze,"craze[620,114,859,492];hide_craze[478,522,698,835]","craze[624,110,856,494];hide_craze[478,522,698,835]",1024x1024,1024x1024,1024x1024,1024x1024,strong_agreement,0.9780690357088719,2,True,1.0,False,0.9557096224481185,0.33005610447303924,0.8147596898761885,0.4783389987799367,ambiguous,low,False,annotators_agree_on_embedded_filename;annotators_agree_strongly_on_current_xml;primary_annotation_exactly_repeats_declared_sample,True
1042,1042.jpg,72.jpg,72.jpg,72.jpg,True,1,1,corrosion,corrosion,"corrosion[462,378,503,944]","corrosion[462,378,503,944]",1024x1024,1024x1024,1024x1024,1024x1024,strong_agreement,1.0,1,True,1.0,False,,0.06603190104166666,0.9996430846981839,0.020175324605553366,xml_name_correct,high,False,xml_and_embedded_images_highly_correlated;annotators_agree_on_embedded_filename;annotators_agree_strongly_on_current_xml;primary_annotation_exactly_repeats_declared_sample,True
1043,1043.jpg,722.jpg,722.jpg,722.jpg,True,1,1,corrosion,corrosion,"corrosion[116,2,600,1024]","corrosion[116,2,600,1024]",1024x1024,1024x1024,1024x1024,1024x1024,strong_agreement,1.0,1,True,1.0,True,1.0,0.1509143305759804,0.988836783221528,0.10614479551756581,xml_name_correct,high,False,xml_and_embedded_images_highly_correlated;annotators_agree_on_embedded_filename;annotators_agree_strongly_on_current_xml;primary_annotation_exactly_repeats_declared_sample,True
1044,1044.jpg,723.jpg,723.jpg,723.jpg,True,1,1,hide_craze,hide_craze,"hide_craze[128,164,445,272]","hide_craze[128,164,445,272]",1024x1024,1024x1024,1024x1024,1024x1024,strong_agreement,1.0,1,True,1.0,False,0.96973119494014,0.30599628523284306,0.9264488584445278,0.1771235053094109,ambiguous,low,False,annotators_agree_on_embedded_filename;annotators_agree_strongly_on_current_xml;primary_annotation_exactly_repeats_declared_sample,True
1045,1045.jpg,727.jpg,727.jpg,727.jpg,True,1,1,corrosion,corrosion,"corrosion[700,149,833,764]","corrosion[700,149,833,764]",1024x1024,1024x1024,1024x1024,1024x1024,strong_agreement,1.0,1,True,1.0,True,1.0,0.19415594362745098,0.9804388917550971,0.12817489557207445,xml_name_correct,high,False,xml_and_embedded_images_highly_correlated;annotators_agree_on_embedded_filename;annotators_agree_strongly_on_current_xml;primary_annotation_exactly_repeats_declared_sample,True
1047,1047.jpg,731.jpg,731.jpg,731.jpg,True,1,0,craze,,"craze[587,6,672,1020]",,1024x1024,1024x1024,1024x1024,1024x1024,object_count_disagreement,,1,True,1.0,False,,0.2683517156862745,0.8515651070775146,0.39860038280775034,ambiguous,low,False,annotators_agree_on_embedded_filename;primary_annotation_exactly_repeats_declared_sample,True
1049,1049.jpg,733.jpg,733.jpg,733.jpg,True,2,2,corrosion;corrosion,corrosion;corrosion,"corrosion[2,395,489,503];corrosion[514,422,1022,583]","corrosion[2,395,489,503];corrosion[514,422,1022,583]",1024x1024,1024x1024,1024x1024,1024x1024,strong_agreement,1.0,2,True,1.0,True,1.0,0.418801700367647,0.5542690446719291,0.8400182173212173,ambiguous,low,False,annotators_agree_on_embedded_filename;annotators_agree_strongly_on_current_xml;primary_annotation_exactly_repeats_declared_sample,True
1050,1050.jpg,735.jpg,735.jpg,735.jpg,True,1,1,crack,crack,"crack[316,14,644,405]","crack[316,14,644,405]",1024x1024,1024x1024,1024x1024,1024x1024,strong_agreement,1.0,1,True,1.0,False,0.9565110148457613,0.4310968137254902,0.7164642367838945,0.6360425331968287,ambiguous,low,False,annotators_agree_on_embedded_filename;annotators_agree_strongly_on_current_xml;primary_annotation_exactly_repeats_declared_sample,True
1051,1051.jpg,74.jpg,74.jpg,74.jpg,True,1,1,craze,craze,"craze[425,688,850,836]","craze[425,688,850,836]",1024x1024,1024x1024,1024x1024,1024x1024,strong_agreement,1.0,1,True,1.0,True,1.0,0.36947476256127454,0.9492921541994402,0.16733078448621458,ambiguous,low,False,annotators_agree_on_embedded_filename;annotators_agree_strongly_on_current_xml;primary_annotation_exactly_repeats_declared_sample,True
1052,1052.jpg,75.jpg,75.jpg,75.jpg,True,2,2,surface_injure;surface_injure,surface_injure;surface_injure,"surface_injure[103,586,177,1017];surface_injure[727,6,1024,325]","surface_injure[100,587,174,1012];surface_injure[723,10,1024,326]",1024x1024,1024x1024,1024x1024,1024x1024,strong_agreement,0.9411441104137664,2,True,1.0,False,0.9411441104137664,0.20398954503676475,0.9994908593356434,0.021680980695679475,xml_name_correct,high,False,xml_and_embedded_images_highly_correlated;annotators_agree_on_embedded_filename;annotators_agree_strongly_on_current_xml;primary_annotation_exactly_repeats_declared_sample,True
1053,1053.jpg,76.jpg,76.jpg,76.jpg,True,1,1,craze,craze,"craze[172,181,694,606]","craze[172,181,694,606]",1024x1024,1024x1024,1024x1024,1024x1024,strong_agreement,1.0,1,True,1.0,True,1.0,0.15696327359068626,0.7186092427863037,0.5977102841921259,ambiguous,low,False,annotators_agree_on_embedded_filename;annotators_agree_strongly_on_current_xml;primary_annotation_exactly_repeats_declared_sample,True
1054,1054.jpg,78.jpg,78.jpg,78.jpg,True,1,1,crack,crack,"crack[527,169,670,761]","crack[529,174,666,757]",1024x1024,1024x1024,1024x1024,1024x1024,strong_agreement,0.9437886453063519,1,True,1.0,False,0.9437886453063519,0.3087335324754902,0.8807056386410366,0.39265442571650416,ambiguous,low,False,annotators_agree_on_embedded_filename;annotators_agree_strongly_on_current_xml;primary_annotation_exactly_repeats_declared_sample,True
1055,1055.jpg,8.jpg,8.jpg,8.jpg,True,1,1,crack,crack,"crack[484,60,617,658]","crack[484,60,617,658]",1024x1024,1024x1024,1024x1024,1024x1024,strong_agreement,1.0,1,True,1.0,True,1.0,0.2772518382352941,0.9971339171965428,0.055705309267103625,xml_name_correct,high,False,xml_and_embedded_images_highly_correlated;annotators_agree_on_embedded_filename;annotators_agree_strongly_on_current_xml;primary_annotation_exactly_repeats_declared_sample,True
1056,1056.jpg,84.jpg,84.jpg,84.jpg,True,1,1,thunderstrike,thunderstrike,"thunderstrike[620,608,766,872]","thunderstrike[620,608,766,872]",1024x1024,1024x1024,1024x1024,1024x1024,strong_agreement,1.0,1,True,1.0,True,1.0,0.3570867800245098,0.8136392637824978,0.4313514227271445,ambiguous,low,False,annotators_agree_on_embedded_filename;annotators_agree_strongly_on_current_xml;primary_annotation_exactly_repeats_declared_sample,True
1057,1057.jpg,85.jpg,85.jpg,85.jpg,True,1,1,crack,crack,"crack[484,166,542,220]","crack[484,166,542,220]",1024x1024,1024x1024,1024x1024,1024x1024,strong_agreement,1.0,1,True,1.0,True,1.0,0.3557578890931372,0.9992536041745,0.0315813699201183,xml_name_correct,high,False,xml_and_embedded_images_highly_correlated;annotators_agree_on_embedded_filename;annotators_agree_strongly_on_current_xml;primary_annotation_exactly_repeats_declared_sample,True
1058,1058.jpg,89.jpg,89.jpg,89.jpg,True,2,2,crack;crack,crack;crack,"crack[106,333,191,644];crack[383,100,592,528]","crack[106,333,191,644];crack[386,96,591,524]",1024x1024,1024x1024,1024x1024,1024x1024,strong_agreement,0.981498999054051,2,True,1.0,False,0.981498999054051,0.32306410845588235,0.9667900082812028,0.20969132800236256,ambiguous,low,False,annotators_agree_on_embedded_filename;annotators_agree_strongly_on_current_xml;primary_annotation_exactly_repeats_declared_sample,True
1059,1059.jpg,9.jpg,9.jpg,9.jpg,True,1,1,hide_craze,hide_craze,"hide_craze[612,714,812,953]","hide_craze[615,714,808,952]",1024x1024,1024x1024,1024x1024,1024x1024,strong_agreement,0.9611525704809287,1,False,0.6297678275290216,False,0.6552214985118405,0.31617934283088234,0.7425149900041358,0.5204068495057826,ambiguous,low,False,annotators_agree_on_embedded_filename;annotators_agree_strongly_on_current_xml;primary_classes_match_declared_sample,True
1062,1062.jpg,94.jpg,94.jpg,94.jpg,True,2,2,crack;crack,crack;crack,"crack[273,394,319,594];crack[428,266,566,536]","crack[273,394,319,594];crack[431,267,563,540]",1024x1024,1024x1024,1024x1024,1024x1024,strong_agreement,0.9700138739823565,2,True,1.0,False,0.9749872930098178,0.23408873314950981,0.9997535928307492,0.01690999787959585,xml_name_correct,high,False,xml_and_embedded_images_highly_correlated;annotators_agree_on_embedded_filename;annotators_agree_strongly_on_current_xml;primary_annotation_exactly_repeats_declared_sample,True
