source_image_id,filename,extension,file_size_bytes,sha256,decoded_width,decoded_height,image_mode,decoding_succeeded,decoding_error,number_of_annotated_objects,official_split,xml_width,xml_height,xml_dimensions_match,pixel_sha256,dhash64
0,0.jpg,.jpg,155029,362547ff383c509ca25a782c5a168fe6153eb3642980ff1e7b6eec2ab022105b,1024,1024,RGB,True,,1,validation,1024,1024,True,c6c564351a05cdf55c05af19534b9ab226767353114575317a18c0fb657cb9d8,6060e06060606060
1,1.jpg,.jpg,62503,9caf2d6b0ee4b215fc1e614916d8e89738621b52c6b23b15682b4cf2736b9b87,1024,1024,RGB,True,,1,train,1024,1024,True,fb13fd870c46d921ece6735ed9af94754f8e429ec6289e57c21801d9ebda579b,0321411186060042
2,2.jpg,.jpg,87783,f26299242481246c605cb64d6fe573fb94c32932de4927c750d491f04caf767f,1024,1024,RGB,True,,1,train,1024,1024,True,704bab395199a916ac38f0cead0ffcf5802dcc95b0c864aba07fdf62ffaa255a,001000000c0c8ecf
3,3.jpg,.jpg,83751,77f92d5aa52ecd64e00c308d321552bf6ed600d9c74187f7498e63b460a6c86c,1024,1024,RGB,True,,1,validation,1024,1024,True,3d0b8a40127277c506471645a166ba7b5d0c234eefce7eacb4e19039533db31c,c6c6c6c686868687
4,4.jpg,.jpg,41084,09de11f671f5cadf81721e2368400356968df5100a90962893f7acd3b6eccb93,1024,1024,RGB,True,,1,train,1024,1024,True,8b865f26ffc458faae112cd0a0c748a3a57462018e5dbab097dfbe6c0b6c063f,13101e1c2c3c0d0d
5,5.jpg,.jpg,109595,6f728a07947e0e63d088229918d9029db9bbc0959f0d927983b3436b16d3565a,1024,1024,RGB,True,,3,train,1024,1024,True,51e6f89199ae25a7deb4c5468a68ef0fc0b4c73cc2c31f064cb9408efde02379,7c3d191f1f3f1f3d
6,6.jpg,.jpg,37746,fcc96028ed4dbaa2f02935c0eebc6f914582ceefc2e6b46e7b8f31c4914be51b,1024,1024,RGB,True,,1,train,1024,1024,True,94ebb78f4a4d5aaa0de2c64b0fb729db2cabbd5e3756d5ae3af1a2e587738ff0,078fff1f19100007
7,7.jpg,.jpg,53725,a6f31a5b9c830a697fb2d2a60fed63c698d23d386a7d7fa765fc1dc91d3c02d2,1024,1024,RGB,True,,1,validation,1024,1024,True,b49d89c19fe278a4ca549236bcef5d099da6b350ef6947bd601b6986cb9a7e14,0f1f3f33f7c7c7e7
8,8.jpg,.jpg,40734,6287575d33c0af33cf6bc4d9cae2634543ba7c866419943fb3383899c104a20a,1024,1024,RGB,True,,1,train,1024,1024,True,ee1b9d2397ebefb78b4d9c755678ff01afaf8636b6b2f08a206ff1b35443840b,98f0d096f7e47c38
9,9.jpg,.jpg,74049,0dfb269a508c3696d7eba9fbc960d355bf376d67300752870b99f93745f0ff1e,1024,1024,RGB,True,,1,train,1024,1024,True,7ba42387ea9a99ffd5590a92122bfd325d78ec0a5ff754448e91445128fba49d,38391283c3830140
10,10.jpg,.jpg,79755,91c8443f67d652e341707508f75ca6a91a7555a7428646e1ee3480892cf326e7,1024,1024,RGB,True,,2,train,1024,1024,True,46eac51f49707742b8c7fcfd9288ce48e812dcaac41eacf970dbf4ecac2158bf,fcfcf8fdffdffee0
11,11.jpg,.jpg,47051,a6eeaecbb5ec2600788b2e4fbef9a5b056e15f67f128fef4f7f10501559e26c7,1024,1024,RGB,True,,1,validation,1024,1024,True,0c37aeedfd797809618b39b9ea9019dce17097ee96522505508449c1d44400a0,141507530307060e
12,12.jpg,.jpg,39006,807b2ed999e9ddecd066d28b26426dba716556fd94fd64bc3fc7d208b55e9fc9,1024,1024,RGB,True,,1,train,1024,1024,True,73da3eb5de5433ba1ed2e3b1b103e1d6e6e6f0bdf9936326e813db94f9125c47,70d7316220301010
13,13.jpg,.jpg,63375,358329e3df591068ae6a387fa71adeb896afe3bebee86fac645857aedc048cc3,1024,1024,RGB,True,,2,test,1024,1024,True,92e1d615c4fd13b4208fcb8cf7f51405868af3d1f38e1a354b0ce5c45988bedf,1fffff7fff7f3f3f
14,14.jpg,.jpg,25768,2b0e626ca952b0cc524057f50dba8818d052782ea4ec862e1556d6aef1e03586,1024,1024,RGB,True,,2,train,1024,1024,True,419ffa80e7caed629c01b1676b309c1f7a3d070d4104eb2be7f831f599b171e4,8080000000000404
15,15.jpg,.jpg,26951,082cface59da24cd88b0045a38343b8c5d04245cb9ca5412521edd36fc62b858,1024,1024,RGB,True,,1,train,1024,1024,True,8912ad02e921f01eb999af4f72fc19323da962a67df96ed959585d362bba075a,f1f3710600000303
16,16.jpg,.jpg,83542,ce0672e3d2f3db47b1bd8ce200cebb92fae13b8038d02b3905c4f8fd8b50fcf2,1024,1024,RGB,True,,1,train,1024,1024,True,fde7408e520019ed84e3485deacdac56b00d7deb2fa9bd8ddfc009fee305b088,3c0f07278301030b
17,17.jpg,.jpg,68468,b2fa427df6a79f2843894e5394eb5d965f2b3b79a04a950389ac0a9111fc4516,1024,1024,RGB,True,,1,train,1024,1024,True,c16e7ec39e4a63aa0c4eba5bf42d46d20d0c7114e4fe194bde6b22829b8d5fef,3c7c717131030303
18,18.jpg,.jpg,50187,f48241f15506c239c9d590a2cef8a5c04ed1a4574e2eabb384e47c9c3c86ed65,1024,1024,RGB,True,,1,train,1024,1024,True,dafe4fadb204fd8a09ee7aa442263ae40f5f3b10971b2ac786aae7f578b88cd2,000080e4e4f4b9ba
19,19.jpg,.jpg,79953,20f73bda4c65c841583ceb0fe84fb7da635363157780d831d77f043981b053f4,1024,1024,RGB,True,,2,validation,1024,1024,True,8b5f03d18bd4896b3ffcf82484b391c1ec06d987f315c61b3c25515bf95601ce,0f4b1f1e1f7cece8
20,20.jpg,.jpg,62233,07cbc349d4b7eb5fdedfa8e56b5ba7e0da385757c48cfe0e8d67c4337e58ce16,1024,1024,RGB,True,,1,train,1024,1024,True,3ca61750e07bcedc0261a42134e537fb91805aa3e6c3a70bea6c00be8212a373,0302608219f0e080
21,21.jpg,.jpg,50280,0b3bec5329f4ed16238826c386461beb3b01b2974068a17d41a49426b91c45ad,1024,1024,RGB,True,,1,validation,1024,1024,True,26f0d2543afb5c2b664d6f1915b11c3639aa1ad7c46614ee086171ca7d2799ca,0f4d050418985141
22,22.jpg,.jpg,34601,29107b9d185279fdf216c5fe3ae01d20252fc4d6898037b02ebc86ecf571fb83,1024,1024,RGB,True,,1,train,1024,1024,True,8f61d0a867f4ae14e5cd13dfba3fec57e268ff5e8bdaa963374cd8ea86601bd1,1c1e7e7d3f0e1218
23,23.jpg,.jpg,47997,a9e5548d3d6b0210fc1abe88cb6233a0f474d6160f029c3533340f269cc104fb,1024,1024,RGB,True,,1,train,1024,1024,True,ec6b92a16ef9d4f9c34621b7c3a8ba350ec63aebaf6081f1965140d8e7a08f74,0f001090d1153733
24,24.jpg,.jpg,64159,33accffbeb08d3b4b3ab64357715e1d86b7342f3bed200405dbf787313ed460a,1024,1024,RGB,True,,1,train,1024,1024,True,ece10836528ecc54a0b03a484244df7f5706721e98028c372e38fe1060898f01,70f1871e3edcc060
25,25.jpg,.jpg,44577,e311e45fe9e5fe531f942b8cb338222a88a69266a9c284c8024bf26a41480d51,1024,1024,RGB,True,,1,train,1024,1024,True,5060750115a3817dce827c831d2e487ba11cba3c867d8c6695b9188cc757b356,2f27272723232321
26,26.jpg,.jpg,49931,091d06e7a0c9a4a3e2b9d8cdd84fe1043404c1462e1f30d3add5102d860148af,1024,1024,RGB,True,,1,train,1024,1024,True,bd09d158f1be6ac2d4bdb4921886b2af416fa3e8f773b8f4ea436db58f9ee1f5,2020606068696c6c
27,27.jpg,.jpg,60364,b4d95721b46f1071080136bdcc0af991d0ed084d54c35ff4f3c24e503643c169,1024,1024,RGB,True,,3,train,1024,1024,True,0e11aee014c1105d8dccb2d49300fd35cd8667129832da56b6025affac05a37b,7f3e0f4f47c3cd8c
28,28.jpg,.jpg,43062,6b906dcf479a3acdecef686198086648d7b95dabb780eeeb1c543e72bc33fcb2,1024,1024,RGB,True,,1,train,1024,1024,True,2020ca844043a54c392a8abf52b5001ea205d37b8c124da1d0321382131f99fb,00050f0f1b7171f3
29,29.jpg,.jpg,57612,96dddb2d514547799dd9fc2bb1e44282dcf8574ca774c95c3c368b8b06ce6838,1024,1024,RGB,True,,1,train,1024,1024,True,d8d8f1480689ec05066bf1385b19f81351ec93f152299cb8cb49847d663383cc,070f080307303834
30,30.jpg,.jpg,177330,8a2681e935865f27d568aefee2bb4424a1880a83637d15c638d88d02acb7a731,1024,1024,RGB,True,,2,train,1024,1024,True,59161b207b469aead84b0cf622dffae8a2c0e2ab7e3970b107ff9ef22dc37dec,e1f1fdfd7bbf3f27
31,31.jpg,.jpg,45792,9f5b2c8c8f7ce6a7d68f1a4b1782c80b3010c5a1416be6aaa0746e8891dac935,1024,1024,RGB,True,,2,train,1024,1024,True,5867844659026e604a0fcc04e860dfe3fc538788b23eb94e2c1a4f446ac324f3,07073c70c3070707
32,32.jpg,.jpg,68146,77abf41eafe2a8e6759d50a55d6ce206e7bc1d4583d2aea1735f49c0f0fc6a10,1024,1024,RGB,True,,2,test,1024,1024,True,84f9d76f14a97946644292106cae7bbf89bea2c2d14cbee6b714484b7a2c09d6,7fffff3f8fe6263f
33,33.jpg,.jpg,64517,d570bc62c3682ba82e5cf7177383b38f1bb82cee16fd44ea5c625eed22002aa3,1024,1024,RGB,True,,2,train,1024,1024,True,8cc4d7c117dc2747d3cea03008f53e8d3014b70aef3a48f013f472a7058c1eac,fff7f77b2d2f2360
34,34.jpg,.jpg,139191,7a52f0b680b59bf9d0f968088d5df7a12308b95430eb708e2748bb8eb50e8d30,1024,1024,RGB,True,,2,train,1024,1024,True,89281ed652cedb833915209b0f33aee7bfd560f095bd00037cf4eded5f071e74,0001614041e13871
35,35.jpg,.jpg,70801,67d0169a1654a8ad9c7ee8d12788f01e0b84f70ee9ff60bed8fbe61d8385499f,1024,1024,RGB,True,,2,train,1024,1024,True,87f0f05176825f13ddc3d0686317f3402f112e1defe7fc5eb0a67cf299bf20a5,1d0f2e0713130908
36,36.jpg,.jpg,105353,0214247382840dedea5009e041468fd13faba1102cc0495d9a5823d7367f9896,1024,1024,RGB,True,,2,train,1024,1024,True,d5bf165f48472cbc1f1196045df80fae327bc1daaba2e762d25fd0f70867ad44,737367464e0f3f3b
37,37.jpg,.jpg,114912,60990b80560fc21f045f41403b928c81bc88468aec6e1e3024c1539bd44ca0c8,1024,1024,RGB,True,,2,train,1024,1024,True,348eb1af125f7ea2a9ec1610381fe5fb8f41ea0272afc6672c05dbbee80ec1a2,ccecf0707272470f
38,38.jpg,.jpg,79296,11f9553a678091f719e96cb57f5dca2d5681be23fbd539cec8c5dbf2731add3e,1024,1024,RGB,True,,1,train,1024,1024,True,dbcc7f0ea1225c8fd9bf06f12df355420813282ecc5c9d784ecdeaf9d2084d0f,c1c081c3c3cf1f1f
39,39.jpg,.jpg,81903,a6d8b79c2f81c45f6364dc660e79d07f09dff6c7ab2be42986900c9c6b2bf87f,1024,1024,RGB,True,,1,train,1024,1024,True,ba4c3145613e4062957a671618e2c6d6b1f065615398185b7edec793d5d0479a,7b7d77373f3b3b9b
40,40.jpg,.jpg,74361,191fc8b7f81a1517a9e28e0e3ef9f25e436d5074bfa3e007828703627fbd826f,1024,1024,RGB,True,,1,train,1024,1024,True,02700c66779a5b99a4b6a1ff7179453c3f31e8eb66fd6368871bcd6fa9be53d1,3f7f3f8f4f3f9504
41,41.jpg,.jpg,105197,680221bfdd02ec8208d76e0f5bd7d6253cadc611ea11e228449075a0215f82ad,1024,1024,RGB,True,,1,train,1024,1024,True,c018df4d7aef2d4bdf60cfcdd05ceab79d8ff52dc93902549bd9eb727b33edbc,b39d67fbffffff5b
42,42.jpg,.jpg,91073,33ead05e0aa5c7b258ae8ed0c1d8ea234dc2ee14de452da2698d06c5a3739001,1024,1024,RGB,True,,3,train,1024,1024,True,0f8dc3d5d8e85a9fe7e01acf9eca084b1432f76cf5291b25c32f5cbd46858f2c,014d9f360c0d090f
43,43.jpg,.jpg,112190,4b175d68fb1ebe6ab81e76220e4f2b9d059911154c795b0fc7f4047287ce99f8,1024,1024,RGB,True,,2,train,1024,1024,True,dd9ffab6fddeb5f163921f06616b12445c3b94075fa6e91d09c10e9f5109aaaf,c0c0c1c347878f8f
44,44.jpg,.jpg,44234,04dece1cda54af3b9873a788cb1c2d9dc41b95a71f2047b29cca5c9a68cc5755,1024,1024,RGB,True,,1,train,1024,1024,True,1707a022794e3426dd0e25424db92ff2d8ed124f51d6bf510052768c6c4f08d1,1f3f7fffe0e08103
45,45.jpg,.jpg,29596,8206223b5b212be6bd3b380c31aadea9d64fdb60d0a1e024c95c42ec1d668503,1024,1024,RGB,True,,2,train,1024,1024,True,163d12d057c9806324d3893facd508064ea2338e39351ead4201ec7bcd55f1cf,0303073c70c10303
46,46.jpg,.jpg,88815,d543951cbf574ec2ee58facd129d6c1f27b874f7810a9b2a2e4d1603541646f4,1024,1024,RGB,True,,2,test,1024,1024,True,4a28c076ed49a1168a86edb0894e06abd49c08c9a464913bf2ab92412ffc6e68,d1f0c00004c0f0f0
47,47.jpg,.jpg,170413,06910a6c6ed2e47d26d9190f02d22b7038140b91edee6017e78b95570e061c4a,1024,1024,RGB,True,,3,train,1024,1024,True,d7178a7363ed0a7c4e62e5bdf7ac3700d4d1990d54207a5c14c3010d5a6eb403,bf9fdf6771f0b87e
48,48.jpg,.jpg,103281,f97a28e29b915b4e6c2ab8888d4e4e740c7c2f64ebcf9fe703ad3deae44f79a7,1024,1024,RGB,True,,1,test,1024,1024,True,b14188ac5292ef764d8b191870267232c2c98d946a8401f32e4771610f7795dd,0f0f87e3f1381c0e
49,49.jpg,.jpg,62885,a4e898bb773b14ece1e4db2b2f67328f4cfd033ba8450d4833d4d601e8cb91b9,1024,1024,RGB,True,,1,train,1024,1024,True,142c6aba97b036f1982d1c4d526ce59cffd061516562975ac13c790effe694e1,43c6901a46e21000
50,50.jpg,.jpg,65577,60717bb7b5b1d5d336b0d5f188e783e2ad887f488250b416d7c11be9b2b971b2,1024,1024,RGB,True,,3,train,1024,1024,True,99edffd0ef51081bbe52aff392642945c55d9e90a93b90718e6cd12a3587b40f,470d0693c7476f0f
51,51.jpg,.jpg,70832,93e90d2521db86ae1781cdcde46071c573d31ba3e6dce7a481e44b1cdab20f75,1024,1024,RGB,True,,2,test,1024,1024,True,355eca97e0e23f6f0424d3890c3f15efd843ad94e4f1387a3278d7a24358ebd2,981a3a3a79f1f1f0
52,52.jpg,.jpg,76526,fa5a91aa3c842464cc5ed767ad6578859fd35f321e9f4be2eb6ef629eace16c5,1024,1024,RGB,True,,1,train,1024,1024,True,55dcf95576f56b569be9e898ae3378393019d3d87f78ec9a99e21ab2bbbdf1c7,2f27676747474f0f
53,53.jpg,.jpg,41947,d4d674a47bc1e4549297e3ed197b5ead5454b2b53e3944df64166f92be08fefe,1024,1024,RGB,True,,1,train,1024,1024,True,270cd5057b9a986ecdd1f2060026e1be478d9a5ab6b994aa7db18d11ce0925b4,06a73330b0d41612
54,54.jpg,.jpg,90332,5183b3986ea2067c566d5a777d788750dd0f762e3dd051606d3a0bcd168b9d27,1024,1024,RGB,True,,2,test,1024,1024,True,ca136811e041b663f831a5e62fc2256314f1831ef5fbeb656fc7bcb8df3d7204,1313d1c3c2c60404
55,55.jpg,.jpg,29559,a83701eb9a76665cd3e45c6200d457d6795bf8a474513505dcdc4562b264be35,1024,1024,RGB,True,,1,validation,1024,1024,True,0b8bd8f92762f568ea41efe9aa7adad2200ae554bba00cd4bfbc3bde018e4bd4,0301000088dcfc77
56,56.jpg,.jpg,75021,f5fba4ed668226386b0f519c8550aa26e382a8a39b3254a730692d382f976055,1024,1024,RGB,True,,4,train,1024,1024,True,70e477819a519d5f3f3b7d3463285d76faf7ac3538c02f5fdfc7f6f6cf668b27,6777f3f9d89d9c9c
57,57.jpg,.jpg,110859,69cbcbfc0f4fd6a06e9bf33161bb147cf5e66c5097307bb8920d9cbee53aa82b,1024,1024,RGB,True,,2,test,1024,1024,True,b1c34ce32241f2e978688c26c84ec658cec3c907fc3aebfa4cceccf6b35ce061,f9f81cdccfffec1c
58,58.jpg,.jpg,44886,cd6355ac9e90a33056a2a4eb327e762ee1349d4c7f99343de90365f8094e913b,1024,1024,RGB,True,,1,train,1024,1024,True,a85b40bec96d5366eba934b5f7af765c503a67992e7c280916cb38a1965c86f5,1b1c0c0604000000
59,59.jpg,.jpg,50165,760c65bbc066a994e15fd3f3b04fc4a4d63029016ce0f1f6e4cfba28eb1aa1ef,1024,1024,RGB,True,,1,validation,1024,1024,True,b34d9d08372eeb147f6e7ca2e50b6b1a6a1ae63ab5e8a338bb732c0b0927df62,8b8fbc7c785a1a0a
60,60.jpg,.jpg,90956,1580d16805bdd2b85c3021d4ce1083357db0dbef1a812452632fe92470c8c229,1024,1024,RGB,True,,2,validation,1024,1024,True,9acb8b2c6d100648e50d3f0ab1a6b9c3d6189f312bb9d0bf0716e0520ecfa3d9,3e7a7a7aba8edcdc
61,61.jpg,.jpg,127426,3502f5974d65f158802582844b7ecad792d685543b8e9d820317bf08918cd3ca,1024,1024,RGB,True,,3,test,1024,1024,True,6d30a0ff3cc3ebf817a097a44af4fc09fd0074e9c1124d94123fc0e39984d362,9e9ec7e1f0f070f8
62,62.jpg,.jpg,91914,1480a69bd1ad9fa3a5bf3777e9e1a57abb3b70b88c4ee67c90e6cc11e12dbffa,1024,1024,RGB,True,,2,validation,1024,1024,True,8f4e8843e3abda8d78502e6e2b331ce21cb24ab7a75045a075f594bce11c6e66,fefe7ee2e2f4fc10
63,63.jpg,.jpg,63052,7ff936a5b77b340ed59fc6a3e2d1fa88fd86fb86c134149f1914874dbf9772ed,1024,1024,RGB,True,,2,train,1024,1024,True,3349720425e2d3e6041d17494b1f9f2dab826f1dee1e9eef22f91b4b9e824044,86878787c7cfdf0e
64,64.jpg,.jpg,44007,78069012304cebf3c6e5a5875a734a2ec1c4f2499f037b3434c5670b3f5b8d55,1024,1024,RGB,True,,1,train,1024,1024,True,8e7245df786edd9fefa0f23e9daab5cf7430ec5f99b8937457b2f8d3de8410c0,e4e0f0f070f06060
65,65.jpg,.jpg,38932,8ff2983284bffe8a8d3cf9b912d5bf813b220b48f869560ac9893affc86898d7,1024,1024,RGB,True,,1,test,1024,1024,True,6f000ee6ec19e356040a124d2fccb2aa1212e1c81e9005100df274dcf87d57b3,b33333636341c1c1
66,66.jpg,.jpg,37771,8ce21311247ac2749accea15751084ac4f53481b547f65fb791cb6acd023246a,1024,1024,RGB,True,,2,train,1024,1024,True,eb5fcb252df0c148bd6754054ad32ebc8adcb39a19209f2029d783e71f2d837b,d6397de531cdc0c6
67,67.jpg,.jpg,129470,4a4a7ee8f01d53cb473f61fcf0f334af32dad86c78b034ee7ba02592c647565c,1024,1024,RGB,True,,1,test,1024,1024,True,06a0370a4714d4c36744933fb486e2817bdbecb7bd6ef43fd95727cf6822fb88,0003030301010001
68,68.jpg,.jpg,78624,fcdc3ac634500b63b9217aceedaf4435beb08854115c130b5d7b31c28d64f5cc,1024,1024,RGB,True,,2,train,1024,1024,True,f11dc2106dcd0510bbeaf5a3d239f0fec28b804a683dbae493ca0b69c228847a,dddf9dbcbc3c7475
69,69.jpg,.jpg,68882,a2bc9d418b9d4304aee4cad2a7f90ced432644ee3f4257f233f1379f0acc1e7c,1024,1024,RGB,True,,2,validation,1024,1024,True,25531fb027c891574196267345d807d6ef3f9182eaa55f1065662bf647e40d22,e1e7e6efce9e9caf
70,70.jpg,.jpg,39782,75c138f4c56a177242d0863c1500b1c04d167b7ff051cb096aedfa0b748ce39e,1024,1024,RGB,True,,2,validation,1024,1024,True,5a691c7ef002cb3fac1e12c283b1f832f65b3a0acd11357c998a83391ff2a5e7,103858da18181818
71,71.jpg,.jpg,46783,75bbbaa02951587dd92e6ba49a30ff4afbe5c2163c7ed666b7197a89504eac73,1024,1024,RGB,True,,1,test,1024,1024,True,78b35476edc0c998902230b5caa36d7a44f38cda58df2ae856d7904a7803f160,e078b8d4f2713e1f
72,72.jpg,.jpg,48592,4489afe5514093241e4f31a610299db842ad6085f3c8e75089b009a8c63a4789,1024,1024,RGB,True,,1,validation,1024,1024,True,6691de1ff11fe55be6c510b3830b9652e024f69221023cd934f339e51ca6bd51,eeef6d6565ac8c8c
73,73.jpg,.jpg,100383,ced7416a8431908bb14ae30b09631e9d35ffac896bfdeb70380223cc31efb612,1024,1024,RGB,True,,1,test,1024,1024,True,8a8219fef5d857cfe39b3cc50974d48d981c8bca159244e55d5a9d27a5506b89,afeed919189a0e0c
74,74.jpg,.jpg,31515,3f65bdbcf604440e13f02b08b95dafecb3b7d64720de8dc01dd6c81c917d0609,1024,1024,RGB,True,,1,train,1024,1024,True,6fbbe81bbe1e72d2aa2e0362cbe390d728607593c948e6adb6ca230a6fc6f6cf,85ff3f0a0c181000
75,75.jpg,.jpg,82629,a6756addf0231053f260dc7bd275e6a305ef1391be25a8845e8c220115bc5e83,1024,1024,RGB,True,,2,train,1024,1024,True,088050976d9c653ec942be87643c0f8df30fcb019ba79dc5182fdbe5a2ccae2e,47271f370f838280
76,76.jpg,.jpg,75897,6d4a37f95931ecbac9017530205931871ca5550a221e9fa80136dbe83165676a,1024,1024,RGB,True,,1,train,1024,1024,True,8b757bb96a1ed7ccfaa80de08cd163c9232ec700bc246d690b9ec596c30bca95,1f83e7f37c3e3f7b
77,77.jpg,.jpg,65594,5641b75867b1f87dc941b3707af52756271c78dd3d400db589a9a28233eced88,1024,1024,RGB,True,,1,validation,1024,1024,True,f250cee01529a609b2447ae9576bd34925c8a5cbd1f13f95c3f9c18cd1d4be2d,70e0c0c18b1f1e3d
78,78.jpg,.jpg,28215,41b35569a3cd536441a1a7a86bfcbb030f9ecc1f07cd7bebb94f55fb668e264b,1024,1024,RGB,True,,1,train,1024,1024,True,d1ac458d9cca6e1db6b48b7ff30df514dd140dd948359d1a4188bc3f85099faf,0010301010101010
79,79.jpg,.jpg,246030,e89e39b37b6149d6c018f0b8963b5ceb513d6cfc4d0bc58bff8862f1cf51efc6,1024,1024,RGB,True,,1,train,1024,1024,True,4fc29ec4a26882ecb1017f7e943df62d8caa9210d56855cb58416464ef367eac,8fced919589a1614
80,80.jpg,.jpg,202808,d9d1aae71b6672ad1ae24583fb23719cf55746517e13c5cebf9dd9ef399b5c35,1024,1024,RGB,True,,3,validation,1024,1024,True,7fa176ddc7793d86bb850476431f55cb670148f281f35f472fd80fc0d90e5303,bf9fdf6771f0f87e
81,81.jpg,.jpg,83692,8a53be32556a362c61806790f817e79bb97116cde009d17d403ee783671033d8,1024,1024,RGB,True,,3,test,1024,1024,True,6756a982d1bfc795eab9d9c24688531bc1143fed8f1c78d989c2c6d2afbae122,1f8fc7e3d1dcfe3e
82,82.jpg,.jpg,37750,738a178e8f2873606fa2bfcc66e6f07beeed88b876ff7b29fa9147615d7c090e,1024,1024,RGB,True,,1,train,1024,1024,True,4afe9cb73da72bf7bf03d9bbabaeeab191a628d6b5582417053e85689f4e83d6,2f2f0b37e70f0f1f
83,83.jpg,.jpg,40145,a7bab4633b18f120620d6a37388d5c2c3051caa5a35292de196446e959fc09f4,1024,1024,RGB,True,,2,train,1024,1024,True,b1587e5bfcae281954e09f01d11259b880b15197ab9e233a855d6d26f3e53047,ffffffffffffffff
84,84.jpg,.jpg,40339,ca3c270e59b042560566876eedbfc129bd679dc5640eaa5d3484a033e5087b34,1024,1024,RGB,True,,1,train,1024,1024,True,f5f37c224d4ff11a854d1fd2b9e3bd3542ac5116ffbd9cdc3a83259c8be36406,0707031919080c1f
85,85.jpg,.jpg,45351,a25a9f279a2f56039402010408d3a233ee0c0f02f06e13700baee234e2b6080a,1024,1024,RGB,True,,1,train,1024,1024,True,fe703588f033a26ed35dded361a8c35687157b8691f2dce01c8cede5f16f24b1,0003d3e934173630
86,86.jpg,.jpg,231065,4b1033bb1ea30818e73bf75954e192568d4a19a8680886156bfe8946b9c7ab22,1024,1024,RGB,True,,1,train,1024,1024,True,3bc3eb5e301e39cd42fc36f47c91ad15e9faff2cc829a983038bf1d684f924c7,0020000001232775
87,87.jpg,.jpg,97873,5d98b3a2f6de2a700d1f5ac195978550101cdbd2d8261bab8778af6326185de6,1024,1024,RGB,True,,1,validation,1024,1024,True,e17c500bfe67f33d77ec2583677f9f37f954c165a2e5fa0012d6150c1adcb74f,8fb899d8e6e1e1c0
88,88.jpg,.jpg,50643,77209c6be6cedeaa8dde8ce8e3b3dfe6383ff5f2d7059bc9b0d211731bb437ee,1024,1024,RGB,True,,1,test,1024,1024,True,82b9a82d23f3f48f11c797d4949a6c0e07c191ff63b6b324b1c0db2f159b8d67,0406060f04c4cc1e
89,89.jpg,.jpg,76396,bcd6fd5c8e6e5da78b6f5b0526c66db9b42feac80b95cbb2c20b52ab2cb6a1fe,1024,1024,RGB,True,,2,train,1024,1024,True,b84b231af1b0e4abd00608141dd68ec67024a1b16e3f93b7c66acb122b0d09dc,ef67e7f3e96c4141
90,90.jpg,.jpg,104887,382735c6d8314c8ea4066e52abe2b5615687abcc693a4ce4b6677c2fa77fe1c8,1024,1024,RGB,True,,3,train,1024,1024,True,3587da0404b49b6ebae4c05fd9b2a40d2b16105d4f995a88cd2e128404eaf2d9,5c5e1f5f3f3f1920
91,91.jpg,.jpg,34055,20abebc725084c47071c38f580f112b714e577937a281fd674f6da71b71d1bec,1024,1024,RGB,True,,1,train,1024,1024,True,08fb8f2b4881b9833bf8dddebac42d9fda3c122d2938816af3388a7ac3a52630,e7a7e3e3e3e3e3e3
92,92.jpg,.jpg,34697,90c4ae078b571b301b39c27679f961fbce84f74cb009c64f651a21fcd0d6dff1,1024,1024,RGB,True,,1,train,1024,1024,True,cacc3da1b1cf7b667af0b7e5b15b648f2e5e6e4dea8fe76d7a384aff075bcf77,30b03030383834b0
93,93.jpg,.jpg,40258,38c5ce8f77aa3ceecd6479f6ad671c5890cd7e3a82218101491a8bf16d0ee801,1024,1024,RGB,True,,1,test,1024,1024,True,7dd470872d69ee0216c907f903ef92295bd3a36f7dc3a6774c133eaad5609247,83e1d0e0723f1f0f
94,94.jpg,.jpg,91449,d389ed2413e8cf33da8bce022d27136ee0a9b681f19b3458913bd12b2497c12f,1024,1024,RGB,True,,2,train,1024,1024,True,df039ab47030b0c0fa3d2cefef163f52931d23135b24d21478ac6ba867451ecb,1f3f67772b232363
95,95.jpg,.jpg,56846,ff9eafd1b80c3759315b79c178f5238b446021a987b948dbdccb81f75e0b7158,1024,1024,RGB,True,,3,train,1024,1024,True,672a726bb00c014ad855775b5434c6316c2eb858c0bb2e1d72cf73c71a8059a7,2f0787c3e369e8f8
96,96.jpg,.jpg,35399,d21eb7b133d2cbe84d0d055b0217aab72becfa81fd088ed465e61b77ecc426bc,1024,1024,RGB,True,,2,validation,1024,1024,True,693c535272e3d6616d0c8cdc1ea39f4ac819de25edb20f6f0264da7b5b245496,3f000301090f0002
97,97.jpg,.jpg,40458,c2ccce5150f9ad83d1a353a51d17afc05dfa128d746d01bf90d3471ed789ed99,1024,1024,RGB,True,,1,train,1024,1024,True,1144f1005d29ac951ead940e7c9e7143098d6b2e34403699529eb878301598f9,37071713f0f3cb0b
98,98.jpg,.jpg,40460,c4a941506691ed8e211036bdd1cfa9c2d9cc85d8b4d47cd718a30f3d780e4ce0,1024,1024,RGB,True,,1,train,1024,1024,True,52652df64f4dbe4da194fd7310b3a4b192119c6935723e9dc5649632bbdb5673,078fff1f19100007
99,99.jpg,.jpg,108790,96e3be88150041069f94753f02a6294f030526febd056d866392fdc39da796a0,1024,1024,RGB,True,,1,validation,1024,1024,True,b0060d425ed69f8a58684e51e6d3fc6385d5e113badacec8df22c4d7d003edeb,bb9f77ffffff1f8f
100,100.jpg,.jpg,54290,1ca79058b7194215941abc691cd925eb4b009a799ff6953900a71754912be6db,1024,1024,RGB,True,,1,validation,1024,1024,True,717a24fbedb020b2b88085c625d7373584ed8cc99504033103eff87bf2e6af2a,0b1b19191d1d0d0f
101,101.jpg,.jpg,40468,1d505ddbecfb3ce7a041fd37a2c5cdb35d9f954caae0133690a0c87c6ff7be79,1024,1024,RGB,True,,1,train,1024,1024,True,ff9bcb2448280a93af7ecd60a0fc631d8bfbefcc3e3177cc496ba68535464ac1,f030f0f030000000
102,102.jpg,.jpg,46962,78ba890b2ce45e0e5298d34f3910fa2a3b670d8939c43ecb522ffc73ff744ea4,1024,1024,RGB,True,,1,train,1024,1024,True,089a3d7bf218e33003a2a48f5809dcb68f7fb456b52be01f1ff72c3ec322b5ad,0f0f0f3713131e3c
103,103.jpg,.jpg,39817,71a3c3fe603324f7dc4eed16cae9e587a55165173c2a34eed1fbca119f132c9a,1024,1024,RGB,True,,1,test,1024,1024,True,a9928b492fdbfdeb8ab0dc8fa5c2bd2e78c15453ce69bff981a75119b92de32b,1e78f0f8b103070f
104,104.jpg,.jpg,29304,ad9d93aa6a6e625996e2f3f79bc37347939b7341ad0d8c546aadc259662c0750,1024,1024,RGB,True,,1,train,1024,1024,True,d9a6a013803d34a51f56125250b2260f715d43976b215b042542119f1041b762,13337371f1333333
105,105.jpg,.jpg,39962,8c974b0936b6f2d48f469f77890f762afaf4fe9c3fadb1136559117980614d1e,1024,1024,RGB,True,,1,train,1024,1024,True,5532e88455b52cceb6db328e8fb728d29f894bbd8c52ce50e28bcd0fec5ede96,0f0f87c3f1783c1e
106,106.jpg,.jpg,45004,1ff35d6ac3dbdccd4b9d348a18ef58aeeca5decc22349bb3f23edf89bb8b102d,1024,1024,RGB,True,,7,train,1024,1024,True,7846834d86b771ec91c53ba25cd07fbd7406713b9d99f9764eee53015a747743,fcf8787878f88b8b
107,107.jpg,.jpg,75267,d00da8b41e228b0fbd654f95d05222e9858ab6da05950acedd75c05592b5a916,1024,1024,RGB,True,,2,train,1024,1024,True,7216ad1fd3c88cc58ffabd3fdc9167743b4d6407ed35fe6ffef13a6ab2e6e31b,215182f0d0dcd95f
108,108.jpg,.jpg,66068,0796cf2130ead12ec22b078adfba60781810abfaab9a083638db4eda897d8ee9,1024,1024,RGB,True,,3,validation,1024,1024,True,762a5e3e23318f32b50f21b7f4d536c097b2e9bfcee49130c1b1e2292b1be55f,747c7cfcdcd8494d
109,109.jpg,.jpg,138615,79e8b1b76bd87b705fff5d66f1441080091e33020b7edd9417686ca86a6b1326,1024,1024,RGB,True,,1,train,1024,1024,True,2e8fd8ba8e4eccb1e2fc86d3faa205b408c05904dd15071a9af2c09f1a980a4a,0f070707070f0f1f
110,110.jpg,.jpg,72304,c1e06e22bd5ad9822485901953f67eb3771d3ab7c93f1d8eed0cc2aa8f4ac856,1024,1024,RGB,True,,1,train,1024,1024,True,5b288b60415195b13ab3528f567f42354c42cd2b73681e44c305d7624e979888,ff97ffffffffffff
111,111.jpg,.jpg,42658,61380e22e62d233997c7aa36692b52476041c972063ef4bbd2ac6a4bfc444b98,1024,1024,RGB,True,,1,validation,1024,1024,True,32747db9881e9af2c91f1343ba89618ed76babc5a27c6e50f4565ed6baeeda52,1f17317131501819
112,112.jpg,.jpg,101556,5e002b7972ff197bd5e6e06cc900b2669796c79f8a66fb8373a185fb77044875,1024,1024,RGB,True,,2,test,1024,1024,True,c2ad35cfeaa0917da2d08e0ab8fe7910dc10e94fd6b0659ebea7403dbf3b3878,9090f0e16361391f
113,113.jpg,.jpg,55195,3f22db88431983f7ffb633a61b11e10c53b23eb4c26258f41abea1abf6463b80,1024,1024,RGB,True,,2,train,1024,1024,True,f5e8f751e2e6facac5f56b2e2a5a6d32238f40b257d2e0dae823fd6937fe2b66,f0e0e0e0f0e0e0e0
114,114.jpg,.jpg,97707,a3f1e6d8c3b6156f61a7e376b7afc871416997ef6b19ea5bbf76f7c77c114d14,1024,1024,RGB,True,,2,validation,1024,1024,True,5a1bddc5c631034843654b36084f7050f22d84714d380e91cacd2510ff4e1818,f8f8f9d9db5bdacb
115,115.jpg,.jpg,85934,65c67b4a2c1154b1f10f554596607a3723a0e685a38ffb155f9e658f7c3830fc,1024,1024,RGB,True,,2,train,1024,1024,True,1d82bfd5f3ade2621f9fa59695694d569ef6a5e2bb2f8c8cbec40f73c3281a3e,dbd3d3f3b3b3f3e3
116,116.jpg,.jpg,221726,2602355ad79fe4d53313538073e8c29247d906c9e868ff6606cdf4f6684f8e45,1024,1024,RGB,True,,3,train,1024,1024,True,91550d89eb44d24ccc0e8492f5e606259cdf1fb0b18b90f950b3ee41d2c12e22,383838181d1e5e1e
117,117.jpg,.jpg,126172,030e755022350316a084bf6ac22171b7af4e712e7283d065669dc418090a96bd,1024,1024,RGB,True,,1,validation,1024,1024,True,cfe8f53c8a53cefaa85926653ae04bab0b6dd93dd6c2999a0d91301db480e780,8383931030385cd9
118,118.jpg,.jpg,160407,e7e8b96b6cf08d2a92a62188b1784f126a8fb0650de35657929304a79729b1da,1024,1024,RGB,True,,1,train,1024,1024,True,ac46224b8188b89882ebd63fd44af6de7b12bc46fb6922385313e3687188633b,cf0f040404040404
119,119.jpg,.jpg,106360,e1ff0817e976bd6344f10a721aac39fa845bd140521ce025d778fab288563652,1024,1024,RGB,True,,1,train,1024,1024,True,abc2ad198fc7d715c066a7e9c9b0da1e7eb862ad1c8ef6bc63e177146acc75ea,2f0f0b090888c8c8
120,120.jpg,.jpg,46708,755f66288d8ae14658f556b6f26965cad9328ca2e81901c04987f5d4df67fe1e,1024,1024,RGB,True,,1,train,1024,1024,True,f2370e7b6a9fa4426537be08b10c1b32c040309f0651ff95aa44faaccab438f2,7a7afafa7a7a7818
121,121.jpg,.jpg,87456,00335f01ea58c32174b9937efc402c046530b26f2227cbdbe92ab23b1cd620a9,1024,1024,RGB,True,,1,train,1024,1024,True,53056e711aaf415d7791e27b720175701441fbf4aad1e313d1fa3ced29128b4a,261e050401010000
122,122.jpg,.jpg,128312,b759c84c4e1c8578cfd3e102901bdef813726e39601ce925b2400484d2649cb1,1024,1024,RGB,True,,2,train,1024,1024,True,d4a7c46d83edbf87f20ca8c0a2e1bf0bf1125ca9bde7f17ec53ba19be7c15c4c,3f1f079fbf3f0fdf
123,123.jpg,.jpg,53969,3c635fd971547687af7f0dd46c026f81eebe4e7efc89f9e5717c3b8f72fed5da,1024,1024,RGB,True,,3,validation,1024,1024,True,16ec91875a3dc52b02f9f89979ee9456e549418530a579b03d371d13ff454d12,70f0f0d6e6f67030
124,124.jpg,.jpg,86072,e4d879d0a86d49df79feaf25888b4dcfe63f9201663aa8081143f55c5db347b4,1024,1024,RGB,True,,1,train,1024,1024,True,bdd10086df7f2e435165b22fedbfe801827eca52cc3732f17b54ac2f1f33a5d8,0f0f4f4f4f4f4f0f
125,125.jpg,.jpg,61459,7a156f8839b50576e49dd6cacfe39d344896df4142ec244891278e3cdef34c3f,1024,1024,RGB,True,,2,train,1024,1024,True,46be52ca00c64a1fbe1deac08165fb0c65aeffe08419279bb343dc9df6151103,c771feff6f7f7e3a
126,126.jpg,.jpg,46764,07999ec21dd74b4e703e6ac1ced0e3bd5a2c4afdfbe6fea94795338d11fb3c8c,1024,1024,RGB,True,,4,train,1024,1024,True,718cb6fa5f74c6137ffda3630b426c224622978dcd60a6e3340fc360dd0bdbf5,1e78f8f9e98b0e1c
127,127.jpg,.jpg,125125,e68ce1a84ce72e989b39a91d6a9849af1dc74ac5b49b6afcf0b8d4b6088e08f1,1024,1024,RGB,True,,2,train,1024,1024,True,a5c0491ae815007f7d2d566d1e76bb19525a15a7cec6cdbe75b26cff66ce8c87,0000000001010001
128,128.jpg,.jpg,48354,dd1585d99365a70ac588f1427a24d1d73d509cc8df0c99b9e817ceaa2c1a7736,1024,1024,RGB,True,,1,validation,1024,1024,True,f768fd711152a0ac06bec368004813166ffb6e6ffac497715197a7a0c25225da,0808080808080000
129,129.jpg,.jpg,37881,90fa13b881c4e4aced3e239db24fdec31b7f616a1d61900900a7c3fbe4efbbc2,1024,1024,RGB,True,,1,train,1024,1024,True,679e731c83bf5d21165e14d35284e6a4b58ff72c6db9149c78b3afad13149985,73b0703020048282
130,130.jpg,.jpg,73076,b638a40db9eb3630b36aa49d9a4e29b1c5926591870e28a8f1eab18de76cd910,1024,1024,RGB,True,,2,train,1024,1024,True,decaaebe22f3e1c9b05a806630927116aa798af484266dd1e23ffe138079d0f6,f7e3a92d2e6f4f44
131,131.jpg,.jpg,31368,c42157ddfef6bf7fb1c49639f735cc337e75bcc82b718072f5383b22be6ba11f,1024,1024,RGB,True,,1,validation,1024,1024,True,517095e0cab1c173d75b50c048ebc92f9ffbefc009dae8211f85f672950fd724,f6f2f2f2f2f2e2e2
132,132.jpg,.jpg,152028,37591000040d0933110a60ac8415fdc6a96eeafd255b71c0ae2ed08a54d23415,1024,1024,RGB,True,,2,train,1024,1024,True,05ca142c42d3ae1911a7ff2f05c4500e38ba1611b5ef5b552e70eaaefc32462a,30f0fcfdcff8f0f0
133,133.jpg,.jpg,40331,2e3d2a62d6f69d24656edbeb6c930a1f7540b749f23c946caad4e40f2dd97ca9,1024,1024,RGB,True,,1,train,1024,1024,True,e66f38ca3ce18a30e2136a375c718db1af7a9020b89fbd66d7b25409ea2eeda2,f6b0f49310d0c0e1
134,134.jpg,.jpg,38488,3e1c664008fcdcfceb7f9f483855e192c7fa5296e11b42e78936e9aaf9247ee3,1024,1024,RGB,True,,1,train,1024,1024,True,3dc06bf6b3d7bc436ddc3603c70311578c13abe9a8c1aee30f1b18b1c113193c,0717737173e4e167
135,135.jpg,.jpg,74845,f86938685edc40290017a67fe3909c5b8a7d8b756a09c152aaf3811eaceda5f3,1024,1024,RGB,True,,3,validation,1024,1024,True,2f31a24fbdc67e99f11922184c7d7fb7368c42af02f1683c09d9b96ee23abe91,0f8fc7e3d1dcfe3e
136,136.jpg,.jpg,63640,21f18a1a901731c7ba0f3b7b2c5c7e59df8b2859f210be10397b06827e7db129,1024,1024,RGB,True,,1,train,1024,1024,True,03212ee96069526c46b28ebfb80483f9788ec7fe6dd53083456e918a828d41ef,4bcecf6f3fdbc72d
137,137.jpg,.jpg,66933,b37eef8407f82b758654ff8629ad0c50562574148720e9c77497cc9c4b5dd5f2,1024,1024,RGB,True,,1,train,1024,1024,True,a285f72557ae8b8f134b3a8051b75bcd5fceba09d3ca64deb03bd5a471420158,0606060f06c4cc1e
138,138.jpg,.jpg,53495,6b3377dbe8f542477992dff3e446e7129e98a7ffc7169577f2ae24b2af2e7c51,1024,1024,RGB,True,,1,train,1024,1024,True,54be0c2ed4a33214a7f66a3063727ee4b859846986effce2f448ccca6cf531e1,07050721170f3773
139,139.jpg,.jpg,220904,d48217b6dd85bdc5075dad31b9c9b4de1e7781d885e104dd62df2d73c9f1e140,1024,1024,RGB,True,,3,train,1024,1024,True,6b0f4680c6871bdb92dfb33fa7c1c1c2114715f3e49670c225cb460b16f45820,bf9fdf6771b0b8fe
140,140.jpg,.jpg,131079,569b7b6448c6656b610e9c49d03f1371606b4be4cc99707c501f0a57ab7d58c5,1024,1024,RGB,True,,2,train,1024,1024,True,a107d8fec29beadee07d23be1f4bbed1ccdb7d81d10eb029e44611e9420971ec,7c3d1c1e0f03c1f0
141,141.jpg,.jpg,39373,6cd981d735ba90b8e259c1f1a77cb3a9d267747b1b9ca63102462ab13b391eb0,1024,1024,RGB,True,,1,test,1024,1024,True,1b0a4ff0bb333860cb61c5c3fa053029c03b63ecdf78f253a5cc94f3b4bdb48b,83e1d0e0723f1f0f
142,142.jpg,.jpg,428193,082ccd44015dee68883dddb8c5e6853155b443cb5ddbf5cbcd9a22242c40b9d1,1024,1024,RGB,True,,1,test,1024,1024,True,37f5db35cdb3cf22c19f04fb4250b1e173d670a947b942070495d2d72c22fa3e,070f0fc48c898922
143,143.jpg,.jpg,44979,24adf44c1878b21233f74d4f874aee62561cf0436c0418180653bfed09de29ab,1024,1024,RGB,True,,1,validation,1024,1024,True,599b6c52692544d12d0728e708d21af2d1ce28d005b46b01d6192afd1b9bb946,1f17130b191c0b1b
144,144.jpg,.jpg,26651,11b4df33ce9231c6c77cacd169ea1348cf212d647b1e0c1cd4cc2d57c4413d9f,1024,1024,RGB,True,,4,train,1024,1024,True,89ad53b84dd7fb77f8c5e7e22ab5edba12e5ee4ad540a5e9b82598a4a370937c,0000000000000000
145,145.jpg,.jpg,31098,021d5cffdd15d27fbc31fdcc7901f63f496d91f8e209e6a032101532968494c9,1024,1024,RGB,True,,1,train,1024,1024,True,0560464119ef8078c44ef9eb825c2fe39882cf2132c7d6d8f94e68faccfb3ba2,0101030f1e78f0c0
146,146.jpg,.jpg,48687,f1940ba411199b864416e5a6561c94dce1b5e738d2238f1ac73beb82295a7dce,1024,1024,RGB,True,,1,test,1024,1024,True,79f34516503f6ad50a04fd0d90b42902ae94aaf90db70e0472200083936b3cdf,0303272767402030
147,147.jpg,.jpg,53920,2f9d4e149c9bb14c295b2441e148d1bfcd871808bc543c6fdb568ae3463afe1a,1024,1024,RGB,True,,1,train,1024,1024,True,24732349f849b05a64ec25c98ac8060ea055590662dd886aa3e7bf0d878d3f66,6161e36361e3a120
148,148.jpg,.jpg,37776,138497904d2ba295f066c200af2a6330d5551db2a553111c9b6d8769cc73a811,1024,1024,RGB,True,,2,train,1024,1024,True,89c83461d6b727085d36da5bd9c7f7fa6d7926add41e06bb841c890fbf306d90,31f1f1f1f1f1f1f2
149,149.jpg,.jpg,65009,c246a3aaacfde1562e5b32c88fd77f73a8737bc9e158cc80d7efe1c508704a37,1024,1024,RGB,True,,1,train,1024,1024,True,183847e7de992722aa9a9931c35fa96eba51ce783b5f856e12e223dd8b25d859,0000000000808080
150,150.jpg,.jpg,64717,cc1281292d788bd39985eb378e9e64ae881316f0cef07feff7f15330db91890a,1024,1024,RGB,True,,2,train,1024,1024,True,0245757d5e8e1f64522250c9c209534d1e54503a0709fc86e66d2fb6727ad55e,3f000300090f0002
151,151.jpg,.jpg,29205,2c5424381346d24799f1de7842b1a1b0626aa1aa936a1b9243a40d431d430171,1024,1024,RGB,True,,1,train,1024,1024,True,5b00cebcd38517d7972c5c3ef287e1c3ead44dba16c277bc36567d025ba6ca2b,0000000000001010
152,152.jpg,.jpg,66033,1f89ade802cf2d647481e146136981d19f0f6668a9a4f43b1da956720445f015,1024,1024,RGB,True,,2,train,1024,1024,True,ae91cb6ab17fc227f07c70f2667d74ae07c452453204f2383b709bc91e10fe7d,000019112b3b3b39
153,153.jpg,.jpg,194416,d75ae5258cf6eb97a3b1184a7bba75917ba5ffb708b9fd44b7b46f0b893e1eab,1024,1024,RGB,True,,1,train,1024,1024,True,c6a488ae839c811993799959c435f3609b892d72c524c4cbdec5de2c907ba1ce,1b0b19387c3ca42e
154,154.jpg,.jpg,93640,d0804461562feedefbdd2995d35ac301d846b034421e4f1ad454dde611e5a964,1024,1024,RGB,True,,2,train,1024,1024,True,6170b5e4e5710054532b014ea04f092d39de3cdf5f23fb7e6f3454904e564f40,67d313130b080c04
155,155.jpg,.jpg,76233,0895c2d2474458a6e002bd7dcb3d4202e5c821d65ed4d8d370fc6d7a06689500,1024,1024,RGB,True,,5,train,1024,1024,True,cf4e6ae7dc1209f257c9051f51deba2f6a597f92f170a972d8f3aa4e61c2ec1e,0107607070604103
156,156.jpg,.jpg,62712,e7562d89735f991810654f47a43eec8a05e1c4c9e4e3708e882963bc7fb2b29a,1024,1024,RGB,True,,1,test,1024,1024,True,93a0135f11cadc16df09714fda58070f835f3e291ee678d8284639712ea0ad2a,fcf4e2c2c1c38f3f
157,157.jpg,.jpg,48322,e75d2ce53db72043de719239dccbe5d7c88d2d7f1d810c2af7f0bb1aec2164e0,1024,1024,RGB,True,,1,train,1024,1024,True,70e79f57d847539517b194b09132baf1683572900f9df88e72c1aa1a92ec7dc1,ffffffe747373938
158,158.jpg,.jpg,65770,4069d10ab2a992922156152ea209a11ff9bd95ddf5b108df492123aafedef52a,1024,1024,RGB,True,,2,train,1024,1024,True,145c6a7fea6ff310553084e54158f35c209dc33dc9a9ef1a56f3981025ba6f97,c2c6470705030706
159,159.jpg,.jpg,36687,ffe6823c203249fe651476a2ec2666c9a263c368793a62b33ef757a1026898e4,1024,1024,RGB,True,,1,train,1024,1024,True,128a271f06c2de9034118a905d595cd6ccde1b0666f52e14ca5220ead5b16885,9f1a31f3f2d497b6
160,160.jpg,.jpg,68988,d9c79d5eeb0a3cdb932e7d00aae077f1a9aaf3aa70fac3af7081a5fee3d3d9a1,1024,1024,RGB,True,,1,train,1024,1024,True,c816a8102a10d2007af861a9bb1ab9683f45f3dcdf883aaadcca1ff00beefe7c,39393939d91191e1
161,161.jpg,.jpg,67002,b214a5bc1c974f921478386ec25ca1ac7176743427ab1bb8bbaebf110406eb67,1024,1024,RGB,True,,1,test,1024,1024,True,66ee9ebee17ec691cbc9e60e8775dddd82c6a7e2d66012466d0cfa43867034a7,763737171f1f8fc6
162,162.jpg,.jpg,60848,a24a2a4b29087528f422262f6da3b27fad72fbf20d012568f85828e7923274b3,1024,1024,RGB,True,,2,train,1024,1024,True,bd73f8362363e94077a0b08404248a80d230866cc27cdd073af8688d869169e0,ce68e8e7e6e4e364
163,163.jpg,.jpg,53765,7f63414ac85ff9a12b6f411236e2b500e1bea8422b8d8a6008e8f2dc7992a3cf,1024,1024,RGB,True,,1,test,1024,1024,True,c8d91309283c4ab29d6a3fc0824417e1d56b2d37e823cee07fb3bbfbc91a1f0f,83828282c0c18706
164,164.jpg,.jpg,37923,1dd6e9e97944e7d6d644285f3690163621bd9c4bc8f286d7c908ea167fa0fab5,1024,1024,RGB,True,,1,train,1024,1024,True,8492747c863236d202b66018c81be209865cd1c84411588c3b857454eebb679b,03171736f030282c
165,165.jpg,.jpg,49102,f223e48f0afeb23258cd6f12df6b14f20476a3b43dd3489bec368cc7b50052f4,1024,1024,RGB,True,,2,validation,1024,1024,True,80ce02d62fb89428207d883582230c7598e2044c0bef16f92bd84d1254a267d8,31190c0e87830949
166,166.jpg,.jpg,32424,1141e1cefdae6d26d265fb927ceb6de6b359b75b4b3d38252a780452ebee9c12,1024,1024,RGB,True,,1,test,1024,1024,True,c9052f5fb813f47c86a0cda9ebbb8c8af5d27f8daefd0121baef9ef2ea3db6e1,0f6ff72707000c07
167,167.jpg,.jpg,48446,e12fbe908638a0fffae0e640170900d8e6fa757a5258f25cffe610117521cc10,1024,1024,RGB,True,,2,test,1024,1024,True,355730f38d0b3987ac921a5af8fd7998beee6c67fa897dd76577cf0e0f6be9f3,4eccbc1911111010
168,168.jpg,.jpg,31894,145374c329e412adc22638298e2261e9c180f5a7c80c6f288d18d5dd3cb9c9a9,1024,1024,RGB,True,,1,train,1024,1024,True,ec8e192a3a4e0f1dedd6c9bdd08cea810283c0b6ca4b286cba9166323e6cb3fa,10101030f0302020
169,169.jpg,.jpg,141818,7bbff05ddaa089d71c54a471dbb0b6ec0094fbcf0e67a96a752154c9d61934fc,1024,1024,RGB,True,,2,validation,1024,1024,True,a1b464fd01d79ff31ec45121aee90a71dbb5360809a0eddecd15f111c47783bb,3c1c8eeeefffee8d
170,170.jpg,.jpg,111126,2a0739ee1a2e65d79d5e5df95192e281c9bb088b2fd21fcaf984935e19298211,1024,1024,RGB,True,,3,train,1024,1024,True,98514722eafc408502939db811b90686f8f9e8219fed8dfe9ccea74360ab1fb2,f47e7f1f3dfffee7
171,171.jpg,.jpg,26422,803ccf12b54d94b330c21866c1aa4ce070775f7535d192ad22c25e3dcb82c40d,1024,1024,RGB,True,,2,train,1024,1024,True,4e672d12ffbe2328ce00f465176bd2bff1f4dfe701f5771ad79ee50800d63df5,0002020000000004
172,172.jpg,.jpg,72309,66c3b554e095654750280ea0cccc44bb00d2b721bfb81eb13d36553d37ae52dc,1024,1024,RGB,True,,2,train,1024,1024,True,81778bcda603b166067eb4c1a2749ff3029031fc8781f07ca66904a79ee6c063,8f0f63f3fcffbf3d
173,173.jpg,.jpg,153682,3e6abea7c4f5a876256e10db153a3d217d61c4f1d818fcfea38b0c17e9234b95,1024,1024,RGB,True,,1,train,1024,1024,True,9f7d72c748aa22c449fb5acd096d6ece8f7585d19a5f19bd49a3ec1af86846f1,60c0010180c0e0f8
174,174.jpg,.jpg,45630,f8571df93e14184ea4adbc57b28eb3d278ff59a056da3a8ced7b60704de83d2a,1024,1024,RGB,True,,1,train,1024,1024,True,315e9bf186af277e293d017a0261bb6ddcffa5fe3ecbeb384b8d029e107a9568,1f17130b091c0b1b
175,175.jpg,.jpg,97831,4b4502b0cb56161d0e57c5e3225d3666ceb07ef0625223a220e27d7c4efe9ac4,1024,1024,RGB,True,,3,test,1024,1024,True,7887581d11522d4aefcd6f34135f2c069febd4fee61e6f5df52a555c1f432278,0f8fc7e3d1dcfe3e
176,176.jpg,.jpg,70226,fc13b70481916c14d5b8daab267753147fc8b47b6d3afad87114e72f8ea59702,1024,1024,RGB,True,,2,train,1024,1024,True,088883f955332d4bc6b6ee3515db05415e406c4fb8a329ed18a60d4073aa2592,207020a022f4d95f
177,177.jpg,.jpg,76293,3e2fa50082fdac3b1cbb9466d84e73653b607e70e6b33dd069e4a4f445c27094,1024,1024,RGB,True,,1,train,1024,1024,True,97bf060b2e01ddaf272df6817a0d6f57f47df2ecfea29208bca2b46c96911361,010e068ec8c8c2e2
178,178.jpg,.jpg,56118,32f88e640da657f9173af5f8abd7b50fffa8abf3aa95a5158a7d3f1899d2d798,1024,1024,RGB,True,,3,test,1024,1024,True,7b15ef6f52eb52d5876f3a6df8fbb6499b2000f7b739cc40167f2b9c8c221ae0,707070707070f032
179,179.jpg,.jpg,37373,7feb57341b2c28e551dce27c3f60a7597b502fa3de58edd4fc9e3b8cad2ff355,1024,1024,RGB,True,,1,train,1024,1024,True,965be84636e800a0f002a1e82295f72ed558ebcb1ecf75d9aad7fc51468e1dfa,06a7333090d01612
180,180.jpg,.jpg,219897,cbf616bf3b857143a0091f09deab06895c1f8d37c86c7fbd3d2de2c9846fa065,1024,1024,RGB,True,,1,train,1024,1024,True,d82075ad7bd73e83a6289f86f2db655f83931d31952e804a22dcb95fcc8d608c,f7ffff7f7f7ff7ff
181,181.jpg,.jpg,95335,fe5dc643bc60b00113eedc4f8ef90a97d96eaece0efc783a2bdb809ca7da944a,1024,1024,RGB,True,,1,train,1024,1024,True,94a1b325358af7ccbbbef7843405c32af860fe666653f4bfdfd1392b8fbc6aff,0203010002024040
182,182.jpg,.jpg,46519,82ac1dea0d6fcdeec4c3fba647a988e2015ce653c581354e85ba5d9b33385b9d,1024,1024,RGB,True,,1,validation,1024,1024,True,2543728b06096e00d20e84ad1feb66808a09043a4391073c6f20f73aae2c7cf8,f7f7f1e7d7d6b3b1
183,183.jpg,.jpg,81609,fa2d2c4fc5771c28873a7daa55b0ff924ab8865c544bccdd02ff949008d8aebc,1024,1024,RGB,True,,2,train,1024,1024,True,eb6e4fa63b499ea900057536dcb20a4b29e9d9511e2739ae3f2b72fd3fefbe8b,10383830103b69c0
184,184.jpg,.jpg,40372,afdda161f64bafa82d229c8f143199f5da0831a28feacef295c8abf824bfc6a6,1024,1024,RGB,True,,2,train,1024,1024,True,8d5697981e5f8e392d5a1e7c2cbfd5a596d3f9a99d3a7dbef23c6ed19a95276e,0b1f3c1b0e193f0f
185,185.jpg,.jpg,95521,d0580feba55764f06b7045ce15f6c9c3ad454344404cc221af2fa2e9a44cd6eb,1024,1024,RGB,True,,2,train,1024,1024,True,bd3d3cc0ec096324240b52e91da1df560d167fd0d0cb9a17f75ba0cfb50099e9,0703000100080331
186,186.jpg,.jpg,200113,dcbd7eb7f4a2ae7b898a818ff4c3edadbe07b651d2cc4146032d95579bdd2fd1,1024,1024,RGB,True,,1,train,1024,1024,True,4f539fd1a60bd253ab4c6263ea11f5bcd63e6b6b32765a0fbbc8917af4d12651,f4f0e0c0c3c3e3ff
187,187.jpg,.jpg,63022,533c793ddb57f42e32eb68e0e0eb1f199056ac3932115eddc095f4b817def82e,1024,1024,RGB,True,,2,validation,1024,1024,True,2ef753174e59efc39d4cf45334ab3c18ab46211b44d58a1cab16e91e8dcba5fd,3998180c040e1a13
188,188.jpg,.jpg,48940,38c4c65ea8791c4ab75b0b25a19c6681ba8d751a7a7aee60fbf55915035dcff5,1024,1024,RGB,True,,2,train,1024,1024,True,9ffc986478893d6c9218e20a1ea585c6a8f0ed6aadb2e2f63fcc087c6c5eeac3,ffff67772b232363
189,189.jpg,.jpg,58195,371383c661d2d2685ae3fe03f3daf6d97b611d0733fb695fe05d11a75e19d515,1024,1024,RGB,True,,1,test,1024,1024,True,6cd98b60ba8cf8d4cf3e08f41fb91083bddf4d7e99873006e8b08431c1d34b07,8f0f63f3fcffbf3d
190,190.jpg,.jpg,37487,436cd4cce87fb6f5938a76a428e7fe24cc71094f8edf46daa0ccc87d66617820,1024,1024,RGB,True,,1,train,1024,1024,True,3deed9b844ca401abbad9c5beffd95ecae008662f31c90f01ef17ada42f4181a,606060e0f8dcf8e0
191,191.jpg,.jpg,91999,e1d98e9f28ae9686ba08ef450713e01ce55295e4b22d82ccde998f628dbd2655,1024,1024,RGB,True,,1,test,1024,1024,True,d10995ba8dd2fce3e3e6a373ab79101ab31f9272f0046fcb28cee9307ae4440d,0b1b19191d1d0d0f
192,192.jpg,.jpg,131840,406f9bdac953558e034491fdf36d643b598e86aa3643117e825be7eb546e95b2,1024,1024,RGB,True,,3,train,1024,1024,True,665f70ce3fe98314bfbc1382e96765abeff62f2c67e1fd8b8a3fd100c91f0b98,0050d0f0fe59c1c5
193,193.jpg,.jpg,71954,5bf69d47319ee10f0301049bce97f32c3863098fe11141bb2ca4f57fba847c34,1024,1024,RGB,True,,1,train,1024,1024,True,8cbe93709e4326ecd2093c1e52a96ad449fb36d104a40a7b3c55667710b48251,f8f0e1e79cb1e386
194,194.jpg,.jpg,56905,5e56ef26abb31da0a8b8a135d86e496c766759b21a10fe9f8e159e98b3a175c5,1024,1024,RGB,True,,2,validation,1024,1024,True,331a1d7b79c95eee3760caf3cb196d58f39c2504bc0b9b1f32426c93df87580e,2c4d3e72666c78f9
195,195.jpg,.jpg,37903,80b0b243493b6ffda0fd6535efc2c92b3fb01e7446843d1628a40fd8034f408d,1024,1024,RGB,True,,1,train,1024,1024,True,fd660008bdb3e4574d5b59bc7ed843ecb9908e55f94f5ed4edd883233b4e9306,0787f76703000a07
196,196.jpg,.jpg,70575,002cc9d69a2b33e55c41a7515329ac7f34496c8960f58a16fbdbe4ee6c5517a6,1024,1024,RGB,True,,2,test,1024,1024,True,ebd73e6f59b8a8aecad97ad614c0aa993f0f5af4725fd79bc6f61080546d666c,07073c70c3070707
197,197.jpg,.jpg,47333,a35c26d8778bc44f5ddf67f8e583aa1dc131cfa75b6b6de93e329096359d3b39,1024,1024,RGB,True,,1,train,1024,1024,True,446af3f7ee4d32737047795578782494cf35950662d204054860c6146a93ac2a,80e0d0e0723f1f0f
198,198.jpg,.jpg,92567,f3e57c4c42a3c020f63a69cc5a6980a2003733dd0d3d62578f1fc57afc58e52e,1024,1024,RGB,True,,2,test,1024,1024,True,c0a752d902a72c96561fac69de6df2031bd1d920018cb732d183016b85f65ee0,06060e0c3efefe7c
199,199.jpg,.jpg,51633,38ec4deff652ed17b42a77d1556809e74ae4baa4bd46b263d6d163d9a97097f9,1024,1024,RGB,True,,1,train,1024,1024,True,3c99583e331d66408af2eae23de41f17f262ec4ceb8bfe55316dd43df0a15c0b,3616961518701010
200,200.jpg,.jpg,46028,3846acf35264eb24bc16e7db2b371db3de9753caf49d3e5b0c4170ed37e03454,1024,1024,RGB,True,,2,train,1024,1024,True,4eaf000ac39696fa1bd36822d1bd2716fb44ac449b25d9e0133994fc663690fb,030307070f1f3f3f
201,201.jpg,.jpg,81957,638c9d1bce5a701296d9d632989603e749f437f088cc056922761872ffa3e692,1024,1024,RGB,True,,2,train,1024,1024,True,a89924ce7b7a0f977e92bfa76420edc417346d165fe9aac43c887c3c9c892504,215182e0f0d8d85b
202,202.jpg,.jpg,60401,472f616ed9271b659ebabc64626033592e3a5f04b0256f4bbb971a21732d299e,1024,1024,RGB,True,,2,train,1024,1024,True,8c6379b9ae68600816fcdacbaa9c840f49267fabbcaf80df83884247b99d16c8,3f000000090f0000
203,203.jpg,.jpg,54364,4f5362bf11e7ef2a692a67406bcb745404bcf750e0b9ec9467a48533e874e30d,1024,1024,RGB,True,,2,validation,1024,1024,True,181d5913633f60654420400f162cc20386d15b83a6a1ac25b7b0f96f3c48d08d,e3e6eece9c8e2626
204,204.jpg,.jpg,114112,3bb8c0de5cd2675569ae9c1f3e65e64c5eeee637dc0904a4fb197aeefea3ea3d,1024,1024,RGB,True,,1,train,1024,1024,True,12fbb538b99b6ee0260fdb6c77eebbf705f3f4e70c7a68f954a8c565573a0420,e1e783838f0f1b1b
205,205.jpg,.jpg,137446,8abf8196ff3c3b8eae1698c2d9ffd960fc03d9c6e401ab94b11068634f89df7e,1024,1024,RGB,True,,3,validation,1024,1024,True,ee9474b35bb7743b40863ac73878a365528adea2c0cd09c41b30ea230746e2d9,1c1d191f07070f3d
206,206.jpg,.jpg,56747,a70498ff697c65c4af7678fca5c99390c33f85ffe028988f9cc1af1eb3f475d2,1024,1024,RGB,True,,1,train,1024,1024,True,12a880edf7a9770ae437c6fe2cc1acffecb99ae6aa1f2fa6cbf7fce748575a6a,000000081d1323e3
207,207.jpg,.jpg,82796,625abbbc7278cc809d2b857a1de71241bc26d1823f9929f2ef2ee8755253fc64,1024,1024,RGB,True,,2,train,1024,1024,True,3b531b9318a13a0327a2bedcfd888dc3e6681c6c74872597dac38f3c995b0b54,7efdfffffff3f6f8
208,208.jpg,.jpg,25459,ceaf43d91884f78f654ac63b9db3da9448bd650c9c7e67bdb922ae97512e74c4,1024,1024,RGB,True,,1,train,1024,1024,True,b3a2ec7c88b3cd85c130c305b80e0a72ce622d30d0e09f9958c80ef598d1af9b,1c1c1c1c1b1e1818
209,209.jpg,.jpg,117647,6ec474936d10bfb59042660a7cf3c2d6ba3e1cb76846481b054ceefcd37fb418,1024,1024,RGB,True,,1,test,1024,1024,True,6a99ca4dc867b5e94c928ab47e62e18a798f14ceff6e376981d7a115dbd8e7b0,1c2ecf0c1c0e1f0f
210,210.jpg,.jpg,46639,6e183d9f77d73ddef26b74f2ed094b3561d54718f3f86738e7af97fc484fc450,1024,1024,RGB,True,,2,train,1024,1024,True,c75fa7194ae09081b311b68d5b09d335b21c2a5e79169dc969672afed0048f1e,3f000701090f0200
211,211.jpg,.jpg,69327,cffb91046084999dcb2eb44f4bbd0d58b8d887eebd2e12da2a52982137ed76c2,1024,1024,RGB,True,,2,train,1024,1024,True,ec53bc44ff67451d6f22246343427f4e5c798bbeb3fee63b80e960ff1d497bb4,0000000c09030303
212,212.jpg,.jpg,34979,d9a1d1bff8c0437e61c84add1c0ae0afd7bb6862d1f8f5ec66cb91b49a7bfb49,1024,1024,RGB,True,,1,train,1024,1024,True,adff08b5df84341673f243b04ea78f94c0cbece4f8d809f538e58be3cb610d6c,1313313070323333
213,213.jpg,.jpg,78053,140bd876e166b5ea501472fa9c2834078bad31948ce5079e88d4d7588b6fa0b9,1024,1024,RGB,True,,1,train,1024,1024,True,6239d777245a1d0d115acd320a143b74261720d124c17e7724d341e1f38fc783,ff7f7f7f2f676723
214,214.jpg,.jpg,83108,e4e9a1f8b47a0e93a0ae97dfc6049fb925ff2d61847c09cb2a05abb193f1fa2d,1024,1024,RGB,True,,1,test,1024,1024,True,6af010776312b9e8aa9308e18bfa86148c1fc1456e6dbd14af204c1ecdc00ae5,1f070b1cfac46c01
215,215.jpg,.jpg,36563,faf7001aa9dcaf6f2120665ed408441557114a6291c70fe46fdc086c352eb53d,1024,1024,RGB,True,,1,train,1024,1024,True,f91c47c12b12151b7595ba498c416e8e926c3903cf2e3dacf976a5d055fe13f4,0203ff7f020c0c00
216,216.jpg,.jpg,79581,a1a43e68dc6b88d63cc0ba0af70bb2050a149af2aa4274a31ad5801216ae60bb,1024,1024,RGB,True,,1,test,1024,1024,True,cc173755352b5b044f33e3ca1f0f68350a9c054ff3ce1aa0115111da5fc6777e,00d3fb3437307052
217,217.jpg,.jpg,52945,e637f9025a4b8fb793887b3b2aed99def71f91c8981428da09c6a6a6f95251bd,1024,1024,RGB,True,,1,test,1024,1024,True,66357341404c9e4a3e293c7450637ea287b14a0e3fb95439cebcef5aa95c6b49,f0f8f0d0c2022030
218,218.jpg,.jpg,84567,725a980b9ae37bdc1f644689199c40e0cd95d04bf071363ac2ea4511af3a131e,1024,1024,RGB,True,,2,train,1024,1024,True,127c6084a9e8bea4504ad53b42345d5954c72a04f3faea7540d6e80c247524ff,8f0f130317f3c3cf
219,219.jpg,.jpg,68667,ce73dbe782dd5017419fd887568fe6815296090d3ca729c08119c0d325742fab,1024,1024,RGB,True,,3,validation,1024,1024,True,5e48a125ad6f922cf0b97d1b493f3bb6df004e126223057df0ace64e3e187087,0119376c5c191319
220,220.jpg,.jpg,36927,ab0adc18178b570ab454d56f2f354fd5fc86dbadc4af45eaa2c180a7b88606c3,1024,1024,RGB,True,,2,train,1024,1024,True,e0b9b1f7a65e93f291366a8c75fd72cf6db8dbf5a4d1d7d20cc598ffc46de6d6,a0c0e0c0d0e06667
221,221.jpg,.jpg,53013,31c2d359339f82f9205a3ee10783bccfce673e26f06b2e9419df1fe1b1e903fe,1024,1024,RGB,True,,2,train,1024,1024,True,8389ad16c7147482417c8c10b184cbe496119292bb99726441dc2aafbe54784a,f8f8f0f30f3be090
222,222.jpg,.jpg,52547,4b3d5da6e4099ad618f06cbdc711d29bc75af5384c258c2a8433de32f373bd2d,1024,1024,RGB,True,,2,train,1024,1024,True,13515cde4ac4897d3dbe4c08ee226dc82dd1e3c2ffccc4faf4feb1411ac561b1,1030101133335b7f
223,223.jpg,.jpg,48744,79a8f2c1f0cfb30c43afb072ba138110deb057768bac7e5223763fdcc8ae68c6,1024,1024,RGB,True,,1,train,1024,1024,True,27c8f677a2f0204a2964e6e8b90b1d806220bc8ff508235d7f369531e8cde3f4,0f0f0b13333783c3
224,224.jpg,.jpg,53104,90d0eff9b3f038bd2d9a536fa93314d68995bf1d97d7d44b7cc3cdc509cd44d6,1024,1024,RGB,True,,1,test,1024,1024,True,437a0f192586ea11ed3bed306994a2f66b86cb4e3d2fce86ee3d3df8a80f664b,3b1a1c0c0e060404
225,225.jpg,.jpg,39604,0c108307e1d72ce27700745e6fde8889f5f3eacb2beb3812625fb3ff1d57533a,1024,1024,RGB,True,,1,validation,1024,1024,True,77054414604bbb80467dd8c9c0602b507bca64497697ae5f7074298cd53451fb,a1e1b13351941633
226,226.jpg,.jpg,61258,0049a27c4cb76e5c5c786d7679378e62234b065f8207ff01cc3a0a5434b29098,1024,1024,RGB,True,,1,train,1024,1024,True,c94efe12a3b471349f609b437ff0604e917bb6cd4c63c61879c77d2127531d86,331303ab0e0d0707
227,227.jpg,.jpg,74834,324156baacbe05183a7f2e50939d152165506fb9e3f256200632c3a1ebec0aa0,1024,1024,RGB,True,,1,train,1024,1024,True,cac1916737f3271dab7dad7e665e6b4e1361ca0d9dcc591194481215ce6109a5,cfccc5c7e7e7e6e6
228,228.jpg,.jpg,127795,2dc8445830cd11cd603875ad760f72d9b3e6f662370042ab87d6e235fdc6f91b,1024,1024,RGB,True,,2,test,1024,1024,True,e306a1eded1b2aa2f338885479860c35e0530a131d1cb924544499833c4f1dde,070e0d0303000000
229,229.jpg,.jpg,43261,281541efbfa2bea6f75da001e3095b98aefa42025c11c507956e04e6af55e4f4,1024,1024,RGB,True,,1,train,1024,1024,True,6c9d8682dced181c45cef3cf7a7a0bbf0cdaf77a60e2cc390f3e8721bc190f5d,343474f031381858
230,230.jpg,.jpg,62484,6913b184a60e02b3b781fb542020b01e3c51d659ec5fad47d4c55289f4956c42,1024,1024,RGB,True,,2,validation,1024,1024,True,b52e59a30b21333d6d3abf15cb36db1ad43bb3a6bb3d255d76fef2aa266e560c,27070fc9e969e8f8
231,231.jpg,.jpg,38254,3183d50380dc6cba33ae12ba401bbf1b649f5475a215044c4ae98f3fc5fb59e2,1024,1024,RGB,True,,1,train,1024,1024,True,641cfc0869599e1c3099391c24ed45f139d335006c6344c99e62bd882de4bccd,2031103018183d28
232,232.jpg,.jpg,158617,1b1ddbbd7d0bc02c4d69a54b7a56f1c8284664c83dbec00d70b68d3314b9d642,1024,1024,RGB,True,,1,train,1024,1024,True,8a995cb9fc290aa7716d6b99b091cb49948ef1ab1786a2cdf2530d27f3471349,b8bcbcbcb838fde9
233,233.jpg,.jpg,80087,4ac3b236a7444cb533d2ae2866fb5c1ec3e0361c1d910e5de9111f16791da5fa,1024,1024,RGB,True,,2,test,1024,1024,True,dc813174042515c380bd9dc7c21c379c8c894951a24cd912b7e7acb823e145c3,fff7f77b2d2f2360
234,234.jpg,.jpg,186388,f7c330c3ec276080a9332be81d81d63615b7f824ecffdd30f62e98ffc8d9a0ef,1024,1024,RGB,True,,5,test,1024,1024,True,61b37d9ce38d640ce4b5b05f0ae8633de7c57e8315ae728355d332c04c5464b8,0303113523031319
235,235.jpg,.jpg,66435,41e382a41bf9d2c4d60c025e286d6c0aa829d5b1f3224278c4523e166e4fe9a8,1024,1024,RGB,True,,1,validation,1024,1024,True,ba429fed01c3bd9a26b99464f08ccd20c8445f4e35bd6740824cde7e51f8398e,1f93e7f37c7e7ffb
236,236.jpg,.jpg,131484,1d50d0d72b668821e86d99469903192ceba8945951c8ccbf6416237e1c74e9c0,1024,1024,RGB,True,,2,train,1024,1024,True,5629e643157fe977a6737122cb44236830c7ec3637318d0857a2b66fb235b19b,f33b1f0f87060c1c
237,237.jpg,.jpg,316564,5e9aeccc64f8446c8b21106745aeeebce4dd0c53ceb2edef6e6ef59b6a0b69ad,1024,1024,RGB,True,,2,train,1024,1024,True,9011a1d74df28d233631ab6f980c682bdea9f02685bbaaec32b864e789ce6e80,03c786e6b387879f
238,238.jpg,.jpg,42309,0e9e460b431532c1fb8bea6cda886972c2f28c70f37469cf2ce61bd1b7d48f53,1024,1024,RGB,True,,2,test,1024,1024,True,6d1517491ea248c954eb599fdf2fcecac885d0de6704c251000504f157e61fce,3818080c060e1a1b
239,239.jpg,.jpg,49092,1a3071856fae9ff775feb6f4a22f3072a897bc88b96c27e558418a0f91001239,1024,1024,RGB,True,,2,train,1024,1024,True,a389a0baefd5249accc53538c8c4ec81dd035ade8388103009bdead1ad29b30b,07070d0f07000303
240,240.jpg,.jpg,103918,142963aae0d5da53d9204474e8fbc6c59de40e529c694916904581375e134f77,1024,1024,RGB,True,,4,train,1024,1024,True,ebccd2b595d5ae7dd2bda8efac62b7ad0da9376ad9b6e9dbf2a857facb324340,0f3fffff7fff1f3f
241,241.jpg,.jpg,30714,0f18369becb8a4e6cca46a1dcd7876db2f4770c9ec9b87cecff5ca5f6bea3994,1024,1024,RGB,True,,1,train,1024,1024,True,3b5df85859c068b5a7508c43a8e96a133f48963b49c6fa7d179caf14b011631b,a0c0c08080830b13
242,242.jpg,.jpg,134081,b10ac0cf308c146365031e091d28c56832ecad24f16ad0c955465bef35c8765b,1024,1024,RGB,True,,2,train,1024,1024,True,3583faf65d2e11486d1e070a34a2b0c0e95233017e3483190c2125c900b3dcb0,3f0f23304c4fc387
243,243.jpg,.jpg,35809,526685f44fa0ead0d42965ac43f6a2f3c33435cae8c1ba380a36a631f8da4d42,1024,1024,RGB,True,,1,validation,1024,1024,True,a70604cfe8ec47c03c9f907c3aac690f8f91ddfed18a6b33a1ad8a68e0caa496,0f4d050518180541
244,244.jpg,.jpg,18849,28d5cad241052636b8875e1cd6bb1a144f02efacbe39e27d8096ee43872600a3,1024,1024,RGB,True,,1,train,1024,1024,True,fd72e5c96c937b913fc8229e010cff810cbb552c857fad2cb2a117f61e14decd,0000040c1c418113
245,245.jpg,.jpg,35769,4a94111262e953cd26d30537223bd2ba1b44c1361b2e2045b2317e3a68f87280,1024,1024,RGB,True,,2,validation,1024,1024,True,cbe2adfb961cf03a9b7df427ac1014da4c8a1b0feba6c079450a0d48a4457c81,07073c70c3070e06
246,246.jpg,.jpg,41438,90c6578f78d3a99020a5f321bf264a4b92890f14052c391a562f69d9c8eadbf9,1024,1024,RGB,True,,1,validation,1024,1024,True,03d0b42928e4806322dd8b1aa83bd6e1e9e07407cdf0836d099091d240837605,794f030020000000
247,247.jpg,.jpg,35461,d2ab44ca849cdb4920fbc123622f174b14fc89e5bb481d05f1402b528ce86491,1024,1024,RGB,True,,1,train,1024,1024,True,41f7bd7e88006109aa397ed636847a8a5b4061bba8ccb74fd639885a517845e8,f8f8f8f8f9fffeff
248,248.jpg,.jpg,54992,51973b14425b67999f6f8d591ad7e0c27502a2bb2ebd6555867f75f3f378e055,1024,1024,RGB,True,,2,validation,1024,1024,True,253b6473dc93f4eb728585495c2556b43f7aa455aaabf4a42c3c9aa7a581dcc7,5060612020303030
249,249.jpg,.jpg,36778,8fb99be438e0a3895c675ddafa6ae5bbbe8c8e51b79a296f0f45fbc758295e88,1024,1024,RGB,True,,2,train,1024,1024,True,16a013dcddfae494af574feae6e450aa02a7c0f27009c28daac1a811380f9fe1,07073c70c3070707
250,250.jpg,.jpg,90515,26c75fb7f19e5e37cbf8bf8cacfdfc05023c3addbec6c0a25662b3d640a84741,1024,1024,RGB,True,,1,test,1024,1024,True,eaaa45b98c05c6fa87bda06227a8c511f394cc58da20a0919166cb37d03e3ed7,8bcfe87f0f498ccc
251,251.jpg,.jpg,78184,30a87491b6f3241273dd7c4a77dc8bdb13f6b29b5bb8fcdf930a36173e081aa4,1024,1024,RGB,True,,3,train,1024,1024,True,bafee01bd5902810f3615d22ee31803752030b9669a29abf1d8b6c72ebc21b91,0f0e1c3874c48083
252,252.jpg,.jpg,77249,738a3fb513469c1fead64467d9014ccb4864b634081008067e1356ec589b77b3,1024,1024,RGB,True,,1,test,1024,1024,True,396df9a1e4def5617758900e7937be165687b736716419818757cf6b2db22ff5,fe3c201313f3b1b5
253,253.jpg,.jpg,32019,6533629c84142563443ea228257a315f7fc01f3cdd3de53c2f24855bd443b8c8,1024,1024,RGB,True,,1,validation,1024,1024,True,e780c01159f41cbc2162fa38276337161b130bf08ad37e3826ba948314dd5208,0f4d050518180441
254,254.jpg,.jpg,44276,8ada93966ed4f2ba69f90c77d67e8946f114da9aeef3749781a3f28097a33a2d,1024,1024,RGB,True,,1,validation,1024,1024,True,36110550296ad806e5b7c3144a74e955951ca162f2c28af98fa53c775883a996,da9a1a1000808080
255,255.jpg,.jpg,59962,ff32671cb4e4fbae619e8b8e608c27981dc27caa7d57275cec9924c8e9bf5b6b,1024,1024,RGB,True,,2,test,1024,1024,True,541fe51eb9edc96b90a107cd802172e9387575c2e53976f97b1a9c5144955228,22372731181c1c1d
256,256.jpg,.jpg,102347,25755cb6f6217958a2eefdf30e94568fe0f0fe514c48dd5f1ce2b73485106204,1024,1024,RGB,True,,6,train,1024,1024,True,6d0ee59ceb01b9175b877f4c76e9ec4ff2a606022febd29d7a5afaab5584bc67,0303193523031b19
257,257.jpg,.jpg,36077,84a414cb9bb1c0eeb88a4e79dcde0dde8ac0d4e0e5169e57101ab4e8bc605ae5,1024,1024,RGB,True,,2,test,1024,1024,True,3a2a362b8e3039c53b30d62322cefbbd63d9fe263a1e8eda6eded72c92628260,6161616133331919
258,258.jpg,.jpg,71424,1f193ae5111b0c72ccc72b465bd27dfa4ffa0467cbe1f13a2e24be9800f41470,1024,1024,RGB,True,,1,train,1024,1024,True,d64c0bf68292b0c97962ae19a558fd46b538992568dfdd219d66de7b2ba24ac0,0d0dc3f1feff7f7c
259,259.jpg,.jpg,169032,31aafa64430e8a395503c740253363c29021a23a6aead8c9ec383b125f207224,1024,1024,RGB,True,,1,train,1024,1024,True,846494ab8108ca05f8be61fb1d6676cf919368166d3a269ef0638bf66d751cc7,1f1f2e33a3a19bdb
260,260.jpg,.jpg,241737,326a7e6fb1e826635a73638d3a30e5edc97668c087d13b6519247b30f3bd861a,1024,1024,RGB,True,,1,train,1024,1024,True,81d2b2b7a0a64e7b584362e4c2eedc5b8d432ca52fff9a8015f7f00879badda8,cfe6f4c8cfcf8282
261,261.jpg,.jpg,128340,f61c39b35e5eb075377acc29080340e5396524c8e0374309b6ffcbfb44fc9de4,1024,1024,RGB,True,,1,train,1024,1024,True,11165fff611cbfd825cab38ecc8347c951a508bc9a9a18ada6d9dd96bd1246cf,c0c0e0787fff7f1f
262,262.jpg,.jpg,62904,2f19a0ff4916230a5d05c91261b2ac4e1212b466c1b1a9d014ced0ed06f9b29b,1024,1024,RGB,True,,1,train,1024,1024,True,0c49bf69e2c7d423492d2ef25f829966154eb5457a247871ac23daa9614fd9e0,8e868e9cf1cbcb83
263,263.jpg,.jpg,49669,14f4f31fd6ceeb712ae3a864d1fc806d04dc999dc1b35be7ca889457b034f42a,1024,1024,RGB,True,,2,train,1024,1024,True,cd950876a08ff50cfb666e1ac6e097c196711f8115a54b69884c5e4ba34bfb8c,3818080c060e1a1b
264,264.jpg,.jpg,40906,fcc01cb64d390eb46fd1a6fd9e326046e625ffa960762d39281e9d7b1a596055,1024,1024,RGB,True,,1,train,1024,1024,True,2b7069700cc4309c00fed85cf443be27a4d43b517ed7bf2ccb3115969d05c30e,0406060f04c4cc1e
265,265.jpg,.jpg,48729,5ef720c275b9847d44d432d078ab595e0e8aeaa8b36f25f726db81e88b759a76,1024,1024,RGB,True,,2,train,1024,1024,True,ddce19ef28cee8f7cceb297175685802a414f591425fc3137b0beadf64362be4,050b070004000800
266,266.jpg,.jpg,41475,2c18734f463cc8ca7e53ffcb9a91e936e497ea13c7c412f38fd32bd40a24de2a,1024,1024,RGB,True,,2,train,1024,1024,True,2f21cab9c7f2ff53947f5c56a3ce45cb36770b24f419ddb0997d0952f069b89d,c0c0c0c0c08080c0
267,267.jpg,.jpg,104754,ad0c6e36797a79cff7af1982312bc3c1a572389c5b29cc4b3906cf3bc1ccb592,1024,1024,RGB,True,,2,train,1024,1024,True,9e45236e4093f287c12aea095495fb2b6189a0f5c447b83b5a05a9da5739d345,c1e3f3f1e46060e1
268,268.jpg,.jpg,132447,0f54358e8e0c24f530c20085a1ca64e12fcddb3e515176cf98584dad60a35c24,1024,1024,RGB,True,,2,train,1024,1024,True,e39b41d993b1508d1e12400e3edc58224a0ad06ae1f9061deafa98f6f50b35eb,9f1f1f8f1f0fe771
269,269.jpg,.jpg,39503,77958afc5aa1c22162657b42666ed69919974cded9be5a618db2c0d1649b1bee,1024,1024,RGB,True,,1,test,1024,1024,True,1f5d23f720f20389dcf97389082e9ad3b543e08ccdc114db601389ab54b8351d,3030706068e4a623
270,270.jpg,.jpg,60141,49c52741f92ed029314399e8909208550b57d0095f6ea1b1a451e8379e08602a,1024,1024,RGB,True,,1,train,1024,1024,True,dbdcd626f0b4c3ba84dd8c1ff2b5bb0c743c64f4862affa5afa1a941bb9bb922,000020a18198f0f0
271,271.jpg,.jpg,62406,d2c88187f4fa40fc1a8ffd8b7f1ea7b076ace979185b01b5c9ab3741ebac58cc,1024,1024,RGB,True,,1,test,1024,1024,True,45a4e900455f0a19ab16b5d588a5dfc283cbc16d863f99e8b3436252f37c8236,00c3eb3637307052
272,272.jpg,.jpg,218860,a4269bbc96117ab6136fc8dd139017aac516bc6a53906cd4906fd6c491738f36,1024,1024,RGB,True,,2,train,1024,1024,True,8bbe418674cf94522671b40926a3bb3b0df8fa2626e08de1c2c60f441a1a64ff,0000002000000202
273,273.jpg,.jpg,226617,d725a3c2402e379632ca05604bc06fd4059d0025fc7125cefd01cc6e1ddb868b,1024,1024,RGB,True,,2,test,1024,1024,True,6e73318b444abe0d54adb72b86e0c8998d046aab80751d7d5a759bc46dbe9823,1bdb9a9a9e0f4d4d
274,274.jpg,.jpg,61573,265063dbe88947a8a79863efc579f61d154fb642d12313368df13ce78e8ed109,1024,1024,RGB,True,,1,test,1024,1024,True,449770e6187b6470445c4482bd5082362b22cfdf8aa5ce18b335c76625265057,0f0f073713133e3c
275,275.jpg,.jpg,45150,9380ee88e011b9f6caf3294c6e050d1d0713de3e4d4491c7315d20d6a6e1fb87,1024,1024,RGB,True,,1,train,1024,1024,True,91274103b6af0673050c00ddbae951d961649ef7db17b81c33849758afdc8646,13171736f0302829
276,276.jpg,.jpg,66331,e673fa1215c9f203ad0da3872070a4a150e7cedbb73152d06dc40eaaefbbae1d,1024,1024,RGB,True,,2,test,1024,1024,True,8490516cee130c3149d8977ee9561545e4ce46881722b091ddde50e1a28b8290,7f1f07210e1ff7ff
277,277.jpg,.jpg,88485,6f861a60721f279f0e980a3a424337e8a35bc80344467bbd2def0f55ed8b5309,1024,1024,RGB,True,,2,train,1024,1024,True,d0393d3e88022bdb5366202655c315e31f54e2c46cfbecf7496e285a3b331cc7,0f37777b2d2f2360
278,278.jpg,.jpg,67669,ea2595ac7d5ba00a3a7e1738bf7f747d1508fb6dc07610078bbea81ec72d2256,1024,1024,RGB,True,,2,train,1024,1024,True,8337b376fca1cbb9afe92f465ed717efb280449b65bc81b016ba1a59960b12b9,07c7e3f1f82c1c1d
279,279.jpg,.jpg,28951,cd4b90856107b82a03bbda1ae15648f6e185efc9c03142f6c3d4924dd738303a,1024,1024,RGB,True,,1,train,1024,1024,True,bbd25085ebb61acaaccb4813e44fcd94896f901097ca00df45da551ad0488115,0c07030100000001
280,280.jpg,.jpg,52818,e5a0fe14139a2a0b354addce58e418ebe8c96841bb05515563a2bda717c8c0bc,1024,1024,RGB,True,,1,train,1024,1024,True,6094add1fe87871f3478184cd3c83b964898058073bee0df1f100b4a98f1eeda,539bede6222323e2
281,281.jpg,.jpg,51906,aee3c016120ab7f36a49ccba468564f762b376330b04df4ab1582900301e482a,1024,1024,RGB,True,,2,train,1024,1024,True,7cc640db58294d6300fa1e0fb610cb79618863cc1f417bb432ba990ff906837a,bfbfbfdfdfefefff
282,282.jpg,.jpg,81756,80a3eede5483bc6bee009cb7079ae51706f602b618ef053ac2523ee6eaa7c2cd,1024,1024,RGB,True,,3,train,1024,1024,True,bd1306b41b799c252e3c73311a6da790649dbb3dadf114cbd35e0fc35185952d,000080000c85c161
283,283.jpg,.jpg,141674,148ea40d6dcec32f8adff67e0e7a35654676e3aa07a663c0e06fb0e1cb243827,1024,1024,RGB,True,,2,train,1024,1024,True,deacbe8f2de6af76d54a371da38e0e0ae0737b37954704f7e09b10360cd98f48,1c5c7c6580f0f4f5
284,284.jpg,.jpg,71085,3f6126088ecca1b4cc128d5bd6376b5b1842a5dd3f7d396cb68178bfa01898b9,1024,1024,RGB,True,,1,test,1024,1024,True,5e84bac6ea5af26e640cc4dbd274716cff8efa3978a0943c461296ca1f79200f,0f0f8b8f8dcde9e9
285,285.jpg,.jpg,95157,adb5ae508e8484fa5e1f7852f45e07a49339a0e3099dd109cfbe91776d837c32,1024,1024,RGB,True,,2,test,1024,1024,True,56ad47ed4be51b2f9df5a4e77a69bfe884a33fd96a20075f6888557c75d99ff7,8f2fdf5d3f5f5f4e
286,286.jpg,.jpg,43463,9dd3de1036c2e90ea9761c027943f55452b20a31349fe4bee3226e346d3fa45f,1024,1024,RGB,True,,1,train,1024,1024,True,feb1bebf4f4ed47b63e3908fea138eee281953cfd936648e25d98c82c01ab8ed,6738180c0c000000
287,287.jpg,.jpg,105506,958647410b7cb502c9c48503072f9869b6cf83155ffc2bcd1ca2471401095689,1024,1024,RGB,True,,1,train,1024,1024,True,f75752fc1c985262e494975500b47236c7fe11d71f09882d57de5bb1d2113c1c,080880888880c808
288,288.jpg,.jpg,66094,7caf3a100426a2ec223ea1a00cc4713b77086565e33f73455682132d79b41563,1024,1024,RGB,True,,1,train,1024,1024,True,8510ec0884cf6ed344894a24f0ea997d22aa798d7c2c2a549653d78825cb70f4,676361265e3f2e3c
289,289.jpg,.jpg,87790,139f27db6e4dee60b1e1d1bea9ff831b4e29049e679c3afeb7d47df76d068f49,1024,1024,RGB,True,,3,train,1024,1024,True,4ed1d24cc52ca5f7da8e0c6e0c5467fc9e41bae00409be6f6f354f23b9aca07f,c0f0381c02010100
290,290.jpg,.jpg,37597,1a36ee347e80b0af4aaa35b392532c247998c97e2e0a15cab476e51405ec8367,1024,1024,RGB,True,,1,train,1024,1024,True,f93a30e538c0fd09d6c000e3391fc1f0dbd73ca4bbcc5f50f6f2206af154c1a4,cac2cbc1c3c1c8c0
291,291.jpg,.jpg,98485,934984d932d7530d63a00b5ee422eea806593d9f0e94c802b5b1fe7ace517bd0,1024,1024,RGB,True,,1,train,1024,1024,True,5987d0c79181b4a0d5415d880c95054cf80301ab5789f062bcf41d87f96e0b95,808286c2c2c6c7c7
292,292.jpg,.jpg,68722,c360891d953f00e7357d4c5be7fcb28b88382dd3b68f5a5ac0009595170ff7a7,1024,1024,RGB,True,,1,train,1024,1024,True,ae3133a95409dce319bae9439e0f224a5993c5c286563d838a19ede750e4da93,2f0cc8c84807afec
293,293.jpg,.jpg,30988,06c3b626ec4b104582f589672d30aefa2832650d55b22c340c72ce1b6df8b4d0,1024,1024,RGB,True,,1,train,1024,1024,True,131092aaa3129d3a8837752db2452d0b7cca7b5a254a940602003047dac9e872,de8ecefcfefefcfc
294,294.jpg,.jpg,69078,4cc6f240532aabbb9d6f622f7c9c5a11a7e544685c82ca570966b4610cfd08a8,1024,1024,RGB,True,,1,train,1024,1024,True,505aa09924d4da1995c5187f5f354db4def3aa4e0fe2623ca2ce52b77494fdda,8f9fbfffdffd7de5
295,295.jpg,.jpg,46158,95003ea1753ca8279b47c69277179c87c9e6e21a8aaec8c8f8e538a26c7dde29,1024,1024,RGB,True,,2,train,1024,1024,True,239da37a7097ce0c02ec98e8d2ada5ec29a9059bd8f090a20a2067b3e65d6779,0000000f1ff8e000
296,296.jpg,.jpg,53555,8c5de99f03a4b6006c39e765e6964645a45266be4317cc5a36519a0388018f00,1024,1024,RGB,True,,1,test,1024,1024,True,890c9a3734304fa5ccf1084a9fdcd44b8e493fcb3ee3f3490c24ccc26a51d9db,0f0dc3f9feff7f7c
297,297.jpg,.jpg,66583,1f1b9e040297b66d0cd3f3f805f4ce5571aed2701afa270eb426bb11e968b0b4,1024,1024,RGB,True,,2,train,1024,1024,True,f5926d08483c0b0c9d928230a3c4be1b480f8feaf4791002eb29af6a752b59bb,7ffb793c13131030
298,298.jpg,.jpg,74696,fd356457f244429d99ccf143fd77b3f46643d897282c19d9663f82f33769ed1c,1024,1024,RGB,True,,2,train,1024,1024,True,a4c8ce4b1703f2122ff753621b0446d4f396a1b4dbfe49781382dfd6fd0c7b25,39393939d91191e1
299,299.jpg,.jpg,155717,079b955bce173b66822b7fcdabd08e4a36eb8068541e16eb22c46806ef8875bc,1024,1024,RGB,True,,5,train,1024,1024,True,42e8f201e197645130fc06f19add051edb3eaeaf4a522f05741a475ab6eb421e,1018242061410109
300,300.jpg,.jpg,79330,1883bce20e50f53830e077f11779e9921fd1de391482adfea4abb78bfaa3f002,1024,1024,RGB,True,,1,validation,1024,1024,True,d7e2f161aa678b145c0a41803f5d4fb1c864c8479d707c37c2a1c9b7a3497066,315b6e6c2d3d3d1f
301,301.jpg,.jpg,80830,83cd6beedd5b3b7ab57b953228370ad90d96aec0e1ff1cb241e737d22d380ec2,1024,1024,RGB,True,,1,train,1024,1024,True,467a4aca0c5a62f2c3a902ec890c28ab9b209db943b0c1863b11714d8256c38f,0000000000000100
302,302.jpg,.jpg,53866,c045e2e572b07ef36ae7bcf8b16cc69b8a7ebc66676ec12bafc4e9842d6ebdc9,1024,1024,RGB,True,,2,train,1024,1024,True,a09da41ebb5a07b30b209979615dd182c481e464988e83dabdf0f86c1b576267,0e09191d1fbf3f3f
303,303.jpg,.jpg,59751,e934e4cb6aec6860c2aac45d5f6802e7bd19dbf5717aa21713eaa264f0d0e786,1024,1024,RGB,True,,2,train,1024,1024,True,8a45a2336b5a44131e379945280e4f7d0586f76b02bb306fda32c4b7f5d5192c,437bea9c39312122
304,304.jpg,.jpg,40001,4d84b174fb9f0a52ad789e5f9cf8683c224307d17d929581cfe55f940e81969f,1024,1024,RGB,True,,1,train,1024,1024,True,7021814e81fb0b310472d472542589df81817dad3c1b7d5d83f59cba7ec87260,4f2723333131195b
305,305.jpg,.jpg,64166,a078d468a2356752aeadd1d68b3b3d556d3dc20cdbed5eb52d6635a7ce2ae462,1024,1024,RGB,True,,2,validation,1024,1024,True,92e8b69d160c78eca3289a74ce7bffb4b818c2773d563b6a342ecb2c49594172,ffff67772b232363
306,306.jpg,.jpg,291172,c32ca8e95a1765d7a2f169529a8fd40c482367084488a0ccf5884d8b51af5d09,1024,1024,RGB,True,,1,train,1024,1024,True,02fa7ecc869c6d74c4844d5b79cacb983398869286ea624ade9bc663236fc014,8fe799a6151cccc4
307,307.jpg,.jpg,78268,538909dda43932014fa8be59d4c495f873fc97434001747be728117a90f258e3,1024,1024,RGB,True,,2,train,1024,1024,True,f23bfcaa6bd1691d66e17d4139612003710d434e1dafdc70dd90cac1f7691fc1,39393939d91191e1
308,308.jpg,.jpg,63735,d6289249c3008a8f87565b9136313909d1ca24f285841dd641091e09aae0fcfc,1024,1024,RGB,True,,2,train,1024,1024,True,07f2fe172673ea5c96923145af16a1202a5a9c84bc834ab0cf3c7021b8d25f94,0101030301000426
309,309.jpg,.jpg,80519,9791ed81d58f2d710c0df0d5079e71c949d0800574f33acd080695d6de16de40,1024,1024,RGB,True,,1,train,1024,1024,True,b961c386d19594fe029f56a5d7817ee0fc2ae7579aba59d2b102a378a3cd3089,f0383979e1210100
310,310.jpg,.jpg,40391,5ba6913975ba90727da1039e1bbd1478c4144e8a27fe00c1c6636c25f100bec3,1024,1024,RGB,True,,1,train,1024,1024,True,ea6ba438f1fbca12a914a5442442ce42d852e0d901ea8dab77ad80a627372c8e,e6f0f49210d0c1e3
311,311.jpg,.jpg,31666,e042287913e0cd93452e6048eee659748be5cac554fb7bf3e39551bf7ddb177c,1024,1024,RGB,True,,6,train,1024,1024,True,588f26899101919c1e6c5cab78eda0bf3d013d485600a64de392870099713fe3,f93d0f03381c7c5f
312,312.jpg,.jpg,89468,a07bca8d38168c7e7ff521efb0402d2bf5bead52c7c9693b085f7d2361116bb9,1024,1024,RGB,True,,2,train,1024,1024,True,a4f6f6c7b7545c258777c83741f9df9cf0436c658fdfba382b04005fff1b42b6,78f2d3c10d1414d0
313,313.jpg,.jpg,61901,7cd9917ad838c528726aabcdf1b94da04e348b9ad1093da793522547a8a8360e,1024,1024,RGB,True,,2,train,1024,1024,True,ea62be346d3c584876a5fd4e62a39d4c8b869da675d6e1aaa15adcaf3f79f9ce,60607000000101a0
314,314.jpg,.jpg,62400,deb6000484750cc59f7ed2517f986620573813890552bfbbb4e8b8859445fa44,1024,1024,RGB,True,,2,validation,1024,1024,True,eb0ba961b4e0223682d3d17b2651c1ed3e2353de2b3bf46f2c5ffe944260c984,cc3d3d3d1c181900
315,315.jpg,.jpg,70846,bc2f2af94774c2180534489ee49ccc3396ff83a627d1c427221da5550b6483e3,1024,1024,RGB,True,,1,train,1024,1024,True,4834e0ace4b5cf1efbe9c436a4bf20ea2a73de020e461a0339172e76913f001f,998998d0e1e1f1e3
316,316.jpg,.jpg,45415,5acbdba3ad0fc976ef757c4a54a1de41b8f5e5d8da4f0196edd7a790dc3fc23c,1024,1024,RGB,True,,1,train,1024,1024,True,2f7f1c5c0068e75ac47bd328d4dc87d0df02f61342da2edbe191f3fccca47e5e,e080191908040783
317,317.jpg,.jpg,36786,07aede4bd430167ef0b7cae489a191dd92e4dc39f32a654ae392b0a587fab8d1,1024,1024,RGB,True,,2,train,1024,1024,True,fffae8e1658ad2377bc088103e3c184a4c0ae59d527e803996bbe29395ac49cd,3ebbec800534ea9a
318,318.jpg,.jpg,58021,51fd954b7d5a66d24cd07e7a500a7d187337004b87ab5bc0807600550153a151,1024,1024,RGB,True,,1,test,1024,1024,True,88fe8896ab6115da899ca6136e80626c2b069d590edefefa9911431bc06cb7b2,ff7ffdfd640c1e0e
319,319.jpg,.jpg,76688,92148d86751c9e53ce987428fbcf95bc8a7e0f8b169f71458dd88a0bdabd24f7,1024,1024,RGB,True,,3,validation,1024,1024,True,4ad224daa61e0dc3a1bd6a87ec83ed4d7d1093a81e4597713ccc7ccb9a186a02,0f8fc7e3d1dcfe3e
320,320.jpg,.jpg,141958,a5d5433a28882bf20c3df4abe8e62c77ab57312d3b022e13d86e59eaadd1e4a8,1024,1024,RGB,True,,2,train,1024,1024,True,30eecb2badad45cff73129a69e52cd5004cc0436d870e2daa94ac6e58efeade5,7f1f07210e1ff7ff
321,321.jpg,.jpg,81742,bc4df7054410e89ca998759c55d405b7f633935cc10d781dbe3de24b1b5015c7,1024,1024,RGB,True,,1,train,1024,1024,True,e1ccbf65519e7c8385e75a05f7c63c1ea321bd1273c196cb522e7567c187ea5f,18181a1818181898
322,322.jpg,.jpg,58177,2253c8b69bb3816ae5eb658d9e53e16211b7dbbc839905cc27f0e7585b877a57,1024,1024,RGB,True,,1,test,1024,1024,True,e235ff171e07754decc2c4cc2fb25631654e18f9bf54880b7ae4b4c47b8506c5,10b0f07070302020
323,323.jpg,.jpg,39518,18ec94211c38b3b5ac96b2b43078f754f40ea4bd0da021ba8f29068970bcc35e,1024,1024,RGB,True,,1,test,1024,1024,True,bd06b9ccf3692240b2e255e577feda655b9c8534e346ca9e94290537eca7144e,000003030b034746
324,324.jpg,.jpg,29176,f13ea688efcb4821ee7a0f72f7a94e33cf33560ac1917647dc1f500e0b6b270f,1024,1024,RGB,True,,1,train,1024,1024,True,4a4f29435620c11ef9146b77384f487620a871a1bb0549d95e9f89bb8bd07b2e,c0c0c0c0c0d00000
325,325.jpg,.jpg,90682,11e4f13f12090006fb22e4cb2eda9d4542750c55aebfa7e425862bdeddf1b6d5,1024,1024,RGB,True,,3,train,1024,1024,True,f29a5cc3554974d16bef6b23dd50e4bdbb123a58715437d2c5f317be153ce4f8,7c1899a30f1f3f7b
326,326.jpg,.jpg,82485,ea0d256fb36a9f51a00691f978c892d304d12beae5f346b94fd36567ff6a5503,1024,1024,RGB,True,,2,test,1024,1024,True,e737a539714304f88ef739e70e14571ec7b72764d729c0c33b5d3e87568b54db,c8c88e080800888f
327,327.jpg,.jpg,84535,21237f353afa6d79bb2a6de59d8e2d6672c8b362c99cdef7bb20ddb1d5b8865b,1024,1024,RGB,True,,1,train,1024,1024,True,f782a39a5a31e350dd78fc4c7f37bb084023129b4d3dd018587aa24e370a983f,7173300012101018
328,328.jpg,.jpg,31413,5ba3e6b4384d166582e43f134c72da103f0d51f1900c3483cb32a09e7d5be80e,1024,1024,RGB,True,,6,train,1024,1024,True,f9442eb54fd6afbbaf9058d46cb02a9fc4e62d6d7053c0435e39c866d4548179,f93d0f03381c7c5f
329,329.jpg,.jpg,29394,68b2d6984d4527bb412dd45f88582cef96f5bf1e473fa6e509cb6bdd59414352,1024,1024,RGB,True,,1,train,1024,1024,True,1fadea3fa443f5d1b24c32d8f9dea9eb62d8217ba53a8a1e932276ab758fa99b,f0f0b8f8d8b8a8c8
330,330.jpg,.jpg,43221,d756f59ab51b1c8500a815f7cc7d71c9806507b1bb68a0a504dd1feb408a7c2c,1024,1024,RGB,True,,1,train,1024,1024,True,d8e3b40b069f5d81d57061869d0132f2405c74ba70cafadf2924742b7a72dbb3,272761210b17179f
331,331.jpg,.jpg,26429,ec87557b967eb071259c48914070aebc0c9657a9ebd4495d5a5ea928842c2a4c,1024,1024,RGB,True,,5,validation,1024,1024,True,8e86bad037fba2aabaade1fb20306f13dbe60d5afa324855746d495696fd7cc0,1f070180e8fb1fce
332,332.jpg,.jpg,44976,c197b6771eaf302dd8ce25ea8592e83f9196f61c9811241dfd50f4d8e0893e2c,1024,1024,RGB,True,,1,test,1024,1024,True,0030725ebe9cfdeec49a3ec5dd00e62b3c2fa42cb53131a446c479e3170db884,f367df0703040400
333,333.jpg,.jpg,39655,7cc4efcbfa75a7e8c1ed30aef294e5f78472c9ece12cc6d2634c327cd0204d5a,1024,1024,RGB,True,,1,train,1024,1024,True,4707a6ae8566cef7677fc8241ca805a8c61efe03a559beb50f65b989a7a4d9b7,0f9f9f8f8f6f373e
334,334.jpg,.jpg,68780,8b7514121224732bed2709650ebc712024f01449effe56125ff958fc912dbf34,1024,1024,RGB,True,,1,train,1024,1024,True,a6ccce51a71ee11bc8413c0e607d9b560c1e34ab788ac2705725caf11dc3c279,3c383c3c3c88088a
335,335.jpg,.jpg,65180,da9a44fa391cd2231dfbdb5d767a1ceaa48fcc5ca642601e70f769dc76d1aa1f,1024,1024,RGB,True,,1,train,1024,1024,True,ef9aaf6833a0221d2ade84392fb7913e06ae102513ecf873059da03f6fe63453,0406060f14c4cc1e
336,336.jpg,.jpg,140347,a6f4999dc76040a1d9350efde59fd8ca5baabf5cc21a5029d2bb60e536c920b2,1024,1024,RGB,True,,1,train,1024,1024,True,5fedae2bb4a4b9df6bb01d769883683dc8424ea45b4453ee4ca96d0bb1458461,2321210909088607
337,337.jpg,.jpg,57283,8564ed808553c7541ef5c8985752b2da5a79684e71a2c256348b9ac455bb1b09,1024,1024,RGB,True,,1,train,1024,1024,True,56869e907a4dea9153ad0c5ad13d93bb0c1db9a1f580b8ae24901bef4e13f228,6773733fff7fbefc
338,338.jpg,.jpg,61179,62b256c80c63d96b53d2cead858bfd976807bffeafdc26b2b636cb6bf0486e8e,1024,1024,RGB,True,,1,validation,1024,1024,True,bb84268fad1679226a761fc741c0b18dee8fa5d1fd357db7a75f86c199755ff2,cc4c607161716163
339,339.jpg,.jpg,72306,0ccbc492816c8fa94935dea89bb719d7b834b8956316633fed8057ccb0600f8e,1024,1024,RGB,True,,1,train,1024,1024,True,f627ed847b54602d69f2b0ed6c4ec2d05212fab8bce8414d9e8bc741eb53522a,0304070000000004
340,340.jpg,.jpg,104580,25b340fc9ad20d62a08e0d2cfe3dc8e99d48b5d745deaa5fcb07eb7b7463c1ba,1024,1024,RGB,True,,2,train,1024,1024,True,9151cdb74d40b963506e994434dbf2ef227df1f57d549aff15fca4730b3b0f77,7c3d191f37372f3d
341,341.jpg,.jpg,96393,225b6be1d8cf3daf6683d54963c9b67ef5537a0ddeb8607a649b121b66d0c59d,1024,1024,RGB,True,,2,train,1024,1024,True,0ddbbc8a5532239634f644d62df4679c09990c96393c11975a98932eee6da6a0,7f1f07210e1ff7ff
342,342.jpg,.jpg,34691,e3b64b5b8592773595f9e1246346ad398de351d39279afa8e1e622398294073f,1024,1024,RGB,True,,1,train,1024,1024,True,29762f56f541a80e499c5b1798cd55196823e7942f571f065825eb925e5ba503,3ef8e0c30f1f3f5f
343,343.jpg,.jpg,97246,d8c2ba609756d2dd991a16a2894087dc5227f093efd741f93a78734f7a37a857,1024,1024,RGB,True,,1,train,1024,1024,True,ef4aa7de937d490eb2a533da6afefa433aedf6dd7ba0b6e332bea59f893bf675,0f0707070f0f1f17
344,344.jpg,.jpg,59586,808f61a977d722b8dd4c9fcbacb8c8d02f5bb0653f934b612f34d1921be74a0a,1024,1024,RGB,True,,1,train,1024,1024,True,2602dccf3937d840ebf8a718fa98eb6dfc895080c2682e5d4ad9269ac577b736,1e3c3c365e9e9cb9
345,345.jpg,.jpg,132592,fe35a02f8557eae0f7733e7f29f51825ed1f710542a012423caacc9a745540e4,1024,1024,RGB,True,,2,train,1024,1024,True,3849ffd653d6d72bd79b8318160356762d18ee31a4718be31ad965ee3f8aaa45,9839383038181d5e
346,346.jpg,.jpg,57974,47f27ecf68536da25a9ced9da64212ebb4e49b3ad2e73251ee18f88c0c1812d8,1024,1024,RGB,True,,1,validation,1024,1024,True,034f3bb13f084aeb90e5d029443fb3f7987612d051a491b328bd41c372638c63,f0f0f1f0f1f9f9f9
347,347.jpg,.jpg,109774,a8cc5b83277f3e2fa88f8d188fc01bfd0e344e23e06c57bccaed4be5f2192a73,1024,1024,RGB,True,,1,validation,1024,1024,True,d927a36088a6f628e46922c46c0b5efc89f6d45e17db226f7d734764812f3172,787c7cfc1c0c0c04
348,348.jpg,.jpg,95404,b7d040d42fb5764cba20d570317cd8401c9ac7d4d8bd8ff0402b9022529e9b30,1024,1024,RGB,True,,2,validation,1024,1024,True,34fa8c53d9407d418ecf2f73306bc66808b754a31b7c459e8be54b652bf695a9,7ff7777b2d2f2360
349,349.jpg,.jpg,32372,b7bfe1adc6b1f4a517115f0033c129c52b2f432fb6447095638a3a6b67090d9c,1024,1024,RGB,True,,1,train,1024,1024,True,a3c20af0f042b526e93f8e8cd561a1920a36c82008212a453ebc1f42db633729,3030707078e4a622
350,350.jpg,.jpg,82008,4a1a301e2b01fe1cbb4d5d50f7343e0916ad6179ffe149786c7e576700d07b33,1024,1024,RGB,True,,1,train,1024,1024,True,1ef398add5cab940eaae40e6f43ad592f023f87a9e45b7cd41ba68d77e50ad1c,19191f1e1e1e9f9f
351,351.jpg,.jpg,222536,fe5c8fbc66dcef1fae8a14504828730c061f9504c5b93fae7383ad31b69443d0,1024,1024,RGB,True,,3,train,1024,1024,True,9d8caa66f4501d6b7bc6a7d9f9ee48699b6c9e30aab744ccfec98a455fa7188c,0f1f1f1f1f1e3626
352,352.jpg,.jpg,31493,3f44c44abd3f02b0a13d2ed1fad27cdc7087c114c866bc1d163437779ac9560f,1024,1024,RGB,True,,1,train,1024,1024,True,3010af9ffc833f5883ced47de41d4e656214f139123dfe7d7bb9760d55b6f245,3f17130f191c0b1b
353,353.jpg,.jpg,35664,df735caf8b67a3a0af7221cbff98ba01ab840cf7468b7bb284adba41079398cc,1024,1024,RGB,True,,1,train,1024,1024,True,ef7ed2b0812b1b84c1e4cdf3899167e48ca79f4399ebd31c62edab98b7966b8a,1c1c1c1c1b1e1838
354,354.jpg,.jpg,49144,16fff0a03635d069c7b83c8e2a7c391a5cf34be7e6b9c95d72071ca54e939485,1024,1024,RGB,True,,1,train,1024,1024,True,6ae7e7eb60698844fd29deb1865d340940849bc96aa9d34eaddc6110d6255646,263319180c0e0706
355,355.jpg,.jpg,39076,2c17245e5c15208812b1d4d7fa6509f735574b4a55820eee2190467471afafcd,1024,1024,RGB,True,,1,train,1024,1024,True,90a35980932c24fcbc47f942afcecccd9365a3a46131d938df8df470a9d093a2,ff7fedfd640c1e0e
356,356.jpg,.jpg,46928,5f1ac92c47c28715bc0ecdc0ada033e0263eacd059f8f2a034d6dcbb6704765b,1024,1024,RGB,True,,1,train,1024,1024,True,624289db16afc9d3e1c2c84812af033a8f93cbba5ca5b925032e1c8628ec21f0,070303070b302103
357,357.jpg,.jpg,95443,73b716292ed02b99bc9e965ff03ae3cb874f75bc9daa7671f66b9a336121a7d0,1024,1024,RGB,True,,1,train,1024,1024,True,7a74385972acf69d9f80bcbaed159b07203dcbf471a53fe5ffce08f81ceec300,1f0fee3373b19bdb
358,358.jpg,.jpg,56898,94908d44512465b37844bc19d23ad9d7ef7c8bd734d9f1434ddea71c3618a11f,1024,1024,RGB,True,,1,train,1024,1024,True,1fa13fe46f3bc08dceffefcb77dededf15aaae9081da60565b97c1104c350cd8,f4e4c38e38e10302
359,359.jpg,.jpg,37770,93f678533f84a71d17b873c4156764d61f3711793ad17c2bef334924881b1244,1024,1024,RGB,True,,1,train,1024,1024,True,864899f21bf16ec29867e827d5a28191ce5cfedde6561259c452a29ee09a2bb4,3132706169e4a623
360,360.jpg,.jpg,37664,9c205f60cc7e4ddb40b16cd9678a33b6bd51f5da362cedb18b59cd8f6d29e1d0,1024,1024,RGB,True,,1,train,1024,1024,True,185296f38bce02000ab9bd31dc36b952518be5e01b4d07cd47c25d4ea9344608,1010121213030100
361,361.jpg,.jpg,102533,91765208210a44b6b0e1cb55e46d8a6317cf2ec624bd28f981f5572d95ee5d06,1024,1024,RGB,True,,2,train,1024,1024,True,feec6d7de085f6984bcc3a4895b75d860adc1cd6cb66e527a6891711a6901884,7f1f07210e1ff7ff
362,362.jpg,.jpg,99156,6464de159614e59628606487b46be44bdec636b1f8ca6d25def963c4204c7bd8,1024,1024,RGB,True,,1,validation,1024,1024,True,5a14fcdcf52f10c377a9a1ec7f255c08b91ee68d6a0ce6030c8343e0bb250eb5,68ecf0b83870b098
363,363.jpg,.jpg,80469,8aca40b34103fdd35d8eee764e2f7152f4c635a11afeb3b11dba84499b3ee8da,1024,1024,RGB,True,,1,test,1024,1024,True,c3021a80f88781299872e862679d4c16f5645f3754aa1375da0ac62322f4c1fe,0f1f3f6e3e3e0e0f
364,364.jpg,.jpg,52375,b7039c67034b5e309ef624937faabf4f49a073ba3d95edbbb915bf0e539c4f95,1024,1024,RGB,True,,1,train,1024,1024,True,920aad5e57f8cc3809cb0160065be57c2f6791381793a149338a5d5fd833f425,4044c64e4e4e0e0e
365,365.jpg,.jpg,89268,12349b338f46b98fa80eb72ea558d8a4c67e782d0d7c9b33ee18b29440aee994,1024,1024,RGB,True,,1,train,1024,1024,True,27e1e410145287dea5291d9a71f212aff9df6c469c103985fec216aec93958d3,09cbccec7f0f892c
366,366.jpg,.jpg,34324,f1ee9747135175677e6bb4671c592fb18133c7e4fa5b79c7d7169cf140e1593d,1024,1024,RGB,True,,1,train,1024,1024,True,7fd88025b7ad9d138b24be137120b6d10656e6a5a68d795c7c75d4c70735764f,3f17130b091c0b1b
367,367.jpg,.jpg,46026,18cb3449a3646003fe88ec7d0b2f1b1813159e0d0623c3e8f2185a18fde15878,1024,1024,RGB,True,,1,train,1024,1024,True,1dbfaf8543f35765599db6c29a0d87543f9e52a8080ca3e4ed1cf63db9a37e81,171737377030606c
368,368.jpg,.jpg,82970,50dbedebb5909db243821e1199d57048c6fd1527ac81c8b4b6aac5ca4ddfb363,1024,1024,RGB,True,,1,train,1024,1024,True,a3ab78e4ce95cd7af517ab4985abda3c4ae8835cf988fea6c5eeacfa5005fbea,c6c3c1c0c1c08185
369,369.jpg,.jpg,71280,e941ad4e7a3e8114e88633f989177d02d3a62cb09ad20bf88c6751c2e6b280d0,1024,1024,RGB,True,,1,train,1024,1024,True,e987b8c4d1d931b7a30ee8aef622f7c974db508fd7c4b6816c1a99eefda36c5d,17674f0f0f172e18
370,370.jpg,.jpg,69765,a951eb93a737ab79227c0e056b89f604945ba94546a5baccdee96b821d252c04,1024,1024,RGB,True,,3,test,1024,1024,True,eb96918f8f0c77a9e5ec9a5ea536d75c5c1c766b212258c173f403d12c2035ff,00000181c8e07058
371,371.jpg,.jpg,46403,b650a8d0007bf4af64fb56de4ef556dba1388523608aa560210108f1a4eb9dfc,1024,1024,RGB,True,,1,validation,1024,1024,True,5f50188ce69d464c17166b4fc170176cc2a2032f44021ff92adf60aaf896fbfb,f8f8c84838808001
372,372.jpg,.jpg,39909,db81bb001082d5938da3e13155075938ffd0a8f127e08a6f271730915b3c8327,1024,1024,RGB,True,,1,train,1024,1024,True,e13d716cfcfe5056821c015eccee944a8970ad37ad32eb27c24eefcfa70a02dd,8ec7c3c1e1e0f060
373,373.jpg,.jpg,79903,256d427cd53f19fd3cbc3ce0b8184e9811d2f22164f7a6385b98893f687aca9e,1024,1024,RGB,True,,1,test,1024,1024,True,2ba97ed8b7b4e6a02e991026e7f1a7be212635b7f8aca77ee30b4bf38f077a25,0104010003c08021
374,374.jpg,.jpg,75956,aaa35015054e849f37fb68b7f75f33475b14a3a98487329cde81c0ea9be56e54,1024,1024,RGB,True,,1,train,1024,1024,True,2ff3fef53efc5dc2f5276f50064b8bf57e8e545c562c9ee7753f70ab3438034a,f83f0f83e03070f0
375,375.jpg,.jpg,60098,bd823c6d378524b87b84f24879453ac0c99ac5d7ff8ba9f80393caad3e6b623e,1024,1024,RGB,True,,1,train,1024,1024,True,135bd2093826d7dcf7cfffca2cce7441d545d0e4da1bba02d73ffd6d88ebaa78,6a18181010101010
376,376.jpg,.jpg,83989,b47e7c3aa1753b702e77c1f2e9ebc5f35287d92bd3238e04d91fcf7f352c35f2,1024,1024,RGB,True,,3,train,1024,1024,True,4962bee8c9987014ad2c75d1b938230db5e799c1d9dcccb049004182b823f625,8787070f0b1b1b1b
377,377.jpg,.jpg,128573,b8639b7f7e2b30a5496157007d93edc457f2cc71d3b3b6b2ab6863a5b43d1358,1024,1024,RGB,True,,1,train,1024,1024,True,fa1509b201e6edd2626fcb40a751cea992b7141a5c69681978f3f30c1fadbb89,bf9f9f9f838085c5
378,378.jpg,.jpg,33272,f5c19185af862d6b4339d6c275d04cc89bb45ca5898844f65b140558f2a05e2d,1024,1024,RGB,True,,1,train,1024,1024,True,9f40d1d6358d20a3ec9525218f5a0efb82cae7cd8ca6b11a4df704ba6558bc56,3131726169e4a623
379,379.jpg,.jpg,92277,a70af8fb28364f1446563426f882380c22a601c28ec07d3e08e7efe49de09f0c,1024,1024,RGB,True,,2,test,1024,1024,True,e25b1501cec8d68da75ce626a38983b5ff0d4707a1f8c411d3c47c2bb4159791,80f87f1f0f070300
380,380.jpg,.jpg,36935,d524cf3c447be37082e6ab3db2a398a25032acbe60a7c1ef21e0bfb9df2d29d1,1024,1024,RGB,True,,1,train,1024,1024,True,d3a87749166316bf0b646f582004616f0d10b1dfa5ddba07bae6409aba7b1499,0000f0e3e8080040
381,381.jpg,.jpg,39435,951a80de02f1c46b47943b510826899aebea32069daa80d94e90aec48a8855c3,1024,1024,RGB,True,,1,train,1024,1024,True,e0b1b67425245f9d3ba821987ef70bddf0946ad15d49a47c51efc5d018ca30b7,0003d3e934173430
382,382.jpg,.jpg,140228,7e25d2dac95ee248f9382c01bbe2187f4e98d9e843bab926aeacf41f0b80d669,1024,1024,RGB,True,,3,validation,1024,1024,True,69497b2e857d1e0aebc343327099602662420536a2db36da3a4869ed0c88b27e,8f0f0f1f3d392163
383,383.jpg,.jpg,58875,979c2b909a79c4f2bfb59c6fe2e3563fda9f260c5634b55cc02f2672cdd7472a,1024,1024,RGB,True,,1,train,1024,1024,True,a44b5dfe8a15b25d98dfc16d0df1291c3ce79079b85e86378b4244913965178a,0f07070719090400
384,384.jpg,.jpg,58021,78ecd0e461d7e129d6eba5cc2bd04e823346b73d1bd3ae35c8bd5b7c5e8ce423,1024,1024,RGB,True,,1,train,1024,1024,True,1a0bae2604b8b3bec50b743bb972c625437b1a2cd38731a427fc3c82564da295,3131313332323430
385,385.jpg,.jpg,71435,a154e83bea8fe73f75f34ff51ac2d8bd6ab9523418dce5e4150f2d71d3dce88f,1024,1024,RGB,True,,2,train,1024,1024,True,51b7ca400d5765709e483404e35979569ad7503f47c4aa3c0c1aa4ee83c38af7,3f3f3f0e1f3d3d29
386,386.jpg,.jpg,130028,2bde04f4c3bc4717fa76925f2aa99a59ab2ca799088f5e457253010f558aadc0,1024,1024,RGB,True,,3,train,1024,1024,True,dbbff3468c23f48066d8151bd819aff67fbe3402df9ba918b775528be89524f7,070f1d3d7c481a5b
387,387.jpg,.jpg,63920,d32fe8086b8ece8b4be905f98c6a8aae04667d9a0736bbdc5fac629ac62ad560,1024,1024,RGB,True,,1,train,1024,1024,True,b30c6082929f3a513ab274eaa0b6ae4d418ed1391060069f28c9cb39e03615fc,e3e0e06121010101
388,388.jpg,.jpg,36502,399ac6a58a34f97fced30e04efffa22bdb6daa75812afcca076a6e6a5b9cee4d,1024,1024,RGB,True,,1,test,1024,1024,True,952e790c27458146b52d8ab8b8dd631f94e92b73fcdc823c5f18149d537e9956,00804040000064cc
389,389.jpg,.jpg,54086,e2a0f9ef1d9dd40df46942cdacf3eabc32452462a578a9129895933dbe926475,1024,1024,RGB,True,,1,test,1024,1024,True,9289c35e601e4c9a27c5562747dc2631342803bc3d02c514538de1aa1ce4ee27,5c1e121b970f4f47
390,390.jpg,.jpg,39349,7ab580fa225111b65ac51d43b671c7721c6adb0c127d95217207e0c09a1893bb,1024,1024,RGB,True,,1,test,1024,1024,True,3d59992686edbff4bdb35b15d66ff7d5c9cdd631a3df4e3835d9d7526cfa4bd1,30303612d19f1c18
391,391.jpg,.jpg,51812,f954599d7ef9c9c53afd738b6c8bcc3fc1f2d4fac460d6a0ca139ded8b09ca12,1024,1024,RGB,True,,1,train,1024,1024,True,32287c92b074dbbf5a0b2987d85d7398a2740e3e74e26f3b07e7d3b388725e72,90b0e8d898381d1c
392,392.jpg,.jpg,111459,35fc476fc191c3e3da1c8584b979d89dcb11a8a330cefdd07dbd12d280bd5a98,1024,1024,RGB,True,,2,train,1024,1024,True,71b2c5c360f62dc987048055acf65b25bef67e6621b7c9a8a2621f727f697c7e,98dae6c78797d3b3
393,393.jpg,.jpg,68675,2c84e2ac151bc30404459d8f2834617847e8ea8e2684410acf75d3d8653d8af6,1024,1024,RGB,True,,1,train,1024,1024,True,a2e738a8d5c392c0cd40e10afb2c0e5c80ed34934c50bdf4bcb60a58ca669fd0,40611f1ffdf08a12
394,394.jpg,.jpg,43208,fb0ad3f8bff0544dd73e33ce230018c54b67343753d3ddf2796b0893fb336a1e,1024,1024,RGB,True,,1,test,1024,1024,True,619c78148b71fb2d725a5922be29d8f160d8668a9e90d5422cb2c2b125fa2feb,83a383e1e3a28282
395,395.jpg,.jpg,51423,9db3686b34b65ff898013047b8f3833239e7c60d1a33616abae0a4c07bd0182f,1024,1024,RGB,True,,1,train,1024,1024,True,d29192043de45c202d9adbe92e87fa018e95cdb59e1ba92e8190d83aba8d7bd3,10107074323333f3
396,396.jpg,.jpg,138411,f24df8712a01b37a109733610d199a3612887da589a51dd58b40787a1a2d4b3a,1024,1024,RGB,True,,2,train,1024,1024,True,23e6e49e4e47f5fe462022b157f58420b68e6d1af1a877d5cbe022b0249c1565,f33b1f0f8f060c1c
397,397.jpg,.jpg,34843,c7efe1f8fdc2e053fc14c8bb1b7fbc41379f6a2bab21e389e531636ce751f504,1024,1024,RGB,True,,1,train,1024,1024,True,2c15dee10fd11df3172f516fb241a6c7de10c4f66cd82c0f9112cf7da2fc1b0d,70f0302820646564
398,398.jpg,.jpg,56082,09e432545aa1786a0b910fb99eb83f1a2efd5b9c611d53a02902c8fec65b70af,1024,1024,RGB,True,,3,train,1024,1024,True,d32866275bd9d03a577364a11eef25ca420026be92193369a003f592a3d3d93f,8f0f0f1f1d1f1f1f
399,399.jpg,.jpg,41701,3f5d2a4531f0c0b0321d07d0e09bc9daad0cf574427a0d6b6a6f2bf47b4135cd,1024,1024,RGB,True,,2,train,1024,1024,True,b2b06feea33f9be93ebb5dd3cdae3b297c490ad2e72a18f73e473d843b22c40a,0f0f130317f3c3cf
400,400.jpg,.jpg,97857,ad43de7533d0c56aae81d16ab38129c667b4b89ee36dba065df5eba1dc620d64,1024,1024,RGB,True,,5,train,1024,1024,True,6360a8c4691b784d32b16a70241d8c2f6cfecb877fe455ad7e6bff1b4ee78df9,c8c8f0f131211d1f
401,401.jpg,.jpg,48869,08629faed6a1055e8e8980c3d42121d7436fdf4a430337745592f04e085a9759,1024,1024,RGB,True,,1,train,1024,1024,True,daf3aaa8fe68c2235c401b2dab6124fbedafe6aa956ed4d12fae97215660addf,5b9bd3f033352767
402,402.jpg,.jpg,52693,295f52aff267c80ad5bb55a40ab6a8f12d5770cce8aef9e0f01424e0ac4fad40,1024,1024,RGB,True,,1,train,1024,1024,True,12e527c7ef250176e923862c27b968fa31116649f27f5a13d2d1324be5807cde,30b03030383834b0
403,403.jpg,.jpg,80068,cd3a2136b99a13ddcc0e5839613280a39eda6d04c1b433627b5649f00549340e,1024,1024,RGB,True,,2,train,1024,1024,True,94d0cc4b6c66ae27087c757e011be434e9d535a3246b42608b67bd51c7a0a307,1838280808086480
404,404.jpg,.jpg,86144,fbe14a165495c0efe90a672c861ade7dfb5601ec2949b77a2afa6250848cef47,1024,1024,RGB,True,,1,train,1024,1024,True,4ca4c8f80db9f13d55f071b3f92e78664e80415634f19828fe4c4bbcb64b2b3a,eba9fee063ff787d
405,405.jpg,.jpg,52794,383a72ac3d1d74f2c50cb840529e5548c63d0bd80c3e0ffd0acff5c211039010,1024,1024,RGB,True,,1,test,1024,1024,True,72fa4744419621f6b2c06128d79ac09b4953cf501d10f0dc3aefc72e15a4a108,7171717178787878
406,406.jpg,.jpg,49229,abe48139eb15316845b70fc515034606a55956c62f01539d94d7689b562d71eb,1024,1024,RGB,True,,1,train,1024,1024,True,a17b31aee01383b5d8a8018fc0c1cffbd853eabfcc00b518262a58cbece63a46,0e05e1f17f1f0f3e
407,407.jpg,.jpg,29718,279df85a5d927f47c436d6341c0b288ca5b47fa3080cf5970736bb1a8ed7876c,1024,1024,RGB,True,,1,test,1024,1024,True,035ee73f1ca471e45945bf0cb751c45f671fb7c32381e188382a6f37ef00670c,4f2f3f3f1e1c1830
408,408.jpg,.jpg,67826,dc26e4bbf34d88edd0b5b2cfd1973829e6637c4b297b328ae28ff1d5af3b3c36,1024,1024,RGB,True,,2,test,1024,1024,True,388047ffff8a52b4a04ac81a6c9faa7f592ecb26c2356af5f54acf4af2350e56,3131191f0580feae
409,409.jpg,.jpg,39662,519564a01d1b103fee1aa2d9f2aa9cb79ed71a565e8262e3d1368a22588206f9,1024,1024,RGB,True,,1,train,1024,1024,True,583f1e80ae1d3cb3a60082f39128b2439d387159f6ac067ef19b4bf65b44e0cb,03030003c0c0e0e4
410,410.jpg,.jpg,82822,9249648b8c30b5b6d6607c9b28c5ec0ced90f262271f1c4f1b8d84cc89860557,1024,1024,RGB,True,,2,test,1024,1024,True,c34046390afcf66f5df6befe2f2abd87d33ac00813b6988d1bd2d582b0194018,f8f8d20341c0f8e8
411,411.jpg,.jpg,48505,8ebb69e3b786c161ec168ab6fd873c69eb3164b86229fea71db3f627ea7f589e,1024,1024,RGB,True,,2,train,1024,1024,True,69819366350b575d4d663dc6a10d676af424dc97f627c8998ee2513fd21edc2c,8f0f130307f79f8f
412,412.jpg,.jpg,145800,0fb8ad0018f748cacaf59fb2376515ef7d38da44bd5339fdb64113e8b617930f,1024,1024,RGB,True,,2,validation,1024,1024,True,8c261ef831382ce506dde33da9ee465d4bf104dcbbd34bec5628c939e77df9b0,070321704cc78784
413,413.jpg,.jpg,34463,0217050e582fcf555e73d3439342d0bf02cb9a8fda0bd5f2aa4ad0a98920d76d,1024,1024,RGB,True,,3,train,1024,1024,True,efb0912402901446ac6d9b0aa8529d52e71ff512de02457db8a7430b55a17a67,80c02000e0e0e0e0
414,414.jpg,.jpg,66829,b7f99610d7ff31fa35ff899983ae899f64d0fb92192993d445433156f0e64ba7,1024,1024,RGB,True,,1,train,1024,1024,True,c540e8e8d474fa0711b95114f12bbd0a1b41b1acbfe3a8f2fc9b7cdf482a34fc,18198b8cececdf3a
415,415.jpg,.jpg,134683,a796362a5f948fd183b043e96936d94020e6e23deaee89f4eb9c590ad07005f9,1024,1024,RGB,True,,2,train,1024,1024,True,3308410720ce3b3ac48c1326a20259467d459376e6103e3cdb2a889eadae6a8c,f0b0b0a1c8c80c8c
416,416.jpg,.jpg,65687,01f66ea3e3d31c83a966a3b24e0da3b23a99653e2755783de8f05885c2bebfd7,1024,1024,RGB,True,,1,validation,1024,1024,True,075f963f26ca434479c411a0d11f1b5e6e64e51f7a5211984f549a3d5227800b,038381f1f1f0e0e8
417,417.jpg,.jpg,32142,dde49668f3a4337dac63a6f442d5c733b510a578533516525f87ae34329482f0,1024,1024,RGB,True,,1,train,1024,1024,True,08dfc3af9763326ce9f491666750b3dd19116839b9b03b79e775224c5a54d83b,3838383030108808
418,418.jpg,.jpg,65630,0faddc4a518449b28e505747b253b25e577264abf21f81c69d8a408278a297fe,1024,1024,RGB,True,,1,train,1024,1024,True,20635d1d00db7c0e2e888246c470e46b1456ff3093ae6b2bc8bfaa6ba95a3acd,474f0f971b121e5c
419,419.jpg,.jpg,37591,61bc0fc5522128a842101652b669648ddf2df3c6fb7819db458e7c8c9312d3ef,1024,1024,RGB,True,,1,train,1024,1024,True,9c15cc6d5faeb9a93130ffead5984701d3b96a64557e987aef0672e15f0dac19,01113707cbc24653
420,420.jpg,.jpg,62591,56453b2af69b76e83d00aca7d50c193073ad59cffe5cfc68dd4d54eae1fa60b1,1024,1024,RGB,True,,1,validation,1024,1024,True,76e31bfeb9c361e8209c15e90d755f1088c4e773ed7e619806c17bde5d23636e,183838383838bc9c
421,421.jpg,.jpg,28189,f048882dc6ecdaef412984b4c462ae21fc92d16f573fee147fb4bfd6302e043c,1024,1024,RGB,True,,2,train,1024,1024,True,821f570e1dbc1c87a816495b3ced73282b2069a0cfeacf755ff47fd309a2e546,0081077ca187c004
422,422.jpg,.jpg,119863,ba7a165974d613fc6be6a9b124a042d6f5424f74e4b39b7af068f0571d9a1242,1024,1024,RGB,True,,2,train,1024,1024,True,0b1520761f4868b3c94e8f3ee9943600d213f956d02bf5a79b79af93d805cd25,0321000000080338
423,423.jpg,.jpg,67589,0cb7d2ade8c26e25e55c5210b9b8eff9a548bc5d45e315a5958ab984793d3454,1024,1024,RGB,True,,2,train,1024,1024,True,8116a08ba6eab08424849d4938c5fd6664dcbe9e94a1d7cd440f9b2018243766,f4b4a4a4a4a1a123
424,424.jpg,.jpg,76619,6cdaa00db4d164036efd3e3a2c6dedef8a2a16706d3cca3a18b03ececadc7e09,1024,1024,RGB,True,,3,train,1024,1024,True,a4d22402c671de56b087ff30686a56b9ae2a702b911f37368e16777e69d18160,7bf3cbe3e6363f1f
425,425.jpg,.jpg,48115,56ad239845e749dd8c6a18955af5335cc8712ed42cfcc33139558baf92a9e2ed,1024,1024,RGB,True,,1,train,1024,1024,True,426e0aac7fd55c22f643be7afbe10ba3fa430b378c689c8df3835701501ea0b5,70f0f0f0f0f8f8f8
426,426.jpg,.jpg,28860,ab4f5a3cc34d33f505815127bccfcca0db5cfd381be878713d344fe4048169bb,1024,1024,RGB,True,,1,train,1024,1024,True,45b27d704cbd5263c0477587544b2044f3f90d8b1e5cd0243e3d13719e2ab452,60602060e0e0e060
427,427.jpg,.jpg,52954,673b0828209608870bcc5458f50206eb552428ee69d8a2ef6bcb73ef17042bdb,1024,1024,RGB,True,,3,train,1024,1024,True,4f07b470f0de10616d0bede23c602f8f9f4a957644384b14c359cc634dd32725,983160469bc3fbfc
428,428.jpg,.jpg,42065,ee3496edada3cabc9ec61aa6acb16e4946b63ebff580c2cc5dd746d0e46af781,1024,1024,RGB,True,,1,train,1024,1024,True,c775874f2f8b5602ea3b0b385d793222caebaad94f6c4607116bf54e2974df00,3ed9d8fc3e3eb9ad
429,429.jpg,.jpg,50553,e25172b833f13eed2166c2dc34fbdb8fa855f3b0f2b68d3d3778521a3cb2319b,1024,1024,RGB,True,,1,train,1024,1024,True,041e694bf0134fa12d6f8a4c4d353849ed5fd9feb0c898c3887e179a337bb839,0f0d1939717323e3
430,430.jpg,.jpg,90981,42d23b68eede57bee75b56bb306c775e89ca7bb3c0725c7a15aa3dc4c17a6daf,1024,1024,RGB,True,,3,train,1024,1024,True,6b06aeba5a3dbb6cb9203e4b973feb314085237bb438a6847a8623fc05b972f2,7f7f7b7ffef8e2d1
431,431.jpg,.jpg,33204,227b4a9aee1f9c3f35864ce298da5f76cffbceb8d953cc4ae9614a65686c2b84,1024,1024,RGB,True,,1,train,1024,1024,True,2e573c132424ffa0c500daa2a7b7bf816d750bdc994f87748b98b717b41dcfec,fffcfcfcfcfcfcfc
432,432.jpg,.jpg,31668,63f5f0873551e27aaa24c4310288d92ddf0223496387a313179510b23df55bdb,1024,1024,RGB,True,,1,test,1024,1024,True,e680b02af209394a45f4f7aa98e1253fa95e14147794249acbea476c411d7443,03070f03101f1f0f
433,433.jpg,.jpg,68842,4f903c50375184e81fc5814edbf2a6ef6a74d4c84c01040dd41051347fee4e6a,1024,1024,RGB,True,,1,validation,1024,1024,True,390d8804d2c4d43932c9c8ca5ef737adaf01cf65a6ebe4ee6f31630271069698,fffffff2d3333d3c
434,434.jpg,.jpg,76685,a9b22d6e5cd9a5f369047dd56ab2dd2729e5d7283de60a21e788a0ec4d28097f,1024,1024,RGB,True,,2,train,1024,1024,True,5172307866b116f659fd0cd171281b917688ff1105715ee7633b4115fbe53a3e,b672b286a422a2b6
435,435.jpg,.jpg,56028,506c16cd976d557be6855fc1ef3636b9b4c746293f8bca72574270c95d01384a,1024,1024,RGB,True,,1,train,1024,1024,True,e332a35f484e29cc9bf433dad7b91c616d7ffbf9ec2d5d5b9a44c4039ec0bbf6,67ffffdfcf5f1e1e
436,436.jpg,.jpg,70725,94c28063177ce03fad13b87d704f0824816485ee28c9550dd1299e9d28660c67,1024,1024,RGB,True,,2,train,1024,1024,True,707c9fed799513a0d03a83c23091f9df70c2f223d1be1749da31e7883db0e094,0101000020200000
437,437.jpg,.jpg,58589,7b07ff7317c0fe682bad298aa2803fb3bbde52766bb66d4502e68172e15e8cbd,1024,1024,RGB,True,,1,train,1024,1024,True,3e3989a92321f74b8a42932b24b6f58cd21c6015e4ecc2e01e0c4b7418461c5b,80f0d8c8c0af45f7
438,438.jpg,.jpg,65209,bf791ba5df9aafe724d20b7f3a79576b8f9a6b2b8b124b7cb5b60f683a6427cc,1024,1024,RGB,True,,1,test,1024,1024,True,356cfc5a81fc40954bd0501bb4b9cf46fdc659bad4e0206ceeca32b1ab559665,afeff9bf00000003
439,439.jpg,.jpg,30178,ac1b3c092153b3da50872bc23193550d02c2e281b1416e207d4bf772305bc3d6,1024,1024,RGB,True,,1,train,1024,1024,True,30948b0af4736260a74b9002b25bafeeff0f7beac64d6c1f7df25f93697818fe,278386c4a4604000
440,440.jpg,.jpg,30533,1986dcf24e95719157d86b85423cc92bff88002e462faf235bfbea670728ee16,1024,1024,RGB,True,,1,test,1024,1024,True,4b9cb2b60dd368c06371d94e24e70cc47f612dcc090edc91259806f33850a9a3,a7cd87970f2e2203
441,441.jpg,.jpg,59593,7742efeb719223b67e2c71132edd57d42aeebb1204ce6a07a0d38876f11bb0aa,1024,1024,RGB,True,,1,validation,1024,1024,True,2d2559e03c62106445d5a7d134eafdede4566ad2efb7b2e6b436448589172b0e,00048bb8383b3200
442,442.jpg,.jpg,103920,72e0d0a56ef4ff90e7c3d6e63fefa1060744b36e6302bcfb92ada9b3e5644a92,1024,1024,RGB,True,,3,train,1024,1024,True,87dd22489334c12c7e848d13a16ec61ec2eb80696c5bc1db02b152b0d677ab5a,04000000cce2f2b8
443,443.jpg,.jpg,48029,bae60e31a16d09bb007fcc6724b389f40c3ac184ab49f560b09686b5a1c7a9d1,1024,1024,RGB,True,,1,train,1024,1024,True,ebe77979619185738c782a61b569826020a1e432f53e84f121ed180033324e03,37777491f1616367
444,444.jpg,.jpg,101136,6a9e20e0ae175b2d509436b1cfb7d33edff2798c568a92750b1f451b85114f32,1024,1024,RGB,True,,1,train,1024,1024,True,fa80880852209f06026b6412e4c81eb8aff83a6357559ea9d875e1ab946299f5,1f1f1f0f0b090401
445,445.jpg,.jpg,73342,9bc3d13a65b203ce79df7dd7fc6f96c371f09d84b69f3421b2c5cd134050f28a,1024,1024,RGB,True,,1,validation,1024,1024,True,42c95899efe4cf30a0f06db3ab7d89319284406c81958421e8e89b0badbe65e4,0f07070707071f17
446,446.jpg,.jpg,84888,3585f5ae822af4025f46bdf6ae707d423f9281c27f1be8606261accef8f73d2c,1024,1024,RGB,True,,1,train,1024,1024,True,cb562685b6668e2e9a07b55d09046abd81b0bdc9eb053a9317a36a46657bb09d,ef8f0f0f1f87e700
447,447.jpg,.jpg,71735,14685297dd4c8646014d6ba62660ebfb5206c3da7a6d3bc457c77e2951bff9da,1024,1024,RGB,True,,2,test,1024,1024,True,12ed5d6c5ee62444575e02b753be4c8d05064e922b5223ece98746fa5a0248bb,00081c1525051c3c
448,448.jpg,.jpg,32270,0ef0f35f1bc811961c3bc15376a234d94b3422d54d92221e805e7e1244f8f49d,1024,1024,RGB,True,,1,validation,1024,1024,True,31b62622359624638963edd99f211e97e49b546e50a6844a2e56f89e8e48d8e8,30303038b8b898f8
449,449.jpg,.jpg,50459,99a63cf3b77310b44a55204e288ba914c23ef576032dd949a466edaf43ffb1f9,1024,1024,RGB,True,,1,train,1024,1024,True,c47c5c3ed8643b21ee55a58a4d43eacdcc82a2b9335d55a8b2168935291d1211,cececfcdcccececb
450,450.jpg,.jpg,52287,01d57dd4a7ec43d7b229c5e0692156c5e6d03d973714de5b533989388e9f5724,1024,1024,RGB,True,,1,train,1024,1024,True,60dbb7ee12faa02ed715f00a79408d184a1e67c7987b0f794ec51a327524ea5d,8060706060e0e0e0
451,451.jpg,.jpg,75872,cb98763588f8e25c51b3a7850356746d105d8369b1f5247fc0d1334e851ad032,1024,1024,RGB,True,,1,test,1024,1024,True,186dde8ecd8a4b5030477fdc1b71c4dce7f1e15aafdece900a861dfbef62bcdf,0307030020600000
452,452.jpg,.jpg,36992,79f4b55116fa238b753d9c319c39f3bceaa62e292b28d8ed4818e1b3162a363f,1024,1024,RGB,True,,1,train,1024,1024,True,765b2e7c1e39ce6ccdc05f95f54773291070a94b715c562a8a8049c84e7f8835,7fffdcc060618303
453,453.jpg,.jpg,34101,2d9f64385a2bbc89d27bab9b844564544a1e4bc1356e94a88c03ed9bd6f60d9c,1024,1024,RGB,True,,1,validation,1024,1024,True,8bb5106497faa24f989aa53469521199788789126ca28abd24d340d37e6d844b,3838383838383c3c
454,454.jpg,.jpg,40237,932f4681defe9b30093e001c1e890984db174712cefb2b526926206fd16b55b8,1024,1024,RGB,True,,1,train,1024,1024,True,474a5cbc5f8d1ddea7ab4ed19184a38de2e26910b8cfe323aab996b13e657716,0f0f0f1d39797323
455,455.jpg,.jpg,35260,efdfb77fae4a7094949a0c63c528b76af94b1360e1324fe907309c3c758f7738,1024,1024,RGB,True,,1,train,1024,1024,True,a127666345daee9a54cade7dda4ce0ac7cf000732e17f4c4bad379992e9b6983,d1f1f0f0f03430b2
456,456.jpg,.jpg,86126,f62dd21bb31c99e4952b0ec03407166bdfb370d483082389affcf41ffdce935a,1024,1024,RGB,True,,2,train,1024,1024,True,57b43410c22fec5c12e97d7aae584aba2e65a788f53211713f2c8760bcfd58eb,a121212303020604
457,457.jpg,.jpg,79524,d747789f0671157e200dab62e14371eab94f827b2e9b92c40c9f7a889f301a25,1024,1024,RGB,True,,3,test,1024,1024,True,96aa04b7b386284ba8d450149cae15d3353c56b394285c69f0be3d145fd7cfaf,c0e0e3e767272727
458,458.jpg,.jpg,43508,90ee9efb3ac1d78192ae0c46105c0cc25f2d376996ad92b08267236c165d21d3,1024,1024,RGB,True,,1,train,1024,1024,True,9360ceef880190f39dd606cd4f1b23e6fbbbdeb56b3a37fd51778d135e8ebd93,e6f0f0f0f1f33333
459,459.jpg,.jpg,48714,d05649127003661be2274048fcf469ca1a6255da4d23b56e2602e21a51f00304,1024,1024,RGB,True,,2,validation,1024,1024,True,5cf37a932f3075f585fc67e36c1a9d95f9d52de6e0b9425355801d358f8ef902,3e3939393838b9b9
460,460.jpg,.jpg,51312,f61d5c2e3784c42b08a35bca09cf36c4f284dcff0008f5dae87e42ff05dc75fe,1024,1024,RGB,True,,1,train,1024,1024,True,0c3266952db49bd3a784d11b03d335f1b70fdc9282dbb193c97859deae71fc97,30b03030383834b0
461,461.jpg,.jpg,98578,c91e4f1b00f1f47ed270d61300e596f4ee18dd1ea7b67a13bb16869cb4c5a4d3,1024,1024,RGB,True,,1,train,1024,1024,True,834c86be31d11e0fa349d0e6fef8838e31d020a1eb942e6cfaad671751d783ad,dcdcdcf8f977fae8
462,462.jpg,.jpg,32397,d5b4b72bf1249148ff501df286038011e35d9a8bd42600fa86df7a85167ab44e,1024,1024,RGB,True,,4,validation,1024,1024,True,0209297db7db6c1bbd8cf9278f70f0963195070f6fb61588f8cdd801918bd9e8,0e1e1e1e3e3e3e6f
463,463.jpg,.jpg,50698,709221e4df30cbdda39da2a2916ec1cdcb3fdd3d7838a4d12e5e8532fa5ba909,1024,1024,RGB,True,,1,train,1024,1024,True,cb55e79bb1ad9664e9714575d53cc6282118ea4c7edd032318fa3dbd2977bb8e,33f170335f8f0f80
464,464.jpg,.jpg,37518,ffdec3d43ed85a2b95a3d2357bd809a7570448e33bef6139ddeffd7dfc7d2760,1024,1024,RGB,True,,2,test,1024,1024,True,b3dc1c1d964cd426b57d5afb51dcac2a2c7b0fe065fb3bf12941f760875cf5c3,9f9fc1c107070707
465,465.jpg,.jpg,41492,ebfd7397384e624c9f622dfed9535ca6d985ae9a0243ede714fb487ceaea5acb,1024,1024,RGB,True,,1,train,1024,1024,True,3316eeab06f2b52d04e943fd44128914d5e16acdcdd3079f99b7b39031ce0ce1,1b33070f0718132d
466,466.jpg,.jpg,67614,12a3b36cf42db7cf533d9d293168b7ef67fdae04fe83c5ab157f9e1280cf3f5e,1024,1024,RGB,True,,1,train,1024,1024,True,b754562a938a87b7c88dc295978d189b85245521baa0efd9993c1ad79176c5a1,0f07070707070717
467,467.jpg,.jpg,159137,d0b387681b41e9d912f13bca0be70f115e9fb51a997f4c494114bab1bb9fc94f,1024,1024,RGB,True,,3,train,1024,1024,True,3d918b305ab985b8e6360fde683bb8cac9bd31923e40fe4be59a168307052560,dc5c888888981c3e
468,468.jpg,.jpg,91944,e91e12a4b2e70af548020594f56b22b46b41fbe6717ae0a31cbde36674dfae08,1024,1024,RGB,True,,2,train,1024,1024,True,9a292ecc3f9dc7daf24ee6ba3f601da999c8c86c37dfb2c0395a74555b180562,131351d1c3c2c606
469,469.jpg,.jpg,68616,743c591bb688c4e2dd76e9c2c6e8f0a00b206bc41094703dad257c045b093eb8,1024,1024,RGB,True,,1,test,1024,1024,True,c1d05458006d21091733a336b1e77cf27bbd4ab702524e10786e01a3e2425159,200181c130181607
470,470.jpg,.jpg,36002,5ae2c873782348e11558c3f47a3f1ca76accab27cd61f792e73f0edcb108e564,1024,1024,RGB,True,,1,train,1024,1024,True,7b3edda473ad1ebc033dbe51f16359dc20c5a7722c292f83ad2d806e4cf319df,fbf9fded7cf1efff
471,471.jpg,.jpg,44141,d1f894db8c954a168bd8ef7f3f9d6a1c129d18bf6f643ed46ae2584cf369b524,1024,1024,RGB,True,,1,train,1024,1024,True,5ad56bef69fb37d789dde2d7ab534f4b55a72036ac7363ad4fda833970a872e9,f0d8cc676668e020
472,472.jpg,.jpg,68576,65a86e223aac4e3df75fa1d0f1b6a9a0933728e1429402f7318e4a90851a6170,1024,1024,RGB,True,,4,train,1024,1024,True,575a075c882629ec748651c35d09012f7ecb09873c6ed2a685597318cd6ab92c,1fffff7fffff7f7f
473,473.jpg,.jpg,40992,e45e9ff207b5263597a52085239afcf4e98cfd5c3a80d608cbacfa57530979ef,1024,1024,RGB,True,,1,test,1024,1024,True,81823fbb49c51dc1a827b66432ce61ce17a1f63672552230220cd55d6cfb8108,2c282841a16363e3
474,474.jpg,.jpg,28406,cf645d49099f8dafb2117e865482536727306053498e340fbc01fdea2d999fc1,1024,1024,RGB,True,,1,train,1024,1024,True,7cc90fc5aa515d0d9b2b40e5c4c76a2c3c38b0c30aa851c1e3411ee881084ab9,c0f0cc0c48f03038
475,475.jpg,.jpg,107276,7f57b954da8db0f6db108fa058d530f8fab85eae4315487290c17c110670ded7,1024,1024,RGB,True,,3,train,1024,1024,True,9890d24329dad66cbe0301b784df6eba4e223cdcd243089372c547052d8085fc,931381e33c1e0f07
476,476.jpg,.jpg,119690,aa6101682c1222dcfef68f86fbcdb32480b44569ee31b57cb0ae94d36f9c2607,1024,1024,RGB,True,,1,test,1024,1024,True,9455b53662fb52296c1d54ab9989a36cd58ecbadbb9adbc4e43565e8fd51a21b,3f3f5f7f3e9eedff
477,477.jpg,.jpg,37910,31eebd31af1d8c74ae2f0be2751a16add70ed48065a73a07f14609d389aa6a26,1024,1024,RGB,True,,1,train,1024,1024,True,1b7468ddeae5e841e3035a9e814a3e81bd4bcfdaa71dc94c715970fb3c5b2af1,c6c3c1c0c0808083
478,478.jpg,.jpg,40800,a8ad1e9ea84e8d13d0e5da96d95e0c8e7770bf1a47a7aa14db62293ef64ec11b,1024,1024,RGB,True,,2,validation,1024,1024,True,34c7c25fd9c6c22c0b8879f8acae312e1721e725ecdb9ec07a8e6baea6ce2ccb,84cccceee6e6e2e2
479,479.jpg,.jpg,61647,27bc2ad6f959e820863c903c4697356370e85758681fc54a6f2d71904ec92ba1,1024,1024,RGB,True,,2,test,1024,1024,True,a884723715d64435cccdf430c31d99a4cdd4bc062cccb879988b51e222e7223f,90ac38f0e0c00401
480,480.jpg,.jpg,79295,26c3769110be98a76b3a01281ad40cd8aa0450869ea5e1e8fcb156195fcb31c0,1024,1024,RGB,True,,3,train,1024,1024,True,8af9c91596d77cc983ba922be6cc552d5910b853f4e88b2ce135710619c3d991,e8e0f87d3da4e0e0
481,481.jpg,.jpg,95532,3d2973f2e4a4f95527a4030322ac3d97dd52998faac16f9f7e0729d957132b69,1024,1024,RGB,True,,3,train,1024,1024,True,11db52ca53f78d4389e86928b8deca97311f09508f880e3b1addebd2004c66fc,03000080e270384c
482,482.jpg,.jpg,80429,dbbaf123e1489110df9d1391f0495644642c2094dd7b385cf40a9b6298a1252b,1024,1024,RGB,True,,1,train,1024,1024,True,5b553ec93f6f6c7ae41c4f939643f51edb59402817132a4679e27d4477bcd1e9,0401020c0d1d1f9f
483,483.jpg,.jpg,41170,8a285eca3b2b34f37aac4594cb2e345bf74859174b04a7036a44d235215c5937,1024,1024,RGB,True,,1,train,1024,1024,True,688ed7bd501f95cb80fca5ed9d9380004c95fe8cffa9acefc83ecf40592f739a,0300006078f8c9cf
484,484.jpg,.jpg,31743,e268eda2e68a5ecef4e3bbf663ecd697e4bb0579723855818024e0081a685130,1024,1024,RGB,True,,3,validation,1024,1024,True,36cc56e5fc315547930506426bbe2221e569e5307152a9955c1d092fcf74e560,00809256de0fc73e
485,485.jpg,.jpg,124780,6bde2ce3edf1d8961f40c510784c3ee0c4d7a82e12885d7fa94900da37e8cc57,1024,1024,RGB,True,,1,train,1024,1024,True,5c6b391197f6715f39f15f84373faad0dea7254b5cb4a23d641e5b3eaa97b0c0,3ffff0c04527de6a
486,486.jpg,.jpg,67030,0eb477fd0110525d06347470180b57f971bd0fa0bc356f74ab2b46ed8adb83a4,1024,1024,RGB,True,,1,validation,1024,1024,True,f088f86827c2acc8ae4ea2ebb2098c869473cd6ba29f2cbcd86dcc70efea4e19,0e0e4e0b4c66c3c1
487,487.jpg,.jpg,66825,4cffec0b942a4d4d84c8ffbf1b8fb2110f4a695de3354e9419406a00c4957e45,1024,1024,RGB,True,,2,train,1024,1024,True,2a6a2470f3f51c9ac2e97f74eb29f08dc783205e125ab259ea47798561bdaf00,9f1f1f0f2f2f2f1e
488,488.jpg,.jpg,68625,cf4d75d13f5698d11aa313b78b1333653e6f1bb7456619a9012cd45cae18a311,1024,1024,RGB,True,,1,train,1024,1024,True,6f570f0ef06bcd2ba83f50f321fe04e976763012694d4457a241de4d10bb2389,2763f3f1f979797b
489,489.jpg,.jpg,77300,9ddb79a0ab91e3d3648a960598cd3a60374deb994da86c471fad53906b29f7ba,1024,1024,RGB,True,,3,train,1024,1024,True,0ce6da4aa4c958c0e21e1e61e2657ac345a285e8132437fd73794247ffaa535a,01000080e331382c
490,490.jpg,.jpg,28037,4a48cde552a0b24f98c96ff804b37ffeb23b742da82c9c7c026d753db3c6ff08,1024,1024,RGB,True,,1,train,1024,1024,True,59250e09f0f3077657c79a1ec3f33c2c394d7284f9e277ceb8009e4776ac7f56,02070703101f1f0f
491,491.jpg,.jpg,79189,b7744301e7589ece63329693906561fa3d9a2ff9de391b705265645dd1977193,1024,1024,RGB,True,,1,train,1024,1024,True,d614f338c378ee1da929c943dddcd2b75d014354ac784590e6be80216dbe6f0a,818f7f2cec000707
492,492.jpg,.jpg,25154,6d197c0861919ba61d5cabc162582129a6071f635a2700905f484d337ceb9d3c,1024,1024,RGB,True,,1,train,1024,1024,True,59c94df212a3c024234845a580a8cdc06c7318762406ba4b0d11db38eaa6eb23,0103030000070000
493,493.jpg,.jpg,54304,e276c03b6ab2ba69edd963aa41e021f1065921b6332f7f7ea7920ba1ee2827b5,1024,1024,RGB,True,,3,train,1024,1024,True,81686b4ab21e04018d0bdb08f0bddaf29f6d2329c9585805c0674d272464b950,bf9fbfbf3f3d1920
494,494.jpg,.jpg,62151,9eff8bd7dc16decf32bc580090219c134f9864c77f90d68175fe89d200e4345c,1024,1024,RGB,True,,2,train,1024,1024,True,bcb4dd2ddd408b15e7d5a32017bc5785b80b016f6340c080d8f518ecb7d19b47,000081090c38b020
495,495.jpg,.jpg,36487,e689545af1ea4b157c824ea0381ce739860f89cd9f3b095d3ab02becc202fda8,1024,1024,RGB,True,,1,train,1024,1024,True,cfb1aabd989770094051009e013eff780fac91c3ec4da71f484d7969e2037929,e0e0e0e0e0e0f0f0
496,496.jpg,.jpg,34857,8d8f6cac3ffb5801a92e350ef603bec0b434ac9aeb63b60650f6a01c87f7dab5,1024,1024,RGB,True,,2,train,1024,1024,True,dacebbc3abce59ffea8eb966bf0981f2449b46e7fdc109938de976f0889290fc,f0f0e9eaac0c1e8f
497,497.jpg,.jpg,35208,b4eb312d82d738591195ed1c56ff4f05378f9a7b4ccae2b44d8f75b212d8e13d,1024,1024,RGB,True,,1,validation,1024,1024,True,f6c94d313a43f9f759ce39c05394949476e19677863878f7767791b1743d4899,0303030001074404
498,498.jpg,.jpg,95443,ebe2a64452bad9b1280468ff47b3955e70a4d0d14ace6b38540bfdd9558da5ac,1024,1024,RGB,True,,2,train,1024,1024,True,5b94950acfcb8bdcd50fd4bf346b544539fe9e91efc8b0ea71964464ba584472,19840084d4cd7f5f
499,499.jpg,.jpg,35447,1765294a159b275d371941bd0edf4c2d330995f889f16961f02080a1f83c5d17,1024,1024,RGB,True,,1,train,1024,1024,True,4efbc9bdc58a2d8cbeb5a81727dd1da86960c106b2ad348c1fd321d0ef2aaabc,f0f08090e0e0e0e0
500,500.jpg,.jpg,35046,5f46553a1e95538cd9d02da569a0b9f3a1313ec7948cea0455f8b1dca38892d5,1024,1024,RGB,True,,1,validation,1024,1024,True,51614a2d19a3de873f2ee1dd4b00aa7aa19b672176b5678b61a2428586ef1ff1,3a38f8f8f8f8f8d8
501,501.jpg,.jpg,92526,e221b5bf1dd3aa91d4437934100c25f062f939c9b733abcd3f79a35166c7ca64,1024,1024,RGB,True,,1,test,1024,1024,True,8084c42ea0f5b6ce7f43d02f1164ce0b1797869582c06844c834badfb47a000b,f1c7403014c1e82e
502,502.jpg,.jpg,68801,ee60b145a502aa850ea2f77dc27011e8790b2ff6831623bc4cd14351f18587d6,1024,1024,RGB,True,,1,train,1024,1024,True,30c503b03af3cc01dfd2f94115d089b3e618e3a0b03be14c9117eb8c87933843,e3386e643c1800e4
503,503.jpg,.jpg,93190,c317b75c6ea6ca3f66d19e145521ab221e5bfe98f2b623bd3492f60cbb16004e,1024,1024,RGB,True,,2,train,1024,1024,True,778b7a5d08ef78cab5b4aac8d6809336ad4dab8607358b520fa48184f7a4f220,31191e0f17830909
504,504.jpg,.jpg,51064,754e05207155e6ad12f5b148ba42066e41e72ec509e0aaf20219e1fdc5e27cdd,1024,1024,RGB,True,,1,train,1024,1024,True,9963984e79d4405c632197459e44bab13e3a4f2e063947ec62c5b46b5b46b055,0703101f1f0f0f1f
505,505.jpg,.jpg,55032,abb06fcf954d3e39e3f51d4b9771fa5bdf89686e5cde352f5712daebffd53a19,1024,1024,RGB,True,,1,test,1024,1024,True,3cbab6de4f950ab66faa717d4beb4c88e3934ccfeacc2c280beddd4c6b634088,0307000000003820
506,506.jpg,.jpg,44430,5aa091995237add988c580638c7e1a6cee4bd15b166358807990bbef0cf7d8c2,1024,1024,RGB,True,,1,train,1024,1024,True,65c0d8132b04aa9e6780a9aee17a8a3df6627a276a0423621813a1a090890304,06a7333090d41612
507,507.jpg,.jpg,45493,19c047950caae690379067dea68d176f14ee7bf9290585b1456ea4f954bf9473,1024,1024,RGB,True,,1,train,1024,1024,True,e0280699375ecd5d9bf083a6e2f9ed5644564736bd079565c89b6d47d2728736,000018edfaba1b19
508,508.jpg,.jpg,30649,bfe376c1f0205151e96051c7a8912fdede2b9644756a84cd665e6c8084ad6c3a,1024,1024,RGB,True,,1,train,1024,1024,True,73465485c4eb26ddc22fd7b09597b92cc5df3f01f9ecc3c5d6d7ca6899d607ec,1e17135110303030
509,509.jpg,.jpg,61845,088a7686f4e83b65c043a07c75deffccd97c257188ed5dffe86a2411ba2b8ddb,1024,1024,RGB,True,,1,train,1024,1024,True,8bbae7af870fc8b3485880243d556756dc285ac6c3b763979cdd014b868039b1,cfffffdbcfff7f2f
510,510.jpg,.jpg,67601,e32bbb969c9205bd3ae4d8206fbc9635a6bde6554339881b59937c26ed164498,1024,1024,RGB,True,,2,train,1024,1024,True,d51b17070b85a0aa0f102892d79c497326fd0f8eddadee26872fb99996db250e,4e0c19c8c8d89818
511,511.jpg,.jpg,22417,c88309f87fce437638f0ef4efcdf9a25586e761c34a42a0a45b3be6b32150dab,1024,1024,RGB,True,,2,test,1024,1024,True,851566a2a870fc3bb949ab6abb06b4b742010a182843bfbd9a06d65f02049716,e4e4e4e0a8ac28a8
512,512.jpg,.jpg,28166,303d46334b157c25fa695bdd242c1cd34daf4181e0577b8bdfc0d5155228969c,1024,1024,RGB,True,,2,validation,1024,1024,True,165e0751b9dc6f9838564fe041e8092e10607d5529a8c4d6320299523d865ef1,fc3f0700120e377f
513,513.jpg,.jpg,33033,7c89ca996c80214f7ce5d8f47ecdb148d369de6ae9b26fdbeff803935d06f704,1024,1024,RGB,True,,1,train,1024,1024,True,056ffaab2e58d3da1f19c355bcb1684a00f6529aa2acc049cc909805a2897aa4,68b8e06050dcdcc8
514,514.jpg,.jpg,162404,f9403f098b732545c57f5fee3cd3b49c34c82d519df88527007f0444b21267d6,1024,1024,RGB,True,,1,train,1024,1024,True,84525db1793b9ef9d4e5676c09c07a015fc50e9213493beeecd76c96b5824c12,2e387cece01e9c1d
515,515.jpg,.jpg,110529,1b0d2815ba8bad4bb5267fdb3d4af9fbcbb27b879ac8be932925f3487b7748e1,1024,1024,RGB,True,,1,train,1024,1024,True,1ee9d226892acd3be463cad28c6a6392c3d412a3ca318ca99899df7d88eccd2e,0f3f3fe4e1fbc920
516,516.jpg,.jpg,72548,d8fc9b4a9242a4b63aab0ec7244ef4f96dade1b647fab5db42f99792b8ed30e5,1024,1024,RGB,True,,1,train,1024,1024,True,254102c76a64053d4768ba60b6a38752a6ea7db3dc93ec318b84228bfc7ceafa,00000040c0e0f0f8
517,517.jpg,.jpg,49729,0fca4051c50f038504055cb9691ccee5bc218b0288d011cc0e276ab11fa2c98f,1024,1024,RGB,True,,1,train,1024,1024,True,ca271a4f4b5135fbad85af5b6f6f7e844f0cb9157bd63881a71f4785a5c34206,fef8c0010cf92260
518,518.jpg,.jpg,47975,bf0fcbaaf09b01674e18c2c0008dbb9dfb812fcf83df1a0e6739856d8dd9c80a,1024,1024,RGB,True,,1,train,1024,1024,True,2847726ccb6f192b22f8cb9f3a039ec9d13e37b46f0605fb725c5cb1fd7d9c1f,c1e0ec743d1f0703
519,519.jpg,.jpg,122997,a68f83ec028fdfbb70de785d22365020d0337b8495151872380b08501d6e69fe,1024,1024,RGB,True,,1,validation,1024,1024,True,03e1738c8343766c91801f739e42614b08cb99648897e6794e20fe3683745b6d,51d1d8d80c0c0e0e
520,520.jpg,.jpg,48671,f163d5a639b813bca0c39bfe37495efb5fee958b109ea4da8c971b669e4acbd4,1024,1024,RGB,True,,1,train,1024,1024,True,2b1c1f93aad53903887781a7e5dfba9d451a05d6f63461cae62861023a0f1ff3,e761a626303090c1
521,521.jpg,.jpg,47757,38de2cafabf7f535c7bb7f554d02e4c43f6e42f8bfab2753e052e31a2d0c1c1f,1024,1024,RGB,True,,2,test,1024,1024,True,4c62674c9999bce3266a25eb100727c741c78cfa9e35d024a47dc4a2f4a90aaa,c062686e2e2c2e0c
522,522.jpg,.jpg,65831,2b1a311542c16c1347bfa4f528e7d8d794cdf090320972a2835b13335d1074ab,1024,1024,RGB,True,,2,train,1024,1024,True,9b4de5f221b5af8ddccb72810ebc8c283089afcdfb807cdb45157dc91faedd58,60e00000000030b8
523,523.jpg,.jpg,59350,d5ab514e2abac3bfb6fa43c6286983ec92aff6ebfe7f1e676ff6e8061c1c5964,1024,1024,RGB,True,,1,train,1024,1024,True,352141def51ff30ffcd405bdfeb04bf04834996b21146ecc03e7c1a43052f45e,0707878787c7c7c7
524,524.jpg,.jpg,74557,f479e841e911d28ca77948008e23cad3ecd3e77980a2b526adfee3c7ab9595b4,1024,1024,RGB,True,,1,train,1024,1024,True,c736474dda3ee43d8e54ab499089c3d1c4b62c6f656fddd90322601c453cb7cf,fef9f1c18880871e
525,525.jpg,.jpg,41499,0f128b9c1f6f5acbfd37b36027617a0f5b01d10d6af664e8b85fec54d2ba7dc7,1024,1024,RGB,True,,1,train,1024,1024,True,550833ad6adbcc6bdaff0feb57a53e9209958fe8cc1bebf913124a0e2452d132,3030917670781818
526,526.jpg,.jpg,32858,7929250df3a5ad912040b56b799b4fbe29a89a0922574803dd4c177bbaf367b1,1024,1024,RGB,True,,1,validation,1024,1024,True,08ed93c630c0440dbfaa8a34e6f48a587ab7b2b4dd96b08472c28e43d4724788,c0c0d8e8e8f87131
527,527.jpg,.jpg,49323,f01e04aa04683a9c21c55449cb9b14c4b42b868ba9794041d9f1e7a579716f87,1024,1024,RGB,True,,3,train,1024,1024,True,b688f34e8220f75cf86eca35f1073c6c80352d01cdf9d8629184523128473b3e,8c8c8c8c8c9cf8e8
528,528.jpg,.jpg,73874,c98c6a62af46e80354c8956f2064d75fea7216e500b15b2438e461f42179007b,1024,1024,RGB,True,,1,train,1024,1024,True,7408a7cc07bfeb882c07d451663c0f11974b7974ba52ac774e2c7a2aa26def8c,015181f1d8c18287
529,529.jpg,.jpg,37278,1644fd17aaa5d28027bb3aa1456fff4143382f1ca4d6003f3a13021366c8c5c2,1024,1024,RGB,True,,1,validation,1024,1024,True,8db6a4d13e85bad563548a01abf51d188d990d635c1eee5e57ab95fcddd61163,8f87c7e37171381c
530,530.jpg,.jpg,70148,ec2248a8d3f4724176507b57b2e1a4f4d9c028b11348b58234d1e4a159601e20,1024,1024,RGB,True,,1,train,1024,1024,True,1616ebcda66ba405d45a462003e638165390c432d195a423569874479f5cc685,fcbfbb503000021f
531,531.jpg,.jpg,38821,42f7f159a500603b08ef916ab6629dc974fd1a5940c7a7b2ba6677dde87a5904,1024,1024,RGB,True,,1,train,1024,1024,True,2f2d75987d27f7bc09373496b07e38888400a64f3baee179124e8dbc53410dfc,00040d0132f01114
532,532.jpg,.jpg,29515,35a1b7daab4ce994678e3c6e6f21eee5c7d4bde67ec18f6034e18170d4f08184,1024,1024,RGB,True,,1,train,1024,1024,True,40cbd435f7b3b0641af9b3050c83717004ac21036773f0943e53c73f50077dbb,150a49cadf1ff701
533,533.jpg,.jpg,56019,0420c6f709b8ff6b48a530600d02c935792b0943fad4d6ff1ab4984f4ee92196,1024,1024,RGB,True,,1,train,1024,1024,True,7f948a8ed656ade32da600fd06db3d2d17b9f54a5b5a4c8c12a6502cd8f40863,0e0ce0e0f0ffff7f
534,534.jpg,.jpg,101588,8bbc83e7df15a576c37f8b351f724daa82b8266c512ca76e0ea48bd19967a140,1024,1024,RGB,True,,1,train,1024,1024,True,b76c46342e0b13971cec32f01e770c29da7e4efb3e7e45e3ea8aa4be3379a0f8,fcbcb81fd7d7f6f3
535,535.jpg,.jpg,27606,a775740d8bfb8e9508b99ae536f6ce673d5044f9d83240d722f176244e68f21d,1024,1024,RGB,True,,1,train,1024,1024,True,0a720f046d5aafa3016bbbdfb4d95b2e88c3673d2d2ca5991ddabe3c9ce71d54,070707f73f070707
536,536.jpg,.jpg,43969,841b37a87c5cdfed8eb38925e59b0c098d11ee1875d57fab2d024ec17f6db480,1024,1024,RGB,True,,1,train,1024,1024,True,9de1280965ae3eb06a92bd4d75b955ce7a71826f1b93a6e7532356a5e06aa598,0f1f7cf0c1030303
537,537.jpg,.jpg,46262,22b77e28ecb4ca79aa94e915459e26f289e66792701749de2f7f8141924ed952,1024,1024,RGB,True,,2,train,1024,1024,True,78633ab5e1cb078a0180bb1c176b45ef410380c9a8dd5023c67fce5c7d165d3c,fffbf95416173030
538,538.jpg,.jpg,84042,6a09237559e64941048cd921f1a3cfffec33c15651f05b19a13959771d2932f0,1024,1024,RGB,True,,1,train,1024,1024,True,64f81866a72205d56c0b1f1d7f219c5a22f05a58d715ef57b20bf52f4ffbc636,3f37331303030100
539,539.jpg,.jpg,150150,71ffab9c36166cb0a7de5223f6b216f0f0ee05a5ddb7480e8a8ea467680d10b6,1024,1024,RGB,True,,2,train,1024,1024,True,0d0e4b249f8814057ab8a187f1dc46adffc7febad244393e7e14e96fc5038f2c,7074383133272767
540,540.jpg,.jpg,60189,d344b1346cee3536305ea074e135bac8d1a212d37591a84af56e98600f1c150d,1024,1024,RGB,True,,1,validation,1024,1024,True,14de0e6d96ce5a44e53af641b5f79cec97d60e71c9d6bb7b0b61684a74d58780,c8c8c8c8c0818081
541,541.jpg,.jpg,41119,f93968d02772afb473a4718bfbfc4256e93daae781d138410d5d79233deb39d4,1024,1024,RGB,True,,1,test,1024,1024,True,a382eef200f94a2bcf58299e111473d7e8435f80a1fb1a9b913dfbdc298c1920,000008181910080c
542,542.jpg,.jpg,31239,3eb71347d12bb2ff05918c6a4e3d66e0c919169e318136415fc4732d29feeb4e,1024,1024,RGB,True,,1,train,1024,1024,True,07cb3fe0aa1af37dc552b022af055d2e7ec936ebc8610962eb449cc11c77ce66,0703030190d8f876
543,543.jpg,.jpg,68427,3c38bb82da72d4a4ee34526710486a9fc4a03c41c79ec8c3df92b4c10bbcfb46,1024,1024,RGB,True,,5,validation,1024,1024,True,3a37b5c3ba84c7d3ee7f35bf91faaec64bc8270f22d2ce3c55886bca9d0c98ed,c8c8f0f131251d8f
544,544.jpg,.jpg,44629,acf8b8e1f4094eaca9784226eff49d5f9230c3fd939841ffd4fee3844867a26d,1024,1024,RGB,True,,1,train,1024,1024,True,bf8c4475667d3e5a63cf01fbb2e4c4a70c974c6ce10b43381c50474ffd885278,031333030d162767
545,545.jpg,.jpg,149155,1028991c58749b43e71c915eb54b2dc24a1b69a3c53f83bd16fb25e7a890ff03,1024,1024,RGB,True,,1,validation,1024,1024,True,599c0a43141943a6b405255a336590d9d05a95fa18fe773d22bbf80e91118561,f8f8f0f0f0dcccac
546,546.jpg,.jpg,110642,fc726b08354fd28d031244805160f0da861ab8850be16bb838557dcdec25da97,1024,1024,RGB,True,,3,test,1024,1024,True,2b4ba82d9d6d88a14813f7a65cbf55927eaeb903a58ca0af877d8022f3ddbb7f,82c0838381203230
547,547.jpg,.jpg,81502,47cc9396d36798c6968f28713da19f517129660a0ca3ee5e388964c2e137175f,1024,1024,RGB,True,,1,train,1024,1024,True,38c09bc3a48a9fec6a9f6121d480ddf579b9ec13b389a07eb89d10d1b02a8e96,0903233733330707
548,548.jpg,.jpg,73507,cd240e55ca470d1e03b53032d931a66400ff6fe97006b9c0146a5dd192211860,1024,1024,RGB,True,,2,train,1024,1024,True,c8c5500ae0da26c40ee2bb5d60fd2a76dbbd30d1af0a78ed574993a10aa46992,0707870707070703
549,549.jpg,.jpg,90488,5e21a59e58b3384c09554c23d48122ba8c399abcbe7bc942cf187edfe94c985b,1024,1024,RGB,True,,1,validation,1024,1024,True,53a385a1f94bace8f7c02bad42df231cf94fd28fe283eb1a1baec676739b2ab8,e9ededec6cececbc
550,550.jpg,.jpg,44625,2ba9aead7147e1b298ef8793087585d16aea857c26d1e5fca3376a7930386e53,1024,1024,RGB,True,,1,train,1024,1024,True,69a6baa6749465bdb3be4db5e6c52b3db4bc60ed2ec65e2b85e6d318a39b157e,f8ec24141418980c
551,551.jpg,.jpg,222540,08e6d47ec6cae8a17bc4ad3c8270266b931a44761dd831bfa2e866d9b1f5986c,1024,1024,RGB,True,,4,test,1024,1024,True,1906fd77500b3d215f1893a7f334c623acc89c459397aed5f62413ada6078e92,c8c8f0f1b1251d8f
552,552.jpg,.jpg,40364,6b4d9b8737363ee67ac525b1178dc20c41a226f775ddfabead3fc6e0f4fb7a78,1024,1024,RGB,True,,1,validation,1024,1024,True,9f1dbf8e8781528bbdde3d106f10d81c290395d3ecd7bababc6a3abfed8d3b27,303038382c646477
553,553.jpg,.jpg,85555,8c3bc9493e43aef1b028f85bb8bf237602c6cfb9ca321e92b2cdca6c4310bd9a,1024,1024,RGB,True,,1,train,1024,1024,True,0aacc9e071698e42060c42cef5573b97a5e8378506311aa3f1fe327b6efecec1,0f07030303030f07
554,554.jpg,.jpg,84735,f759263eb57f15f4e81077e4d525a2b02ae64b36b6f4cef91881d2a0a7fb17e2,1024,1024,RGB,True,,1,train,1024,1024,True,c7aa0c8168fd761cd1d7f78132eba7e1c635ec30c45063b8f876ce9b876d26da,632030210f3efcb8
555,555.jpg,.jpg,32779,d5472719d238b4507155ff68bf1d4b8abd2db5917232a6dc9bdf59d9970e8b27,1024,1024,RGB,True,,1,train,1024,1024,True,144fe7bb948094a4c999e996485d75b2d8e87d2d580df3bc1607c9ebbd067abc,00000e7c04020f00
556,556.jpg,.jpg,54792,284da8822d003aaa18c1dd3134364940efaadc1c21dd98ab38f84ca6bcfb5b7d,1024,1024,RGB,True,,1,train,1024,1024,True,8ecf0da612cd823ee6ddb0a106d80175d66565888d890b85df43064e34bac44d,fbf1e4fc8c8441f0
557,557.jpg,.jpg,89944,7aaecd8fc67ca53442f769ab3bb5ff303115601809f2d33b6fa2e677d205596d,1024,1024,RGB,True,,1,train,1024,1024,True,409fa2b9669b78d4aedc84bd0e02ee9e8782ba88fd0d2241319877bba629bdb4,1f0e0f0e0f0e0c0e
558,558.jpg,.jpg,31548,9f72a5603754ebcbd823d673c809dbeb28ed76443c260df514062a75f2521b55,1024,1024,RGB,True,,1,train,1024,1024,True,9b2f99f5511d3202603a681de813b7da1922c9e7a52670bf1012981e0611c8fb,0018f81818181818
559,559.jpg,.jpg,89728,1e1e33a29d77f8f9604be7141a85f3c2e638f7e6872660c55bbf11a7702eb363,1024,1024,RGB,True,,3,train,1024,1024,True,fe9f9717d1b5e771aa17bcdcae89acc174efbb38efac65938b624c2feb158c76,07c3e0f0ecefdf5f
560,560.jpg,.jpg,97252,f197a7f06c0a430d2617757255fce32256906772d42b5a90566fe551b48c883d,1024,1024,RGB,True,,2,train,1024,1024,True,1a0afb4ea44b310bbb4bdfa2c85dc2d2c1ea08c60fde4f73394275bf806b32e1,e4e6f6e0f0f2f2f0
561,561.jpg,.jpg,90700,d29486b2ae5e54b56c1b8d3836240003a4e611637653dde981c8931e93e248e3,1024,1024,RGB,True,,1,train,1024,1024,True,393427fd6ef1c3e7d480cefcc888f6dfcb576357675ab5e0a177ac744434574e,c0ccd9d9f5e1c5e7
562,562.jpg,.jpg,78270,5139f8f4a4e7c6617c3ffb80979bbf7ff3d27bfbda7a71226990c3567865aab6,1024,1024,RGB,True,,2,validation,1024,1024,True,b9ae7df6dd98f30afeb89b6241f9e99db68f16b6a04cd8760cd94d0a33b2f68e,ffffff73b3a82e22
563,563.jpg,.jpg,92208,1876c2ea621a76e745275346bcf48b0ab5c8158640e8dfb5e78d1e3709342266,1024,1024,RGB,True,,1,test,1024,1024,True,8a89f83d07855b74c40fcd9e73a76e95b9489ad722c650eb6ceaf0f41fc426eb,445c1c9c98983da7
564,564.jpg,.jpg,49823,300bc3d23056922764a25ec467a2c638623e92e37c86bf3656798a70117ca1ba,1024,1024,RGB,True,,1,train,1024,1024,True,62181a43e722ff4f1257e6464e46185623d8beb6f3011f664450f7cd8c26a5a6,3878787878787870
565,565.jpg,.jpg,63852,ed9ff90a27b997e13bbc08a4add814497ea646909d4e66f47c7aadf7d6a48e14,1024,1024,RGB,True,,1,train,1024,1024,True,0766244330aad007df53f7a95d5dba952e2a1e2b5905e03b1bfc708815666ee6,c0c0c0e0f8f0f86c
566,566.jpg,.jpg,63812,6b8e9700929533cbf6930cc3b0c3c72eb0c4fe7b71e79d9848afaab9e6423d8a,1024,1024,RGB,True,,1,test,1024,1024,True,f065a9de0b155466be986370edee9dfafd3b5a3cb3d0cf8c758f49bcca0cf3ca,e3f3f3f3f1f3f3f1
567,567.jpg,.jpg,35741,31d1ec60100a84de051d1522518ccef73c77a39d39c5f189503c5c8a9905ab39,1024,1024,RGB,True,,1,validation,1024,1024,True,b36a2a16337d092af66f30ca148d63768ac5e243c1ba45d066ff669bf3f6cbce,1f37130b191c0b1b
568,568.jpg,.jpg,38989,f29b4f3f42f1a82ac662a368ec1cf2814a99d7492b9ca614ddc59b1a539300fc,1024,1024,RGB,True,,1,train,1024,1024,True,355f000ce2de713b658b7cc1eaf08c38a8ffe77859ec1980522598820bb29272,30b03030383834b0
569,569.jpg,.jpg,30712,e829120d08271c6f1f9eb3524304050a2d9625e8cac82d052fafea0e11ba008d,1024,1024,RGB,True,,1,test,1024,1024,True,4788ca6b75832a1051948a793a856318f310f706fd73fe53d346295ecd6f5894,391c0e0606008008
570,570.jpg,.jpg,32505,241023822612f08a415b1dd183b68ccc79ba6e30e8508ffb95a307d0135c2891,1024,1024,RGB,True,,1,test,1024,1024,True,ac374b8763a719d246a801c787be4cdac84f508383f3a1ba111761f191507e39,1f17317131501819
571,571.jpg,.jpg,49628,9b0a26929029c30202a1764f4650846464ceb097055eb1daa40d2a02d9697bcc,1024,1024,RGB,True,,1,train,1024,1024,True,1f657728ac12a19cb117969724841723ed5e7784b1cfb5c55d7f39f2a1eae592,1b1c1d19393f7777
572,572.jpg,.jpg,71075,b80d55f04ac171e56f61366810c5d67f344f5d41858b6c84b8bfaf227cb929f4,1024,1024,RGB,True,,1,train,1024,1024,True,a6bf7e30e3beb8b40f6838e1f8578fe190b178591365b47bae93c49d3cc66f4c,ddc7737321000800
573,573.jpg,.jpg,55215,7eb93a056351fef05b3c4c28c10ee2bffca37260646e44b92f987d66837cad1d,1024,1024,RGB,True,,2,train,1024,1024,True,ae7b44e41484b838317c65bbf3b893c163e8e971ca2dcb362fa45656ff38115e,0d3d2530180f171f
574,574.jpg,.jpg,67814,d29e43048f52cbd917795e68cf831ab6cad827036d61ba6e5a0b94bb29a1a4c8,1024,1024,RGB,True,,1,test,1024,1024,True,39abc3cb936d747662f070db58860b201aac5ffe94660b22402618f7216b9c48,e0fc3f07119880e1
575,575.jpg,.jpg,58128,2278cba2e1ee72a005a13f7a40bc3892b79e88d05e1d20b8d40bc581c8630efd,1024,1024,RGB,True,,1,train,1024,1024,True,9bcc9af9c48b1ac375a6f955f6342b908c231e78597ab16ecb666a85effae7a9,f8f8fafafaf1f3e0
576,576.jpg,.jpg,65028,d475a86a62f65e5999aafde5aa4a1bd735eea88f2304d18656d58dcdc8731883,1024,1024,RGB,True,,3,train,1024,1024,True,1a4c27a2afde3b0323ce9b8dd7433e7ac50693f6f5a39cbf5dcb6ea7009d6d59,333931707071e113
577,577.jpg,.jpg,32715,675c3950472423c2b2e82acec85ea1c3a89094107367d81b6dbbc1e84577f041,1024,1024,RGB,True,,1,train,1024,1024,True,04e8b0987c62d70a94e3f90cad79b0bd0ac563553ab88f604aa76a3167f5ae5e,0391311999ca1908
578,578.jpg,.jpg,24221,d3ce35fa4b36f001a2a41ff04b8036711131b1f6a1656728be1d56ca1c89d413,1024,1024,RGB,True,,1,train,1024,1024,True,d8b677b7a8c1f73c5e4522d4fa7b13ebf9a53be1135b0abdb3cb488178760674,f8f8f8f8f8f87878
579,579.jpg,.jpg,71884,01c416f1ceb5942ccb98bd19ab061293af68adc06d9636101931645974497e13,1024,1024,RGB,True,,1,train,1024,1024,True,6a55f37a5ba0b78c5f61444aebc1629358185c995767066e56d34482ceb47b48,d0f0f0f0f0f0f0f0
580,580.jpg,.jpg,88792,3b40a7add26cf6a437d451ffe924d824dbcc4fafbad00976a5287c08d61092f3,1024,1024,RGB,True,,1,test,1024,1024,True,ac683b06091958e89bbc3fa5f7476c41c5da82687eab84263ca41ab5f0780c15,3f3f3f3f3f271707
581,581.jpg,.jpg,47188,da18639d0418ae1abf7c20328686bf3e69e18272426678b6b496895a7ef60c6a,1024,1024,RGB,True,,1,train,1024,1024,True,bcebd28544d8071c1eed696df7cb57b158e285e134f520046a07e0a896757b85,057ff8c000040202
582,582.jpg,.jpg,30518,0dd2f5284e5e02734f0d308692ca27d1f029493b5fa784f0ac17b167433e5cfe,1024,1024,RGB,True,,2,train,1024,1024,True,56348ce611ae81c821667c3ee06227a8f42f9c4654658eec025bc17eb0e7f87d,1078d89b18181818
583,583.jpg,.jpg,37703,0a3956b83fb93542f4a8cecbb982af7071c42abb7f1fbbd115e4152e65241376,1024,1024,RGB,True,,1,train,1024,1024,True,c07a84b68c75f6a9351301c7b7f9912c7fc7ae6f3fb3b6bb686065660b43815f,1f1f1f1f1f1f1fde
584,584.jpg,.jpg,47556,c965ae7f66959782498ff27d81f691254b9082b069a52609b5feb310b74c6b91,1024,1024,RGB,True,,1,validation,1024,1024,True,d8fce6cb973dcbbc4d38eea148f584f3bc248ab3e77cbd1eefa97ed7de253a48,ff9f4767b3f067f7
585,585.jpg,.jpg,41565,b4803ce77faee2834cdd95ce48f8b4057cec38475bb6bab27626b725f4dafe19,1024,1024,RGB,True,,1,train,1024,1024,True,5d8dfc9ee719192d53b7fc73c74075d7ac6fc78a90d89b2211ffa87df7e7c9ad,f333333274701810
586,586.jpg,.jpg,33428,d33b326fe2c22c9dc14bbb079fbbba9111a2c0868bc7b5b9a93214491cdcc13b,1024,1024,RGB,True,,1,train,1024,1024,True,f743529aa22c2157044a382a86885a43f6b0c61656b587e4c14385841ac7cadd,13337371f1313333
587,587.jpg,.jpg,89413,d9e53498477a6f8b4d8ee4f4e9d31fadb77190643841642f62c78797c24f9f29,1024,1024,RGB,True,,2,train,1024,1024,True,b3ad7078baeee10a59fc734696c4801a5dfe103e542533b5b24cb0d38c823cf3,0f0787878f074783
588,588.jpg,.jpg,65039,233efefcf2ecfb353ae506603c1c8569989d8a09c9ae55916a560348b6bbc5de,1024,1024,RGB,True,,1,train,1024,1024,True,e8a63dd64535640e48d3d54e1de657b3588a75a3fdfcb4179d676be05ffa6334,0336143880d8c842
589,589.jpg,.jpg,27832,66c26407b26b8b83ae377cc7295f515003eea534ff85e41876358c9b9d6223bb,1024,1024,RGB,True,,1,train,1024,1024,True,9bec429318358729c19c9d5cac89c5f1e9ba8ec1bcb67f4064f973ae81ea09b8,0002030301000000
590,590.jpg,.jpg,33361,c78ab248a7e4d61fea3cb5f7f3f4f7d55879881f910ff8474f5a2eeafd0577c2,1024,1024,RGB,True,,1,validation,1024,1024,True,cb3077a47d2fefc6483f307f75c7e67590cc7b06d9aae62bc3ba94ec4fa31514,e04028786060f0fc
591,591.jpg,.jpg,85212,e7a506e15642bd32dccb318434cd11ab636215af2d2fc26ee0cb7217aaa74256,1024,1024,RGB,True,,3,test,1024,1024,True,0af1f4dd3db1c0a3c633ea56150b1161c11393d20866b618f11d60aed8724da6,e4e078f8b1900e0f
592,592.jpg,.jpg,53597,66e5c5d6eac1bdc105a1af1d8ac11ca275028928331b4fb2f64d1ddf24cc7d9d,1024,1024,RGB,True,,1,train,1024,1024,True,9aee33fd614876fde4f36e656df30f231c9c7aa08a3217bff3d3f1e234d9b72a,3f9ffffffc700747
593,593.jpg,.jpg,40411,990d249cff6906fc1396f24f218e2b170a1674cc7b14d74931f29471eeaf9f81,1024,1024,RGB,True,,1,train,1024,1024,True,9f2040146bae4afbbd34639f467e3994dd975bfc52192c16a2aae74ccb9fdf87,3030303038383434
594,594.jpg,.jpg,40720,1da5aa12200f7c2eadcd0230cbd63ffe136d2889e3c27f0422d65ca0645bb1ce,1024,1024,RGB,True,,1,train,1024,1024,True,5343116581ec2e8ca0587b5a5dac9436fdf496bd08199b8b3de4cfe289e1a2b9,13177371f1333333
595,595.jpg,.jpg,74736,3169351558e35ca82293af532602205036de529edb02cb378fdcb7d5cc9a0716,1024,1024,RGB,True,,2,train,1024,1024,True,6dab193df633ec0f8dd50214832a12805a1f64f0ac3f9ed0eefa6aa0ff0fdb17,11040cccc3038306
596,596.jpg,.jpg,40583,254d916d8ffd273493a4cb3d0195d845d0aff9ca03b85b5082bbfd44b1e51555,1024,1024,RGB,True,,1,train,1024,1024,True,f223ff88605b0dcc8eefa70bb58242db929d4b89d480ab11e8781dbd70657404,1b9ad86939311313
597,597.jpg,.jpg,78869,20a7803ca498a8b697804660c40d7adb3f9a91cdf4e38dda0d380206fb2d5fed,1024,1024,RGB,True,,1,test,1024,1024,True,652ed919f4f99315ff5f0c8b3be623c3d480652af7c4dfa367dc565b0a15233c,7f77b080c0fcfddc
598,598.jpg,.jpg,56233,d67e52bf6722d6f87af918bd5ed1fefbd8e65f062db68cde735c6dce7a765611,1024,1024,RGB,True,,2,test,1024,1024,True,96bfed8e6a3633b99a4062232652a28b1466f45c34a1d0bc538df5c2b97d852a,d0b0707070301818
599,599.jpg,.jpg,69119,aec52b65117c9e515f335cef6d13e3d1307425751f71f9a9b46dd310a4c6b721,1024,1024,RGB,True,,1,train,1024,1024,True,887929e773b2d6a6552ee5956b02ec5905d5e0f1c66a6709f41a1c8de8f1da5d,b0802010740c0c58
600,600.jpg,.jpg,31534,2e0b8185d4b561ef7297a73fd2e3f1844367f1b247b4afec5d23f69c51f05cd0,1024,1024,RGB,True,,1,test,1024,1024,True,b0b8e1a6949786a1d204caf62f98ca3eae82687b4608411379b7a1e663ff60e3,df1f00fcfef4fcba
601,601.jpg,.jpg,39938,65803b8622c73e41637b29c3451e488f2cbc3b9abfde50c035613f31793a280a,1024,1024,RGB,True,,1,train,1024,1024,True,57796cb54e9bf806a746326754afc2457d774da2d740b29f55f25a93d996090b,070f3e3cf0e0c183
602,602.jpg,.jpg,33961,ce95847f31108864d260ec257199861cc108f90d09f00f1457c3ad6baf5ae945,1024,1024,RGB,True,,1,validation,1024,1024,True,1b297f26fb19ca16b7a7c99078edeb8c09d7709e7c9f9d236ad2ac81115229dd,67e371f03071290d
603,603.jpg,.jpg,113917,7d6f857c123ea2cc5498d72c433493923bae53fb9a6ea241081908f3dba85431,1024,1024,RGB,True,,3,train,1024,1024,True,5e7d3eb591f1705a770d13393dc384933d22659cb3297c118e07f25469fb4467,7ff3f1f9bf1f5ddd
604,604.jpg,.jpg,57694,792adac89fcad33503da3dccf444d4685436a8670445948080f31f129b8b511d,1024,1024,RGB,True,,1,train,1024,1024,True,27a429d3d13cc3eb5c91503bbe643f5388731dcd985f3d45c3d5d7f5c2544c9e,e6676664e8e02020
605,605.jpg,.jpg,72764,6f5fa80cad18821c3d9b236a324091f538d5db7673c30fb493decd5b9e9a658e,1024,1024,RGB,True,,2,train,1024,1024,True,3e2c258c9af9776ec77c8db83bc0197b4daf344c814e3c4413ac409c3db22095,050b070004100020
606,606.jpg,.jpg,28735,775c68b321c76937bc7b716c25d19d5c79b91304d1a4bde46c5d970ae47f0717,1024,1024,RGB,True,,1,train,1024,1024,True,ab648a2259ebc407859bb30412d861d7959aca81a42e2cfd3eb1164750e35eda,c7c7e7e70787e3e3
607,607.jpg,.jpg,35601,b51c8cf3f426eecb0579b9f67d0987fa5b3ea46ed2b532b458800c1e7991ca5e,1024,1024,RGB,True,,1,train,1024,1024,True,cadec513ffad4dc20db076903e52a3b2b74c87661a29134e7c47deaded278c45,eef8d81000000000
608,608.jpg,.jpg,32017,11738256f77910d3e71667aad8ecdbc06b143b14627cf589394bc4f85ad912b1,1024,1024,RGB,True,,1,train,1024,1024,True,d92c51b0161e538951f4d759da4bca7c9ba0959c8a15b17710d6fa20cd60d65f,f3f3f3f3f3f0f3ff
609,609.jpg,.jpg,128415,d8b916f15394d3b9e72e69c0bf97cf3d40730eac4690a99edf999d6cfd44f0ab,1024,1024,RGB,True,,2,train,1024,1024,True,b80d3500c4e202a03e4baca1f832881b7260ed52cfc494dd96accc06bcfcc98a,72726341030062a3
610,610.jpg,.jpg,21853,66ca5a13ad4e9a73dad42d9e22ee9f11386dd7cd600f71b79f35aa5aa5a75434,1024,1024,RGB,True,,1,test,1024,1024,True,a7a85be100343600a337d77252c929f4bea6ac81b05aa3c50b65d105bbc992b5,1919313131313031
611,611.jpg,.jpg,39548,d6ac8492315aed0d0fbfd2f12722ec59051c3089b5036ce03d70b1613393a4a0,1024,1024,RGB,True,,1,train,1024,1024,True,a9b80d1779f1b0812f0d57deca8aab861e0108350b2f7df950935a402109520f,1010303030303171
612,612.jpg,.jpg,57019,15eb9515bb2a320f6679b3645759a5c60c5a740a425bd08a38df0cb035234c68,1024,1024,RGB,True,,1,train,1024,1024,True,f53cd2f6948d07be9ba23f1752da948439e73d8bd4e5cc07b15af4bacb32f076,00c46464380c0c00
613,613.jpg,.jpg,55126,8cb95264b502bf8c0b164b7a8af3d3cd7813c189de6e5d5648dfd1b4a965aa57,1024,1024,RGB,True,,1,validation,1024,1024,True,51b7f6626e0d41a82d46ee1514eabd6687ba13b7dcdfb8a2ef63f96982aadd77,02868c90a0e08080
614,614.jpg,.jpg,21667,5917056986d8e5c858868f1fc648801fbed8fd2b60138d71339073d4a429b6ac,1024,1024,RGB,True,,1,train,1024,1024,True,e99a1a3a21c9a2ab773bf1b43b0976f82c82297fe3c90d77cd42b767f07d8352,e7e7f7f7f7f7f7f7
615,615.jpg,.jpg,68374,5d2f2dd57a11a8404aceba8c5be3eefbfcb127afec5838fa112d492d28b35b00,1024,1024,RGB,True,,2,train,1024,1024,True,b108dcbd8f589db74dce6d69447860ee329aaab60ce96aaaca6da475e91e3f3a,901060b1b1b1d0d0
616,616.jpg,.jpg,51764,c35a829bbbaf25c305255fb293eb240337a1e8b6b3aa9f706acffb5c1faa76a0,1024,1024,RGB,True,,1,train,1024,1024,True,deafe98be2f5cc1a09ea9a84a11401183f4b59366ecfd0801dd55dedbebfaf71,010002468cc0c4c4
617,617.jpg,.jpg,39127,8cb8050028bc0fa577049e5c7f35d8e9cb1546daadc8d6261258579aca6a37e7,1024,1024,RGB,True,,1,train,1024,1024,True,722e5388df1ade73343c1944b7a26e8e3b7d82a327e12ddb40cd1ded23cdb7df,0000000080000000
618,618.jpg,.jpg,39536,5406d139473f9a6e749e732f76511c6f6361113a9431e185ba93999bf12bafe8,1024,1024,RGB,True,,1,train,1024,1024,True,c5b0a77ec499a2ac2da4d55714a590915b467cdf352588662a6bfcfd0b2f6537,0c1c3434383c344c
619,619.jpg,.jpg,26951,77f0eb7f608aa83c0d6f5a52a75ec714458da6b17f084122d520c9b478bf45bf,1024,1024,RGB,True,,1,train,1024,1024,True,25b1d8c0b54d196c6668d0108b7c3f2f010a3d2db6a4f381baf608f5d97a473a,0141c1e9fdfff9f9
620,620.jpg,.jpg,92059,7badc0bf5143a5fba6c862b3b78392531873d3d5c7905c707827f1b1bb3f622e,1024,1024,RGB,True,,1,train,1024,1024,True,cda064ce3195c66546074b8911aa2eecd34de25686c0117765061e63b6bf10bf,949c323218082490
621,621.jpg,.jpg,43979,d3dab00e76d2eb0a39ea9621f0846ec83a91a846095766661fc954d8e5584593,1024,1024,RGB,True,,3,validation,1024,1024,True,ead00ad3c248620fc05b1543daf1bcdd8d61fd6297c8766789c0ed932de0e30c,0c1e0e0c18306c84
622,622.jpg,.jpg,42691,675e428dfb1eab28840d560aa4c8da2d290c3482242f9c2a487eda4dc61cfcfa,1024,1024,RGB,True,,1,train,1024,1024,True,d30cb1d9f75faef625363f48ac7968803d8d65cd81e1edc9accc4f6c5f161669,0000083020000000
623,623.jpg,.jpg,43581,1710993058ca4b47b51a71abc014301ae21f04c2bde34a4d49f38b1b03b519af,1024,1024,RGB,True,,2,test,1024,1024,True,253fdb52b0db86c2ffe8a3498cb8786727d9e39f7255cdd270afb8154995d810,1e1e1e0e4c3c0c1c
624,624.jpg,.jpg,58759,0ab9f505bfb3e6425015397fad58ff324a26544292689d10450e059d7a256501,1024,1024,RGB,True,,1,train,1024,1024,True,a93f8a926f62928352400371bdacc9fd4d988b8fbea7c199b7018d31e46e4edb,1e1e0c1864cc3c38
625,625.jpg,.jpg,72538,c74fd8c06f05e784fa61add8041cc3ea056445b6e7b0c892730d7a3a0545b764,1024,1024,RGB,True,,1,train,1024,1024,True,3be3dcebfcb68a62cf8c0e7c3188a698b00f87e1dfca9f04f75d5d246713b512,8080808090988480
626,626.jpg,.jpg,56306,ab5c660d8ab95f769c92abd4f040163b407916a0a6d5e6547b16e10227b864e5,1024,1024,RGB,True,,1,train,1024,1024,True,862c29ce90ef15730736833cf88c7329e3ae3f294e5a9903f1312c977bae09b8,7c7c3cccdcfcfcf8
627,627.jpg,.jpg,63154,f534be910526e7661606a9fa7167728bc5d330ab38434a5700ddfebd2d1f657a,1024,1024,RGB,True,,2,train,1024,1024,True,11ca782fc561bba90493ef3898183a4dbf19ed3563120a937009ba4832fdd32c,6717585397070f0f
628,628.jpg,.jpg,62879,8e99c248a975b8a3135231e6e850ea94a25cdc460748ee5a96b8640c826b6eb9,1024,1024,RGB,True,,2,train,1024,1024,True,a957db5b4d24e4914f599db4c4c1849ae753ec45c7c3dd6d5f5423bbf415b99e,c1c3c3c383023038
629,629.jpg,.jpg,84578,ebed6222f107bc011ede1aa1f72d365b746334faa9f9ecd0c228d699b1f451cd,1024,1024,RGB,True,,1,train,1024,1024,True,0dacce26d340f3872ba2b8b045b97ebf23013aa86ddf681575cb703efb5c77d7,0a10101018180e01
630,630.jpg,.jpg,47828,bd3ad5d3f46a5486291d98401ea055b4306f42e819c96b0db72e7bb0780cb593,1024,1024,RGB,True,,1,train,1024,1024,True,11ca07cba93a738b193564520ff99c9df2fdd2802dc99874ef3fc251e3759353,fdfcfdfdf979f97f
631,631.jpg,.jpg,22860,15a63298243e3897f0028781ddab8b37c1941410d4866f3d2bb9bd6458bb1322,1024,1024,RGB,True,,1,train,1024,1024,True,b5bf15be99688c5104c342cff626f3fb12b37873a6dba649ef8e2e0aac10b43d,0000000000000000
632,632.jpg,.jpg,51766,d32008f58a683a6eb5c0d1819fefc13c9e7fb1377b9a214b66c3e143422f9ebb,1024,1024,RGB,True,,1,train,1024,1024,True,b8ddec1cd261d315422774cf1080a495be0489421318a213c0663acee2959f3a,6161717971333333
633,633.jpg,.jpg,21500,6a62b6dd863451a6f6aba83095c70692291cf39fa2b9cddebd323040fe755b20,1024,1024,RGB,True,,1,test,1024,1024,True,14a1c5d01cd9ef866f0600329ff44f654d273cd3e032c061f5033c4fe1dc53c6,000002c2f0a00000
634,634.jpg,.jpg,33951,410da92e1eada9f84dd9c2f52edda80161faedc26ae712bce5d6ad58105b75fc,1024,1024,RGB,True,,1,train,1024,1024,True,dfceaddb358b8c52abf104b037a74e469e995e25f67b580f9abfd3574d99d8b3,480c080c0c1c1c08
635,635.jpg,.jpg,27452,50b372ddbb5196ddc0b62f01fbffcba6222e82fb247830e7f095727a6db330cb,1024,1024,RGB,True,,1,train,1024,1024,True,39f3c8715d01b2379f483e772944d817d8b6cd39d0fa334493229eeefad34888,e1c9cde3e2730b03
636,636.jpg,.jpg,43748,72b1adbf452ae2ffda98dce769bb6de74f81dea00c3867c6ac530e8f8827cf9d,1024,1024,RGB,True,,2,train,1024,1024,True,311b38540e6a6592a625315b1d95a8a06a9d20df5bf537536daeb94a18646a50,8b490d0f13999c1d
637,637.jpg,.jpg,68445,67d22afb1497f9560dc1dc9625b50e4d1d2ccf5837b53387964dc8bdb5939232,1024,1024,RGB,True,,1,train,1024,1024,True,ba1f4562db7ad864f96b8670306831fa2f613006a5f70f03494f379491659bb1,77371d4d4d4dcf8d
638,638.jpg,.jpg,61883,645b0851aa11fe281eb664a3b8ce1f2ba206c0b5f6375a24f4dd89e952982c46,1024,1024,RGB,True,,1,train,1024,1024,True,6030772e735d03326d7bb1a983f5f92c34764769f7b91d341adef4a5779771df,2200203021211918
639,639.jpg,.jpg,113216,1000663b5ef5526fd2b2eeb13766d218ab5043458f24ba15b1c1e18a38fcdf46,1024,1024,RGB,True,,2,train,1024,1024,True,3cadf311f11c1e5a14005efcbe2533025ba743bbf02d7bd8999496a978dcee7b,8703158b0703839b
640,640.jpg,.jpg,81502,47cc9396d36798c6968f28713da19f517129660a0ca3ee5e388964c2e137175f,1024,1024,RGB,True,,1,validation,1024,1024,True,38c09bc3a48a9fec6a9f6121d480ddf579b9ec13b389a07eb89d10d1b02a8e96,0903233733330707
641,641.jpg,.jpg,136042,5b2594866837e9abc9cf642f8ab4a56162e4a1c62065e929959bd8996d9065b5,1024,1024,RGB,True,,3,train,1024,1024,True,df01485ac0ee56430c8d2e52ccf8a33729f13f32dcb28216db2deefd71e03b23,ebbeffceecedfffe
642,642.jpg,.jpg,32445,9f597df939ecb936f2a499ca2bed0011dd343417e68bc86dfe206a79d4f6cb79,1024,1024,RGB,True,,2,test,1024,1024,True,87fc63136f37921ba04042bfec8adeb4fb7ef33f31fda34c4261a14dabfd4831,149c888080bb9b93
643,643.jpg,.jpg,22641,1bce313b290b241abb9778382c414a36ac5b250f9aac179cd1f18ce4ed52dee7,1024,1024,RGB,True,,1,test,1024,1024,True,28360874a555fb79a77d2146dfc488d99dc1077a9926323d0a35dd0b4fd068fe,1c1c1c1000000000
644,644.jpg,.jpg,113276,d4059b20a4f35cfc7eac2f8a9ec7510e3532b8a30066a87e315f22c2f15384a7,1024,1024,RGB,True,,1,train,1024,1024,True,5d5267ce8754b5645f190b7651d3ff9dc84c19fc1172c9a229505234bf4af086,a0a323212fac6d29
645,645.jpg,.jpg,29022,7a1dacd55bebecaa6c2c3ab44bd9c94b67b59718993c4f9c5259f46aa9082ec6,1024,1024,RGB,True,,1,train,1024,1024,True,fbb2118b795c032780baca6d2319f6d44d393e9e5896f2491c418a30968655f1,4324040e0f0f0702
646,646.jpg,.jpg,34852,2d8875c4f6f324080e81576767b8b409cd9346f890f401e1d41995856995f5a4,1024,1024,RGB,True,,1,validation,1024,1024,True,b48bab3d71c5b0e23c582bb3ef43f5a0543c822491efd9355370a1755c5c9399,4743133970f0fcfe
647,647.jpg,.jpg,35978,9e6964829e4545d9cd00df1c8531ea87efb3e11ec45cb56c6dba6e1b8a965f64,1024,1024,RGB,True,,1,train,1024,1024,True,0f8d59d08f067e413666c986bb7fbbd8d52fdde3d288413a919fbea03f9cb0c9,7fff9f3f1f0f8f87
648,648.jpg,.jpg,55350,d4c3a30188f0c73c0bda2de826e6b185437cb64150fb60fbc9e82e940661737c,1024,1024,RGB,True,,2,train,1024,1024,True,e183c5f02d1a313939630a63ae2ffd7c14d0d71ba5e021f7564cfe336797410e,1115071105032b03
649,649.jpg,.jpg,110425,2bb53f30be797014ecb3b827a977229fd4758561cf1e59bb43d504cad5fcae19,1024,1024,RGB,True,,1,train,1024,1024,True,b567509afaaa20932ac3e12175adeedf92d982935fc974468f91e60f63bed02c,000000121212e6e2
650,650.jpg,.jpg,42240,37a4547f801296f7dd9fef068a93e19d8be7a9a33db3c33b437af68708bd22ca,1024,1024,RGB,True,,1,test,1024,1024,True,a3fde0b61a302a554895c396a637939b51f1cbfaf1b5b9e65fad12cbaa0ebb39,c686c6d6f6f2f2f3
651,651.jpg,.jpg,152451,f03ce14bf622aa932d68f95b9d4d93079700f20d5ebe1f34aa204da961e45518,1024,1024,RGB,True,,1,train,1024,1024,True,e1718b9e8e89babcf8ab6bcbae4163bd1add4aa3478643b1bc29c061dff9a006,fffffefef7ffffff
652,652.jpg,.jpg,111855,ed2bb99075eae8ea25a4b77e4601acdea754672eb8aefd63a875e096a3be748d,1024,1024,RGB,True,,2,train,1024,1024,True,6939a0687ce4954ef3fd6fac618d075927dcca3cf9001fc027ac41a3faed8c9e,8f0f0f0f150f0f0f
653,653.jpg,.jpg,189139,5417654034eaaff92b0342586e8749925327e8dec060c8e46d42670bd9e19c02,1024,1024,RGB,True,,1,train,1024,1024,True,ce1715f56a283fa2f1956efcd8d6d2f873d62630ad32c4fda85ad655b8315db3,b8fcf8f8b0f0e0c0
654,654.jpg,.jpg,25338,4ab6444e51b29669f4e44eaa57842c6f311767b80dc1b9662be53fe3f298f7c2,1024,1024,RGB,True,,1,validation,1024,1024,True,2e46f53d0698853be94541d0879b138dd8a5a5fb2a319d54726239ce1899aea5,87c787878787070f
655,655.jpg,.jpg,39087,620117b81623cc5d0317f175a3c89000198b1345f5fac79d54ae1306b5784ab1,1024,1024,RGB,True,,1,test,1024,1024,True,de3f05c24433f5d320673bc85ee38a8e2c7098e02ebed8025010d893163bb932,7c1c0e8c84840c04
656,656.jpg,.jpg,44118,d32659c9429b0a5f583c01b16d931f2b68411ff580d7a66f2fffd9a4692a30de,1024,1024,RGB,True,,1,validation,1024,1024,True,6c9ffdb645e30f317c5cb3646d8743a90e0c890641c5f47ec82b0d7d2a115e43,f8fcdcfc6cfcbc84
657,657.jpg,.jpg,84901,b423b5c3937fb22dabf7fa86aebbdbf14776602054eadcaf3d41f3ddf51fbb3a,1024,1024,RGB,True,,1,train,1024,1024,True,b706592dee08102c928360055d98c55bef00477d1d49d4f8c67a1cd1944e9899,fffdfdf8f8fd7b7b
658,658.jpg,.jpg,34625,211cccc8b6f65fef673c8bfbbc3b24921efbbc977b13ef65bcf373ee3bc8bbb5,1024,1024,RGB,True,,1,test,1024,1024,True,e3eb54efce9649ab379872ac7161bc0cb70d5c3b9031263019865334a5ea9bea,04041414141c1c1c
659,659.jpg,.jpg,90911,0776bbfc3dcf39bac05f72614f6c57f1faf960d80684878b3da6787dd9575079,1024,1024,RGB,True,,1,train,1024,1024,True,a3df85bf7ea7428cfa8b5b33ff8f0f031140bfdeda49063d18482a9491873a0a,8c80c3c383820301
660,660.jpg,.jpg,44472,5764d39129d4ff2a3309edc37129cbbeaf922beb2f6f4dfa1617d9d2381c05ad,1024,1024,RGB,True,,2,train,1024,1024,True,c97d979342f38d8db2844c0fec0286834f3694efc43c09a57f142fa03761f36c,3f0fa7f3fbfafe7d
661,661.jpg,.jpg,104743,af9540c6d463fa98dcdb60a85a936dd8bb65e591fb93b27399c0ce4f04997a14,1024,1024,RGB,True,,1,validation,1024,1024,True,8f5386e13b1b80aaf5fef5e2bafe4cb359e433e40327ab33e97ec0ed330f34c9,80e0e0e0e0e0e0e0
662,662.jpg,.jpg,107953,48243f2abc1525dc256e339ef01f9efde4b45ff7f69a27337c0ea728eafbdf0a,1024,1024,RGB,True,,2,train,1024,1024,True,f7f91edce8e76bd9bb14b7e654ef7cb19e4f7f6882ebcac7d99a0b2fca17040f,1c3c3c1c3c3d3e3c
663,663.jpg,.jpg,75069,e175a609acd58cfccee2efcb3ed6f352d4b9803ac9a2f76bc1044cbed9af9569,1024,1024,RGB,True,,1,test,1024,1024,True,7e4be543ff7ff147da5043df4556b5437f658430c0fb7c5b6db9c33d6cfce96f,f8fcfcfc7e7c7474
664,664.jpg,.jpg,25445,23c3b865f739501fa6cac8bc27f3ed786b9b7aee3920efee994a308379627bb3,1024,1024,RGB,True,,2,train,1024,1024,True,d209af8c9a260c3e12233709e5e17d0466aafacfe6a8f798a8c8f28f44b6dab4,220e1e1a0680c0c8
665,665.jpg,.jpg,23244,32d87dcd2f08fb1fc640ed544c3ce0aa52ec9b515004c65cda771bc648733c54,1024,1024,RGB,True,,1,validation,1024,1024,True,fc04520805ac72f264c209a46be398282cbfeca9a6201239f0cd7203c5c8a7b5,3b3b7b7f7b7f3f3f
666,666.jpg,.jpg,45740,67f37e632f3aba18f4de247efb9c27f1a41d7d7dd192e7945aa61ba1ecc16b48,1024,1024,RGB,True,,2,train,1024,1024,True,6627b7fc0a1ee248b1173f006f83761ace9900f4d7291f745eaaed772e4803f6,fff7f7f77ffff7ff
667,667.jpg,.jpg,27872,589a2f78f646427edf62f54f832f5efc977ab41325edea5ed14c11834fc0dd13,1024,1024,RGB,True,,1,train,1024,1024,True,394b956af9cde244eaaf2b4e873d646c32b2562262b23f8711a8183d043bd7e0,031ffe4d4d5dfdff
668,668.jpg,.jpg,63852,ed9ff90a27b997e13bbc08a4add814497ea646909d4e66f47c7aadf7d6a48e14,1024,1024,RGB,True,,1,train,1024,1024,True,0766244330aad007df53f7a95d5dba952e2a1e2b5905e03b1bfc708815666ee6,c0c0c0e0f8f0f86c
669,669.jpg,.jpg,72602,a8fd0f265d7c8333323cbb3c0d5e8fe165bf7f6a631782716b1d8b127cc31032,1024,1024,RGB,True,,2,validation,1024,1024,True,af6a6fd686fb6d55730c0131a1eb3f68db50b96e37a6bd71c242c12c3b64bc17,60702e0e2600c0c1
670,670.jpg,.jpg,31532,32868a042d4f9c734730a705e66ae863720f4e54a5eaa5a11606b51cb67fe2b8,1024,1024,RGB,True,,2,train,1024,1024,True,8a62fe1f26c33efb36ebb74320236249e0b32ca087feb324c349c6128359d167,000070f8f8e1e161
671,671.jpg,.jpg,32139,b1bcccb5e58a0a5f7224852243e9da493af1acb9a346a6dd9abf1c0cb4706686,1024,1024,RGB,True,,2,test,1024,1024,True,99f353863ba7b077e44e87c18dd04a5c6704438f07bdf62728aad13d071e5421,6068e8f8e0e0d8ce
672,672.jpg,.jpg,65722,532684c8aee2e04b86842723773f0c1226b5febd256e1ff9cd46ee2aa7421eae,1024,1024,RGB,True,,3,train,1024,1024,True,605e08aa47e32e26598509bca595da98a2cd975a91c9dd56542eae6114b79ce2,073f3e7fff3f3d3d
673,673.jpg,.jpg,145070,4e701a46f6ee66a81915bd5bb176b0d64914c762227f460318407168d0c73135,1024,1024,RGB,True,,1,train,1024,1024,True,5757782e914f1c62ce00f181056c0bc88d17352f968a4fb0f072768361a7e26c,e06064e4e2acbeda
674,674.jpg,.jpg,61682,22de20e8a5aea6e51655b360ba90c49c2fe8afdebbb1357567c0bf48a60d949f,1024,1024,RGB,True,,1,validation,1024,1024,True,ebbc9506f58b634c1de173808dcfe85ce35117e668ad9a29d39a3640ef6ab2bf,0307030d0d0f0f07
675,675.jpg,.jpg,64415,9df30876f54675cb9132570e939293f71327103aaf5647a90cbdc366b54a257d,1024,1024,RGB,True,,1,validation,1024,1024,True,16f5b54572ee7dc6dfc14c732cb804b734a59db5eb67b90b948cbb4fb43c200d,07070706161f1f0f
676,676.jpg,.jpg,41412,7527b6d38d74461cabe3271858e7e82cfb2992fd0e92fa71ae0b14f34075437c,1024,1024,RGB,True,,2,train,1024,1024,True,d20dd6839c3a680e136bbedbc4ea3e06770c16e5ad3f17ccacfb63da89135b4e,f86070f8f0809081
677,677.jpg,.jpg,35546,0317aca183eeeda001ec98a1f241518e3ad7bf9690ec47b4edb19676d2e705b7,1024,1024,RGB,True,,1,test,1024,1024,True,a4c7e9a3f017f177bfd9ca730d03083e22aea1f43ef383c82c8cb0d8207a6f9d,fefef2fcfefcfbfb
678,678.jpg,.jpg,37064,e0b5eab834d3c4bc73d3ecdcda58bdcdabaf98e57c03c55ce7b7ddebbee65b8e,1024,1024,RGB,True,,1,train,1024,1024,True,fb2a28e37140934b46dc9ca033d1f1646186ba6d97a5bd91233889deb5460537,8080d8e000000000
679,679.jpg,.jpg,50723,fd9eda96f177dae114875c45900655e9d968ef5e84cb516d7abd090836270b9e,1024,1024,RGB,True,,1,train,1024,1024,True,c37469051425288f8ef015962b36ee6a0d3cdf0800a58f1b4a2818e7c6bac36a,c08c90c4c49e6cec
680,680.jpg,.jpg,92528,e7aa1e2723d420a709d45c556f6f20a9c43cf7352e444dff6bb581696f045267,1024,1024,RGB,True,,1,train,1024,1024,True,2ebba838b298ea771b063df54f710848bdcbe136c49b312d0c177f06027a870d,60e4c4c6d6d6d7f3
681,681.jpg,.jpg,39741,02d8c578ed2408d30f2d7f949f171a458ff16c45c9e8db7cf1b81278ae78571d,1024,1024,RGB,True,,2,train,1024,1024,True,d918a69f59c57b532e2d947e0f290feeb93f4a72c5f7a3b70220c85091a2536a,1c1c1c18191c191b
682,682.jpg,.jpg,73247,4aac17a662e99e1bf0ed20606b4ccbef4c22f52cafbd11d614e81eb5c21c6e68,1024,1024,RGB,True,,2,train,1024,1024,True,bea94f5c3aafa62d9c1d259f672b200b9d425e93d118c0696c8ed92a13456719,1c1c1c0d1e1e1c0d
683,683.jpg,.jpg,54093,b1cbbd0bf8a423ac0e8a22c85d17c85e344e60da50599cd468affaf2e502330b,1024,1024,RGB,True,,3,train,1024,1024,True,0b18e6826ecdf39c031078d3e31dbb81d78fc253512394b38a7f975f0243aa4d,3b3b3333333c3e32
684,684.jpg,.jpg,56580,05ad8e677cae5aa7bed647c7a1479bb1e510f710ec78ca1d53ab801a3a2e239a,1024,1024,RGB,True,,2,train,1024,1024,True,15ae4f85f612589416df3db603535e6c2972c46ed9f8971edb65b95b81a708d6,0301400000000000
685,685.jpg,.jpg,56375,9ce88339d972540b34938e57e1eb2b1b299ce60e9faebb2786f7497dbef92b18,1024,1024,RGB,True,,2,validation,1024,1024,True,a1536884cc11b18711ce274062f7a9fea23191d084f336f3a3e68507d3130a3d,fcbc3e3e3c1cdc18
686,686.jpg,.jpg,69066,bf043de2c8d5db2294adb0159117568aec6b3bd6b7bc786d1b131f814ec23d3a,1024,1024,RGB,True,,1,test,1024,1024,True,97efd97c06eded599f8a67e8870a1a3ddfd8c05c7d6df226c96ab6d741bfcbc9,1333333939391d1f
687,687.jpg,.jpg,20958,4e2dad5175ff52b8817689f08532b25706bb5b6b5fc2fc5f80a756001ea52962,1024,1024,RGB,True,,1,validation,1024,1024,True,9a146769fb76020ed47bc7622c66d55c8b3209552b6ea8a8c31f7cde4bbf2fd4,0102000030110101
688,688.jpg,.jpg,41391,48209a9a34edb7d5c67425bf263074f77c65e53aaa792fecdb0109a5667599f3,1024,1024,RGB,True,,1,train,1024,1024,True,e82fb3eaea4565171134b487adbc3e0ab253c98c2240c44d5e0370139590627e,67e3c3dbc38f1f3f
689,689.jpg,.jpg,37578,e60f6175823e878230fdd0dba76b135fbcacc7d185fc87cc4e811bbe305b149d,1024,1024,RGB,True,,4,test,1024,1024,True,e4e8a64755e24b1a5688e7882cc02700be9cfc4282b03efa9e9b1c02f27e3f39,26222a060a0323b3
690,690.jpg,.jpg,36353,83b640176014805ada1d7bb9c19410789bcf68913cb8f4572b772262e8501ef1,1024,1024,RGB,True,,1,train,1024,1024,True,bd24c599307ac2aa01346d646c3e44f0f2fe3aa20b446f1dc0ac1ff851eaed5c,feffff3f3fe3f3fa
691,691.jpg,.jpg,90794,ff72d2206ecfe72a89410cd9716b0215218865d4be965b57b355fcfa6d9e0a49,1024,1024,RGB,True,,1,train,1024,1024,True,f5c3e2b816cb4a765ee7b0593e773e7d8dc136c54abb0237b85e198f6230578c,030300000330f1f9
692,692.jpg,.jpg,60565,0ff713117e90514f630898185c601501b97e909542b99817e30ca57303d435f7,1024,1024,RGB,True,,1,train,1024,1024,True,01d3d571fd240326d3480df5f1169ad0c668e7947292098676e141f521c6f556,0000e098870f3fff
693,693.jpg,.jpg,66728,660ace8605862cd3bb468bd34dde2f803b09816595fe39c541305bd078d15bfc,1024,1024,RGB,True,,1,train,1024,1024,True,8e0a4e1f1e54d9e81aa8d165ee4885aee8064c009db06d1efba78ef0f16195f2,0ccc6438fc8682c2
694,694.jpg,.jpg,48986,92ed6eb7d042bfcb158aa118d26d788e6bfb6c38f56b0faa37b7aef3d138facb,1024,1024,RGB,True,,1,train,1024,1024,True,45464ba0a50e1d044795f2fed777eeed946305df97bfd66c23eb5283a9b04117,818180a0b0980400
695,695.jpg,.jpg,35065,7f32d931c0e26eb5660da319c4e5a37f8ed777d428b82da10d97471a56200712,1024,1024,RGB,True,,2,train,1024,1024,True,c82d592743f7823b4034bee4e686c908c29ffec41456a7143d5d5c7800d89e68,000000a3ca290101
696,696.jpg,.jpg,42119,e0a9d90478a4e7f94365b148226c7a81b983a80ea3f48567fcdfbe800bc8db4e,1024,1024,RGB,True,,2,test,1024,1024,True,c7b4e7746d0985ef0b0aa7f78011dc1fd426248a40117f9f28822023ad237f5a,c1c4c2c020022121
697,697.jpg,.jpg,43459,bedc00789e00c43b14058fc712337000160eec7beba43bf508432f31c3662ff9,1024,1024,RGB,True,,2,train,1024,1024,True,8bb690027dbb71144c60c0df8c334441334493ce4a0f586c4bff0fec4e9e340a,1c1c9c1812b3d313
698,698.jpg,.jpg,44458,504214e67b931c5317b2121c1c406aea0c565c01f7cce097da0f04a776fbe808,1024,1024,RGB,True,,1,validation,1024,1024,True,2db63603517c8a9bb2c68a32001300bd7e7f47903ee0b8133dffbb85b80fd969,808080c0e0100901
699,699.jpg,.jpg,44140,13cf8c51216e1331100d6d29f6b523a3c26e892d64e6d45774295b83f38b01a2,1024,1024,RGB,True,,1,test,1024,1024,True,47287593ffa36ecd48b3406dc0a3bf1b0ceb35222c29e5b2d05bdb3bdbd563c5,7e7f3f1f9f8fcfde
700,700.jpg,.jpg,44902,23d1c18ecb4ca927325354b6d07d0592f6a68453a60c35c9a0f6f8b447440022,1024,1024,RGB,True,,1,train,1024,1024,True,465c2bd6aa7aa0e48d09f8d4a9e10fa6cf0e97950e1ac59c894e70232d8ce6b2,f367df0703040400
701,701.jpg,.jpg,154397,985ed0f0324f5238f028e3b9f4d662e9888e1d9a361ce06b0a8bc2d91bb5fe18,1024,1024,RGB,True,,1,test,1024,1024,True,63846310c6e5e2062cd1db7d7fa3337969afcee11bb55c5b2cc88c039c0ba378,fffe6ffbf3f373f9
702,702.jpg,.jpg,58028,043cb1de0cd15c3c63cb75ca7da279ce69922625c9af0340f9b0d82e8e4015a1,1024,1024,RGB,True,,2,train,1024,1024,True,36704bf3853429c9496d68965d961b4aa31a5b4254a863614293c11153b3ec2c,44cc98929ab63626
703,703.jpg,.jpg,74582,6f873faca28d8ea29c817ad16a75d31ec9f8b32f0621df7a96ff79702772addc,1024,1024,RGB,True,,1,train,1024,1024,True,81bdcb6b11b00808fa85fed535cfa448f5f6df7cb337fd0d90a9bdddcb4c889f,1e1c1c16c3fe3a97
704,704.jpg,.jpg,68989,b9e0b8c3d2f53622d5a0809371509f45f1546d78a05d9dd4129e392d77749b98,1024,1024,RGB,True,,1,test,1024,1024,True,c07ce870b0646cc24507644e415bc3330e6eff618552a7fd8d82a67f8a297894,797999f878f8b959
705,705.jpg,.jpg,40803,13c10b7c477a3a3dfa7c2a97a13726bc686aac18218ed1d704a61a0f27858697,1024,1024,RGB,True,,1,train,1024,1024,True,a419a2047e64ab98201982e1b61d2e3db1433b613bc89ff26fcc1979919f1dbc,f0f0fcfcf3e3e3e3
706,706.jpg,.jpg,59715,435a9fd69c2e3ff1f6fe8c09b9ffa98b0ecc7c3ac42630b15a03ce6aa412b7d5,1024,1024,RGB,True,,1,validation,1024,1024,True,03cdd90714cf78fb70645b3cb8af00c7680c77be1d3eda22f373aa0451eb5753,f0f0e0e0f0a08080
707,707.jpg,.jpg,54557,3f37ff92fbfa04fc3ce0ed0859915ec44afca3ee5bdbc57121b29fe9b03fe10a,1024,1024,RGB,True,,1,train,1024,1024,True,642895e3e6555d857bf122782fd1accd9b4dd3569bff15da0099ac706c470386,606121303c362624
708,708.jpg,.jpg,74107,f29f73ba9de0b811e7c484e4a332dd50e29d22aca41ee7044694bdc2abce09d3,1024,1024,RGB,True,,1,train,1024,1024,True,6ddd8324c7180fa7be434228ea85d9a8932208334e4d44c1da482e8fc98fa51b,40611f1f1e222041
709,709.jpg,.jpg,41049,f620d6e2bec4b214f4f0f5afbbe05fd61a70227450f0936e557c2b7aa2acfe46,1024,1024,RGB,True,,1,train,1024,1024,True,a1f9d1f084a546ef81e2ca6b618888adc11cfb0f6af6906bcbdfd20aab84bc4d,0100a0a1c1c9cbc9
710,710.jpg,.jpg,149634,40e6a30dead7957340b6c101fb6e4f8e442b3bd60c2c9295f186147b8fec1db4,1024,1024,RGB,True,,1,train,1024,1024,True,3f8cfe9547f073a00e8e4b855912ec08cbbd30e1d7e847d15d28b5fde18fa62a,010303337366cf7d
711,711.jpg,.jpg,27289,e80c6bb23251ed92747a504e4bf8aeecfb9e2e394bbed9516318bbd56443a180,1024,1024,RGB,True,,1,train,1024,1024,True,1ec94a9bd8d018f34820830f01e995bee5797c7deeef8e1b8adbba8c8d5534b3,7f7f7fffffffffff
712,712.jpg,.jpg,47755,071abe7e1340c4d56677451f3cfa2d940b0600ed30c8ad5d34fbd0f61764da24,1024,1024,RGB,True,,1,train,1024,1024,True,a24db64adcfcbf5ef1c54cc6af72aafb8f95cdb9136eb1014d583c96b3335aa6,307050d09010181b
713,713.jpg,.jpg,53210,0e3c36c4965ed554e36f49bffb67f34c637068efa0875836cf7401a97d9aee2f,1024,1024,RGB,True,,1,train,1024,1024,True,c537b9d20342dd265e1908316242723fb1085a7dc053f2e5447d1b19805711f6,303020684e0e4f4a
714,714.jpg,.jpg,133119,35f8d49f90b725844caf28dbbcc9e7c48f128f5c7d030b2c629d64b237655419,788,788,RGB,True,,1,train,788,788,True,34f1c4c22bef9750d36eb7b646a982f23fb77eae5413d55e9f58a7916582dd4e,7430717078383f71
715,715.jpg,.jpg,203691,0716e6400ce7983a3094a1937db2923041a38ccab1099a0e032b8fcec839550a,1024,1024,RGB,True,,1,train,1024,1024,True,8c26e48f4de6068e75e3179563de8eb54684c1f829fba965a91377513a00927b,313818d8c804e0c0
716,716.jpg,.jpg,39298,c46bc15bf1389de14f186769b9a03994d8204a05f9c0ee1a14131a49f6709310,1024,1024,RGB,True,,2,train,1024,1024,True,2640157ca9433951b76f92274bc6b2c171b17888e9c51495e79974e8666a42a9,0c0c0808080b0b0b
717,717.jpg,.jpg,245789,2279f69a0b63a0dacd769e58430bab1947b1e6883cf6137e90ab97fd80630217,1024,1024,RGB,True,,2,train,1024,1024,True,9523f978ec29f5538cf9290941c398f8fb3804b988bd769879a968dedafce197,c4c4cccd8d0f1c2e
718,718.jpg,.jpg,43690,4b51a563aa200afd860a415848922a415788447d6ae8e504d2e05a5f7dae01ae,1024,1024,RGB,True,,1,test,1024,1024,True,4150f1f26b004d194a423d61ebf5977ecc4e1ffd16572318c3ab41f949b12a44,f0f0e0e0f0a08000
719,719.jpg,.jpg,98675,532350f3ed6a5847d13a2984997e6768300312a36710202d21b8b49b961e3cdf,1024,1024,RGB,True,,2,train,1024,1024,True,8aa704c6da8eaea911bcf666ea06fae62b4ab7e268b4dd9049f7a1c32e92ee9d,d8983c1c1c1c1d1f
720,720.jpg,.jpg,105833,2961defe588ed346782e7d8c94d82fdffe1ce4bb21260adf31b4108dfd4a2ca1,1024,1024,RGB,True,,1,train,1024,1024,True,87bc467910d939725138ec42703deb3c29cb356638eaf08d8e306bab0ba5c6df,f1f17070f0918181
721,721.jpg,.jpg,25138,a1f21a99d7b8fcf0928ad16de77a5c69c0abe327547d96ad2d0c2d1f54fe28ef,1024,1024,RGB,True,,1,test,1024,1024,True,5a3c3186486f22edcb14e86d6df4ed7bce220f5c96f78d012a8404decadc5f50,e0f0e0c0c0027fff
722,722.jpg,.jpg,69402,2e67e7c5c2a7e3196e8b048949511f8c48fa7f0ddf829afab5447fe2889090eb,1024,1024,RGB,True,,1,train,1024,1024,True,cc42eb974892560688d9ea06c0d2f8342a20810f3f70117e8476796759beccd7,8d4d4dccc8888888
723,723.jpg,.jpg,76662,c843097150817603ad4a3e90463ef7cdfdb60928ac791acc1504c8795274a675,1024,1024,RGB,True,,1,train,1024,1024,True,8a2a872c3793c31b61912c046a203c4adb3f6d35a24ab21dc6f52569cbd5683c,03030121202030c0
724,724.jpg,.jpg,48425,b20a539435884c060f00f20c30b500b00f8e8601fb9deba0fe2e28b350fe8914,1024,1024,RGB,True,,1,validation,1024,1024,True,59220530a56d103e56c3ff860aba17e1d38225f4430366d06dc4f7a053f13ccc,c0c0e0e3e3e3c3c0
725,725.jpg,.jpg,33134,9758a1151738ec0ac1dc8bc9e7fce840584671bdd803f0fe6511abd5e34d239f,1024,1024,RGB,True,,1,train,1024,1024,True,d8e2c9192935315b5bd8e60df6ade79c622083d516aae71bc721efb66d59ed8e,00010606020c1818
726,726.jpg,.jpg,44299,b6a701deacc6f8541ae469e240716640ae03c74ccbcb2b9440b9b977ae13ad5c,1024,1024,RGB,True,,1,train,1024,1024,True,54c717077185abcd36c8f803571ea09f6463f55773ddf062d4fcba08aa08e6aa,18d8f1f1c0c00001
727,727.jpg,.jpg,48990,03ce9c7cfb7c7af66b756d8516189652dfae94bc16eb5a127ddbc3d308be1bc3,1024,1024,RGB,True,,1,train,1024,1024,True,97f1890dddd5805de1c08c9394694c8982df8cb7d626b8a57ee65376da497ae9,f8f8f8f8f8f8f8d8
728,728.jpg,.jpg,140053,7b135728141fc075d8df23fe309272ad07501e68dc0800b505cab76e2cc18d33,1024,1024,RGB,True,,2,train,1024,1024,True,c4d2a9e536c59182f61c055de8c4ff1943c20f28dcef86cdb20e4eb9d6cb82f2,0c64e0707050683e
729,729.jpg,.jpg,69209,d2ab77c25c6abb2d7800fa0871a074ab667c0ce66575332170dc93abe0682423,1024,1024,RGB,True,,1,train,1024,1024,True,13c1459963297cc1d8cbc3dc8a55bdaead0415d28665d4d9b1ee5061097aa1f7,01083879d898f8b2
730,730.jpg,.jpg,30493,fb710f82873af7ac5a97fc392598537c5cf1fe8dda1f51cafa79d2ee6f489b03,1024,1024,RGB,True,,2,validation,1024,1024,True,a26d5785c0c018de4c1829e0447def0bb0c73ad100cbd8f0d4e9509310a1b372,e0e0e0e0e0e4e4e4
731,731.jpg,.jpg,39872,430a9cba51d252dc675d3b60023713c9c3a227103bdc3899cac9264ae8e171dd,1024,1024,RGB,True,,1,train,1024,1024,True,e0be2e38783672b8f49f1b2a8dcacbd397bf21178be8008ced36d0b5e1e22654,49981919d989b938
732,732.jpg,.jpg,33458,1a1c5dad8503c89da4c3b9e5b074fd3e39d038c78a5a507335a9f4f602f94177,1024,1024,RGB,True,,1,train,1024,1024,True,ce6e4831741b7c869dd9921038a8b70bb939748b424a1b9b965c6d934937c8d5,3333333333333337
733,733.jpg,.jpg,41700,0032c85035a4874061556aeac98417edb851152790eeaea86f66e10445bf2d76,1024,1024,RGB,True,,2,train,1024,1024,True,b587ccbfeb7a2d4a6f60c3a428e2c3463367ebc8f041c6a0e5bebf8f19df94b1,174747000e3fb70f
734,734.jpg,.jpg,48600,47d4e5ccbf2a17aea2e3646bf94ed265fede34ef79625b62c877bbae5193e1a3,1024,1024,RGB,True,,1,train,1024,1024,True,444ef8938b21505921d416a047fec355bd6e583be7b0c12e1b543b5192db7ba0,30303030181a3a3a
735,735.jpg,.jpg,79919,7d48beffe710969c9a80edd5facc5a664916c7b88b212252793052c13a11147f,1024,1024,RGB,True,,1,test,1024,1024,True,355d74158442ab5268c570f4d92740985f733a8efc8b4eaba5fd7ddded11636b,0e0e4e0b4e66c3c1
736,736.jpg,.jpg,56830,a310afd6f5ebb5cd4c4f6b5277b9cd367144c074ddffc4e55275aca50662f45e,1024,1024,RGB,True,,1,validation,1024,1024,True,b39a2e864e18f17e55b289fdf3be612662a1720d21d23284ca194d5758ac63b1,3cf67e0f0390f0f4
737,737.jpg,.jpg,35616,7f0744c682f1cac3f62531df642db23d18a94486151e295411f1304b4f968e24,1024,1024,RGB,True,,2,train,1024,1024,True,8cf703dc96fc91e0948abfaa10deb6768df841f6c1afc88245724cb743b2812f,828080808087878f
738,738.jpg,.jpg,77737,18f0ec28c3c5ece1f338f98d25f624acbe29b898bf9d91b44dee0aecffc62b2f,1024,1024,RGB,True,,1,validation,1024,1024,True,35216b83018f51f6e9cd8c4253e64c7ac8aa0e312c777b734f24973cb54af5ea,00004040d9478787
739,739.jpg,.jpg,67365,cb814ade601a1191a06a77b6db0bd3b822ee950fef3bf0add952dc4d5a506563,1024,1024,RGB,True,,2,validation,1024,1024,True,50ac4cf38e9af5fbb09d804477fcbeb0c84b4062948cd0861ab4c8274309ffbf,3818980c0c060a1a
740,740.jpg,.jpg,50695,56cff1b6d20de0e6d40c99dd93d643099db992797bd9cb8849ec59537729093a,1024,1024,RGB,True,,1,validation,1024,1024,True,092fe343f50695b6483005435fa130e90c5f17e5d43ca9ed03865acf8f1069a9,0707e1791f030503
741,741.jpg,.jpg,70548,eab3be4a199113b7fbb42d3ef53a6a2d8b027384da1f3f33053b3cdfbdc86664,1024,1024,RGB,True,,1,train,1024,1024,True,0fb765e66b40f14e8dc7575eef134f7938ef6884fa3d37667908c0d76593b3a1,34f4941c4c181819
742,742.jpg,.jpg,82772,b1f53681405ef89c0be46885e8ab50092f5f09843ce68b27805ecb33ed2920a1,1024,1024,RGB,True,,1,train,1024,1024,True,7a858ad3cdb367e65c519c1f10a64ad71e67bc7890c8c24fbd11ccae50f40bd6,0321011606060222
743,743.jpg,.jpg,48474,eeff727e8805e38c71a5327e884171b344f79204b1920af3e8da6a18003f0620,1024,1024,RGB,True,,2,train,1024,1024,True,0fc5cae3f75f53d02707eedfbb9c582318ccf35a1b2418cce352416770239199,00001919070f3ea0
744,744.jpg,.jpg,126126,4b5a65a6193c206cffca11614eed978857025c87390c8377eede14d768050e64,1024,1024,RGB,True,,1,train,1024,1024,True,5bb326915e781234e269dc38a6963012cacec5dfecc9041c0ba1021fe99a2b60,0b1b19191d1d0d0f
745,745.jpg,.jpg,55769,e5c67ab90501c3cec81a3f82123a246df01d19148c65972370ec1a8cfa26aae8,1024,1024,RGB,True,,1,validation,1024,1024,True,1df5aaea839a12858dd3c7edfc86a3c7f7d5a48755960bff2017d971dbd30352,f03070f031010000
746,746.jpg,.jpg,72273,b0202d1d143e9691026a054e20ca1734cbec35d6ca9e631e6e2775b9d5c274e2,1024,1024,RGB,True,,1,test,1024,1024,True,31a82be12e3ccbdca70089803aa4a5b7f8207e8f2f935ed7559bce3356889dfc,000080c0f0783c0e
747,747.jpg,.jpg,83402,84a9c14be696e28f26756a70add72290ca2ef33eb0eca4d2f13c1e730303e62a,1024,1024,RGB,True,,7,validation,1024,1024,True,7a1a0fca1e2b546900b47488ede5458cbdb35e9252af80bdb06a51aad5d66bec,fcf8787878f88b8b
748,748.jpg,.jpg,113133,06f602d5a1fa3e402c84a78859ecdafa2e7cf9916fb3e693afc723e40b8aa0e2,1024,1024,RGB,True,,3,train,1024,1024,True,efec41fb7f8dbe3816808f18700ac4151ccc1b2a0011bcd9785ab007f62ef894,0c1c3c1cdcd849c8
749,749.jpg,.jpg,54947,ee0a69476511b96d8e40fda96c3adbe8d3b3d6d01a03f02c7f4c3d3e161920bc,1024,1024,RGB,True,,1,validation,1024,1024,True,53693c1cf9afe069cab10683c5917c67eac56e771e8efd3c3e9730a84e25e1a5,0405030307070e0e
750,750.jpg,.jpg,38410,39e6fbcb21906ea56b635855caf1a2ea2e0e21a32bdcfc4dcf8911b67dcdf973,1024,1024,RGB,True,,1,train,1024,1024,True,bf027a28bcf3e060421f1f17891ebf7464e18456e80b27cf1b0b4236e54dcc68,8080000000000001
751,751.jpg,.jpg,61497,c672fcc8f549aab3b3946c55a9e4d39589eb0f1738a66d121401c45f294a050a,1024,1024,RGB,True,,1,train,1024,1024,True,2b0e97d072dfc7ac16b16e4d75db7d02b14011902620536894ef5a1b6ad6f340,1213317030581819
752,752.jpg,.jpg,83645,d6d6747de25dc7626093e2944cf8b476732b61b37f91ffcb2f08e1e51ee52987,1024,1024,RGB,True,,2,train,1024,1024,True,5dce222094394caf5457c4e2bec233db0c4889a707006b7e8202518df563c2aa,3931333373f37363
753,753.jpg,.jpg,265804,c6477e33c0bd9e808bb93afd213a5196ba032a6326f5ab58b7e578651e006264,1024,1024,RGB,True,,3,train,1024,1024,True,e63487ae79b49d02408011f6515d1d8680f5d6385b1f2113bf15c204c603a7cc,383838181d1e5e1e
754,754.jpg,.jpg,105905,51039fa10bd96b17f7ce931f104022512c86bd6a2b88cfffd7b7630a868417dd,1024,1024,RGB,True,,3,train,1024,1024,True,678caac376b83a8d2f73bb177beb68903f4c3b2d933c23a78e3259ece3cae63b,2f0f0b090888c8c8
755,755.jpg,.jpg,56835,d9d68cc31a71852b5bcf82befdb90b655f090d327fe0b17bbf1fde14a887c31d,1024,1024,RGB,True,,1,train,1024,1024,True,f21ff8f3a9c96a238ecce11ed74113be89b2f0c5955d42925299a0d7831839e9,10101018181a1818
756,756.jpg,.jpg,160472,2af56f3a4a85ba0483ce341641b7885e901f421275855f8a54917f86a1395469,1024,1024,RGB,True,,1,train,1024,1024,True,566be36e88f4c1eb446bcacb717f2b3286376e62eecb07255e436fc09132fd0c,161e050003010100
757,757.jpg,.jpg,124525,11fb9ee28221cccc134c3a927bdd4ab3290cbe9acd2fd8d1d68d7eed7b806c8a,1024,1024,RGB,True,,2,train,1024,1024,True,1776e0a3427bf271339b12994d4fda66d94bb549666192d7133ffb877829be41,1f1f1f9f7f2f8f96
758,758.jpg,.jpg,98470,bd68a26eed3a1db8e6f2cff6648f46b46bc2a0ca27aceda624f92ef9c7f8cd23,1024,1024,RGB,True,,3,train,1024,1024,True,401bca8fc10c21e60c6527d27302bc389378858e822a38a5e36000133c5c488b,3030f0d6e6f67030
759,759.jpg,.jpg,72110,04758d7d659a66b8eaf9c97758c8bd494572feeec55a2715a39bf6ebca3a7a3f,1024,1024,RGB,True,,4,train,1024,1024,True,3cb785ecc8503846177ae931b6501250531ba1fca5e231561f265a89ba868ca9,1e38f8f9e98b0e1c
760,760.jpg,.jpg,82306,818a88e12a1922acd4f41a664241889a5003cfa978621a84a06a224f2a3526ef,1024,1024,RGB,True,,2,train,1024,1024,True,69c87e11bb038d094e655401d21745f04d25a29e5bc858b374c806205bcc9930,0000000001010001
761,761.jpg,.jpg,130194,ad9db30f746293231b1ea7cc150fe2c80aaca03db7db65164d46ed646d1cea46,1024,1024,RGB,True,,2,train,1024,1024,True,9cf8ba63fc27821d395620a87f13c409fe30057b6b8d8e0458eed4c699177da5,0f7fff7fff7f3f3f
762,762.jpg,.jpg,124378,4375a16fae802f08a41a99f4d2a22a9a9db37606dac4e82e16ab3c59cc63fe2a,1024,1024,RGB,True,,2,test,1024,1024,True,38607c2e86f066b4402f8e9e2093a7661217ac0593ffa2c5fc032b8d0254c123,f7e3a92d2e6f4f45
763,763.jpg,.jpg,102194,59a3182f12542aa1ea89ef73aafef8aacef99515c991e1275144028c0232acbc,1024,1024,RGB,True,,1,train,1024,1024,True,6ca6cc4b4234bf1c42cdcd9efc28ef6ee3c11728021c8d60cf32818f75b07312,0406060f06c44c1e
764,764.jpg,.jpg,40168,a7dd32457a7dac0644d86c0a57eaf9c1b7154edabd115ed0ce7d27496d9bca5d,1024,1024,RGB,True,,2,test,1024,1024,True,515aeb630428d5d7fae680c77e873aa138a921c56c789e6b775e25c0a310006a,8180000000040002
765,765.jpg,.jpg,45519,74b22187e94b355b15a838007b2f36a250212eb4988bcb88b1fb31c7f3daef56,1024,1024,RGB,True,,1,validation,1024,1024,True,648e40872a66e385727866ae72cbbe31ad40dac925ea30cd5c2a7d5fd42ad826,0000c0c071390e07
766,766.jpg,.jpg,59064,f222d90a31d7efe837d73efff80bac0ce6513ac36bab05399cbad0ff846d6612,1024,1024,RGB,True,,4,train,1024,1024,True,c6b227b09ec4360055bdd6b5c696bdf380b8bf34a79cab4e34348052dfdc89cf,0000000000000000
767,767.jpg,.jpg,55157,1168c017ae0ec9406d51e9242fd6a28ee4c82fd4c36ce2f5750992a5fefff639,1024,1024,RGB,True,,1,train,1024,1024,True,57266c04c3e25d3e75a0fa4aa3c224a1a6b942d4feb303caf7efb9a7e7c56164,0001030f3e78f0c0
768,768.jpg,.jpg,57578,495d054397ae6a422e331173385b6b30a9ccfe8820041c2ad949505084ff84ba,1024,1024,RGB,True,,1,validation,1024,1024,True,b9fa04f84e23ad186aca6e16caa3c1ce1b000ebf6ae7aa2c77085a579609f0ab,0020606060606030
769,769.jpg,.jpg,68602,c02eddb21dfb761fc849e81b6540cd0c8919ed7a9a5b0d8ece9db27297682e82,1024,1024,RGB,True,,1,train,1024,1024,True,0d5c013fe829faa3fe42846a3e2a28b7d036e47960582cbd1b09a926d991b22a,6161e16160e0e060
770,770.jpg,.jpg,62031,9b9b2d731765eac6ca3613ca8ebec0172851be817d952d0d57abf62cf79f14d8,1024,1024,RGB,True,,1,train,1024,1024,True,0b0e7f1305e8d5efbeb31f469141c9e4d0ea64eceba5633c4366d689e2644c94,0000000000808080
771,771.jpg,.jpg,40286,1cb7361d711d7d0391fc6e89c8425ff6ad96f9fadad771b7b9c938f0df381147,1024,1024,RGB,True,,1,train,1024,1024,True,45298a5b58bf565e5596e7178f6f4678230b3fb68d06adebad3e391aef6aa7ce,f1fb710000000707
772,772.jpg,.jpg,65453,031d4e17a94ab6e1caafdb49ee2c69c4da6a6a9848cb69c54365d57eebbc8171,1024,1024,RGB,True,,2,train,1024,1024,True,87d223044ee581e01e42074635d252b0c19a364dde00614bc1daa35bc3f9da0f,0b03030909090000
773,773.jpg,.jpg,134855,9c082a1e54b5f2b3a14a4f335d40dc2bd1e463176650b181c6f49f3c6b372cea,1024,1024,RGB,True,,2,test,1024,1024,True,93b101888eb4578ed45e5fba8b3a8c83f1b6104f0eb5b0dcd55bd4d9e629607e,001018312b3b3b39
774,774.jpg,.jpg,74192,5c4dcdf7bd0953031fd60349cf82762d795dc046f6c6d87c998e9f2a2ba5fcb7,1024,1024,RGB,True,,1,train,1024,1024,True,3f350cabb58acfb1dbafc165c1bde65f83ed861bc31259725231a97bcb7ebd20,fffff5e547373b38
775,775.jpg,.jpg,130169,fe35161115775e313a0cf1e5811af1aecf936078353f73a5dd10338b4386a9ed,1024,1024,RGB,True,,2,test,1024,1024,True,af3a1783428b9f930c35d5efe820d7e0ac7e31987c546822f85b242b44b3c857,c0c0430303030706
776,776.jpg,.jpg,52962,2824ef059a4d2f761245f83d1e6e093e7240f69560efe0b798a357074b5c8f50,1024,1024,RGB,True,,1,train,1024,1024,True,0659beb9102a664505c5dbcc25095ba108bf1b734b2831fd65fb6ef153edb7dc,8310303070d092b6
777,777.jpg,.jpg,143171,64e32e1f88bed36e263a44092177b89359cb46ec02aeb6fd3df6c6f3e3c5dcce,1024,1024,RGB,True,,1,train,1024,1024,True,3a8b357db17227eb84eea4a029684d2f608f811cbab11eea1d8f3de454a80a42,39393939d91191e1
778,778.jpg,.jpg,153005,7ea05a4671dc44761bc2aa3fe6598547aa0396889ab2143984da54ce1ea748f4,1024,1024,RGB,True,,1,test,1024,1024,True,728115036345c8aa1e57b9ad78f12cd0839bfadd2761ebee899274919c5dbb58,66273717170787c7
779,779.jpg,.jpg,57925,559f2ad252b432a1847c55cce9a9f0e92afa9cdd965e624df562ac55954f4225,1024,1024,RGB,True,,1,validation,1024,1024,True,a3484a7d9cbcf4278b6dcb5c80474e24cff522526e4aa7b29dab26985ae8f1fb,0f0ff72700000f0f
780,780.jpg,.jpg,49843,4be8948561b3a087bd1e29385617debb9ed90d4a2912496149712b3c66661225,1024,1024,RGB,True,,1,validation,1024,1024,True,6b8556a2f4a253e36010a9d64fd540577dc2685180e59dcda50cf6e1d02ef620,10101030f0302020
781,781.jpg,.jpg,98750,c80942c24b00ad733060752022a3581c3628e0ce36aed5b54250c2bca0093307,1024,1024,RGB,True,,1,train,1024,1024,True,945d032a5fc8660d256249e3e5ae06f7c1389639a3d2d43d7034eea941165b18,3c3c313103030303
782,782.jpg,.jpg,144158,63742c7b409eae1215b6ea5fd3e786408d3ea15e03ecad4d922f5eadc09ab995,1024,1024,RGB,True,,3,train,1024,1024,True,14bd7a3a8f91ac6daf520f83af652c188b3e3e1849ca0f1962ed8fc9a9100865,f47e7f1f3dbffecf
783,783.jpg,.jpg,96226,ca7eabfbd6b26a2728a68c44a1acbeb09d353231df9f0e10a1d46e1d629e34b9,1024,1024,RGB,True,,2,validation,1024,1024,True,07da54eebfcf0a40408afd99350dc99b8c43dcd36f8482ce86d31c3b5901f372,8f0363291c070d0c
784,784.jpg,.jpg,198719,daef49ea8c49acca5fd4c3df1325296f296d8648471b422cf2b9ef7faec82b5e,1024,1024,RGB,True,,1,validation,1024,1024,True,0594fd7cb1a8262c2f2fe3aecabe69564099860069489aea3a29ea8cdbd7d01d,ecc0000000c0e0fc
785,785.jpg,.jpg,173745,bc1b9a20f36b8270acef501d451ce92882ebb5dc71e28bfaaad9955409705e5e,1024,1024,RGB,True,,3,train,1024,1024,True,4e03afd1cf8fec7af7bd85ae09b99a252d3382cbcd557e9d8124f90739bf10ca,1fcfc763d1dcbf3e
786,786.jpg,.jpg,125862,8a6085ec1e667d8c33d28bef0b7f1cfbf01d726ea19a010c9e557a7921d9c403,1024,1024,RGB,True,,1,test,1024,1024,True,a50499d429c46f46dc13e244638c68b12c1267bee839c121d4b3ddb3e29c06a9,090e068acac8c2e2
787,787.jpg,.jpg,70244,8d367db03c4341c52f5b97659ae3c73ff0d53f42d4ae72500538f49cfac7e404,1024,1024,RGB,True,,1,validation,1024,1024,True,d1a595db3e631fcb5d83be7b3937594ad74c7841c465b1292305b59cc0aecf46,000000c0e4b4b4b0
788,788.jpg,.jpg,255767,9111471577489a59184bb17d7d8fbcd98e2b11f8354fc06b6213fb1bd035d25f,1024,1024,RGB,True,,1,train,1024,1024,True,22c40a1fc8d3b509f19f87cbc356b2b6bd2c849d880f4779c898330b140b9259,ffff7f7f7f6f77ff
789,789.jpg,.jpg,84952,bf4c3e5db2a848636f2ca91a1324051bd259f10fa06b140a1610217e9b73da84,1024,1024,RGB,True,,1,train,1024,1024,True,cf26078c9e33b84b8af3e649a5f1ce5d1489924863729044da5d57b8f7fbdb68,f7f7f1e3d7d6b2b0
790,790.jpg,.jpg,106112,8262c1dc579f1440c174ac4e17a421662d74fe08a79d02b47397fa87c93e4c3c,1024,1024,RGB,True,,2,train,1024,1024,True,1abaa5651c4e3195b512e96e3710580eb55c7cacd134e81a756fb6892cb7f54a,10303010103a29c0
791,791.jpg,.jpg,155616,b9f942d58e50aa9709b7631e2ec376b19b9c0634237cd0e24325dade0b442458,1024,1024,RGB,True,,1,test,1024,1024,True,d467f9c4a53b064daba612ad57724b35a8419ed268fdf00f1c4819cd975b68b9,0000c0c0c2c0e120
792,792.jpg,.jpg,130769,c1d93b50e1fc8a7bb84033a2c0f176c86a6cfbc7a21577a2d7d6997d608fe92b,1024,1024,RGB,True,,2,validation,1024,1024,True,3ca2cafb6a77f865922bde240a59b62f4a16c78ffc68b28177d83c0d5dd70d32,3898900884121313
793,793.jpg,.jpg,113043,e907d3145658eed8820d3a4b8a765ca258cf8cd00d714155e49c815c97b9f44a,1024,1024,RGB,True,,1,train,1024,1024,True,3e052b81ab6673f4843e65ca1035b596a56cfe9f000e44edf78cbde51a2e7187,8f0f637b3c1f0f1d
794,794.jpg,.jpg,133257,5f475baf09166a9dfff9d3bac6f064d5765aa88be7b3229c7a9ee96c0fa7f9e4,1024,1024,RGB,True,,1,test,1024,1024,True,0d111c2554b9bfbc430fc74771c6fdde6ad1d0b9b491b8b9de04b7283c4843ab,0b0b19191d1d0d0f
795,795.jpg,.jpg,67782,5f457ca94e76ddaf1466a8c5409575c3ac596e3592b4e0e799337c64bc8b580b,1024,1024,RGB,True,,1,train,1024,1024,True,94485b71a82d76a4a2f811fd502c6015b84c22d61ee23b81383526241d329908,0785f76705000407
796,796.jpg,.jpg,73656,e8617e60715324e4c67b40d3c45dd6b3e4cee68fd2f642601e4ad96c5ba29a0b,1024,1024,RGB,True,,2,train,1024,1024,True,418138b7991c32ea044e5a2b1b5c53c5accee100c738e4e0fb0a56326f39fc0d,03073c70c3030606
797,797.jpg,.jpg,48886,ddb9bd8b5d957f113318475a5f863c0ca7563c4991dcb540c5e2956eb1d7cdc7,1024,1024,RGB,True,,1,validation,1024,1024,True,c5e8e2cbafb4867b61d2cf79117ac5a6f8e2b5ceaeeed480809e95948551140f,0000c0c070190606
798,798.jpg,.jpg,101319,2166d5df5a6cccc865fe0921441e2fe345f22945a36ea3dc65064cfe0eef1b55,1024,1024,RGB,True,,1,train,1024,1024,True,a9e5b7beaf77486391c4ce569d3ea86f26fe1cb01683487e24f61f24fda290ab,3212961518701010
799,799.jpg,.jpg,108855,eaa3d3120b888751fdaa872dfc88b5cd26b4289de5aa8a44b3a696d6f03e7994,1024,1024,RGB,True,,1,train,1024,1024,True,d81b994396dada270c2d194dddf7f3aec0ddda66780efb6d1bdb966d13338884,001000000c0c8e0f
800,800.jpg,.jpg,83098,f49a866ba6bc13a914255a24d00ef65bca3178ffd5c67159a94298a9d8087a7c,1024,1024,RGB,True,,1,train,1024,1024,True,39841c3e701ae025286e05e07a619f2ddd37d3fea37d40590b185da4e92e54f9,0302626c3870e080
801,801.jpg,.jpg,149951,613d62dbbd40eec35e0037cdb86986980ec9053912776ef99c5b8ce386995612,1024,1024,RGB,True,,2,train,1024,1024,True,49983331cdb41d2e1c536b013114c5f488904c3b1da526508a26a470a3ecfd91,1c1d391f07070f3d
802,802.jpg,.jpg,44007,20fe81a4c8fe2abfde203f143c06964511ac156d89a564309dd74a092bd2d6bc,1024,1024,RGB,True,,1,train,1024,1024,True,f981ab00278dcb70558f9dcccccb980cdd8accd0d465f48a7ab1ebe63f7ce4b9,1f1f1e1e1f1f1a38
803,803.jpg,.jpg,55935,27ab4ab818507445e84012ca2cb7cdb4568203198b608b13939408161ddcf23f,1024,1024,RGB,True,,1,validation,1024,1024,True,32f5b0bdf0bb8c4d032d63351f10a0275fb0d4708bdab3cd11e9d3f8086f569a,0f4d050018180041
804,804.jpg,.jpg,78943,78684f6d2fa81993b4b0d5ee1170fb3fa7a98dfbf26578f51e9d677434716147,1024,1024,RGB,True,,2,train,1024,1024,True,fcfb2437f76b33093b8a48ee145ccac100c12f7fe8b9c212efb0f9e055c5b1eb,3f100301090f0000
805,805.jpg,.jpg,104067,012d06239785e382a2e826dcfcb2bf7d68a6f10570400f27c37473851698c770,1024,1024,RGB,True,,2,train,1024,1024,True,d64de9ab38cc314cffb065a0182c51972c3d2d8e0cd1870c0cf0e7feb01950fe,0008081c18101000
806,806.jpg,.jpg,94054,01c1c3b936fc1cc3dae3a875248fd6ab67c1704043206543dfcbc3d2ce1911d6,1024,1024,RGB,True,,1,train,1024,1024,True,39561cdb8aeb85ef0ec19c1774a171021ef9a7a8b3ba6803145ab4bd8a3963ad,1f1f1f0f2f676763
807,807.jpg,.jpg,75830,013678d14f5ed4dea1463bd79b0494e30ffc59550e002aa53d2a34f701c01e38,1024,1024,RGB,True,,1,train,1024,1024,True,e7fd9d3e47a2d8f0c531a93ed77551149c6eff61dd0919d5d24071776ec0e659,0303ffff000c0800
808,808.jpg,.jpg,103269,1a7d65e0ffaa8295c2e3415950a0d51ce530b1c99f5b8fabda81c23c9b7ffcb3,1024,1024,RGB,True,,2,train,1024,1024,True,61ec2aa61175e26804ca66a018c5668123fe1e52f6b3a4c9f717e9255c3a07d8,8f0f130307e3c3cf
809,809.jpg,.jpg,50076,86099426a5f04a6ded84b17a277238bca28ae916233cfc6f4e53acd34afc0dee,1024,1024,RGB,True,,1,validation,1024,1024,True,23d1f4546b76e1718411e5ad3b22da3c7b18a69dabd4be0059e3840b0af9bcc9,1c1e7d7d3d02010a
810,810.jpg,.jpg,80453,70a90b58c8c39e6e1f3ff29261d356842a153668e08e48d8cccee46b5bf57f7c,1024,1024,RGB,True,,2,train,1024,1024,True,85a23158c604ee72a430b2e5a32f9f3795417d4ac4a93273f54d1f66124e6f30,8080c0c0d0e06667
811,811.jpg,.jpg,133158,e8acd2f4ea327014b20c7225f5139619d23713dd6eb3ab6eb449a416b04898fe,1024,1024,RGB,True,,2,test,1024,1024,True,efd594bb0e931919158f7b0243d0d09d43a3096353fb396c6bbd15873e30c2a0,f8f8f0f10ff3e090
812,812.jpg,.jpg,69778,67d7a3f0f2c6ad7af2eade9c70c455b39fb3fcb1248af2c4bb3fd8ef7edc2871,1024,1024,RGB,True,,1,train,1024,1024,True,db9b2dd7e2f90b78eb8ccc467b0a1f36184708aa656d781da15a69d971429649,331a1c0c0cc68e04
813,813.jpg,.jpg,110127,21d27c836559e72919a7d87c041eb22f439772d97c134205c660e2ac36b8003c,1024,1024,RGB,True,,1,train,1024,1024,True,9479a03f4c6a9bbf32710304af6c42c362a70e208d24882c84f155145570d4e4,331707e32e1d0f0f
814,814.jpg,.jpg,65748,0f1d0864d06adc7ee936f48e60bb7eaf1264b5a1aa439ff820587b80f5909735,1024,1024,RGB,True,,1,train,1024,1024,True,bb1f8a85e3785eb529955669b2c7c3d84acf8be85372b715acbdf5c8eb7010cc,cfccc5c7e7c7c6e6
815,815.jpg,.jpg,71003,d65d0a1f012f48dd7b95b50bc5655d071daf254cac1897489827fab22e61da71,1024,1024,RGB,True,,2,train,1024,1024,True,fbd795b280dab332e8b6d71840660e4fc18365819474b401e8a23cfa1fe09067,270703c3c14140c0
816,816.jpg,.jpg,54717,941dc977ef38b93d8b4b710ab5ecd400f5e330d3a0a709f6d4ed5c57f6e62162,1024,1024,RGB,True,,1,train,1024,1024,True,d6ff204d8e2dc0cd5579b419686a8cb60a898d35691f9198e34eb12b09c385bd,2030303018180000
817,817.jpg,.jpg,181806,9341276c1c40754d045fe26f5c42037fd7393ba6dd7da06349ddb490afb9b389,1024,1024,RGB,True,,1,train,1024,1024,True,9b6c3c1e406155905587f0e5d00af8805e1aafe5d739270dd7bad07eb576816a,383c3c3f3438fde9
818,818.jpg,.jpg,164547,94daeb485a02b120148e69ae3ee665153ec5f499cb2e3357c39dda756fb1e49c,1024,1024,RGB,True,,5,train,1024,1024,True,452de944423879f439da0a694c684c3475c8ce9763c63c5b27ec57ea7de297c2,4343103423231919
819,819.jpg,.jpg,113132,f30cf49c40e825397fd7cee9b00f64fe8488af1049b5b6c4f01450c97dca863b,1024,1024,RGB,True,,1,train,1024,1024,True,13436cf105775de5d3f04efa102e04039d024973b1235a0ee38b03746e4dfef1,0f83e373180e1b1b
820,820.jpg,.jpg,276503,a208d54ae14455f61cdaf0710dab9aa876de05c75c150de8cc4795c87ece9764,1024,1024,RGB,True,,2,train,1024,1024,True,6e277c68a7449bfd68c7a1e9fa3c9e3819703f7f87ab2a3c920134ad078b874e,03c786e6b386879f
821,821.jpg,.jpg,102345,6d84fa079d7af22e07e64841dc5b09c5feb8c55fad5df8687070e2e0952cc4de,1024,1024,RGB,True,,2,train,1024,1024,True,bf572d0290551121fa0c9312abc4b11be46379e35b8b55773bd1d8cc79cf791c,3898180c04061a13
822,822.jpg,.jpg,95846,3ebfa45ecadaf03d70247f079332cfe28834051b8de64238c8c6fdae06ad4d54,1024,1024,RGB,True,,2,train,1024,1024,True,028b20a3162ee9fefb3efc537c72caae3e59186ffc8b9dc4991e35fce6f5cff6,000000cc01030323
823,823.jpg,.jpg,53344,8c6433fa6e99e8c02eeb6cb204267d016fa90320286cd529c1641f72948fee5e,1024,1024,RGB,True,,1,train,1024,1024,True,a91eea5364cc262936a800fe24283b1fada2622035664ad90482e3e0b233300d,4040c08080c30b0b
824,824.jpg,.jpg,52997,19aaa80b7f4f0a5c418e0c5f5d013b888f2eba63c526f51a91805e4495cc1033,1024,1024,RGB,True,,1,test,1024,1024,True,7217ff2758749cde28525e9285435ccc8a2b876a5efcf8f137aa7980595b83a7,0941051119180000
825,825.jpg,.jpg,22448,d09ba581207eb0b87114a7dc389a8fadbd911facc5e69435a83b6f7d376ec480,1024,1024,RGB,True,,1,train,1024,1024,True,44a08eb4e86ad5d80311fe8627c46eacfbf900e95c9b95ee00ff56186ddc8021,0404040c1c418113
826,826.jpg,.jpg,141907,64fa2788c5bd1e304bfa511d78ccc2aaa5f9752974f47bddd7868b5462071fe3,1024,1024,RGB,True,,3,validation,1024,1024,True,3f99eccc8b0e368dc13829319d7c11f720cf1f4c0d3071eb158b43f8f672f222,0f0e1c3874c48003
827,827.jpg,.jpg,89115,bf9dcd970e0e2b471dab05fb710e693149caacde180006b8e08dacae4ea5b23a,1024,1024,RGB,True,,6,train,1024,1024,True,4c6337daafe4af6b86205e4f14c22ee9a8c374dbed38354c66f4cfdc3dcde399,0303013523231119
828,828.jpg,.jpg,123546,42c9b39e8e5c381db524ae7d71ab845b7618a772e10ab649841f84969784e8ef,1024,1024,RGB,True,,1,train,1024,1024,True,2e8649971e6ebe0e3dbaec22f78940341c87b302e5f09d8bb0318dd7a44ef8c0,0f0dc3f97e3f0f3c
829,829.jpg,.jpg,74733,c173419df88ecfe7c3cd04a0ed13d417ce36f186bbbedde9ac2d367a2b7d0ebf,1024,1024,RGB,True,,1,validation,1024,1024,True,cbe183d484adaded3bd7d9e616033e55d618dae55976ae33f7687f55ccbdf94e,1f1f8e0020200117
830,830.jpg,.jpg,123069,2e3a34c311d0e0fea523192261ff954fb5d1904c50b5ace89a785e68bac02d36,1024,1024,RGB,True,,1,train,1024,1024,True,604aade46ae660f6050c849d4bff26960a7fcf5caccaed1e31d1fab224b67cfc,c6c6ccdcf1cbc1c1
831,831.jpg,.jpg,121910,5c874824b570cc33dfd29fad684880ec2fc10e7f2ee6e77459f6d4e4ce28f004,1024,1024,RGB,True,,2,validation,1024,1024,True,99937c5268b174126ba6353e76513198d2c3be64180a5d50686d1bd9894c6ebf,3898180c060e1a13
832,832.jpg,.jpg,71903,3b316d4567490334f3dddc666756303e2a0fce6e96a1288dd8b1fc8ed7e405f5,1024,1024,RGB,True,,1,train,1024,1024,True,0c7884b62ea45554705a4a6507225c3c8cb68ad35937eb31e88c566862a12225,0107060f04c4cc1e
833,833.jpg,.jpg,84444,fe31d0285c0bf36f73d5d57432579ae346084a43929e854c202d84a1dc7d9d8b,1024,1024,RGB,True,,2,train,1024,1024,True,4a3e0e7fcb4b423a0525394e7e28339012aca8e1880dc7f90fee8875be5bfb67,0000000000000800
834,834.jpg,.jpg,188750,98718cc78cfec6cbb34246e87b49908c35733e3a2b278f8fa1206ef417205774,1024,1024,RGB,True,,1,train,1024,1024,True,9e4e3cd3a55a266c40794bcfdd519ff18a46baaaa406848638abc36429160005,0183829a9a0f4d4d
835,835.jpg,.jpg,24645,214f11fd60295cfda63891a3b7ee4a6b20142d090acb77b061e1577e609c84df,1024,1024,RGB,True,,1,validation,1024,1024,True,304eb04c79b58e2cbf3b6299f3f2b0dcdaa00a081c434c44dcd9ddbecdb9493e,0000001010110002
836,836.jpg,.jpg,106025,0f0ef5744819f1dd39c79704dade4ddfa84006d95cd64cb3ccbf46386ee85752,1024,1024,RGB,True,,2,train,1024,1024,True,3fe67d45809de37e08eadbab4f0fd2e682b62fcb4d5db8247f377fdf6fbf9f62,0f476333191c1c1d
837,837.jpg,.jpg,22716,5e0e92bfae0adc40a8c8bad54dc9084ca50c73398aafdf4b03a3088ca2f62447,1024,1024,RGB,True,,1,train,1024,1024,True,2e7b1bcb61b3b8ffb14b1962afe71459a8281bf4a84cf4b75655928424a275fd,0000000010101010
838,838.jpg,.jpg,161006,52350e2da65ae33ede5662c6ef474f61b66ef73f9c78fc61775ebedcca40b16a,1024,1024,RGB,True,,1,train,1024,1024,True,52f3cd9be6e89de5aaf7168fe1689388ae93db905eaf802d085305881e344850,0f0f8f8f8dcdeded
839,839.jpg,.jpg,32075,c1e06323dfec0d8936fe1dc7022dab881fa5cb2d6e9c9f4bb50f7e2245fc9633,1024,1024,RGB,True,,2,train,1024,1024,True,2aab05fd97c5b4afc1b2adc2b8a4e6aba1c1a051b178dc272bb0d40e66d23899,0f03000000010101
840,840.jpg,.jpg,83072,736672ddbb064b83b6868fe0cde090dbc347e23c8ee12b8266bb244a43925cf0,1024,1024,RGB,True,,1,train,1024,1024,True,6f2a5ee7a73eae9b90ad4d4cd985a9bcba0487f37d2970e0b2910353fa701478,6738180c0c000000
841,841.jpg,.jpg,97524,412aa9b13656848faa707a08e0bb08189dc46776e214e84dc7b0e6a20fd22f4f,1024,1024,RGB,True,,1,test,1024,1024,True,4b5cfe06cee7434192a846a68c86689a87513db62dea8971721210b24681215b,0000888888004044
842,842.jpg,.jpg,35973,23c2be7cf5d3e0b498d06e4054beb645d345053095aa44e249bde419c0df1214,1024,1024,RGB,True,,1,train,1024,1024,True,603844589e40deec2f84f11722c13a5df67a977b9c8f4ddc4cbe978bee577b96,6060602000000000
843,843.jpg,.jpg,117428,be5e9b9ffeea568fd5fe8a2b5a87ae2d3ec437c2048acb905c7c72a934d1132e,1024,1024,RGB,True,,1,train,1024,1024,True,6461c409b0a21397b428cf3814e84ecc33e92dcf6f4d58d1526ccf6f1c9ac366,cac2cbc9c1e1c8c8
844,844.jpg,.jpg,114670,28d89a18a7ccfc1c3bde58a111b7b9f5b2eab77c5d6c00b1c07c545911e66969,1024,1024,RGB,True,,2,train,1024,1024,True,8cb88d34e293f334eaae35bd282d8ff987d567614d4c5a5fb5df8bec9b27caf6,0118787c13131030
845,845.jpg,.jpg,84548,7d2f2abf0088055be9c655a57fc62df596080e2ee0a3c933e72ac46e09cbf1ea,1024,1024,RGB,True,,2,train,1024,1024,True,94fd8bed3ea35f5800f016a2a104a5f9abb8e4182b16c8e8306e844e02cb1de6,39393939d9111161
846,846.jpg,.jpg,179152,d904f5d7c233d8abe3ec8b9aa8101bbed554c99dd0e8d3ce75eba26f38b43f6a,1024,1024,RGB,True,,1,validation,1024,1024,True,f3de6bf4d7e35e412cc05aaaf2db583311f26bb4e0e802353bdaf0443c16117a,0000000000001100
847,847.jpg,.jpg,145759,3b12842f30591a1a7e4856eec9b51dee42987cac967995fbde3de390cb4ce9ee,1024,1024,RGB,True,,2,train,1024,1024,True,42ed4785f3d05cdba91d7f7ddc9ddcbe2aff2a7c713dcaf971f5461a52e74674,437bca9c59312329
848,848.jpg,.jpg,56945,2ab517679d85251f5b5178f566a95196026ad9b11f0af75ebe563a9eb7148ad8,1024,1024,RGB,True,,1,train,1024,1024,True,6ed677845bb814a0271e443fcf10969e8c2a30c329517a1f823e5785efb318a7,0507233331311917
849,849.jpg,.jpg,88641,f0ffa59b820578acd7d16ed2fc75080c9ed731a1d557fc0c3dd883cfabbe48dc,1024,1024,RGB,True,,2,test,1024,1024,True,370d0dd687694b0e49d8db59806f0ff846f2e8f87b1fb097b7021a4e39e23fef,0020607068212363
850,850.jpg,.jpg,144673,5372536413e4d7b53362b1eb34ffe834a5fd4a52ce7751dfcdafe12d662aae62,1024,1024,RGB,True,,2,train,1024,1024,True,8b7afc114593d9a71909ec8e864c7531568a4594022a13aba07db40108dd8de1,383931315b1391e1
851,851.jpg,.jpg,61185,7ccabb18a0867f94109cd472a139c0d84cdc387c5138874380a6c8905abc5952,1024,1024,RGB,True,,5,validation,1024,1024,True,f8455634b86986894566f61ca57d5309a52fe4ae37d822bce01fba4bb9d53bd7,f97d0f033c1c7c1f
852,852.jpg,.jpg,137226,9b0a20539e7a430f5eee73964965c4fbd8fad5a997698a5e9ccdd5111ffac24e,1024,1024,RGB,True,,2,train,1024,1024,True,0f938a52ea232ddabc79b58e2abc868eeb1a19f370f7d6eb95a606e7513bcd9f,60607000000080a0
853,853.jpg,.jpg,63131,d5eddcdd68bb3df0cf661f4d644d588c6ba13a487dfbb5bcafe8ea8f4b0784c2,1024,1024,RGB,True,,2,train,1024,1024,True,b3e1278fbe80279b20c64a0ea393fffebe123682e79df547a981f29f83b6f6ae,0c0d1d1918191900
854,854.jpg,.jpg,99249,66c615d7ec2597fef37da0716d1a331e0e77650ac183e4cb1ae69fa0989c7cea,1024,1024,RGB,True,,1,test,1024,1024,True,61cc20b5a0c36edf4e4a1a55d7db0896e00ab29334e889bbe64c53d86893dad5,e080191908040703
855,855.jpg,.jpg,105566,81c967847008e6ab480085efe1a5da208a77170d13391fe74e4e69fd046b96db,1024,1024,RGB,True,,1,train,1024,1024,True,978d4dc41158e766bde8d3698ae1b9a19908f136f2f4da7a777c9b83bfc0b9ed,ff7fedbd640d1e0f
856,856.jpg,.jpg,162852,5dd9f16db034c3d22c2a9a8dc1561cd252678631de32a0603e67e44e191be053,1024,1024,RGB,True,,3,train,1024,1024,True,b2670d3bfc7fcbc2f53eb9c10b3764a330337e3315030d4e59fd4918bd2660d6,0f8fc7e3d1dcfe3e
857,857.jpg,.jpg,80543,d66c3f4dd3c7171aeec682ae9c351cbd7571fe52368bcd614c6343e4ee0fe4c7,1024,1024,RGB,True,,2,train,1024,1024,True,1b8a0153f04204dc5931a02c1223a782f41b091f2a0c9060eede0cdac3c23c6a,0707030281e6261f
858,858.jpg,.jpg,131139,f6e8d454d7597c7bf951b79163fa280573c71596c77521b5eaca20a08392c8e2,1024,1024,RGB,True,,1,train,1024,1024,True,428bf41b5e1275ef93dbb7169d44b5537b4cae94cfe2021aa7cd2fcb07aa1117,10b0f07070302020
859,859.jpg,.jpg,170401,c5a963a6c188d7a544b710bcb710b76757f20d37eb061ca99d1a089d5360104e,1024,1024,RGB,True,,3,test,1024,1024,True,2906d62c5480d6e4d9d3d3885a3a1b1acdec52a7286824b144c8b97e8af68401,7c1c98b1030f3f7b
860,860.jpg,.jpg,42783,ad2e3e14d36a7a7b2410afd4680e44a69ba8e6461c96356d513165e0505c01fb,1024,1024,RGB,True,,5,train,1024,1024,True,0f92fb5ec531b27b9e8dc6d32c4c9d1c9644be17ca4ed098ace4ef9bf0cd10c0,f93d0f03381c7c5f
861,861.jpg,.jpg,55208,435f0c850a561356a03a25107feedf09a40d8f7e0768ccd0afdaf212cdbb3922,1024,1024,RGB,True,,1,validation,1024,1024,True,48d010679b961d64a599162b7eb93173db238a222bab78927310b82e76f845ad,2727612113131797
862,862.jpg,.jpg,64074,b023e5a36ebc2933370135789f429304f6c9ece027bf7c7e096d0f8d83b679cd,1024,1024,RGB,True,,1,train,1024,1024,True,7260229fd82023102d0d4cfa37b315b67f9f6e4b1e1bc4181caa8a594df42b09,f3774f0200000000
863,863.jpg,.jpg,22719,3547d2fe3b92a93d1b5665d8902c04befec21463fe77ba4be12cfd54f4fea5c2,1024,1024,RGB,True,,1,test,1024,1024,True,90c9853a9052b0ccd6f7800716e85329491e8a5776fa6e681754568cb6a428a7,0080808000000000
864,864.jpg,.jpg,60869,7ace7e29724c2d46e60a521b1e2e60463ffdc8357db9e6576b9f728b27dd5a56,1024,1024,RGB,True,,1,test,1024,1024,True,d80969cb07a8b24766f5774a903141679b7ca302d2ba395dce97f0b5230235f5,23623415171f1e3c
865,865.jpg,.jpg,145773,1ad0171c4c26e1b415ed6492ac63763c21504ac9d77b6dd244c4d9f82c67a1a1,1024,1024,RGB,True,,1,test,1024,1024,True,0cc2460ae82ff627d80dffb25efb4a3f8e410d48fddd8cd0fcce291a19f83c8d,0000004104000804
866,866.jpg,.jpg,217161,93a329d3712302c4c75a3cd3efc551319a52eb1dca39fb81b0589ee2c13510ee,1024,1024,RGB,True,,2,validation,1024,1024,True,e257bd36e5fb6669fc7a6c7b06a12560c6b3e56d0af957e262ba850ad28200a1,1c1d191f37372f3d
867,867.jpg,.jpg,58910,c11dc151dc102d131f90c0c335ca34837d4aab4cac2492975749c227e98c6fb0,1024,1024,RGB,True,,1,train,1024,1024,True,1a071862733f7272227753816f67a09aa30ba7fce227c85721bf64012002d564,3e78e0c000000000
868,868.jpg,.jpg,153348,5139700d5148e7788688754609c638016ec1255b417ab1fe639d622ab3ddbc70,1024,1024,RGB,True,,1,train,1024,1024,True,93419efa784703be18b56ca403931348e42e9ab0100af8b647956fc0f9029ebb,0707070b0b070f17
869,869.jpg,.jpg,133297,8152430f466bf38e4ec328016f027456e50e94426753ba7881f9d486c2865715,1024,1024,RGB,True,,2,validation,1024,1024,True,c57af09e4f42e6d40be341ab5c71d42288ba44ecf572edf02dd0ca5bf48cec30,003070f06523a361
870,870.jpg,.jpg,94964,1c088701a0286e363be678babd43881a93ded3da3ad8405032c8dbaca42b3430,1024,1024,RGB,True,,2,train,1024,1024,True,65e696ede91616393ce8bfb9e156b8b089833221e157fa8f48c94f09dd80f405,1c0e2e0713130908
871,871.jpg,.jpg,123330,02c42c37fcabfe6c02d77b3661fd75b524c2714253a43bad69f420ce3f3f687e,1024,1024,RGB,True,,2,train,1024,1024,True,d7ed207074471e1d6d8922d1adeaff766a2493edb722b3c350de5bdb4a64d85a,070707070f6e6606
872,872.jpg,.jpg,69922,64f6a5333f719eb7b11dcf1fda6f89665eeae0a6a285373c9224755bc85c4e6e,1024,1024,RGB,True,,1,train,1024,1024,True,41b1fb84ce83c669b7531d5fa3747c706637c8b9398720dea7be0575365ba135,1f17130b091c0b19
873,873.jpg,.jpg,75793,6d2c0011888d681d3fc92b2530f48e0019b6211a326d606885b2ccf10e77ee62,1024,1024,RGB,True,,1,train,1024,1024,True,caeb7311cd3b0aa9cc5dedee29b17199f508346e350ccf81ffba808699850be5,1f1f1f1e1f1f1a38
874,874.jpg,.jpg,22337,36496e5966ca114f944a742c5d248c688c09fb03651762dfb124207a146025c9,1024,1024,RGB,True,,1,train,1024,1024,True,2fc5754b44a2d78e3defb00822f89cb009e0702df1b714975f68111e5a548146,0000000000306000
875,875.jpg,.jpg,47578,68228c3d371da451d76b80970ff47c4f2d0f8c23c5f1c8e1b8c57738626ccc38,1024,1024,RGB,True,,2,test,1024,1024,True,df21a4d3677cf37bf6b76ed9345f614423e6600d3c5cd08ac1900db73b5a022a,1020204446410000
876,876.jpg,.jpg,56851,e1d676a6b81c0063d976b7edefe160f19b74760e4bc79cbf79ba360e9a6483ad,1024,1024,RGB,True,,1,train,1024,1024,True,688855c476a8c95fe0a0357a05895275ccda8bc829c03292586efcc6230b2ea8,0010121210000000
877,877.jpg,.jpg,142710,313149e8c1720f4c26a6ad56127d2c47cb8fb3de2589f29c21336565859056d1,1024,1024,RGB,True,,1,train,1024,1024,True,284203f1281d8ebcb4e9332e163c1c7fb4157627681d112ea17a319623fcdf5f,0f1f3f6e3e3e0e0f
878,878.jpg,.jpg,115674,f7d3d1f95817ab4bc7a9354886aa7e80d43bbb43bc1da94e1c1854f781d00be3,1024,1024,RGB,True,,1,train,1024,1024,True,b186ae531bf8653307b464da0389bc90910649084b1c37184b85e5e52d875028,cec3c9c0c0c08185
879,879.jpg,.jpg,61405,6ae6b3f6e04f7f6591cad7ab9d75b7cbde9b6a1c93c2d6ac62371b27b331bd13,1024,1024,RGB,True,,1,validation,1024,1024,True,4d36065d2af9c42610195c64ebaf06494ee106ed4d9082d3bafe61b6011852a0,0727070000000000
880,880.jpg,.jpg,76871,64f411bc1b2aac960f58cb5e9c9c7fd32049ce921ec3e2e1b4b689a5b666b123,1024,1024,RGB,True,,1,train,1024,1024,True,f45d96b350061ffc56c61beff74d71568d66e9a6284b1643c18718e9678c77ba,00203070323a1707
881,881.jpg,.jpg,101104,a4c4ba468f36744f6f185b68ba983d82cb5cf754dd9c4ee73c5700da53861dc7,1024,1024,RGB,True,,3,test,1024,1024,True,918860c8442d1017711c3916df124f039881124c067c871952098199fa4e10de,00000181c8e07058
882,882.jpg,.jpg,170949,6bf144eb052cee3d78f626a5e6ac1bc0a34c82cd441d3318e7c3d72ecd76a6fb,1024,1024,RGB,True,,1,test,1024,1024,True,2915072dfb1ffc156fbcb095de2a4c5aa5b647cdc05ed9a69ba3b8f0984d1b63,0307030003c00021
883,883.jpg,.jpg,63412,8e3cc35af1cdd337c7db5c2d5ec7500ffa5e0add6cfd4f404f8e7291d86d2a80,1024,1024,RGB,True,,2,train,1024,1024,True,5cd76a1c8fbf74210b1d65b63f9a5465941bfa943d975a0af541b613cca23428,8181030b19000000
884,884.jpg,.jpg,148918,b5c507306d5649a82cd12ab9de869a376c7adbcd4c8e268b6bda68d55a3c9eae,1024,1024,RGB,True,,2,train,1024,1024,True,8fb4cb358b75d6fb3cb657868f1162fbeecc938d95aaac2fc2ec357f5e4b31e7,81f87f1f0f070300
885,885.jpg,.jpg,62317,cb3cc801d9d2610cc6f24b820aefacf0be27a239c886121bbbbd0ee1df1eb308,1024,1024,RGB,True,,2,train,1024,1024,True,87f92046164202c9e145ce5ad592295f2ffc17651cb34e97d6bf79395cfa17e2,0323031707070706
886,886.jpg,.jpg,63253,c15ed72fde47f3186f2890ea16b197ce0a5ad1789eb15964631b16457a5b8572,1024,1024,RGB,True,,1,train,1024,1024,True,a1891c3182e74b871b4e634ab850b80a9d08b8bb2a048ce281302d40638eeecd,0e07070319090400
887,887.jpg,.jpg,83353,b9742d4b29fc0af72e918144a926028e1dd3c48d3343efd4222dec3b67b2970f,1024,1024,RGB,True,,1,test,1024,1024,True,0ce59b6e7f6711fd2b2b61df328f5e5db5faf6ab57c11260e3209f1ab11379da,3031313332323434
888,888.jpg,.jpg,66088,af4d478dadc4e13fed93d13401e76e9e9dcf33c60aed7e6a2681a805e166b4e1,1024,1024,RGB,True,,1,train,1024,1024,True,b5e9c812839ab100df877b70821811aa6a8d0d7a2f5dee1c1e1fb3a8fd5a2665,e3e0616121010101
889,889.jpg,.jpg,66944,13f4648b95170a84fba2792bfaf3509cd364c08c03bc837d266289d61c93672e,1024,1024,RGB,True,,1,train,1024,1024,True,34dd26bd98b384a15dad69fd799f544037faa484f635759d22bacc5f663455bf,000040400000e4cc
890,890.jpg,.jpg,101968,7c38861ce9eafa058ef0e5fbea65f076f7113f418b7ef9ca07b7aed6f6c353c0,1024,1024,RGB,True,,1,train,1024,1024,True,0edbb97a5b1e3d2ba2c1a44fc0cd66edbeeec014a5ecc67bb0403e90da5564ff,5c1e121b970f4f47
891,891.jpg,.jpg,65671,b2dfe619cc0fc2708669ac47348d4f673d3206e8a62a281907d5549638750896,1024,1024,RGB,True,,1,validation,1024,1024,True,ce7c177de00b40cf06ce030167355120dd34e571eceab0670f3b20e52f77217b,393d37373733331b
892,892.jpg,.jpg,98260,1b52d2b1d7163005da83f0e6474ba584e53a6605464727b695a095c0fd92d437,1024,1024,RGB,True,,1,train,1024,1024,True,0501947d2d227027906bcdbaa514ea82e4f4e5eccd7b6f82acc38b38d004b981,10b0e8d898381c1c
893,893.jpg,.jpg,238567,c5507de3280b93434e6225f6c04151727058d7be5b6a8068ad897aca7d141003,1024,1024,RGB,True,,1,train,1024,1024,True,5ded0eff3e8d32031883ae0936c3c8ae363ce15abe643e5272a005c4f77b1317,98cae6ef8797d3b3
894,894.jpg,.jpg,124763,8a6b51eb424296a87dc3c1ea2f83d534c32ccc7312cbf00c98a8b76d20ce9525,1024,1024,RGB,True,,1,train,1024,1024,True,08cffc49346fe3fd2a8de4792ed7098ead65876c507ae4f3cc39b2da523d7627,40630f3ffff21a32
895,895.jpg,.jpg,61302,966d66a31f05e6741970ec53e3ed881192188f1830e7c104f6bfbed10597598c,1024,1024,RGB,True,,2,train,1024,1024,True,9723bb6d237a246633d494fb171725bbd83fd3dd72d9cbdba9e513ad50af89ca,f0ff1f10101b1f7f
896,896.jpg,.jpg,43128,22d2df8809f369ccee127521e67df872c0e7672f3a93865a0b571ac789400209,1024,1024,RGB,True,,1,train,1024,1024,True,9595ede8ab970ce703fd695854b0fd92a0c6e9a8fdfc04820a641034cdb685dd,03030383c3008404
897,897.jpg,.jpg,93101,2069fc820b0256217ddd83ecccdec873171326618059addc2b4be84b7c99ae11,1024,1024,RGB,True,,1,test,1024,1024,True,43fe9bc3c39dbc6f23c8a58caabf6d799ddd0b2e985992a9063886b3b5a1d405,00001030b1218183
898,898.jpg,.jpg,194765,eb3fb61058a3a0e49c51eab4a660d403adb25e803b5bae7f888f5cc8bc52dfdc,1024,1024,RGB,True,,2,train,1024,1024,True,36ac6a3f1dd5a3010b25f500b63075423e33dc4e8f81af5491676a77d76c8a7c,1838680808686680
899,899.jpg,.jpg,104708,b2003c543e9c55ac6928b591db291bbb0198aa9df6651a3a4c6dbe161abff258,1024,1024,RGB,True,,1,train,1024,1024,True,4414c0229a4bf4f51701dc06a9a54797cbcf13f0060d8c3f59926f977613eefa,7070787078787878
900,900.jpg,.jpg,80660,12c1d11e8811671277f7372103d32c520622b41f0bea3dfb98f76aab3610c370,1024,1024,RGB,True,,1,train,1024,1024,True,071c5092aaaaef156b45a51b771e65192789c00597a4adcc29a4bda07a401f54,0605e1f17f1f0f1e
901,901.jpg,.jpg,35382,d9a78da5903ec6bbad153b1031c624946f4fb34bb5e6c7efc7afbc1d864f33f3,1024,1024,RGB,True,,1,train,1024,1024,True,70c86950b7f64f022a0e5c99bc8c1f3efbb0a0cdff4474e355281bcfe12195ae,0f0f0f0300010100
902,902.jpg,.jpg,82606,53d6d368de2835b15426af139ce77a6f4fa7ca65b80d87e08605ed6f956e44bb,1024,1024,RGB,True,,2,train,1024,1024,True,f4c890676f8c296b3c584490d3764c573c5ec9db465b7fc43a3abec6a2c6737f,0000002207f39f8f
903,903.jpg,.jpg,76170,fb6470eaf9686e976cc655980798295073347b1a78891e878a3b60b5195b5cf4,1024,1024,RGB,True,,1,validation,1024,1024,True,53178dfe4e0f2e88cb512743649aec854f67910116194006c708c2706ba5fe16,474f0d071a120e1c
904,904.jpg,.jpg,64527,fbb8d6249f2bcd325cb4c51338c09531ae36e2b593bc312cb25e0f4f21565505,1024,1024,RGB,True,,1,train,1024,1024,True,d0f24965c06ea1920b1697c32021d7df8dbd0527f91635d9c0e4d069a62a13d2,606060e0e0e0e060
905,905.jpg,.jpg,115961,e3dfdf00965125045c878c085690622c22f28cd8f45895cfda471828433c6f5a,1024,1024,RGB,True,,3,test,1024,1024,True,d1c802e7dcbbbbc4012aa610c64728ab8c78f78eb9b0e2427ab313c440cc4dd6,90306cd6deccfcfc
906,906.jpg,.jpg,67195,fd1dfba52e9a77700ffa5aa6ca7613c06e038999425310aff733413c44e876a9,1024,1024,RGB,True,,1,test,1024,1024,True,d4adbf586cb69bc731b5872acae4b84342188be5ba7e855ecbe3d32dd3ceb3c1,fffcfcfcfcfcfcfc
907,907.jpg,.jpg,63499,a4e4d726d762886334e1b1711cbe4d90f048889fc83869cedfaf8964188f3222,1024,1024,RGB,True,,1,train,1024,1024,True,4f833f6f134c1154a281a1cc881ec8859d4ff252a2cf42c57e756fe3d1ef77b9,00000000181f1f0f
908,908.jpg,.jpg,126891,aaa9164ec7be37c9b9cc577b48944641ee677f5fc681b4e550898235d180d442,1024,1024,RGB,True,,1,train,1024,1024,True,24a53fc0c08e1ea52d30bcd99ed5d172e3e7c1992e241fe20a470340ccfd5e30,67ffffcfff5f1e1e
909,909.jpg,.jpg,128702,e6a4b6408a768208b8d0bc03f7a62405f33292a67d147264226bd72be78ad0f9,1024,1024,RGB,True,,2,train,1024,1024,True,188685dd694bb13d9a7e411ac933d6b2fba282980a9bd9a66e3e30913a3a95a1,0101010122220303
910,910.jpg,.jpg,65087,4571a4ef73e669891dece17c308c33e39b448288574e4577be7dff4fbcb1465b,1024,1024,RGB,True,,1,train,1024,1024,True,da275dbf4f6bee17af705bc6d9f83f511a47700ddc12b83d6d08b7e05569d20f,23a38680a0604000
911,911.jpg,.jpg,41054,779367c2330ddd510f9f10c85cf085e980b72cc356e1fc6c665aefa914bb1f4b,1024,1024,RGB,True,,1,validation,1024,1024,True,bea4f2e274b3ad78afdd7e0077f0323b0d20c260773e310904f19a5d96ff872d,848c84970f2e2201
912,912.jpg,.jpg,129055,d45354eb6993573048d17340418c65fcdfbcb4d87cc3c58df680c2f579f9c9c6,1024,1024,RGB,True,,1,test,1024,1024,True,ce7fbb4ad9b27d2f6674eddbc9ecf4935834180f3f187c38ff6ef9e0cc7bb02e,0f07070319090400
913,913.jpg,.jpg,104264,b223dd2160a7e9ac89f664fec5b680187c50de59e0b20fa9617d50cbb98f84e2,1024,1024,RGB,True,,2,validation,1024,1024,True,eb3e54be3d4d5313861e57c639669fabe5d5a992fc4212ab4ff50c630ce15ead,00081c7564041c7c
914,914.jpg,.jpg,43984,6d6fd20e8630c6c023b0a51690a4502f8d63f46d09d59e6becdec42ad06d1759,1024,1024,RGB,True,,2,validation,1024,1024,True,f8c45d442f52e6f76e86e6980eecf091814cf5642b3f463c449c3963abda275d,03030b3cf0c10103
915,915.jpg,.jpg,139866,3a2ebaa86bbf460938948d980db2489bd8abf39d2f8f35ffc103a47bafbc1f9b,1024,1024,RGB,True,,1,train,1024,1024,True,bdfc604a4460d85adb7d0a3d18fec92abab87637d48cbc6ccabce3f390a2b18c,0000001020600000
916,916.jpg,.jpg,75046,01d65e1809ac645ffd9f81b8e72abaf5b0f8960c4c251e84d1ab565fb1192659,1024,1024,RGB,True,,1,train,1024,1024,True,277e0a1bba958cdf54a2590d2c3aa98f0b31ecfc12b269d1ee5ac348dfe2e427,7fffdcc061618181
917,917.jpg,.jpg,123614,f6f0ff385b17b6a2b94a6e497a3125fae91e7222bca99044c3fbfddc040ca95a,1024,1024,RGB,True,,2,train,1024,1024,True,ceca0036959a9eeee871a678aa3cb5229e1cf10a572370a3a719fb5a0575344f,a121212303020604
918,918.jpg,.jpg,141098,1110b1a1bba68590fd6e330937ce9fc925b0481877366f6fe24a0db30f025541,1024,1024,RGB,True,,3,validation,1024,1024,True,88aff7883c0721d850790965e21536ede5e6c24ca41843823a530e9851f861a9,c0e0e3e767262707
919,919.jpg,.jpg,84399,9e81548110e8c127d5f2ad9c867b34252707c19f5dd417b506bd4d4fe5c6c46a,1024,1024,RGB,True,,2,test,1024,1024,True,c32b6f5f7a5e8e69f545c081a7a5095af730c15de42fe1d37825e7c127169232,3e39393938303838
920,920.jpg,.jpg,103629,e889cceb0c1c5f049c769abdb73861de100165d7244d40c100af63c33a60b612,1024,1024,RGB,True,,1,validation,1024,1024,True,4609877ed1b7cc8973bcd973a7d368e0b4543aa295b994cea2a9abba3a50dfcc,f0f0c0400404f0f0
921,921.jpg,.jpg,101950,bfd854169a6d7a05897c0066abd0d956fb3970f9222d35022c12958ac310b011,1024,1024,RGB,True,,1,train,1024,1024,True,4993130d1e668472702c8af0dea52af28769925293aed00af16abdbad1dae52f,30b03030383834b0
922,922.jpg,.jpg,162691,8b41908b195d134c3415b82ce60bded7b1604b62d279a78dcd81b9aef1ea5d4c,1024,1024,RGB,True,,1,validation,1024,1024,True,b87037809e1c937df86ad8413616ce94ea0272b0baea34b294dd279baf3b91b1,dcdcdcf8f977fae8
923,923.jpg,.jpg,68647,1d82ddb1a5bf070b9c9fe1e5d724b5d8f0fbabb9d4f547cc38fab94536a3915e,1024,1024,RGB,True,,1,train,1024,1024,True,7012043cb53b1de5006829746c46e8417261f2a989298b9f51906c4cbbc9d88d,1313070f07181129
924,924.jpg,.jpg,150086,c48a2c935737019fcce030e9e89a846f4d5e4c3113eaae727b960ee1d3db9efe,1024,1024,RGB,True,,1,train,1024,1024,True,7a5bec0d5f72d59e54d7f8c6ea743d12f7f49a8a0d32151cde82c1fd956a9bb0,0f0f070707070717
925,925.jpg,.jpg,251854,fe8f0f2b8eeb917099aa0892ec350a47b904e901eea1c54abadff2f925b7e986,1024,1024,RGB,True,,1,train,1024,1024,True,b10735ee437c4108d317ed82813ef1dc44f27493d1fdb7fc7e8c983b6fc55c56,3f3f5f7f3e9fefff
926,926.jpg,.jpg,54122,f7147c9dff8b899e776067266ea1128c9551ecb9fefd87cec59fa94b2de120f1,1024,1024,RGB,True,,1,train,1024,1024,True,33ec00ab9baa7640e56190e8149231064f9664742e36bd914df473963e52b1a7,c643c1c0c0808082
927,927.jpg,.jpg,84289,87fec0fe34f5de77c5bb3585bed57aeadcf2878951280a122f03108062c098f7,1024,1024,RGB,True,,2,train,1024,1024,True,7225f4f880a8b6e7e6f7c58017de803d8109bc37eb4d453ea987fd845879900b,900c3870e0c00001
928,928.jpg,.jpg,159512,5ac3b91d3d42d47526ac78981604177f4966c20bbafda528df6f494af1f71541,1024,1024,RGB,True,,1,train,1024,1024,True,1dd96fdbe00a24c87f92dc87d42725fa1e79e69bd0c1c770c508028aa58d205a,0501020c0d1d1f9f
929,929.jpg,.jpg,288360,b23c2278495e53143ccdab6b727fae8691c3d9f6807a82fcdf4139ea76da8fda,1024,1024,RGB,True,,1,validation,1024,1024,True,968955a0f6e99ef1aab266bbda76f71e4584d92e7983f6f2c05e3685ff97d032,1ffff4e64527de6a
930,930.jpg,.jpg,95184,dca243af854a1b60cfc73d1be206beb64e595075a56309ab7673f95cdfe46af3,1024,1024,RGB,True,,1,train,1024,1024,True,2a66338babbf78ccf269c6f6a4b7c039c0db0c8f1e29ffa6c2480c85c753b849,6fcf901a46e20000
931,931.jpg,.jpg,42954,d7593c13def7ae04b82b62f62d73ccd4046109f7f4a1b49ce3b5f7e414497ce8,1024,1024,RGB,True,,1,train,1024,1024,True,158609a02cf3ff115418e6e9a53adfaf8ab4d1e359264a946df89b6055086220,05030703101f1d0f
932,932.jpg,.jpg,139009,729727373c7442428db7fb9a8420618257f66077f7b6dd2a55beba0718eadce9,1024,1024,RGB,True,,1,train,1024,1024,True,7bf2bb10cf35d1cfdb10ed778b78ea815e8586562b0b80fa78f0d27a1ab176cd,80803e2cec000000
933,933.jpg,.jpg,41882,63222a034edf72069ea4c928b0ff1d9d6037dc7289d0ccfbbcaeb1066db11951,1024,1024,RGB,True,,1,train,1024,1024,True,55a40e1380922360d49c196f4170dec21fcade55b2dd883446181571366c7c33,0303030100070300
934,934.jpg,.jpg,41850,1b15eb2b79f8b5fb2c27d6b188f9d0d8a1289ad693e8aebacc0d17d03ceb218c,1024,1024,RGB,True,,1,train,1024,1024,True,1466b78ba25638473e92348eb7d9be9d271a07b2e938c6c70ce10a437b88c5da,f0708090c0a04021
935,935.jpg,.jpg,93709,12904e3ff397181fe651fd30ab02c0736e1dd9a4a60e99842cbff909010680ca,1024,1024,RGB,True,,3,test,1024,1024,True,73a8f8b08fc7307313eea6d4089e1900592fdc3ddcaa6c1bb0ee11c79d6e9141,7c1d191f1f2f6f6c
936,936.jpg,.jpg,69404,830e3715e8df4f0dd07a25fb4c1f15e96063a36633e6fc9e7b2e9c6a661c1932,1024,1024,RGB,True,,1,test,1024,1024,True,d880bda811dccd69e48f8d18cf046f3affee622b32c8246973b2433808e73581,0101181f1f0f0f0f
937,937.jpg,.jpg,115980,cd87eefc5ccb8cceffcb48de7b31418eedeef9c605cae6a7eea6f41b560a1b18,1024,1024,RGB,True,,1,train,1024,1024,True,47e930ca52ead7440ddfc429b906f76100ed5a4c3837bb59be60c1c31c6d584c,0000000000003000
938,938.jpg,.jpg,140463,739f55a8adf7c36042753a0077835c0d886f9bc3ec7f73e21d5ee1b7aed80e38,1024,1024,RGB,True,,1,train,1024,1024,True,faa2077c47aa1890ef2020931a37cd35874c7d81554a501381454320d80965bd,0fffffdfefff7f00
939,939.jpg,.jpg,60013,d4ff995c345e4d84ab5ab6868892aa465bccf50ed60d1121ec24ba99fccbdacd,1024,1024,RGB,True,,1,train,1024,1024,True,54e6ab8e6f3631f878fada99a3df7272480f2d24f86b04920063b9c96bd4cc4a,e4e8e4e0e0dcdccc
940,940.jpg,.jpg,176310,2771dabeb09ff53375ce6662999fd373e6ae302105e4831eb3b55a3baeb5bfd7,1024,1024,RGB,True,,1,test,1024,1024,True,fd60dd4ad6d0708d49d64ea38c267cf4ef17307ac6537c7eefb2298ef264c452,0a387cec600c0c0d
941,941.jpg,.jpg,197472,09d11dac5d5082ac690b482f70ded64a4a39887f3ad48b4db43df8c0a105a79f,1024,1024,RGB,True,,1,validation,1024,1024,True,950b521ac05014316d92a1e376d6800e041c576787757323a00e3beba281e1fa,000000e4e1fbe941
942,942.jpg,.jpg,168236,9693fdf6d7bb2076dccb1a9bac5355f8ae0df8310d08216afdac2c7a584ad71b,1024,1024,RGB,True,,1,train,1024,1024,True,42a8e7eb58326612264835f1f4bc9071adcb8a58a9eb554368d71113dfbebce1,00001040c0e0f0f8
943,943.jpg,.jpg,134514,5484af1ac0514aaec63b09675dd9f1b07e5c2cf355b8de468aad0f4d237f8c59,1024,1024,RGB,True,,1,train,1024,1024,True,b7cea2be608584906c54d5b7a57b78fab7f1e34d41b3729aff2588267f0e59ff,0363636343434303
944,944.jpg,.jpg,138621,bdc1f51ec71608e1e199639a5577de329d6fec0fdcb4bb82c5cf54a88d9c8c82,1024,1024,RGB,True,,2,train,1024,1024,True,7d3dfff2382bc68e78bfb4d170fa542f69ad6da32e72fb697553777b24933dab,60e0000000001038
945,945.jpg,.jpg,99206,0137a16f610c4183202434689d5cc68da815d4d0dc05597bc329daffc7c503ae,1024,1024,RGB,True,,1,train,1024,1024,True,48c95326ee8fea119ad340810d28cc3072d8922b5ece361cc463be046dff6cb7,00008080c0c0c0c0
946,946.jpg,.jpg,177231,232de9f1f00eaff9e99489f068110a9b1498085e77d56a3620f0a01f41ea87c6,1024,1024,RGB,True,,1,train,1024,1024,True,6a4bc4b23648461b0cd8451af954934cf75a1b7ffe098b9f8613f98f34e8dc2a,005181f4dac18387
947,947.jpg,.jpg,60861,8353c6f36864b3ff022c7506d916c82eea86d4ea46b08af1bffaab5a62d94197,1024,1024,RGB,True,,1,test,1024,1024,True,2a86ab35a35de082cd9a16b636fcb98c0c7e5abd60aeed07f7d2e43d7691d5e8,8f87c7e37171381c
948,948.jpg,.jpg,70161,290c53a99ecd155989ac7bb28717615c2e8cc415e24b597c1f2f41965ec2bb75,1024,1024,RGB,True,,1,train,1024,1024,True,1e1ceed0a6ade56f99700c050167b0cd2dc31fa80fcdf079d8a704d75ce216c8,00040d0132701114
949,949.jpg,.jpg,41862,2f58bdecc13de6dfdc16f8e2a878df310fda181116faa76bbf84d1ef9479a4ea,1024,1024,RGB,True,,1,train,1024,1024,True,283c3b7594930b17762b157fb110868275a86b6ed904651aa9f56aa06b7bb861,090501c35f0f6501
950,950.jpg,.jpg,42901,708e51fa8341c31b8e459519b49f6d5a6e530a9c650d024d927304d7494d4255,1024,1024,RGB,True,,1,train,1024,1024,True,7e8e34de7b749cee9a9e6efd8c850de7768ba0ab21f760787aa64aae8a447c7a,030707f71f030605
951,951.jpg,.jpg,117176,e2c3b4e6bcf23290ea24e0dfd9193241d52432cbe537cf3532c569fb0ff80845,1024,1024,RGB,True,,1,train,1024,1024,True,2857d840a5d044c804210e8c74417b68704fdee4f296234da0f83de15316afd2,c8c8c8c8c0808080
952,952.jpg,.jpg,131678,d3fe42f78b8e062b091217c70d24c4062a908439f019932118fcbf585de54481,1024,1024,RGB,True,,1,train,1024,1024,True,22efb3d605fb119fd7d0853eb90f9ba4524dbf269dd02494c1ececf0efc73ef4,40d0f0f13125858f
953,953.jpg,.jpg,74144,31569fb40eb9ae35eb0900ca7161cda31f583cd09de59cf2f202f0c288ac3da8,1024,1024,RGB,True,,1,validation,1024,1024,True,167e1e8596932899788eb8f1f042511f6dc8abe9b639b9755a0026257bc2eaaf,030323030d162767
954,954.jpg,.jpg,32518,dc43b46fe915955e408edf202968a9217a773eda36c2873b541e86cd4353d5fa,1024,1024,RGB,True,,1,validation,1024,1024,True,e41f9f1e1b56cee284dc354da0f04dcb023125e4d6e016414e79aa49b7810072,0000203030301000
955,955.jpg,.jpg,168037,600b6ba5b6bf0d590d2f602a5d41385f354b96f8e84a9205efb973cf1d3b8dda,1024,1024,RGB,True,,1,validation,1024,1024,True,f1167cd00c1315c0f501c6fecdd8360e9dc9cb9c507a69fb206e6d42278a4e0f,e96dedecacec6c7c
956,956.jpg,.jpg,258451,18e251954b2d66619ff4ab37642e8805884af4fc4034fc09e4c916b060baf79e,1024,1024,RGB,True,,4,validation,1024,1024,True,6d329d29b0c5affc07c146af2bd14de8442a2e65ce6e616af22e4825934317ca,c8c8f0f131251d0f
957,957.jpg,.jpg,119477,e64107e1deba511c5af3784277c529fd46a92a7ef4b4f67ae42c722cf80484c1,1024,1024,RGB,True,,1,train,1024,1024,True,c773022bb9e13eaa5699ecf32bb6e45648cd9f7a3f452c78303be95b015f19d4,430030210f3efcb0
958,958.jpg,.jpg,110976,e31b1051a2a807df0172cab43fd5b54e19f0e4af6fac51c1332ba049919b2dd5,1024,1024,RGB,True,,1,train,1024,1024,True,b937dddfdee9fbbf82ecfed4630cd036572df3c30c6e91498072884b9a290206,0f0e0f0e0f0e0c0e
959,959.jpg,.jpg,206869,477d01972ec31fbdf753f14eeec395c390199bc88696fbdec20e3c23f14c130c,1024,1024,RGB,True,,1,test,1024,1024,True,569add2e589c9fedb860736fe4e3515dfd8e0688e6d8eb27120ea106441c0e55,ccccd9ddf5f9c5c7
960,960.jpg,.jpg,50598,114d0a8923f8aa8141a394dea7f7a6764c8cb15efc57a1f1d7e844f6854837b2,1024,1024,RGB,True,,2,train,1024,1024,True,74c2ec2c15fb8790d6560de0790a6ec0380242e23caf7194081ff7cd2e2b0757,00003070b0a8a662
961,961.jpg,.jpg,56101,2204eecefe6fae9b6a78dc66409bf5089599fa4e8884a62a9066a36c5fe9b34d,1024,1024,RGB,True,,1,train,1024,1024,True,db69e073d5cce5fc083d7ddd98da447312f390b1b96b90503e612d74bdf1cd27,000000183830380c
962,962.jpg,.jpg,126404,ff4ee8e84b0507e297671de4f4c919c9aba6f4f7005a16b3e17414c15622cd89,1024,1024,RGB,True,,1,validation,1024,1024,True,7d3e2a96b9b128e002bf077b17de4efe66832640edc78026b0df37df2487dfbd,e0f0f0f0f0f0f1f1
963,963.jpg,.jpg,20662,5606a86cfc74473c5663edf3298f2853ef9d00d905edf7a6d7a158efc3ced338,1024,1024,RGB,True,,1,train,1024,1024,True,07faec851ca4f0c2d6d8e03613a1797e0d03b00aec37259edc668a2c432e81f0,0000000000000003
964,964.jpg,.jpg,43792,c122edda0687feec66d9d19859cbb0688944e94938c212bbb118966ad94e0c8d,1024,1024,RGB,True,,1,validation,1024,1024,True,c2e9fc9cf07533d1d2c0a88cf28cd25ecf3483b9a54fa6652ec2965d509511ed,003030b030181818
965,965.jpg,.jpg,55826,45591117a303658b0f72f763a7387ad9b974b1af057dc97b29b4a95bca78953a,1024,1024,RGB,True,,1,train,1024,1024,True,dae9a5f02b7e692366e14938d05e00bebdad219a3569494a3f51a94cc4a3b09b,0000203018000000
966,966.jpg,.jpg,64174,b47a1118f4f05bb3dbb8ebd29d2f5ecc9011ca7557272cba8824586d9796d646,1024,1024,RGB,True,,3,train,1024,1024,True,b26cfd7a0c3fba9014c41b6138829b56695ff877d6e61648ad3192b1424c686d,2020616070716101
967,967.jpg,.jpg,74631,b47696e4f50f089e98bbfd85f767b5c6f408984de0f8704ccbd5877770eb0dd4,1024,1024,RGB,True,,1,train,1024,1024,True,f19274b340b0705d3d8e5f821771d51e2452917e41acc62a46a40442055a45c0,03933118b8ca1b08
968,968.jpg,.jpg,161895,a687f1033040443bf805bb13be239607ec33b1984146d890933daf218d3a929f,1024,1024,RGB,True,,1,train,1024,1024,True,77737aef1d584781ad81dda7a5e8fecb861352fee7a26563996058ee8a6f5007,d0d0f0f0f0f0f0f0
969,969.jpg,.jpg,21459,e83d1144757413e8e7248780ddabf69cfc7d5e313316d5712e7622c101fa6b83,1024,1024,RGB,True,,1,train,1024,1024,True,8c607a571c9c2cd73bf5d9b16e3ebb5c6a02f6e59f8dcdaa0a7ca0f4468f6f19,1000000606000000
970,970.jpg,.jpg,115030,d51a4643796c61c720d0159b179ce70551da85c145bf64890246daf5c6bf0c3e,1024,1024,RGB,True,,1,train,1024,1024,True,24b0320fe1e7e1633590e710e8eeb4eb7a3b0b29eaf6dcb8df3608256fde384a,3f3f3f1f3f271707
971,971.jpg,.jpg,104016,1621407f4fe6f34f4269fc0f64fd16f1dae5090bae9743dbdd9ab3245e31b450,1024,1024,RGB,True,,1,test,1024,1024,True,29c4c2a2268536d5d6bcd2b341c6d522f89051204c02cf70cc817a5a4c4031ac,05fff8c001000303
972,972.jpg,.jpg,94844,147d403d9090c9714eb6d7596da8f3269d2513a96f8c156bd9ad66c89def670d,1024,1024,RGB,True,,1,train,1024,1024,True,752a65af77b0c748e38bb150ea65dc9763c47ff9977df2a4348a48c537bdb981,0337152800d84842
973,973.jpg,.jpg,55598,26dccfd3119174a4b65ec6b2bea96a5cd81d7c3f5a7ef227fc7f07e7dd2aeaf4,1024,1024,RGB,True,,1,train,1024,1024,True,cdefeb9f1798457a23123ba72b459c1d6a8ec584211277f1f735e5f36d1ff127,0003030301000000
974,974.jpg,.jpg,154274,9ab0f56021c8bfabd6dc3845049d651154bfa5b7966945ee99b30a60161add64,1024,1024,RGB,True,,3,train,1024,1024,True,aeb209da2a018cc56a059b1cd8bbc81a6a74e84bf845c80594bbeabe78773e56,e4e078f8b1900e0f
975,975.jpg,.jpg,111946,dab2d91b3c038613e364d0c635aa1a81f3d2e2575f5cb5b08350da3296bf98da,1024,1024,RGB,True,,2,train,1024,1024,True,da19843a86a85d7d7104b469d896ea5afe3af84c491b324e5b573e2f32cb80e3,01040ccc8302010a
976,976.jpg,.jpg,42549,0767f59cbf84b879a3928730b98729e1dfd3956acc2cc8d980c95f329019850e,1024,1024,RGB,True,,1,train,1024,1024,True,830d23ea606c3f39f6ce62671cbf2f32e15ef213954911b25215d3fc99df2b66,1a9ad86838111212
977,977.jpg,.jpg,77186,f5d6bf422f72f9d286c464013da2298b7bc31e92f123a3beda5ed0069f77ceb3,1024,1024,RGB,True,,2,train,1024,1024,True,f1a2dd0990b3ea9c480f7be29863770c01d82777cb8f4c812bfe990f64b0cb71,3030303031311111
978,978.jpg,.jpg,114933,d1ed8de4026827f179c7571a5aff0ac9ec38e8727bfc32c4d5a864abe0c1682b,1024,1024,RGB,True,,1,validation,1024,1024,True,3aba0ef93c5662ee9111eb6a2fe95551be83279f5028d975fc8f892f1d5aa0d0,00000016f44c0c00
979,979.jpg,.jpg,47871,ba0e06a497d4b2aae5fc0f9e86ad6312a25cc4c0f8d0e94b50b94afcf03f6948,1024,1024,RGB,True,,1,train,1024,1024,True,44d99dc5dd4cd9b141f28809e2f254b70399e8a4d9d55f7c33f1433712b2ba2f,0f87ff1f18100107
980,980.jpg,.jpg,130145,dac3844be2f26254bbf9d8f125e90036f624ce8ad4e5ae2149a9b0e49ddf6d64,1024,1024,RGB,True,,3,train,1024,1024,True,de20560090b8b9113fe72e49a7f3e01401c4593e96d7d9fffb5e9b2257497bd6,4040060260703001
981,981.jpg,.jpg,153857,446e9bd33a43af36d4699906883734faae99bd428ce95594f2ab6decaf208274,1024,1024,RGB,True,,2,validation,1024,1024,True,c5bc4f4aa850ee26c350cb59e443f9bfe6938b398eb29776b58ff0c7e65a3088,70e0e141030062e3
982,982.jpg,.jpg,118213,b85bdd4ccaa202c8bb9df892451b7aa97b57829969478d7a8d873eb2b9240eca,1024,1024,RGB,True,,1,train,1024,1024,True,7c02f81bd28df50c63859cb182f67bc292a888f32af644d0f728306e794a44ac,04c46464380c0c04
983,983.jpg,.jpg,65859,c2bef9fcd8057fb6dd0a0c34af090d61a4bd4690dc696468ada623b2541df806,1024,1024,RGB,True,,1,train,1024,1024,True,b123177bc94a0da7228f5788daa46b24b8230750851adfec555792ca55efa57e,00868890a0e08080
984,984.jpg,.jpg,30740,b69f11e3d30ec18fe205ded9dcc97e2d352d117388596b10325ab6189eed1c70,1024,1024,RGB,True,,1,train,1024,1024,True,a0eae312f9d82a80b249db30b0dda6dd1d915b267bb6cf06cab368479cc54030,0000000080000000
985,985.jpg,.jpg,68976,629be0b36d96918d279e722791bb92cf3c6ecc2db8965cc5e4ec3b9592be8772,1024,1024,RGB,True,,1,validation,1024,1024,True,199fb5e43edf84ac31825d112ad2b1714f33b23f6218b5db5c560ad4bbe66022,1c0c3414183c740c
986,986.jpg,.jpg,37535,8f5bbf6ddae9fda28ec742d3e6eb76c44c3549ba9b6fc4737cfbf3cbfac005b1,1024,1024,RGB,True,,1,train,1024,1024,True,3df391d4023ea36c3e375a6869ba3bb1feaee57e50fe263843116af836c913e4,2541c1d1f1f1f9f9
987,987.jpg,.jpg,85487,45c2af454a8b0858b74d3d87ffe8cfeace759c33ec6a78223cce28a784ff2347,1024,1024,RGB,True,,1,train,1024,1024,True,2983841da41510a5a4bf38b6c4dfe15032085349154577ba1a8e01d2a03ae3ea,070d0de1e1f1d016
988,988.jpg,.jpg,200252,c308f88e6906fa548c89167216833c7fc760fdebeffab67f3c0945ac55555e18,1024,1024,RGB,True,,1,train,1024,1024,True,576511867b8d68b850aa570253fa684072d2b845407ac0a53f21176c05ce5720,ba9e3232190c2a93
989,989.jpg,.jpg,48911,e7a04f9e41e341a433ab53de510a70d05145260e19f85d5ef043ab01573ba44b,1024,1024,RGB,True,,3,train,1024,1024,True,251c532d300c84f19d57c5e63ed3723325bba7c0c23c8ba7459094d58752b422,0c0e0e0c18304008
990,990.jpg,.jpg,70626,c97e5bc64df02e3474c4b3198336ca109c20ba867ccff12c745aa5c5cd137e19,1024,1024,RGB,True,,1,train,1024,1024,True,ac9e070816ce2aa1722d2d61406061ab15c6e658e1bb0a6c8c588fbf86d26aa5,1e1e0c3a64cc3c3c
991,991.jpg,.jpg,85445,e1e85d5cae5556dc9b3c3f1df8533e916d7854c433f02ab8f407a5f53fdc17ed,1024,1024,RGB,True,,2,validation,1024,1024,True,7299bb7b9965399a4db780d8c508718b0ff7e7efdbfd7212879e69239354b79f,80c0c0c000003038
992,992.jpg,.jpg,107966,bb144c229afbdb9166d4deb91744fa763b553270476702a0b205f3794f394dca,1024,1024,RGB,True,,1,train,1024,1024,True,3f64d5b07badbf80abeca385fb13111e929fa93fa378a82df38b5fff1eed6d07,0b11111018080201
993,993.jpg,.jpg,94997,70eaf15efc9d731688876ca74731b1a8a8526326398f382b5b41b49fd6af4314,1024,1024,RGB,True,,1,train,1024,1024,True,042ffdc475fcc82f45cacdf8763830558985b604d21be4e6bf763686b145b011,fdfc3d1d1919191b
994,994.jpg,.jpg,99169,02f515dae52f482a18f5fd843699a3c54737649c4f1e6a5d24007fc3ede06f09,1024,1024,RGB,True,,1,train,1024,1024,True,4e17b98905d4d1a3914522b313f48dfe68679a53e775f2ed1dd2bbae02c967f0,6161717971333333
995,995.jpg,.jpg,84454,fa43f6cb05eea6de194a59a79dc584f06655420874beb45620d6ca7495af52e6,1024,1024,RGB,True,,2,train,1024,1024,True,36f5d27b30b42fd1013c9b46f5f4943df8942fdd0109a76a5edd6ba0e06f80fb,88484c0000988c04
996,996.jpg,.jpg,173688,d9d9df830adad5fe29d86fee5a23e749c40f84969b05253941b36a4f55266d2f,1024,1024,RGB,True,,1,train,1024,1024,True,ab80516abfe2a93ef0b4740e4ab0b38a5b26d9bb72c1af3bae2da710310820e5,30155d49494dcf8d
997,997.jpg,.jpg,100919,5d44e81061f15096419aa6e6b2fa3efeb574ba077a28143171c98b25eb0dda5b,1024,1024,RGB,True,,1,train,1024,1024,True,f29b5f083f5f86fdb1f2526e995db973766b909139f1dc1a4606f51d2ff58a99,00001c9001038393
998,998.jpg,.jpg,49851,a9f201d28eb5c223b8137316366fe20bfb4aa508753041e3fa39f1f6af52a582,1024,1024,RGB,True,,1,train,1024,1024,True,929c7aa6abfa26ba990f0f66baf30b0f4449403bd5a067030b40361cc819cc77,2030303030306060
999,999.jpg,.jpg,32638,5158d81e81b22b32bbee89d60b317f167d0d57e125283b8f1cacc87651a1b185,1024,1024,RGB,True,,1,test,1024,1024,True,8557940f6f98be11283b3d2959c632cedca632cb9cf39d43290d8b966ea97572,0000203030301000
1000,1000.jpg,.jpg,62417,d7f2a4cb38c7c5ddce4392e3511c5b189332fa52bafff5ea76014f07435a1fd6,1024,1024,RGB,True,,2,validation,1024,1024,True,b6bff142d5ebfea5d9ece95d6c4d1a10eeee2d5a8591f41821483ef41ba6494b,10100000001b3b13
1001,1001.jpg,.jpg,19871,67b7b574598625bcafe6c8bab968e5a25b8500eab5c86e93db417c7414104172,1024,1024,RGB,True,,1,train,1024,1024,True,f8ea05a7ce1856cb8e5bdaa6ced21f7cdcce2a1c4a77e17f9840da3c512bd86b,0004040600000000
1002,1002.jpg,.jpg,196278,252de14dd91bbc173d463286209da45658c47adc1b9c9617239959a43303cf67,1024,1024,RGB,True,,1,train,1024,1024,True,e1965a48ee41875e0c3f6d8e9b6f0b950af1b3e8bae775d4863feb6509b7afd8,000000221a1ee6e6
1003,1003.jpg,.jpg,294331,c0f4e0f5e9bca50a0de62a238e3a26e93f48e189e998e9888a77ec82b0059027,1024,1024,RGB,True,,1,train,1024,1024,True,a469907fde92698c9b42fe221f856bdc4c0e2f4145ab4aedf47c0ba4968e6eef,fffffefef7ffffff
1004,1004.jpg,.jpg,75874,795955f9881336078b3fdce3ac508a0ea9cd4927e4539a54d27f2f765f6874ba,1024,1024,RGB,True,,2,train,1024,1024,True,5c13741e2e88ee6b8b188be3e4502cdd30c39c8d0a9ccaea1d1502a53235d4f1,87070f1f17010000
1005,1005.jpg,.jpg,78178,abd9ac861d1386703a94f73e4864cc56bdefaa28f03f0374662c007180ae1596,1024,1024,RGB,True,,1,train,1024,1024,True,c0f818619ac0307f5d68fa1db2f9d4fdb906f8b8e8067e32e68cdede557d7775,f8f8dcfc6cfcbc84
1006,1006.jpg,.jpg,100593,a7f6457e9a0d83dcf03ed6b1b81e0b825a659e29609445e972035baff0c0630a,1024,1024,RGB,True,,1,train,1024,1024,True,fc7233cf405a9b1310ec65d35fd821f92ce930cc3e58522f9399f4cab51088c5,8c80c0c080800000
1007,1007.jpg,.jpg,24219,7261bbcf408a42a313a5e7889dd528842324e3995c590e02c5e0decffe2168ac,1024,1024,RGB,True,,1,train,1024,1024,True,87d2fbda20f123dd51f2cd808351b2e0bfcc018c3186aa50723fd434937c8a71,0000202030000000
1008,1008.jpg,.jpg,25658,b595f3854c023db1b75cdfbb36a09090c325619643f8eca96794a76344df4b19,1024,1024,RGB,True,,1,train,1024,1024,True,87af4adc54a82185cd02d2ba2638450de011047b251346f271868a09178b9bee,0000202000000000
1009,1009.jpg,.jpg,40377,74da1a984adb8f35548298f7cae3189e83212de6f18642a0464bbae5272ba483,1024,1024,RGB,True,,2,train,1024,1024,True,9931bde7441e5051099e317fe4941cc9cbeb135132b9b8929c36313a74985330,204e1e120280c0c0
1010,1010.jpg,.jpg,38870,7fef20bccf0ad4e6ea05ce158bed33f58897d0063aba4913320cf2de69313833,1024,1024,RGB,True,,1,train,1024,1024,True,eab5a2cf0e20eb2d1ae311346c5592e5da2371ba4d210774684cc8b605da6519,011ffe440d9d3d7f
1011,1011.jpg,.jpg,114293,28524eae364f467155f370f9e82a7101e56cc68d0587627d48fe5d18250f77ea,1024,1024,RGB,True,,1,train,1024,1024,True,4ee6c0af2d0bc5b2f9e804da810ced81441c3af15b40c4e21e99d1aac68deb1a,444040e078f0f86c
1012,1012.jpg,.jpg,177270,995f120123803396a206811e01adde2c514ec7ff538ef3bac5c25ba2ed8c19e0,1024,1024,RGB,True,,1,train,1024,1024,True,07b4732b45db604f4f16f38d258cdb2f4f0a6f3b2a393db87829ef25ac8ae86f,0003070301010001
1013,1013.jpg,.jpg,125216,ad9c34078dde0bf1689cf392dd192c05905d0862506466ac68d65c38b16d8f62,1024,1024,RGB,True,,1,train,1024,1024,True,98a7e74010f0d79496400590bca9a246bdb31992586c13081e4534de2e1cbdbe,0703030d0d0f070f
1014,1014.jpg,.jpg,53752,27f9ebffde8184f67da2faf5500cc30cd4f30b484108f5abcafadd0178aac1b0,1024,1024,RGB,True,,2,train,1024,1024,True,cd1aa020048975bee34826dae28f96ea495e9f13e1d7543c7474c7ebdaaa3d07,4060600080809080
1015,1015.jpg,.jpg,72590,602c4a805533e0e538229685ae4126328b6e62129edb5e8e341d2d5132acf78c,1024,1024,RGB,True,,1,validation,1024,1024,True,6544b0d3d5f82bf62cd3bd700d62ce923197574af4ebadded0434026bda76699,808890c4c8944c54
1016,1016.jpg,.jpg,147377,5d1422e6b4e03538eba0721f8f079a99035d1ecc145586ec64cd2e2022caff9b,1024,1024,RGB,True,,1,train,1024,1024,True,8c3e6d48252808ebac1e6c3f037b5b5c777f545c060b085f2f3c76046e5a389c,60e4c4c6d6d6c7f3
1017,1017.jpg,.jpg,82513,a0f9070920a7b9f5e0ea44cc8ae5eea4b03c7944743c5c9c8a7c9bb5adc1d2e5,1024,1024,RGB,True,,2,test,1024,1024,True,44aa0143cb4575c8772f5567b2b41a0e6737455a660e8e50ab5127f99c3e2a62,0c0c0c0d0e0e0c1d
1018,1018.jpg,.jpg,121380,5a64e0a3c35cfa3783b134a4185f876fc8e4c13724868262802bc2e51b80f158,1024,1024,RGB,True,,3,train,1024,1024,True,67a39e522d63e9e64e3b972d8eaa608744c5307603e2ca6c8e2cb17c7ea1f334,3b393b39333c3e32
1019,1019.jpg,.jpg,106729,a70e6c4c54dc1e54494dd7589037df32ba249b6d5e7c9b3ede2ff9b1cffb4b4f,1024,1024,RGB,True,,1,train,1024,1024,True,21273860b7a37afffa6f627f82ed55dc0d14a1fb07f521d573678a0149caf831,0010303139191d0e
1020,1020.jpg,.jpg,32243,9775e764f14f14055d7d92434906edd2e2bbc38a754f7c93b02cfc7499b8fb51,1024,1024,RGB,True,,1,train,1024,1024,True,80122cef48c9e3e834b1cb7efcf2c2ff1bafac3d06ed8f3ed1f7a02685c133be,2101000030110101
1021,1021.jpg,.jpg,77123,40e7df73a10a37fd970f7d74d03127dccab13a0ed4b7c3448768fadac064faef,1024,1024,RGB,True,,1,train,1024,1024,True,d3ddfe08da744eb1ee8698b7584334c7c5794bf3e62948374fd768762faca5b0,63e3c3dbc38f1f1f
1022,1022.jpg,.jpg,66269,ba3273ca767e645de5e6a6191512b19d2b0345168444a30e88457fa6081ca804,1024,1024,RGB,True,,3,train,1024,1024,True,1dff191bcceccaacae2e5f147fb65bc6ce8994f154f7ab1e120b07f9d0fce8fa,06222a060a032333
1023,1023.jpg,.jpg,67898,61237f713c7020822989ba09430872c1a797b80b558f8cfb13a908c091e38db7,1024,1024,RGB,True,,1,train,1024,1024,True,9f4fa6ea80b85385d1810e746c6dfdb88cfbd00e0e3a9e09534ec8f9f8cc29b1,feff7f3f3fe3f3f2
1024,1024.jpg,.jpg,72382,e1f84c21a1e9ad9733bd635c01c6fc6bc8c3ace93d15491ac5e498d6adc53d46,1024,1024,RGB,True,,1,validation,1024,1024,True,d82086645b872203639b822058a9e5198b2174979febded7956ed6ebadeca088,010000000230f1f9
1025,1025.jpg,.jpg,75792,5c605c1f8933150ea83cf20ab4134e0a765df0c08323cc5bf5ebd0cc93f1d58d,1024,1024,RGB,True,,1,train,1024,1024,True,ee05495c798d89709fd18a7afc7db91830808d6eacdf0eb9ca2f886173e56305,9ece663a1c0f4ec6
1026,1026.jpg,.jpg,75297,9cbe2e864924ce51e436c8515dfc1bf8f2884ab4fb4e05765af760ccc682780f,1024,1024,RGB,True,,2,validation,1024,1024,True,402f12747ec18db79b5555c17d4061698c734249ed332ae0dce15acf913addfe,c1c4c2c020022121
1027,1027.jpg,.jpg,52495,ef079af9df6d6732f53cddea9f1ea038057efb1014d259e1a1b52874596c5bd8,1024,1024,RGB,True,,1,train,1024,1024,True,43c91e692d203089c2c6762b4e18edf2d818ecf845f1045a5960a719246249c6,000080c060301800
1028,1028.jpg,.jpg,23633,ec33fa4e5994843df317e91ee57502af4ec22c1069307fd67ecd6f1ede5669c8,1024,1024,RGB,True,,1,train,1024,1024,True,1327866a789dfea446a3bcc42142ce20b406188aba166243e2feafc3dd00c984,000000008080c000
1029,1029.jpg,.jpg,72811,c4f9859293309adfe3eb892b56369e40bd9b860598e83b4bc6ad6149ff963059,1024,1024,RGB,True,,1,test,1024,1024,True,a16bd6e6e51a6344696cfa5970d631139bf59a5f6dda0599b425f6e050fe4ff5,73678f0703050501
1030,1030.jpg,.jpg,185756,39313e5e9ef1a63bc6e0139c58b48895ed8faf7c481940fb344f81457e17a690,1024,1024,RGB,True,,1,test,1024,1024,True,729e66ef5b0a45a32dba2516fde35eb65107f8be2034ecc1157bf5cf734f41b6,1f0f2f59f3737138
1031,1031.jpg,.jpg,144280,f2d475b2025ee21a89f5b099573856411b29c483d845663f70d4f16add482c6d,1024,1024,RGB,True,,1,test,1024,1024,True,efdc55ba40cd917d8aa5c242491f033a8b6b03624e27858f916a73e04b724076,797999f87878b959
1032,1032.jpg,.jpg,95191,03a03dc2b0390d4b036bd62e36ea7c4146d6a9c7f11810d028df9affd0037b4c,1024,1024,RGB,True,,1,train,1024,1024,True,81a73f80f3d1e6b0de1f06d1ead829b61d55c114809c5e216f2fbc3af1a8c880,40b0c0e0f0808000
1033,1033.jpg,.jpg,131495,da8f22313eebccc4ae0996e448041b4804d2bfc16c989ea6542ae945dc385e30,1024,1024,RGB,True,,1,validation,1024,1024,True,dfa07d49640469b01933037eab9ec82e37f6555fde6e2cf7618bae0dc6204504,40631f1f3e226051
1034,1034.jpg,.jpg,69561,a71b522d8fc2326ed11b1aca4d6b649d10c8cf4db5e1cb211a2879d85350a433,1024,1024,RGB,True,,1,test,1024,1024,True,dbf9747d6535a1507b8793cc8ba39daaed7f0cad82a06d804205419980b4571f,090080c1c1c0cbc9
1035,1035.jpg,.jpg,78580,d43eb487be89117ca7703d68c3e164df9effe6f7adb0b283693558910efeafee,1024,1024,RGB,True,,1,train,1024,1024,True,3dc5383a1ed09a4987ee40c269ff25ec387ad99defe3fc65839d24bea93323ac,e078b8d5f3713e1f
1036,1036.jpg,.jpg,237343,ea6aa7f89058ef0c5c31731d0fc1797dd89ff73acf72d909a90b4635ad64ea0d,1024,1024,RGB,True,,1,validation,1024,1024,True,1d52405a0a05874c14d09904ef1c913a6945c1baa2b9216133f876d997555f7f,010303337367cf7d
1037,1037.jpg,.jpg,90381,1e75bedc024bc5c33982ec0ad14a54e0b5968c23498c318c8500a4f739f74679,1024,1024,RGB,True,,1,train,1024,1024,True,b2e1a8605e06f8c15f7c7e79a0b98d1120f1e84e1bbb0d050aca04cbce86597c,307050d09010181b
1038,1038.jpg,.jpg,90961,dfebc4005e8c007d70348ff3364c6bbfbb0caa4329809c98ff3debe1bd6efefa,1024,1024,RGB,True,,1,train,1024,1024,True,e174bc74c7dc779532c777c42db83d649a10332aa8f3db05952cea5063115f5f,303020684e0f0f4a
1039,1039.jpg,.jpg,263656,3411cc9becdbbc764b9a90958473fdcca828f9f45ea47d82e1cee1433d1b9df5,1024,1024,RGB,True,,1,train,1024,1024,True,1f2af825e936c6ce259b5eefcbd5d84b04a9e74fa46ecb82cbb57712a3d4bc74,63f2e383c3026464
1040,1040.jpg,.jpg,73966,e6ad989471ed823ec79817552a24e1de39d619484214cb08ef7d8c0cc7a4f1fe,1024,1024,RGB,True,,2,test,1024,1024,True,cb1972055a9a9f28e1dfe79fbae7bc15bf4b0f0a23dee880b5c0524ea10f7850,0c0c0808080b0b03
1041,1041.jpg,.jpg,296174,69a50c4f58aa1869fa2ed73a5610844246a5aa603e39a56237acc85b78cd50d7,1024,1024,RGB,True,,2,train,1024,1024,True,f4bc2aad39e9344de1ecace2de45f3f81a3ffc63443f566ed0920cb07360db1c,c4c4cccc0d1f1c3e
1042,1042.jpg,.jpg,93972,c0571eceacf468d08864ec1f86904a0a75e240499f30c02a966f83f8d1cd5a02,1024,1024,RGB,True,,1,train,1024,1024,True,90b6dcb1711af20dd8d3381ae33d04cef130868adf84efbc26b62a6cb0d1c6c8,6f6d6e6565ac0c8c
1043,1043.jpg,.jpg,152263,2038866aadf5f3cea88b25921c04d7afb62d9156712adcdf42ba0aef3c926dd8,1024,1024,RGB,True,,1,train,1024,1024,True,d0a52fb06de0ca809600ac99a8addf4de222684300c8fd291dd7fb754782ffbd,8c4d4dcccc888888
1044,1044.jpg,.jpg,107626,1b2388998f50e9e7f705c2063427ea693e7bddf3b11a2ecc2c673addbf22ee61,1024,1024,RGB,True,,1,test,1024,1024,True,0e620e357c14b6caa606bdef5641f2ec742cca9d2e37ee65c628c1baa846803c,23030121202021c0
1045,1045.jpg,.jpg,110899,24c8e3d0ffd347484ca866ffdf09b6c7860262711eccfe0ee00e2ec7cf467cd2,1024,1024,RGB,True,,1,test,1024,1024,True,6a0c30bc1b37cbbac5f76bccc051356a8c6f57680443356d43490d9bb2cbe891,f8f8f8f8f8f8f8d8
1046,1046.jpg,.jpg,48563,a03c2a484b7b450ecc0e6cdc000f321b61d54426347b43dc80eba8d99c09235e,1024,1024,RGB,True,,1,train,1024,1024,True,8d979c4002c9dadff29175a2a432aa813a4aeacfd4633819a98e74a1f8351821,0000185959988200
1047,1047.jpg,.jpg,37967,c0814a0f2a2d0a460a10bb4606ca9ae0a0365c87384f5b9e24857d5968c835d1,1024,1024,RGB,True,,1,train,1024,1024,True,f63b9eb5e507e943bdb5705ce9b6ec9c374b2a5028af60b436d5f903a0f4ee29,0818181818181818
1048,1048.jpg,.jpg,34775,f6951b33b4a83088d3eac468463a5c0f0a29671e8cc676afedd0297cf0fc85ba,1024,1024,RGB,True,,1,train,1024,1024,True,bb2f1b185b8bf923d4cbaf7203d2ebb417e24dea7d66336b11dd183fc99d95d0,8090901010101090
1049,1049.jpg,.jpg,72208,de9cd468062ed8d5d41ff9d5cf91bb4806d695c9b975bff2a444a6db13a74d33,1024,1024,RGB,True,,2,train,1024,1024,True,24c90ce3c3a21487de3c8dc28d6e7540373cbf4bc7df1af476220fdccb644f53,000000cece171707
1050,1050.jpg,.jpg,161725,58b6a2e519303a279a07f51470c45658ed20655a67f34f4aafdf433a26c0314c,1024,1024,RGB,True,,1,train,1024,1024,True,6a2a3f3116bade07791d0d4440ad862698b8803a2152ad2a99fc0378cf6071dd,1a2b4f73e866e2c9
1051,1051.jpg,.jpg,48147,3e248711afa2ff5790607b2573dc61f301531f9699000f55bedef11810fec275,1024,1024,RGB,True,,1,train,1024,1024,True,f767166e8b4a8ca6a6971159a07dcde495c3b63b93f1223f747d767ac745fd22,0fff1f0000383000
1052,1052.jpg,.jpg,83552,567870f0c9fc7cc4a284a3d320391add3dfd07b6dab6ac053ad0ef6f5a9f72b0,1024,1024,RGB,True,,2,train,1024,1024,True,ff376b0af1c31cef465814a42d816d62560342c7b3fce8a87394920009a917a7,07272f2707838181
1053,1053.jpg,.jpg,101813,619ad3d173e155017da029ef336dfe0e17694d0bdea41a4364a0a71ff4524555,1024,1024,RGB,True,,1,train,1024,1024,True,71c83a8f718c8a3a9f274a8abcad153810e08a15bbb4433c660bb326cb9d628a,0fc3e373180e0703
1054,1054.jpg,.jpg,30884,67ee82da870ca4126f8eac39e34c7e9167ba21259c4609b465f23ed53785dabc,1024,1024,RGB,True,,1,train,1024,1024,True,2d04338fc1e460f88aa9a8ce53b517800f14bb3ecf8f0e09fbe704d3becbb661,0010707010101010
1055,1055.jpg,.jpg,70537,fc978cd10fb3fc316220abc4a912fc9a6b6703883f8ada64a74105189cf9b0e6,1024,1024,RGB,True,,1,test,1024,1024,True,cfba0c9e46842d26ebe597580329b7104b33d9654666ef257b9a51916a501674,90f0d016f7e47838
1056,1056.jpg,.jpg,22208,d4d25d3522aa0b75d0068613db2672f7fe007ccdf8c130767cd89e5f20630f60,1024,1024,RGB,True,,1,train,1024,1024,True,df22282203c674485c9a2b9e205518c26ae7d179a41d2c2fd3183c15445f77b2,0000000008080c00
1057,1057.jpg,.jpg,71092,c4ae02c1d3ad75f37d34f7f7eff6837b034074ef58b01903a653197549bb0a3e,1024,1024,RGB,True,,1,train,1024,1024,True,9bca1d86971e846c36b7989548baea9b972671c7b15dff5142a79921dc85e12f,0002d3e934173630
1058,1058.jpg,.jpg,153161,3c67f024426e814add1dc6bac50bd7d0cb58cb43745be5ad0a4163d07de181d1,1024,1024,RGB,True,,2,test,1024,1024,True,8cb937ed290d671f0a10c1536e363736e2b7f30421bbd9d8b04ee4b126bcde6b,2363e3f3e96c4141
1059,1059.jpg,.jpg,74009,2fc413db5c24030c3ea1fd66877996aeb723894eb75a5b230a4281c0c5202944,1024,1024,RGB,True,,1,validation,1024,1024,True,7c2a832a92ef25944ca70e97f20fd8d840f1d7acee19f350ecc7a468afd260a1,00004080c0040040
1060,1060.jpg,.jpg,91518,c452c0b8c13eb1b29f3edf98da1ed229e24f17ab2b0ad74dfece8ca419b28d2f,1024,1024,RGB,True,,3,train,1024,1024,True,8f5def9b8011764f4656fe4fbdf5e5cfcd51bd173c0138f0b730e401a9a0b75f,5c1e0f0703030300
1061,1061.jpg,.jpg,44211,ee3874565f086b763b9f40cd8fd3ee6dff1a923be913f7a20daed10e26e4e2e0,1024,1024,RGB,True,,1,train,1024,1024,True,544688d169de9bae29635a5fb7c506fc0fc5cad63541bbafd4a8e8b47b437a1f,383870f0d1210500
1062,1062.jpg,.jpg,156848,13a0cbdb42d7791e9cc7381f688ed55268b432dd7bda1876c3adf60b7819ac8b,1024,1024,RGB,True,,2,validation,1024,1024,True,33136d817b2b81e9781defb2179cab76bd97786a398b9e03a5f4a275bd94d953,1f3f67772b232323
1063,1063.jpg,.jpg,56344,df007d073a6f067ca9f3716428c54604fe0e008c8583696e02eb58dc94ff94bd,1024,1024,RGB,True,,2,train,1024,1024,True,43577abf897fa1b0586d512e97b36f274bad9ba93bad1ae300fdaef2244606df,270747c1e169e8f0
1064,1064.jpg,.jpg,46062,8db4fec1be6acd35de8d0dc3b1dc7719ca9268ae0f48cf93468ef06fa9879ada,1024,1024,RGB,True,,1,train,1024,1024,True,5d7900bfc0324d6aed92ed2d3f8bdfa24f7836f464993514732c5ee06d76be09,0f0f0f0f0f0f0707
