relative_path,file_size_bytes,sha256
WT blade defect dataset.zip,78958553,466452f2a0cfc9ef6ba63ea2a3bbc7ea4262057dd07e4fc9e00eedf5bba305b4
WT blade defect dataset/annotation_second_person/0.xml,565,2283b115d6dfe32bee3fd2a20bc78a15cb237f8b3362da328376e6a3cd898c31
WT blade defect dataset/annotation_second_person/1.xml,560,a32235dfd39375cc5ef6732dad6a987434663245664f6dcee8d9d5ec6cdea72b
WT blade defect dataset/annotation_second_person/10.xml,817,4097882ac7216e130d48dda38d67a4989ea9a684a8fbd960d8e91556cc6cecb9
WT blade defect dataset/annotation_second_person/100.xml,563,c5f1aadb54d8ba7cf1a740b3ab1ae0497c4dc7512a79d26ef38331a0ba7486d9
WT blade defect dataset/annotation_second_person/1000.xml,805,dc8d007213aef7a5a317981044bbca63a9aa5f0f25ad24b09581a41451bdece6
WT blade defect dataset/annotation_second_person/1001.xml,564,dd547742e10643f9d401dde4639bdb2618ecf92f8b4027ba128d6a24fcde4734
WT blade defect dataset/annotation_second_person/1002.xml,570,92291ada764db49adfe93cdd3c4a53bcdecd6d7acb3a2b705e410fbeb9e3323a
WT blade defect dataset/annotation_second_person/1003.xml,564,adeb887aa48beb57367e16afca13579e777370362e0b50b6477605310c45e578
WT blade defect dataset/annotation_second_person/1004.xml,800,d0fdd119ea80134c311d7d9b52a88c5d0150944fa98d09efac692c24b1106f5a
WT blade defect dataset/annotation_second_person/1005.xml,564,8cf40647dc79c283dbf7646e6bb0263e3edbcd60d82017397535ad66d684f567
WT blade defect dataset/annotation_second_person/1006.xml,562,89413629f4583024714eaf59c4b9e02d6de8cf8dba3403adb91b20119eaf4096
WT blade defect dataset/annotation_second_person/1007.xml,566,492c03350b49cb87f37de9262547bc05f704afd497c8c9784babbbfc17fa2e8a
WT blade defect dataset/annotation_second_person/1008.xml,566,a9d2643197b349c2764caf723594f70a0689ea52c73b799a9ec7cff428f01ace
WT blade defect dataset/annotation_second_person/1009.xml,811,f8adfea9b4428401153f55aa21dd18e39b4ef18caf803a594998545effaa15c8
WT blade defect dataset/annotation_second_person/101.xml,564,10cb6b8c7e446ac884ba6f8a4fa7fa94f7a885d14eb26430fdb6bf808c256e04
WT blade defect dataset/annotation_second_person/1010.xml,562,3ef97441e07965b25407cbfc73ea80a34530ecb4dec855ff35eb366cb0bea984
WT blade defect dataset/annotation_second_person/1011.xml,555,bd13ba8c5040223ff412262013935f6f96e081ac53a0c8cbf5cdd0bc8209f285
WT blade defect dataset/annotation_second_person/1012.xml,558,a9a91180130c88a6cf253e4ef48edd1afbcd2d0055dd915dab3baf9acf80a7e2
WT blade defect dataset/annotation_second_person/1013.xml,564,3f79867f2e4e031bbd370dc35507349d456f79064c7ad3393e024be148bcf9ea
WT blade defect dataset/annotation_second_person/1014.xml,803,1e73959fae0ee861af0ed03e056be940f1ff3f5586ebb917513dad550ddf312e
WT blade defect dataset/annotation_second_person/1015.xml,318,718c0cdcb7cd85c5a0b53fa88fd17ea844655211f42e677f92b413f7aefd45ca
WT blade defect dataset/annotation_second_person/1016.xml,563,c4aac3ab5239f1adca85bda0d0e208b917ad8b11775e17f0ea55ed4425f2f367
WT blade defect dataset/annotation_second_person/1017.xml,805,ff96cad673792d2407454325aea1b307005a8617be7ab1ee6c509d424cbb9abc
WT blade defect dataset/annotation_second_person/1018.xml,1057,4d8124406d2bdd7a539695ab7bcb8f9a99511330f048e90c9590207976265a21
WT blade defect dataset/annotation_second_person/1019.xml,565,7691ad39cc427a592ce3ede74217b67b82b9751fd074aa5702f8f519f719ec10
WT blade defect dataset/annotation_second_person/102.xml,563,a1a27f132d61b6aa268a600648200f1b5366c935218dd3d2f0eb9d06aae7298a
WT blade defect dataset/annotation_second_person/1020.xml,564,cb016d5d6ee3075e2e0ede0b48a6d4fcde169d3de1de079da4c9e64910299d8c
WT blade defect dataset/annotation_second_person/1021.xml,563,38601d521bfd47254c8ff4e55f6b37fc291b86c924b2eabe227f97b1b9d6cfed
WT blade defect dataset/annotation_second_person/1022.xml,1057,5ac4cc893cbd8d3188cab62f4e65dd0e0114c86de0ac7b28b4eb587e8290a933
WT blade defect dataset/annotation_second_person/1023.xml,562,b422636c7c0279123d05868ee063bc92427444446481b3ce1d562af4cb7e9d00
WT blade defect dataset/annotation_second_person/1024.xml,555,545a225c1b2abad5dfc169fbbbf39e1f9244f4927dd3f0d58a2d7eaa912fbb1a
WT blade defect dataset/annotation_second_person/1025.xml,560,98a0e977f6ff9b144d2d4656bdb18ebcaa8da3fa40fa9f384849619b57aded63
WT blade defect dataset/annotation_second_person/1026.xml,803,14dc2bbb0bf576a662156a6a049b80e0c1d7cae6693821b8b4fb4a86faa73c63
WT blade defect dataset/annotation_second_person/1027.xml,559,71e6937b7514c083992146bb795a44921cb1bfdf2347bfb8d417bf5b554643e8
WT blade defect dataset/annotation_second_person/1028.xml,563,22ad2d1a5bb3ff17121c613abeaa7fad46de8522a8927ffd5da16f7bba58e2b7
WT blade defect dataset/annotation_second_person/1029.xml,565,fa62c7b2b7cfbb0462dd7a034a76f346f99999a9e6c182b2ca0da74a4f93b541
WT blade defect dataset/annotation_second_person/103.xml,554,8f8679e9b38061c011ffc59ce6a3cfb7cb339ac11863a9ba171c5c3308cdcdda
WT blade defect dataset/annotation_second_person/1030.xml,556,6f693598766b8b1737b71c9c1cbd07801af4a460368b34df754ce5a0988f8c92
WT blade defect dataset/annotation_second_person/1031.xml,559,e1db8391b658abea5d424fdbfc96af7533fd85e40e00e3ff2da719e000ad4561
WT blade defect dataset/annotation_second_person/1032.xml,560,34951e2dd7c95e3c8ed8d9fbc3e690393a80409c7dddf8f113c733b2b32b3a1b
WT blade defect dataset/annotation_second_person/1033.xml,563,888d3e7afd32017d1bb66035ba0b8792fef44b54a8bf76072030f2b246c22302
WT blade defect dataset/annotation_second_person/1034.xml,560,eb2d9badaa66a1efbb74d39dab4be2f13d73649b47d96c72eeeab2219cae5d19
WT blade defect dataset/annotation_second_person/1035.xml,554,618a5322ea08b9a77eb5611e3911c6b3c9f26e483880bc190776ae427f1f808b
WT blade defect dataset/annotation_second_person/1036.xml,555,8ab8bd314069552b3983a52a3c4464d1719e024174994a86a1eb38e2cdf4397f
WT blade defect dataset/annotation_second_person/1037.xml,559,1be219c383f5c3c7ecc5247aaf64b0ecf5622bfde03e16e5fcbee8c2ffc2bd3d
WT blade defect dataset/annotation_second_person/1038.xml,318,e3257ecb7e3323521a18e62fb4d977b6b3ec7ac86b57a0d480481081eccf3850
WT blade defect dataset/annotation_second_person/1039.xml,555,67f844aeab5bc418e3593c370837cdb3edc4580b079de2baf21ea5bf87932947
WT blade defect dataset/annotation_second_person/104.xml,555,664148bf05c16d12154c9f31eccb10060e0ce67ce39a2b9b4fd812a8b2f3eb4d
WT blade defect dataset/annotation_second_person/1040.xml,794,950a47d20500c6f85dd3b1f3f527711bcd3b05aeab82742d0f2e9d3e96bf37d7
WT blade defect dataset/annotation_second_person/1041.xml,798,7d33b3228624d02c7f86ac8af5464e86ac0872eba3454e53ad46710b968a6ff8
WT blade defect dataset/annotation_second_person/1042.xml,557,13a310c429111cdf03b2a5efe273c920acec965fada19113d2d6f2a7efee4502
WT blade defect dataset/annotation_second_person/1043.xml,558,15d2378f7fc5a09cbe805b00394b04e6a4f596b0375e631a4657b37554f672fb
WT blade defect dataset/annotation_second_person/1044.xml,560,48de96847d0eda09cae5e5d661246f9c43be806b5dd8a94b33a13bf6f891473b
WT blade defect dataset/annotation_second_person/1045.xml,559,fd6e702c68a63696948253c337dc6df894c2df3a2f6fd7fa644c4677a5ecc3f6
WT blade defect dataset/annotation_second_person/1046.xml,566,7c58c6a9a56cd12da63010070fc0924eae9bf85c64fdd6525547c82d832af481
WT blade defect dataset/annotation_second_person/1047.xml,318,f66acf1bc68da0e75260ec3a9735343f990fa66675891a2757c7d86ced25cf33
WT blade defect dataset/annotation_second_person/1048.xml,561,eec73a15ed711789253e54a34134c5399dea3e02bae10ef9ede3d88a6efc563d
WT blade defect dataset/annotation_second_person/1049.xml,800,15ae4d3bf2366f5adbfa7d677a3e991005895dba124a90f026cf22191cbb3084
WT blade defect dataset/annotation_second_person/105.xml,564,4d5c2c4f312ff320400cff37bc2236b6c6b2f2bd865832f9176788ec5b88a348
WT blade defect dataset/annotation_second_person/1050.xml,554,43471ebb2decc4796e0149d9193cacf9976988bf787190bbf1ca5d84fc068b44
WT blade defect dataset/annotation_second_person/1051.xml,553,63cb7a56434d3fe0db07445716a5cb4b565d782a58ad328a6a3c0d49ee345f90
WT blade defect dataset/annotation_second_person/1052.xml,810,57582cf795e01e3facf3caeb2f13160368dca8efda90f8aadba57c84141ac67e
WT blade defect dataset/annotation_second_person/1053.xml,553,b52a16c3ea470df59e385bb41d17f859fd52df81728f699f3829533eceb4c530
WT blade defect dataset/annotation_second_person/1054.xml,553,deee4870bf9078daf683614cd7b640b4541eeaa4f7abd93ac5f45850e3c4e55e
WT blade defect dataset/annotation_second_person/1055.xml,550,9659190aad3ac44b779a7b54b903f269d0efd6056d41cecd4a8d9c623398d7e3
WT blade defect dataset/annotation_second_person/1056.xml,561,eaf786a721cc2aa08455720b762a59c576d8217eead9162f79f187fb902c44fe
WT blade defect dataset/annotation_second_person/1057.xml,553,c9c666626a46770c6756e9283fcfe1731929e430b8ceb6935a398cc247020b7a
WT blade defect dataset/annotation_second_person/1058.xml,790,0758be097cca546c05243a9529e9f53c0c65e42e43a11f696f30447d9d147d76
WT blade defect dataset/annotation_second_person/1059.xml,556,3bd50de7c6e1a50fbef0d195dc0432538b0114ab8067687f02905c3a0a91186c
WT blade defect dataset/annotation_second_person/106.xml,2038,4d10fc6ef9db4d4b0f4eb6ba4b37d23aaa7f808eab849fffa50e04da195b8ec5
WT blade defect dataset/annotation_second_person/1060.xml,1063,0d280da58084cd6b05a78244f1302202d0f01bdb83bbdf5fcef7cf8d681aa4df
WT blade defect dataset/annotation_second_person/1061.xml,566,b26831b02a9c547bffe9babd9517751e8e7390fb4cec63ed572994a1ce267b46
WT blade defect dataset/annotation_second_person/1062.xml,791,8cb42661ce26b70b2e5773a12a0341e543c6206db5de6e4fa07d923aa2c20895
WT blade defect dataset/annotation_second_person/1063.xml,812,d32e215ce49f97ac686e725dae48f0ba68206ea972efd11bf786c16ff47b58a5
WT blade defect dataset/annotation_second_person/1064.xml,566,b19764341ac4ff739c6751bd98ddfbc383820661119fde1188d0907647e8dc57
WT blade defect dataset/annotation_second_person/107.xml,792,7e4cda943070b1f6c3e2a267af3475adf92e26bd7980b345e341fd2d9ee0cb89
WT blade defect dataset/annotation_second_person/108.xml,1055,488e5aa68b71a4d1b8f7da669dd1afc647e61c7ed4e74d76b67e7e7c53638d18
WT blade defect dataset/annotation_second_person/109.xml,564,b2a9cd01355efadf0b8f34667bf16ed616a2f84efccc95e5cfaf1074dd5282ec
WT blade defect dataset/annotation_second_person/11.xml,562,0aa5e3cc1412ebbc6ce61b732767f073bc4baeed857463667fbf0ec0c7ddfb87
WT blade defect dataset/annotation_second_person/110.xml,558,0eb1297707bfec2255c81ef6362ec553a6c9e264cd9b8a9604572750bc2250a0
WT blade defect dataset/annotation_second_person/111.xml,555,943cadd77e1780b778d900bd9071e98730640edc4584cf57d5f72205e841941c
WT blade defect dataset/annotation_second_person/112.xml,808,bdc959edd78d2c0c3530e0b92ba1832f98cbcb528e0272068167462cf69fd2f5
WT blade defect dataset/annotation_second_person/113.xml,800,960877eb33da0576686831d13aac5d21034578612c3f7f6661c94b4f84b525de
WT blade defect dataset/annotation_second_person/114.xml,802,208f0dccbee1c7884e46cad6ca281ff49bcc5c842a713c31404056f7cfc9f6cc
WT blade defect dataset/annotation_second_person/115.xml,800,ece01342f4d3dbe5a348f2b306543ddffa950b0bc87ad8d5fcb5ae2d09fbb8d7
WT blade defect dataset/annotation_second_person/116.xml,1049,2295df4c1d064e244272271f33668e8e0ea8a6a4f3b9091ce3b40d41b62b62bb
WT blade defect dataset/annotation_second_person/117.xml,566,0850fa8a0ad651ac90057714af8b3bd3013984121ea0104036cf1ca8763a76af
WT blade defect dataset/annotation_second_person/118.xml,565,268d5a54e11a4b260e1b332de122d8768ca6cba2f3ee68dce62e736e69435d37
WT blade defect dataset/annotation_second_person/119.xml,572,73b71e9d68a37abc2a4d1530721b8f2858d2b570c7c2bbe013e6de70deabf3dc
WT blade defect dataset/annotation_second_person/12.xml,551,103bbef736d7d0c749e2627f721ad163a648088409e16bdce35f6426237075aa
WT blade defect dataset/annotation_second_person/120.xml,558,c418d2841fe1d0d0471636058e0e00e957b8d77d13693f5d605b00e2e735f5c4
WT blade defect dataset/annotation_second_person/121.xml,560,5b224ed1841767c5d3050a5443affce4c34fba1175d569285e811864ac4d240f
WT blade defect dataset/annotation_second_person/122.xml,802,40f1f448a74cfa0d559b9c491febce43e7f51f51c8981f35b9a897e142dde041
WT blade defect dataset/annotation_second_person/123.xml,1030,f2c85942f0f0a431a209af4bf2ee87d19eff9bb52e828ecef867d77044a03e5b
WT blade defect dataset/annotation_second_person/124.xml,560,4ee65c6e48ec41141ec89fa6d7c75efe95d46a8066ab5f70fa0aef524e4fddd6
WT blade defect dataset/annotation_second_person/125.xml,804,b06180f98fd070866d76bbff6380df7f31287541c9a724af9e24f1a50f9847bf
WT blade defect dataset/annotation_second_person/126.xml,1276,086494d70ebd662bfa2fc1cee30782fa66f688f1516d0b91ba392cfbf438ee13
WT blade defect dataset/annotation_second_person/127.xml,814,740cae96062d265a174c5b62afd78eb5b71b72f0a2bd893240c9996b67a64787
WT blade defect dataset/annotation_second_person/128.xml,564,cfff61e74f921e00dd620fa8c14fa964f8b0dfa612757b6ec0752bc30fd6fbc9
WT blade defect dataset/annotation_second_person/129.xml,558,708c4318cf3bcd11d2dba1abb05b88661f546fdc732f91facee97ab742710ca8
WT blade defect dataset/annotation_second_person/13.xml,799,2ba3ea743cf46288558d93ae0e33b31bcd229d617618e5dacebba4df702b0556
WT blade defect dataset/annotation_second_person/130.xml,790,329dba1202954ebd4b36c9f29a8eb9e18e013d181156a5699adf3e1098d8ccf8
WT blade defect dataset/annotation_second_person/131.xml,564,9465d5e2dd71f480bc5a93812bc49333248f508e6fdd9765d9c05de1922801a8
WT blade defect dataset/annotation_second_person/132.xml,801,2befee3c7673cfa7c44d288aaac836cc5faa2f5aea00cfb94f75bc8a345768ad
WT blade defect dataset/annotation_second_person/133.xml,554,bf60043e7f402b544e21fd1adabf67bd01f963a87442fcf734ee896dedb51845
WT blade defect dataset/annotation_second_person/134.xml,555,2005c325f7a307b73c1daf3912426a7c2e6f3661723ce137ee0502d31115320c
WT blade defect dataset/annotation_second_person/135.xml,1028,9f4f91f54ec6ab93e2b35eddc3dfa4a62b0c7a63decae79122fbadaf1c158001
WT blade defect dataset/annotation_second_person/136.xml,555,230c399a0c1a685ab35862b462a5d558c231e8580512e1cb1ad949399300393e
WT blade defect dataset/annotation_second_person/137.xml,554,e0298c1ce0f78981ec5f6858d23462d5288a68f2fb50bb525b1bc9330f48e373
WT blade defect dataset/annotation_second_person/138.xml,557,a71dea6b8b49d44f4968295d689d81fa8dbd25f1306713d2e8aef65ec9989a60
WT blade defect dataset/annotation_second_person/139.xml,1031,90ca6d76d14fef649126eca72ba8bc9aff8aced97b7883d726f404be883743b0
WT blade defect dataset/annotation_second_person/14.xml,804,78f2bc2ffccae8a6a3bab9042465ae0c0001a7a5bcc9be7b9628df75df27ad85
WT blade defect dataset/annotation_second_person/140.xml,803,d84b04b444f11ecdf9f7afb9028fc37185b85d2040781fbd1168ecf754014dc9
WT blade defect dataset/annotation_second_person/141.xml,556,027ae70b3ed0e3bdef8c707a3cc33a754408e16b9801c412abf95eb61954f5ff
WT blade defect dataset/annotation_second_person/142.xml,563,76a8fdd6d45e5077fc19aa737b5994ca2201c789aebfd1021c9aa13f5cb7a85b
WT blade defect dataset/annotation_second_person/143.xml,555,e9eafd9648cc2da3ce94f4349f0648248c6c26730e6a387d0f789644ab50ead3
WT blade defect dataset/annotation_second_person/144.xml,1286,e90fa34d47ffb2a620305af0157ae8dcfed0c1d3a92a47cdadecee736e52ad88
WT blade defect dataset/annotation_second_person/145.xml,564,629255e4f7161aa56b60a911cd84b11f0b577d5bf0ec5b6f50a93b1c28d96909
WT blade defect dataset/annotation_second_person/146.xml,569,1b706c2236b9e1135198b0bedc6619a19f4ca98926ae8dd1fa99b3eff68b71a7
WT blade defect dataset/annotation_second_person/147.xml,560,ce2993f9338c75bf64d4b584f1138ddff94ca1f975bbe0cfcaea8e6ae56581ea
WT blade defect dataset/annotation_second_person/148.xml,561,d02df826290da7f727822bcf8e1200ac4fe6346d0d456377aa36a301ec87c08d
WT blade defect dataset/annotation_second_person/149.xml,563,e007a73c0d1382684810336ebce88513d54d6ab8f2585f4dace5d43cc9b83dfe
WT blade defect dataset/annotation_second_person/15.xml,553,40be0b3bb9fa85cfb115507aaa1c207921d53475f695595b291bbaa4e11f108a
WT blade defect dataset/annotation_second_person/150.xml,812,0daf8d058de8c008c6635a8de236be81ed50fbc705057361305479f4e1fbe838
WT blade defect dataset/annotation_second_person/151.xml,555,7a0e00e4b3f58b8e0f78688a87077dd50d749c5cb5928089819ecb5baa0637d0
WT blade defect dataset/annotation_second_person/152.xml,793,c9739ca54cfa141f506eba305096b9c699c5b22a56acb7c42bc97456f9cd1473
WT blade defect dataset/annotation_second_person/153.xml,566,624adb41355b4413db2a58517644967e82c90d62d96cd54ecff4fde11b0a4217
WT blade defect dataset/annotation_second_person/154.xml,805,3e1c90aceb7e1c48d78b6fd570c670a3c299332a7a4ba2692b2d5bda74ff9471
WT blade defect dataset/annotation_second_person/155.xml,1560,483c3b6f8b8ff5396f35ae340e720b71ae6f113535fe0e24cb1ccfffcb646a62
WT blade defect dataset/annotation_second_person/156.xml,318,3ef0466a0b84aa084ebc8e6c7ad4dc79535faca29357f4991be16b63ead29299
WT blade defect dataset/annotation_second_person/157.xml,555,fff08c3b72469ddc5c1ed0810dd74d1404cc443e59d140df2d3126f0084c6222
WT blade defect dataset/annotation_second_person/158.xml,811,4f16eb1958e75201347dfc8dad33d243d946786786f953c00672c3d5e97ef26a
WT blade defect dataset/annotation_second_person/159.xml,555,a5d71065cfb5c041e08e9271aee8c195587653d5a254330c2ab4dd2b2b63ea5b
WT blade defect dataset/annotation_second_person/16.xml,558,5e6f8e045dcb8329e9d0aec632c0bad9c08640548235b2775d7f556473f5dddf
WT blade defect dataset/annotation_second_person/160.xml,559,7f7e4a2096e86739f9c4bdb6fd634fbfe945a06c2ac756dbfca7c1bc75c1d1d7
WT blade defect dataset/annotation_second_person/161.xml,558,1a726cfe3d34d07ba92a5851f5c6745ee5c92711d0de798208c161775ab10ebe
WT blade defect dataset/annotation_second_person/162.xml,801,5b295ed2b06ab301d4f8cc4d026cce6f5aa004bcd8f4d46d53cef5b7b1a7a30c
WT blade defect dataset/annotation_second_person/163.xml,569,5de7c03e42340f9775c87fcd7f6cb7ced651ce21b305dcd4469a248979c479a3
WT blade defect dataset/annotation_second_person/164.xml,555,81c4683f9d3f006f57c7b7e85db77ee242075b487e1b02dec9be41ceddf8815d
WT blade defect dataset/annotation_second_person/165.xml,801,4ffa64d0bbc884f4ae9502a464c883b4258893b0c3fa1cec3d9318ebea7b3014
WT blade defect dataset/annotation_second_person/166.xml,555,258141bd963d14e97df5aaac2b71f33831e3dc5315711fcc9eb1f197939548d2
WT blade defect dataset/annotation_second_person/167.xml,790,4336dde7ac9e633d152dd4e25e17481724b48b6b0a517864a8a68866b89278ba
WT blade defect dataset/annotation_second_person/168.xml,555,05b7c5c76810f76354798e0a0e7a66329b986315e0f9cbae45b19af95fc7e9b9
WT blade defect dataset/annotation_second_person/169.xml,802,aaf6be6bf09cc7a47dad2806f6f197c237766482c359adc2baf9654e1e7a9879
WT blade defect dataset/annotation_second_person/17.xml,559,954b0742a89980e3cadd84ea503fdc8931a980eb43216c17d3d34e8775460d7c
WT blade defect dataset/annotation_second_person/170.xml,1040,3d172a4b34399ac50545e43474726439a3538968b88dccdea1dfda8c4bc59746
WT blade defect dataset/annotation_second_person/171.xml,802,5beb3b4ce2ecacfd38ef2cf8404716100c3716609c0abcfa254ccff1a351fe1b
WT blade defect dataset/annotation_second_person/172.xml,799,b7c38e5bf93822a0bbec656ca207b240e1d1310ff9db9dbde7f60d670148dcfa
WT blade defect dataset/annotation_second_person/173.xml,555,253c220ff2151c14784dcd96ae417e8bcbc79218cc0237e51475ca05ff0b28e9
WT blade defect dataset/annotation_second_person/174.xml,555,404e09a51a70f0e7b5e6db96d7f133b0a8107d30a51dfee0fc5ec2657b3f6f61
WT blade defect dataset/annotation_second_person/175.xml,1027,a58dd2984ddcbf6a5fa444883f98600583cf57b7f61675b1041a0b9e527fbb3b
WT blade defect dataset/annotation_second_person/176.xml,793,0b6107635437673dde1dc28855e614ee074c8616a5b00ff98ec845c13e3a2c6a
WT blade defect dataset/annotation_second_person/177.xml,554,314b1ba3a283d3f0f28d800bf490d916241e79f135352ffd055b4fa5c4780bd3
WT blade defect dataset/annotation_second_person/178.xml,1056,eeadf3f8c9b75584ecbd0541a938ea865b86893bc60b391cc5027f5a2ebc4987
WT blade defect dataset/annotation_second_person/179.xml,555,2f7fd21a41eb5455c97d135c0e4ca2ce328a56c71d891c900244b3a02f947a6e
WT blade defect dataset/annotation_second_person/18.xml,554,338a0ee1bb36f063f773c54924dd69ce6ec77cfe962bb510ea830ce7dbdc627d
WT blade defect dataset/annotation_second_person/180.xml,555,abf2225ce55a7c9adfde6aa7e7f8ca00d9cbae2715e9c17cb022ffbed40804bd
WT blade defect dataset/annotation_second_person/181.xml,318,e6a74fb94d143f0d567595bdce8523dde6031908e2c71459d9b5771dcf3d7e72
WT blade defect dataset/annotation_second_person/182.xml,554,7400ee4e95a0bea2ca5c98382494876da769e170b0460b9a5468c33563246bc0
WT blade defect dataset/annotation_second_person/183.xml,792,1a881f315aa5c83097ff8d350b4a5def5323c17f4fe9d450eb51061e4c0addb0
WT blade defect dataset/annotation_second_person/184.xml,791,317e6816784ba94430d17d8809488f4af1e42f140dbe09604f7c1f81ae601e19
WT blade defect dataset/annotation_second_person/185.xml,803,ea7613fbd00a49d77f0fea27ab2b0b723b9a0b6020064a3a219c318c3f97116f
WT blade defect dataset/annotation_second_person/186.xml,562,3488eb040e4a989804644d12aed17e446034f9c7dbf81b0eaa1fd11cca3c204f
WT blade defect dataset/annotation_second_person/187.xml,792,3b8a1af91f07517bb252710df2017a15a092d74a85f2bf79435afd025db7090f
WT blade defect dataset/annotation_second_person/188.xml,793,556a8ccfc2bc8b44285dad2fb29f829d6aa8a1a3505bffd1b9f7b51bf95130c4
WT blade defect dataset/annotation_second_person/189.xml,555,41d99c043341e8a7c2772634aa779f8149e7969cc2b8e560b18ec752473b99b5
WT blade defect dataset/annotation_second_person/19.xml,809,6402c6c7a1c7ae14b12b53ca6106da3a92f4cafb2de4e534b193347cc3427d6b
WT blade defect dataset/annotation_second_person/190.xml,564,89c046a2f1f115c1b9b0bd5f17846c35e244b195812ca36699e99655cd9d504e
WT blade defect dataset/annotation_second_person/191.xml,563,41bf00b45cccaa32d3764399cdc6c2949201fcf5e0976949589fc75edff87ddb
WT blade defect dataset/annotation_second_person/192.xml,1045,b4c7451db7304415986b47d93ce103c409b14af59d9aec96109b51990af33e86
WT blade defect dataset/annotation_second_person/193.xml,555,f53462c7b93e7bca0427304e29c36c0e049443004e1bea2c2c8081773b7461f4
WT blade defect dataset/annotation_second_person/194.xml,809,45b8f1b734f58b6119d3c8ec3a36407334d55bc8e6124f832bddfef4f4282a88
WT blade defect dataset/annotation_second_person/195.xml,318,c63bfa61bde6463ec77e11416bde5b757d4f102f6e598d40eaa6c9b49b5490a8
WT blade defect dataset/annotation_second_person/196.xml,810,1bde8b0d7c37a58f37da01604f2ae7b675d46d7f536a13d2ad0d95d1cb39c387
WT blade defect dataset/annotation_second_person/197.xml,556,323a75b3d73303c14fc9513c01c0c2de47b38325acf4e1587311ed1185e2cb0f
WT blade defect dataset/annotation_second_person/198.xml,796,450b7da7029132f6d246ab07effb9d1733d02033321ee1cbc67aff9efcdc090d
WT blade defect dataset/annotation_second_person/199.xml,555,da290bfabc4e75b07c7c1f6c1cb4e16ee7ad4d6a56c511e833210ea4a33dda7b
WT blade defect dataset/annotation_second_person/2.xml,560,cbe7fa95dee74a0432d7a5951c9e195def64ff6e17681ebf72ccbfd3bade9f57
WT blade defect dataset/annotation_second_person/20.xml,553,8b942aff5d5a29b44025fd286cc7be84551a759223039d42eae97cadfa68c0b8
WT blade defect dataset/annotation_second_person/200.xml,811,6c6f94a4776567df10aefde38a7e12bed73a2d33a4737b9f7499e30210b9bc87
WT blade defect dataset/annotation_second_person/201.xml,792,df082372ccdaecb936aa3aabea74944bb443fee7cf654edf43f6ac62ebeaf0d8
WT blade defect dataset/annotation_second_person/202.xml,812,e18538609a380078f47ebc2a00184ea94e27882de364ead92bda09c7d90e4f6d
WT blade defect dataset/annotation_second_person/203.xml,792,c611d1a0a2899752f5703af12096b880de451efababb12d12802bbb718f7e00f
WT blade defect dataset/annotation_second_person/204.xml,572,d74e34500b05dff882c6998bdfe7269e5b86440593c630c03f198cb9414dc556
WT blade defect dataset/annotation_second_person/205.xml,814,4dc3d97b92b152b2142bd0e133856a66e50c9dda70809b9a063b72d9c4ef5e58
WT blade defect dataset/annotation_second_person/206.xml,555,db2b41ad9ebd51de50894b86ae5bd573591213b71b59f28c978828d5ce1ea39d
WT blade defect dataset/annotation_second_person/207.xml,805,92c3e2f6558eef949d35567ca07850dd811caf460feef7fa4022397276df8d8b
WT blade defect dataset/annotation_second_person/208.xml,559,b55811104b8a37ba37240b1e4a32148cbd17cc29a5405b4befc8b557ae450ed6
WT blade defect dataset/annotation_second_person/209.xml,554,82e70188dfd2e03a492670d1e521b6b3e71e3208a32405350413d55063d8bfa9
WT blade defect dataset/annotation_second_person/21.xml,553,a78ffd79bf60709897a2059d352bb776a7707695faca9d2a70d47981a0d9b732
WT blade defect dataset/annotation_second_person/210.xml,812,2720d3920f4af5e92509b0d74bb7d4bbb2cc4335086e8a5b02f82c7398962962
WT blade defect dataset/annotation_second_person/211.xml,793,744ead52d0d0394720687d364570f4c69509a9f385004926c47a3866c900d9f8
WT blade defect dataset/annotation_second_person/212.xml,555,495fa30c4cebb2405c34b54b8dfd27c6eb71766fe58c51e761e64290ea4e55da
WT blade defect dataset/annotation_second_person/213.xml,555,286e968289894d4d1d7ddb5c40fe1f4885cf6b46df299fd628c6bb87b3af7071
WT blade defect dataset/annotation_second_person/214.xml,554,7a638f382d2c34b358420056791ddb63f4673fd1e2dab0b92c89c76af7cfafba
WT blade defect dataset/annotation_second_person/215.xml,555,3221380dcf77122d1a2507c52c665e8c74be32803b5d211d5386bf49c7b67b33
WT blade defect dataset/annotation_second_person/216.xml,555,a83fc55239a7cf7503b41121c9fab840492decc86f3b95954a4159c48b635323
WT blade defect dataset/annotation_second_person/217.xml,564,cdba9601ae8a4d1ee6cc3d6c59930e8c21ca7b5f434defb9e215b2cd3d63a2f4
WT blade defect dataset/annotation_second_person/218.xml,800,4d2454214f722940ee56d17467ede452d8c5fecc853a1e2a810a7f6f958208aa
WT blade defect dataset/annotation_second_person/219.xml,1030,ec2750c1ba6a746eeefe1e4f903956bf9b28282ee31cb1d8330cbde14bb4b8a7
WT blade defect dataset/annotation_second_person/22.xml,561,53c069cc73c740bebf0fe5b7c8b329b0d105fde5dfb1821e7dfbfd2c0dde3a37
WT blade defect dataset/annotation_second_person/220.xml,803,c840932b08ed6944a00fcd287a2f1cba80939f925df9da05f9920739903f5a1c
WT blade defect dataset/annotation_second_person/221.xml,794,8ba456f09821db52f7500fab5f83714685cd7335bf4ccf004b25752cfcf6db48
WT blade defect dataset/annotation_second_person/222.xml,811,ae9cd71a89e06e6d45e786a3f126965f856ef84bd3077291c7da995bae961a03
WT blade defect dataset/annotation_second_person/223.xml,563,4ff57de0e027121ee5f535abbef095171e8e47719b71a7d7dac38ad944010381
WT blade defect dataset/annotation_second_person/224.xml,559,3f89aca89ca736e355603a4b2152bc74effe6d310cbe87ae64a7a90cf1570301
WT blade defect dataset/annotation_second_person/225.xml,553,7870d34e8e517e159bf62748301e3840ce47c355ac95044edbd774a75d83d803
WT blade defect dataset/annotation_second_person/226.xml,318,a62146d565cdaf713aa1ac1e3c5b4fd2a9cad5bcc22b33e4516fb73ad01f30f1
WT blade defect dataset/annotation_second_person/227.xml,560,becd599243c05d7ef27f1f0f7824ab1ae7f95b57c381f2f845f7aef67f5db22d
WT blade defect dataset/annotation_second_person/228.xml,798,26aac2d45a056e8c5e86d660884331524f689db8ea481035dc7b340752d86dcf
WT blade defect dataset/annotation_second_person/229.xml,554,fec4b5d7f58d243e9d3d73bb6fa6d6dee9b2f7ff7b309d9dc808534387669804
WT blade defect dataset/annotation_second_person/23.xml,553,4ad3e76f0e58b18e8ac2c661086f5f30d87e263c9002362b04f2b2d483356965
WT blade defect dataset/annotation_second_person/230.xml,806,f0d5b4506153e0889c12b8d0c8750a973eca306d9c637102b407fb4f3b3c5b38
WT blade defect dataset/annotation_second_person/231.xml,555,605743be6a54a9556cccad3502f71b5e25c9ba77a0695459e94563c6204e8528
WT blade defect dataset/annotation_second_person/232.xml,318,f4b05c49de241f72ead09e0d5b7fbbb166c52991d519627c0ec7428be7848083
WT blade defect dataset/annotation_second_person/233.xml,793,5121742058c01d5275851ed3b8d62168274aea68b2ee446434f6fc5a7804a2aa
WT blade defect dataset/annotation_second_person/234.xml,1544,d529d761d6de912398ede4b83aad5eabd86a31b44fca9b65255ffd945c902ae3
WT blade defect dataset/annotation_second_person/235.xml,555,6bad5c53b39818c1a6f5411dcb56e37f5061d20bb50367163b632a5cf37ec581
WT blade defect dataset/annotation_second_person/236.xml,555,68a47a85e0ea940c4887f79d2707cbcd8789571c70424fe0e76affb12c506cfb
WT blade defect dataset/annotation_second_person/237.xml,807,9e3fb777c698970721e9167f1d15b0c35246c2cd86bbeba36ff6666275fc317f
WT blade defect dataset/annotation_second_person/238.xml,792,a69941c1879931d2898d6e718e3700e3f2cfee0b9de7b2ba90e974ebd8ccb7b9
WT blade defect dataset/annotation_second_person/239.xml,800,ead92ca5d514ceeac9b4905adb2d14cd9b369e2a1f87de0c4d3715d444034b71
WT blade defect dataset/annotation_second_person/24.xml,553,c8da12c722f928c1c03107aa750f33f4e373e6446a111c224d0005f14c998ac6
WT blade defect dataset/annotation_second_person/240.xml,1288,5ddff12baab395fcee7a858644f371629a741d970307b1df594e81b240e1f31a
WT blade defect dataset/annotation_second_person/241.xml,560,9c03923b91404b56a99642228d1313eec24b74a59e595b5ad0b704ac7ecfc9af
WT blade defect dataset/annotation_second_person/242.xml,792,af2b875c61a620b26dcd9ca433a9b06cd66e61efb23003ce12cd4e1c62e2a71e
WT blade defect dataset/annotation_second_person/243.xml,555,8cfd59bf726eec1b84fe2aa2da50939b0692d1d277039d25a17c42f86f4901b4
WT blade defect dataset/annotation_second_person/244.xml,560,3b761528e3fb461e96d7546c8db064e67b7702663b891c2de9d68bebd291b0b9
WT blade defect dataset/annotation_second_person/245.xml,810,8ec8c05946180792bd669d4d6e22577f834ba3b329e33fee886f0af75ab207be
WT blade defect dataset/annotation_second_person/246.xml,564,47f7d3b5f2666df8b9d3271ceb976f785390b4295896c45bd18d6eb7d01aacdb
WT blade defect dataset/annotation_second_person/247.xml,564,9055275c9420fc30b14f5688e0bf79bd4ab4009edf15fa5de7e5c01e45083c43
WT blade defect dataset/annotation_second_person/248.xml,801,f1a841f4bf62e7072fc24203576246ff0c98c3041e629d6d08f2b126e98ab6cd
WT blade defect dataset/annotation_second_person/249.xml,809,05bc2f3f7b75629e53926f7104cf363f7d6174722715b5e0f75366904a2b2fcf
WT blade defect dataset/annotation_second_person/25.xml,557,b1b0add20cd63b85b1d603fb87d1a54e4603728debe8c1493530a0ee461443e5
WT blade defect dataset/annotation_second_person/250.xml,555,cece055496c226fb16b59aa8776fe940fe8644bc2c1d882d6f3b7fe0acfa2d4c
WT blade defect dataset/annotation_second_person/251.xml,793,68d0e8a79cba8f216aec9ece4be6618fb57879b19739d5511e54aa03596a6f45
WT blade defect dataset/annotation_second_person/252.xml,555,bc555456acb8b5a70764b6a8d0d15fbd602ade3a80485d571f54640f88ee3798
WT blade defect dataset/annotation_second_person/253.xml,555,069b9ad61e59c8a5966a11b523da4b8131c3a21e05a5a0c4fdb43d47e87f69b0
WT blade defect dataset/annotation_second_person/254.xml,560,6704e7b75df4eb93ba618f935082a8e81b37886adb9f99621506809d41aa2d37
WT blade defect dataset/annotation_second_person/255.xml,810,7bacda382158c871c55f28d11ab59eeacf22b17743e53f766e18c724ba3ab8a7
WT blade defect dataset/annotation_second_person/256.xml,1788,10a0be5cef2cbb6e59caf8c68d03b2849e28ae7c5f13a3cb935bb50a070adfaa
WT blade defect dataset/annotation_second_person/257.xml,812,f40d0f2a9ad976f09aa856f14dc0e2fb05e5090ca35ae16be0f44e5d0ebb7985
WT blade defect dataset/annotation_second_person/258.xml,555,e3153f7de043eec533820cf1f8688186f4fbaa85134dde183120be1dd24dd419
WT blade defect dataset/annotation_second_person/259.xml,564,05a0789e8019d80b4aeabae02321f6dd3e4831ab1314cd3c6ab3993e5e10f70f
WT blade defect dataset/annotation_second_person/26.xml,552,a4e183e8d29d16936c6d6120e89ee6d139b1036762e1a841578a3230bb13de3e
WT blade defect dataset/annotation_second_person/260.xml,554,a7d067eb946e2d8d10a932bd997d346624762eeac7ccff703b99f0c1a252a9ed
WT blade defect dataset/annotation_second_person/261.xml,554,c3ba381f4a7896f6868f54f9461620bbca429279769cb40a57e18a3118a42348
WT blade defect dataset/annotation_second_person/262.xml,560,2421578b61ddd09ef9a25d913fd3091bf0d0ca0baaac6e174abd91fd3078d99c
WT blade defect dataset/annotation_second_person/263.xml,792,2e88e39776a3f8cf9a692bee030120388875605a63cf247145302ddda030d978
WT blade defect dataset/annotation_second_person/264.xml,554,0907ce45e68b1b11a1ce89df7a1a70acaf0344c4bd7e786dd5aac37302444efa
WT blade defect dataset/annotation_second_person/265.xml,800,c1665d699cb78d61058454346784c6771d88d8aab6a3e2bf9fc0a3bd65ac9231
WT blade defect dataset/annotation_second_person/266.xml,801,60c038ec02e0dda7f9e44d463e829d9673873647723a88b484624b7c8aade804
WT blade defect dataset/annotation_second_person/267.xml,790,6e4c92cf741cc0948cff479bb03099e8dba9c44a138f82f753a614d0f92efff4
WT blade defect dataset/annotation_second_person/268.xml,802,b993810704bf7ec74c536e493a767cd02268ad1b3abf5bcdc1ac681ac1258675
WT blade defect dataset/annotation_second_person/269.xml,554,657b0e84bc5267a45d3d6ebcfadd52082c1a7e4ddd6b6b9f94daa63395de5906
WT blade defect dataset/annotation_second_person/27.xml,1054,17261d048af591d35bc9c1b1abd992c920a747fe97cf9510f3adc7ba8fbc6917
WT blade defect dataset/annotation_second_person/270.xml,555,95c232e8b2f707d8f121b38f49156b086197ce708673a47799f8d7c54ff14f5d
WT blade defect dataset/annotation_second_person/271.xml,555,49497d8870b761cdd9ddfcd99e3b38280aa8b821f8105f747cedb1fe7dcc144b
WT blade defect dataset/annotation_second_person/272.xml,800,dee921543bbb760968690833b8c52148d5eef26bbffc7d98997211c80deec93c
WT blade defect dataset/annotation_second_person/273.xml,810,9e4fe50119bcb109a9188f292da9e3cf73b6f1708c450c8a3756f322ba39eab8
WT blade defect dataset/annotation_second_person/274.xml,563,fed5a3490fc3929e73d1daa765d3d67c00b47e5c436299bd2090f76f465312ff
WT blade defect dataset/annotation_second_person/275.xml,555,22a42c513c6175bca02907a3d20c1fa991c3650b65867d50fb2cc61da8f6df7c
WT blade defect dataset/annotation_second_person/276.xml,796,c07ba3e47b8c2176c5171bfa90abd88195e43cec5f4cf043971e1c51c4deb803
WT blade defect dataset/annotation_second_person/277.xml,793,d1875538799a763a930695866c4a3497023bd5c4c681b31918d440e528ce1918
WT blade defect dataset/annotation_second_person/278.xml,800,7e9ba121a74ec5eb758c185e7703006e8c4aac4b1c53698e986e6a8751ebc0d2
WT blade defect dataset/annotation_second_person/279.xml,559,b04282550bd474724d0f36a97704d61ab02564a7bdb845c0d6fadd25505f2dad
WT blade defect dataset/annotation_second_person/28.xml,558,a7289fcbe61f3d3c4312a0a20ad1651411746747bc72ef0b15f67db716ae0aad
WT blade defect dataset/annotation_second_person/280.xml,557,4941fef492952fcf5fa65d3a5ad33fb277349d491efdec976541870d00616fb7
WT blade defect dataset/annotation_second_person/281.xml,561,910c42ef0b2902ec9472d54325cd4984446c0cf746b54a6d1e212c6276106fed
WT blade defect dataset/annotation_second_person/282.xml,1043,93d792c12d3d784e49cc7734fc01e5da082bd89b3105875004dc959e6441a10e
WT blade defect dataset/annotation_second_person/283.xml,806,3ee2a5f24f58cf878312d4537aa6903de657d048565767fc689b71125975021e
WT blade defect dataset/annotation_second_person/284.xml,560,12143f553173f06bb025cfe4b7063499abfd504d3a37e334373aa9d2542885c7
WT blade defect dataset/annotation_second_person/285.xml,820,40846371166299a49186fa5fc04d5a731a84478ddd9db5dd628d9326d785d113
WT blade defect dataset/annotation_second_person/286.xml,558,3504ee1e51820e948fbb480f308e0b0e905c11352d3d1a09155e7c995c603a08
WT blade defect dataset/annotation_second_person/287.xml,561,0a8736e9fe7d2f1919ed980e0cd4ab3f31506da076d4e4073f280941176a1585
WT blade defect dataset/annotation_second_person/288.xml,564,3553f5324697283217e61c0b5491614c0726e4fb06e21129f980e5dd674e1b3d
WT blade defect dataset/annotation_second_person/289.xml,1030,ea1a7fea286f310b962a2dace29c8adb063753d750228d3e223f7ffd7a65afa4
WT blade defect dataset/annotation_second_person/29.xml,566,6df17fba920774d1bedd5861c8662c8779f992b80f1e3bbb52ae33fa8addd5ee
WT blade defect dataset/annotation_second_person/290.xml,318,34b0d3f254c93bc9d7102c8d052a17593fe75abd985882ab8e7b1ef184412a1e
WT blade defect dataset/annotation_second_person/291.xml,557,02632d6e8c07ef77bc9147c0bc8994057efc3a73efbc4fa71c85613baee0f0c0
WT blade defect dataset/annotation_second_person/292.xml,555,797ac4fbbec49b6f282face2b9b05a8da5c05e1bef6095744a3a33b4aa1c821c
WT blade defect dataset/annotation_second_person/293.xml,555,e6df81e550a3897109e2708517bde96f96533617e6c20e115c1f356db23558fb
WT blade defect dataset/annotation_second_person/294.xml,559,10a5d2e7b9a213fed4347736fe88f4f503874c3bbe042f98a6606b4a7f8a644d
WT blade defect dataset/annotation_second_person/295.xml,810,5e11b3b0c74dbc69ab94a10a1658ab2ec19eb88f4d144a0d8cfbf322f68b8e48
WT blade defect dataset/annotation_second_person/296.xml,555,734a9e9235293712c2b473f807812a88c3414929a22496d235d59785730b1945
WT blade defect dataset/annotation_second_person/297.xml,793,15f322b72eb6ff44be3a6ef788b033c91cd5ffc010101927e45fe05e8db82966
WT blade defect dataset/annotation_second_person/298.xml,801,8ed07857ba4567225efde3d841a09e91df870e341366abd4423d6c2ec9a6d11a
WT blade defect dataset/annotation_second_person/299.xml,1537,6a4a38d5b53c80ab33cae462cfb780a329000bae4bcacbc328b1bd77d5dda462
WT blade defect dataset/annotation_second_person/3.xml,555,03f1a4acdb2da86f71eab4200e93051226865a3675ea0bc2eb79f3b71fe36db5
WT blade defect dataset/annotation_second_person/30.xml,791,5dd7c33d4e27be42591a4c4c1de8483bb23e605598105feb58884cc18ac4ba43
WT blade defect dataset/annotation_second_person/300.xml,560,3dfb636c1b8753b7443da933b399278c824cfc673c066d14c4a3ef1bd3605d9e
WT blade defect dataset/annotation_second_person/301.xml,565,dacc49bf69e1c7285895a976da39d95aa5db076b4e84cb2a1f36bde3d3c69d26
WT blade defect dataset/annotation_second_person/302.xml,807,e662fd5f447513466b50e64e14d33074688c4167dcb4a75a558bf4e489fe0d09
WT blade defect dataset/annotation_second_person/303.xml,793,5474b6889436a43e6ab5035a4d96475d134101cddfa2fd1027338d9af607c344
WT blade defect dataset/annotation_second_person/304.xml,572,a4e40fe8dd4187de367857fc0c573ebc50eaac559b5a8eb2bd729d3619bf6419
WT blade defect dataset/annotation_second_person/305.xml,793,362365755bc607a872f34285cd1ee62b509f004450767572a75f68f940342435
WT blade defect dataset/annotation_second_person/306.xml,555,4190ce97c5ead20b0bb2a733579c0a11eb52791de12c13a7a94e35d740b25879
WT blade defect dataset/annotation_second_person/307.xml,801,9f1f526e7c9080631f5b39b1f69a4f7e2ce4916ac8a3683d0046867eb50ebf87
WT blade defect dataset/annotation_second_person/308.xml,803,860621bebebbd684d61a8625c75e87e1f84586d82b50ea5b25a01a1d6cd6044e
WT blade defect dataset/annotation_second_person/309.xml,560,d34b6871b4f8dc2c5f155cbe799a46875e2fc4e7ff9cd63d00bea47f6b094999
WT blade defect dataset/annotation_second_person/31.xml,807,42168713a3200ff63624947fb853e3b3432e266189c5167a983d47c732f30b7f
WT blade defect dataset/annotation_second_person/310.xml,318,59f2ba9e6b92afa4fa27cee8accafe244e539db9cf07d353e5bb9a062543726e
WT blade defect dataset/annotation_second_person/311.xml,1799,42fdbdb0047bb765cf6151adda22c7c3ff8f8c1b6c77bd67e18d43ababdf8bd5
WT blade defect dataset/annotation_second_person/312.xml,798,ff778407855a431ded03a86528202c580b8c94c7ba3e2a1be72181a11504ebaa
WT blade defect dataset/annotation_second_person/313.xml,806,ab20849d6def4b74ee41ebadfc6bde69e9dfa51ebea1c66c042cdc087ed48568
WT blade defect dataset/annotation_second_person/314.xml,811,c7e8b00bd098b57c15069dcf283f553867d1c4df0b696551214a00bbe2c3ce73
WT blade defect dataset/annotation_second_person/315.xml,555,0d0b34dc293f6848031189676eeb1ef69b9caf4cac49ec9f3928170d3ad7cd71
WT blade defect dataset/annotation_second_person/316.xml,563,c3744952f06f5ef25ed8101cb53cb006b15f07c56696cf62e6c92d95b0012fd3
WT blade defect dataset/annotation_second_person/317.xml,798,0ce6a7c23ea4d3802af6b47ec72831871f8f95db0bb6e5fbf7dd2e45126f7681
WT blade defect dataset/annotation_second_person/318.xml,555,34d144124ab74e3cc109ca125cf6aeca590c55c57920c005e91b74e94ae5d3a9
WT blade defect dataset/annotation_second_person/319.xml,1028,1d28dbe676e5ed376670e66c7a206d48b1300570fe78373e6107a270ad4b72e4
WT blade defect dataset/annotation_second_person/32.xml,806,2e88feb32ed7f5d4f98c66dc536bc8bf1ad826735ce4b829d58856dca7cc31e0
WT blade defect dataset/annotation_second_person/320.xml,796,7879ab2bdb00c832aa1aff48649779bf51f343a5d1e0f513eb3e00dd1306e9d3
WT blade defect dataset/annotation_second_person/321.xml,558,cc99b3e22a3cd9147f54a9e59a3b6aefa1b9622d2fa276461ab7bf20079364d2
WT blade defect dataset/annotation_second_person/322.xml,558,dcd4b6ef96467651c4e697b97573ce00d4ce1cb98a4fd5e7d093f8df6cd9163f
WT blade defect dataset/annotation_second_person/323.xml,559,69c0fb08a7b8ec4e074abba16fa0abfb75b4dcc88024d75b347428aaa252a35d
WT blade defect dataset/annotation_second_person/324.xml,564,1a1d4a9f72bb901b8e4e2c699ccd99e2e908940b082700690fadfdcdd09c4081
WT blade defect dataset/annotation_second_person/325.xml,1057,8634f6aa4b3a3eb3258e9dbbdcbf8f410c6e3f1a2697dc3468643da10bd0e2bd
WT blade defect dataset/annotation_second_person/326.xml,809,4f5d57c68f010f5eea0680df3bc9874e236ca5119337ba95deb2da16ce1e2491
WT blade defect dataset/annotation_second_person/327.xml,564,e20c0a7924d39bb4c885b1808bb4326c59a669885f52399b53f00a2d301bff45
WT blade defect dataset/annotation_second_person/328.xml,1799,bb04e11b01bee6dac4590435386521f7b6fe1c1fa8e71650f522da21d7776827
WT blade defect dataset/annotation_second_person/329.xml,555,38ccca4fb6df7538d1eba5555810ea5781d1defbb175de0d5ca0d85b8e7dbfd6
WT blade defect dataset/annotation_second_person/33.xml,791,d8dda3dbeaaec6d1160fb86fd3afd7696c9a47c33bedd94ca02e34b4b6d9f674
WT blade defect dataset/annotation_second_person/330.xml,554,6a179383e0be401544f9ade434f4eabce231455c5c45b5b5877613753d30b26e
WT blade defect dataset/annotation_second_person/331.xml,1543,fef3e0657870f2078eb2be07292b46d312ac70ee008f2f0102a3c970d8b995cc
WT blade defect dataset/annotation_second_person/332.xml,564,cbf8adca22b2bb1a7a558c92f3a4f6f68b63d6c4eaa94ff297fa12b6dd642b9c
WT blade defect dataset/annotation_second_person/333.xml,563,a8b8db8cbfdd8c77c78d57142673e73a92ad22a9e039320148a9c893bb7d4115
WT blade defect dataset/annotation_second_person/334.xml,573,9f000c066a5856320d8caddc6e9de3067c24a4e66f618814e11f8de0dedfd5bc
WT blade defect dataset/annotation_second_person/335.xml,554,05a7d16acfbdb4cc7c6bff2a6807be50f1de22cf1ec4293823952d2e2697b417
WT blade defect dataset/annotation_second_person/336.xml,572,ec70e454dbd628ef73ad14e682369b0e536e1570a401ae42496c9de283409376
WT blade defect dataset/annotation_second_person/337.xml,563,c32840852fdde08e8d9d3d162a18df748d4d2abb920a0b071cd6858c845b0edd
WT blade defect dataset/annotation_second_person/338.xml,555,8a2e4418b866e85a12846dd8ba255e7a733e6f98a34f06b2ec48c40e71bd7809
WT blade defect dataset/annotation_second_person/339.xml,318,ffd11374a7de6847e780f7bc0f85c24287433d71877f6bd6deecd0c4f9b27802
WT blade defect dataset/annotation_second_person/34.xml,804,2f41fd21d8d5a2c3bd6126bdd25478c4cf9b2c7bf3db32591005fdfc26b7e876
WT blade defect dataset/annotation_second_person/340.xml,799,14eadf4e577de41352560ecd58e43df0d0b9cb4c728e9e2a0c1501bb3e5edd56
WT blade defect dataset/annotation_second_person/341.xml,801,87df0460b54e50b173068d33a63ec82aafea50371285db50713e9747857754f8
WT blade defect dataset/annotation_second_person/342.xml,563,ac70dac7ec5a2e31d737782a7644f1344ef71346783a13a08ea42ef64600ad8d
WT blade defect dataset/annotation_second_person/343.xml,564,69c3b774bcfaa6a2885494416fe845b5e5ce5387bfa8b684b0c96beceb9efb6b
WT blade defect dataset/annotation_second_person/344.xml,554,45fe29a61c9328cef266fdb994f5068c36bcd86abb8e77d5d4a0a90350aa946e
WT blade defect dataset/annotation_second_person/345.xml,807,c6cd30bd27bbbb9dc234e46ad083626832c5c794b3db3cea73523ef59adae6ad
WT blade defect dataset/annotation_second_person/346.xml,559,0a91bd44696c4573b3f4e4fdc7ad0fc303b4532149f7728a44abb2ef8525a86b
WT blade defect dataset/annotation_second_person/347.xml,556,88b7b851622f2c7aa41ecc46ba4e42f0de4921c23a833e67b927da804092dfb2
WT blade defect dataset/annotation_second_person/348.xml,793,9a1c0d18806faf7fa5a83eda8026c0aba32c69f61ce34ae382b2b66eec92c984
WT blade defect dataset/annotation_second_person/349.xml,554,f37a580cf0107b2cbd00fb3440e6fe0ca838e6b916af0408ab4f96e98b519e34
WT blade defect dataset/annotation_second_person/35.xml,797,3e3a077dd6a298b1ba5f4a162ae3220e382b5c529546d6b2dc97451961889d71
WT blade defect dataset/annotation_second_person/350.xml,560,062287f8ea4b0a89d59d4f94d4310c54c6de7eb52ac7c073da489ded03f4003a
WT blade defect dataset/annotation_second_person/351.xml,1041,0220d3d2eee0a1cf2685986d323c8a663fe1d1e2fcef45aa5a4b9b52c7864871
WT blade defect dataset/annotation_second_person/352.xml,555,828ea746eba294d239b644b0e89a1db2ab47f198ccbe7a611ef705c8dc6fee48
WT blade defect dataset/annotation_second_person/353.xml,564,d173afae33eb2ecafdced8c0149b3abf6f59c48e85f36ba89ca680769cfcbd56
WT blade defect dataset/annotation_second_person/354.xml,555,b943df73b23b9a8882a989d8448d855bff7bafcc5e0ffd714b64751787a8be73
WT blade defect dataset/annotation_second_person/355.xml,555,9aa1b42c8d48c08d8d5778a9bc5093514d8d5fc012391cc815b95352fb3b66ef
WT blade defect dataset/annotation_second_person/356.xml,318,b1b6b8104aef639b266d3cc896f0aa01d75bdce56f039e3e105dc8e054288189
WT blade defect dataset/annotation_second_person/357.xml,564,f6c4d99b1feb82b29bc39d4f25f90c6ec8d2d7316812bd05fd059fb60cec89b1
WT blade defect dataset/annotation_second_person/358.xml,555,47cca270e958c010900a84329a19d4f2afba435e140c59c2ff32d630c9978e00
WT blade defect dataset/annotation_second_person/359.xml,554,3763ff80f7d86e1c40d3ad43ba98064575ec5e3334bfa57b6a65de7ba7531893
WT blade defect dataset/annotation_second_person/36.xml,801,81ce484b6a0da9255cca0a84c7554c43aa0a22a389100ad7bc528650278d1986
WT blade defect dataset/annotation_second_person/360.xml,564,a656095ea6fabe58632d0a8fabc765620b56a5805e6b0a89cebfb9d65711f5b8
WT blade defect dataset/annotation_second_person/361.xml,801,5e3d4d0ec8f30bc5a5ab8b6da73cd1d765c93aac741c1894fb046f22f60e82c9
WT blade defect dataset/annotation_second_person/362.xml,558,42b38b1b561a2a6422a11017da55c607ee19f719aadb3b510488db94ce5c2420
WT blade defect dataset/annotation_second_person/363.xml,564,0ab4fcd5a9b17887c6897424f26dc0f6a0ca68c51fceba1f5df7b4ed9f51c3c8
WT blade defect dataset/annotation_second_person/364.xml,554,04e32540e1fc9009da7aa86dd880892ba441901b78d69513c65a7feeff62fd7a
WT blade defect dataset/annotation_second_person/365.xml,555,f47efb7ff67dc09352b6b4da3769949c26bfa25513787e1321b7c8e6e9575c74
WT blade defect dataset/annotation_second_person/366.xml,555,bf834518b841cb5aebb292aa55bc97e7312ef22113868f173b7a99bc52da1e15
WT blade defect dataset/annotation_second_person/367.xml,555,84ac267500b941c31aaece52be2be80ecfc7168e5c82ff9f6c938a78881c3ecc
WT blade defect dataset/annotation_second_person/368.xml,567,d8303800579a720016180c8f1d8fc9cfd5c9e2aa421ffc8f0a6449ebb49cfd22
WT blade defect dataset/annotation_second_person/369.xml,563,ceb3c4b8d8ad7248f7972fb16f2ef0cc23ab95c57e14ab1b6404f65c3ddda760
WT blade defect dataset/annotation_second_person/37.xml,808,f458c5aaca26ae499da8ae1d40919cf7b8e2b70a5215916aec6e89f64fa29ebf
WT blade defect dataset/annotation_second_person/370.xml,1047,6e1f8b9d42ca9ae769b5c7132dd94f2e2c87050e2257ab036d8aaa60ec7ab3d3
WT blade defect dataset/annotation_second_person/371.xml,557,cfeb7c0f0b91f89d7055fbae080ce68d8474506e4da52d0c1737eb46d967bed8
WT blade defect dataset/annotation_second_person/372.xml,559,7f1df9c508d9bc77d2d3f272ca1c424574d2479699b8b05b5dd00856523b93ed
WT blade defect dataset/annotation_second_person/373.xml,558,833ec13e8ba5425cdc35c323386cad4f988cdaff566562a1a6d4e6d88b1e822a
WT blade defect dataset/annotation_second_person/374.xml,560,67f31a671dcfea6a638b141131b710063e329d3e02b65f6d2b54e7f4029cbb05
WT blade defect dataset/annotation_second_person/375.xml,559,c333dba73648c960c0cc8eff35b71ee86e3b53ef41578fac1015f7eea97ddf41
WT blade defect dataset/annotation_second_person/376.xml,1042,2131b35e96051e0ca0a4a7972f4f28fd5aaf1708e767881017dfc108835930ca
WT blade defect dataset/annotation_second_person/377.xml,552,e63a4a59f9ec2850602d6fd6fdbd11f548f6aa5be09e1b977b671118f84e0c07
WT blade defect dataset/annotation_second_person/378.xml,554,28e96c3ccb5d3306d1e9d88263d28926f7f652ab639c63e4d95c31845f40a84a
WT blade defect dataset/annotation_second_person/379.xml,802,614786a5349c28aa68be73ad15fef9298b3488da836a3aed5c09d8905c80bed4
WT blade defect dataset/annotation_second_person/38.xml,551,b3ed31838e33fbfa456b194f072f63c31e8122b8915957a4877cd03b6c089697
WT blade defect dataset/annotation_second_person/380.xml,554,222df895fb92c2b38645ab55528bcce439d88df2ed0b7c08ff2b0094ed69b676
WT blade defect dataset/annotation_second_person/381.xml,555,d57a328d4aede6f7dc8c9977097b04591c628a7e2f677dc73c0fdad7be8588f7
WT blade defect dataset/annotation_second_person/382.xml,1041,9ed1ca59d4285adf740d0d6084f1a94a69cbd366f54d6a880641bfd0c666a986
WT blade defect dataset/annotation_second_person/383.xml,555,2f8e5b1f5bf58044ab29401f3553e7a13c3b2ba0be2c503751ca5628343e93fc
WT blade defect dataset/annotation_second_person/384.xml,562,426c27b9aac615d14fa1c9620f7208537d203168a9793941d8027baa7cf3cb81
WT blade defect dataset/annotation_second_person/385.xml,805,952f5bfc6caeaa7031ab4699434b688af0a8e482f5c349b8f7c8767833200faf
WT blade defect dataset/annotation_second_person/386.xml,1058,0b901d649364f8ba6799ea3fdd3b04d1d087e946656fd16ac11e51606f547216
WT blade defect dataset/annotation_second_person/387.xml,553,d054dd7ebeeab2cee89d203f8d656ac839451360a2e5c1905a8dec9c7d4fea2b
WT blade defect dataset/annotation_second_person/388.xml,560,fd470f62b4ccf186737e60c1ea0972702fa18cb7f67eeaa93aad60bab1d5ed3a
WT blade defect dataset/annotation_second_person/389.xml,555,f0a8acd57a5759b20e0fb670a3dff9d7333c00e2a831b303be55683f1829dae3
WT blade defect dataset/annotation_second_person/39.xml,557,1339a96f9c9a791c47ce1501f78424d347ed377dae65b7e8d6cf93a8e23b828a
WT blade defect dataset/annotation_second_person/390.xml,559,ab142f2876446fac7cc82210fc8144609917f3557b7ab9a86f831e796fecf3ef
WT blade defect dataset/annotation_second_person/391.xml,553,45aa20ec9c7caa868485bafe8fac1483a73f6f9d428016944277069b9b90ad99
WT blade defect dataset/annotation_second_person/392.xml,791,b5d5f2f68fa85db519f7a2c015d7096851650a2ad6ad32b09ab1cc6c38c777bd
WT blade defect dataset/annotation_second_person/393.xml,563,e34991eae64e798dabde97c6a767171f05233f070b072c635d5b90f9f8c1de1f
WT blade defect dataset/annotation_second_person/394.xml,555,afe54c2932af71705d641ecfe6620c96c6586a0fa011081bc5e54a034563edf5
WT blade defect dataset/annotation_second_person/395.xml,554,11dd7ba9e278d3806f81e0e07118ce944a1a40637c4887e004c8a64f567aef87
WT blade defect dataset/annotation_second_person/396.xml,798,068b8736035be765f15542120138bc10ed4f66f5cfe38a648f1b471709987769
WT blade defect dataset/annotation_second_person/397.xml,553,a6e039490efdd1390656810939aaa0943fb18fe23ba1c022ec4408a74b9be87e
WT blade defect dataset/annotation_second_person/398.xml,1041,90f6a53862645307e29f71098508f64051478c7882eb8c17dbff16621eea6a4d
WT blade defect dataset/annotation_second_person/399.xml,800,c35c1e8264d57a3abb7a00f7082513c5a648395ccacdc2d147a8c79b4315a92f
WT blade defect dataset/annotation_second_person/4.xml,549,00264f350c61859b31f4fdabb9f6bd9dd3385a88717a83122e6835d7b02edc5a
WT blade defect dataset/annotation_second_person/40.xml,559,c6ff6f8ae95d7fbfb9a3e1d719b2904c85b7925538d44906897012850d981643
WT blade defect dataset/annotation_second_person/400.xml,1559,f045ae488a55c24096725cfd06f3b288a12edcf22aecfb319675fdb06c63fba1
WT blade defect dataset/annotation_second_person/401.xml,555,ca3311f45abf93d2247bca15d70630348fa0417e6853581cee880b29b393795e
WT blade defect dataset/annotation_second_person/402.xml,553,8287d100e9851bf8d9c1a718ba49d7fbc7e62775d37e0ce5bf52a5928785c1e4
WT blade defect dataset/annotation_second_person/403.xml,791,816bcefe6e869b8459f838f963068053602658c0e04fe8e6a63e85e2daa12a24
WT blade defect dataset/annotation_second_person/404.xml,556,d56fefc1e4d340e40a34431ae6b43f736eb4937763aed50d5f8e2036d0b764ae
WT blade defect dataset/annotation_second_person/405.xml,559,e0331e94303f23459ee9fe3524a59cd81e0d10514a7dafb6d5ed3a56097fd01f
WT blade defect dataset/annotation_second_person/406.xml,555,974de06d2fd2588dec51e6a41b226b507caae33942b36b8244c61c67a7873825
WT blade defect dataset/annotation_second_person/407.xml,558,21fd781ba6d0c000e1c33879a73ab3e29d9d930ce6331fdff85d4492e9a7ff77
WT blade defect dataset/annotation_second_person/408.xml,806,e91179a2b9d8c550cbf9175367b644725074c1942456e102d75c75a647f26f86
WT blade defect dataset/annotation_second_person/409.xml,560,015d4e02cad22ece9699e6e076fa21b8f920d0ce14c1c4c6d2ec36a2206e3271
WT blade defect dataset/annotation_second_person/41.xml,558,b6fa09ff3b4f4c816ec450150b842505922b7e98c704a36b72522e7b20f90ebe
WT blade defect dataset/annotation_second_person/410.xml,800,5b526533d3e08b2477d45e4ea694d40414fd6779082f9d4987001b25123f8cb1
WT blade defect dataset/annotation_second_person/411.xml,800,bc5f6c47afbea2b007578a240d3c64f8016415f838a6c88839eeb9d8741db51c
WT blade defect dataset/annotation_second_person/412.xml,811,7de30bdef3c129e6f3962c65626e5c088878b176ddd2bece1f558697c265d2bf
WT blade defect dataset/annotation_second_person/413.xml,811,5924e39ac2fe9b6e58d6009a1c18463aad9651dbafe74da5e2fe2cbee9298311
WT blade defect dataset/annotation_second_person/414.xml,555,cfd59a134d597bab2989482d7741e3b1563f281e19b23709af4f4cd9d6935b52
WT blade defect dataset/annotation_second_person/415.xml,812,a11eae37665b32f8d190145520c07ae9b38277463552cb42b356e896065e5017
WT blade defect dataset/annotation_second_person/416.xml,564,7cc70541a37c763b4c292d2fd6c5a2831009ee75b90dcee0f6883ef0ac4cf799
WT blade defect dataset/annotation_second_person/417.xml,560,85acfeeb80c10d707c098d1cd4041b613d7203d5f07101fe5415d4db6685f000
WT blade defect dataset/annotation_second_person/418.xml,555,5912ea8326aa65c06cd8a90bfa5070913ad5ffbb2d7defb4179d704b0315c9f7
WT blade defect dataset/annotation_second_person/419.xml,555,04b95f167b14d8395f3eece3154a72447cdf6a6b5f564438779deef77321b073
WT blade defect dataset/annotation_second_person/42.xml,1028,137291d791b0efdcd96419dbcea69eade06fe019f7831220990a177bfa29a09d
WT blade defect dataset/annotation_second_person/420.xml,560,ad72b1cca97d3d1602cefd7af275dd1a3d026de29d3287ceb021df285c5f66b8
WT blade defect dataset/annotation_second_person/421.xml,810,e97b3bbd4e7b5ec0bf44461f7e790929bbebe7ee4d5c195562f6117ccee76f79
WT blade defect dataset/annotation_second_person/422.xml,803,523dac7aa22d25e1e88ae4e9631a3b59b3378962d3ec5cac734fb984fc535bd7
WT blade defect dataset/annotation_second_person/423.xml,811,8cad536803ca33d6990a785949747736cc8629c446f5bbb39510ce513f41fd9f
WT blade defect dataset/annotation_second_person/424.xml,1049,625f9ef566a80759821a6853d05728001c1b276946b4c7992f5d166460e74294
WT blade defect dataset/annotation_second_person/425.xml,558,ef9de933bce5c86b3ca883121676311ead655525eec4db33fb212a1b0f045d9b
WT blade defect dataset/annotation_second_person/426.xml,560,bdc72b4e335e9a2318443380c82dd5104fb5b517303e6e5f952fd29bdd6ec20a
WT blade defect dataset/annotation_second_person/427.xml,1057,dc18789e19bc8c17671dd838d4c8efe9149c34f6341ae9dfc88acd2879e5eb0f
WT blade defect dataset/annotation_second_person/428.xml,564,4f2b61458b9682de016af4119eb1130534a3d32963635745a18fa7f8cf8841da
WT blade defect dataset/annotation_second_person/429.xml,560,21bf212996b7464c34d871e86f5af8a9731338760186f47318e88fb3604dfe30
WT blade defect dataset/annotation_second_person/43.xml,807,eb1d310ae859bc8c3f01e8fe8d851ee1e391deee04267aec50f20a072ba03679
WT blade defect dataset/annotation_second_person/430.xml,1048,23924f67431349066ce13ee83316640f3ac77912c64709796d41c35eb8067a71
WT blade defect dataset/annotation_second_person/431.xml,555,e4270e87474cd7e69807515a4a4edb0ddd8402990ae2b5be7709460307bb440b
WT blade defect dataset/annotation_second_person/432.xml,564,6cb8c0851b04b1e162f2a516bdf94ca35785e9e6b0f21fe4d3cfb92cf8922685
WT blade defect dataset/annotation_second_person/433.xml,318,5a2d1f30f626e723422694f80691bb8112027285f3dc1a36cd9265ad5fed7f50
WT blade defect dataset/annotation_second_person/434.xml,811,6a519d79c15e8d1b19074b6814b7dd989420f48ff34820e6f1b4e36b49eeec7a
WT blade defect dataset/annotation_second_person/435.xml,556,b69022034c54a8ba723df61adb024961b6a3f5fb58ac7d9115a37ca294d55128
WT blade defect dataset/annotation_second_person/436.xml,804,536cdbb690a80b0d42c703ba7a6eeea4a905abb95f2876115cc7f76aebddd93a
WT blade defect dataset/annotation_second_person/437.xml,563,445e04b2be238a865e196e2e51b350418099ee4d8f3c287c89c3fafffbd849db
WT blade defect dataset/annotation_second_person/438.xml,570,60c56e2b6a711f6b7e53326104d02dc89ffd04d12a24d1188d51d5440765c301
WT blade defect dataset/annotation_second_person/439.xml,560,d0170d6cd0ade95e6bea71d34d9d31eb82c3f5b925426f0e684927747c4cf883
WT blade defect dataset/annotation_second_person/44.xml,553,d493764766e378e3d052d02002653194368995994e028ae904ece1c99492c2cc
WT blade defect dataset/annotation_second_person/440.xml,555,47467ceaac607d534155b5833e94fb4c5041bd419840c3098c6b8815d8ddb819
WT blade defect dataset/annotation_second_person/441.xml,318,748b2b66a28d23221606b9b0cc7f856780fffe9e4bd70572bf910537e25a8bc5
WT blade defect dataset/annotation_second_person/442.xml,1041,f9c9c85351ff04a2dcc5341972e3244ff391b6f985f4f75d8c6c593fc0000d90
WT blade defect dataset/annotation_second_person/443.xml,555,7ba7a1bf9dbec6fdc865da9d98d5d1390ff5bf5b019f809e98b627c8707d08b2
WT blade defect dataset/annotation_second_person/444.xml,555,840fbe7b7fb4591a6be5f7301493f4e01b18cc1ab4eb8e607f30fbc779e235f7
WT blade defect dataset/annotation_second_person/445.xml,564,125829fd0f87bdac6efe49f13170b2f6a85dec08d4e8666c1e0b054c6ea15dcf
WT blade defect dataset/annotation_second_person/446.xml,560,ce6385d409cdb16d2d8446dc72bd6ea42cd0c8aae1a36f5b6b8ea09f42868938
WT blade defect dataset/annotation_second_person/447.xml,793,be6bb3f7390f9cc874b0f774fa2add34d040b5ef651a108e9bf2ea4798c4f6d2
WT blade defect dataset/annotation_second_person/448.xml,560,230240d97cada7897d6693c22119ade12b82c576cd9eafe332fdf5ff08867777
WT blade defect dataset/annotation_second_person/449.xml,560,385c7e52d9c5532c3802bcde534a836217bb390fd361ab20589363a449fb83f4
WT blade defect dataset/annotation_second_person/45.xml,808,1d8daf2c4457513c0053f7859304826b7cf08745e5eaa36fc604af65288f52a4
WT blade defect dataset/annotation_second_person/450.xml,560,b7a544a08e002f2c3c5892dc00154a39d774263365552c481e9af514418c3662
WT blade defect dataset/annotation_second_person/451.xml,562,0c5479c737e0d5023d483f4106cebc4ed91ee9479688a03ffd3388b35db2bd72
WT blade defect dataset/annotation_second_person/452.xml,560,6fea0e2011317d25431d1bc41a3fba0451a2bf5bf952aea96d540ca0a84e233c
WT blade defect dataset/annotation_second_person/453.xml,554,f707d9658efc137a6d587c073bf3433f82ef44ea249a9912d043af98a8bab546
WT blade defect dataset/annotation_second_person/454.xml,555,1975ea180091e1510eec04d82f0455ab1de5c16e465b338f3585c0cf7488deae
WT blade defect dataset/annotation_second_person/455.xml,555,f669e227b81c45d88a51c9d639c0cfd29a004f6bdf80f37ed922f9ce1fdaee6e
WT blade defect dataset/annotation_second_person/456.xml,798,7f779d82de634662ecb0b781391762a3ffb3a1df71498a99d873d9fb1bc13b4b
WT blade defect dataset/annotation_second_person/457.xml,1046,98fb731e81b79f2989421a132fb4989c0949ffcf67e1735df9310900e80b8348
WT blade defect dataset/annotation_second_person/458.xml,564,aa989066aa992af9eee87a931a0b9a95395b97f0c85d02bc34154ccc69da2a8e
WT blade defect dataset/annotation_second_person/459.xml,811,e242cab74663c068785f6971744a0e5a3bf4e77fcb169ddfa823962226bf8657
WT blade defect dataset/annotation_second_person/46.xml,798,70a81f8f6a369049c364c0d3e7eafa2f95b392b6d3053c82921bc87c24b7079b
WT blade defect dataset/annotation_second_person/460.xml,553,fcb4e7681858e61d5f85e229368844f63c24bc6a1919fd1a02f0cc186669679e
WT blade defect dataset/annotation_second_person/461.xml,563,bd73fbb1a6bd3182029164e2c0d3de6ca21ab44fc7ff76e1f8b7f7af0646af55
WT blade defect dataset/annotation_second_person/462.xml,1304,26a8c448527cdf82bd945cd6f423a9016988511242ddcf93a2a059656531ba6e
WT blade defect dataset/annotation_second_person/463.xml,560,0e8b781a40e96351367f777cfc2dc250d6add4e7c1567b0b48ba149653a1a681
WT blade defect dataset/annotation_second_person/464.xml,796,1e22e4fae51f08fdbd41fd1e0ccaf14767f6e4f09df242a387db77ca1c5878d4
WT blade defect dataset/annotation_second_person/465.xml,555,88f21693220a62615ac6945043882b822365898026ee79707fb482eea691180e
WT blade defect dataset/annotation_second_person/466.xml,559,7dc138331903380427d960967a9a2f1db5dd5b57649c14bd6101fb1636029933
WT blade defect dataset/annotation_second_person/467.xml,1045,5478a6c72fd9c90436a12867a9c123786c2494e336d5f68a424b40c3147ab439
WT blade defect dataset/annotation_second_person/468.xml,799,86d76581b50b6fae9d0306ee30ef42f4d7a892cc5371ada22378de872400d76f
WT blade defect dataset/annotation_second_person/469.xml,555,1b42867a5196ee39d32411cef815c2827d4b1580771026926f51764ddef4cda0
WT blade defect dataset/annotation_second_person/47.xml,1029,1909563f127bd817f32731ee1241268f9fc9c8ff0ae61d35d133ee4f14f3923b
WT blade defect dataset/annotation_second_person/470.xml,555,bf5a50fe4cbabcb2606de5d5fb81906064f4a03b4c0b7a9ad37b971838f11903
WT blade defect dataset/annotation_second_person/471.xml,555,3d96079dbe83accf526ebca5d81155ce1f36895d3449cba3b3e6791cdcb60fea
WT blade defect dataset/annotation_second_person/472.xml,1288,7ce0f82fbb3c4b19d79ef34dac7c6fec445d2dcb254ba1ae25193d57c049d4f3
WT blade defect dataset/annotation_second_person/473.xml,555,6cf84605628f6ab5d71528bcdffac6ccfa06151ac38769ddc0d39d59f390a062
WT blade defect dataset/annotation_second_person/474.xml,562,d731c4ca52dc6331d11e60baa35be47165a97deeda108bba72d511ddea6d2672
WT blade defect dataset/annotation_second_person/475.xml,812,f34df7a771f0b31e8615f4e9790891658e01af9581f0279a3164f8676118a9f3
WT blade defect dataset/annotation_second_person/476.xml,563,044c0c58e452c48c7fd8cddc26280f8a4d1aaa0051dde6fca95b36275e48fba6
WT blade defect dataset/annotation_second_person/477.xml,560,68043f03f76d74f6c8ea68619accdffeb274b6fcd112bcb9e3369d69af5cecf3
WT blade defect dataset/annotation_second_person/478.xml,809,90c25435139ce9a00d1f7a70c661c14dedbd094f0b220bde77c9c91087a4269f
WT blade defect dataset/annotation_second_person/479.xml,810,051b083ec4094258f54d5c07e1d6ae670331b311b2591fd8cde755156e85e058
WT blade defect dataset/annotation_second_person/48.xml,571,5f6403982221b1f1e31887151545463e92ba9fa004715af0493d21ed5582297d
WT blade defect dataset/annotation_second_person/480.xml,1042,c5f149df24836bf1d53daebe05022af81f6dbd6dd558a540498e0abfc2dcd2ab
WT blade defect dataset/annotation_second_person/481.xml,1042,0010f8f0c38290eabf9702352c8e54192a558bf88cd3b8867bb3f0ca6eab7840
WT blade defect dataset/annotation_second_person/482.xml,555,bc00683368a22282e041fde8a6558e81d0c9a08084dd7533242cbfb28f0e339a
WT blade defect dataset/annotation_second_person/483.xml,560,04b7928116c3ef9a3ab4da87d1ce093f451eec94ea63b00f542c72ec71dff328
WT blade defect dataset/annotation_second_person/484.xml,1048,43f128d73fc089d527c40a15fade1ecac045d813a546eb2cfe5bb4831015dcd5
WT blade defect dataset/annotation_second_person/485.xml,557,3f3a30eb188e2341e32c41a1f8b9bbdd84aa21838f0787da393d556d868c67b4
WT blade defect dataset/annotation_second_person/486.xml,554,6fd29efac6dd92b43cbc8fa2418017c22b7a32204b42c804455e038d61edcadd
WT blade defect dataset/annotation_second_person/487.xml,809,27cb22c36d696d6a33b797bcf50bd59b77c2cf974cee528d85e3dfb9b0420d9b
WT blade defect dataset/annotation_second_person/488.xml,563,2ce95f637dcf65d1bfa220a869e351ad3338a91ada9b11ae64c7c3c079874b7c
WT blade defect dataset/annotation_second_person/489.xml,1043,69d49cf6faa973ef60a405a2bb2a50bdf6765b21999c252362b626ac4b065c29
WT blade defect dataset/annotation_second_person/49.xml,553,9fc9da950a0721f3d36eb55ad616cf65affdf9a34d716812f0551e741bdb61d6
WT blade defect dataset/annotation_second_person/490.xml,559,9622409b05f0d3506627dcf84d4d366e27bdfbc58418d284eb483c86defc33d1
WT blade defect dataset/annotation_second_person/491.xml,557,0e3bfd9f16e2b4ddd65b668899216e7a6a612dea2eecbd6f0ee55d7ad4fb4214
WT blade defect dataset/annotation_second_person/492.xml,564,da36a90076d84062ae345a2e3a7e72c994df6463500e363e855a20fa5b988a4f
WT blade defect dataset/annotation_second_person/493.xml,1043,ce9d61283afe19236120387db03ff0bb34c5efc44f8a74d803c30ed763cc30e5
WT blade defect dataset/annotation_second_person/494.xml,811,85acf711f6cf6bb0d5e1f797b6537a5f883a7a852e42b7dc98bba669575873b4
WT blade defect dataset/annotation_second_person/495.xml,558,34b6e9ff552fd2b43721b7d1b88de8b3fd60c74617fc1e3d12f9c6471c990602
WT blade defect dataset/annotation_second_person/496.xml,802,1d70920957f139559f80e75b842a3ac8079917107fcb39157f0ad1336c542f63
WT blade defect dataset/annotation_second_person/497.xml,560,5a0211cb821b5c7ce30972365ddfa7b740881faa2d70553836ad603c0255ba45
WT blade defect dataset/annotation_second_person/498.xml,811,3190c8fdcf7fa4d36af5bab6881c97c1691207f90071bee51d55f9fd67abe6af
WT blade defect dataset/annotation_second_person/499.xml,564,c5e69981d35427bf948dc42420a635f6747e3812543d3bf1f3e8fdc198867bdd
WT blade defect dataset/annotation_second_person/5.xml,1037,821d5a436a12b81a97b968b19d0ba4c8fa4c15adaf8e5a2ac55a4d4ed9983947
WT blade defect dataset/annotation_second_person/50.xml,1032,a5663c930b7d299f9e5a9fdc034feac1556b458313f9b1479da8f5ff13290315
WT blade defect dataset/annotation_second_person/500.xml,557,8feb2622591579a43c85256186da9957adbd5b1b226ad316b359c56c4e57429d
WT blade defect dataset/annotation_second_person/501.xml,558,f1a3ca8ae4d0b392e62adca6e2c5bc73641471b260af17bb69d6db4b1c50e6f2
WT blade defect dataset/annotation_second_person/502.xml,559,61afee8bcd18f8e238559ab63ea7ea84b3bd5c7c68597211d0ad4e13e3a8d4b6
WT blade defect dataset/annotation_second_person/503.xml,558,0ade604322054685225283f99a4cfba10fd13f08ed50379ff0ef4a7a7ae45961
WT blade defect dataset/annotation_second_person/504.xml,564,8fd5ef93866500006a3a9180aedc80d3d6b49ee41c0bedc1c7f0876eb4756201
WT blade defect dataset/annotation_second_person/505.xml,558,33eda134691b5ce69e714bdcc00002ab3875edf9d6fc3825674347867769e2b7
WT blade defect dataset/annotation_second_person/506.xml,555,a6b840734fd41781a075a88ffb9e611eded4d9ce0aa023ba2610a78a821524b8
WT blade defect dataset/annotation_second_person/507.xml,555,bd9bb6f8996530fd15bc3a8e12b61c2e69d61e739322ad4e6ed31d990743e1ed
WT blade defect dataset/annotation_second_person/508.xml,560,0fa4a36c767cdd67ca8ad45b9818470cc0f245757b96cf31fb7377434c5127ad
WT blade defect dataset/annotation_second_person/509.xml,558,be1959ba30501f0d69648768a0c1f9e1498a97649a7159937da25996aa67b71d
WT blade defect dataset/annotation_second_person/51.xml,791,1dda85ace470ec7e1ed01da476257e0d742c1c1a7b10f6d3f36524d7b9964f27
WT blade defect dataset/annotation_second_person/510.xml,801,dfc3f341a799d9f1aa2f9c0d4f3ec030a7aac8d63dca1ad8ad76d6eb1df54d9d
WT blade defect dataset/annotation_second_person/511.xml,803,15c6a565d0bfe839fdc56fe355a36820a22204d6c2be26ff011dc92f29cb1367
WT blade defect dataset/annotation_second_person/512.xml,811,7615f40ac48ceb6af1f557f554a368e35b185db44f4aa15a73fbe5bd50da9364
WT blade defect dataset/annotation_second_person/513.xml,555,47d48b02e0a0ff9cdcd8bf94262e7bbaf4e400efaee341dcb276304e5628cbdb
WT blade defect dataset/annotation_second_person/514.xml,564,6eadd1b8749d86facd18208907d23e1f88f6e2db84c1bf1d9219635711428712
WT blade defect dataset/annotation_second_person/515.xml,558,6ebd3782b656d892b077e4ac5553efc7e2a35ab22a12a59c3683a6bf5c78659e
WT blade defect dataset/annotation_second_person/516.xml,558,e831cead097fbe5fdee751eb768b4f77b801d10a54c062d9b7f89db2891607c2
WT blade defect dataset/annotation_second_person/517.xml,560,20ffe6021e44a3156e4d33f9daf46383b6de8ce9b23b55a7e4f3694215888cf1
WT blade defect dataset/annotation_second_person/518.xml,556,3276b53cbab04a1bcf254554d7aae553644e1af2e156b3e7304cd6042b354c7b
WT blade defect dataset/annotation_second_person/519.xml,560,356e556dee6f4c7778c305113b1fa518a9313f613810dbb931358aaadc902559
WT blade defect dataset/annotation_second_person/52.xml,561,3b0fc0c6240d8b50e0d44ac8407f4a73fc1529b2c2a875cd2c402776b5ec3d79
WT blade defect dataset/annotation_second_person/520.xml,554,766a639fe322d6982d1a661dcd0e9d748b0c16570082efeb280a3fe0cccde7a7
WT blade defect dataset/annotation_second_person/521.xml,802,60c25735aed42757aaad7c1ea3404da8be1f20c1d60dede859b8a8a9fc0265a0
WT blade defect dataset/annotation_second_person/522.xml,802,f424d0697863bd3bc764d6308478801316ead83420fbc489cb27a60f08565d66
WT blade defect dataset/annotation_second_person/523.xml,561,1dfa8c392e787e825fc320ae243903f5dbd2b78a93a9dc07518cd00dad3b7491
WT blade defect dataset/annotation_second_person/524.xml,555,8d1808d977e4b7382563987640224b7edb151147c0f54146f9f2bfe545817f98
WT blade defect dataset/annotation_second_person/525.xml,555,efb3a5935a06ea29ac46d77357dfdc285f02edabb1d5c96b6a8e98537c8a34fb
WT blade defect dataset/annotation_second_person/526.xml,560,89b30d9487fa11433bcd1e59c424bb83a325b97a63b9d803ca817af7c19c2e47
WT blade defect dataset/annotation_second_person/527.xml,1044,3fc8b0fbe41c4d8d6d15211c1dc4f0911a24d253ae213efcae18f8c9554174c6
WT blade defect dataset/annotation_second_person/528.xml,560,7e531b29814a12cd5babd7776e10e4261ffc01c7ff12564cb83ece3625cdb9c9
WT blade defect dataset/annotation_second_person/529.xml,564,cbcc73fd75e8f49513636bac7b54a64a613c82afc86d3dfba98b48369f2eeaa2
WT blade defect dataset/annotation_second_person/53.xml,553,79bc5c956ff7bbfd31b26026b8a99e86f29f55a0cad2bf8408387e704247a02e
WT blade defect dataset/annotation_second_person/530.xml,568,ebe943a0ee28b04f6c4aa200cc8d5e111d9aa032833f5c420edf2283443551d2
WT blade defect dataset/annotation_second_person/531.xml,555,ba47170fc0dd7b7dda525abbd32e5d43e5269ac3c7dc37039f0e100d2fa7dcdd
WT blade defect dataset/annotation_second_person/532.xml,564,4608796bef8f4c74afd2365a727504c0bbc2fa517c299ecee2ed154989402b5d
WT blade defect dataset/annotation_second_person/533.xml,558,805db1cefb1e5d7ae2dcef11b03bdcb25c31a2fdb9fa5e5d54faea2a1a1aded1
WT blade defect dataset/annotation_second_person/534.xml,559,ec3f02149ace5304082308dc4576b1293772491113c8b4479550834db45b0f69
WT blade defect dataset/annotation_second_person/535.xml,564,5d13b19899d5ea094cae173d7ab7f5193ba1c109c33d3e484cacdb0477ad935f
WT blade defect dataset/annotation_second_person/536.xml,564,a92a192edf1b343ba7fb2c0de3f8f48e2afa721342d93746029860431a7c3629
WT blade defect dataset/annotation_second_person/537.xml,793,084e3cbb2e0c482e3e0957f6d2e66170508f442035eb2295486fc8068aae9043
WT blade defect dataset/annotation_second_person/538.xml,554,f92e823170df3b16ee3cb33d407259380fa325e110145da3f183c07e6ca06e15
WT blade defect dataset/annotation_second_person/539.xml,800,c78a65055415e7840dbb09f05bdab756f8637d6ba0a545d1315931268a5b1e48
WT blade defect dataset/annotation_second_person/54.xml,801,2dd1485a0e9e53121d6770600b1169971c0433f1860fb28d8ba36587c63b6950
WT blade defect dataset/annotation_second_person/540.xml,567,b254fb0fc65fc487af5f82b67edc53bc66968fb1ff8a6044c2fd9027f18b2bae
WT blade defect dataset/annotation_second_person/541.xml,560,0ca4430932d9c03fb305b6711c6628fedc14a2e76fc9134db19e683186a41ce8
WT blade defect dataset/annotation_second_person/542.xml,560,e1acec52392935726c5751b8bda7887914981280d61a3336b7a3c071d43a2357
WT blade defect dataset/annotation_second_person/543.xml,1559,a607a3b0d9118eae3efa9b0b0bdd60ed716f0fcef885c44197e99705e323a0ee
WT blade defect dataset/annotation_second_person/544.xml,553,a21a956e9b228b992462ad4f91e40820aad90f1c44e0ce260a8ccc0714ccfd30
WT blade defect dataset/annotation_second_person/545.xml,564,a1b4c515d9c1b7623eec6b6db81457b38930578fe8ad8a31f8f2ef7af7295382
WT blade defect dataset/annotation_second_person/546.xml,1042,3c2b92f95b18c0bf483adc66e1eea8a450f60a0c9caba78a3b4df0ebc363dc03
WT blade defect dataset/annotation_second_person/547.xml,564,efaa785b941ed08a92d750d4c2264dc9a5f615364d32567d04b42177c200b225
WT blade defect dataset/annotation_second_person/548.xml,556,07c03c8ff8d4795fed0fd4d44bce233075f71a67f9d368008d408534c3bd7874
WT blade defect dataset/annotation_second_person/549.xml,567,742cdfb5e86f20cb490d8da1ee8a4ff504333e8ea7f872678c3f59a986f4ccc8
WT blade defect dataset/annotation_second_person/55.xml,558,accef8b19a18c5adee211f74c8e4fca3759d7743d52976c40d9527d96098a3a3
WT blade defect dataset/annotation_second_person/550.xml,559,7d1e7778df9d215f023d93786f8aa3b2ef046a2c9773bfc07105dd578a5cb369
WT blade defect dataset/annotation_second_person/551.xml,1313,c97d41d7ca2394a227392121958e8d3478b1febd6afe7e93de3b998340f543f9
WT blade defect dataset/annotation_second_person/552.xml,553,b30d1649faed393296d8c60f8da38e3609f7e0b49a8fa3e7f3e920d0b9d231a1
WT blade defect dataset/annotation_second_person/553.xml,563,1172bc562d49fcd1d98155ec6bfa731fbc0036188f78e475f3f55b3534de9004
WT blade defect dataset/annotation_second_person/554.xml,554,783bbc178070e9d70eb1f1c4c0c967789255c924fcb549b511c39526d94ec8aa
WT blade defect dataset/annotation_second_person/555.xml,564,17d06dd5f02d41f387edb6101d0b2adfc14728ca4b5cf924d48c37fc29954f7e
WT blade defect dataset/annotation_second_person/556.xml,554,5d4d9683459fb9cc1de9a2ab941b7ec62edcbbcae81570c04067eca35d2fef65
WT blade defect dataset/annotation_second_person/557.xml,559,4fd5b5cdc5bfd8e9bac6d77e8b4eb1f7593da1a5f03f53d86a898968c0346aeb
WT blade defect dataset/annotation_second_person/558.xml,555,30b733593b128191ce9d8e2f25e13dfc6f96748ad3d766e9f300a240d6a5de32
WT blade defect dataset/annotation_second_person/559.xml,1028,42ff474ed6d8af2010fdafbe0eb8575227e1f39d1b6cfe92714a2ca9f081f865
WT blade defect dataset/annotation_second_person/56.xml,1282,170b9a77bfc2dc6a0684ba1c00ead25fb5f49a249a7336414a28ff17f85778b2
WT blade defect dataset/annotation_second_person/560.xml,800,f2a296f947ffea97edd62cb22c8e3e6cbe52d539e54b27e450e5ff542c9d2f3a
WT blade defect dataset/annotation_second_person/561.xml,557,d23e17e79c15beb045a2d3bc93bddd75745062c0954dae35649835fce81ab98e
WT blade defect dataset/annotation_second_person/562.xml,793,9fd915802739768253cffd28d96458514ef1fc45e7476e3fb6e081bc85b0b229
WT blade defect dataset/annotation_second_person/563.xml,555,07d7b4d5f6e31cedcce265c3e7b4ed0b52297a8405c03f2bd5d66e6e22d27481
WT blade defect dataset/annotation_second_person/564.xml,555,9170956ad4790dcd24a51ef159c75b37be46f030225dedde6f23de35487aebec
WT blade defect dataset/annotation_second_person/565.xml,555,03e0bf966bf6a9d599ef8acf9948e6322246a13c7aa3c6a8e32974a944f0481a
WT blade defect dataset/annotation_second_person/566.xml,557,b0db63aab7b2a3eae97abd97a94c7ce94e1769aa76f08b0ad09e5c5076877a59
WT blade defect dataset/annotation_second_person/567.xml,555,cf607ad4b8b3317e4912856d5b1c4183615b1953d7f48ed8a4ecfa5a77c65705
WT blade defect dataset/annotation_second_person/568.xml,553,a1e1f8d6a66d3682d0296ce3fa4f8bbb3fdc8bc41ed72bdca9d45713d67997e1
WT blade defect dataset/annotation_second_person/569.xml,318,3ae3324899f17e61d63aa698c1a48410cfc78a2b8c899f635f1e94ab5dbee6ac
WT blade defect dataset/annotation_second_person/57.xml,795,8c9511545fb27fa8299142433be66ac036d615b76f5484bfb1e1228a634a8e7e
WT blade defect dataset/annotation_second_person/570.xml,555,b8abc52ee724e938f9e115bc9d5a4ac11c49cc76c7732f2733f340c35f795ec2
WT blade defect dataset/annotation_second_person/571.xml,560,39df8c8bc74e67c621137abb85eaf3602e853a95603e3fa6d55431094e777fdb
WT blade defect dataset/annotation_second_person/572.xml,552,4ca820229346397fc6461b0e6dc8b3512a438ec8bfa3afee7561382f5a9556ba
WT blade defect dataset/annotation_second_person/573.xml,564,ae532d213837f9e179e5cfd971c73d671b4ed65ea7b38bf6c875591e57362c87
WT blade defect dataset/annotation_second_person/574.xml,555,59c4311e8c252dd3cceeb2758cfc056927007ba3796b650665ba89e3ee78931b
WT blade defect dataset/annotation_second_person/575.xml,554,968eefcb17fcb3d8db85520ada894c7e57d756ab322ee87e8733e0b3a81da185
WT blade defect dataset/annotation_second_person/576.xml,1058,c2598e3c0bd460da36554abd6bfcc86bae72550837e664ac7f66495361d07fff
WT blade defect dataset/annotation_second_person/577.xml,555,05f22ba0308ce902d2002fd8ab1bff84e6dca98deb748b2b4d1af536100e1570
WT blade defect dataset/annotation_second_person/578.xml,560,e4d2d00be8471e7756c2f791ac24f55a8eec9bf7621ac23d58691b643cdac8bb
WT blade defect dataset/annotation_second_person/579.xml,564,9155a933fc2cba4b40652b691cef7fb55f48175d83c950ec4a09e0d9ad0f624c
WT blade defect dataset/annotation_second_person/58.xml,565,74f6c75edbab16f66ba0d58876ec03364814fa3f2f693025ffd537282f961fa0
WT blade defect dataset/annotation_second_person/580.xml,555,aea73c1974d27d10a339f1b93d517aa0d282cb8248c196822563faf396c32e28
WT blade defect dataset/annotation_second_person/581.xml,562,c32120f8a5b7a5e6b415c31563b8a17987e21b02851370dfcb4c1ebe9ddf404e
WT blade defect dataset/annotation_second_person/582.xml,790,8100081706342eca3d196f8842a29dd3576218b4e5feb23647e42e94a9a627d2
WT blade defect dataset/annotation_second_person/583.xml,558,2c958fa097cb00c964c31c52a3c047e38d476e76cf04d4db5ebbb9b462db824d
WT blade defect dataset/annotation_second_person/584.xml,554,daf58a70dc58adb5688e28055a22681d0cc765a4b04bc44bb89ede5e0877f025
WT blade defect dataset/annotation_second_person/585.xml,556,58c41ae2f046ff408580538c0bdfcb0a28e1d32d0c787e9c0d4d772c5771019f
WT blade defect dataset/annotation_second_person/586.xml,555,339df2af10cb17eda4da4d5d45aae2e6e67e784f0f13b80a27386f41edc1f9e8
WT blade defect dataset/annotation_second_person/587.xml,804,eaee6c747223ef61542716b1a015b4a65c4ca5b5005a16f71d740affb3e36ff2
WT blade defect dataset/annotation_second_person/588.xml,558,ecab075fc407ea97b800e9e9125231d480c6361d0a45677e814bd07dc5c798aa
WT blade defect dataset/annotation_second_person/589.xml,560,8d32d14fa26990a1b6ce6b31d4aaa228cfe10403eda0aaed2c9bd2fdfc72aeed
WT blade defect dataset/annotation_second_person/59.xml,553,240f05a215e5417fd4bd314f404fdcbb3335ec8e24e0dc57977edd6eabc1dd90
WT blade defect dataset/annotation_second_person/590.xml,558,2c9d4ab94f6e9c7bc8deccfa6550362a7ef69bd584f422636bf2e809947946d8
WT blade defect dataset/annotation_second_person/591.xml,1066,4119cd691e9fad29ea75a94e6250ae49d8da6d0dc6235475b84bf37962c99a54
WT blade defect dataset/annotation_second_person/592.xml,555,edcb4ec5ff7fd1a7a29523f2ace4d8e234739aa99e3fcfd68a1ce0d3bac3c312
WT blade defect dataset/annotation_second_person/593.xml,554,7094f91d517cd3a84d94536c55f7e441f93aa68533280c8f99f1955177cf1e2c
WT blade defect dataset/annotation_second_person/594.xml,555,8fd60adbfe8ada79200231594b1e33887366f845650aa462d8837adc90b77d86
WT blade defect dataset/annotation_second_person/595.xml,801,89e31fab09d4be3e53ad6ad2ef82b0d256560ff430a1833556a7c62a876a700d
WT blade defect dataset/annotation_second_person/596.xml,555,bf9dec951161898dc066c6fc5d1ff5d4e504046a311af23bb4d1a236fa3bb38a
WT blade defect dataset/annotation_second_person/597.xml,559,70d316b6a089c204d88dcb7b718be76a510a8fd63769cedc73a6fd7db40b1881
WT blade defect dataset/annotation_second_person/598.xml,801,c0f7b0df7b06b14c1f4e3206394aef32675de870256e68bde9e5f515ca4db245
WT blade defect dataset/annotation_second_person/599.xml,557,a4f79320225fa02ca7baa686276c9f9aa66a19c5060d61d2f758fc851932001b
WT blade defect dataset/annotation_second_person/6.xml,551,d069fd8b32fe71579c24845cca0c5d0756c9378c2594cd60a4f83969f074dd7d
WT blade defect dataset/annotation_second_person/60.xml,810,4d3ae8098a8d35f7f2d546a3e0f02fb5a4a6f4e4fd05eff255105acad0e20691
WT blade defect dataset/annotation_second_person/600.xml,560,80de0b2d908b2efb8c615d09de718ca3773424b8ab23538820227d642678292a
WT blade defect dataset/annotation_second_person/601.xml,564,ecab0ed1be0ad93a75fd05f5d6c1526cc0bd5b55dd775283d490772d7c73737b
WT blade defect dataset/annotation_second_person/602.xml,318,4b047399dae96568092d0e0e3c375875db7645fe18758dd1b791b8686acaab71
WT blade defect dataset/annotation_second_person/603.xml,1065,f18ed24fc5b974e078f668b9ebf258d976c505130bb299eac13afb8677563127
WT blade defect dataset/annotation_second_person/604.xml,556,c617a9351726de7632f44d7701489e24b21e314f03ab436558ff181ab5c98060
WT blade defect dataset/annotation_second_person/605.xml,800,2da8be7fcab7bb679b49d962c4fe10b107d1d679ae40ac0779aefa888f5805c4
WT blade defect dataset/annotation_second_person/606.xml,564,e97fc1155b4cbe86a4849ffb178947e91cbe09e5cd517ac7dafdc2a4924bfd9a
WT blade defect dataset/annotation_second_person/607.xml,554,b8b758c05b406d26364115fff14fbab695c505b8b9f71d38ec424693b49426d9
WT blade defect dataset/annotation_second_person/608.xml,555,e1e5bdc7c4eb2db4bcc4ace42e7912d2224455c01acfe5858437d71ae480ca6f
WT blade defect dataset/annotation_second_person/609.xml,802,393963e8aac9d2fcdc36af8f002487a1f2df51dc226280a385324276ac3e2cbc
WT blade defect dataset/annotation_second_person/61.xml,1035,e61f242282b74b6f36f97320f47927fb4978d34fce191037ee5de190bb5449db
WT blade defect dataset/annotation_second_person/610.xml,560,cf8f1a569f741ff6cfdd6e5c264c7b84fd79a9173f719b7806309ffd271c225e
WT blade defect dataset/annotation_second_person/611.xml,558,3285112bd4056013fefca3f6ba1ec7f81c633a964a98c116a3af40ec930929ae
WT blade defect dataset/annotation_second_person/612.xml,559,bc735a7711517efcced256dafdf6071704f2f68ad927b933d7fcb97199e5aaa5
WT blade defect dataset/annotation_second_person/613.xml,560,89e898f4516053cad73925b3a43f03f5e8be50bcf94af3cba27462a6c8a74883
WT blade defect dataset/annotation_second_person/614.xml,560,d91bf4f5bc95668e92684dcadc655d53d854a8febc9f74645e311ab28d47c6da
WT blade defect dataset/annotation_second_person/615.xml,802,ab92201640654d25a9299caabfc4822578339297b83df73e79b81119cd5b3b0e
WT blade defect dataset/annotation_second_person/616.xml,553,a44efc4a5e338c8b87ca5294cc66a4edfc0d13abbd415f1107995d649ca7df2e
WT blade defect dataset/annotation_second_person/617.xml,558,07bcf147c0c3f61ee58774bbe65d7d6e3423c93aeb1903058d3c5edd13849df9
WT blade defect dataset/annotation_second_person/618.xml,560,d54b99b33c913369b2ed82f06936a26f638031e99c4e51e935aec04d85486db8
WT blade defect dataset/annotation_second_person/619.xml,560,1b006b4c76bae3876a2d2d58f0d8fd3157fbbb8b33078e35236a9aaeabf643b5
WT blade defect dataset/annotation_second_person/62.xml,812,e6eac37e7b09a0f02a2c2448bbfcce0249d817f41091f928b51ce6010d6733c9
WT blade defect dataset/annotation_second_person/620.xml,564,f2d474509f9ddc2fa662d0e15bfa7b886bb6f29e2c992b6cc86f43ebb30f26aa
WT blade defect dataset/annotation_second_person/621.xml,1053,aa790a532fb39f3e8118776c1bfa02e44817696d58d4e11ded0cce433e1e722f
WT blade defect dataset/annotation_second_person/622.xml,560,4b983015d58b48bac29ad79040c6c4b2c01024862446fb3d4435569511196a4e
WT blade defect dataset/annotation_second_person/623.xml,806,68f65daddb69e5cf7794611b00893aff907ad53d4dd65754e13221b231457c11
WT blade defect dataset/annotation_second_person/624.xml,318,4571c2a2040d9b7bf6543391040a25036a4e8178d30f5a4d8221686c8365ada9
WT blade defect dataset/annotation_second_person/625.xml,560,c3f60c888f3ef5260e1737617afadd8bb4a0e477a9474e02a89a2c93b38f101b
WT blade defect dataset/annotation_second_person/626.xml,560,73fe3ffb1eacf2f17bd44c65f7016acee608abd1e95870364d24c28505f0eb2d
WT blade defect dataset/annotation_second_person/627.xml,811,54dca33e05f5bab66931b5089ccaf81b8f956893f7deeb348685a325b61687f6
WT blade defect dataset/annotation_second_person/628.xml,803,3eb89087f3c1247ac1a207510bb2b7c1972cf2976bf8e732cc4e2fc9370843f1
WT blade defect dataset/annotation_second_person/629.xml,563,e7564f09498daab448b3e5472e6b29b42b04388394d794d88a16c623ae3c5322
WT blade defect dataset/annotation_second_person/63.xml,809,b75c7b121d53dd6ce9fd403bcb807b101b496a0b49cdebe3912e758f63ba3e6c
WT blade defect dataset/annotation_second_person/630.xml,557,ae424ac57f4fb241164a3d63cbd88d6db7f368c2c7b4251659189929046a17a8
WT blade defect dataset/annotation_second_person/631.xml,563,a56962ab9e5f59bcf6b877fc1cb9555829378313fe8e21262d6fca76ee05a92c
WT blade defect dataset/annotation_second_person/632.xml,564,14ea8575c9373145bc9418856c9bad3d8711a03afdac3063cf177b7c04fea005
WT blade defect dataset/annotation_second_person/633.xml,560,e4658d8de1c0d8e7a7e44c411a1137660de0beb61d80829d08e5f7556e066398
WT blade defect dataset/annotation_second_person/634.xml,553,5489a650552fdfd537f2dc304daa2296eff52b94566c8fcaac4433c8f9117e91
WT blade defect dataset/annotation_second_person/635.xml,564,be718d7a29dbd21d3d5db2c3e1894e41b04dd112a454a8be50fd966c5f511861
WT blade defect dataset/annotation_second_person/636.xml,811,8ba1efe098af19c78ffc8703b6db486d921506b3c9985658b4b1cf309d71c10e
WT blade defect dataset/annotation_second_person/637.xml,555,bd20c6762d2d18aeeeec8d7b3006db98e64dca73ea9a689ac3bec3600dba1ff6
WT blade defect dataset/annotation_second_person/638.xml,560,59e0859c50294383f802ad36fdc969d4f15bf310a267e831943a9a64a1f9ae80
WT blade defect dataset/annotation_second_person/639.xml,802,bb78692ff03c10415b9bb0fa713539aca19b0033178f011203a61a6fbec6a86b
WT blade defect dataset/annotation_second_person/64.xml,566,710ef93e816e631972284e89d961bb577fa3797267879eb00bac0694b35b78d6
WT blade defect dataset/annotation_second_person/640.xml,564,a35a59176a3217f6e9e104dcda7369d269f2d7345470d5b0b038c273c57c95bb
WT blade defect dataset/annotation_second_person/641.xml,1040,698ff3e917fd67a958f814fbf8d505dcf2d62764e7057372212ac16fc2feca7c
WT blade defect dataset/annotation_second_person/642.xml,805,9ea4026ae0d2f0dc5e5065d6956bd8544cacf01446fe27f5e99eaf7f266ef2f7
WT blade defect dataset/annotation_second_person/643.xml,559,155caaffa1d6cce63570e1e881e7b82f99a2c0965126687013e6d0c9c745258c
WT blade defect dataset/annotation_second_person/644.xml,569,6d58a41eac90c933c227de240404fcd7205246f4c844b3f3c175288b2856b5d0
WT blade defect dataset/annotation_second_person/645.xml,564,dd547742e10643f9d401dde4639bdb2618ecf92f8b4027ba128d6a24fcde4734
WT blade defect dataset/annotation_second_person/646.xml,564,2cc7e37c1e9ee8d494fd57dc017a6192cef0e7f8fb4866efd541a6edbb2d0c7d
WT blade defect dataset/annotation_second_person/647.xml,564,316afa860333c94eadf9792d6b655c0d92301babd2da24115de3ffba8cc5cefb
WT blade defect dataset/annotation_second_person/648.xml,799,c5e8a97903c0cec371fe5a08b36f76b00b396dc5ce159fc9793ae412b3ec7d5d
WT blade defect dataset/annotation_second_person/649.xml,568,93fb73932aa441f947c25e659abae6657a704aefa3fec77614091412e0e1625b
WT blade defect dataset/annotation_second_person/65.xml,555,7d90a6b63f804cf9d44ff91e2bd9cda1731714708c4e2ccc824e7cf68e093f48
WT blade defect dataset/annotation_second_person/650.xml,558,0ace7536aa4bb8a30419b9b3f97b6316432b80bd669ba91f92e5e1bd367071d1
WT blade defect dataset/annotation_second_person/651.xml,559,9710fafc2b75d04bf724134ba517cd67bd46d153be2711a4c7434f641fa930c1
WT blade defect dataset/annotation_second_person/652.xml,807,4bfebc2120e9ed163e45dd0e398b02219bebf16f98ecb7c7e4486698f5ba629c
WT blade defect dataset/annotation_second_person/653.xml,564,c358f12ea4198e9d763f36b19039801379dce32ec18690f90be4cc28ff2ec43f
WT blade defect dataset/annotation_second_person/654.xml,555,056a07a54f6da6bcbd246b82d53b41345640a9d592fa464bdec546f24c3f4a61
WT blade defect dataset/annotation_second_person/655.xml,560,76e892eefe2a323fa9d0109d8f8be4e5beb93e4ac94fa04f035a9ee60219d648
WT blade defect dataset/annotation_second_person/656.xml,564,8cf40647dc79c283dbf7646e6bb0263e3edbcd60d82017397535ad66d684f567
WT blade defect dataset/annotation_second_person/657.xml,573,b9e892c11ec01858a3d0711b701c9533e256ff4050aa1f90c19f6e9beef3ebdd
WT blade defect dataset/annotation_second_person/658.xml,563,befb984604183542977b42a291ebce0921b1b3204951d65186fb6a5ab04093ab
WT blade defect dataset/annotation_second_person/659.xml,562,89413629f4583024714eaf59c4b9e02d6de8cf8dba3403adb91b20119eaf4096
WT blade defect dataset/annotation_second_person/66.xml,554,d761223067522512276f6e7d43d148fc9eede96b262fcf6cd7f4a72f45b46fdc
WT blade defect dataset/annotation_second_person/660.xml,802,219ad9e6356b772c8118aa15166b5940508c1bb27d23dba88c394b3312860dcb
WT blade defect dataset/annotation_second_person/661.xml,564,6fea3a1e7e52eeaeb885d3869340fe41d7447333dff69f43b7cde9f7c15e1029
WT blade defect dataset/annotation_second_person/662.xml,812,9a9bc4c4fb016b8d22bf3b13e8bfc081a09e759d2e3a3635d46b172932d86a50
WT blade defect dataset/annotation_second_person/663.xml,555,b94d4858d6d5f9d4458abe1f32a224d30f4516fcb5987434ab13f7244b50c516
WT blade defect dataset/annotation_second_person/664.xml,806,87da2f26cb456df8950d853f682b3eba340ab72f70c260a88e73d9f326d4ad9d
WT blade defect dataset/annotation_second_person/665.xml,560,65e11cb94f7b59c787a240e5bdf1f3918a3f2b8f45f70e5c5b78758094c57f3c
WT blade defect dataset/annotation_second_person/666.xml,797,d5261e6afb0d52dc78d1a3db7486c0be6c84f17f020a3a9ba1406ffe99774dc4
WT blade defect dataset/annotation_second_person/667.xml,560,f2161704d56eafc367f0f73a2b1eccd057c4e0bbbf632c5e00c49e7132bf6378
WT blade defect dataset/annotation_second_person/668.xml,555,bd13ba8c5040223ff412262013935f6f96e081ac53a0c8cbf5cdd0bc8209f285
WT blade defect dataset/annotation_second_person/669.xml,809,c39650d54b92caf87ef99a6edf7f54c60ff4e186a825f319704a58127545f268
WT blade defect dataset/annotation_second_person/67.xml,558,56ba41d091eeac7203205e76ce026c52142a63138c7fb64a282440b1e429b68c
WT blade defect dataset/annotation_second_person/670.xml,807,2f270e553ad7e91aa359dd0a9382ec8d0c729ba9a5bdf9ecac7de7561f132c9f
WT blade defect dataset/annotation_second_person/671.xml,798,b01cfde2fea5ae0f1aa2dbe075ededa15469eb5764c975fa88145a446dd5ce61
WT blade defect dataset/annotation_second_person/672.xml,1062,7e6c327fa2fd6184e8797f7f029df2f9c17a0d0c0e9a1ec4f6a2f2eea0a8c161
WT blade defect dataset/annotation_second_person/673.xml,564,71951ac04afe1acd0ffe0e13f512db1112e93e6e89a70120afa32cf9722c055f
WT blade defect dataset/annotation_second_person/674.xml,564,3f79867f2e4e031bbd370dc35507349d456f79064c7ad3393e024be148bcf9ea
WT blade defect dataset/annotation_second_person/675.xml,560,d815bad2f5c9902df12ea6bc8d16d9075979a68e912a5674cbee50254d96ef38
WT blade defect dataset/annotation_second_person/676.xml,803,d54029020ef6672729978bc8d0b87563ec0126cec09d6042ed6b6595f03d98c3
WT blade defect dataset/annotation_second_person/677.xml,560,50a8d82d2d976370619d0eb64ddaf44b63a7e3187881faf1a6ed6996bbf46746
WT blade defect dataset/annotation_second_person/678.xml,318,5fc543962b1e80f1d72d748664a27ea4c296ca86f7f947595d8790b8c982370e
WT blade defect dataset/annotation_second_person/679.xml,564,bee0a2dc683abf4314ddea11ff11c79dfc19988881fc1fb01fa62f91534d0035
WT blade defect dataset/annotation_second_person/68.xml,801,9d1588f0b4b3b2ad3c9f3f285c7ae3fd4125fad72b2c4b6a6283bc66076a3c57
WT blade defect dataset/annotation_second_person/680.xml,558,5d7cacf68aec7a9efe7fdd1fbde408a9be3fd809c0c4bba98b454cdb79deefb3
WT blade defect dataset/annotation_second_person/681.xml,812,98d77b21fe6c9e5da3e6f5c6afecfec6e56a718c2cacffd90625e0292e5559c7
WT blade defect dataset/annotation_second_person/682.xml,803,7f7ce690e00518b0b670c2458076cf679bd9f5fa137a0a164e595089745ec0b3
WT blade defect dataset/annotation_second_person/683.xml,1057,9ca8ab2b8f6cc8d7e30578a1295b976d6e056238a02dc8e619b0037c9c0fe1fe
WT blade defect dataset/annotation_second_person/684.xml,811,8603014acb94f18317367521818f6aebef7255b75da2f106bef129a471e40802
WT blade defect dataset/annotation_second_person/685.xml,792,87ce3d327a7ae98f36cc22add842278bef9d8b7bd2579120a91dde4d066bf273
WT blade defect dataset/annotation_second_person/686.xml,563,59df74ca30fc882966167f2f94393b2d577663fd615c62c974705a48aa0d6241
WT blade defect dataset/annotation_second_person/687.xml,564,6ab0ea3dd69186d9c86784e41221432284e54884e72ad1a55a4db28f13e25ab0
WT blade defect dataset/annotation_second_person/688.xml,563,38601d521bfd47254c8ff4e55f6b37fc291b86c924b2eabe227f97b1b9d6cfed
WT blade defect dataset/annotation_second_person/689.xml,1314,c158def944969fcd043b248a3c70f800128e90917582e8213e72e785ae8a3713
WT blade defect dataset/annotation_second_person/69.xml,790,a39d2babbcb801c6329b20bbc57c92330dd3845d7f7fb82200b7f45a8653f44a
WT blade defect dataset/annotation_second_person/690.xml,562,b422636c7c0279123d05868ee063bc92427444446481b3ce1d562af4cb7e9d00
WT blade defect dataset/annotation_second_person/691.xml,555,545a225c1b2abad5dfc169fbbbf39e1f9244f4927dd3f0d58a2d7eaa912fbb1a
WT blade defect dataset/annotation_second_person/692.xml,554,ce8c23591370c932c10dbe3db845f19e219acfa2724d5a08f7b1a78b5bc76ed7
WT blade defect dataset/annotation_second_person/693.xml,560,9a58cc2795758fead1719c3a673d56229513ce2a2b00b36e5beff034d1fe5dcd
WT blade defect dataset/annotation_second_person/694.xml,559,f89fb09ea15bf26eee6c755362a68d78c1688a30fd239ef5c5cdbc4c46de34f6
WT blade defect dataset/annotation_second_person/695.xml,803,518537d92888ebc2f87dae0804da3ccd45645fff174ce1ac9fbeeeb5f79c1237
WT blade defect dataset/annotation_second_person/696.xml,803,14dc2bbb0bf576a662156a6a049b80e0c1d7cae6693821b8b4fb4a86faa73c63
WT blade defect dataset/annotation_second_person/697.xml,803,45bff29602522fd244f1073789d2ee6fb2f02b78cef7771f131e2d58810b6824
WT blade defect dataset/annotation_second_person/698.xml,559,71e6937b7514c083992146bb795a44921cb1bfdf2347bfb8d417bf5b554643e8
WT blade defect dataset/annotation_second_person/699.xml,563,bf6873f6939c184b0bdf6907d34666a408da3557c305676765bb4cbc145db40a
WT blade defect dataset/annotation_second_person/7.xml,556,8042dc95567254b9aaafe968ef42b618789ec8e83db082c389dcb7c660d4abb5
WT blade defect dataset/annotation_second_person/70.xml,790,8010495244711a32c56fa7869b5282fffe310a826ff1c3a8ae8737e70212ea89
WT blade defect dataset/annotation_second_person/700.xml,560,c5a848f51194b8b5f4da1ea8ce91bc0041a4e0ab23dedcf5f9525b3609946f78
WT blade defect dataset/annotation_second_person/701.xml,555,393d8c9fb59b4fbf27ace34b27c766e3de43f4b2bc2c770ab230c4ac1d822238
WT blade defect dataset/annotation_second_person/702.xml,810,8fb27780d1d6d2603b2ed63279ff8936becd91aa6d16bc5cb73ae0a583bf7986
WT blade defect dataset/annotation_second_person/703.xml,558,019a3998feb92f5c26b5aa6b73f8ed3cd355b124ba16311cf70d9148937308bc
WT blade defect dataset/annotation_second_person/704.xml,559,e1db8391b658abea5d424fdbfc96af7533fd85e40e00e3ff2da719e000ad4561
WT blade defect dataset/annotation_second_person/705.xml,560,63a22ee8e563850c9c63d7578efcd8c561b7eb0882d4dbf55f7f86c8696106ba
WT blade defect dataset/annotation_second_person/706.xml,560,34951e2dd7c95e3c8ed8d9fbc3e690393a80409c7dddf8f113c733b2b32b3a1b
WT blade defect dataset/annotation_second_person/707.xml,558,f67a992d4391e2f3841f8c4615bf4fd2029b49f41eb91c2c9f749fd58840f7a8
WT blade defect dataset/annotation_second_person/708.xml,563,888d3e7afd32017d1bb66035ba0b8792fef44b54a8bf76072030f2b246c22302
WT blade defect dataset/annotation_second_person/709.xml,560,eb2d9badaa66a1efbb74d39dab4be2f13d73649b47d96c72eeeab2219cae5d19
WT blade defect dataset/annotation_second_person/71.xml,554,618a5322ea08b9a77eb5611e3911c6b3c9f26e483880bc190776ae427f1f808b
WT blade defect dataset/annotation_second_person/710.xml,555,bb94e89df35f5036f7b288679d791f8e4062fe2133360f70cbbdc9208493158b
WT blade defect dataset/annotation_second_person/711.xml,559,f64234364e290cfa7a525ca760af49d065a8a2dbd09ef41a594f5ddb23c42f2d
WT blade defect dataset/annotation_second_person/712.xml,564,6a6fe22d2e5db44348f7fc2a32f084f4a170c9b521a6a66e0a55a3a1b972ef63
WT blade defect dataset/annotation_second_person/713.xml,554,dbe2aa997f4e8b1d83c9ba54dffd95e23e65d6299e735d8d470c2225fa7ae17e
WT blade defect dataset/annotation_second_person/714.xml,560,01b574f9abe5c70649b2a9cc2216938e540dd63f20b3c2b2d4ab7443b860bf07
WT blade defect dataset/annotation_second_person/715.xml,564,036ca254a56d616f674f586cc6da71fc468658e9ae23d9386bf279d696c9f11c
WT blade defect dataset/annotation_second_person/716.xml,794,c77e2b51101bb380a251b5b5a990584aae580b59ab268db94b8cec0408bfcee5
WT blade defect dataset/annotation_second_person/717.xml,798,5ad763448bc0b5095d6ef35dccc1c0b5146cde388200aadc7858095474cdf530
WT blade defect dataset/annotation_second_person/718.xml,560,e618e71de72d16c94c7d8b83f5fe196a14c8d3412aa97000ad4dd643b3554266
WT blade defect dataset/annotation_second_person/719.xml,800,9c83f3e7c8b9d13184be4ca360648e8c53747b2499032f3911aeb13f601b9cbf
WT blade defect dataset/annotation_second_person/72.xml,316,b6b6a8d2242e25fc33ad4a151e893fbe16592f81b46b720faabfec64ea6ddce6
WT blade defect dataset/annotation_second_person/720.xml,559,371ee5cac9383b38566fc6fa090ef28b9b8d617c049ace59e7c239f09afe05ee
WT blade defect dataset/annotation_second_person/721.xml,559,8459a8bbd9e61525523f888c96308e057ba1f44d3d83eabc5c50a1543607fef6
WT blade defect dataset/annotation_second_person/722.xml,558,15d2378f7fc5a09cbe805b00394b04e6a4f596b0375e631a4657b37554f672fb
WT blade defect dataset/annotation_second_person/723.xml,560,92368d4a177905a04f8045b557f3dc20f31237e8edc33918649e02b5ea35905a
WT blade defect dataset/annotation_second_person/724.xml,567,3e3dd586ef7660c7ff1f887ccd368869dcf6d15eba2d340f795d63391a91e916
WT blade defect dataset/annotation_second_person/725.xml,555,182591d478841ed02ed8c55fa6a755e343ed46d2efcfb96f34797f7633d19e75
WT blade defect dataset/annotation_second_person/726.xml,564,aa79ea15a2c826bcc734c65b08e21ca54e32232169f01bec68e881ef60ee4bbb
WT blade defect dataset/annotation_second_person/727.xml,559,fd6e702c68a63696948253c337dc6df894c2df3a2f6fd7fa644c4677a5ecc3f6
WT blade defect dataset/annotation_second_person/728.xml,805,a651990409106401d9b699f8fed2ee8544fbac466aca538f3ad89b5b6bf3ebb2
WT blade defect dataset/annotation_second_person/729.xml,559,bf1c9c3c6b2e960e93dfea56e5a8857d93d8afd379cd560457e98666bb8ca42a
WT blade defect dataset/annotation_second_person/73.xml,562,2dcafe0eab2028c06fcbf8a162db63b093119ed78fb44ed2eb886e1f0110fc09
WT blade defect dataset/annotation_second_person/730.xml,802,bd8aaa9fe63f1ad96e6f2aa03d510713f189c0fa7e63fd3068da2adf84c6b709
WT blade defect dataset/annotation_second_person/731.xml,554,2c29dbd13812837177904f8bbcebe7bb878a0aaeee6c6849b6f9c2995923eda2
WT blade defect dataset/annotation_second_person/732.xml,318,562801051fee4a472b63426c83fb2ae393941d80f3320b0d71b2034188176431
WT blade defect dataset/annotation_second_person/733.xml,800,15ae4d3bf2366f5adbfa7d677a3e991005895dba124a90f026cf22191cbb3084
WT blade defect dataset/annotation_second_person/734.xml,318,9ce4f8b23adf7ac4578ddbb6335fe7b47c84f56ac277f48c35e46992c1825431
WT blade defect dataset/annotation_second_person/735.xml,554,982bd1ca14ca2936c4327b2b6c00a7d6ef3948a69eba97f1c8f66b3546f8e01d
WT blade defect dataset/annotation_second_person/736.xml,555,521dba31bb4c42bf5c3062d695887ccfb02ceff80fdca021515b2babb3ce48fc
WT blade defect dataset/annotation_second_person/737.xml,797,89dfbb5e1f42b970ee6eb393e18a10de7ac3a595f06fed686b85a9ea0e08e4a9
WT blade defect dataset/annotation_second_person/738.xml,318,c64ec9ad6989a6982369e5fa0ea6a32381e0fac8c2b16b07acf2abd5e347ad17
WT blade defect dataset/annotation_second_person/739.xml,792,7a62ef7b80379a439797e2c18de656fd462735e083c82bb143075e69f4dbdb56
WT blade defect dataset/annotation_second_person/74.xml,553,63cb7a56434d3fe0db07445716a5cb4b565d782a58ad328a6a3c0d49ee345f90
WT blade defect dataset/annotation_second_person/740.xml,564,d3cd49d47f85233de072c1d10b343b5bde2196e0302f0bb51c4a289c2e8723f6
WT blade defect dataset/annotation_second_person/741.xml,554,19bf4da0f4aa38d8fdc7131d739c04d45dea544f95696dc0310ad53b5a49f244
WT blade defect dataset/annotation_second_person/742.xml,564,281ff80b9c7aa77aa6a45cd5edb8716dd14bea351d1ba91141bbdb9cc9028752
WT blade defect dataset/annotation_second_person/743.xml,808,e57c8127f1bfbf618e8f9710f0b1083fda5c3e37f2e5ac22c03205cbbab8d9fb
WT blade defect dataset/annotation_second_person/744.xml,563,c5f1aadb54d8ba7cf1a740b3ab1ae0497c4dc7512a79d26ef38331a0ba7486d9
WT blade defect dataset/annotation_second_person/745.xml,564,10cb6b8c7e446ac884ba6f8a4fa7fa94f7a885d14eb26430fdb6bf808c256e04
WT blade defect dataset/annotation_second_person/746.xml,564,dd6875b64ce39233fc18d40fc4f1cb0e9fe65443c19e7df1d50e905ea41044a3
WT blade defect dataset/annotation_second_person/747.xml,1799,152bd98dc8af4f1736585d76d9670cca06dfcdeb8c1c6ebf6804cd8581457934
WT blade defect dataset/annotation_second_person/748.xml,1055,73947d2ad1570cbf3a8ce4a636514e14b3504245d8fdb81ddc37889489f503c3
WT blade defect dataset/annotation_second_person/749.xml,557,48e0010c72fd209361597cbf5921089f89923d837c87363248d97e6f4f196b67
WT blade defect dataset/annotation_second_person/75.xml,809,c0336ceaee526a260577bb5e330746b5795127724b2fe3d1ced418e07b86df45
WT blade defect dataset/annotation_second_person/750.xml,563,9ac94200f21154a8aa6e8c803c1e026dc80bdb47c7dc30583558a201f56bf203
WT blade defect dataset/annotation_second_person/751.xml,555,1917647f54254e2ac83e7ba98151d1f2e81d9bb86385965bae13bda1795db42c
WT blade defect dataset/annotation_second_person/752.xml,800,0c9d97c7c5995406fc489b19d94b73dd199c0bdabf59cce2840f39782a5e6365
WT blade defect dataset/annotation_second_person/753.xml,1049,26fbb7887df47405a65aba64032eedb5d1f56366e4e89ba63d53367ac9ef4674
WT blade defect dataset/annotation_second_person/754.xml,1044,838fe3e39e2acd73f6fb4bbcc015cdbcd4e09e3f8e03e5a308e954e31c12bb4f
WT blade defect dataset/annotation_second_person/755.xml,558,a54e3beb4162822b51ce5752153bc50145239ee07f731c52c601732872d8a9dd
WT blade defect dataset/annotation_second_person/756.xml,559,de8c90e87ef0f7af36529f0eaf30aaca099c2248ba599525910cc433c24486cb
WT blade defect dataset/annotation_second_person/757.xml,802,e8b2d1e1adca6326e356d97ee476c1d18e44139fe6c3500b42c98a28e3f2112f
WT blade defect dataset/annotation_second_person/758.xml,1030,b56e9b15858e2f78e4c0d2b2fb44262a1d256312768ed023ae649636012b1696
WT blade defect dataset/annotation_second_person/759.xml,1276,936be51767932b1f1c2ec8c94ff2d5bdec3bcb94b87c7071c19263f821158145
WT blade defect dataset/annotation_second_person/76.xml,553,b52a16c3ea470df59e385bb41d17f859fd52df81728f699f3829533eceb4c530
WT blade defect dataset/annotation_second_person/760.xml,814,09701e015baa4cd28f8c0edee03d1d28b75e336b18ce3db68f1b5f7c2d1f5357
WT blade defect dataset/annotation_second_person/761.xml,799,edddfbb61fedeb510cc9e311e5f6c8d79ea1e5e94ce8ea4f11555da61fdc5579
WT blade defect dataset/annotation_second_person/762.xml,790,81f6950384c59c95ec8236d19f4e01f6a6a06cdbe6114a618a86a46e5d7be79f
WT blade defect dataset/annotation_second_person/763.xml,554,e0298c1ce0f78981ec5f6858d23462d5288a68f2fb50bb525b1bc9330f48e373
WT blade defect dataset/annotation_second_person/764.xml,799,3796c74de83ea48bab202497197db2d97edae395c455691401b725e8d82e77c0
WT blade defect dataset/annotation_second_person/765.xml,555,24ccb5e351d877afcb9c2be38207e479371f5bd46c561b0136ebba9d7cf68629
WT blade defect dataset/annotation_second_person/766.xml,1286,f89efedf1d379b362fb34f2b41fbcdad85501f2270bb6d37ccfb2aaacc5e9176
WT blade defect dataset/annotation_second_person/767.xml,564,629255e4f7161aa56b60a911cd84b11f0b577d5bf0ec5b6f50a93b1c28d96909
WT blade defect dataset/annotation_second_person/768.xml,560,aed3c8383e8ce8b854b4f7dccb9ca2e74aa1be951a571f22e7250a83ed3ff411
WT blade defect dataset/annotation_second_person/769.xml,560,e61a60e18d33b0332a1b312c4cebcbdfe2bc61cd75e9013644d8e2cc13675518
WT blade defect dataset/annotation_second_person/77.xml,561,46a9ee96d3980d2f4dc1c02bd3be821a876f22bbd35db4282755904382a15ed3
WT blade defect dataset/annotation_second_person/770.xml,563,e007a73c0d1382684810336ebce88513d54d6ab8f2585f4dace5d43cc9b83dfe
WT blade defect dataset/annotation_second_person/771.xml,553,335876210126828be33891a9527412b3bcddb2d69bc5aecd2aa9d41655db9520
WT blade defect dataset/annotation_second_person/772.xml,812,8f151b0fea42824292c9b80645fc9511ca6ab4865f7d552286d7feb2bf4a92ca
WT blade defect dataset/annotation_second_person/773.xml,793,a71a62f38f7cf8657b0ed9f21786cb15e7903b45f81b2c0501a603d097ca7a13
WT blade defect dataset/annotation_second_person/774.xml,555,454d05efe6fd34675986dd7917b7b5625e9b88c852850d6bcaadf3ec005d2c3c
WT blade defect dataset/annotation_second_person/775.xml,806,33764ef883f97e12d94559e736dd02936610906c6f3feb9a79d2c72b3f8e7a72
WT blade defect dataset/annotation_second_person/776.xml,555,624d98046c2280d20b448d4a20e7fb71841cd0abb74a318f4b4f2927dfe6c16a
WT blade defect dataset/annotation_second_person/777.xml,558,47542210746c125904a41e19eb93f8711abe5882d082e8988529402bff2b368d
WT blade defect dataset/annotation_second_person/778.xml,558,1a726cfe3d34d07ba92a5851f5c6745ee5c92711d0de798208c161775ab10ebe
WT blade defect dataset/annotation_second_person/779.xml,555,258141bd963d14e97df5aaac2b71f33831e3dc5315711fcc9eb1f197939548d2
WT blade defect dataset/annotation_second_person/78.xml,553,a9a7e095ff0f415e88c32cd97d96ab1a696e6e7e349986bdc34f60b5bdf3b81c
WT blade defect dataset/annotation_second_person/780.xml,555,05b7c5c76810f76354798e0a0e7a66329b986315e0f9cbae45b19af95fc7e9b9
WT blade defect dataset/annotation_second_person/781.xml,559,954b0742a89980e3cadd84ea503fdc8931a980eb43216c17d3d34e8775460d7c
WT blade defect dataset/annotation_second_person/782.xml,1040,20a178353170439970419ddafb46043e6b19035afb8165889dfb110e9d47534d
WT blade defect dataset/annotation_second_person/783.xml,794,62bedbdc7d425eee16a107cec791811441c1b2cebaf28f221ecc8b9c21939f0d
WT blade defect dataset/annotation_second_person/784.xml,555,253c220ff2151c14784dcd96ae417e8bcbc79218cc0237e51475ca05ff0b28e9
WT blade defect dataset/annotation_second_person/785.xml,1027,a7ba543ca42f2add8bea3ee7f1cf7e49b87c5e807f0b1e38fad283913ba90762
WT blade defect dataset/annotation_second_person/786.xml,554,314b1ba3a283d3f0f28d800bf490d916241e79f135352ffd055b4fa5c4780bd3
WT blade defect dataset/annotation_second_person/787.xml,556,67e656f401245617f38d4d2403d38c9e1ccc959e1dbe55f96180fb2462555974
WT blade defect dataset/annotation_second_person/788.xml,555,3abffd44b1a2121682eaf8bcf6094ec6d9cf6e04ff0cb9fe2929b530cb5cb041
WT blade defect dataset/annotation_second_person/789.xml,554,aa596181f414fe66fb6385dbf5aa56aa299fd68816241be5c85f288a42583f8d
WT blade defect dataset/annotation_second_person/79.xml,562,9a68f5fac86d6e768d99b53fed3f74d11e4efd856a66e52eb1344ede72c6170f
WT blade defect dataset/annotation_second_person/790.xml,792,1a881f315aa5c83097ff8d350b4a5def5323c17f4fe9d450eb51061e4c0addb0
WT blade defect dataset/annotation_second_person/791.xml,562,3488eb040e4a989804644d12aed17e446034f9c7dbf81b0eaa1fd11cca3c204f
WT blade defect dataset/annotation_second_person/792.xml,792,39eb6e111d0640a6ac563dd2ea1da2e408a5b5fa8eba6cdc62466691ff7da5cb
WT blade defect dataset/annotation_second_person/793.xml,555,41d99c043341e8a7c2772634aa779f8149e7969cc2b8e560b18ec752473b99b5
WT blade defect dataset/annotation_second_person/794.xml,563,5e4cdd3445f0f3dde78dbb6a459364b8e80e9b02e00fae0d73d816e9849cda05
WT blade defect dataset/annotation_second_person/795.xml,555,2dc8122881d6d1a08b4de63c55e16d9a15f5fffd187cd53612dbbf5727d739e1
WT blade defect dataset/annotation_second_person/796.xml,810,0462a432c7cfb83afb4062d132a5ad63bdbd19ea33064895e2ed051587141f9a
WT blade defect dataset/annotation_second_person/797.xml,555,91677b1640b7be469bb2ce129455acc354af32a649e28a39b394941ac06674d2
WT blade defect dataset/annotation_second_person/798.xml,555,033dff93ec9dac5ebff3faef8903d0e0c4113c1bd194266083a24e5aac445da0
WT blade defect dataset/annotation_second_person/799.xml,560,cbe7fa95dee74a0432d7a5951c9e195def64ff6e17681ebf72ccbfd3bade9f57
WT blade defect dataset/annotation_second_person/8.xml,550,9659190aad3ac44b779a7b54b903f269d0efd6056d41cecd4a8d9c623398d7e3
WT blade defect dataset/annotation_second_person/80.xml,1029,44249227ce8fbaf09d43cf3788c5c46201585d0ee0e8504fb7bc23fb80d150ae
WT blade defect dataset/annotation_second_person/800.xml,553,8b942aff5d5a29b44025fd286cc7be84551a759223039d42eae97cadfa68c0b8
WT blade defect dataset/annotation_second_person/801.xml,799,11531ef3e4bb19d7df659276fb91b0a5a406bf6cf7afd7290201a147ea872108
WT blade defect dataset/annotation_second_person/802.xml,564,291db7ba0420895f35d51bd24bd8767e087d0779c37d6a54dcf68e9b539d5f25
WT blade defect dataset/annotation_second_person/803.xml,553,a78ffd79bf60709897a2059d352bb776a7707695faca9d2a70d47981a0d9b732
WT blade defect dataset/annotation_second_person/804.xml,812,2720d3920f4af5e92509b0d74bb7d4bbb2cc4335086e8a5b02f82c7398962962
WT blade defect dataset/annotation_second_person/805.xml,793,aac0a468f3c89d8ed52941704950349532eee1827c854b9200a692b9cc8e1bfe
WT blade defect dataset/annotation_second_person/806.xml,318,ada2fe51e908c485b7af52d9a9293cb60419aee36ce85fa51d3ad0e79e070310
WT blade defect dataset/annotation_second_person/807.xml,555,8f1ed5e14363be5abd662881fde0c4b84e8d9c0324ec0ef23811e636b63f8939
WT blade defect dataset/annotation_second_person/808.xml,800,4d2454214f722940ee56d17467ede452d8c5fecc853a1e2a810a7f6f958208aa
WT blade defect dataset/annotation_second_person/809.xml,563,809709416db931faa4ff1a3a239446a262b229769e78f9c28e1933e0d4227256
WT blade defect dataset/annotation_second_person/81.xml,1027,0ed8bd2a2c6003577a767ae0dd8cb14986a0f27e2a8f01f7139855568b888be9
WT blade defect dataset/annotation_second_person/810.xml,803,6f0f7652249dffc24ed5557706a7d7bdc67cc48a4adf1e7494c3c7e6a4cc0784
WT blade defect dataset/annotation_second_person/811.xml,794,266aa13032b103a2c22ff313f5212c1a39ca45eeda58a4ddb017ba0d59ad698f
WT blade defect dataset/annotation_second_person/812.xml,559,2f3e05260b3ee5d93b3a0cd8f5cefeaece337536d6950e68eee5b9d82ac2f78c
WT blade defect dataset/annotation_second_person/813.xml,556,c672ddba9e3762080ac38cfff71dccf414aa4c2816757825fb68cf5467222204
WT blade defect dataset/annotation_second_person/814.xml,560,93580df7f05f9307ccb6701de2733350fddabbc77d23d3a93af53922508f5168
WT blade defect dataset/annotation_second_person/815.xml,806,a2ff96f005e52c2e0c9dd391fbcb235ad18e7a66d1fd7c37e6f714301d558991
WT blade defect dataset/annotation_second_person/816.xml,555,af3589377155f11bd0646e60afedc7fe1177da2ebe068268ac5ce4ab2169b18a
WT blade defect dataset/annotation_second_person/817.xml,563,fa50ac4effac6ba5ffc6033d08b842a9f8b489a495a23168cf0100ed1628bf91
WT blade defect dataset/annotation_second_person/818.xml,1545,93059f7170fd58056937270173c4c2179ce2c49c59bf583b3e3fdc9fab3ab894
WT blade defect dataset/annotation_second_person/819.xml,555,2aa5f9103bec84639686b985301e635611e2211acf7a39177aa2f1fcda17ea88
WT blade defect dataset/annotation_second_person/82.xml,553,bc3b38fa6be10f282f17d8bb2fb9d19d44515af9c11da4854ca0a1c2d7db4475
WT blade defect dataset/annotation_second_person/820.xml,807,c6cda09c5df369573129890bfc541706c7f10a54d885417ad59a967395b623c3
WT blade defect dataset/annotation_second_person/821.xml,792,4fe732bca93b4b62a07114be54ec81d9a6e42f80d2947bd2560977bd304df011
WT blade defect dataset/annotation_second_person/822.xml,800,541e520216230cc4746429edac616efee45011a6edf7a135e906a34fc894e901
WT blade defect dataset/annotation_second_person/823.xml,560,8fbbf36dc4d0daff9ac0cf191747d5809dca0cb64ff69cdb353eecfbdaf70e7b
WT blade defect dataset/annotation_second_person/824.xml,564,be1ee1acc9c52a7f27f899f75f1f86e3fdae8e2eca45f50117afc8d951146db1
WT blade defect dataset/annotation_second_person/825.xml,560,9cfe3518950f6f87000fb706d41e74ad0f42dacd77dca305f7b666bc7293eb4d
WT blade defect dataset/annotation_second_person/826.xml,1030,83d66c313b2b1b0e5b493b43d5181d85e4a04011f0b045d6ede796d43ab4a1f4
WT blade defect dataset/annotation_second_person/827.xml,1783,10341ddc45ecbda680c6b18292e6f83acee04cbfc07365b15ca69cd79c58902d
WT blade defect dataset/annotation_second_person/828.xml,555,e3153f7de043eec533820cf1f8688186f4fbaa85134dde183120be1dd24dd419
WT blade defect dataset/annotation_second_person/829.xml,564,a718cc178588f704b3b4468a7b21c61244acba84aafbd05ec2a5f02bec90ff41
WT blade defect dataset/annotation_second_person/83.xml,802,675d581778ef61496d60121e99b5bc37972da16a7908a0ad942d5402c6d5ce70
WT blade defect dataset/annotation_second_person/830.xml,318,4356e826b0306b27305729ba056513ce64f2fcef4b8999d927c234e5661b54d6
WT blade defect dataset/annotation_second_person/831.xml,792,b7e87ac69446890ab8832e9713c896e5cb216f10618859a1ff98133ed64838a8
WT blade defect dataset/annotation_second_person/832.xml,554,0907ce45e68b1b11a1ce89df7a1a70acaf0344c4bd7e786dd5aac37302444efa
WT blade defect dataset/annotation_second_person/833.xml,800,c1665d699cb78d61058454346784c6771d88d8aab6a3e2bf9fc0a3bd65ac9231
WT blade defect dataset/annotation_second_person/834.xml,572,2bff48572c79b974e933478aff111227f4975e178b2c9fc357b228de60ab8581
WT blade defect dataset/annotation_second_person/835.xml,563,68a7cc1831e88ee415e83ec417f1168ac4b06065a8cebad5ecff436cd3e75d01
WT blade defect dataset/annotation_second_person/836.xml,800,4017b5390a1700bbdba85403a9f4ce633a158d4fa3d4b8159f18eecf2356504d
WT blade defect dataset/annotation_second_person/837.xml,558,a7289fcbe61f3d3c4312a0a20ad1651411746747bc72ef0b15f67db716ae0aad
WT blade defect dataset/annotation_second_person/838.xml,560,0bb6f2ddd1e31c9c336c3cb0b76d8a6467857683381171762c893218e1c69856
WT blade defect dataset/annotation_second_person/839.xml,820,f0d504bace03ad2a3fef5c58a851492026187a151e3cb118b55a10c79efa65b9
WT blade defect dataset/annotation_second_person/84.xml,561,eaf786a721cc2aa08455720b762a59c576d8217eead9162f79f187fb902c44fe
WT blade defect dataset/annotation_second_person/840.xml,558,3504ee1e51820e948fbb480f308e0b0e905c11352d3d1a09155e7c995c603a08
WT blade defect dataset/annotation_second_person/841.xml,318,536399ade9f9aac54c64bf373d12bab0dac72dcd148c4297f9f07889964df60c
WT blade defect dataset/annotation_second_person/842.xml,564,3553f5324697283217e61c0b5491614c0726e4fb06e21129f980e5dd674e1b3d
WT blade defect dataset/annotation_second_person/843.xml,563,4245944fa4fe48ffca05a9b8e112a376b27fadaabbb3a0d73a3009eaa967d35b
WT blade defect dataset/annotation_second_person/844.xml,793,ccb89c50f7db42abab2f27ff0a01647b869a823a562943ae34e552e979a27e3c
WT blade defect dataset/annotation_second_person/845.xml,801,f05028a7dc060f557e3a56488c353dc25572a9c8ff85ce7df7f1112eead68559
WT blade defect dataset/annotation_second_person/846.xml,565,a6c55c74e3cf9eeee224accede04757fce108dea2d25e8d7cf7e887912866707
WT blade defect dataset/annotation_second_person/847.xml,793,7edb3ce4210931592352dbaa34a094d0e38da4a26b84f0e61c4066ed1dce59a1
WT blade defect dataset/annotation_second_person/848.xml,563,12712450cb44ec73ec62f17b861720819887c2be35d1b21322e673ce44cc199a
WT blade defect dataset/annotation_second_person/849.xml,793,15e57f8d458838f37aa2dace698e7c7cf59a11d310c8f6b98d15cc4d5d2d6772
WT blade defect dataset/annotation_second_person/85.xml,553,c9c666626a46770c6756e9283fcfe1731929e430b8ceb6935a398cc247020b7a
WT blade defect dataset/annotation_second_person/850.xml,801,59df802b80cebf93219399110bfdab68b9d14c8ffc0a010cbf138f980a0755d9
WT blade defect dataset/annotation_second_person/851.xml,1552,c7445d682415d9bcba49eb1c4244e22802b13c2d0da1a842370a5e25083b4acd
WT blade defect dataset/annotation_second_person/852.xml,806,ab20849d6def4b74ee41ebadfc6bde69e9dfa51ebea1c66c042cdc087ed48568
WT blade defect dataset/annotation_second_person/853.xml,811,ebf890627d17ec63866544b2296443508314ffa39aeb3afca75ed078355efa06
WT blade defect dataset/annotation_second_person/854.xml,563,0d5a0b80bd3d5698f3d0229d5fccb648b503f8c05ef752ab92693ecc30f9853a
WT blade defect dataset/annotation_second_person/855.xml,555,24a86bfedf540e98f1595a3c8df89cf6a5b17f551dd53fe5fda2b11aaf62575e
WT blade defect dataset/annotation_second_person/856.xml,1033,2e854c7f51aee5eecb6217a8d6798541b6e708e3ae28c37a55146e295abe340c
WT blade defect dataset/annotation_second_person/857.xml,806,33a3aef9a8ee60c225ad692efc90d99a4c73342a403beca403cccbf438acb058
WT blade defect dataset/annotation_second_person/858.xml,558,397a98718d74e1853b6ba02f368827dbbc6c9022faf884a4dcd2565d3c5219b5
WT blade defect dataset/annotation_second_person/859.xml,1057,9cdea614769becc5232b7142e599577ddeedccf58b75bb3a569df89e5a42bc61
WT blade defect dataset/annotation_second_person/86.xml,558,eb5552756ec735d6d6e231a9805caf78c012def026dd018e2c158e158f69971f
WT blade defect dataset/annotation_second_person/860.xml,1556,3a048f84fd550654a2acff4004c140282f1a52aaaca8b96f5ff19b1ead4f43d8
WT blade defect dataset/annotation_second_person/861.xml,554,6a179383e0be401544f9ade434f4eabce231455c5c45b5b5877613753d30b26e
WT blade defect dataset/annotation_second_person/862.xml,564,fb1e49c9beb022e5b6645b035f7bbc68299046453c5e8c2ae63dd25258e7fed3
WT blade defect dataset/annotation_second_person/863.xml,572,2e856a8c6a922f18112f9e42fe4fc9ae60c1905b33a5609cceb1f36529802e06
WT blade defect dataset/annotation_second_person/864.xml,572,d088621bacd9c51057a835b0b0f2cff7f0d54de6237dcec05fd7c3d33d9392e7
WT blade defect dataset/annotation_second_person/865.xml,558,ad6f11c019a774234ff583f70475e36116c6633317498fbd12aea70ccfab5c86
WT blade defect dataset/annotation_second_person/866.xml,799,054442e87e68a9a7399d45e58b1a2eab012db53e2583ad2f900366a77b827ac3
WT blade defect dataset/annotation_second_person/867.xml,563,307ad2fb50dd7e4af75744377fc8c88a5be23b3e6f6abb90c9bcdf7c9825b1d5
WT blade defect dataset/annotation_second_person/868.xml,564,69c3b774bcfaa6a2885494416fe845b5e5ce5387bfa8b684b0c96beceb9efb6b
WT blade defect dataset/annotation_second_person/869.xml,793,9a1c0d18806faf7fa5a83eda8026c0aba32c69f61ce34ae382b2b66eec92c984
WT blade defect dataset/annotation_second_person/87.xml,553,1932465907ee24e38877265390b019d62655313c2cc8a19223fc011778f11c9a
WT blade defect dataset/annotation_second_person/870.xml,797,6b8571c30a1a791e62a9ace1185a7c09bc3ff9a84fd3b1c4c8c43c96ec5907dc
WT blade defect dataset/annotation_second_person/871.xml,807,55afb5e406665dcab4e16c11ec56bde48ada0469eaccc79423987530809afaf6
WT blade defect dataset/annotation_second_person/872.xml,555,91a3daae2c138449de35207e920c885901cecaa60afed4302b3427df22d6217d
WT blade defect dataset/annotation_second_person/873.xml,564,80a0a1a663358c7ee51fc3547f1b93a523fe6f187c5eeaec32eda1793ba9e541
WT blade defect dataset/annotation_second_person/874.xml,563,4c8439b0e2e703bbca02204afac5ea51ad0e88be140c7451dc90129645628362
WT blade defect dataset/annotation_second_person/875.xml,803,99417863fc9ab6e6765c346e30feba30cb9a67b9b3f482c6e986c8299c59dc79
WT blade defect dataset/annotation_second_person/876.xml,564,a656095ea6fabe58632d0a8fabc765620b56a5805e6b0a89cebfb9d65711f5b8
WT blade defect dataset/annotation_second_person/877.xml,564,be0d11d9a3b77c4dc26aa76b83d36ff1b1b759abb465a1e8672ad8906c5c1cfd
WT blade defect dataset/annotation_second_person/878.xml,567,0d65b3bf4630e6a3ae6dd8484b64f52658d709b2a6be767110444f9a38cd7210
WT blade defect dataset/annotation_second_person/879.xml,563,ceb3c4b8d8ad7248f7972fb16f2ef0cc23ab95c57e14ab1b6404f65c3ddda760
WT blade defect dataset/annotation_second_person/88.xml,552,cef66d370aa34b19f57a0869854f52362d8b9e6c71e3b32102f55ac512544ab8
WT blade defect dataset/annotation_second_person/880.xml,572,a6073a172eaa72fb0a75b50c1ce484e2af1af64501d938695a84d7016759e36f
WT blade defect dataset/annotation_second_person/881.xml,1042,987c4f9afe620d2a2ee98b0a87ff093cbe752480eb5df018657033df3aa7e9e8
WT blade defect dataset/annotation_second_person/882.xml,558,833ec13e8ba5425cdc35c323386cad4f988cdaff566562a1a6d4e6d88b1e822a
WT blade defect dataset/annotation_second_person/883.xml,799,d3810faa88fee86c5c4a759a57b9c57706a549c9db5e634bbdd739f593cb9321
WT blade defect dataset/annotation_second_person/884.xml,797,5cf0859d59f1e89fa0c7fd71ed5160e68b754a333cfb86abbbeb759a691664a2
WT blade defect dataset/annotation_second_person/885.xml,807,32a1ec4fc3d9e049ba6c09488347a5875afc64166a3ec463754b0a4c875be7f3
WT blade defect dataset/annotation_second_person/886.xml,560,257009c7316441310859694e09d08bc6ff4efbe4f8d67c59476620028ab098f9
WT blade defect dataset/annotation_second_person/887.xml,557,02529a4c732bfd36be90ceb41d5f3ca4686b554e411c2b5f4a2a49508eb51dad
WT blade defect dataset/annotation_second_person/888.xml,553,b79270c1985507384703e7a0f46a0a85f8427731dd0115f3eb1dcbe2bc081b9b
WT blade defect dataset/annotation_second_person/889.xml,560,b7810064f1f474281aeb091cb8f3ed8c5a1023daedc3ef1f3a4f9c552ed8581a
WT blade defect dataset/annotation_second_person/89.xml,791,a39095d436d93a6ce71a06039c2a9ffc57cfc61b6afd324334a1f4d3ccdffce7
WT blade defect dataset/annotation_second_person/890.xml,555,cde14fbfe2d12371db19ce7981286d42768f7465ecc6010a07319f50f65ac8eb
WT blade defect dataset/annotation_second_person/891.xml,557,deaa102ab302104c47b38521f9d960f83199728bca749caaf954a91bb10d81cd
WT blade defect dataset/annotation_second_person/892.xml,553,45aa20ec9c7caa868485bafe8fac1483a73f6f9d428016944277069b9b90ad99
WT blade defect dataset/annotation_second_person/893.xml,562,2b7e45677ce45e7b4ce31e2f53709fe61c48d8946b9f78b9987619c828ef3d13
WT blade defect dataset/annotation_second_person/894.xml,563,3498b31dc962324f3c7a0b7e7ee31d7dacd88249833058fbd87aa8557a3cc64a
WT blade defect dataset/annotation_second_person/895.xml,807,7e505e7e011d4939adc307d151eadb269d78e015997d61b2bc0ad1617c8f5251
WT blade defect dataset/annotation_second_person/896.xml,559,c6ff6f8ae95d7fbfb9a3e1d719b2904c85b7925538d44906897012850d981643
WT blade defect dataset/annotation_second_person/897.xml,563,7b8ab08daf355b25ebe66b6c64a82aa3ec55b2105742dcca04d0399e662f0709
WT blade defect dataset/annotation_second_person/898.xml,791,098ee0f0f3567f2a695f3cfebb0fe6c804b3c648b015142cc6893e23a8124451
WT blade defect dataset/annotation_second_person/899.xml,559,cd97ecd19b98d1744bf3459b87610a6004a676b9b6eebe72fe47d40b0b553cec
WT blade defect dataset/annotation_second_person/9.xml,565,8082ad97087aa3194313c92126c3d712a7346f6271572de28ec2f8efa0ad0437
WT blade defect dataset/annotation_second_person/90.xml,1060,492edef3c70a493f0764c1a09701b031c96d45f32fc5c8fd2ba24cc6c3b3b01b
WT blade defect dataset/annotation_second_person/900.xml,560,55b29c6a3b14eea94fed5000261873bdd734908547107593c1ac83a899c41b2e
WT blade defect dataset/annotation_second_person/901.xml,563,d3009c71fa1c7d0c2a2179229907fd5f5891b6cac56d2b594116edbe0ff2f6f4
WT blade defect dataset/annotation_second_person/902.xml,805,85e9e8001031199d11026658026246b0771762e2bf41c273f5273a080480b94d
WT blade defect dataset/annotation_second_person/903.xml,555,b627aea6b1eaeee886767583e7a4c2abaf5e73836d7d521af155a71e559921d0
WT blade defect dataset/annotation_second_person/904.xml,560,bdc72b4e335e9a2318443380c82dd5104fb5b517303e6e5f952fd29bdd6ec20a
WT blade defect dataset/annotation_second_person/905.xml,1057,19dbe523653d8d904ff7cb86d1fe96d40a80fd9fa56b0aa5a57c1d5dca684d49
WT blade defect dataset/annotation_second_person/906.xml,555,62b368a499005f5fe45c4aac41ef04cf170a9bb3ec371219bf2a6c8443b0fc3b
WT blade defect dataset/annotation_second_person/907.xml,564,6cb8c0851b04b1e162f2a516bdf94ca35785e9e6b0f21fe4d3cfb92cf8922685
WT blade defect dataset/annotation_second_person/908.xml,556,b69022034c54a8ba723df61adb024961b6a3f5fb58ac7d9115a37ca294d55128
WT blade defect dataset/annotation_second_person/909.xml,799,12bf20b19d7c17a076bf467d74f8f0f647aaa9d61dec5231ab6508fe808d981a
WT blade defect dataset/annotation_second_person/91.xml,558,d00cad9bde15cb74f4ef67543a8f72ae2474eae696832e51ba88ae01636ca6ca
WT blade defect dataset/annotation_second_person/910.xml,560,d0170d6cd0ade95e6bea71d34d9d31eb82c3f5b925426f0e684927747c4cf883
WT blade defect dataset/annotation_second_person/911.xml,555,47467ceaac607d534155b5833e94fb4c5041bd419840c3098c6b8815d8ddb819
WT blade defect dataset/annotation_second_person/912.xml,555,840fbe7b7fb4591a6be5f7301493f4e01b18cc1ab4eb8e607f30fbc779e235f7
WT blade defect dataset/annotation_second_person/913.xml,793,be6bb3f7390f9cc874b0f774fa2add34d040b5ef651a108e9bf2ea4798c4f6d2
WT blade defect dataset/annotation_second_person/914.xml,808,d081b7132913b879bc98ec84d38882f2dca9e9b3da79dc65db534db28778ad67
WT blade defect dataset/annotation_second_person/915.xml,562,5ff233059b28ab5f0de40d7293121c388ae34915a35d4326a8870a9e77279608
WT blade defect dataset/annotation_second_person/916.xml,560,6fea0e2011317d25431d1bc41a3fba0451a2bf5bf952aea96d540ca0a84e233c
WT blade defect dataset/annotation_second_person/917.xml,803,a3e52a5f51caf950b4ae3f19bb4e30d777ac0405ead83dee5b344cf2a8885297
WT blade defect dataset/annotation_second_person/918.xml,1046,b4f02f2e333eeec0ea75b23bbd7521d99cd732732a64b6dab122e533247b1705
WT blade defect dataset/annotation_second_person/919.xml,800,bde6daa16af5e24249cb8eb2e9e2e88a85a984a9e1bcd22298629fb4baa3fef5
WT blade defect dataset/annotation_second_person/92.xml,552,458c9195b03421d2eec34d29070bcb177092a6bb8d4a5cf17d414caa378197e6
WT blade defect dataset/annotation_second_person/920.xml,557,b481c0442246d44bae6c2587a12777bc74fd587365ec333ca2f01b002af0b3bc
WT blade defect dataset/annotation_second_person/921.xml,554,a5b2d0e810abd257f132e0c1f3e7de8e4586854f34128078faeddda05adfefbc
WT blade defect dataset/annotation_second_person/922.xml,563,bd73fbb1a6bd3182029164e2c0d3de6ca21ab44fc7ff76e1f8b7f7af0646af55
WT blade defect dataset/annotation_second_person/923.xml,564,67fca1ee8d1b45e1785dec731da3a94afcc4980dcafb18fefaf33e608a388736
WT blade defect dataset/annotation_second_person/924.xml,564,aed65cc08b31076a416640c674f62498c1bbd3ccee4913eac19402f97f2e980f
WT blade defect dataset/annotation_second_person/925.xml,563,044c0c58e452c48c7fd8cddc26280f8a4d1aaa0051dde6fca95b36275e48fba6
WT blade defect dataset/annotation_second_person/926.xml,560,11bf321d62478d06c50fe2381cea18c9d3c0c79823c57b001a5d3cb04bbeca51
WT blade defect dataset/annotation_second_person/927.xml,810,29d13e62c13ac9c603fff45cb845ef5be1ffd107d86bff518daec6e98bbf3575
WT blade defect dataset/annotation_second_person/928.xml,560,38059efe7f0259fa86feda996da7786388e5e46cb6fe51e41a5c1f2c5733d0c9
WT blade defect dataset/annotation_second_person/929.xml,557,3f3a30eb188e2341e32c41a1f8b9bbdd84aa21838f0787da393d556d868c67b4
WT blade defect dataset/annotation_second_person/93.xml,554,7db5f32386a299d09cea5b28a7eb966237820f000dede3768465327e570ee074
WT blade defect dataset/annotation_second_person/930.xml,553,9fc9da950a0721f3d36eb55ad616cf65affdf9a34d716812f0551e741bdb61d6
WT blade defect dataset/annotation_second_person/931.xml,564,5b66481ce99cd858b10a24cf748cf90c074111165616c8b0898f683ebf7bb52e
WT blade defect dataset/annotation_second_person/932.xml,558,8ae42a935b74b712d3b95e2fdd37522a104374ce31266fed379c46d00c2328e8
WT blade defect dataset/annotation_second_person/933.xml,564,54b9cdfbc612f59111035ba518faa2c7eef06cdc2ac4615eed7a6251e989ac29
WT blade defect dataset/annotation_second_person/934.xml,564,f629980f0e82e8889e0a3122b218ce88f7296ab36b264528af245e1381b0a2a6
WT blade defect dataset/annotation_second_person/935.xml,1037,dee5743765dd334dce19a4bf1c5e7a3a211da100a9826775e6a37074a68801ed
WT blade defect dataset/annotation_second_person/936.xml,564,b65ff32a3eb67cbed26c099432a775e57bf43f098dfe5566a02b0d6039fc4458
WT blade defect dataset/annotation_second_person/937.xml,558,33eda134691b5ce69e714bdcc00002ab3875edf9d6fc3825674347867769e2b7
WT blade defect dataset/annotation_second_person/938.xml,559,52515b4d759d24a657222a49f0b37a40d1ce825b03cd32137822622bbebd700d
WT blade defect dataset/annotation_second_person/939.xml,555,78685f04992b785864d5835a330fc7ed325f8f7a8455c5167efbc2833d0efc04
WT blade defect dataset/annotation_second_person/94.xml,791,4ac313a875b3bf5b631c964ea39f8144de1a8a1336f55ba82340de54439459b7
WT blade defect dataset/annotation_second_person/940.xml,564,6eadd1b8749d86facd18208907d23e1f88f6e2db84c1bf1d9219635711428712
WT blade defect dataset/annotation_second_person/941.xml,318,9d087b12205b786968986ddd951c40b4cdb0f5ff2423eacad80f45279a50b271
WT blade defect dataset/annotation_second_person/942.xml,558,e831cead097fbe5fdee751eb768b4f77b801d10a54c062d9b7f89db2891607c2
WT blade defect dataset/annotation_second_person/943.xml,561,3b0fc0c6240d8b50e0d44ac8407f4a73fc1529b2c2a875cd2c402776b5ec3d79
WT blade defect dataset/annotation_second_person/944.xml,807,41a8f5b1de62cdac3102eace7167dfdfb29fd91c0288bb6b727dc87391a2364d
WT blade defect dataset/annotation_second_person/945.xml,560,a78be58b6b887d984026547a0c7cb0a58fd561dc42e378aabd6c6e3ffc8b0c38
WT blade defect dataset/annotation_second_person/946.xml,560,7e531b29814a12cd5babd7776e10e4261ffc01c7ff12564cb83ece3625cdb9c9
WT blade defect dataset/annotation_second_person/947.xml,564,cbcc73fd75e8f49513636bac7b54a64a613c82afc86d3dfba98b48369f2eeaa2
WT blade defect dataset/annotation_second_person/948.xml,555,8b309a4341114b2b36b0040b55fdb761996d9281dfd6b4adbd73eb7233c92311
WT blade defect dataset/annotation_second_person/949.xml,564,4608796bef8f4c74afd2365a727504c0bbc2fa517c299ecee2ed154989402b5d
WT blade defect dataset/annotation_second_person/95.xml,1048,2828e8abd328ca90b0eea18b1bb73fc9220e237aa2d486d392e68b7bd86ac2d6
WT blade defect dataset/annotation_second_person/950.xml,564,5d13b19899d5ea094cae173d7ab7f5193ba1c109c33d3e484cacdb0477ad935f
WT blade defect dataset/annotation_second_person/951.xml,558,ab99e16c85f1d3eb72e8c213b6442061add6b8fe0e9b4c6afd5e6815aa063b8d
WT blade defect dataset/annotation_second_person/952.xml,563,e9e9a8b16e2cd432feeb12904b1f197786c2dd7b8065d6aae2026554eee79ac2
WT blade defect dataset/annotation_second_person/953.xml,553,05dbcc62c19c17ce69362b6fdda00197c50e52fdf2e91367225ccd2cd179a77b
WT blade defect dataset/annotation_second_person/954.xml,564,efaa785b941ed08a92d750d4c2264dc9a5f615364d32567d04b42177c200b225
WT blade defect dataset/annotation_second_person/955.xml,567,a7cae466dce8867046a49ae3befad67ac60f2f9453129aff8cb6f9411655ee1a
WT blade defect dataset/annotation_second_person/956.xml,1307,1461c1eeced6328af5ec6c6d713aa7750205512e3abb7cd6e3c4ddc7e5934c62
WT blade defect dataset/annotation_second_person/957.xml,554,5e2d9f482169293322d23d457ebef8d71d8d3b6b72b605eefdafb49adedb0627
WT blade defect dataset/annotation_second_person/958.xml,559,c78bc072eb1499f78cb6302c30c4e629b712a3ef3aedc9dd182ec051ec04f5f1
WT blade defect dataset/annotation_second_person/959.xml,318,bcf32f532e389d31fe02603077b78897b60da8a3654582d40cab868d77c7d12c
WT blade defect dataset/annotation_second_person/96.xml,805,2544289f77ecc141d908759f39ca84c2236cdb90ecb1a454b69996bf80c4fa98
WT blade defect dataset/annotation_second_person/960.xml,556,77a006569576d5389602072038b571a6fd79f239d66d7ba6b4b947c90fb898aa
WT blade defect dataset/annotation_second_person/961.xml,555,6a34dfe6a58f5efc9a7f1983fb1563016e743ce37fbaac2db9bcb4f6fc29a728
WT blade defect dataset/annotation_second_person/962.xml,557,b0db63aab7b2a3eae97abd97a94c7ce94e1769aa76f08b0ad09e5c5076877a59
WT blade defect dataset/annotation_second_person/963.xml,567,8c1b58c8898e4957159b1344127794aff026053a9bca41e23eba51658f07044b
WT blade defect dataset/annotation_second_person/964.xml,555,ca6ffb17ff3aca2b8a42867328d9a7c12804033b3deb9ac003264eac92ca0f96
WT blade defect dataset/annotation_second_person/965.xml,318,735747dc8a85e9dd1124cbd70359dcc98782ced3d338c06e0d93ee61d02a3817
WT blade defect dataset/annotation_second_person/966.xml,1058,2414c75235f493775f7901d479999a812c1106b580422ecee3f06911bf6799f7
WT blade defect dataset/annotation_second_person/967.xml,555,688145b4959b1587a9b80d1524374cce7669363d90e370169b6767b64555e16e
WT blade defect dataset/annotation_second_person/968.xml,559,2c337bb097caf0430fe7868271121f80a96eb2955a450d52daeaf27798d3dcff
WT blade defect dataset/annotation_second_person/969.xml,570,f17c2d529e794007bcda33460a9dc197731e037c67bc2d8ae0abc9b12ebacd7f
WT blade defect dataset/annotation_second_person/97.xml,553,6d7f7b177e4b6579f7e875c8cfa124f5be348129956e75002548768a584b759d
WT blade defect dataset/annotation_second_person/970.xml,555,92ceb52ab609a097560b1d2febe669109ce7fa6715078799404135c364ff886f
WT blade defect dataset/annotation_second_person/971.xml,562,c32120f8a5b7a5e6b415c31563b8a17987e21b02851370dfcb4c1ebe9ddf404e
WT blade defect dataset/annotation_second_person/972.xml,559,87c8e562ec3238f768df46fed7c2257b4c7acd87641a5d043b0998fdbb25f58f
WT blade defect dataset/annotation_second_person/973.xml,560,ae98f2315acc104d2fafa7e6090f76d5e9693cec40f845b78451d36b03ba45b8
WT blade defect dataset/annotation_second_person/974.xml,1065,30ce732572b4372abb14290eb407916c35e752305d56c2bac0a11550ae142957
WT blade defect dataset/annotation_second_person/975.xml,806,0d36fdbbfe6ee31601c7932926d032905df6a5152d589376fb05e2b43a7257c9
WT blade defect dataset/annotation_second_person/976.xml,555,bf9dec951161898dc066c6fc5d1ff5d4e504046a311af23bb4d1a236fa3bb38a
WT blade defect dataset/annotation_second_person/977.xml,801,e83c77ef38baeb56609439b443b9486861460290b42b26c2819e547ab7c6fc0d
WT blade defect dataset/annotation_second_person/978.xml,557,a4f79320225fa02ca7baa686276c9f9aa66a19c5060d61d2f758fc851932001b
WT blade defect dataset/annotation_second_person/979.xml,551,d069fd8b32fe71579c24845cca0c5d0756c9378c2594cd60a4f83969f074dd7d
WT blade defect dataset/annotation_second_person/98.xml,553,7a8bd54ab8c55d161e37ce2c73b9e001318dffab86666a0acdf853ba3dfaa62a
WT blade defect dataset/annotation_second_person/980.xml,1066,1da1ce08d0f63650c37696eebb248482ff00557f6e06a1b5bd6c889b00cfaf22
WT blade defect dataset/annotation_second_person/981.xml,797,bf7a359f39308e4ca0c341577a3a62b023a0e2d13bae6b67acbde38eb7ffceb5
WT blade defect dataset/annotation_second_person/982.xml,559,bc735a7711517efcced256dafdf6071704f2f68ad927b933d7fcb97199e5aaa5
WT blade defect dataset/annotation_second_person/983.xml,560,3a7b7d87888421105744abe1b9517b9c7c5dfe780ae487dcd60f8b0941be4316
WT blade defect dataset/annotation_second_person/984.xml,558,44698494fdc789cb08b98475125314dc7fa3ac8b2c500e23f0ba31b670ebdbba
WT blade defect dataset/annotation_second_person/985.xml,560,cd7171226bb069f852fac9faa4d4529c7a47428e2cd6c9e3ba1f4b3d613a454c
WT blade defect dataset/annotation_second_person/986.xml,569,3bbae088cad1909f483a90ccb7a9e773dfc2b20acf5e7f4d782758616565871c
WT blade defect dataset/annotation_second_person/987.xml,560,233b013798c74d1a349f27be3656137d7a645139e5047b5a3dbfa9b247439de2
WT blade defect dataset/annotation_second_person/988.xml,564,7ef8dd10612687372db65d7bf158a84ea59f9f7acc128c514b569d8670710960
WT blade defect dataset/annotation_second_person/989.xml,1048,d6bad2ae310900ed2cdcf76cd8f39dda192c854736889f59291e492618a5bab5
WT blade defect dataset/annotation_second_person/99.xml,558,d12a47fdc8e485ea9b11740924ac7495aa67b06b1faa3507c375a05c5705ad7f
WT blade defect dataset/annotation_second_person/990.xml,559,75bcb51b5c90a848e2bf8f4e9c472752275483c8777cf02c1977237d3d88c880
WT blade defect dataset/annotation_second_person/991.xml,803,825119dac6ba7e8a9d78fa48cf319c339c0019d92c32d8e87c9dc0f350000e11
WT blade defect dataset/annotation_second_person/992.xml,573,aeb16e283b241ea98ac9d5d51bd9aae891e8ab4c94affd7a5ee57df383dfc7b1
WT blade defect dataset/annotation_second_person/993.xml,562,58c1905cd3d7178fced9800bd3cb824d41e519facc5f4cc1764f034d574496a5
WT blade defect dataset/annotation_second_person/994.xml,556,178156e304b02d40123f1111dd1d7d81aa57d28d6d0a984f6127d9e565dd97b6
WT blade defect dataset/annotation_second_person/995.xml,811,ed5eddfb1fe482a46f62abe9aa5433d522c1180a14832a4038f48666312bb6f0
WT blade defect dataset/annotation_second_person/996.xml,554,64eecd6f4f82ac1c27bb7be87632e71e788c37e7ec8e8fec28eb4175cbb72e4c
WT blade defect dataset/annotation_second_person/997.xml,560,ef427f17c1195af2e0bda19024da5772d64480a43149bc410d94b33235c906c1
WT blade defect dataset/annotation_second_person/998.xml,559,b5a36e6d22e7035c9584c8ed93c1dabec8fc8e0f47ff0f1669bda2ed730b14a2
WT blade defect dataset/annotation_second_person/999.xml,564,a35a59176a3217f6e9e104dcda7369d269f2d7345470d5b0b038c273c57c95bb
WT blade defect dataset/Annotations/0.xml,541,38bfd591ecad58c3beea7983e3adf70cdffc4b9f387ff70a0e9b60e841c4190c
WT blade defect dataset/Annotations/1.xml,536,fe85a01f67df6f741e491fdb92fbc582a39869b284671923367a1907b59a56fc
WT blade defect dataset/Annotations/10.xml,781,08108df0c5dda91639c10eadf6b143db0ed89f378c9325365434277f6a7897b7
WT blade defect dataset/Annotations/100.xml,539,47aee7b3e2ddbce41551510eb967d3f4694f54ed93c5edfb6bb9e69fce4b31f7
WT blade defect dataset/Annotations/1000.xml,769,4b41817f222bd83ab35fb8a0ea6ff6ff62f805c2ca04d7de424ec2bfb1993770
WT blade defect dataset/Annotations/1001.xml,540,f2f383ea291e65ac18416aad31edd33e85803cb00a6fb7c537533e9f1a8e3b3a
WT blade defect dataset/Annotations/1002.xml,546,8d820c6187bf665441d2638b97eebedff657311bc88495b73387ae9488ffbe85
WT blade defect dataset/Annotations/1003.xml,540,4ed86fcf7a3993debcab6f2db380b673786f409d48133fd0d9d3aab936a487eb
WT blade defect dataset/Annotations/1004.xml,764,a0ef3581a5090ddf5d0aac3cfade1bfebfe9c13109edd92e4369fd3b26673423
WT blade defect dataset/Annotations/1005.xml,540,e550a5c925b9b0999d72ed59b324cab969c1021fe796708bad17c8a212fdfc5f
WT blade defect dataset/Annotations/1006.xml,538,dda016e57781c31b80f04a583feed213e2331199c051f3964f7c470af45e8c43
WT blade defect dataset/Annotations/1007.xml,542,20dc33a2aea3b7e42a6d8784a130ea6ecce6ececaa0d070c60d15e45d707e341
WT blade defect dataset/Annotations/1008.xml,542,64243ce7853a45ca7307d809b54fc52f213c19bea3201b3d85d511fb25c8d398
WT blade defect dataset/Annotations/1009.xml,775,85e87df0a8a5b7ad92e818d91bd7a205aebde0c8a4e1fe8ba815d6b3da48d987
WT blade defect dataset/Annotations/101.xml,540,0ec258a70f783d0d0186c35319dcb1a95b440b5a29c91235287643b225591e20
WT blade defect dataset/Annotations/1010.xml,538,7dbc60c4856da5744b83393e3fd6bae243bc742ae6fd9de921418e54083ea226
WT blade defect dataset/Annotations/1011.xml,531,cb112c96c0cafe3c64792b41d6ae70cb2b1d0547bae7dce995f81e1b1cbee5a9
WT blade defect dataset/Annotations/1012.xml,534,9ca163dc17bc95110ad84a87a84dac02665afa65ad5a9d6dc710d8dd788ffab8
WT blade defect dataset/Annotations/1013.xml,540,5d5d8d0b0de92b0f1ad0c7b320064e23ce6c7ff5794dd921469d702942394527
WT blade defect dataset/Annotations/1014.xml,767,3dd916a53a08cfd8e0dfbc13e7d5afc7d383da1c64e1f10dcc7e67575bf6d91f
WT blade defect dataset/Annotations/1015.xml,540,b3720de8ca356edebf7040eea56a611734fcf6384bf9a9c6054fbfee389d10c7
WT blade defect dataset/Annotations/1016.xml,534,458acfe2a070c91257a39d6e5e063cca2b6537405dcf928b5eef4929bc1c8f1e
WT blade defect dataset/Annotations/1017.xml,769,067a197402e657b73db2f1eeccfd139cf10bd50aff8e17325acd1bcea9e32fec
WT blade defect dataset/Annotations/1018.xml,1009,481d00c229d6800167c86941b5616164a087ad498ed310e8c00e2e5b55a50a53
WT blade defect dataset/Annotations/1019.xml,541,7a187113dc3d15f865530d9d3dc1243d5a23a38bb46958c5f028ae71eaa97756
WT blade defect dataset/Annotations/102.xml,539,40cf303972ea3e56f38ad898bacf46eb950b4111e1fd38de0bd6e78c3ba66c3b
WT blade defect dataset/Annotations/1020.xml,540,e61a81f23d64a196e3ffebfc265d3f806812c3fff8891ce5707ed7d2f6a0cab4
WT blade defect dataset/Annotations/1021.xml,539,9551c7703151a078a3b0e2bdf59636196f08c1514d44107b3fc0bc5aa290037d
WT blade defect dataset/Annotations/1022.xml,1009,7ffcee07d939bb9cb88695e5845fd48a94eb1661b1070aee8d9295f40aa02729
WT blade defect dataset/Annotations/1023.xml,538,ec442b4ecdb3d87b7b0c2a332daab1c04c5ef01bacb406a501592b7081ebaf59
WT blade defect dataset/Annotations/1024.xml,531,cee48cad0c46d88104f4731cdbdadfecb148a191dbf58018dfc5a7cd9f4ba699
WT blade defect dataset/Annotations/1025.xml,536,f9b4aa18bf9480d192d0067d3319f4a0b8391b1cc9b092ffac3ea6ae1d3c978d
WT blade defect dataset/Annotations/1026.xml,767,17dca000c471e75dc60fb7336dc63afc1041a48a03f7afacdc7f4debd547e695
WT blade defect dataset/Annotations/1027.xml,535,0664adea7fc624aaf03eff076444e25f1027304738a521b71d112d499b693757
WT blade defect dataset/Annotations/1028.xml,539,bffa3a0199ab86955f801db1a6aa772dc8ce398c887078829181d467baf432cc
WT blade defect dataset/Annotations/1029.xml,541,c52f2cdba7f254332a165da4b7111e655a69d26b30a39fca2d84c15b16b75e46
WT blade defect dataset/Annotations/103.xml,530,627350ecc003701a09a2344a3da531c2d6f6dc572318d34e52b5af968001896e
WT blade defect dataset/Annotations/1030.xml,532,411e0866a00be020fd08c01f8737a42c94c5b30b935086b53878dff946cf8d6b
WT blade defect dataset/Annotations/1031.xml,535,db48bc55ec476892a2453f5f6eea055a3898849fa9bab0227404b15aef2515e7
WT blade defect dataset/Annotations/1032.xml,536,0eaf1e01c152d9eaef971becee95f85e40625d1ec4abc85842a44bd369697e0a
WT blade defect dataset/Annotations/1033.xml,539,2dd70695b879b760f8bfe32d9f4bab15db20650f16ae398e51dd2ecc6b126ef3
WT blade defect dataset/Annotations/1034.xml,536,78ffc01871bfe2aa857a2a9ebe9618f6ad9345e99b90d437660ef48e9486a7b2
WT blade defect dataset/Annotations/1035.xml,530,4782dc6beb6441c28ecade8036e19b5e8693c3edf6ced79e4198eb876cc0a65b
WT blade defect dataset/Annotations/1036.xml,531,c215214258ff699d89618c0ff62c79f96c293441f7348a6c2e8c49679c6dae06
WT blade defect dataset/Annotations/1037.xml,535,47eefa9464e09ef2abea8c8b28a2c85f4a5e5356f1e9dff492438746df2e530b
WT blade defect dataset/Annotations/1038.xml,530,669e9a0be4f4e840954ad07892e19c59b9b184b598d583781029499d8b343d20
WT blade defect dataset/Annotations/1039.xml,531,d01c844670cb2f453a453865dc5f739be5337467ee85b6538014112878de963b
WT blade defect dataset/Annotations/104.xml,531,ef162c7a3693f43f3c10f15d8ce068db568ac96c6e8140cb4d8dcd05ffb8505d
WT blade defect dataset/Annotations/1040.xml,758,34e5b75cbacdf9efc171f59f58fd098b6b05a73905a258c017d098469aae8d77
WT blade defect dataset/Annotations/1041.xml,762,75347d50fdb0881b34818f400922cf4f47f309032b192387b5d1ee2fbb9cddb7
WT blade defect dataset/Annotations/1042.xml,533,4ed4a3a370fdf0cf2e67797398c5d38d5bcda890822cc27cfb3cb67c4ce6282f
WT blade defect dataset/Annotations/1043.xml,534,d9b3177164b4771b9212e7bbb302c26acfeaf54e06bac5968b42eeffa33a6a94
WT blade defect dataset/Annotations/1044.xml,536,0ab0bc3be68656a10682544e65d8905b47a537052ca5a70821c01f2b0c3a9afd
WT blade defect dataset/Annotations/1045.xml,535,303a04f675b946710b99465de7e6e15d9bd7a8b3431ac006823b52b272255290
WT blade defect dataset/Annotations/1046.xml,542,679a5148790e65e52e1ec1c5cf6c39ce5b5ecbc61b4471917bfa3ad0265c9a90
WT blade defect dataset/Annotations/1047.xml,530,0597e90a3b77eef6f4a95e6e55f072a9d614525b4d86d3e320c9966c7747b90d
WT blade defect dataset/Annotations/1048.xml,537,030d42cf12b1ea48f2ac3eb0efb12842cc3bd14f52d399ecab075a166a9970ff
WT blade defect dataset/Annotations/1049.xml,764,e9bca86139c251acfc7358cdb53f3b93bee619ab906e04e580ccc880f9d38683
WT blade defect dataset/Annotations/105.xml,540,3d25029614f86a687e79eae8fce6561589e68d76d9c0c033abcac2ea80b73995
WT blade defect dataset/Annotations/1050.xml,530,4f3c10e6e14f182e2f967248f057cbee5f65cfdd20315baab09edf10c498ac86
WT blade defect dataset/Annotations/1051.xml,529,aeec7ebdf390907759e7e4944a69936441f4f5cca54629ee16accbcb1be5f23b
WT blade defect dataset/Annotations/1052.xml,773,31a87e8135dc061743b83d9edef025ddd6b5528f5443598fd0c5432a6871415a
WT blade defect dataset/Annotations/1053.xml,529,0ba6b7b4716e7a9318f8f1786b019b0b3d72335d7e476f64830e93fc72d03230
WT blade defect dataset/Annotations/1054.xml,529,2fcf874fe3ae784032b924f04bc4f870868f389e39535ef31029d1d8362c2583
WT blade defect dataset/Annotations/1055.xml,526,93e6274942e44aa141bceef9b2602677821e4d2057bbe9fe251b1f765eb7340f
WT blade defect dataset/Annotations/1056.xml,537,4e897e010168ea12f3730d6e836d5b1202143184e3f76f43a51761a91ee30e94
WT blade defect dataset/Annotations/1057.xml,529,22719c056e1dc29cd121402b6dfe8ace4da12a996d7720d7edc460cee02c033f
WT blade defect dataset/Annotations/1058.xml,755,8d5226dfb467b696742e030486f290a69a43d23003060d467eb77964ca69c132
WT blade defect dataset/Annotations/1059.xml,532,9bf537e8eb270cbf77b52134779d14d85cec5ca313c0ffde5cb7e70829079e71
WT blade defect dataset/Annotations/106.xml,1947,ab53f8268285ad72153242b543748fcd70d9205017b5a7752a05f34651f1f4e4
WT blade defect dataset/Annotations/1060.xml,1015,75266062711569057cd6bf868ec4d5aeff18192ddb16269d4728b75ecc09ad7b
WT blade defect dataset/Annotations/1061.xml,542,38508a9fcdaabc0c0542d5d587ba98576af7e3548afe3006b47dcf6f57eee866
WT blade defect dataset/Annotations/1062.xml,755,c570be9efad824b8c89b495bcfe506def49d9f116686a3cbdfa3e8e5c1d08ace
WT blade defect dataset/Annotations/1063.xml,776,491ece7de5e6940282cae1d984f1296b5d9336e500f0c2ef5b547eb5ddc3dd87
WT blade defect dataset/Annotations/1064.xml,542,17e043351d1b2eab817ad54c8ca148a749e051b6d11c0947338e9da6049141c4
WT blade defect dataset/Annotations/107.xml,756,99d675c34b812a60f38db82302e8f7e96c7be0d9b1c3f0e2ac8bd457ba92883c
WT blade defect dataset/Annotations/108.xml,1007,f5ab01412082a03e41bd26ad3aff2a66d4eefab669e16f628edf5ddf600a24ce
WT blade defect dataset/Annotations/109.xml,540,aff5a0bf3e596419bb30091d3320301d69e2094b1cb6908f730ed09585af9938
WT blade defect dataset/Annotations/11.xml,538,1676bbf472b869d09f2550d8ba09002317c39f50f5ec2bce0a8d371d0ea95653
WT blade defect dataset/Annotations/110.xml,539,34c817046111b9bfbbf109d7d2f7683131e18577bfadd0587c019ae2ca3370d8
WT blade defect dataset/Annotations/111.xml,531,0a477f2f3381b860ed1f0e7ecd2e0f464750881a19545e29a4ff0452ca63c566
WT blade defect dataset/Annotations/112.xml,772,79a40ff589056a35cd7f086b0045e2dcf5298358f0d105bf0313aa67aaba0f4a
WT blade defect dataset/Annotations/113.xml,764,270af4a7ac64aa677f3e911b449b5b3dd66aa70482576acf378961ed4188e51d
WT blade defect dataset/Annotations/114.xml,766,68dd3c3f3083e84319b966261927ff3c83ae7f6cad7bac1e64741b80e1d75ed0
WT blade defect dataset/Annotations/115.xml,764,7597dd82cdc4284be075e8d65f4bab975a349b5c654b09409dbaad56a0750444
WT blade defect dataset/Annotations/116.xml,1001,c6bddebea58c5fc36514d6e8c3ad2d78e8db3c04bbd5c2f17faa5b9b14f53845
WT blade defect dataset/Annotations/117.xml,542,d0a9cc1797d220dbe5f14e0c3df5d6876d2900ff81ecc448ab7a33136c4e470c
WT blade defect dataset/Annotations/118.xml,541,515d644bce7ab3979772b175b84fc1d216c3d35f442007d5cf6f4ed3bf9c2135
WT blade defect dataset/Annotations/119.xml,548,8f134f9e4519c2740182c46b275c833fa2f1d7692599e0c3fcb3fa26339ca867
WT blade defect dataset/Annotations/12.xml,527,6f2669efab6dc2f20e0c92e148896e797d4364dc737f9dd66183036b61218bd8
WT blade defect dataset/Annotations/120.xml,534,2802663076511d4508fa40a753e4e99a9ab9718c84e3202b60c5644004dbf374
WT blade defect dataset/Annotations/121.xml,536,4d7942f0e6ce8d9ee2db69334c82560c412213a8f497d0687f658ad92e1b7b50
WT blade defect dataset/Annotations/122.xml,766,6e44e7fc6dfdc03e61337534e6ff1bd6e85da45850446faf65d16be464905840
WT blade defect dataset/Annotations/123.xml,982,c4dd0775c8b542fee98073c335d82fbb95db79a8556265561e5e4fb50030cc4c
WT blade defect dataset/Annotations/124.xml,536,43fd2c46c27353b7b037deaa26e94e66a69cb275d96bf4669df468668298290d
WT blade defect dataset/Annotations/125.xml,768,a83453d01dc4bdaf32b4bc697516eddbc154686fd69eff8f6776c76be065ee2d
WT blade defect dataset/Annotations/126.xml,1216,38df9354b3d98bc26faec5f5eaab16bed21c64e006b30b7220d4869e9e9137df
WT blade defect dataset/Annotations/127.xml,778,bd2d0f3bc203cd391536a3bdc502bd286b5b8832867497ca559d466f84a1e790
WT blade defect dataset/Annotations/128.xml,540,8ba3634f0ea431ace784384b48ccf18703d27b3b4f5530b05af16f26df99fb43
WT blade defect dataset/Annotations/129.xml,534,13e6298a3c30c0dfc47950ba02f294c243ec3c54c38490320844393220801594
WT blade defect dataset/Annotations/13.xml,764,64bc3da7ad1b2d4ee6051c819a63ff5b2dfe73b6252c4316889f7b8959940e6b
WT blade defect dataset/Annotations/130.xml,755,0e6175230df6bfb13715595862a6a40355f1ed17e7b1c385e4f23a9713fd71ff
WT blade defect dataset/Annotations/131.xml,540,b4ee3ad9b7233db6ae567f2af81436dcddb4f04d960b8946cbea281fc13a8e5e
WT blade defect dataset/Annotations/132.xml,765,7d011b209c7cf2ba6e807b64640109483ff633eaf6dd306b0ff58feebde263f5
WT blade defect dataset/Annotations/133.xml,530,e5780a9b792b577602dcf659bb1ebffbfba210d92d4d30faf32d7a10fe217f31
WT blade defect dataset/Annotations/134.xml,531,7579bec08cb3ba490e045f6876c5dc711df2fa5650e49f5cb5a688409f452be0
WT blade defect dataset/Annotations/135.xml,980,fbb407a7998dad986f7b670805833605d4d526ed1739071209df83606e0fb38b
WT blade defect dataset/Annotations/136.xml,531,377e369f95b5d0633d9dc1cdae574596c3a11496eeff909d8d871d031bc3ac78
WT blade defect dataset/Annotations/137.xml,530,d0fb88030871f22a316e6fa8b5345a1d6ca7283daa894c395766f4d041f8106c
WT blade defect dataset/Annotations/138.xml,533,a47f8393d09a664387c65f4bfe961e6622ac63872e840bdd0a726fe3902d1bcc
WT blade defect dataset/Annotations/139.xml,983,d370d6d4c45a5c399ee3efd9a0e41a15330111e8a95ddd19b8920717a15fe6da
WT blade defect dataset/Annotations/14.xml,768,3316a9b3cf0acb88b8a8c0c86ffc0fcec2687bc660037407f4632870852652e5
WT blade defect dataset/Annotations/140.xml,767,20a5e2e367764cbe3e5de1bbabcc12be11d3d505f3a43ccdcb01434a6b2ef319
WT blade defect dataset/Annotations/141.xml,532,0d76cdf7e4eaba640a29c91a46b238eb38d8c933eacb0683911f83765f6816eb
WT blade defect dataset/Annotations/142.xml,539,0325dfd8df9342c26de75a3038600459bbfa1b8a15cfd6443572d33ff3d23062
WT blade defect dataset/Annotations/143.xml,531,883a47987c6007ef891f362c6fbe53a351e183bfa5708d1e6e37ac49f9db5869
WT blade defect dataset/Annotations/144.xml,1226,1eb725dd7ec8b4e5d52a17b2516f9389ae3d1e01c9def8ed34b363936d801f1a
WT blade defect dataset/Annotations/145.xml,540,2590d0e6ebac624387d5375d0b347fd5ae2a944d7b06958e2b90354bbb729aa9
WT blade defect dataset/Annotations/146.xml,545,250e3b1cf88471a6ab63f8bc65785ce584598e8e037ce8180808ff74646d6cbd
WT blade defect dataset/Annotations/147.xml,536,63ad21b7e0d63df1cad7edd542b29546a093ce424cf993fc0253ea8a0fb6384d
WT blade defect dataset/Annotations/148.xml,767,07b934a1816a8fda9500f224a1232e42c0ce8da21ee293b0b08d56e20b0673da
WT blade defect dataset/Annotations/149.xml,539,06f4a68d831d25fb6b9172b428a37f7ad5acf9dfaedeea21744529aeb1e93a32
WT blade defect dataset/Annotations/15.xml,529,80ecae40425ba2d48651e819b84f27aee636e8965bd38c95620a0a8a07af179f
WT blade defect dataset/Annotations/150.xml,776,109f3267938c048465c98dfcf9ccd84a50548da706c5536bbb7378768e3c528f
WT blade defect dataset/Annotations/151.xml,536,68e1e8e7969043152695912621fc77838aca12135f5bafd99801691d38ac3ab6
WT blade defect dataset/Annotations/152.xml,757,f90e5db78bf19ba895d6709122e5fbab89e9b4bc2a05c49ff46e1593065b43f6
WT blade defect dataset/Annotations/153.xml,542,41de45e6e61f1ba60ebc593d87811037eb8e55d9dbb78f022b0d80856d95520e
WT blade defect dataset/Annotations/154.xml,764,07e0108041671847f9de05d2140eb3fc078bfeb7cf3556e9f6b55c29f5252d2a
WT blade defect dataset/Annotations/155.xml,1488,d6748ce6e544208642f2db99fccb41be40efd2e8d3d8b3428418d87cfa090319
WT blade defect dataset/Annotations/156.xml,531,29fcc0f1992f3f27880c3c784669aac5cacfeb2e62cc0bf49e206b3ba92f84d2
WT blade defect dataset/Annotations/157.xml,531,67b3159999f7d2ffe3fb634eb0a8fba769af34ed48883a3307151b364c47451f
WT blade defect dataset/Annotations/158.xml,770,3871fc9fee959dab299f4e5b028de6ad9877834b8777413d893d6d263802c459
WT blade defect dataset/Annotations/159.xml,531,ca3a94df4465af98ef7b166be6db42169154144a40cdd0b8b9e086387ba21d22
WT blade defect dataset/Annotations/16.xml,529,2a809f1241c4fde4148e56cf4fb89059067a620942b6c11a9bdc7b1d6d42c280
WT blade defect dataset/Annotations/160.xml,535,469e07ce9b5104e52f2958521443b698611620226b18617c95af3e1a9b9295ba
WT blade defect dataset/Annotations/161.xml,534,0b859d9c05529bd4290e72dbff38f4bffc093606099386118cd78eff068846ea
WT blade defect dataset/Annotations/162.xml,765,00739d452135e55b5bb130baa150252c12b3b1e16e14b1bf5a9de6d4433a7bed
WT blade defect dataset/Annotations/163.xml,545,6cea82c6018d5c1e3a73f38dd95118a20e215942d91238b43aa8acf9bd232cdc
WT blade defect dataset/Annotations/164.xml,531,ff0b246ead757387dc6330125a0607e2cd30def44ef84480aef32f3a11558954
WT blade defect dataset/Annotations/165.xml,765,9039d309a687ad5d979d87d944c314ec4a27f23feefacac31656f2c7f2d2624b
WT blade defect dataset/Annotations/166.xml,531,8db207aaee4be99683b911dade43d40907bcddc6b2586b0f0381a300e7b1e5a8
WT blade defect dataset/Annotations/167.xml,754,18e5f1d209551209a82a3eceb61306de8570f96b97ecb0b91e48a4cc27a5073a
WT blade defect dataset/Annotations/168.xml,531,74f033fdec4ed32a5100a97ed0024f7dbd39f9b5ea782799a96089cc92173a33
WT blade defect dataset/Annotations/169.xml,766,30090b7644561bbcc72e98f9d51257c8686812258349dfd9ff9cfba2d707c84c
WT blade defect dataset/Annotations/17.xml,535,00d7b8089f540ab0b3b56c7b5f3f58141b946415b6250a2c1f89a85bdef6c4ab
WT blade defect dataset/Annotations/170.xml,992,4ef63e538bc40eb9223b1bf55492768078914f867bd8465a059dfdc65f25b946
WT blade defect dataset/Annotations/171.xml,766,2c341b87fa1fcda99fc63e4d7a86584f86688400050f4e92ad8ebb90d2875870
WT blade defect dataset/Annotations/172.xml,758,bd341940dc7f392aa2a15bde777e9b233bc054844636e40d2a0cebbf5792e2dc
WT blade defect dataset/Annotations/173.xml,531,6b12267f706e5d7bb60406e4759e391665225d4601eb59c188213db2e7e91322
WT blade defect dataset/Annotations/174.xml,531,08c959fc87af553192d395fbdc3a2bb7534cef2274a10df345ee14f399cfcc0f
WT blade defect dataset/Annotations/175.xml,979,b368ad08c877f3b6f5c9f889db49aa8fcdcccac454b353dd9c5ec3f9520fd52a
WT blade defect dataset/Annotations/176.xml,757,2a3e8f4ba15fc81a403704bdb3281ab777c8fda22851bc59edefb0832c9b7579
WT blade defect dataset/Annotations/177.xml,530,ac46c32f3386b7f692a64bea3d9332562e7388656aa747f86c3892140bf7d6b6
WT blade defect dataset/Annotations/178.xml,1008,3129630eed3069c739e449b1202a5ec962883185fda7bf91e7a62a0ea6dfd9cb
WT blade defect dataset/Annotations/179.xml,531,d4b717eb38cc8fa154f1c50cef850a528867a8a25df9500f94cb144c2ebc76aa
WT blade defect dataset/Annotations/18.xml,530,b41317afb404fd5c61f3c94c1e882ecb1a0640d63ce8420647480e226211b9ca
WT blade defect dataset/Annotations/180.xml,531,f16470d5c7d5b6c75e28ee0e0af9e4777cabfe38c8b054230560fe07d60fc9a7
WT blade defect dataset/Annotations/181.xml,530,717460e679bc725e8a81f2842997f8c452f20771aa218ba8bba7eaf73a726b05
WT blade defect dataset/Annotations/182.xml,530,5ceca57119b55eb878c6d3640cabb976aab3f9bab8170318f6afef1074819c7a
WT blade defect dataset/Annotations/183.xml,756,05ea81506a50f71134423d735266e60ec961b08a22a24ace30ec5e406007db79
WT blade defect dataset/Annotations/184.xml,755,117265285e1eea967fb530f7753a20b6a65d1b5b79f9b90cd7a00dee73670303
WT blade defect dataset/Annotations/185.xml,767,8ef83e0549aaf2c4f89904527548f987abd0f237d181d152d77ed10f3e2030cb
WT blade defect dataset/Annotations/186.xml,538,d37e3531a44eee202b0a1ee51023753516128d6367fac3015990f9b888c6a5f6
WT blade defect dataset/Annotations/187.xml,756,55f8999968c7ad944573867ef51138b94e332c57200cc4377fc7edb91eef0512
WT blade defect dataset/Annotations/188.xml,757,1c27dbb3f9fae95b6eee86ff10b66b389e0df60bed31e41e80c5a72f2a7525db
WT blade defect dataset/Annotations/189.xml,531,8beb2a006554efdd44943b57aa5ad0ba702692a470f96040d9ff3d753aef94e1
WT blade defect dataset/Annotations/19.xml,773,66c75636f88525f1e9ab7a86f24b4e3809a8a2cdf33c1a1d5e0981f287156d20
WT blade defect dataset/Annotations/190.xml,540,553d95bf9d35e7b8841871bfa26ca7202f92e46295b8e771db3644c1b2b19664
WT blade defect dataset/Annotations/191.xml,539,bf7b9932a11c4e19ca8544d4148adda7f52321df2c231d4aef9027eb9000f4f6
WT blade defect dataset/Annotations/192.xml,1002,5f5739964a6cd6fda40f4672d28c0be66fa1f736189e94b907e09188205e1d56
WT blade defect dataset/Annotations/193.xml,531,0a662d426e77f0fc4a490c28a660ecad8fb1f62af7c575d59e983a5aa3d8b619
WT blade defect dataset/Annotations/194.xml,773,bd2c5bcdba8e1dac5c06c41b560ccb65ccae318850d480583629ad3eadf1d53c
WT blade defect dataset/Annotations/195.xml,531,e58582e84549b0325a715c9fbdf17e9dc5aba2750029bd1ec16693414e34ce03
WT blade defect dataset/Annotations/196.xml,774,e2e9fc8f83a68ba99e64ecb78fdc8e0ca358a437d14654f953b21f57aafc891d
WT blade defect dataset/Annotations/197.xml,532,af6657f017dc00a17713eb976980656a9a3842c9cc62d09a95d4c9f8542902ad
WT blade defect dataset/Annotations/198.xml,760,e5d4f29d5aaefeb650c87a01f27aef58b7e8601eedbbed5ccded8f520c4ac646
WT blade defect dataset/Annotations/199.xml,531,aa798ef622d46e3d65a351c4b3bf70c1948889589e087e4713f462e41e438b02
WT blade defect dataset/Annotations/2.xml,536,3866aae23ead7431ea5826acd4e59b18bd10c09160238520ab462fd1855dc6f1
WT blade defect dataset/Annotations/20.xml,529,27a7af395d5042be6039ffc55874aaa3506f2fa6444aed062bfd7a936ac9442a
WT blade defect dataset/Annotations/200.xml,775,3bdb7bb6fe1edf5246491ce5afb0f80503af997af6d901248b366ff8bfe7208e
WT blade defect dataset/Annotations/201.xml,756,67a2b138ff93d68cbfa165db524d700f254b37f232ce78ee85a91d10e04b518a
WT blade defect dataset/Annotations/202.xml,776,5bd7a607f65b2b8ff07dad179779dc8332d8c17a1a09949be5142176ae6acc4b
WT blade defect dataset/Annotations/203.xml,756,778f0e4582c8bfee46a53edb39c448405b418d2b0621c63a81f1a512aabfcf9c
WT blade defect dataset/Annotations/204.xml,548,5a24253f50f5782c2bf5cd947a0bd2afe0df54bf5214d4275fb3ae7995167584
WT blade defect dataset/Annotations/205.xml,1006,5b2eb7a9d926a03d883194867861cd1acc7398ba4112824d4806f2bf71383126
WT blade defect dataset/Annotations/206.xml,531,9a6115a40196929dc11cdc271d76e89d237ed09c44fcc07cd5b6ce5650bf0d06
WT blade defect dataset/Annotations/207.xml,764,2742cbe11da8155a6108b2a8f2e7e5bb0351aa1cdcb2ab9098c5281f041ad595
WT blade defect dataset/Annotations/208.xml,540,ef659731a171521ca307ac29c9989c389e8e9a129e30c22244ba2609b45ee591
WT blade defect dataset/Annotations/209.xml,535,842c4128fd337f54be58038d200d971646d021e3d84c1251023db50ebeb2b62b
WT blade defect dataset/Annotations/21.xml,529,e276350458bfedc76fbda475e2a2d0e547ade0d5967e3b495ede99bcf0fc0d69
WT blade defect dataset/Annotations/210.xml,776,d32bd5e5645dfeee1a808a0b9be9ef2dd131763f76b11791c3cb9fc47c4e306d
WT blade defect dataset/Annotations/211.xml,757,e840b54b9085790343383379f6ce94287b1d65c1cb19dea14332019d7b585e5f
WT blade defect dataset/Annotations/212.xml,531,36329d3c1d5555b301a0d107f64727ecf123f7efad175b2d785a413c5e50e2c8
WT blade defect dataset/Annotations/213.xml,531,6b10d91963c1cfe6a4e5529086afbdaa65ab1b0a66e632c7507c7a60e0678d5b
WT blade defect dataset/Annotations/214.xml,530,907490e19ea480e18768856fc7a4417c5c7f3301092ddfe4db02cf3905d347ec
WT blade defect dataset/Annotations/215.xml,531,cca366b80651c3bcf90abec8f4d955c274ea613c1622c53e9e1d6661e3d3b16d
WT blade defect dataset/Annotations/216.xml,531,fae6edb947ec3b4031b2ecbbacdaed36316a55066ff794f544018144b9e006bd
WT blade defect dataset/Annotations/217.xml,540,aec15fe8b2b4d7d953ea0fb47115a106bf8cf44fa4f5e0237f5f6c423e48320e
WT blade defect dataset/Annotations/218.xml,764,b90153ece7983ff28ae92aa5e271f7d268bb851c6cbc5ebbd792a79c72f66d60
WT blade defect dataset/Annotations/219.xml,982,f20e24104c73c33ee2b30f88bece4f99a37ba89860ef9ba2d2be5311763c54e7
WT blade defect dataset/Annotations/22.xml,537,9f404e7bc39ff184d5dfc3a85862970f3a90832085f0b7ae8e8824791daaf8c2
WT blade defect dataset/Annotations/220.xml,767,02c971b9bbc338b0e3afea330b555b8307e1fd5fe5f7312aa086d47373dcebd3
WT blade defect dataset/Annotations/221.xml,758,f3941a4259d57a71dc6dd28844a7d2a292fb50b3a2b43b578ae2b7dfdc2df83d
WT blade defect dataset/Annotations/222.xml,775,6dd4ec33c763111d42c7d4342ab112a1295ee759ff819c2497cdcadefe7f41a9
WT blade defect dataset/Annotations/223.xml,539,a0ad4d9341ec278ad556dfaadb2c1d7c1835e8c49db0c967d9b4d8835eafb7a4
WT blade defect dataset/Annotations/224.xml,535,9b0fc139de512df05246d8cbc2d94141514e619dfc6e3f49e9cb94d5f369cae1
WT blade defect dataset/Annotations/225.xml,529,a9c1b5b7e00ab4b7ef496dbf5e3bfe61574e41ca4bf600dd4e06656ae76d38d4
WT blade defect dataset/Annotations/226.xml,532,2dbd629c5e3822daa90adcbc8abe1d02795fd82a48dbadff7890fa45a6aad542
WT blade defect dataset/Annotations/227.xml,536,11b83a95143dcfbb3fa59ac34b496060778348c9fea627bd1aadf6b1cc1f8661
WT blade defect dataset/Annotations/228.xml,767,afc8c4d8959eca51ca22b77611ef33e7b5afbd596f17e43e7cd2cb8239f2c7df
WT blade defect dataset/Annotations/229.xml,530,f4133761896c9fa599809fe6f48587d7c2f13b541efaa625b773271af75627c3
WT blade defect dataset/Annotations/23.xml,529,b62f90ddecc4acdea871b2c4a7dba0c50846480d834b2705adc903b19fa4231e
WT blade defect dataset/Annotations/230.xml,765,0aba3feb28c7e110c587ce4d4fab99556722fae8aa9902cc6bb79edb8c26c0b0
WT blade defect dataset/Annotations/231.xml,531,31b1af00854b28fcf08742cd90f4bf59977a31dc0915f634b319247d2a41658f
WT blade defect dataset/Annotations/232.xml,539,594e17872dedf976e51e3e776bdb6564483b44d10e72e58b04253d1c7628ac39
WT blade defect dataset/Annotations/233.xml,757,8e831fd3ffee4cea8bc474e0ca2a4fbd7addc03414d16e6dfadfaa4768365fd0
WT blade defect dataset/Annotations/234.xml,1472,c7e61f2a1dfac1ba139fbaf8e9515a70aca0fd6a40c1b66ec04a41f4701fe0d5
WT blade defect dataset/Annotations/235.xml,531,fc81928ce0c86baf6593b481849332520968e14d357cb78b26e6c0e3bab9e3d9
WT blade defect dataset/Annotations/236.xml,757,dfabd083916e18185ce53e9eb39e23b259627f700c0f71262791b371162dcba5
WT blade defect dataset/Annotations/237.xml,771,60a7a80e4103a09bd6c06fa1ae90a43d8754849c7ee1546d6d36b659e2c526c5
WT blade defect dataset/Annotations/238.xml,756,2339ebe771b18a3ea898179d2fcf807bfd7da191a9602437242d6434d64cd8d5
WT blade defect dataset/Annotations/239.xml,764,2b478d1096a34c85c8e8e0025599f7c1b1c3cf1f25fc90daa9e398133c818824
WT blade defect dataset/Annotations/24.xml,529,67220bc9f51ede9734d69e161fea5fd42d1cfdd79d3619d26a7a748e9ae5698c
WT blade defect dataset/Annotations/240.xml,1228,d9ed5b8a929f36655c0d15e571bc3d99726943fd51212610680ed3e219730446
WT blade defect dataset/Annotations/241.xml,536,23f22b9179cfb33b8efac111214275e137f601703f6916905e380fd58f76b292
WT blade defect dataset/Annotations/242.xml,756,ba079d23e635404908bf96985d42295d22ba7b663fd0c6a1116eae847b5f581b
WT blade defect dataset/Annotations/243.xml,531,e88324f66aa51d74fbb5d57eb402994b424be62dcaf55b9b8f70146723ca43fb
WT blade defect dataset/Annotations/244.xml,536,79e785507a4df6b3423b982667d3d2ffaa9e9c161fd8e2555ad23017c1359060
WT blade defect dataset/Annotations/245.xml,774,7fd4271d6526760d95683155f0976205c05335a4184052e4906d252e46116831
WT blade defect dataset/Annotations/246.xml,540,fb045f72859aceebe8f9b53d7619f5a1472223891f0259a36b84f43643f5e8f7
WT blade defect dataset/Annotations/247.xml,540,05b78876b52832ba932543e4b54b7c959215c6c303f769339ae236df21472efe
WT blade defect dataset/Annotations/248.xml,765,92f8f353ad7342542cb7e9132be1e544ec81dd3e6119e5ec01c29db6a2f5f962
WT blade defect dataset/Annotations/249.xml,773,8465018c264fd0bd4b0926f8b8ca2bbb2e035feba22405b7045363b5964b0853
WT blade defect dataset/Annotations/25.xml,533,6162382a716bfa24e5f9b1d2a4817624556f58029a31f4eeb291ddf2b872af5a
WT blade defect dataset/Annotations/250.xml,531,ae6f19d4572493bc8bdb2e3a34a3ee09294f136bbebb32c035a30efa12661105
WT blade defect dataset/Annotations/251.xml,982,13a34bab0ef186563de967fdf2fffdddc05d366dfc0bf7788885af87fb1d0ca2
WT blade defect dataset/Annotations/252.xml,531,8bc679a60082830651e83f0f5781c2e6e1d74cffd26d061c14d3b847473c216d
WT blade defect dataset/Annotations/253.xml,531,464ac1f4d58c3817982d106e682b7de2e799dec64ff3b1e1138f181eba231780
WT blade defect dataset/Annotations/254.xml,536,56b66665056a123d4123aee034c488f7ac5052a5f3549128821c6b56852758e7
WT blade defect dataset/Annotations/255.xml,774,0b8dbfe210a14cdd12fc8b8dc48f482a72b5064dde249bf285b6cfec2c4a3653
WT blade defect dataset/Annotations/256.xml,1704,f1782f494dac4eedb94fcf691b55c6e04e98eb254a464fe2a35640ec1020b6ac
WT blade defect dataset/Annotations/257.xml,776,bfc3e68c0902011b9aaf24eaeb85212ef5928243d6a5a9e5df1eae8fa70eeeab
WT blade defect dataset/Annotations/258.xml,531,959db2b631f641325f14a4d84b41ee828c7a8f0ea626f23a3090b08d9d310237
WT blade defect dataset/Annotations/259.xml,540,b485ec04d743155fb242d13c914978ddef188341ff8dd08ca052e1b11ee5da8e
WT blade defect dataset/Annotations/26.xml,528,b1177eac7619ceb74056d4197257bf81a3278e739b4e6f5a0fc114e26ac2a2ac
WT blade defect dataset/Annotations/260.xml,530,89aa0b762a8c95b44ba678c606a0fa9573afae3efb38f6cd89d9eb5c4ff5d357
WT blade defect dataset/Annotations/261.xml,530,aa6008f0cddf8f6ecab20a454ea7250f05e6d52b6d9550213d5702526c877158
WT blade defect dataset/Annotations/262.xml,536,41d22f4b04b758886d8cc02808cc67811bb43375c4d331a130dbf85f4ab66e0b
WT blade defect dataset/Annotations/263.xml,756,e1d9135fe2fd02cc2cbb151bdc7958fc57a8307cb548dd5233e99d74b7e238c2
WT blade defect dataset/Annotations/264.xml,530,1187a132904a9fb7e33b8c083e65ac27128750cec755e2e6455172eefd06c6bf
WT blade defect dataset/Annotations/265.xml,764,4fd1f99b2b8a8e817ef1cd13765b7b6d15dbb87ddd345486a04528245cc594c9
WT blade defect dataset/Annotations/266.xml,765,b68ac2a5c980a22f7479faf3f90e3f1aa3efd14de704856b4ae19968c5cd82e6
WT blade defect dataset/Annotations/267.xml,754,b874de3ef92f7b268a31090513f47b303e9e3999de729ae90069c4348e04f8e5
WT blade defect dataset/Annotations/268.xml,766,ee6d01d697191f387cd939bf74d23d90fddd78aa73d5c2f396e91c59554c34cb
WT blade defect dataset/Annotations/269.xml,530,5eabb9c882e693523278f7e45d2bc74181b148f319592e15d3f9aa6d4fbd5795
WT blade defect dataset/Annotations/27.xml,1006,9e24872b761a2865eaa93665af379e3fe96593ffac1d2c54a7dab46349137c64
WT blade defect dataset/Annotations/270.xml,531,33c8ed01d62c7f9579eb05c17f95244109e8ec766ba76ae2e55ec35ccdb454af
WT blade defect dataset/Annotations/271.xml,531,fc087031755e568c24c8a857289a2855589b596495fa698084e8e2ff2147690a
WT blade defect dataset/Annotations/272.xml,764,212c731fa591db24e0bf9b466f6c7fb2439cb8d1c8d480b32a788322b1f6b417
WT blade defect dataset/Annotations/273.xml,774,fb72e669fcd8127d30e7d46a8ff6b3d6b2e3f3ee381272374edc011d09915d03
WT blade defect dataset/Annotations/274.xml,539,fc7e020fbd710ffd4e459544c475a82d09cdd700629c703aaaf5a5a4c1808ee4
WT blade defect dataset/Annotations/275.xml,531,fd336a0b1d3ef8640423714f426e521e378286cf07e44b8abfc83af6cca4900d
WT blade defect dataset/Annotations/276.xml,765,6c5b4e04b868bcca06416d3ce381fc2ed682203fef37b1c887999194ded99bfc
WT blade defect dataset/Annotations/277.xml,757,c5ba65e41e8bc9022cc9724144debaf3a79c716fd28944f3372412c0c3eb8aa9
WT blade defect dataset/Annotations/278.xml,764,4eced85828f2b726f504b702e0a843618c20c746eeb1eb045bdc2803a81dd559
WT blade defect dataset/Annotations/279.xml,535,ef4ac10629c9f50aeb1a05c75287899672f315941c1681a196c8f8e63803cd7a
WT blade defect dataset/Annotations/28.xml,534,0e2bf8dbb09cc1963ddcf21e9cca213e5fa1af4a8a541669b05933da5222d044
WT blade defect dataset/Annotations/280.xml,533,a4b4c1b8468cac9ac8b8899264fd422dda52905bd8415bc61fbc2d653e6c282f
WT blade defect dataset/Annotations/281.xml,766,b5cb4289edc70dbf6e80f204f8ec17160ec7f35f376d56a96b26436672508b85
WT blade defect dataset/Annotations/282.xml,995,72abf18bc2f5a6bda8fe12636c3461d603385509b7d3b4c61bc6d880e6edbe38
WT blade defect dataset/Annotations/283.xml,770,e434ce237b0b71e9e26829d04d5d7426431115b5f570cfc83e2ad5f9df57be96
WT blade defect dataset/Annotations/284.xml,536,5ac7b023d3a28c1926bce5befbc48596bcc27f7ad036f8bc8a3d861382ee0222
WT blade defect dataset/Annotations/285.xml,784,7b14e8833c1f28b4acf12e18829f41fc2535615d11f7f1ec07d35c4c18b01174
WT blade defect dataset/Annotations/286.xml,534,da4f4446f54af3ed275fe8f32bec153478c1c00fb202dccb5b31f3dfe0789e48
WT blade defect dataset/Annotations/287.xml,537,5ddc659ee382109023f889e680a213bfee98ef1fb46e9808ec8f099ece40d87c
WT blade defect dataset/Annotations/288.xml,540,3f3a9b0cfb22047c2c98f7eb9cc7710e52a4c72acd2ff74ff37f724e70640ffe
WT blade defect dataset/Annotations/289.xml,982,ee754772b0715519c2a767affa6d9f0fb95ca43f61f1e16b14cb530856b68c30
WT blade defect dataset/Annotations/29.xml,542,7fd66e34b421fc8d30bfe29e99c02562d52fd47164265d850294316004812844
WT blade defect dataset/Annotations/290.xml,539,af93b91f6c4b42d02761cc8c128cf41febb87d18e3a69bec2c7e47ccb927c87a
WT blade defect dataset/Annotations/291.xml,533,765997c6722336ad062c7c4e262b8c782b2c87d026113acc66fe255f1251ec8b
WT blade defect dataset/Annotations/292.xml,531,38dba23eb745331a53182872f17e7ce36c21932943b47046d0a41f4ad4dcae5b
WT blade defect dataset/Annotations/293.xml,536,92659e8c0e03143da9d2d8ec1372d5d7348436d7a3b0073182c32b93b6b0b914
WT blade defect dataset/Annotations/294.xml,535,b476229d8c74ab0e88774a1d29d7ebb845bc0c809611735ea9eb94ad10e6c446
WT blade defect dataset/Annotations/295.xml,774,11a7e870140145d7c5582fb64d7f9e9d7f88325a3b3ef3dfae4fd4f885c06b6e
WT blade defect dataset/Annotations/296.xml,531,c476a5161d73604d4ba13f61e227c427a13d5acb0d0f9eb626b96dbaff6c518e
WT blade defect dataset/Annotations/297.xml,757,e2d6e6d8dddc4850342f6c58b59c2b45a1084d0161e2ffe727f7b6beac3019e5
WT blade defect dataset/Annotations/298.xml,765,41670ffb1479cf0100804fbe4dd27c5ea1643e4f6c5c06295b096c5e0e98b5e9
WT blade defect dataset/Annotations/299.xml,1470,f740d70218b2513bab528af1390ae46f9fbf3a8e38372629190e55892de282f2
WT blade defect dataset/Annotations/3.xml,531,4eedd40ebe74d74f5142a60838b23b74211986ada169b74b85587186bda20fa5
WT blade defect dataset/Annotations/30.xml,755,ca1d0c925a452988534ad8668273effe2cbbf2c784868f6e605c5eecf39ff04f
WT blade defect dataset/Annotations/300.xml,536,f02a8a5a4472d995b6052b68dc6549b8a81f8624f4b911efd7fe0df67a1939fb
WT blade defect dataset/Annotations/301.xml,541,2e120bcc18cb638e35f91f8f726f17457a98212287e64e2e6398ab1004a8862c
WT blade defect dataset/Annotations/302.xml,766,4f6bff0b5120c73479226957e81efdcee1846537d748a474b2802638e994e600
WT blade defect dataset/Annotations/303.xml,757,76577bc0c308fb1ec64da0e974c5af26185c4222e65c08c66582889dba2274ec
WT blade defect dataset/Annotations/304.xml,548,03728d6ef69e99bb8d5defdb70d523b27fc942ba9b780d5d30e9b2a129ebbc22
WT blade defect dataset/Annotations/305.xml,757,50d54ab9cccc3eef05f995562e95aaaeec38237591eb0675b9eeb62ab4867b46
WT blade defect dataset/Annotations/306.xml,531,0d9212b8988022355a597f625590d4fda50a131af52d6e95b645109e9b06d7b8
WT blade defect dataset/Annotations/307.xml,765,b42c581f96699da2147918627f5a25027de3133dac49982f114ff8fffbc21fdd
WT blade defect dataset/Annotations/308.xml,767,00cac6d68552584f0985b61c138a7bdece6384bb1d4117886c32f8ebe14a56ba
WT blade defect dataset/Annotations/309.xml,536,93ee48cb435f0fa3b1ff1e90dd7e4a341368428843362658e0a31afa4504a340
WT blade defect dataset/Annotations/31.xml,771,834f989c4f39a481c644f525a9b07788ab50706fa42e5a211a32920737f9911b
WT blade defect dataset/Annotations/310.xml,530,95678783435a16e45f868021ed26fdf6aa7aa4ecb2894d1644e5d9484a32bfd2
WT blade defect dataset/Annotations/311.xml,1715,8ea2dcaab85187b4e69c1b3184ab67b56bc8466ec900f902442c2f9f24e8f8a6
WT blade defect dataset/Annotations/312.xml,757,b7b79657b3f12210ce2fa4095e0e6679d28529f884cd5c1e322d4fa8e88ba91d
WT blade defect dataset/Annotations/313.xml,765,be03502c40ce4a338237e59d02c1c05e9782516a8d723af1c88f064bcc29f961
WT blade defect dataset/Annotations/314.xml,775,19f3ab21ab40267fd02e1e33c2dd4cd3cf02073fe397e5ad301839b02806d593
WT blade defect dataset/Annotations/315.xml,531,1f65789c6459c538b70d0ee0ff195e1da501803ae36e54e46e90a6ac553238e3
WT blade defect dataset/Annotations/316.xml,539,283b6a606b8a73d9f600b799d1eca7e886430a0a8b1346f08704bf2af90a1407
WT blade defect dataset/Annotations/317.xml,762,9bf925be053d7808f60fe0ea8fcb30db3fac6147a79cd737dac3bfbdcc5f0f07
WT blade defect dataset/Annotations/318.xml,531,8b7233432db3d951f5c7436c8b1eee2836162098a9b847bac45c85f4c7cb59c7
WT blade defect dataset/Annotations/319.xml,980,bfd2c6a95015960ba35f4688e204e8f4f3c31df1503468fc0e03ee0a0fb73298
WT blade defect dataset/Annotations/32.xml,770,c87f61914ce4768dc104f302a880b4479cc2704db0c2eee62ce3d9f0b50a7ab8
WT blade defect dataset/Annotations/320.xml,765,11ca65ac6437f3f462041da7dd988afd63ffd079ace240d994190c8e994f84d9
WT blade defect dataset/Annotations/321.xml,534,62d7f87f0279d872e719d878a245472e3bb0dfa4539659dadf91784b964afcec
WT blade defect dataset/Annotations/322.xml,534,7306a28235c92e4a6c63bda668eafff2d1b9ee34c53823afdfdd562664ccfcdb
WT blade defect dataset/Annotations/323.xml,535,a9bcd04477dac6804d17c70ed5f8c290c412b3b44f72352394444cefc90a6127
WT blade defect dataset/Annotations/324.xml,540,8e4a3bc1fafb449137b6253b5a7a13278aef9fe6c53269f1993aeaab154043c0
WT blade defect dataset/Annotations/325.xml,1009,6057c2f7e8b9ac7274a0c906648039d3b3e668ffa0f7695f3f2761e9c37d87aa
WT blade defect dataset/Annotations/326.xml,774,d09d90c8d2ee6c8dc3226e4a5d3f30642361fd9928299202394fe1207f88e635
WT blade defect dataset/Annotations/327.xml,540,64814d015735d559d58249b691e2ba0f93e951285d92a532baf5ae847128248d
WT blade defect dataset/Annotations/328.xml,1715,d55b6645c192298e60115140f381cc2269f540664cb53ef92e635c7171c5af99
WT blade defect dataset/Annotations/329.xml,536,882c5578af299dc7dbe883e36e7d42ac7b2d71df13742cd4accd355b131a7c16
WT blade defect dataset/Annotations/33.xml,755,59dbe25fcf0026830479c8e6f78d7955d050f63d74c8b964f68e9af76428578f
WT blade defect dataset/Annotations/330.xml,530,a9872a66536ae3fc18282c44788510c2f58501fe672020b266e72c25ce73d329
WT blade defect dataset/Annotations/331.xml,1481,b28380277a887ee67d246afd5c730a8fe6d49e7a2d8004c2aeadecf11ddc7b65
WT blade defect dataset/Annotations/332.xml,540,4d7f4f5b879fa220034958f605815880b9ca21dd08028a24853410eaf6810b3b
WT blade defect dataset/Annotations/333.xml,539,9584962fa710f5df01e24b44033e24578461a1b1d65acaf5ff6488640481d52f
WT blade defect dataset/Annotations/334.xml,549,102fae4d16822a9a2180c42435e5b1fb8f86324eff0a95a838d1a6875943963b
WT blade defect dataset/Annotations/335.xml,530,ac85500c84a9ae46ee4e8878ed60921acf1d12300be935ccb97dee0cf6955620
WT blade defect dataset/Annotations/336.xml,548,d3d248821d21dd68153ffb24e034773862a0305fe5b71b8c6c02f80a957b2b1e
WT blade defect dataset/Annotations/337.xml,539,868941b10756dee5e83f5ba663d5a08d93822debfe83669c195be0af2cbfe3ca
WT blade defect dataset/Annotations/338.xml,531,e0d1a82923fe2248f6b9ec5f2c4dd007d1b5e9698bd9ac7200866277e4c09bab
WT blade defect dataset/Annotations/339.xml,534,b8fe485887031752ba35351c029096605c4c11b96ec6802bec940064af990888
WT blade defect dataset/Annotations/34.xml,768,e1b93d12d2e0e008aec8803097ebb54d35fd641feef477b47615180285f933c8
WT blade defect dataset/Annotations/340.xml,763,a9752c7d573ff33678a0c18aaa5479bfec74fcd48d4464494b02e71e0247b7b4
WT blade defect dataset/Annotations/341.xml,765,382e2a7e1b7acf729b4cf39b5e4dcdce125803c4043f6143f3ba5731c573eba9
WT blade defect dataset/Annotations/342.xml,539,7a052c38c0f6d96451da28731a2eba5807bcbde9ba2e56557ea335370d1cf837
WT blade defect dataset/Annotations/343.xml,540,c5a3e5a58cd9416f14c9ff48e3425e2eae6422f6a63bccfb378e1417a688412a
WT blade defect dataset/Annotations/344.xml,530,bae611d5cb0d73ec1a0be213109d7163e5fee916b172e909ec8c1658326c12a9
WT blade defect dataset/Annotations/345.xml,771,adc210dabaf7db73ab9636ccb5f2d817e8df93bee83a5398fdee6c45963c867f
WT blade defect dataset/Annotations/346.xml,535,56041d644c5c9d09a7ba8f6e8d4d6819621915139009abe0b1f8c054b9c4c372
WT blade defect dataset/Annotations/347.xml,531,477678671df4a04d172c1a5bf6bfd571222c0e7a4b0ddfd0b73b550ef15d23ec
WT blade defect dataset/Annotations/348.xml,757,158dc50c933ce0a5533f8fd3b326270f22cea325d7666533fe093a7a2298a49f
WT blade defect dataset/Annotations/349.xml,530,fe18146768e753bdec2353afb2b83d37dfbda687faf6c0084ebaa3b53d26af0f
WT blade defect dataset/Annotations/35.xml,761,3d905ba998fccd7f5ef3e0b67349b79f560a995e2dee20e01bb4810d04b5fe9d
WT blade defect dataset/Annotations/350.xml,536,e960186e291e4bae6f40ac61194e01942f75541ab4d06a17826b5353b85fa686
WT blade defect dataset/Annotations/351.xml,993,097b5965a551e9f1b71deb5189185b7aa37889de3ad26de36c47b6c6ca98842d
WT blade defect dataset/Annotations/352.xml,531,79afa9c098fab6dd8d9581df249fd446f2f8f732a9243553c2feafa85d030a19
WT blade defect dataset/Annotations/353.xml,540,55dc7f28d4951d10885f64fddfae8bbfbf9cfb805646abd1555ecda35ef3c1a6
WT blade defect dataset/Annotations/354.xml,531,72230b459c61a2d946be6ffe3dbd581a80dad8794fdefe41440af36711fdc96f
WT blade defect dataset/Annotations/355.xml,531,b10b91ff8231a3250400df0938dea734fed993c02fa6d7f46f32c5e31b34e1da
WT blade defect dataset/Annotations/356.xml,539,bb2508e00962eabc26601aaf35e6891b33224c1ceca0eb1d9f4e3505e75ff06f
WT blade defect dataset/Annotations/357.xml,540,bed2304b1ac82a67b88bf230507920f7ac3d76dc1a800da113c7ff2bebdbbd32
WT blade defect dataset/Annotations/358.xml,531,3a41ab4682c799c5a2f6a979639ab5395dd3a9c5285947669119098249c3e79f
WT blade defect dataset/Annotations/359.xml,530,2159752c6077609651186b118ed4cf6f3b1b10935d2f7d7b139e74fc72042756
WT blade defect dataset/Annotations/36.xml,765,d9f73b8931201be1c333df21eb8dc66e849cd4368cb979a66c964ae946d4c874
WT blade defect dataset/Annotations/360.xml,540,02f5ce2be0208fbbc467c37e6cb7debd2c9e919d0dffacbe937fb3333973e28a
WT blade defect dataset/Annotations/361.xml,765,a991b4f3493c672cf4cb076fe05c615a51068b74f631baec456ccad72f5a96a5
WT blade defect dataset/Annotations/362.xml,534,b56ea1f3a7fa0614fe49af77b9372570ebef377b6fe74d7909c8990b1f23dca2
WT blade defect dataset/Annotations/363.xml,540,9e6fbc96fdada41a8c06b04c9ca863c1fa55874f3909e092adf7933b5090a696
WT blade defect dataset/Annotations/364.xml,535,2dfa462947798c73c532299ead7316a2c467714c092728714929c72b141662b9
WT blade defect dataset/Annotations/365.xml,531,96a002dc48488c2a9e8687518457cc52cb75fd8ee68f7622d932661d0e1a5dd3
WT blade defect dataset/Annotations/366.xml,531,4960f618dcb65632d11dbf16fd77dcb06b73f11445f2077dff59e7e937898b43
WT blade defect dataset/Annotations/367.xml,531,839b2474c958d37c9eecf036f080d1720a9cd879574a2499daf2a7dc8cc54042
WT blade defect dataset/Annotations/368.xml,543,27ddc2a153830c1dda276544b3a400580b515c7f367a36966af51aca84a305f4
WT blade defect dataset/Annotations/369.xml,539,4d1cda997709827b03e91c3417b3a0d66e7942f8125d5b171e95734e74440416
WT blade defect dataset/Annotations/37.xml,772,c2019633bd432a8a2067f659d2f0413df6c3534f702ac5d5d1b68072c032c80f
WT blade defect dataset/Annotations/370.xml,994,254dec8cbc4f6f05d3e617ad6ec2875e8af3197a5f970c5a711e14a1d28c8f50
WT blade defect dataset/Annotations/371.xml,533,0374a4a3d86c6fb68096c181624bfc2cfd7dede29844ae0e84cd37afc0da4de4
WT blade defect dataset/Annotations/372.xml,535,b21062d22c8c56e0ea805106297bf1098e16adc300f2be4bc0f5395b9b45f98f
WT blade defect dataset/Annotations/373.xml,534,7f1c06441cc6ab2ee0a4fa8cfa672e734e51651a0dedd5c190aa4513cd9ef154
WT blade defect dataset/Annotations/374.xml,536,8d0bcf769ffa5994eb506a2333ea9ae7ce5d0122cfaa1340792a2d7a6e8ef44c
WT blade defect dataset/Annotations/375.xml,535,cceaee11a4bedcb2beb51239415a9dacf8a45b9f0e0a5c78b5d4cc8845b5130a
WT blade defect dataset/Annotations/376.xml,994,66f1274426efc4e9fde75743552d35f6a15c7fee3214e50371776866250c451d
WT blade defect dataset/Annotations/377.xml,529,da6e497e2c03dac4e3f2cd4e024922413d69e599a58d0e4165c40da58536378f
WT blade defect dataset/Annotations/378.xml,530,8b089c533d3a42e3e6437dc186c0a412b5541f6214cf00cd5606f96bc644f445
WT blade defect dataset/Annotations/379.xml,766,327fc81ae82ee5cafb79ede59a5ceda4e0a7fe5334a6f5cf30db1356ac96cdef
WT blade defect dataset/Annotations/38.xml,532,c5e5ae8087db2944789d5699407c48ee52d6695ae595f6ec3623e0bee1169071
WT blade defect dataset/Annotations/380.xml,530,7f5e836599a43561649bfbc06b74b7214c1eb6192ef54d9f89a152d54465319c
WT blade defect dataset/Annotations/381.xml,531,908c09d8da0dd432ab3d0e0d77cb3b291715a30711309f3281396c41d179b4b4
WT blade defect dataset/Annotations/382.xml,993,0b2fce0d99f11f385034381888b5361fc8362574b86e2559feedf5311f25c1a8
WT blade defect dataset/Annotations/383.xml,531,e80375264f4b9350da9233f82ce5c1bf5059b044555423c8e0fbb5924174ad21
WT blade defect dataset/Annotations/384.xml,533,5074e3fbe3d2607dd352123c638d7ff7b0e14ae424010e39affe7d8824645ba3
WT blade defect dataset/Annotations/385.xml,769,0eb27bc4bb83237061c8fcf79e8359d1e8f9a364664f417753ddd21ca61eacff
WT blade defect dataset/Annotations/386.xml,1010,bf5de6d56c80f1934f927900b944ad14b9066b11fbf81c738f4c4375236cefae
WT blade defect dataset/Annotations/387.xml,529,a7aae8c592d028cf1c56a6b1f7e9e1609120f2cd075ab44a13d3f81388100a85
WT blade defect dataset/Annotations/388.xml,536,7f3700daa0963264f07ad9a1d5cdb4fad69f2e05ad54113ea5149528a0104c87
WT blade defect dataset/Annotations/389.xml,531,4db16befd18e5550e5e4d92f08de44cc656abdc2b81bd3ec906969e403b48561
WT blade defect dataset/Annotations/39.xml,533,ced48421eea848a4abf473ae08a8abfcb560bb19e89a2ebbe80601bb78812020
WT blade defect dataset/Annotations/390.xml,535,6e7b6e9169e2d6c642b21cb9b49412715ac3cb830d96260790b71fa4e1d6c397
WT blade defect dataset/Annotations/391.xml,529,b041b7e1450ab4a3285098c90cf27759e7343755898c5cc5399790bbfa4c3415
WT blade defect dataset/Annotations/392.xml,755,c5e62e77b8a5cc2bed86e8439d0a39811ea4c23b4e5c2093304da8e654593f68
WT blade defect dataset/Annotations/393.xml,538,6df36b4f412ecac2012947dfde07558caef3a74f4a4054dc0f923d2cfb8d7fd1
WT blade defect dataset/Annotations/394.xml,531,9ad16b42b6d76b7c680d3f1252885e51d8ab7479d01e0f59eddaa8dff39e3318
WT blade defect dataset/Annotations/395.xml,530,e25cb0ed54344b37ad1551de57677aaec644c5a0233ff26033c9f02ea029130f
WT blade defect dataset/Annotations/396.xml,757,cec5a4a16cbf13e7d3eb8a905cac5dc44befea4bfab92e4aa4bea6c269b16583
WT blade defect dataset/Annotations/397.xml,529,f074c22a6bf89791cc02031e410e6e404834c4c242e1791d5dc183e81ff132d2
WT blade defect dataset/Annotations/398.xml,993,d04d71c30848933fbe39944ac8e77a258ba3d4c4c825b08528f3e5fea1897259
WT blade defect dataset/Annotations/399.xml,764,96463328d2a4c6d4582a04194b3db08c20eaecd4b24b9d3c282f0354865b2dab
WT blade defect dataset/Annotations/4.xml,525,d853a62d7918bc954dc97a244e0936cff602aba6ec881446338f9585730535d0
WT blade defect dataset/Annotations/40.xml,535,f69975b912968df8ebc1a7b5a68a7b5ccfbd34911ac9b727851f2225ed009661
WT blade defect dataset/Annotations/400.xml,1487,ceb7bc74604b3a8cc37af6c12fb02e7124085f9d88138b072bc4a791990924a4
WT blade defect dataset/Annotations/401.xml,531,d48510bd6794762346e7e579d555868cae388106c9000d96b245c90746db276b
WT blade defect dataset/Annotations/402.xml,529,f1619f8b85f0e15c919347afff366d376fde351576fb965c3ecf8e12cd35a84f
WT blade defect dataset/Annotations/403.xml,755,a70372ce7d1d162e5c65da21995c5c19b18dd096a96f5d7e8f4830afc97d7c57
WT blade defect dataset/Annotations/404.xml,532,8def2188521eff9c9762168be7849c3f100fb58ff523e256b07caf9a0e22e76a
WT blade defect dataset/Annotations/405.xml,535,0d2c2d1a5c28886dc29d4952f3d57ed2e6d485d842f6b391d7b0e64225725cfb
WT blade defect dataset/Annotations/406.xml,531,79c30c809d5db7ccefaaf7d7ec1e9307459f59810c7ff8b53737ea7567b995f4
WT blade defect dataset/Annotations/407.xml,539,131fb75694ea9c191367c5ddd1f1ba5b05cb9f687f207991428ad3f60864ba02
WT blade defect dataset/Annotations/408.xml,765,f97b2091fc77760b7abe5a7a0a3ec2951cfc37ac1e3553d5db40050752297c36
WT blade defect dataset/Annotations/409.xml,536,b528f88a5e50e0f7619c8b180ab51b57b03c9c53a514182d6e27f7a743025f9e
WT blade defect dataset/Annotations/41.xml,534,2decee984337e4b87f789bbd9eddd6eb52e0630c831d538355b727006564f45d
WT blade defect dataset/Annotations/410.xml,764,92253bdf55ecf6683e52c3f28a725b7c3fbf08a2e6a1fb2c95197f299a7c86e5
WT blade defect dataset/Annotations/411.xml,764,60218d6d8709b9febbb0618909c03ced4d155e5ec2f1ce8f1c406b6143ce6d16
WT blade defect dataset/Annotations/412.xml,775,97a6212b198108b61d9529d25bdee28ff395e3781c5cda40fb56e88a68d2637b
WT blade defect dataset/Annotations/413.xml,1010,b060d07052774783cc5c012d884296054aad340d80ac10a189a0703a508e930f
WT blade defect dataset/Annotations/414.xml,531,63c14c566efd7f10d3feb22b06220de454d89d8470d3ad2532414f46414820fd
WT blade defect dataset/Annotations/415.xml,776,4d91a0696f618f325518749ba21a2066de29e347119f9190fbb9c818c23ed03b
WT blade defect dataset/Annotations/416.xml,540,a4366c1da9f058da71a013d0d890dcc9d3abecb28ece3d83bbf7c42491f4e782
WT blade defect dataset/Annotations/417.xml,536,f2f40d1fe3ba594c53e166248a9788b56f99e72d1ad7c06b42c8b24441ad1582
WT blade defect dataset/Annotations/418.xml,531,e83071337f83ef35e36228a4db54f5651c887d4c6abc593e73379269810264c2
WT blade defect dataset/Annotations/419.xml,531,3f1f1d2bbca7ec3c2c2279c15c23927933ad149d802bce3994d1b359482376b3
WT blade defect dataset/Annotations/42.xml,980,b62c273cb5a9da883d96f99dfbb4fd3ddd31e0194a08cd0d8297da7e5b90b102
WT blade defect dataset/Annotations/420.xml,536,baa685df4ea9936f5d84d74d96b28871c4936aa6d6c64e4f232aa6aa1e92c92d
WT blade defect dataset/Annotations/421.xml,774,dcab56a1c9c6af4a0a8dd84c56c18b8f12c92de9c1a16c6abb5c5fe9ea854722
WT blade defect dataset/Annotations/422.xml,767,fd4bac749b161289a0b372edaa7b913f6f79aa8653fe81143080527860428a8a
WT blade defect dataset/Annotations/423.xml,775,c05682392d1ca5138b98b09ff0e5f6cd5aa31e131b8650886b6deefd95f8aa28
WT blade defect dataset/Annotations/424.xml,1001,bc930bcb37aca047f9d6964cb76c4b47ed7e335b3c2f72fe4b3ad940251f4811
WT blade defect dataset/Annotations/425.xml,534,6760e525e4ad805f56e326a8e1fff409a485e09b7b105383212aff4ca4e6979a
WT blade defect dataset/Annotations/426.xml,536,48ee0e7174b566de2b92a674cf2555b88f3b878c658c2383cc615780d3c37916
WT blade defect dataset/Annotations/427.xml,1009,cd15295d2daaa133298dfd51c8d1b2e80f01334c6b45d96f25c48aaa752db897
WT blade defect dataset/Annotations/428.xml,540,4a06244a1bd2aec5ac81847b22a60a178f83d939cddfb320d31dbb8039878651
WT blade defect dataset/Annotations/429.xml,531,d21615931f09b4f8aba7c5fbc8709014958a6e5a8e56532bc31a47a384c78920
WT blade defect dataset/Annotations/43.xml,771,3fc18a5ed60015dd2653a0b63e9e10d4e3e0686b9a2bb4a6a387398f25f0c5bb
WT blade defect dataset/Annotations/430.xml,995,f5836821e0bae0aeb3d6ddd2cceddbfe559a1cde006bdc294e9570c379256192
WT blade defect dataset/Annotations/431.xml,531,0159ab27f16fa01105ac1bedcc64caa45607dd80b83ae38030013730a252e356
WT blade defect dataset/Annotations/432.xml,540,d0e1e910b294e5f6ed0e43839ec11ade1056a34af90c97b0a0cf43049e6ff3ad
WT blade defect dataset/Annotations/433.xml,531,16c69963eb32862830a9663c0bf7ca4c0884072a9fe7b51d2d8eb2511d452eca
WT blade defect dataset/Annotations/434.xml,775,84c4158c8f07205544deedbae633827b14436c58f40015dd1249f5038792a072
WT blade defect dataset/Annotations/435.xml,532,6ed84a986c4a5cf592a9fa15941788639de842925fe4c8079bd8a531b13d31d0
WT blade defect dataset/Annotations/436.xml,763,4df72f69ac5fd9c54cb4ac19231868912ecb376641f58906b266dc862c3745ab
WT blade defect dataset/Annotations/437.xml,539,746dcb6de4b1e1910df4fc398e309aff2325cb84402cd8d13faa8894c1d1e911
WT blade defect dataset/Annotations/438.xml,546,624dda4858cbfa590d954c1fb081f19b1d6d94f27641574e3f9c984fa5e88a22
WT blade defect dataset/Annotations/439.xml,536,a09c6f0446b73e47f69ae886cb3916c04a3bb5881dd397937a7cd45f89e10c1b
WT blade defect dataset/Annotations/44.xml,534,0a57793d2d232c1c602ce3327d68f426b7ff4428707ba449b15e2c473062c961
WT blade defect dataset/Annotations/440.xml,531,bda03b1e87763c93106318e666d093e7632c29ea03e91693d5d8a7df4f5586f6
WT blade defect dataset/Annotations/441.xml,540,5d463236aa53fab049bc870ee0f78a2681e437e1808ab0ed02549bf7d922a167
WT blade defect dataset/Annotations/442.xml,993,e3eac7d472c8cbd358683a399c34735980db1a8515b7b1569f3463f2732b84ce
WT blade defect dataset/Annotations/443.xml,531,51844f1cc49df0e76c331c8a1b589dc301e44e3fc83eda152336eb2659d475c6
WT blade defect dataset/Annotations/444.xml,531,691e5e54d3e425ace90d8dd214d4a8cb17671fde0bbea2ed0d3a0f65c86c5fb1
WT blade defect dataset/Annotations/445.xml,540,c1e4116f56995a05fedfd3c51b5611609c44901b6d8ff9929b465aa9fbf34f1e
WT blade defect dataset/Annotations/446.xml,536,0d2d85789b89dc5f2555be90191972feb092816322b97594479e2b3814bc4919
WT blade defect dataset/Annotations/447.xml,757,9398a1f8804f24b2338fd5e4f3de1bdf4c13e7c3fdb01ca53dd035d4ff540d89
WT blade defect dataset/Annotations/448.xml,536,e21fb5caa98c15d806fca7607692ce1810f76c6f4d9379f93bb465e593c9048c
WT blade defect dataset/Annotations/449.xml,536,2fc7c5b4d31fc4134d6ee3ac18d431febd5840b35b9aba7588ec575eec157f63
WT blade defect dataset/Annotations/45.xml,772,eb4534b3e8dc26e9228a085fe7f2f5b6bf85a1b32b8be964c4a39487663957d9
WT blade defect dataset/Annotations/450.xml,536,86237ccaec5ee7ace39fe75f3652d6b4f648caed673abc90f3bb2109e3fe7cbc
WT blade defect dataset/Annotations/451.xml,533,89d96cb3c9051d68dd697aefe237a304e39828c10fcbea41b79385b9e7d72dcb
WT blade defect dataset/Annotations/452.xml,536,598b1d50d05ab4c80f5d8a34ca310a4958cda5368aaac62f76ac6dd42e001f34
WT blade defect dataset/Annotations/453.xml,535,df16b728bac49bcd6a190d04320c21eedc36db8f9dfdd01b444aa7aeadec2b54
WT blade defect dataset/Annotations/454.xml,531,2e5e00deb70e16acbbeb0c39d4da3b41d73e98497b91ea225274e9618c8dd273
WT blade defect dataset/Annotations/455.xml,531,472bfe0d2f5103bbd5d8b399c9ca10d9c43056fb2de9d74e4c5d99016dbe51bb
WT blade defect dataset/Annotations/456.xml,767,605facdf4cabf7deb623e2e3eae7046c79f66d84b7af3d24781dd56f4f1adaad
WT blade defect dataset/Annotations/457.xml,998,717d53c45081594627d94c7847d86a5c5386365233fab70985803ab59b519b16
WT blade defect dataset/Annotations/458.xml,540,a4e0f26749889702b39408a7d363a2faa5dbb6134d426f40b4bf5ecd0352c3b6
WT blade defect dataset/Annotations/459.xml,764,9c4bc11dd7b2b496b76d1d980c07104eda72e19400627dd3257d6928db3a7211
WT blade defect dataset/Annotations/46.xml,762,7ff43b622a341c092b3ef4b5940fa7e1e74e78719c8fbb0b835d4f0b422a789d
WT blade defect dataset/Annotations/460.xml,529,fab4b157652290f833fe0f0d6ea9f94e13edb1f50fb39354810ce5e183974214
WT blade defect dataset/Annotations/461.xml,539,3acb98c4c1aa1816863beb827c6eae1642c325ff5e7a54cf926d7713d16cee08
WT blade defect dataset/Annotations/462.xml,1244,5c2a466677868a204f2ec02bfadf5e34e46aa6228d4f479561fa00c378356e0d
WT blade defect dataset/Annotations/463.xml,536,f897dd3ee1481daf69d550ddcad87c8e26d4473ae8b37b8dbe4eaffebb1ce75b
WT blade defect dataset/Annotations/464.xml,760,470dfb38019aad2d1d6331d641831ccde792472a29d22e2a8c7c4432b6575b7f
WT blade defect dataset/Annotations/465.xml,531,7c1311a3a5c9b434783c99a1a9218111893467c51efe39539f036c45fd12bd2e
WT blade defect dataset/Annotations/466.xml,540,7b4ce98bf35463f5027655a6e73829fa8e361443b3e2502230045d7a1eb2315f
WT blade defect dataset/Annotations/467.xml,997,a35a4d213b3c4e8cac8ffd3ab4b7fe2a2d682df16be21ac7991b805adaea0377
WT blade defect dataset/Annotations/468.xml,768,99c036b62358e407ea0f43a6c56794082359b68fed3d17958d213e254f07dcf9
WT blade defect dataset/Annotations/469.xml,531,217bf7604b41870d6bad55643032dfa4901d15d00393b7a65689213387538997
WT blade defect dataset/Annotations/47.xml,982,99f64e24202c5f14f7dc9ecc94d80e623e07983d33465af2a8cc5854745c7caf
WT blade defect dataset/Annotations/470.xml,531,d49c2d9f217e98ff6ab549f1a4102d12073241cf25cd23498aa44fb3ef71b836
WT blade defect dataset/Annotations/471.xml,531,1279e2dbe8ad26ea93f2fe4b62029c7b7c53ec57ac0d2ff27fd00c5dc9352ebd
WT blade defect dataset/Annotations/472.xml,1228,4014dd3aaf03f22115390437c58284aa423a44938707aa378246f0c9b154762c
WT blade defect dataset/Annotations/473.xml,531,f43e5262f0bce608472bb58d8395e63adec616304df7a435cc394a348b0ddba7
WT blade defect dataset/Annotations/474.xml,538,0cbacbb787f0f52b4335df6b5b28f135bdf057b204df52ebb171e7c76f7fec9d
WT blade defect dataset/Annotations/475.xml,1010,109b360fc1f797a3fa3ac7dbe122d88971e05be986a0ef361bcf32b858c2bac0
WT blade defect dataset/Annotations/476.xml,539,86267f3b6783d452bf4f26ed8144af872d7a27da3c724c393dc1c01c5a2a191e
WT blade defect dataset/Annotations/477.xml,536,fbfc0bb796b0f05225b636c287d222581ef2c44b60e327af6dea28e606964e57
WT blade defect dataset/Annotations/478.xml,773,ef3dd8349bee937cb57a1b47bdf328b02b50864f57aaf1c788fcb0e385b5747a
WT blade defect dataset/Annotations/479.xml,774,0d1a683be8187a21939895372bcde114462bd6ee11ad38c3301646df3d0e3cf5
WT blade defect dataset/Annotations/48.xml,547,7a02c2f56940f1fbcefadff68f79d236f7698b5ea454148e611d2560683db839
WT blade defect dataset/Annotations/480.xml,994,4cc70fe76a79e3476551fe959f414a21850c50e797e5405ab44feb2b5d83114b
WT blade defect dataset/Annotations/481.xml,994,fa3b0bb5d488fc3e8ce8e7fe4a7c1cdcfbaf5c787fceca6af89763343c0ba824
WT blade defect dataset/Annotations/482.xml,531,42a27a6b3bf06d313252fe370c99af6da3473aaa17d3bb962e833d9f4c48658b
WT blade defect dataset/Annotations/483.xml,536,f71f74f1838cd7bd3d9857aecca5ebcbf7bed991d87208c0956a010ed35323ea
WT blade defect dataset/Annotations/484.xml,1010,8b577527b1a5ad4e693c6a2a2c46d80ef415964514e4aa0ad5d6a9b01b9d6d57
WT blade defect dataset/Annotations/485.xml,533,6dc33ad475840388a630d0cfc43c900c4ca1882a058f108637d14aa64dc54d0f
WT blade defect dataset/Annotations/486.xml,530,286b250b1286859af905afd5cd0dedd7a70966b8d1d26bcd02ea5a803310d7c4
WT blade defect dataset/Annotations/487.xml,773,759118d092630450943be0fd316c8fb64fd5b76883413ce7635d06f064c1a074
WT blade defect dataset/Annotations/488.xml,539,040a404b632935318db73f22b5d579a3ee66e34d6aa5364d9575f2bf0b4420e9
WT blade defect dataset/Annotations/489.xml,995,a8322e5e6b3650088caf4bcbdad548cfe7d33b4820dbaf15382305d0107ee3c0
WT blade defect dataset/Annotations/49.xml,529,55e1a7c2fbba6505627cf94477a4e8c64f22bef50aeebbaeee0619729c3e8fcd
WT blade defect dataset/Annotations/490.xml,540,00760a570a8b1b6b5848a6e0a2850490fd7eb845e286f7083e6097f278aa27e0
WT blade defect dataset/Annotations/491.xml,533,063e6dd7988aa10d89a741f4eee6272143a7a2ec446ec39a823ed977f3634cea
WT blade defect dataset/Annotations/492.xml,540,01ecf9a48bd51ae6d98cbd5669cc446047586542e926cb3dfba8c4c83d6ef1ea
WT blade defect dataset/Annotations/493.xml,1005,7b8b4e7d2ef11f59663e9053edaaa93134598d7938c6b3006564e650bc8902ed
WT blade defect dataset/Annotations/494.xml,775,92b0eb323a6d4757f0237f7e5892d129206355147ab8802cbe130ea314f5c428
WT blade defect dataset/Annotations/495.xml,534,7e37e13073c164fc537630b216ad58e37b97245db80adbacf48dc64e94d13e7d
WT blade defect dataset/Annotations/496.xml,766,5313ce9a048fde0f6eed0124d4c1654f665bb5bf887433ceaeb7d472878d2631
WT blade defect dataset/Annotations/497.xml,536,2f7ddf2fbf1e8215f40eb9fac3769c3b22e8af8e8b6c7d28d301cefbf8de4702
WT blade defect dataset/Annotations/498.xml,775,fafbb127fd2b3427245fcfb6c00962923bd42754f1a25d7a7b92a15d5fd4ae97
WT blade defect dataset/Annotations/499.xml,540,7ea624ea7fd407a4032f6cad1d4e35d5167c527e2f2bc59cb76b317a79f5b138
WT blade defect dataset/Annotations/5.xml,989,35279ef103a916b88da536517e493146f5da3e6ac030cfe0d3f4aa24570459ba
WT blade defect dataset/Annotations/50.xml,978,c9ca3b7a7a8171d7429fbb78b1393e84ba1b876ae0e04ead8f0d2745baf12d55
WT blade defect dataset/Annotations/500.xml,533,62472c1c951637b57933f5aeefb6392aed15c1153d9ad4364068e89ddf0a58ee
WT blade defect dataset/Annotations/501.xml,534,66faef11283d609b3a09995547b786af40f69d20cb5c54800eb0bd4d8345856c
WT blade defect dataset/Annotations/502.xml,535,33d3c9f365fa7cd332380dbb01adf1a32058128c259957e3a016e135b867b7c1
WT blade defect dataset/Annotations/503.xml,765,7fa652ffd9b318d61c99962a25fab806371e4d2381996be6e96289d9bd4e7a8a
WT blade defect dataset/Annotations/504.xml,540,73c78e10f7b5234c8774b5034cbb0e4b1e75189614415c434a0cf1b5468b4de7
WT blade defect dataset/Annotations/505.xml,534,b2e867a83a0d69826bb0ba5e0a016e17cd9608d43a17759c6c25bda2818942d2
WT blade defect dataset/Annotations/506.xml,531,6c5cf6f828889ca2c612e1d6f06b0f5694600d6c86a26c4f9a61c3c96367178b
WT blade defect dataset/Annotations/507.xml,531,f3f4dcb6f6143a389bc6455b3947c42ed864fc0268d8057e779752089a6ddb9b
WT blade defect dataset/Annotations/508.xml,536,f02bb86ea06d287052e8eddbcd782e5347836b2b6e570907a03cc92169155094
WT blade defect dataset/Annotations/509.xml,534,5eccdaca27a0dd6071b3ec160dd24d9efe133e4d1eb1bf99a4b8c6e6a4394a02
WT blade defect dataset/Annotations/51.xml,755,f3daeff070e446de19c9f2187daf8907c7c0b315f8bb66025376ad630aee1178
WT blade defect dataset/Annotations/510.xml,765,5eef91035a86398e0335f112d367189239e06694a980764ceb2c349be5f84483
WT blade defect dataset/Annotations/511.xml,767,3c55e9a3e3e59d0db9985177191b964a0daa5b8a7d225674d650058b18f3a00f
WT blade defect dataset/Annotations/512.xml,775,339b3d6c524f18053a6dfc496b059d63e814bad12e9556f95c6193d2f1539ab3
WT blade defect dataset/Annotations/513.xml,531,681f0bcaacb5488f40db8202e21f1b06a4eabda5b12e4f44824665d94b66e9a3
WT blade defect dataset/Annotations/514.xml,540,2058f6e0562a5774c58aa3b36749897b289561b0b537ea32b8515062311f0673
WT blade defect dataset/Annotations/515.xml,534,a99884ac651342afd457d179d5a9c9c7c184f96a93bc8de44ef1ad0898c95251
WT blade defect dataset/Annotations/516.xml,534,90d3d4778d59a33143d47c47b225460b7760146fc1003120f92e6affae6734c4
WT blade defect dataset/Annotations/517.xml,536,cbc00972d47065051a7037939023f057b0b2ed3c2e63f086ff206cc10bf34712
WT blade defect dataset/Annotations/518.xml,532,b9d8c11094f9d4b969f58951bd2bb419280cc86281c3f77db8fcd5e25d000d2c
WT blade defect dataset/Annotations/519.xml,536,d489ceca2515ebf6743a66681880a4a518483fe45d63d9354ee1f5187f21650a
WT blade defect dataset/Annotations/52.xml,537,bc3b56a9c6fb7e45fccc25978a8f70aba82cdf0b4930f0d31e640c7b401842c3
WT blade defect dataset/Annotations/520.xml,530,20241ad398213778d45b57743f6ad9856a8f8152ea8892859baa749ceed8760b
WT blade defect dataset/Annotations/521.xml,766,fecc470f8e0d965bd31065658e4b9927709ede08ab70f678913bc83d5ca1e1c8
WT blade defect dataset/Annotations/522.xml,771,187c297b86d02889746e219d8bc624bf9a25e568541dee089961448f3b054306
WT blade defect dataset/Annotations/523.xml,537,2f086df01920e5f852fcf802fb2941d30662a6d0bfdaac7cef72690c1d27ae56
WT blade defect dataset/Annotations/524.xml,531,d1fe04b94a504abe7d6b82db1b6e9bfcbc5e5d229abe331660e94a708c89fb41
WT blade defect dataset/Annotations/525.xml,531,d3e4a369db39fc515ced2199ebe8fbe67daa3dbc80b6d86bcd0dd4f38975e941
WT blade defect dataset/Annotations/526.xml,536,6ab616ddb0dab1d62f827b002094a78a8b58b4a26ffa61b65194132a181b218d
WT blade defect dataset/Annotations/527.xml,996,3dce9f35a3a8a798d06c34cd9b3a9a2b8a2f513e33fc809aac17825473453559
WT blade defect dataset/Annotations/528.xml,536,25ee9e4bb1009cd49d97f6fb57316a3815ac8bfb101aba9f62b9450da97704fc
WT blade defect dataset/Annotations/529.xml,540,d150a833bfa592e672d1f9d212a5f50f93215d40bbf0c692caa4ea27e4429dfb
WT blade defect dataset/Annotations/53.xml,529,2d3564b82d4f301db302e760d97521bd9bc6898ffa3136d859addc4c562be950
WT blade defect dataset/Annotations/530.xml,544,9be22c5e5efa24a3988de0dfe9d3a3d7bd626f687550b8e4927c1dfe0df72795
WT blade defect dataset/Annotations/531.xml,531,f23904e2dd970ef8ebbb311bc88304a4c88335a68c66e5c101149609ec6c4d7b
WT blade defect dataset/Annotations/532.xml,540,1d5e74e9e4148505bda1e1286c7b3c3375c9699b46c3bcced64c2d483371109e
WT blade defect dataset/Annotations/533.xml,534,029b6dd6ecfd33e3b4497b8a7ee2c19ae4ed859492dc7475337379c1515cb2ff
WT blade defect dataset/Annotations/534.xml,535,1add3b47152e0cd49424bb1505c6724fc6dd32d3140dc5329113ba418a135a67
WT blade defect dataset/Annotations/535.xml,540,05306fdb0efd7b9df529c959b988538c0d45c19073166b41c220eec66775b8c6
WT blade defect dataset/Annotations/536.xml,540,db6208b06fdbe30e1e61ab0a0c7327ec235f94975ad5c4f167b2cc6097c70b86
WT blade defect dataset/Annotations/537.xml,757,900cc990f2a6dd8c280c43502a8b0f12f74ab9eb26dba7f5a3ee73e8e485a653
WT blade defect dataset/Annotations/538.xml,530,c6be0cdfd5374218bb733213208a157f0efe4c7d6ad1d5f12621d7757652693e
WT blade defect dataset/Annotations/539.xml,764,7f2c409a3ef08f5f56321a5d49bb2f32f7e94286db4e049db0d05e02bd54598b
WT blade defect dataset/Annotations/54.xml,765,eb4346d00077b1f80337a58c8f3d1c8458638b0f6627fcae0c4b51af6dcd7a8a
WT blade defect dataset/Annotations/540.xml,543,05158f3230f2a8ed661e14c913de3939d88635a6a97da2e4dd74ef6cd9557ead
WT blade defect dataset/Annotations/541.xml,536,74fa485546e2d2e8160daaf7895a47c079b330614a108dc2f796a115ef5ab149
WT blade defect dataset/Annotations/542.xml,536,f6486c684a986aa6cadff45e24149a58ed8d68849d6969f530de4423ba81b910
WT blade defect dataset/Annotations/543.xml,1487,ce7c479f4c1c231600852e213b2726a1370e7af8b3a8565615f13a70f047bdca
WT blade defect dataset/Annotations/544.xml,529,4589fbd185dfb25915f8e0cf37b260c3483f3bf3dbe2e0c40216ee99d2608102
WT blade defect dataset/Annotations/545.xml,540,98e2ea5414290b7d19e88c889d5cf76a7b0c2ec7ad0f04d3daae4eadcb3a42d1
WT blade defect dataset/Annotations/546.xml,994,a3b41b0d2c9d36b303aa85a3e50b2ad4650f9a7f558752c51ea65b3142788149
WT blade defect dataset/Annotations/547.xml,540,24539add0ebb5416dcd1297c283884dcaeb3fee6ff3e0b1a497bad1214640223
WT blade defect dataset/Annotations/548.xml,755,6466f502568056dad62e1a613fe30575dc4ef59c3b3299ee4a0824d560355b8e
WT blade defect dataset/Annotations/549.xml,543,232796ad7b5f2146e2ae0afe644e232129efdbc4b4fe604703383ef4448c6209
WT blade defect dataset/Annotations/55.xml,534,4ef968d0b6042859900411aa07171daf83ef5bcc56f449d4ac475165f56d6e48
WT blade defect dataset/Annotations/550.xml,535,e1ca8ae4cf57c812dfe7fb138c6d5f894e49971371bd1b6c0db0396fe0549474
WT blade defect dataset/Annotations/551.xml,1253,f1589f3c6445c7bfd837dbbb44506baac193ef9e7e430994ede8c577e8b2f30a
WT blade defect dataset/Annotations/552.xml,529,35adf15ec9bf2476da60d76ad8b4ca8fc88ca00010c0aef81790ee551548880d
WT blade defect dataset/Annotations/553.xml,539,0bf97b35b206471ce9562e65d6a31779836669518bf5b28cf6c80383d8038ec4
WT blade defect dataset/Annotations/554.xml,530,046c2d6d200b0fdeef416e747fa05d20fe3f3475192c1f4d8d653566fc0907f2
WT blade defect dataset/Annotations/555.xml,540,17af1e91f0a08079b06b1be98f73132e9158a1e9cce93aa0b723384a423cc266
WT blade defect dataset/Annotations/556.xml,530,bc72f3ac8a0bcd2e24496b087d907e3670bef9195def9bc33b80e5b913d32ded
WT blade defect dataset/Annotations/557.xml,535,a1f86094ffd008d5f735816d43aac861c64b562952d5cc01452923188906fb98
WT blade defect dataset/Annotations/558.xml,531,100e6caa3f7b0b1f986b5a56019212650c80bce609f64092dda340dc2d21bbf4
WT blade defect dataset/Annotations/559.xml,980,b9b36b9a152d93599c03c119b2071faa80132f6c1f8af29f0e60958786fb29b4
WT blade defect dataset/Annotations/56.xml,1227,13fd67743326b84685cbf43e561c901bd3445fe715e7072e7fd91be4deb4a04f
WT blade defect dataset/Annotations/560.xml,764,00389259672f19a28a04504bbf45729f8421a5e3f680309e5654aaa48559eedb
WT blade defect dataset/Annotations/561.xml,533,1f4c810e7cfcf3738b3c79560d3604fcbe9c3abea9bd573bec3e3e814e0b37ef
WT blade defect dataset/Annotations/562.xml,757,80ff3518bb51e0b378d0b301ef1d36976a791313b6bc0191649d7dd8a9da7f1b
WT blade defect dataset/Annotations/563.xml,531,2f1b411aea43202045981ee1c0d9ae234006b50940eee90486f2b35de920e55d
WT blade defect dataset/Annotations/564.xml,536,d85075f08322fd557e7e7b6be22938133854c0e01cb0f7faf42b742544cac92b
WT blade defect dataset/Annotations/565.xml,531,9edd0ab87f462ef1a08fc1cd3cd08750b8fa5575de997a4d99f5eac5e4ac0a84
WT blade defect dataset/Annotations/566.xml,533,66aef8ea1aef910bf49a6fef70ef8fd1f2e668e1c8be33795a2719a4877652dd
WT blade defect dataset/Annotations/567.xml,531,70c32ac2cf27925a497dc6479db2537715da616fafe2ae64befa50c766f912ba
WT blade defect dataset/Annotations/568.xml,529,230f2cf73fb7e62f3507511fca095809c5195d3ca288274247dd136723e4ebe7
WT blade defect dataset/Annotations/569.xml,534,ac3346a3623622ee2bfd053f70de6dae283202323df0b7d8c69094d8579e5e63
WT blade defect dataset/Annotations/57.xml,764,e2452a94cd9a82229b284351f9010e4c0ff25aab6b46ff535b0386c8c6534f7e
WT blade defect dataset/Annotations/570.xml,531,c71e658e6dd592b3254fbc909eb7ffccaae59610871026b3b5d734be663e65af
WT blade defect dataset/Annotations/571.xml,536,8fbd3cac95cd52d48596259030c4f8bc11432c960baf8e7c53f81eb5e66624a1
WT blade defect dataset/Annotations/572.xml,528,364ff132808b8c2e32e76b6431d045800478af1a74c2ad7a98ebaa3d78ec4ee0
WT blade defect dataset/Annotations/573.xml,775,b795fe205db1a6b1e511665c44287596967530146b7b3941ed7533e492e8d793
WT blade defect dataset/Annotations/574.xml,531,7e464303fda167ef74d2cb5390f53bdc950013c31a448a71065873bae53b9e8e
WT blade defect dataset/Annotations/575.xml,530,9aa1b2bacd7c21ce55f5a1080f56fa4aa71b15e69dfc0ec517d196e6df8d411e
WT blade defect dataset/Annotations/576.xml,1010,e857bcd0d596b76be7ca4b4221993202152f6855151104fe230982b257ad3c7d
WT blade defect dataset/Annotations/577.xml,531,a107145994528f5cc04c244d79a2b7873aacbbf3ebb3a1b54b798d7c29112be5
WT blade defect dataset/Annotations/578.xml,536,e8a250f17b5beca755b01d3535943499c2c941fde5b3fb0e5381f630cdd43ff0
WT blade defect dataset/Annotations/579.xml,535,eb5c468bc9fe0680028196f0602ea32c95a51f7a2e2f0fc6207d2d7fe7099558
WT blade defect dataset/Annotations/58.xml,541,6b90290889005848c75bfe76148f06fdd604feae852b7df88e118e57338c9fc5
WT blade defect dataset/Annotations/580.xml,531,3664bf5014a43eca7c65c73eb0b9819afe7159194ceece810a6a28cb99b83909
WT blade defect dataset/Annotations/581.xml,538,46e2c583c9a370152c150b56983746420f3d31a2ee492473ab4222bd0e28c596
WT blade defect dataset/Annotations/582.xml,754,14d3712db820df631c20b8358e46dd6b55c6fdfc39595b25cd25ea26c23aad2f
WT blade defect dataset/Annotations/583.xml,534,4157049b39dcb99863fce0c222b9d1f872898cb28ba3841889cd5d6410015e73
WT blade defect dataset/Annotations/584.xml,530,9bfbd91c7d6e1409f5200543400be0014b8d55cc34fc169d21b37dc807026c68
WT blade defect dataset/Annotations/585.xml,532,5a3b46b5d370b8046ed771766b7070c9f25c23cf88cb913980d6762d901d49cd
WT blade defect dataset/Annotations/586.xml,531,5b972d6e2641043559d72f16de50a28788bca706dcd7670f535a27c556fa5ea8
WT blade defect dataset/Annotations/587.xml,768,2d0ed8628012fa7d3e02863dbdea08448149e5c1cfd219eac4cbc6a2e2112383
WT blade defect dataset/Annotations/588.xml,534,873affbbd25b40de68f3ecd0b6a5dba4b2d9bb9670a1dcfd7a04b4d1ea2407d8
WT blade defect dataset/Annotations/589.xml,536,7a7af912419c95532b9c76a9229deb200726138922d5f016db047a0072c177b1
WT blade defect dataset/Annotations/59.xml,529,6cceb6834bf77d2c03255de0137b1cfeecce5f850b88264f8c65152be3101293
WT blade defect dataset/Annotations/590.xml,534,b1e255b229b6ef313cc72e72994d073989191d0467ef743cb6671258e5128060
WT blade defect dataset/Annotations/591.xml,1018,48370c247af351a297c4a46ce6ab9db127b15d002562bca39c812a2ad6b19885
WT blade defect dataset/Annotations/592.xml,531,5dbf0fbc5ebca3c6b44538e4a3882854550adcefd9ad64de0fe3df790e35ac9b
WT blade defect dataset/Annotations/593.xml,530,9c6bff41829d13074bc182eca6625bf5cd4a1f2700b88792616e214f8d12e390
WT blade defect dataset/Annotations/594.xml,531,f74d259258a493e278d2292d0f6e931a5a843d7b3f8b502aa8970fba9d1993eb
WT blade defect dataset/Annotations/595.xml,770,34a3622242ea8bade46f6229f6bbd832d7a89f939ef48dbe224564333dbd2cfa
WT blade defect dataset/Annotations/596.xml,531,bb1d440a87e826991109136b9e0333034c76710aa6b48aef0218787ae6a1fc38
WT blade defect dataset/Annotations/597.xml,535,66909e3dcf96b6f38f40cae76a7417354028c8c1b3d074c716e6e7f063359cbb
WT blade defect dataset/Annotations/598.xml,765,312bc0d3a7f88783d73d547ae888512e8a696358a575f4aa2e844b4e1c6ae8d3
WT blade defect dataset/Annotations/599.xml,533,84a5a074b5d3fe25734e859d9b379b104ae9e0361379137826bbd1e9ea0e4125
WT blade defect dataset/Annotations/6.xml,527,94cfda0b1959861bb233ae2071714d483cd4c282aa7f6d10dd11fa39eb3cafbf
WT blade defect dataset/Annotations/60.xml,774,55739d1ece603678b2097a85c2cd1988897e3cc2577cddec8cbd7612b6509d51
WT blade defect dataset/Annotations/600.xml,536,0890750f2a3ca538396eda8a739789e11cbad88bd6716460dd73a237c2bd76c7
WT blade defect dataset/Annotations/601.xml,540,13206e8c8dfb7e9e89fd6e955829fe7dc284eb6696b23236c44fb6f3c55e9040
WT blade defect dataset/Annotations/602.xml,531,f0096dd9bd358f4bcce59eed7f3e593766cb811ef59f908424b8507bef563481
WT blade defect dataset/Annotations/603.xml,1017,2dd639d63c0c8f991833fa14a1d325a8e989fd590c0c7bbf0cc82643fb110fb4
WT blade defect dataset/Annotations/604.xml,532,2af71c889a77ff809742cd31244e8f501f822659ba999f976c1440ee82b67385
WT blade defect dataset/Annotations/605.xml,764,4bfc351cbb14472f56f4c5aa596cc5314289aa20e5b470f1d713252918fcf4be
WT blade defect dataset/Annotations/606.xml,540,fc29564860e3d823f41d508ce33bbed56a16fbc9ca676b6e7ee092a993c36db7
WT blade defect dataset/Annotations/607.xml,535,72d6462b339508db61138949f255bc748b9422349baa830c4c42d2ca03c9380c
WT blade defect dataset/Annotations/608.xml,531,62ac244cd1f42076f3b13d6ce4d68572b95e88188fcbcf160db4de46f9844f94
WT blade defect dataset/Annotations/609.xml,766,9ba18e39a4ab973e64a90856a59e564ce8782c6ada52fb1051fb4c7c0bed5474
WT blade defect dataset/Annotations/61.xml,982,05dfc8284f64c0fe1fa06ad33cb3c9eaffe8843e0c3dba177c94a5c177d3947d
WT blade defect dataset/Annotations/610.xml,536,7f708106b184f65ddfcbbdbc51df39da418927ca2bbf8ab5015434a736232e93
WT blade defect dataset/Annotations/611.xml,534,8b63ecd5641e90d7031970a4f4d58529667954eec64f134e3f5222a18c99c6b2
WT blade defect dataset/Annotations/612.xml,535,ae7fbde263afcd6979cdc8419811a30b7f8055fdb599b809429d86f118c59986
WT blade defect dataset/Annotations/613.xml,536,0e76eb38b72cc5989164b753cf840ff52bdce29760096546fadecce04e0bf1ac
WT blade defect dataset/Annotations/614.xml,536,26be006962a6019e66811a98f2c960e338732faeca53091a9ac58bb2bbb31b58
WT blade defect dataset/Annotations/615.xml,766,6219e68b838c6923ec3d79a4ad30dec1ff02924485fb370b45489968f63e98cf
WT blade defect dataset/Annotations/616.xml,534,7c2e2fcc0baa84d0f27730a9f59d8eb174ca51785195720717d567a4eebb41fd
WT blade defect dataset/Annotations/617.xml,534,3347cdd1abd53065f6f4f2c62a18335cba45bf2d41f97207fb6468aaf8dc26ff
WT blade defect dataset/Annotations/618.xml,536,b148c92b36e4b4f958ad4f6808795ff2584e4aed9da8d176afaeba55dc4f3efc
WT blade defect dataset/Annotations/619.xml,536,9104fa70bf552c6c16735863173d21850765a2651f90e8272a915ccea6e8e787
WT blade defect dataset/Annotations/62.xml,776,f83dac1fe66fc74c8d215d1ef22f043a451c6ca36781643eab113bb853ac8b07
WT blade defect dataset/Annotations/620.xml,540,4cbd3d7807b399ba7d7f41e43c734c01e5a4c2172e5a9f2f24d84743df30b2c6
WT blade defect dataset/Annotations/621.xml,1005,b9dd57acb3720b69ebdce9034752b61569b8135344e0b739eeddbd76366fb5f7
WT blade defect dataset/Annotations/622.xml,536,01da61e154dfed8922e666a05568c66c837b4b52e23a6949dad0cb1eeed8d6bf
WT blade defect dataset/Annotations/623.xml,770,266c7a8e19d5fb28690f1749916c15c1c5852420de10b3cbe30097981ca934d2
WT blade defect dataset/Annotations/624.xml,535,52829ea1c05db48b8e3eb525f8e2e58fc48b1bcdf9f42bc9a009df712b6e86e8
WT blade defect dataset/Annotations/625.xml,536,f459b92f72456af27d35a276c57b90c649f4a41b7684d25cf8abb867cf488b88
WT blade defect dataset/Annotations/626.xml,535,e5f341e89c38dc1858ff3f157a17d69837d112f5a71f5b60117fe7204e86089a
WT blade defect dataset/Annotations/627.xml,775,7d1bdcab746295f67e263cbcb85ce2f08b21130e829b54f5fb9c8ba1a402b7c1
WT blade defect dataset/Annotations/628.xml,767,469d3a69211dc0f1e75301f3e777f61ff2cab6b64d81a6c93115dc6e1dd87cbe
WT blade defect dataset/Annotations/629.xml,539,93e799454faf75ab30a7cbf61eeaaa9b7b983059eb7d76b9cb8419c87726881d
WT blade defect dataset/Annotations/63.xml,773,c633449c1fe1ba5bea30ef897100784fea55d245aa2868a536f71a874ada743a
WT blade defect dataset/Annotations/630.xml,538,c6c417d2bb6e9aab8400bf513e4e108081db400a12e300f0543aed256a934830
WT blade defect dataset/Annotations/631.xml,539,be57eb4b807a2ccfb5fe17d44e3618b2da4642c5e6147f20fe541e0100452a5a
WT blade defect dataset/Annotations/632.xml,540,43fe7728b83a8e134f8069fb49a41ffe6641c870a3d666314bc1a1c7fb305ece
WT blade defect dataset/Annotations/633.xml,536,d3894edabefa8ab487379d444304cc9b45827955c8c6ff6ae88e96808fbdc248
WT blade defect dataset/Annotations/634.xml,529,6b33837b02f42f01dba8e81cfe27daef194659627e14b0110c7910277f93d5fa
WT blade defect dataset/Annotations/635.xml,540,6a3a068c92dae282b6769b5e70656ed7f0f808198aca04c7a254cd86c10d204c
WT blade defect dataset/Annotations/636.xml,775,4e1075e4e4f9b8bedca43f2e4de156da814a086b07f8d33afb34cefe7abc1947
WT blade defect dataset/Annotations/637.xml,531,73045e0439d8cbe4e873f78d9ac521a5868fe9213fff2f03f2fd89e539b85996
WT blade defect dataset/Annotations/638.xml,536,e0e50f49b197d64af164a3c72c0cae4a067afb3dd5e120abcb818bbfac347c61
WT blade defect dataset/Annotations/639.xml,771,c76175e4193fd5c60306e18b79e9cb106261df62f4b350a961affd2308fa219e
WT blade defect dataset/Annotations/64.xml,542,32afdeef54c4ea782f929870dcdde9b474c215162bfe14320b7923a3b91f187a
WT blade defect dataset/Annotations/640.xml,540,0ad83f9f88312c70457dbf980f80538a80d7393292bb2cb247ce025dce11443e
WT blade defect dataset/Annotations/641.xml,992,529850d0324216a066898ee676e664d5b5b817f47bead1abc5db3cd5083ad113
WT blade defect dataset/Annotations/642.xml,769,4b41817f222bd83ab35fb8a0ea6ff6ff62f805c2ca04d7de424ec2bfb1993770
WT blade defect dataset/Annotations/643.xml,535,74997595f881027a718978441b8aa6e4dc7a6f4933c3406fd25ea0a7484f6850
WT blade defect dataset/Annotations/644.xml,545,d15fe5ec5387fa35e28ec954fbf32c98a3b73198e0af9694edd6ece1326583fb
WT blade defect dataset/Annotations/645.xml,540,f2f383ea291e65ac18416aad31edd33e85803cb00a6fb7c537533e9f1a8e3b3a
WT blade defect dataset/Annotations/646.xml,540,298e113a120154f1b50fad1c4adc469c0c4b953c7a0e4de2007efb636e0133c5
WT blade defect dataset/Annotations/647.xml,540,2f289092c8489a093ab7fd9e518d6d739f01effa32626060aedf003f83015c24
WT blade defect dataset/Annotations/648.xml,768,c3f9cb0ca1a7c010290831175b915b67440684eac7d2338f07cb3adee2da1dca
WT blade defect dataset/Annotations/649.xml,544,1d037e4a619b2e2336962fd043e20b5b6ba6a143e72330ca40a3a9e0a913780f
WT blade defect dataset/Annotations/65.xml,531,2c7798d383637f38bbd23bc0e4e693d0344952f78055d5c0f389b74d9edf6af8
WT blade defect dataset/Annotations/650.xml,534,5c7280efa606ae2b364bc8c6d5755fc800acd97143bf23b19f777ade8e8965f5
WT blade defect dataset/Annotations/651.xml,540,4ed86fcf7a3993debcab6f2db380b673786f409d48133fd0d9d3aab936a487eb
WT blade defect dataset/Annotations/652.xml,771,0ec122eab3aefc02e49f29e6fee68f52780d1c11656a395976fa31b7e24f146e
WT blade defect dataset/Annotations/653.xml,540,8f2f9f429cce140c6b259138e124c92d79484a400ef649242048ccc2000d1b88
WT blade defect dataset/Annotations/654.xml,536,777827119fb8674adafe1a3a6e32a824d55698959dc6253fdcd0923e934e3f5b
WT blade defect dataset/Annotations/655.xml,536,d9e1d15b4dfb8c79bc2d15cb32d4a4e64f6d56ddf674dbc0dca30f04d8019998
WT blade defect dataset/Annotations/656.xml,540,e550a5c925b9b0999d72ed59b324cab969c1021fe796708bad17c8a212fdfc5f
WT blade defect dataset/Annotations/657.xml,549,9957e2f01468ab388305fcf1b15ca757b0eecc02a6038f10928ae644bca542d3
WT blade defect dataset/Annotations/658.xml,534,75b99e1ccfef149248bc9bb5ee0b0dcf77b2376f4d565bc44a55d3dc38ce0f3d
WT blade defect dataset/Annotations/659.xml,538,dda016e57781c31b80f04a583feed213e2331199c051f3964f7c470af45e8c43
WT blade defect dataset/Annotations/66.xml,755,2b4772005927af95a86f8325d40225769eed9a2229a54ac535bf1a4f2ff97422
WT blade defect dataset/Annotations/660.xml,766,3b552c99e2dd29dce0d49d216742001417c7bef3eab1bc314fc94251333ee650
WT blade defect dataset/Annotations/661.xml,540,7512e83b3a59edeb28a9f10ba82b46eb4bc7727915b54a8ecf2b9dd988bc82ef
WT blade defect dataset/Annotations/662.xml,776,9ee1c92791c81e2d83079840f9c806c8ba2e6184d8c9df3b49789cd71667d08e
WT blade defect dataset/Annotations/663.xml,536,48b7878633103315a6564f5ec05c31bb5624f4038219000311d25f34d736f50d
WT blade defect dataset/Annotations/664.xml,775,85e87df0a8a5b7ad92e818d91bd7a205aebde0c8a4e1fe8ba815d6b3da48d987
WT blade defect dataset/Annotations/665.xml,536,5d357f538a435c14b77456f36fb5bbf5a102a257c2553e55d43d8ba9a08a0fb9
WT blade defect dataset/Annotations/666.xml,766,904bbbe1ab64647866420110aecd9ec39044823834f58451ca310e31eadad02c
WT blade defect dataset/Annotations/667.xml,536,c2411c7118f725411a560e1059222fe930b1dd8105be58b1d7c601fca32b1386
WT blade defect dataset/Annotations/668.xml,531,cb112c96c0cafe3c64792b41d6ae70cb2b1d0547bae7dce995f81e1b1cbee5a9
WT blade defect dataset/Annotations/669.xml,773,c0b6c893ad45b5e7ecde36c57a7e61095b835df5f0172f260ab4db552f4d7954
WT blade defect dataset/Annotations/67.xml,534,9ca163dc17bc95110ad84a87a84dac02665afa65ad5a9d6dc710d8dd788ffab8
WT blade defect dataset/Annotations/670.xml,771,c93e2cbfa6bfc580a547df71737bd2c7a0d4f8c669065ff274de8675e58f67fe
WT blade defect dataset/Annotations/671.xml,772,30a985cb7dfc107fe87719953055247c6b18c15fb718534071e509896e988b8e
WT blade defect dataset/Annotations/672.xml,1014,a9a3669a80e26f160effcc5b5aa9913be883ac72c975c725342de34e16797e10
WT blade defect dataset/Annotations/673.xml,540,ab5f1e0e723d25b00c14e64cc11bb257f516416a1210d588dfb5168a8786f7a6
WT blade defect dataset/Annotations/674.xml,540,5d5d8d0b0de92b0f1ad0c7b320064e23ce6c7ff5794dd921469d702942394527
WT blade defect dataset/Annotations/675.xml,536,dc2b994dd4aeb25386f29e8a38a329aeb9fca6976a7e76e8aebf7a18bd5bc455
WT blade defect dataset/Annotations/676.xml,767,3dd916a53a08cfd8e0dfbc13e7d5afc7d383da1c64e1f10dcc7e67575bf6d91f
WT blade defect dataset/Annotations/677.xml,536,b5c126d033628a9b9cc160b02cc699283e907fc22e137afcb2464445be75a435
WT blade defect dataset/Annotations/678.xml,536,a44b71aead5cfa01b93ff4d1b8a52618f8ae8883321099078887469c9cfb415f
WT blade defect dataset/Annotations/679.xml,540,b3720de8ca356edebf7040eea56a611734fcf6384bf9a9c6054fbfee389d10c7
WT blade defect dataset/Annotations/68.xml,765,4f3d6e1fe020a3ca0d01dfb23c16ea29ed166ab97edf36cb34046ef0287fe82a
WT blade defect dataset/Annotations/680.xml,534,458acfe2a070c91257a39d6e5e063cca2b6537405dcf928b5eef4929bc1c8f1e
WT blade defect dataset/Annotations/681.xml,776,2ce2788adf8cbab13b67379dc6919e0759451fadad08631fb35d27a034229559
WT blade defect dataset/Annotations/682.xml,767,d575c11f5beff796197d9b2443e4fca75aa95377fe19de6cfcf10f6fd4739f4b
WT blade defect dataset/Annotations/683.xml,1009,481d00c229d6800167c86941b5616164a087ad498ed310e8c00e2e5b55a50a53
WT blade defect dataset/Annotations/684.xml,775,fba2dfbce8e28a7f3950fa3dae35d14b8e1011000c61bb9bcf5e7bee16e951cd
WT blade defect dataset/Annotations/685.xml,756,2014c5b05bec90848de8b0f2f85235392cc62f339387046abc2a7f9b6711c3ca
WT blade defect dataset/Annotations/686.xml,539,cdc9c1941cb4aa333af3ea782d10790c242cc2facd2fbcd3c1e8d9d7c118242c
WT blade defect dataset/Annotations/687.xml,540,e61a81f23d64a196e3ffebfc265d3f806812c3fff8891ce5707ed7d2f6a0cab4
WT blade defect dataset/Annotations/688.xml,539,9551c7703151a078a3b0e2bdf59636196f08c1514d44107b3fc0bc5aa290037d
WT blade defect dataset/Annotations/689.xml,1254,c889764be9b058b39564af419f4957c3d1c1d33d0cd200727ab72acbef968226
WT blade defect dataset/Annotations/69.xml,754,94d1e2acc2406e1702a0ceae46c271f60bb05b2cc8b9af0983c7c44e9c9407b5
WT blade defect dataset/Annotations/690.xml,538,ec442b4ecdb3d87b7b0c2a332daab1c04c5ef01bacb406a501592b7081ebaf59
WT blade defect dataset/Annotations/691.xml,531,cee48cad0c46d88104f4731cdbdadfecb148a191dbf58018dfc5a7cd9f4ba699
WT blade defect dataset/Annotations/692.xml,530,791e31ab99c4b219d45b0628ea6da3a6b42c9aebafd81a262ae5240efb8557f5
WT blade defect dataset/Annotations/693.xml,536,f9b4aa18bf9480d192d0067d3319f4a0b8391b1cc9b092ffac3ea6ae1d3c978d
WT blade defect dataset/Annotations/694.xml,535,f1045358a6e3481c2c4529e5e11bb673f601e35ce137542b223ec46d14ab5f9c
WT blade defect dataset/Annotations/695.xml,767,f3870378c951ce473ef1b573d3f55bac67f184300e2bdbf6b141017b1b85ff55
WT blade defect dataset/Annotations/696.xml,767,17dca000c471e75dc60fb7336dc63afc1041a48a03f7afacdc7f4debd547e695
WT blade defect dataset/Annotations/697.xml,767,0460380beee6aa3077ca40534aabb0bb0e935426980e06e7f85c67e304f42319
WT blade defect dataset/Annotations/698.xml,535,0664adea7fc624aaf03eff076444e25f1027304738a521b71d112d499b693757
WT blade defect dataset/Annotations/699.xml,539,bffa3a0199ab86955f801db1a6aa772dc8ce398c887078829181d467baf432cc
WT blade defect dataset/Annotations/7.xml,532,72812b812d1534c2c8f8289e1ad413e3c1830b48545902d6f76aa19b2dc5a167
WT blade defect dataset/Annotations/70.xml,754,f7b6e105f581a1fcb9bb1e6fcc2794186404b40be9f398a8f3dfcf588bcf620a
WT blade defect dataset/Annotations/700.xml,541,c52f2cdba7f254332a165da4b7111e655a69d26b30a39fca2d84c15b16b75e46
WT blade defect dataset/Annotations/701.xml,532,411e0866a00be020fd08c01f8737a42c94c5b30b935086b53878dff946cf8d6b
WT blade defect dataset/Annotations/702.xml,774,a38b47a8e7b5b6963ea385d8e87d4bc551fafa2020d1014dfd2b1ba891e56fbc
WT blade defect dataset/Annotations/703.xml,534,747501ca2797d14e6c42f6e2b0b31fe280f944585891134c66944b5da19fd727
WT blade defect dataset/Annotations/704.xml,535,db48bc55ec476892a2453f5f6eea055a3898849fa9bab0227404b15aef2515e7
WT blade defect dataset/Annotations/705.xml,536,c58e02da35e5449b354bde717014182d1d88137f7017bce0a1c00f6cb773d172
WT blade defect dataset/Annotations/706.xml,536,0eaf1e01c152d9eaef971becee95f85e40625d1ec4abc85842a44bd369697e0a
WT blade defect dataset/Annotations/707.xml,534,e81d614f9678e63f0442a21836309d8380af6cd222ee37e52da586a51237343f
WT blade defect dataset/Annotations/708.xml,539,2dd70695b879b760f8bfe32d9f4bab15db20650f16ae398e51dd2ecc6b126ef3
WT blade defect dataset/Annotations/709.xml,536,78ffc01871bfe2aa857a2a9ebe9618f6ad9345e99b90d437660ef48e9486a7b2
WT blade defect dataset/Annotations/71.xml,530,4782dc6beb6441c28ecade8036e19b5e8693c3edf6ced79e4198eb876cc0a65b
WT blade defect dataset/Annotations/710.xml,531,c215214258ff699d89618c0ff62c79f96c293441f7348a6c2e8c49679c6dae06
WT blade defect dataset/Annotations/711.xml,540,0743d3281668d543889a5b89b9bb8900765b30901b1190972d9286d028b20d1b
WT blade defect dataset/Annotations/712.xml,535,47eefa9464e09ef2abea8c8b28a2c85f4a5e5356f1e9dff492438746df2e530b
WT blade defect dataset/Annotations/713.xml,530,669e9a0be4f4e840954ad07892e19c59b9b184b598d583781029499d8b343d20
WT blade defect dataset/Annotations/714.xml,536,2a37f3498c3f6d5980bd7c32c80c504a31a019c95b691bff07d8f19da775ea79
WT blade defect dataset/Annotations/715.xml,540,3aad2ef0e68f5a2c1e1958782a042d5a3ff3b002a4c746cecb9552b431003936
WT blade defect dataset/Annotations/716.xml,758,34e5b75cbacdf9efc171f59f58fd098b6b05a73905a258c017d098469aae8d77
WT blade defect dataset/Annotations/717.xml,762,75347d50fdb0881b34818f400922cf4f47f309032b192387b5d1ee2fbb9cddb7
WT blade defect dataset/Annotations/718.xml,536,edcb83e438899f12512ffae4892ca16dacaa96321c182d1051cddc6bb3c5a8d4
WT blade defect dataset/Annotations/719.xml,764,42828373cd29f1f5e3ee86ad312bf4f7d3a4f69d4f5fb194ad15cfe3e275ab0f
WT blade defect dataset/Annotations/72.xml,533,4ed4a3a370fdf0cf2e67797398c5d38d5bcda890822cc27cfb3cb67c4ce6282f
WT blade defect dataset/Annotations/720.xml,535,a66ea4bbe50713d57ae06f570d923fd0ddc1fed58f61ddb495f74c1ebd4b0751
WT blade defect dataset/Annotations/721.xml,535,87bcd61045494a36b85c89230d062c7c3f1c147227547d4989ac7d6be16021c3
WT blade defect dataset/Annotations/722.xml,534,d9b3177164b4771b9212e7bbb302c26acfeaf54e06bac5968b42eeffa33a6a94
WT blade defect dataset/Annotations/723.xml,536,0ab0bc3be68656a10682544e65d8905b47a537052ca5a70821c01f2b0c3a9afd
WT blade defect dataset/Annotations/724.xml,543,7f35fe5f831ae9d0052ceb08d8430865bde2fbb6aa6c10fdac549dff0218982f
WT blade defect dataset/Annotations/725.xml,531,27be47e670126db6027465b2e6793608450fec1acc8194468a3ee4564bb97ce8
WT blade defect dataset/Annotations/726.xml,540,a6e402391215854bc448829035797b9e6431584fdc6ce4b6fbd69797dc151c61
WT blade defect dataset/Annotations/727.xml,535,303a04f675b946710b99465de7e6e15d9bd7a8b3431ac006823b52b272255290
WT blade defect dataset/Annotations/728.xml,769,11b14522e045d10511f0a6a2f7183ae0d0608323ecefaef155afbb6b31a20480
WT blade defect dataset/Annotations/729.xml,536,a738bfd95bd8370275e65f2b998869f9eb31f01698bd367d66678078c6ca130b
WT blade defect dataset/Annotations/73.xml,538,8b89643e48f45ba8b9ec094bf458df4f0b4c35fb571de87ed09b22099cf5978a
WT blade defect dataset/Annotations/730.xml,761,40f6d7a8708fe0eae205cbccaee933efc90dd3474ec8789fdb47a39fff397ed1
WT blade defect dataset/Annotations/731.xml,530,0597e90a3b77eef6f4a95e6e55f072a9d614525b4d86d3e320c9966c7747b90d
WT blade defect dataset/Annotations/732.xml,534,2b6195a46cb72790a7e7ba0341e78f486b590f55206a9238ce84160663a455f5
WT blade defect dataset/Annotations/733.xml,764,e9bca86139c251acfc7358cdb53f3b93bee619ab906e04e580ccc880f9d38683
WT blade defect dataset/Annotations/734.xml,531,0426427d5c16b00dfa89e5f10956bb55c120bc1af7c72cf3258ce3b7d5f51a8e
WT blade defect dataset/Annotations/735.xml,530,4f3c10e6e14f182e2f967248f057cbee5f65cfdd20315baab09edf10c498ac86
WT blade defect dataset/Annotations/736.xml,531,c2cbce4ef8f18c48acd43950a18da825239cc3ada62e4037c80e873a1be7e02a
WT blade defect dataset/Annotations/737.xml,766,c11b98efb09c0e2cdfe95d402e617e8c523d2f0a8ffa875fa68a96fe7711f6c0
WT blade defect dataset/Annotations/738.xml,531,ff8c7c0104a82130248f29e0d0f3468ea102d4049b557f29a793d8ca1f2d2697
WT blade defect dataset/Annotations/739.xml,756,92461de88bfcd700bcb6cdb39cbf501d7aafd4c905138bbcae7db5f64f2b1428
WT blade defect dataset/Annotations/74.xml,529,aeec7ebdf390907759e7e4944a69936441f4f5cca54629ee16accbcb1be5f23b
WT blade defect dataset/Annotations/740.xml,540,6120c7f1c732167b8b71da46d3668e7fbadb24b7d0482c3a6150cbe913b026cf
WT blade defect dataset/Annotations/741.xml,530,d4a4490f49735a48a6468f23553047aac06662dcebfb1512af48a3b7d2b49bf8
WT blade defect dataset/Annotations/742.xml,540,6e7bd7de08e3e411b8cee633cd42fe95fd9f780c169239d4cbe6c404796ec01c
WT blade defect dataset/Annotations/743.xml,772,adc94185835e531a43f073f2203901d87e025349e213917f84f38f86da513d88
WT blade defect dataset/Annotations/744.xml,539,47aee7b3e2ddbce41551510eb967d3f4694f54ed93c5edfb6bb9e69fce4b31f7
WT blade defect dataset/Annotations/745.xml,540,0ec258a70f783d0d0186c35319dcb1a95b440b5a29c91235287643b225591e20
WT blade defect dataset/Annotations/746.xml,540,3d25029614f86a687e79eae8fce6561589e68d76d9c0c033abcac2ea80b73995
WT blade defect dataset/Annotations/747.xml,1947,ab53f8268285ad72153242b543748fcd70d9205017b5a7752a05f34651f1f4e4
WT blade defect dataset/Annotations/748.xml,1007,f5ab01412082a03e41bd26ad3aff2a66d4eefab669e16f628edf5ddf600a24ce
WT blade defect dataset/Annotations/749.xml,538,1676bbf472b869d09f2550d8ba09002317c39f50f5ec2bce0a8d371d0ea95653
WT blade defect dataset/Annotations/75.xml,773,31a87e8135dc061743b83d9edef025ddd6b5528f5443598fd0c5432a6871415a
WT blade defect dataset/Annotations/750.xml,539,34c817046111b9bfbbf109d7d2f7683131e18577bfadd0587c019ae2ca3370d8
WT blade defect dataset/Annotations/751.xml,531,0a477f2f3381b860ed1f0e7ecd2e0f464750881a19545e29a4ff0452ca63c566
WT blade defect dataset/Annotations/752.xml,764,7597dd82cdc4284be075e8d65f4bab975a349b5c654b09409dbaad56a0750444
WT blade defect dataset/Annotations/753.xml,1001,c6bddebea58c5fc36514d6e8c3ad2d78e8db3c04bbd5c2f17faa5b9b14f53845
WT blade defect dataset/Annotations/754.xml,1001,79fa942771566ab8ab08f6b115d8dfa26f8837d48a680e8f64818ea5bc1fdc33
WT blade defect dataset/Annotations/755.xml,534,2802663076511d4508fa40a753e4e99a9ab9718c84e3202b60c5644004dbf374
WT blade defect dataset/Annotations/756.xml,535,714595a674a15074b0166e0de097c4d355e4a160ea739559cee075455b61b75a
WT blade defect dataset/Annotations/757.xml,766,49a8fbb59657b9feaf728d46d23b808c188db3eebb44f7953b6e64f116463672
WT blade defect dataset/Annotations/758.xml,982,c4dd0775c8b542fee98073c335d82fbb95db79a8556265561e5e4fb50030cc4c
WT blade defect dataset/Annotations/759.xml,1216,38df9354b3d98bc26faec5f5eaab16bed21c64e006b30b7220d4869e9e9137df
WT blade defect dataset/Annotations/76.xml,529,0ba6b7b4716e7a9318f8f1786b019b0b3d72335d7e476f64830e93fc72d03230
WT blade defect dataset/Annotations/760.xml,778,88ff7d5e08b7fbed3cf3e990fe53c5a19a75343c9a9a288e50fc239e2cfcb35b
WT blade defect dataset/Annotations/761.xml,764,64bc3da7ad1b2d4ee6051c819a63ff5b2dfe73b6252c4316889f7b8959940e6b
WT blade defect dataset/Annotations/762.xml,755,0e6175230df6bfb13715595862a6a40355f1ed17e7b1c385e4f23a9713fd71ff
WT blade defect dataset/Annotations/763.xml,530,d0fb88030871f22a316e6fa8b5345a1d6ca7283daa894c395766f4d041f8106c
WT blade defect dataset/Annotations/764.xml,768,3316a9b3cf0acb88b8a8c0c86ffc0fcec2687bc660037407f4632870852652e5
WT blade defect dataset/Annotations/765.xml,531,860f4677de6c0a87c92dcf63a4c68d8a6d7cfecdc338f336f06b85371dcf0370
WT blade defect dataset/Annotations/766.xml,1226,1eb725dd7ec8b4e5d52a17b2516f9389ae3d1e01c9def8ed34b363936d801f1a
WT blade defect dataset/Annotations/767.xml,540,2590d0e6ebac624387d5375d0b347fd5ae2a944d7b06958e2b90354bbb729aa9
WT blade defect dataset/Annotations/768.xml,536,5036768d6f0d3ecc3e27d4a1c8f1c1a8da213f8bf368a2d0e8f7ef0e4430c858
WT blade defect dataset/Annotations/769.xml,536,63ad21b7e0d63df1cad7edd542b29546a093ce424cf993fc0253ea8a0fb6384d
WT blade defect dataset/Annotations/77.xml,537,e78386ad5205a67b652cf6ccd12f60fa08712498721954b555613e72ae49f430
WT blade defect dataset/Annotations/770.xml,539,06f4a68d831d25fb6b9172b428a37f7ad5acf9dfaedeea21744529aeb1e93a32
WT blade defect dataset/Annotations/771.xml,529,80ecae40425ba2d48651e819b84f27aee636e8965bd38c95620a0a8a07af179f
WT blade defect dataset/Annotations/772.xml,776,109f3267938c048465c98dfcf9ccd84a50548da706c5536bbb7378768e3c528f
WT blade defect dataset/Annotations/773.xml,757,f90e5db78bf19ba895d6709122e5fbab89e9b4bc2a05c49ff46e1593065b43f6
WT blade defect dataset/Annotations/774.xml,531,67b3159999f7d2ffe3fb634eb0a8fba769af34ed48883a3307151b364c47451f
WT blade defect dataset/Annotations/775.xml,770,3871fc9fee959dab299f4e5b028de6ad9877834b8777413d893d6d263802c459
WT blade defect dataset/Annotations/776.xml,531,ca3a94df4465af98ef7b166be6db42169154144a40cdd0b8b9e086387ba21d22
WT blade defect dataset/Annotations/777.xml,535,469e07ce9b5104e52f2958521443b698611620226b18617c95af3e1a9b9295ba
WT blade defect dataset/Annotations/778.xml,534,0b859d9c05529bd4290e72dbff38f4bffc093606099386118cd78eff068846ea
WT blade defect dataset/Annotations/779.xml,531,8db207aaee4be99683b911dade43d40907bcddc6b2586b0f0381a300e7b1e5a8
WT blade defect dataset/Annotations/78.xml,529,2fcf874fe3ae784032b924f04bc4f870868f389e39535ef31029d1d8362c2583
WT blade defect dataset/Annotations/780.xml,531,74f033fdec4ed32a5100a97ed0024f7dbd39f9b5ea782799a96089cc92173a33
WT blade defect dataset/Annotations/781.xml,535,00d7b8089f540ab0b3b56c7b5f3f58141b946415b6250a2c1f89a85bdef6c4ab
WT blade defect dataset/Annotations/782.xml,992,4ef63e538bc40eb9223b1bf55492768078914f867bd8465a059dfdc65f25b946
WT blade defect dataset/Annotations/783.xml,758,bd341940dc7f392aa2a15bde777e9b233bc054844636e40d2a0cebbf5792e2dc
WT blade defect dataset/Annotations/784.xml,531,6b12267f706e5d7bb60406e4759e391665225d4601eb59c188213db2e7e91322
WT blade defect dataset/Annotations/785.xml,979,b368ad08c877f3b6f5c9f889db49aa8fcdcccac454b353dd9c5ec3f9520fd52a
WT blade defect dataset/Annotations/786.xml,530,ac46c32f3386b7f692a64bea3d9332562e7388656aa747f86c3892140bf7d6b6
WT blade defect dataset/Annotations/787.xml,532,73a940686e3f4d8ff9f8b3015fbe9b0de076cf22fd2397ad109d986e1fe2ba4d
WT blade defect dataset/Annotations/788.xml,531,f16470d5c7d5b6c75e28ee0e0af9e4777cabfe38c8b054230560fe07d60fc9a7
WT blade defect dataset/Annotations/789.xml,530,5ceca57119b55eb878c6d3640cabb976aab3f9bab8170318f6afef1074819c7a
WT blade defect dataset/Annotations/79.xml,538,7223db46f6d6c8731f60520523bf4c985858122efe9a956dbc9cb095722a19e6
WT blade defect dataset/Annotations/790.xml,756,05ea81506a50f71134423d735266e60ec961b08a22a24ace30ec5e406007db79
WT blade defect dataset/Annotations/791.xml,538,d37e3531a44eee202b0a1ee51023753516128d6367fac3015990f9b888c6a5f6
WT blade defect dataset/Annotations/792.xml,756,55f8999968c7ad944573867ef51138b94e332c57200cc4377fc7edb91eef0512
WT blade defect dataset/Annotations/793.xml,531,8beb2a006554efdd44943b57aa5ad0ba702692a470f96040d9ff3d753aef94e1
WT blade defect dataset/Annotations/794.xml,539,bf7b9932a11c4e19ca8544d4148adda7f52321df2c231d4aef9027eb9000f4f6
WT blade defect dataset/Annotations/795.xml,531,e58582e84549b0325a715c9fbdf17e9dc5aba2750029bd1ec16693414e34ce03
WT blade defect dataset/Annotations/796.xml,774,e2e9fc8f83a68ba99e64ecb78fdc8e0ca358a437d14654f953b21f57aafc891d
WT blade defect dataset/Annotations/797.xml,531,8dfccda2550514675e28a42c1416dc4680469167c80826410ccb8e616cd3ef59
WT blade defect dataset/Annotations/798.xml,531,aa798ef622d46e3d65a351c4b3bf70c1948889589e087e4713f462e41e438b02
WT blade defect dataset/Annotations/799.xml,536,3866aae23ead7431ea5826acd4e59b18bd10c09160238520ab462fd1855dc6f1
WT blade defect dataset/Annotations/8.xml,526,93e6274942e44aa141bceef9b2602677821e4d2057bbe9fe251b1f765eb7340f
WT blade defect dataset/Annotations/80.xml,981,24a578f886c7920f45ea6bef34536a3fd63956bf6d2112da43a710bdcfbaae03
WT blade defect dataset/Annotations/800.xml,529,27a7af395d5042be6039ffc55874aaa3506f2fa6444aed062bfd7a936ac9442a
WT blade defect dataset/Annotations/801.xml,763,1d819b92c0ed15824a5d492881a1e87388b368dfebda892659dcde4321d5888c
WT blade defect dataset/Annotations/802.xml,540,ef659731a171521ca307ac29c9989c389e8e9a129e30c22244ba2609b45ee591
WT blade defect dataset/Annotations/803.xml,529,e276350458bfedc76fbda475e2a2d0e547ade0d5967e3b495ede99bcf0fc0d69
WT blade defect dataset/Annotations/804.xml,776,d32bd5e5645dfeee1a808a0b9be9ef2dd131763f76b11791c3cb9fc47c4e306d
WT blade defect dataset/Annotations/805.xml,757,e840b54b9085790343383379f6ce94287b1d65c1cb19dea14332019d7b585e5f
WT blade defect dataset/Annotations/806.xml,531,6b10d91963c1cfe6a4e5529086afbdaa65ab1b0a66e632c7507c7a60e0678d5b
WT blade defect dataset/Annotations/807.xml,531,cca366b80651c3bcf90abec8f4d955c274ea613c1622c53e9e1d6661e3d3b16d
WT blade defect dataset/Annotations/808.xml,764,b90153ece7983ff28ae92aa5e271f7d268bb851c6cbc5ebbd792a79c72f66d60
WT blade defect dataset/Annotations/809.xml,539,c21066787fd602c6dff28b87715d8ff79a12a54a743463629a030c4892cb3929
WT blade defect dataset/Annotations/81.xml,979,0fa97bd732f065558eba2a347e69e0adffb999edd3cb0e352021853cb3d0028f
WT blade defect dataset/Annotations/810.xml,767,02c971b9bbc338b0e3afea330b555b8307e1fd5fe5f7312aa086d47373dcebd3
WT blade defect dataset/Annotations/811.xml,758,f3941a4259d57a71dc6dd28844a7d2a292fb50b3a2b43b578ae2b7dfdc2df83d
WT blade defect dataset/Annotations/812.xml,535,9b0fc139de512df05246d8cbc2d94141514e619dfc6e3f49e9cb94d5f369cae1
WT blade defect dataset/Annotations/813.xml,532,2dbd629c5e3822daa90adcbc8abe1d02795fd82a48dbadff7890fa45a6aad542
WT blade defect dataset/Annotations/814.xml,536,11b83a95143dcfbb3fa59ac34b496060778348c9fea627bd1aadf6b1cc1f8661
WT blade defect dataset/Annotations/815.xml,765,0aba3feb28c7e110c587ce4d4fab99556722fae8aa9902cc6bb79edb8c26c0b0
WT blade defect dataset/Annotations/816.xml,531,31b1af00854b28fcf08742cd90f4bf59977a31dc0915f634b319247d2a41658f
WT blade defect dataset/Annotations/817.xml,539,594e17872dedf976e51e3e776bdb6564483b44d10e72e58b04253d1c7628ac39
WT blade defect dataset/Annotations/818.xml,1473,f02acad845accbd25955d31eea3dd969e9187d98afa84cb59ab59e62dcb1f98f
WT blade defect dataset/Annotations/819.xml,531,fc81928ce0c86baf6593b481849332520968e14d357cb78b26e6c0e3bab9e3d9
WT blade defect dataset/Annotations/82.xml,529,7c7484e2dd84c1c5f0d5e41da17358e4a827ae1cc0352f0b1b2f813f24ce27ac
WT blade defect dataset/Annotations/820.xml,771,60a7a80e4103a09bd6c06fa1ae90a43d8754849c7ee1546d6d36b659e2c526c5
WT blade defect dataset/Annotations/821.xml,756,2339ebe771b18a3ea898179d2fcf807bfd7da191a9602437242d6434d64cd8d5
WT blade defect dataset/Annotations/822.xml,764,2b478d1096a34c85c8e8e0025599f7c1b1c3cf1f25fc90daa9e398133c818824
WT blade defect dataset/Annotations/823.xml,536,23f22b9179cfb33b8efac111214275e137f601703f6916905e380fd58f76b292
WT blade defect dataset/Annotations/824.xml,540,6ee6f4b348619bf0c2c83cb5ce9a10e2593da513f5bdec570c47a80119f898a1
WT blade defect dataset/Annotations/825.xml,536,79e785507a4df6b3423b982667d3d2ffaa9e9c161fd8e2555ad23017c1359060
WT blade defect dataset/Annotations/826.xml,982,13a34bab0ef186563de967fdf2fffdddc05d366dfc0bf7788885af87fb1d0ca2
WT blade defect dataset/Annotations/827.xml,1704,2d8366dbfae300e530fde5194b36bd861e095ef6768a94ea0eec721ce59ee504
WT blade defect dataset/Annotations/828.xml,531,959db2b631f641325f14a4d84b41ee828c7a8f0ea626f23a3090b08d9d310237
WT blade defect dataset/Annotations/829.xml,540,b485ec04d743155fb242d13c914978ddef188341ff8dd08ca052e1b11ee5da8e
WT blade defect dataset/Annotations/83.xml,766,d64a236248f3ddd408afc742233aa2219a328359857392b157746d08baab017f
WT blade defect dataset/Annotations/830.xml,536,41d22f4b04b758886d8cc02808cc67811bb43375c4d331a130dbf85f4ab66e0b
WT blade defect dataset/Annotations/831.xml,756,e1d9135fe2fd02cc2cbb151bdc7958fc57a8307cb548dd5233e99d74b7e238c2
WT blade defect dataset/Annotations/832.xml,530,1187a132904a9fb7e33b8c083e65ac27128750cec755e2e6455172eefd06c6bf
WT blade defect dataset/Annotations/833.xml,764,4fd1f99b2b8a8e817ef1cd13765b7b6d15dbb87ddd345486a04528245cc594c9
WT blade defect dataset/Annotations/834.xml,548,cfed9dbca8083db54ab291247bec24a7e8748b2ab4913454f37bafd97e238a19
WT blade defect dataset/Annotations/835.xml,539,b0fd131a9c9cec1b52b6b02af478bd0f4c1c4244d354821ac76733b3e60321fa
WT blade defect dataset/Annotations/836.xml,764,4eced85828f2b726f504b702e0a843618c20c746eeb1eb045bdc2803a81dd559
WT blade defect dataset/Annotations/837.xml,534,0e2bf8dbb09cc1963ddcf21e9cca213e5fa1af4a8a541669b05933da5222d044
WT blade defect dataset/Annotations/838.xml,536,5ac7b023d3a28c1926bce5befbc48596bcc27f7ad036f8bc8a3d861382ee0222
WT blade defect dataset/Annotations/839.xml,784,40b485a9b7ae200a0d30a349a42797a3f08756840a14801099a2bc9f3a053fda
WT blade defect dataset/Annotations/84.xml,537,4e897e010168ea12f3730d6e836d5b1202143184e3f76f43a51761a91ee30e94
WT blade defect dataset/Annotations/840.xml,534,da4f4446f54af3ed275fe8f32bec153478c1c00fb202dccb5b31f3dfe0789e48
WT blade defect dataset/Annotations/841.xml,537,5ddc659ee382109023f889e680a213bfee98ef1fb46e9808ec8f099ece40d87c
WT blade defect dataset/Annotations/842.xml,540,3f3a9b0cfb22047c2c98f7eb9cc7710e52a4c72acd2ff74ff37f724e70640ffe
WT blade defect dataset/Annotations/843.xml,539,af93b91f6c4b42d02761cc8c128cf41febb87d18e3a69bec2c7e47ccb927c87a
WT blade defect dataset/Annotations/844.xml,757,e2d6e6d8dddc4850342f6c58b59c2b45a1084d0161e2ffe727f7b6beac3019e5
WT blade defect dataset/Annotations/845.xml,765,41670ffb1479cf0100804fbe4dd27c5ea1643e4f6c5c06295b096c5e0e98b5e9
WT blade defect dataset/Annotations/846.xml,541,2e120bcc18cb638e35f91f8f726f17457a98212287e64e2e6398ab1004a8862c
WT blade defect dataset/Annotations/847.xml,757,76577bc0c308fb1ec64da0e974c5af26185c4222e65c08c66582889dba2274ec
WT blade defect dataset/Annotations/848.xml,539,d4e1d5f0edb48acec0b31e1f53e0f1f74f96ebc546ad9ed3df4150dd1b7ab299
WT blade defect dataset/Annotations/849.xml,757,50d54ab9cccc3eef05f995562e95aaaeec38237591eb0675b9eeb62ab4867b46
WT blade defect dataset/Annotations/85.xml,529,22719c056e1dc29cd121402b6dfe8ace4da12a996d7720d7edc460cee02c033f
WT blade defect dataset/Annotations/850.xml,765,b42c581f96699da2147918627f5a25027de3133dac49982f114ff8fffbc21fdd
WT blade defect dataset/Annotations/851.xml,1480,22d9de8a0af6ac7111122b645597e8a358de5ef5d25cb7b52e0e7232f75742df
WT blade defect dataset/Annotations/852.xml,765,be03502c40ce4a338237e59d02c1c05e9782516a8d723af1c88f064bcc29f961
WT blade defect dataset/Annotations/853.xml,775,19f3ab21ab40267fd02e1e33c2dd4cd3cf02073fe397e5ad301839b02806d593
WT blade defect dataset/Annotations/854.xml,539,283b6a606b8a73d9f600b799d1eca7e886430a0a8b1346f08704bf2af90a1407
WT blade defect dataset/Annotations/855.xml,531,8b7233432db3d951f5c7436c8b1eee2836162098a9b847bac45c85f4c7cb59c7
WT blade defect dataset/Annotations/856.xml,980,bfd2c6a95015960ba35f4688e204e8f4f3c31df1503468fc0e03ee0a0fb73298
WT blade defect dataset/Annotations/857.xml,770,c87f61914ce4768dc104f302a880b4479cc2704db0c2eee62ce3d9f0b50a7ab8
WT blade defect dataset/Annotations/858.xml,534,7306a28235c92e4a6c63bda668eafff2d1b9ee34c53823afdfdd562664ccfcdb
WT blade defect dataset/Annotations/859.xml,1009,6057c2f7e8b9ac7274a0c906648039d3b3e668ffa0f7695f3f2761e9c37d87aa
WT blade defect dataset/Annotations/86.xml,534,4cba2fe7c730c5498f9ff0beb6231d9a2597e3b437d3b40532dddbafe2eebf10
WT blade defect dataset/Annotations/860.xml,1489,4be138a1a05e36564fa99535a0ab7f19e561f2b5841d5df9b37070cc99ba94af
WT blade defect dataset/Annotations/861.xml,530,a9872a66536ae3fc18282c44788510c2f58501fe672020b266e72c25ce73d329
WT blade defect dataset/Annotations/862.xml,540,4d7f4f5b879fa220034958f605815880b9ca21dd08028a24853410eaf6810b3b
WT blade defect dataset/Annotations/863.xml,548,1fa9d827c8654751ca0c5687b7bdf6b4c5ccdf89aaee385ef5e0b029d869e6a1
WT blade defect dataset/Annotations/864.xml,548,0d4b4855998aa9004e178c07c3e2cf5d886ad8e963a832b822e96a068a75b393
WT blade defect dataset/Annotations/865.xml,534,b8fe485887031752ba35351c029096605c4c11b96ec6802bec940064af990888
WT blade defect dataset/Annotations/866.xml,763,a9752c7d573ff33678a0c18aaa5479bfec74fcd48d4464494b02e71e0247b7b4
WT blade defect dataset/Annotations/867.xml,539,7a052c38c0f6d96451da28731a2eba5807bcbde9ba2e56557ea335370d1cf837
WT blade defect dataset/Annotations/868.xml,540,c5a3e5a58cd9416f14c9ff48e3425e2eae6422f6a63bccfb378e1417a688412a
WT blade defect dataset/Annotations/869.xml,757,158dc50c933ce0a5533f8fd3b326270f22cea325d7666533fe093a7a2298a49f
WT blade defect dataset/Annotations/87.xml,529,e3c7183838b248a9ac0da3d0eb25958014a519dd54bc8ca2d4de8d6834ecc0f9
WT blade defect dataset/Annotations/870.xml,761,3d905ba998fccd7f5ef3e0b67349b79f560a995e2dee20e01bb4810d04b5fe9d
WT blade defect dataset/Annotations/871.xml,771,b725db8d359c3d9d94452b1dfa29d837681560287d1bafbe2440559473492f69
WT blade defect dataset/Annotations/872.xml,531,79afa9c098fab6dd8d9581df249fd446f2f8f732a9243553c2feafa85d030a19
WT blade defect dataset/Annotations/873.xml,540,55dc7f28d4951d10885f64fddfae8bbfbf9cfb805646abd1555ecda35ef3c1a6
WT blade defect dataset/Annotations/874.xml,539,5943a17d133eeb7128f752d61fe68d0d6a0854ca8b3e0ba15b4584b8c97e5049
WT blade defect dataset/Annotations/875.xml,767,10660bc908cbf79f118182df9d495058c91a46c14d79346fcc3344511bc17964
WT blade defect dataset/Annotations/876.xml,540,02f5ce2be0208fbbc467c37e6cb7debd2c9e919d0dffacbe937fb3333973e28a
WT blade defect dataset/Annotations/877.xml,540,9e6fbc96fdada41a8c06b04c9ca863c1fa55874f3909e092adf7933b5090a696
WT blade defect dataset/Annotations/878.xml,543,0bab90b24590e330b171d8c45b943808fda4a4748f7ecc31bd3b6bb3cc4aa4de
WT blade defect dataset/Annotations/879.xml,539,4d1cda997709827b03e91c3417b3a0d66e7942f8125d5b171e95734e74440416
WT blade defect dataset/Annotations/88.xml,528,315d7844512cb236cc6d8345d08a983308411e34f99f74592a5c17704e8f1bf4
WT blade defect dataset/Annotations/880.xml,548,2e2ebb0efa1ab2f134aa1cc6676cf0b526487ef65a1ebed774120f9e7638df01
WT blade defect dataset/Annotations/881.xml,994,254dec8cbc4f6f05d3e617ad6ec2875e8af3197a5f970c5a711e14a1d28c8f50
WT blade defect dataset/Annotations/882.xml,534,7f1c06441cc6ab2ee0a4fa8cfa672e734e51651a0dedd5c190aa4513cd9ef154
WT blade defect dataset/Annotations/883.xml,763,27bc4c4e5810e73b2a48b5d76c6209bc7ccef5bd8c95c5ecd2d9d17a04a9d449
WT blade defect dataset/Annotations/884.xml,766,327fc81ae82ee5cafb79ede59a5ceda4e0a7fe5334a6f5cf30db1356ac96cdef
WT blade defect dataset/Annotations/885.xml,771,4e55b64391097829d477b5051d672d95c9a90db63900a21985630a89c874e162
WT blade defect dataset/Annotations/886.xml,531,a996f03377ed4608d6bb4e6440124279419a4cdefe802e807062ac4937232905
WT blade defect dataset/Annotations/887.xml,533,5074e3fbe3d2607dd352123c638d7ff7b0e14ae424010e39affe7d8824645ba3
WT blade defect dataset/Annotations/888.xml,529,a7aae8c592d028cf1c56a6b1f7e9e1609120f2cd075ab44a13d3f81388100a85
WT blade defect dataset/Annotations/889.xml,536,7f3700daa0963264f07ad9a1d5cdb4fad69f2e05ad54113ea5149528a0104c87
WT blade defect dataset/Annotations/89.xml,755,8d5226dfb467b696742e030486f290a69a43d23003060d467eb77964ca69c132
WT blade defect dataset/Annotations/890.xml,531,4db16befd18e5550e5e4d92f08de44cc656abdc2b81bd3ec906969e403b48561
WT blade defect dataset/Annotations/891.xml,533,ced48421eea848a4abf473ae08a8abfcb560bb19e89a2ebbe80601bb78812020
WT blade defect dataset/Annotations/892.xml,529,b041b7e1450ab4a3285098c90cf27759e7343755898c5cc5399790bbfa4c3415
WT blade defect dataset/Annotations/893.xml,538,afb0a1749fb8a8cafee890717ce8ea8e33977ae608f525ef417a5414845285e0
WT blade defect dataset/Annotations/894.xml,539,558da0034fb02fe64bb5f506609a344faacad2595f2c32b7f07381e8d20b99ef
WT blade defect dataset/Annotations/895.xml,771,97ac25b7a66dee5dd98343b964e72319e18f3b44dd9b2fb748dd937057f643ef
WT blade defect dataset/Annotations/896.xml,535,f69975b912968df8ebc1a7b5a68a7b5ccfbd34911ac9b727851f2225ed009661
WT blade defect dataset/Annotations/897.xml,539,d8eda9cb9920e5a162626022fb90793737fa4a233b9e32db9e563e75a0032575
WT blade defect dataset/Annotations/898.xml,755,f39d8870ee1a0513be932f5a2d628b7b2c22612ed7407ca10f15c16df6a18080
WT blade defect dataset/Annotations/899.xml,535,0d2c2d1a5c28886dc29d4952f3d57ed2e6d485d842f6b391d7b0e64225725cfb
WT blade defect dataset/Annotations/9.xml,541,ef9650bc621bb78027f1ea0fdcf2472a7fff79fe56024c0f273a4243a2fd4e3a
WT blade defect dataset/Annotations/90.xml,1012,37a7f040aecb6758886229589989a251c9a9a70518038c192981bc90a34b1a60
WT blade defect dataset/Annotations/900.xml,531,79c30c809d5db7ccefaaf7d7ec1e9307459f59810c7ff8b53737ea7567b995f4
WT blade defect dataset/Annotations/901.xml,539,131fb75694ea9c191367c5ddd1f1ba5b05cb9f687f207991428ad3f60864ba02
WT blade defect dataset/Annotations/902.xml,764,60218d6d8709b9febbb0618909c03ced4d155e5ec2f1ce8f1c406b6143ce6d16
WT blade defect dataset/Annotations/903.xml,531,e83071337f83ef35e36228a4db54f5651c887d4c6abc593e73379269810264c2
WT blade defect dataset/Annotations/904.xml,536,48ee0e7174b566de2b92a674cf2555b88f3b878c658c2383cc615780d3c37916
WT blade defect dataset/Annotations/905.xml,1009,cd15295d2daaa133298dfd51c8d1b2e80f01334c6b45d96f25c48aaa752db897
WT blade defect dataset/Annotations/906.xml,531,0159ab27f16fa01105ac1bedcc64caa45607dd80b83ae38030013730a252e356
WT blade defect dataset/Annotations/907.xml,540,d0e1e910b294e5f6ed0e43839ec11ade1056a34af90c97b0a0cf43049e6ff3ad
WT blade defect dataset/Annotations/908.xml,532,6ed84a986c4a5cf592a9fa15941788639de842925fe4c8079bd8a531b13d31d0
WT blade defect dataset/Annotations/909.xml,763,4df72f69ac5fd9c54cb4ac19231868912ecb376641f58906b266dc862c3745ab
WT blade defect dataset/Annotations/91.xml,534,0cf3578bea38dca092730aadf9bfad1739ca0c1d6458ce136b20d699e5950292
WT blade defect dataset/Annotations/910.xml,536,a09c6f0446b73e47f69ae886cb3916c04a3bb5881dd397937a7cd45f89e10c1b
WT blade defect dataset/Annotations/911.xml,531,bda03b1e87763c93106318e666d093e7632c29ea03e91693d5d8a7df4f5586f6
WT blade defect dataset/Annotations/912.xml,531,691e5e54d3e425ace90d8dd214d4a8cb17671fde0bbea2ed0d3a0f65c86c5fb1
WT blade defect dataset/Annotations/913.xml,757,9398a1f8804f24b2338fd5e4f3de1bdf4c13e7c3fdb01ca53dd035d4ff540d89
WT blade defect dataset/Annotations/914.xml,772,eb4534b3e8dc26e9228a085fe7f2f5b6bf85a1b32b8be964c4a39487663957d9
WT blade defect dataset/Annotations/915.xml,533,89d96cb3c9051d68dd697aefe237a304e39828c10fcbea41b79385b9e7d72dcb
WT blade defect dataset/Annotations/916.xml,536,598b1d50d05ab4c80f5d8a34ca310a4958cda5368aaac62f76ac6dd42e001f34
WT blade defect dataset/Annotations/917.xml,767,605facdf4cabf7deb623e2e3eae7046c79f66d84b7af3d24781dd56f4f1adaad
WT blade defect dataset/Annotations/918.xml,998,717d53c45081594627d94c7847d86a5c5386365233fab70985803ab59b519b16
WT blade defect dataset/Annotations/919.xml,764,9c4bc11dd7b2b496b76d1d980c07104eda72e19400627dd3257d6928db3a7211
WT blade defect dataset/Annotations/92.xml,528,d88f50cfa84ff379d73bffb87739895b343dafd9e2fc24d7b3af51c67c8343cc
WT blade defect dataset/Annotations/920.xml,533,b95e2f8b1bddee6594648faf4a189eeef1873e3735a9056e2f164286ad386ca6
WT blade defect dataset/Annotations/921.xml,529,fab4b157652290f833fe0f0d6ea9f94e13edb1f50fb39354810ce5e183974214
WT blade defect dataset/Annotations/922.xml,539,3acb98c4c1aa1816863beb827c6eae1642c325ff5e7a54cf926d7713d16cee08
WT blade defect dataset/Annotations/923.xml,540,8ee6aa89819b168c5be758b08c38ebdd0ae3c10496581d73544597d6cc542544
WT blade defect dataset/Annotations/924.xml,540,7b4ce98bf35463f5027655a6e73829fa8e361443b3e2502230045d7a1eb2315f
WT blade defect dataset/Annotations/925.xml,539,86267f3b6783d452bf4f26ed8144af872d7a27da3c724c393dc1c01c5a2a191e
WT blade defect dataset/Annotations/926.xml,536,fbfc0bb796b0f05225b636c287d222581ef2c44b60e327af6dea28e606964e57
WT blade defect dataset/Annotations/927.xml,774,0d1a683be8187a21939895372bcde114462bd6ee11ad38c3301646df3d0e3cf5
WT blade defect dataset/Annotations/928.xml,531,42a27a6b3bf06d313252fe370c99af6da3473aaa17d3bb962e833d9f4c48658b
WT blade defect dataset/Annotations/929.xml,533,6dc33ad475840388a630d0cfc43c900c4ca1882a058f108637d14aa64dc54d0f
WT blade defect dataset/Annotations/93.xml,530,eca9ef96fabdbfafd084d6dba8abe7eef03010c04d8ab9efb418f74fb692c51a
WT blade defect dataset/Annotations/930.xml,529,55e1a7c2fbba6505627cf94477a4e8c64f22bef50aeebbaeee0619729c3e8fcd
WT blade defect dataset/Annotations/931.xml,540,00760a570a8b1b6b5848a6e0a2850490fd7eb845e286f7083e6097f278aa27e0
WT blade defect dataset/Annotations/932.xml,534,a83e8d516afc53ffb36072a6d2570512db9e7bef54370f09dd9f6f69fbba26a4
WT blade defect dataset/Annotations/933.xml,540,01ecf9a48bd51ae6d98cbd5669cc446047586542e926cb3dfba8c4c83d6ef1ea
WT blade defect dataset/Annotations/934.xml,540,7ea624ea7fd407a4032f6cad1d4e35d5167c527e2f2bc59cb76b317a79f5b138
WT blade defect dataset/Annotations/935.xml,989,35279ef103a916b88da536517e493146f5da3e6ac030cfe0d3f4aa24570459ba
WT blade defect dataset/Annotations/936.xml,540,73c78e10f7b5234c8774b5034cbb0e4b1e75189614415c434a0cf1b5468b4de7
WT blade defect dataset/Annotations/937.xml,534,b2e867a83a0d69826bb0ba5e0a016e17cd9608d43a17759c6c25bda2818942d2
WT blade defect dataset/Annotations/938.xml,534,5eccdaca27a0dd6071b3ec160dd24d9efe133e4d1eb1bf99a4b8c6e6a4394a02
WT blade defect dataset/Annotations/939.xml,531,681f0bcaacb5488f40db8202e21f1b06a4eabda5b12e4f44824665d94b66e9a3
WT blade defect dataset/Annotations/94.xml,755,c570be9efad824b8c89b495bcfe506def49d9f116686a3cbdfa3e8e5c1d08ace
WT blade defect dataset/Annotations/940.xml,540,2058f6e0562a5774c58aa3b36749897b289561b0b537ea32b8515062311f0673
WT blade defect dataset/Annotations/941.xml,534,a99884ac651342afd457d179d5a9c9c7c184f96a93bc8de44ef1ad0898c95251
WT blade defect dataset/Annotations/942.xml,534,90d3d4778d59a33143d47c47b225460b7760146fc1003120f92e6affae6734c4
WT blade defect dataset/Annotations/943.xml,537,bc3b56a9c6fb7e45fccc25978a8f70aba82cdf0b4930f0d31e640c7b401842c3
WT blade defect dataset/Annotations/944.xml,771,187c297b86d02889746e219d8bc624bf9a25e568541dee089961448f3b054306
WT blade defect dataset/Annotations/945.xml,536,4fef164b3587c24765f7bbd0d2ac4b1555208814c869bd11c7e919aa3773fd9b
WT blade defect dataset/Annotations/946.xml,536,25ee9e4bb1009cd49d97f6fb57316a3815ac8bfb101aba9f62b9450da97704fc
WT blade defect dataset/Annotations/947.xml,540,d150a833bfa592e672d1f9d212a5f50f93215d40bbf0c692caa4ea27e4429dfb
WT blade defect dataset/Annotations/948.xml,531,f23904e2dd970ef8ebbb311bc88304a4c88335a68c66e5c101149609ec6c4d7b
WT blade defect dataset/Annotations/949.xml,540,1d5e74e9e4148505bda1e1286c7b3c3375c9699b46c3bcced64c2d483371109e
WT blade defect dataset/Annotations/95.xml,995,cebec17a4e5d49dc534793cbcbe0a3af5ff29167ceba23ce51409e2fb8d0bb68
WT blade defect dataset/Annotations/950.xml,540,05306fdb0efd7b9df529c959b988538c0d45c19073166b41c220eec66775b8c6
WT blade defect dataset/Annotations/951.xml,534,6624f9b92ffed30a6d67d3ba6b504301907356034c8a540ea6a3f4647e05c9ff
WT blade defect dataset/Annotations/952.xml,539,563703d3630cc0b062162e1fa6d7aa0f845dca4654680b70de8457968f865c1c
WT blade defect dataset/Annotations/953.xml,529,4589fbd185dfb25915f8e0cf37b260c3483f3bf3dbe2e0c40216ee99d2608102
WT blade defect dataset/Annotations/954.xml,540,24539add0ebb5416dcd1297c283884dcaeb3fee6ff3e0b1a497bad1214640223
WT blade defect dataset/Annotations/955.xml,543,639f23ca2d7024f0648ae929a86164db7730440ecb2305757ada1ab5a4901560
WT blade defect dataset/Annotations/956.xml,1252,bd5185c7e476eba8bcdc5685ceb4ce4df0feba1a0bd239053cbe166380eb7956
WT blade defect dataset/Annotations/957.xml,530,046c2d6d200b0fdeef416e747fa05d20fe3f3475192c1f4d8d653566fc0907f2
WT blade defect dataset/Annotations/958.xml,535,a1f86094ffd008d5f735816d43aac861c64b562952d5cc01452923188906fb98
WT blade defect dataset/Annotations/959.xml,533,1f4c810e7cfcf3738b3c79560d3604fcbe9c3abea9bd573bec3e3e814e0b37ef
WT blade defect dataset/Annotations/96.xml,774,452b127bf60a367d73507e780d47d021ada23ec7c8b8319cad358008943d0507
WT blade defect dataset/Annotations/960.xml,757,80ff3518bb51e0b378d0b301ef1d36976a791313b6bc0191649d7dd8a9da7f1b
WT blade defect dataset/Annotations/961.xml,531,9edd0ab87f462ef1a08fc1cd3cd08750b8fa5575de997a4d99f5eac5e4ac0a84
WT blade defect dataset/Annotations/962.xml,533,66aef8ea1aef910bf49a6fef70ef8fd1f2e668e1c8be33795a2719a4877652dd
WT blade defect dataset/Annotations/963.xml,543,9401859974518cd953b80e2dd0f03f78ee548d2a2e8ab6830558ff2b36621c0f
WT blade defect dataset/Annotations/964.xml,531,c71e658e6dd592b3254fbc909eb7ffccaae59610871026b3b5d734be663e65af
WT blade defect dataset/Annotations/965.xml,540,66a54ace43cd1568ddf6040754d5775bec7112dafa97de60b2553a0937a07002
WT blade defect dataset/Annotations/966.xml,1010,e857bcd0d596b76be7ca4b4221993202152f6855151104fe230982b257ad3c7d
WT blade defect dataset/Annotations/967.xml,531,a107145994528f5cc04c244d79a2b7873aacbbf3ebb3a1b54b798d7c29112be5
WT blade defect dataset/Annotations/968.xml,535,cf5393a0567b33f9e67e69474103db36aed3f2a0c3e5e4798f13d29074055069
WT blade defect dataset/Annotations/969.xml,546,f8f89bda0c55053b845ee68b7e6979149652ebe73947c3232fc97325eec1da32
WT blade defect dataset/Annotations/97.xml,529,516c64a09654146f2bd1de951b88d0a3ab2148132cf9c0f2ea52b27452e2928b
WT blade defect dataset/Annotations/970.xml,531,3664bf5014a43eca7c65c73eb0b9819afe7159194ceece810a6a28cb99b83909
WT blade defect dataset/Annotations/971.xml,538,46e2c583c9a370152c150b56983746420f3d31a2ee492473ab4222bd0e28c596
WT blade defect dataset/Annotations/972.xml,534,873affbbd25b40de68f3ecd0b6a5dba4b2d9bb9670a1dcfd7a04b4d1ea2407d8
WT blade defect dataset/Annotations/973.xml,536,7a7af912419c95532b9c76a9229deb200726138922d5f016db047a0072c177b1
WT blade defect dataset/Annotations/974.xml,1017,146ebd0ec8fc593627c482fc49659f7b7b653188c8ec9f4fe5988096f1c1a680
WT blade defect dataset/Annotations/975.xml,770,34a3622242ea8bade46f6229f6bbd832d7a89f939ef48dbe224564333dbd2cfa
WT blade defect dataset/Annotations/976.xml,531,bb1d440a87e826991109136b9e0333034c76710aa6b48aef0218787ae6a1fc38
WT blade defect dataset/Annotations/977.xml,765,312bc0d3a7f88783d73d547ae888512e8a696358a575f4aa2e844b4e1c6ae8d3
WT blade defect dataset/Annotations/978.xml,533,84a5a074b5d3fe25734e859d9b379b104ae9e0361379137826bbd1e9ea0e4125
WT blade defect dataset/Annotations/979.xml,527,94cfda0b1959861bb233ae2071714d483cd4c282aa7f6d10dd11fa39eb3cafbf
WT blade defect dataset/Annotations/98.xml,529,100007c902e15987d4268509b54bc1c6d56365ed65030244571d70ea5721a6aa
WT blade defect dataset/Annotations/980.xml,1018,c8ee4bb1e7e772d55d8cdbdc742dfaf1275c01aeb39ad7f25364d4d21576cd05
WT blade defect dataset/Annotations/981.xml,766,9ba18e39a4ab973e64a90856a59e564ce8782c6ada52fb1051fb4c7c0bed5474
WT blade defect dataset/Annotations/982.xml,535,ae7fbde263afcd6979cdc8419811a30b7f8055fdb599b809429d86f118c59986
WT blade defect dataset/Annotations/983.xml,536,0e76eb38b72cc5989164b753cf840ff52bdce29760096546fadecce04e0bf1ac
WT blade defect dataset/Annotations/984.xml,534,7c278e6611b7009bd67d40186e7ed1eb975854966a715c92fcf4081cbc99f997
WT blade defect dataset/Annotations/985.xml,536,b148c92b36e4b4f958ad4f6808795ff2584e4aed9da8d176afaeba55dc4f3efc
WT blade defect dataset/Annotations/986.xml,545,d3b6438ee4c35ac8001ebe75dcbfe0306e4b9931550d94860987b58f5b101199
WT blade defect dataset/Annotations/987.xml,536,78a6d8dfa9cbc0a02570787a5c9fc22e8ce5532f9fdda8bf6ab29a5bca36eb96
WT blade defect dataset/Annotations/988.xml,540,4cbd3d7807b399ba7d7f41e43c734c01e5a4c2172e5a9f2f24d84743df30b2c6
WT blade defect dataset/Annotations/989.xml,1005,b9dd57acb3720b69ebdce9034752b61569b8135344e0b739eeddbd76366fb5f7
WT blade defect dataset/Annotations/99.xml,534,a92d9ad755c6e123ba94cef4f8e4b1c1088d58cc93bd04d9d87b502399d67735
WT blade defect dataset/Annotations/990.xml,535,52829ea1c05db48b8e3eb525f8e2e58fc48b1bcdf9f42bc9a009df712b6e86e8
WT blade defect dataset/Annotations/991.xml,767,469d3a69211dc0f1e75301f3e777f61ff2cab6b64d81a6c93115dc6e1dd87cbe
WT blade defect dataset/Annotations/992.xml,549,684fd1359b1d9f7f240d1ff70ea8fd4b756177ce7e525d64ef863d7a53123220
WT blade defect dataset/Annotations/993.xml,538,c6c417d2bb6e9aab8400bf513e4e108081db400a12e300f0543aed256a934830
WT blade defect dataset/Annotations/994.xml,532,039f4cbc1025d5ebe8dedb1cdba5f539c1ab41ed5951108327d47e613985f155
WT blade defect dataset/Annotations/995.xml,775,4e1075e4e4f9b8bedca43f2e4de156da814a086b07f8d33afb34cefe7abc1947
WT blade defect dataset/Annotations/996.xml,531,73045e0439d8cbe4e873f78d9ac521a5868fe9213fff2f03f2fd89e539b85996
WT blade defect dataset/Annotations/997.xml,536,b4fee9f54f7543be1b849bcbbdfddf595e82119df5f95fc89c743bb6589e0a83
WT blade defect dataset/Annotations/998.xml,535,57f31d53474b64a1249663fdfa5cffd9b80fca089d435ff0f89a7d69ecb4ef9a
WT blade defect dataset/Annotations/999.xml,540,0ad83f9f88312c70457dbf980f80538a80d7393292bb2cb247ce025dce11443e
WT blade defect dataset/calculate_kappa.py,5021,357aee1b460afbe2351acd05171f16f58c8f6d1e0aec34946100373db4ba11ea
WT blade defect dataset/class_definitions.txt,66,a5810b1d86da16bd14f1da69e6fc29aac80bd7920bab6ac6f487b1228af6435d
WT blade defect dataset/Fig6_Feature_Visualization.png,1817542,64eba41c0cc8d4f52e82623b22af4e38f1bf6f13364d22beeaeaeaa2ebdceced
WT blade defect dataset/generate_split.py,1536,54377f8ae1dd74d21384bd57c58724973137c8041ec509651bd79d0ea292688e
WT blade defect dataset/JPEGImages/0.jpg,155029,362547ff383c509ca25a782c5a168fe6153eb3642980ff1e7b6eec2ab022105b
WT blade defect dataset/JPEGImages/1.jpg,62503,9caf2d6b0ee4b215fc1e614916d8e89738621b52c6b23b15682b4cf2736b9b87
WT blade defect dataset/JPEGImages/10.jpg,79755,91c8443f67d652e341707508f75ca6a91a7555a7428646e1ee3480892cf326e7
WT blade defect dataset/JPEGImages/100.jpg,54290,1ca79058b7194215941abc691cd925eb4b009a799ff6953900a71754912be6db
WT blade defect dataset/JPEGImages/1000.jpg,62417,d7f2a4cb38c7c5ddce4392e3511c5b189332fa52bafff5ea76014f07435a1fd6
WT blade defect dataset/JPEGImages/1001.jpg,19871,67b7b574598625bcafe6c8bab968e5a25b8500eab5c86e93db417c7414104172
WT blade defect dataset/JPEGImages/1002.jpg,196278,252de14dd91bbc173d463286209da45658c47adc1b9c9617239959a43303cf67
WT blade defect dataset/JPEGImages/1003.jpg,294331,c0f4e0f5e9bca50a0de62a238e3a26e93f48e189e998e9888a77ec82b0059027
WT blade defect dataset/JPEGImages/1004.jpg,75874,795955f9881336078b3fdce3ac508a0ea9cd4927e4539a54d27f2f765f6874ba
WT blade defect dataset/JPEGImages/1005.jpg,78178,abd9ac861d1386703a94f73e4864cc56bdefaa28f03f0374662c007180ae1596
WT blade defect dataset/JPEGImages/1006.jpg,100593,a7f6457e9a0d83dcf03ed6b1b81e0b825a659e29609445e972035baff0c0630a
WT blade defect dataset/JPEGImages/1007.jpg,24219,7261bbcf408a42a313a5e7889dd528842324e3995c590e02c5e0decffe2168ac
WT blade defect dataset/JPEGImages/1008.jpg,25658,b595f3854c023db1b75cdfbb36a09090c325619643f8eca96794a76344df4b19
WT blade defect dataset/JPEGImages/1009.jpg,40377,74da1a984adb8f35548298f7cae3189e83212de6f18642a0464bbae5272ba483
WT blade defect dataset/JPEGImages/101.jpg,40468,1d505ddbecfb3ce7a041fd37a2c5cdb35d9f954caae0133690a0c87c6ff7be79
WT blade defect dataset/JPEGImages/1010.jpg,38870,7fef20bccf0ad4e6ea05ce158bed33f58897d0063aba4913320cf2de69313833
WT blade defect dataset/JPEGImages/1011.jpg,114293,28524eae364f467155f370f9e82a7101e56cc68d0587627d48fe5d18250f77ea
WT blade defect dataset/JPEGImages/1012.jpg,177270,995f120123803396a206811e01adde2c514ec7ff538ef3bac5c25ba2ed8c19e0
WT blade defect dataset/JPEGImages/1013.jpg,125216,ad9c34078dde0bf1689cf392dd192c05905d0862506466ac68d65c38b16d8f62
WT blade defect dataset/JPEGImages/1014.jpg,53752,27f9ebffde8184f67da2faf5500cc30cd4f30b484108f5abcafadd0178aac1b0
WT blade defect dataset/JPEGImages/1015.jpg,72590,602c4a805533e0e538229685ae4126328b6e62129edb5e8e341d2d5132acf78c
WT blade defect dataset/JPEGImages/1016.jpg,147377,5d1422e6b4e03538eba0721f8f079a99035d1ecc145586ec64cd2e2022caff9b
WT blade defect dataset/JPEGImages/1017.jpg,82513,a0f9070920a7b9f5e0ea44cc8ae5eea4b03c7944743c5c9c8a7c9bb5adc1d2e5
WT blade defect dataset/JPEGImages/1018.jpg,121380,5a64e0a3c35cfa3783b134a4185f876fc8e4c13724868262802bc2e51b80f158
WT blade defect dataset/JPEGImages/1019.jpg,106729,a70e6c4c54dc1e54494dd7589037df32ba249b6d5e7c9b3ede2ff9b1cffb4b4f
WT blade defect dataset/JPEGImages/102.jpg,46962,78ba890b2ce45e0e5298d34f3910fa2a3b670d8939c43ecb522ffc73ff744ea4
WT blade defect dataset/JPEGImages/1020.jpg,32243,9775e764f14f14055d7d92434906edd2e2bbc38a754f7c93b02cfc7499b8fb51
WT blade defect dataset/JPEGImages/1021.jpg,77123,40e7df73a10a37fd970f7d74d03127dccab13a0ed4b7c3448768fadac064faef
WT blade defect dataset/JPEGImages/1022.jpg,66269,ba3273ca767e645de5e6a6191512b19d2b0345168444a30e88457fa6081ca804
WT blade defect dataset/JPEGImages/1023.jpg,67898,61237f713c7020822989ba09430872c1a797b80b558f8cfb13a908c091e38db7
WT blade defect dataset/JPEGImages/1024.jpg,72382,e1f84c21a1e9ad9733bd635c01c6fc6bc8c3ace93d15491ac5e498d6adc53d46
WT blade defect dataset/JPEGImages/1025.jpg,75792,5c605c1f8933150ea83cf20ab4134e0a765df0c08323cc5bf5ebd0cc93f1d58d
WT blade defect dataset/JPEGImages/1026.jpg,75297,9cbe2e864924ce51e436c8515dfc1bf8f2884ab4fb4e05765af760ccc682780f
WT blade defect dataset/JPEGImages/1027.jpg,52495,ef079af9df6d6732f53cddea9f1ea038057efb1014d259e1a1b52874596c5bd8
WT blade defect dataset/JPEGImages/1028.jpg,23633,ec33fa4e5994843df317e91ee57502af4ec22c1069307fd67ecd6f1ede5669c8
WT blade defect dataset/JPEGImages/1029.jpg,72811,c4f9859293309adfe3eb892b56369e40bd9b860598e83b4bc6ad6149ff963059
WT blade defect dataset/JPEGImages/103.jpg,39817,71a3c3fe603324f7dc4eed16cae9e587a55165173c2a34eed1fbca119f132c9a
WT blade defect dataset/JPEGImages/1030.jpg,185756,39313e5e9ef1a63bc6e0139c58b48895ed8faf7c481940fb344f81457e17a690
WT blade defect dataset/JPEGImages/1031.jpg,144280,f2d475b2025ee21a89f5b099573856411b29c483d845663f70d4f16add482c6d
WT blade defect dataset/JPEGImages/1032.jpg,95191,03a03dc2b0390d4b036bd62e36ea7c4146d6a9c7f11810d028df9affd0037b4c
WT blade defect dataset/JPEGImages/1033.jpg,131495,da8f22313eebccc4ae0996e448041b4804d2bfc16c989ea6542ae945dc385e30
WT blade defect dataset/JPEGImages/1034.jpg,69561,a71b522d8fc2326ed11b1aca4d6b649d10c8cf4db5e1cb211a2879d85350a433
WT blade defect dataset/JPEGImages/1035.jpg,78580,d43eb487be89117ca7703d68c3e164df9effe6f7adb0b283693558910efeafee
WT blade defect dataset/JPEGImages/1036.jpg,237343,ea6aa7f89058ef0c5c31731d0fc1797dd89ff73acf72d909a90b4635ad64ea0d
WT blade defect dataset/JPEGImages/1037.jpg,90381,1e75bedc024bc5c33982ec0ad14a54e0b5968c23498c318c8500a4f739f74679
WT blade defect dataset/JPEGImages/1038.jpg,90961,dfebc4005e8c007d70348ff3364c6bbfbb0caa4329809c98ff3debe1bd6efefa
WT blade defect dataset/JPEGImages/1039.jpg,263656,3411cc9becdbbc764b9a90958473fdcca828f9f45ea47d82e1cee1433d1b9df5
WT blade defect dataset/JPEGImages/104.jpg,29304,ad9d93aa6a6e625996e2f3f79bc37347939b7341ad0d8c546aadc259662c0750
WT blade defect dataset/JPEGImages/1040.jpg,73966,e6ad989471ed823ec79817552a24e1de39d619484214cb08ef7d8c0cc7a4f1fe
WT blade defect dataset/JPEGImages/1041.jpg,296174,69a50c4f58aa1869fa2ed73a5610844246a5aa603e39a56237acc85b78cd50d7
WT blade defect dataset/JPEGImages/1042.jpg,93972,c0571eceacf468d08864ec1f86904a0a75e240499f30c02a966f83f8d1cd5a02
WT blade defect dataset/JPEGImages/1043.jpg,152263,2038866aadf5f3cea88b25921c04d7afb62d9156712adcdf42ba0aef3c926dd8
WT blade defect dataset/JPEGImages/1044.jpg,107626,1b2388998f50e9e7f705c2063427ea693e7bddf3b11a2ecc2c673addbf22ee61
WT blade defect dataset/JPEGImages/1045.jpg,110899,24c8e3d0ffd347484ca866ffdf09b6c7860262711eccfe0ee00e2ec7cf467cd2
WT blade defect dataset/JPEGImages/1046.jpg,48563,a03c2a484b7b450ecc0e6cdc000f321b61d54426347b43dc80eba8d99c09235e
WT blade defect dataset/JPEGImages/1047.jpg,37967,c0814a0f2a2d0a460a10bb4606ca9ae0a0365c87384f5b9e24857d5968c835d1
WT blade defect dataset/JPEGImages/1048.jpg,34775,f6951b33b4a83088d3eac468463a5c0f0a29671e8cc676afedd0297cf0fc85ba
WT blade defect dataset/JPEGImages/1049.jpg,72208,de9cd468062ed8d5d41ff9d5cf91bb4806d695c9b975bff2a444a6db13a74d33
WT blade defect dataset/JPEGImages/105.jpg,39962,8c974b0936b6f2d48f469f77890f762afaf4fe9c3fadb1136559117980614d1e
WT blade defect dataset/JPEGImages/1050.jpg,161725,58b6a2e519303a279a07f51470c45658ed20655a67f34f4aafdf433a26c0314c
WT blade defect dataset/JPEGImages/1051.jpg,48147,3e248711afa2ff5790607b2573dc61f301531f9699000f55bedef11810fec275
WT blade defect dataset/JPEGImages/1052.jpg,83552,567870f0c9fc7cc4a284a3d320391add3dfd07b6dab6ac053ad0ef6f5a9f72b0
WT blade defect dataset/JPEGImages/1053.jpg,101813,619ad3d173e155017da029ef336dfe0e17694d0bdea41a4364a0a71ff4524555
WT blade defect dataset/JPEGImages/1054.jpg,30884,67ee82da870ca4126f8eac39e34c7e9167ba21259c4609b465f23ed53785dabc
WT blade defect dataset/JPEGImages/1055.jpg,70537,fc978cd10fb3fc316220abc4a912fc9a6b6703883f8ada64a74105189cf9b0e6
WT blade defect dataset/JPEGImages/1056.jpg,22208,d4d25d3522aa0b75d0068613db2672f7fe007ccdf8c130767cd89e5f20630f60
WT blade defect dataset/JPEGImages/1057.jpg,71092,c4ae02c1d3ad75f37d34f7f7eff6837b034074ef58b01903a653197549bb0a3e
WT blade defect dataset/JPEGImages/1058.jpg,153161,3c67f024426e814add1dc6bac50bd7d0cb58cb43745be5ad0a4163d07de181d1
WT blade defect dataset/JPEGImages/1059.jpg,74009,2fc413db5c24030c3ea1fd66877996aeb723894eb75a5b230a4281c0c5202944
WT blade defect dataset/JPEGImages/106.jpg,45004,1ff35d6ac3dbdccd4b9d348a18ef58aeeca5decc22349bb3f23edf89bb8b102d
WT blade defect dataset/JPEGImages/1060.jpg,91518,c452c0b8c13eb1b29f3edf98da1ed229e24f17ab2b0ad74dfece8ca419b28d2f
WT blade defect dataset/JPEGImages/1061.jpg,44211,ee3874565f086b763b9f40cd8fd3ee6dff1a923be913f7a20daed10e26e4e2e0
WT blade defect dataset/JPEGImages/1062.jpg,156848,13a0cbdb42d7791e9cc7381f688ed55268b432dd7bda1876c3adf60b7819ac8b
WT blade defect dataset/JPEGImages/1063.jpg,56344,df007d073a6f067ca9f3716428c54604fe0e008c8583696e02eb58dc94ff94bd
WT blade defect dataset/JPEGImages/1064.jpg,46062,8db4fec1be6acd35de8d0dc3b1dc7719ca9268ae0f48cf93468ef06fa9879ada
WT blade defect dataset/JPEGImages/107.jpg,75267,d00da8b41e228b0fbd654f95d05222e9858ab6da05950acedd75c05592b5a916
WT blade defect dataset/JPEGImages/108.jpg,66068,0796cf2130ead12ec22b078adfba60781810abfaab9a083638db4eda897d8ee9
WT blade defect dataset/JPEGImages/109.jpg,138615,79e8b1b76bd87b705fff5d66f1441080091e33020b7edd9417686ca86a6b1326
WT blade defect dataset/JPEGImages/11.jpg,47051,a6eeaecbb5ec2600788b2e4fbef9a5b056e15f67f128fef4f7f10501559e26c7
WT blade defect dataset/JPEGImages/110.jpg,72304,c1e06e22bd5ad9822485901953f67eb3771d3ab7c93f1d8eed0cc2aa8f4ac856
WT blade defect dataset/JPEGImages/111.jpg,42658,61380e22e62d233997c7aa36692b52476041c972063ef4bbd2ac6a4bfc444b98
WT blade defect dataset/JPEGImages/112.jpg,101556,5e002b7972ff197bd5e6e06cc900b2669796c79f8a66fb8373a185fb77044875
WT blade defect dataset/JPEGImages/113.jpg,55195,3f22db88431983f7ffb633a61b11e10c53b23eb4c26258f41abea1abf6463b80
WT blade defect dataset/JPEGImages/114.jpg,97707,a3f1e6d8c3b6156f61a7e376b7afc871416997ef6b19ea5bbf76f7c77c114d14
WT blade defect dataset/JPEGImages/115.jpg,85934,65c67b4a2c1154b1f10f554596607a3723a0e685a38ffb155f9e658f7c3830fc
WT blade defect dataset/JPEGImages/116.jpg,221726,2602355ad79fe4d53313538073e8c29247d906c9e868ff6606cdf4f6684f8e45
WT blade defect dataset/JPEGImages/117.jpg,126172,030e755022350316a084bf6ac22171b7af4e712e7283d065669dc418090a96bd
WT blade defect dataset/JPEGImages/118.jpg,160407,e7e8b96b6cf08d2a92a62188b1784f126a8fb0650de35657929304a79729b1da
WT blade defect dataset/JPEGImages/119.jpg,106360,e1ff0817e976bd6344f10a721aac39fa845bd140521ce025d778fab288563652
WT blade defect dataset/JPEGImages/12.jpg,39006,807b2ed999e9ddecd066d28b26426dba716556fd94fd64bc3fc7d208b55e9fc9
WT blade defect dataset/JPEGImages/120.jpg,46708,755f66288d8ae14658f556b6f26965cad9328ca2e81901c04987f5d4df67fe1e
WT blade defect dataset/JPEGImages/121.jpg,87456,00335f01ea58c32174b9937efc402c046530b26f2227cbdbe92ab23b1cd620a9
WT blade defect dataset/JPEGImages/122.jpg,128312,b759c84c4e1c8578cfd3e102901bdef813726e39601ce925b2400484d2649cb1
WT blade defect dataset/JPEGImages/123.jpg,53969,3c635fd971547687af7f0dd46c026f81eebe4e7efc89f9e5717c3b8f72fed5da
WT blade defect dataset/JPEGImages/124.jpg,86072,e4d879d0a86d49df79feaf25888b4dcfe63f9201663aa8081143f55c5db347b4
WT blade defect dataset/JPEGImages/125.jpg,61459,7a156f8839b50576e49dd6cacfe39d344896df4142ec244891278e3cdef34c3f
WT blade defect dataset/JPEGImages/126.jpg,46764,07999ec21dd74b4e703e6ac1ced0e3bd5a2c4afdfbe6fea94795338d11fb3c8c
WT blade defect dataset/JPEGImages/127.jpg,125125,e68ce1a84ce72e989b39a91d6a9849af1dc74ac5b49b6afcf0b8d4b6088e08f1
WT blade defect dataset/JPEGImages/128.jpg,48354,dd1585d99365a70ac588f1427a24d1d73d509cc8df0c99b9e817ceaa2c1a7736
WT blade defect dataset/JPEGImages/129.jpg,37881,90fa13b881c4e4aced3e239db24fdec31b7f616a1d61900900a7c3fbe4efbbc2
WT blade defect dataset/JPEGImages/13.jpg,63375,358329e3df591068ae6a387fa71adeb896afe3bebee86fac645857aedc048cc3
WT blade defect dataset/JPEGImages/130.jpg,73076,b638a40db9eb3630b36aa49d9a4e29b1c5926591870e28a8f1eab18de76cd910
WT blade defect dataset/JPEGImages/131.jpg,31368,c42157ddfef6bf7fb1c49639f735cc337e75bcc82b718072f5383b22be6ba11f
WT blade defect dataset/JPEGImages/132.jpg,152028,37591000040d0933110a60ac8415fdc6a96eeafd255b71c0ae2ed08a54d23415
WT blade defect dataset/JPEGImages/133.jpg,40331,2e3d2a62d6f69d24656edbeb6c930a1f7540b749f23c946caad4e40f2dd97ca9
WT blade defect dataset/JPEGImages/134.jpg,38488,3e1c664008fcdcfceb7f9f483855e192c7fa5296e11b42e78936e9aaf9247ee3
WT blade defect dataset/JPEGImages/135.jpg,74845,f86938685edc40290017a67fe3909c5b8a7d8b756a09c152aaf3811eaceda5f3
WT blade defect dataset/JPEGImages/136.jpg,63640,21f18a1a901731c7ba0f3b7b2c5c7e59df8b2859f210be10397b06827e7db129
WT blade defect dataset/JPEGImages/137.jpg,66933,b37eef8407f82b758654ff8629ad0c50562574148720e9c77497cc9c4b5dd5f2
WT blade defect dataset/JPEGImages/138.jpg,53495,6b3377dbe8f542477992dff3e446e7129e98a7ffc7169577f2ae24b2af2e7c51
WT blade defect dataset/JPEGImages/139.jpg,220904,d48217b6dd85bdc5075dad31b9c9b4de1e7781d885e104dd62df2d73c9f1e140
WT blade defect dataset/JPEGImages/14.jpg,25768,2b0e626ca952b0cc524057f50dba8818d052782ea4ec862e1556d6aef1e03586
WT blade defect dataset/JPEGImages/140.jpg,131079,569b7b6448c6656b610e9c49d03f1371606b4be4cc99707c501f0a57ab7d58c5
WT blade defect dataset/JPEGImages/141.jpg,39373,6cd981d735ba90b8e259c1f1a77cb3a9d267747b1b9ca63102462ab13b391eb0
WT blade defect dataset/JPEGImages/142.jpg,428193,082ccd44015dee68883dddb8c5e6853155b443cb5ddbf5cbcd9a22242c40b9d1
WT blade defect dataset/JPEGImages/143.jpg,44979,24adf44c1878b21233f74d4f874aee62561cf0436c0418180653bfed09de29ab
WT blade defect dataset/JPEGImages/144.jpg,26651,11b4df33ce9231c6c77cacd169ea1348cf212d647b1e0c1cd4cc2d57c4413d9f
WT blade defect dataset/JPEGImages/145.jpg,31098,021d5cffdd15d27fbc31fdcc7901f63f496d91f8e209e6a032101532968494c9
WT blade defect dataset/JPEGImages/146.jpg,48687,f1940ba411199b864416e5a6561c94dce1b5e738d2238f1ac73beb82295a7dce
WT blade defect dataset/JPEGImages/147.jpg,53920,2f9d4e149c9bb14c295b2441e148d1bfcd871808bc543c6fdb568ae3463afe1a
WT blade defect dataset/JPEGImages/148.jpg,37776,138497904d2ba295f066c200af2a6330d5551db2a553111c9b6d8769cc73a811
WT blade defect dataset/JPEGImages/149.jpg,65009,c246a3aaacfde1562e5b32c88fd77f73a8737bc9e158cc80d7efe1c508704a37
WT blade defect dataset/JPEGImages/15.jpg,26951,082cface59da24cd88b0045a38343b8c5d04245cb9ca5412521edd36fc62b858
WT blade defect dataset/JPEGImages/150.jpg,64717,cc1281292d788bd39985eb378e9e64ae881316f0cef07feff7f15330db91890a
WT blade defect dataset/JPEGImages/151.jpg,29205,2c5424381346d24799f1de7842b1a1b0626aa1aa936a1b9243a40d431d430171
WT blade defect dataset/JPEGImages/152.jpg,66033,1f89ade802cf2d647481e146136981d19f0f6668a9a4f43b1da956720445f015
WT blade defect dataset/JPEGImages/153.jpg,194416,d75ae5258cf6eb97a3b1184a7bba75917ba5ffb708b9fd44b7b46f0b893e1eab
WT blade defect dataset/JPEGImages/154.jpg,93640,d0804461562feedefbdd2995d35ac301d846b034421e4f1ad454dde611e5a964
WT blade defect dataset/JPEGImages/155.jpg,76233,0895c2d2474458a6e002bd7dcb3d4202e5c821d65ed4d8d370fc6d7a06689500
WT blade defect dataset/JPEGImages/156.jpg,62712,e7562d89735f991810654f47a43eec8a05e1c4c9e4e3708e882963bc7fb2b29a
WT blade defect dataset/JPEGImages/157.jpg,48322,e75d2ce53db72043de719239dccbe5d7c88d2d7f1d810c2af7f0bb1aec2164e0
WT blade defect dataset/JPEGImages/158.jpg,65770,4069d10ab2a992922156152ea209a11ff9bd95ddf5b108df492123aafedef52a
WT blade defect dataset/JPEGImages/159.jpg,36687,ffe6823c203249fe651476a2ec2666c9a263c368793a62b33ef757a1026898e4
WT blade defect dataset/JPEGImages/16.jpg,83542,ce0672e3d2f3db47b1bd8ce200cebb92fae13b8038d02b3905c4f8fd8b50fcf2
WT blade defect dataset/JPEGImages/160.jpg,68988,d9c79d5eeb0a3cdb932e7d00aae077f1a9aaf3aa70fac3af7081a5fee3d3d9a1
WT blade defect dataset/JPEGImages/161.jpg,67002,b214a5bc1c974f921478386ec25ca1ac7176743427ab1bb8bbaebf110406eb67
WT blade defect dataset/JPEGImages/162.jpg,60848,a24a2a4b29087528f422262f6da3b27fad72fbf20d012568f85828e7923274b3
WT blade defect dataset/JPEGImages/163.jpg,53765,7f63414ac85ff9a12b6f411236e2b500e1bea8422b8d8a6008e8f2dc7992a3cf
WT blade defect dataset/JPEGImages/164.jpg,37923,1dd6e9e97944e7d6d644285f3690163621bd9c4bc8f286d7c908ea167fa0fab5
WT blade defect dataset/JPEGImages/165.jpg,49102,f223e48f0afeb23258cd6f12df6b14f20476a3b43dd3489bec368cc7b50052f4
WT blade defect dataset/JPEGImages/166.jpg,32424,1141e1cefdae6d26d265fb927ceb6de6b359b75b4b3d38252a780452ebee9c12
WT blade defect dataset/JPEGImages/167.jpg,48446,e12fbe908638a0fffae0e640170900d8e6fa757a5258f25cffe610117521cc10
WT blade defect dataset/JPEGImages/168.jpg,31894,145374c329e412adc22638298e2261e9c180f5a7c80c6f288d18d5dd3cb9c9a9
WT blade defect dataset/JPEGImages/169.jpg,141818,7bbff05ddaa089d71c54a471dbb0b6ec0094fbcf0e67a96a752154c9d61934fc
WT blade defect dataset/JPEGImages/17.jpg,68468,b2fa427df6a79f2843894e5394eb5d965f2b3b79a04a950389ac0a9111fc4516
WT blade defect dataset/JPEGImages/170.jpg,111126,2a0739ee1a2e65d79d5e5df95192e281c9bb088b2fd21fcaf984935e19298211
WT blade defect dataset/JPEGImages/171.jpg,26422,803ccf12b54d94b330c21866c1aa4ce070775f7535d192ad22c25e3dcb82c40d
WT blade defect dataset/JPEGImages/172.jpg,72309,66c3b554e095654750280ea0cccc44bb00d2b721bfb81eb13d36553d37ae52dc
WT blade defect dataset/JPEGImages/173.jpg,153682,3e6abea7c4f5a876256e10db153a3d217d61c4f1d818fcfea38b0c17e9234b95
WT blade defect dataset/JPEGImages/174.jpg,45630,f8571df93e14184ea4adbc57b28eb3d278ff59a056da3a8ced7b60704de83d2a
WT blade defect dataset/JPEGImages/175.jpg,97831,4b4502b0cb56161d0e57c5e3225d3666ceb07ef0625223a220e27d7c4efe9ac4
WT blade defect dataset/JPEGImages/176.jpg,70226,fc13b70481916c14d5b8daab267753147fc8b47b6d3afad87114e72f8ea59702
WT blade defect dataset/JPEGImages/177.jpg,76293,3e2fa50082fdac3b1cbb9466d84e73653b607e70e6b33dd069e4a4f445c27094
WT blade defect dataset/JPEGImages/178.jpg,56118,32f88e640da657f9173af5f8abd7b50fffa8abf3aa95a5158a7d3f1899d2d798
WT blade defect dataset/JPEGImages/179.jpg,37373,7feb57341b2c28e551dce27c3f60a7597b502fa3de58edd4fc9e3b8cad2ff355
WT blade defect dataset/JPEGImages/18.jpg,50187,f48241f15506c239c9d590a2cef8a5c04ed1a4574e2eabb384e47c9c3c86ed65
WT blade defect dataset/JPEGImages/180.jpg,219897,cbf616bf3b857143a0091f09deab06895c1f8d37c86c7fbd3d2de2c9846fa065
WT blade defect dataset/JPEGImages/181.jpg,95335,fe5dc643bc60b00113eedc4f8ef90a97d96eaece0efc783a2bdb809ca7da944a
WT blade defect dataset/JPEGImages/182.jpg,46519,82ac1dea0d6fcdeec4c3fba647a988e2015ce653c581354e85ba5d9b33385b9d
WT blade defect dataset/JPEGImages/183.jpg,81609,fa2d2c4fc5771c28873a7daa55b0ff924ab8865c544bccdd02ff949008d8aebc
WT blade defect dataset/JPEGImages/184.jpg,40372,afdda161f64bafa82d229c8f143199f5da0831a28feacef295c8abf824bfc6a6
WT blade defect dataset/JPEGImages/185.jpg,95521,d0580feba55764f06b7045ce15f6c9c3ad454344404cc221af2fa2e9a44cd6eb
WT blade defect dataset/JPEGImages/186.jpg,200113,dcbd7eb7f4a2ae7b898a818ff4c3edadbe07b651d2cc4146032d95579bdd2fd1
WT blade defect dataset/JPEGImages/187.jpg,63022,533c793ddb57f42e32eb68e0e0eb1f199056ac3932115eddc095f4b817def82e
WT blade defect dataset/JPEGImages/188.jpg,48940,38c4c65ea8791c4ab75b0b25a19c6681ba8d751a7a7aee60fbf55915035dcff5
WT blade defect dataset/JPEGImages/189.jpg,58195,371383c661d2d2685ae3fe03f3daf6d97b611d0733fb695fe05d11a75e19d515
WT blade defect dataset/JPEGImages/19.jpg,79953,20f73bda4c65c841583ceb0fe84fb7da635363157780d831d77f043981b053f4
WT blade defect dataset/JPEGImages/190.jpg,37487,436cd4cce87fb6f5938a76a428e7fe24cc71094f8edf46daa0ccc87d66617820
WT blade defect dataset/JPEGImages/191.jpg,91999,e1d98e9f28ae9686ba08ef450713e01ce55295e4b22d82ccde998f628dbd2655
WT blade defect dataset/JPEGImages/192.jpg,131840,406f9bdac953558e034491fdf36d643b598e86aa3643117e825be7eb546e95b2
WT blade defect dataset/JPEGImages/193.jpg,71954,5bf69d47319ee10f0301049bce97f32c3863098fe11141bb2ca4f57fba847c34
WT blade defect dataset/JPEGImages/194.jpg,56905,5e56ef26abb31da0a8b8a135d86e496c766759b21a10fe9f8e159e98b3a175c5
WT blade defect dataset/JPEGImages/195.jpg,37903,80b0b243493b6ffda0fd6535efc2c92b3fb01e7446843d1628a40fd8034f408d
WT blade defect dataset/JPEGImages/196.jpg,70575,002cc9d69a2b33e55c41a7515329ac7f34496c8960f58a16fbdbe4ee6c5517a6
WT blade defect dataset/JPEGImages/197.jpg,47333,a35c26d8778bc44f5ddf67f8e583aa1dc131cfa75b6b6de93e329096359d3b39
WT blade defect dataset/JPEGImages/198.jpg,92567,f3e57c4c42a3c020f63a69cc5a6980a2003733dd0d3d62578f1fc57afc58e52e
WT blade defect dataset/JPEGImages/199.jpg,51633,38ec4deff652ed17b42a77d1556809e74ae4baa4bd46b263d6d163d9a97097f9
WT blade defect dataset/JPEGImages/2.jpg,87783,f26299242481246c605cb64d6fe573fb94c32932de4927c750d491f04caf767f
WT blade defect dataset/JPEGImages/20.jpg,62233,07cbc349d4b7eb5fdedfa8e56b5ba7e0da385757c48cfe0e8d67c4337e58ce16
WT blade defect dataset/JPEGImages/200.jpg,46028,3846acf35264eb24bc16e7db2b371db3de9753caf49d3e5b0c4170ed37e03454
WT blade defect dataset/JPEGImages/201.jpg,81957,638c9d1bce5a701296d9d632989603e749f437f088cc056922761872ffa3e692
WT blade defect dataset/JPEGImages/202.jpg,60401,472f616ed9271b659ebabc64626033592e3a5f04b0256f4bbb971a21732d299e
WT blade defect dataset/JPEGImages/203.jpg,54364,4f5362bf11e7ef2a692a67406bcb745404bcf750e0b9ec9467a48533e874e30d
WT blade defect dataset/JPEGImages/204.jpg,114112,3bb8c0de5cd2675569ae9c1f3e65e64c5eeee637dc0904a4fb197aeefea3ea3d
WT blade defect dataset/JPEGImages/205.jpg,137446,8abf8196ff3c3b8eae1698c2d9ffd960fc03d9c6e401ab94b11068634f89df7e
WT blade defect dataset/JPEGImages/206.jpg,56747,a70498ff697c65c4af7678fca5c99390c33f85ffe028988f9cc1af1eb3f475d2
WT blade defect dataset/JPEGImages/207.jpg,82796,625abbbc7278cc809d2b857a1de71241bc26d1823f9929f2ef2ee8755253fc64
WT blade defect dataset/JPEGImages/208.jpg,25459,ceaf43d91884f78f654ac63b9db3da9448bd650c9c7e67bdb922ae97512e74c4
WT blade defect dataset/JPEGImages/209.jpg,117647,6ec474936d10bfb59042660a7cf3c2d6ba3e1cb76846481b054ceefcd37fb418
WT blade defect dataset/JPEGImages/21.jpg,50280,0b3bec5329f4ed16238826c386461beb3b01b2974068a17d41a49426b91c45ad
WT blade defect dataset/JPEGImages/210.jpg,46639,6e183d9f77d73ddef26b74f2ed094b3561d54718f3f86738e7af97fc484fc450
WT blade defect dataset/JPEGImages/211.jpg,69327,cffb91046084999dcb2eb44f4bbd0d58b8d887eebd2e12da2a52982137ed76c2
WT blade defect dataset/JPEGImages/212.jpg,34979,d9a1d1bff8c0437e61c84add1c0ae0afd7bb6862d1f8f5ec66cb91b49a7bfb49
WT blade defect dataset/JPEGImages/213.jpg,78053,140bd876e166b5ea501472fa9c2834078bad31948ce5079e88d4d7588b6fa0b9
WT blade defect dataset/JPEGImages/214.jpg,83108,e4e9a1f8b47a0e93a0ae97dfc6049fb925ff2d61847c09cb2a05abb193f1fa2d
WT blade defect dataset/JPEGImages/215.jpg,36563,faf7001aa9dcaf6f2120665ed408441557114a6291c70fe46fdc086c352eb53d
WT blade defect dataset/JPEGImages/216.jpg,79581,a1a43e68dc6b88d63cc0ba0af70bb2050a149af2aa4274a31ad5801216ae60bb
WT blade defect dataset/JPEGImages/217.jpg,52945,e637f9025a4b8fb793887b3b2aed99def71f91c8981428da09c6a6a6f95251bd
WT blade defect dataset/JPEGImages/218.jpg,84567,725a980b9ae37bdc1f644689199c40e0cd95d04bf071363ac2ea4511af3a131e
WT blade defect dataset/JPEGImages/219.jpg,68667,ce73dbe782dd5017419fd887568fe6815296090d3ca729c08119c0d325742fab
WT blade defect dataset/JPEGImages/22.jpg,34601,29107b9d185279fdf216c5fe3ae01d20252fc4d6898037b02ebc86ecf571fb83
WT blade defect dataset/JPEGImages/220.jpg,36927,ab0adc18178b570ab454d56f2f354fd5fc86dbadc4af45eaa2c180a7b88606c3
WT blade defect dataset/JPEGImages/221.jpg,53013,31c2d359339f82f9205a3ee10783bccfce673e26f06b2e9419df1fe1b1e903fe
WT blade defect dataset/JPEGImages/222.jpg,52547,4b3d5da6e4099ad618f06cbdc711d29bc75af5384c258c2a8433de32f373bd2d
WT blade defect dataset/JPEGImages/223.jpg,48744,79a8f2c1f0cfb30c43afb072ba138110deb057768bac7e5223763fdcc8ae68c6
WT blade defect dataset/JPEGImages/224.jpg,53104,90d0eff9b3f038bd2d9a536fa93314d68995bf1d97d7d44b7cc3cdc509cd44d6
WT blade defect dataset/JPEGImages/225.jpg,39604,0c108307e1d72ce27700745e6fde8889f5f3eacb2beb3812625fb3ff1d57533a
WT blade defect dataset/JPEGImages/226.jpg,61258,0049a27c4cb76e5c5c786d7679378e62234b065f8207ff01cc3a0a5434b29098
WT blade defect dataset/JPEGImages/227.jpg,74834,324156baacbe05183a7f2e50939d152165506fb9e3f256200632c3a1ebec0aa0
WT blade defect dataset/JPEGImages/228.jpg,127795,2dc8445830cd11cd603875ad760f72d9b3e6f662370042ab87d6e235fdc6f91b
WT blade defect dataset/JPEGImages/229.jpg,43261,281541efbfa2bea6f75da001e3095b98aefa42025c11c507956e04e6af55e4f4
WT blade defect dataset/JPEGImages/23.jpg,47997,a9e5548d3d6b0210fc1abe88cb6233a0f474d6160f029c3533340f269cc104fb
WT blade defect dataset/JPEGImages/230.jpg,62484,6913b184a60e02b3b781fb542020b01e3c51d659ec5fad47d4c55289f4956c42
WT blade defect dataset/JPEGImages/231.jpg,38254,3183d50380dc6cba33ae12ba401bbf1b649f5475a215044c4ae98f3fc5fb59e2
WT blade defect dataset/JPEGImages/232.jpg,158617,1b1ddbbd7d0bc02c4d69a54b7a56f1c8284664c83dbec00d70b68d3314b9d642
WT blade defect dataset/JPEGImages/233.jpg,80087,4ac3b236a7444cb533d2ae2866fb5c1ec3e0361c1d910e5de9111f16791da5fa
WT blade defect dataset/JPEGImages/234.jpg,186388,f7c330c3ec276080a9332be81d81d63615b7f824ecffdd30f62e98ffc8d9a0ef
WT blade defect dataset/JPEGImages/235.jpg,66435,41e382a41bf9d2c4d60c025e286d6c0aa829d5b1f3224278c4523e166e4fe9a8
WT blade defect dataset/JPEGImages/236.jpg,131484,1d50d0d72b668821e86d99469903192ceba8945951c8ccbf6416237e1c74e9c0
WT blade defect dataset/JPEGImages/237.jpg,316564,5e9aeccc64f8446c8b21106745aeeebce4dd0c53ceb2edef6e6ef59b6a0b69ad
WT blade defect dataset/JPEGImages/238.jpg,42309,0e9e460b431532c1fb8bea6cda886972c2f28c70f37469cf2ce61bd1b7d48f53
WT blade defect dataset/JPEGImages/239.jpg,49092,1a3071856fae9ff775feb6f4a22f3072a897bc88b96c27e558418a0f91001239
WT blade defect dataset/JPEGImages/24.jpg,64159,33accffbeb08d3b4b3ab64357715e1d86b7342f3bed200405dbf787313ed460a
WT blade defect dataset/JPEGImages/240.jpg,103918,142963aae0d5da53d9204474e8fbc6c59de40e529c694916904581375e134f77
WT blade defect dataset/JPEGImages/241.jpg,30714,0f18369becb8a4e6cca46a1dcd7876db2f4770c9ec9b87cecff5ca5f6bea3994
WT blade defect dataset/JPEGImages/242.jpg,134081,b10ac0cf308c146365031e091d28c56832ecad24f16ad0c955465bef35c8765b
WT blade defect dataset/JPEGImages/243.jpg,35809,526685f44fa0ead0d42965ac43f6a2f3c33435cae8c1ba380a36a631f8da4d42
WT blade defect dataset/JPEGImages/244.jpg,18849,28d5cad241052636b8875e1cd6bb1a144f02efacbe39e27d8096ee43872600a3
WT blade defect dataset/JPEGImages/245.jpg,35769,4a94111262e953cd26d30537223bd2ba1b44c1361b2e2045b2317e3a68f87280
WT blade defect dataset/JPEGImages/246.jpg,41438,90c6578f78d3a99020a5f321bf264a4b92890f14052c391a562f69d9c8eadbf9
WT blade defect dataset/JPEGImages/247.jpg,35461,d2ab44ca849cdb4920fbc123622f174b14fc89e5bb481d05f1402b528ce86491
WT blade defect dataset/JPEGImages/248.jpg,54992,51973b14425b67999f6f8d591ad7e0c27502a2bb2ebd6555867f75f3f378e055
WT blade defect dataset/JPEGImages/249.jpg,36778,8fb99be438e0a3895c675ddafa6ae5bbbe8c8e51b79a296f0f45fbc758295e88
WT blade defect dataset/JPEGImages/25.jpg,44577,e311e45fe9e5fe531f942b8cb338222a88a69266a9c284c8024bf26a41480d51
WT blade defect dataset/JPEGImages/250.jpg,90515,26c75fb7f19e5e37cbf8bf8cacfdfc05023c3addbec6c0a25662b3d640a84741
WT blade defect dataset/JPEGImages/251.jpg,78184,30a87491b6f3241273dd7c4a77dc8bdb13f6b29b5bb8fcdf930a36173e081aa4
WT blade defect dataset/JPEGImages/252.jpg,77249,738a3fb513469c1fead64467d9014ccb4864b634081008067e1356ec589b77b3
WT blade defect dataset/JPEGImages/253.jpg,32019,6533629c84142563443ea228257a315f7fc01f3cdd3de53c2f24855bd443b8c8
WT blade defect dataset/JPEGImages/254.jpg,44276,8ada93966ed4f2ba69f90c77d67e8946f114da9aeef3749781a3f28097a33a2d
WT blade defect dataset/JPEGImages/255.jpg,59962,ff32671cb4e4fbae619e8b8e608c27981dc27caa7d57275cec9924c8e9bf5b6b
WT blade defect dataset/JPEGImages/256.jpg,102347,25755cb6f6217958a2eefdf30e94568fe0f0fe514c48dd5f1ce2b73485106204
WT blade defect dataset/JPEGImages/257.jpg,36077,84a414cb9bb1c0eeb88a4e79dcde0dde8ac0d4e0e5169e57101ab4e8bc605ae5
WT blade defect dataset/JPEGImages/258.jpg,71424,1f193ae5111b0c72ccc72b465bd27dfa4ffa0467cbe1f13a2e24be9800f41470
WT blade defect dataset/JPEGImages/259.jpg,169032,31aafa64430e8a395503c740253363c29021a23a6aead8c9ec383b125f207224
WT blade defect dataset/JPEGImages/26.jpg,49931,091d06e7a0c9a4a3e2b9d8cdd84fe1043404c1462e1f30d3add5102d860148af
WT blade defect dataset/JPEGImages/260.jpg,241737,326a7e6fb1e826635a73638d3a30e5edc97668c087d13b6519247b30f3bd861a
WT blade defect dataset/JPEGImages/261.jpg,128340,f61c39b35e5eb075377acc29080340e5396524c8e0374309b6ffcbfb44fc9de4
WT blade defect dataset/JPEGImages/262.jpg,62904,2f19a0ff4916230a5d05c91261b2ac4e1212b466c1b1a9d014ced0ed06f9b29b
WT blade defect dataset/JPEGImages/263.jpg,49669,14f4f31fd6ceeb712ae3a864d1fc806d04dc999dc1b35be7ca889457b034f42a
WT blade defect dataset/JPEGImages/264.jpg,40906,fcc01cb64d390eb46fd1a6fd9e326046e625ffa960762d39281e9d7b1a596055
WT blade defect dataset/JPEGImages/265.jpg,48729,5ef720c275b9847d44d432d078ab595e0e8aeaa8b36f25f726db81e88b759a76
WT blade defect dataset/JPEGImages/266.jpg,41475,2c18734f463cc8ca7e53ffcb9a91e936e497ea13c7c412f38fd32bd40a24de2a
WT blade defect dataset/JPEGImages/267.jpg,104754,ad0c6e36797a79cff7af1982312bc3c1a572389c5b29cc4b3906cf3bc1ccb592
WT blade defect dataset/JPEGImages/268.jpg,132447,0f54358e8e0c24f530c20085a1ca64e12fcddb3e515176cf98584dad60a35c24
WT blade defect dataset/JPEGImages/269.jpg,39503,77958afc5aa1c22162657b42666ed69919974cded9be5a618db2c0d1649b1bee
WT blade defect dataset/JPEGImages/27.jpg,60364,b4d95721b46f1071080136bdcc0af991d0ed084d54c35ff4f3c24e503643c169
WT blade defect dataset/JPEGImages/270.jpg,60141,49c52741f92ed029314399e8909208550b57d0095f6ea1b1a451e8379e08602a
WT blade defect dataset/JPEGImages/271.jpg,62406,d2c88187f4fa40fc1a8ffd8b7f1ea7b076ace979185b01b5c9ab3741ebac58cc
WT blade defect dataset/JPEGImages/272.jpg,218860,a4269bbc96117ab6136fc8dd139017aac516bc6a53906cd4906fd6c491738f36
WT blade defect dataset/JPEGImages/273.jpg,226617,d725a3c2402e379632ca05604bc06fd4059d0025fc7125cefd01cc6e1ddb868b
WT blade defect dataset/JPEGImages/274.jpg,61573,265063dbe88947a8a79863efc579f61d154fb642d12313368df13ce78e8ed109
WT blade defect dataset/JPEGImages/275.jpg,45150,9380ee88e011b9f6caf3294c6e050d1d0713de3e4d4491c7315d20d6a6e1fb87
WT blade defect dataset/JPEGImages/276.jpg,66331,e673fa1215c9f203ad0da3872070a4a150e7cedbb73152d06dc40eaaefbbae1d
WT blade defect dataset/JPEGImages/277.jpg,88485,6f861a60721f279f0e980a3a424337e8a35bc80344467bbd2def0f55ed8b5309
WT blade defect dataset/JPEGImages/278.jpg,67669,ea2595ac7d5ba00a3a7e1738bf7f747d1508fb6dc07610078bbea81ec72d2256
WT blade defect dataset/JPEGImages/279.jpg,28951,cd4b90856107b82a03bbda1ae15648f6e185efc9c03142f6c3d4924dd738303a
WT blade defect dataset/JPEGImages/28.jpg,43062,6b906dcf479a3acdecef686198086648d7b95dabb780eeeb1c543e72bc33fcb2
WT blade defect dataset/JPEGImages/280.jpg,52818,e5a0fe14139a2a0b354addce58e418ebe8c96841bb05515563a2bda717c8c0bc
WT blade defect dataset/JPEGImages/281.jpg,51906,aee3c016120ab7f36a49ccba468564f762b376330b04df4ab1582900301e482a
WT blade defect dataset/JPEGImages/282.jpg,81756,80a3eede5483bc6bee009cb7079ae51706f602b618ef053ac2523ee6eaa7c2cd
WT blade defect dataset/JPEGImages/283.jpg,141674,148ea40d6dcec32f8adff67e0e7a35654676e3aa07a663c0e06fb0e1cb243827
WT blade defect dataset/JPEGImages/284.jpg,71085,3f6126088ecca1b4cc128d5bd6376b5b1842a5dd3f7d396cb68178bfa01898b9
WT blade defect dataset/JPEGImages/285.jpg,95157,adb5ae508e8484fa5e1f7852f45e07a49339a0e3099dd109cfbe91776d837c32
WT blade defect dataset/JPEGImages/286.jpg,43463,9dd3de1036c2e90ea9761c027943f55452b20a31349fe4bee3226e346d3fa45f
WT blade defect dataset/JPEGImages/287.jpg,105506,958647410b7cb502c9c48503072f9869b6cf83155ffc2bcd1ca2471401095689
WT blade defect dataset/JPEGImages/288.jpg,66094,7caf3a100426a2ec223ea1a00cc4713b77086565e33f73455682132d79b41563
WT blade defect dataset/JPEGImages/289.jpg,87790,139f27db6e4dee60b1e1d1bea9ff831b4e29049e679c3afeb7d47df76d068f49
WT blade defect dataset/JPEGImages/29.jpg,57612,96dddb2d514547799dd9fc2bb1e44282dcf8574ca774c95c3c368b8b06ce6838
WT blade defect dataset/JPEGImages/290.jpg,37597,1a36ee347e80b0af4aaa35b392532c247998c97e2e0a15cab476e51405ec8367
WT blade defect dataset/JPEGImages/291.jpg,98485,934984d932d7530d63a00b5ee422eea806593d9f0e94c802b5b1fe7ace517bd0
WT blade defect dataset/JPEGImages/292.jpg,68722,c360891d953f00e7357d4c5be7fcb28b88382dd3b68f5a5ac0009595170ff7a7
WT blade defect dataset/JPEGImages/293.jpg,30988,06c3b626ec4b104582f589672d30aefa2832650d55b22c340c72ce1b6df8b4d0
WT blade defect dataset/JPEGImages/294.jpg,69078,4cc6f240532aabbb9d6f622f7c9c5a11a7e544685c82ca570966b4610cfd08a8
WT blade defect dataset/JPEGImages/295.jpg,46158,95003ea1753ca8279b47c69277179c87c9e6e21a8aaec8c8f8e538a26c7dde29
WT blade defect dataset/JPEGImages/296.jpg,53555,8c5de99f03a4b6006c39e765e6964645a45266be4317cc5a36519a0388018f00
WT blade defect dataset/JPEGImages/297.jpg,66583,1f1b9e040297b66d0cd3f3f805f4ce5571aed2701afa270eb426bb11e968b0b4
WT blade defect dataset/JPEGImages/298.jpg,74696,fd356457f244429d99ccf143fd77b3f46643d897282c19d9663f82f33769ed1c
WT blade defect dataset/JPEGImages/299.jpg,155717,079b955bce173b66822b7fcdabd08e4a36eb8068541e16eb22c46806ef8875bc
WT blade defect dataset/JPEGImages/3.jpg,83751,77f92d5aa52ecd64e00c308d321552bf6ed600d9c74187f7498e63b460a6c86c
WT blade defect dataset/JPEGImages/30.jpg,177330,8a2681e935865f27d568aefee2bb4424a1880a83637d15c638d88d02acb7a731
WT blade defect dataset/JPEGImages/300.jpg,79330,1883bce20e50f53830e077f11779e9921fd1de391482adfea4abb78bfaa3f002
WT blade defect dataset/JPEGImages/301.jpg,80830,83cd6beedd5b3b7ab57b953228370ad90d96aec0e1ff1cb241e737d22d380ec2
WT blade defect dataset/JPEGImages/302.jpg,53866,c045e2e572b07ef36ae7bcf8b16cc69b8a7ebc66676ec12bafc4e9842d6ebdc9
WT blade defect dataset/JPEGImages/303.jpg,59751,e934e4cb6aec6860c2aac45d5f6802e7bd19dbf5717aa21713eaa264f0d0e786
WT blade defect dataset/JPEGImages/304.jpg,40001,4d84b174fb9f0a52ad789e5f9cf8683c224307d17d929581cfe55f940e81969f
WT blade defect dataset/JPEGImages/305.jpg,64166,a078d468a2356752aeadd1d68b3b3d556d3dc20cdbed5eb52d6635a7ce2ae462
WT blade defect dataset/JPEGImages/306.jpg,291172,c32ca8e95a1765d7a2f169529a8fd40c482367084488a0ccf5884d8b51af5d09
WT blade defect dataset/JPEGImages/307.jpg,78268,538909dda43932014fa8be59d4c495f873fc97434001747be728117a90f258e3
WT blade defect dataset/JPEGImages/308.jpg,63735,d6289249c3008a8f87565b9136313909d1ca24f285841dd641091e09aae0fcfc
WT blade defect dataset/JPEGImages/309.jpg,80519,9791ed81d58f2d710c0df0d5079e71c949d0800574f33acd080695d6de16de40
WT blade defect dataset/JPEGImages/31.jpg,45792,9f5b2c8c8f7ce6a7d68f1a4b1782c80b3010c5a1416be6aaa0746e8891dac935
WT blade defect dataset/JPEGImages/310.jpg,40391,5ba6913975ba90727da1039e1bbd1478c4144e8a27fe00c1c6636c25f100bec3
WT blade defect dataset/JPEGImages/311.jpg,31666,e042287913e0cd93452e6048eee659748be5cac554fb7bf3e39551bf7ddb177c
WT blade defect dataset/JPEGImages/312.jpg,89468,a07bca8d38168c7e7ff521efb0402d2bf5bead52c7c9693b085f7d2361116bb9
WT blade defect dataset/JPEGImages/313.jpg,61901,7cd9917ad838c528726aabcdf1b94da04e348b9ad1093da793522547a8a8360e
WT blade defect dataset/JPEGImages/314.jpg,62400,deb6000484750cc59f7ed2517f986620573813890552bfbbb4e8b8859445fa44
WT blade defect dataset/JPEGImages/315.jpg,70846,bc2f2af94774c2180534489ee49ccc3396ff83a627d1c427221da5550b6483e3
WT blade defect dataset/JPEGImages/316.jpg,45415,5acbdba3ad0fc976ef757c4a54a1de41b8f5e5d8da4f0196edd7a790dc3fc23c
WT blade defect dataset/JPEGImages/317.jpg,36786,07aede4bd430167ef0b7cae489a191dd92e4dc39f32a654ae392b0a587fab8d1
WT blade defect dataset/JPEGImages/318.jpg,58021,51fd954b7d5a66d24cd07e7a500a7d187337004b87ab5bc0807600550153a151
WT blade defect dataset/JPEGImages/319.jpg,76688,92148d86751c9e53ce987428fbcf95bc8a7e0f8b169f71458dd88a0bdabd24f7
WT blade defect dataset/JPEGImages/32.jpg,68146,77abf41eafe2a8e6759d50a55d6ce206e7bc1d4583d2aea1735f49c0f0fc6a10
WT blade defect dataset/JPEGImages/320.jpg,141958,a5d5433a28882bf20c3df4abe8e62c77ab57312d3b022e13d86e59eaadd1e4a8
WT blade defect dataset/JPEGImages/321.jpg,81742,bc4df7054410e89ca998759c55d405b7f633935cc10d781dbe3de24b1b5015c7
WT blade defect dataset/JPEGImages/322.jpg,58177,2253c8b69bb3816ae5eb658d9e53e16211b7dbbc839905cc27f0e7585b877a57
WT blade defect dataset/JPEGImages/323.jpg,39518,18ec94211c38b3b5ac96b2b43078f754f40ea4bd0da021ba8f29068970bcc35e
WT blade defect dataset/JPEGImages/324.jpg,29176,f13ea688efcb4821ee7a0f72f7a94e33cf33560ac1917647dc1f500e0b6b270f
WT blade defect dataset/JPEGImages/325.jpg,90682,11e4f13f12090006fb22e4cb2eda9d4542750c55aebfa7e425862bdeddf1b6d5
WT blade defect dataset/JPEGImages/326.jpg,82485,ea0d256fb36a9f51a00691f978c892d304d12beae5f346b94fd36567ff6a5503
WT blade defect dataset/JPEGImages/327.jpg,84535,21237f353afa6d79bb2a6de59d8e2d6672c8b362c99cdef7bb20ddb1d5b8865b
WT blade defect dataset/JPEGImages/328.jpg,31413,5ba3e6b4384d166582e43f134c72da103f0d51f1900c3483cb32a09e7d5be80e
WT blade defect dataset/JPEGImages/329.jpg,29394,68b2d6984d4527bb412dd45f88582cef96f5bf1e473fa6e509cb6bdd59414352
WT blade defect dataset/JPEGImages/33.jpg,64517,d570bc62c3682ba82e5cf7177383b38f1bb82cee16fd44ea5c625eed22002aa3
WT blade defect dataset/JPEGImages/330.jpg,43221,d756f59ab51b1c8500a815f7cc7d71c9806507b1bb68a0a504dd1feb408a7c2c
WT blade defect dataset/JPEGImages/331.jpg,26429,ec87557b967eb071259c48914070aebc0c9657a9ebd4495d5a5ea928842c2a4c
WT blade defect dataset/JPEGImages/332.jpg,44976,c197b6771eaf302dd8ce25ea8592e83f9196f61c9811241dfd50f4d8e0893e2c
WT blade defect dataset/JPEGImages/333.jpg,39655,7cc4efcbfa75a7e8c1ed30aef294e5f78472c9ece12cc6d2634c327cd0204d5a
WT blade defect dataset/JPEGImages/334.jpg,68780,8b7514121224732bed2709650ebc712024f01449effe56125ff958fc912dbf34
WT blade defect dataset/JPEGImages/335.jpg,65180,da9a44fa391cd2231dfbdb5d767a1ceaa48fcc5ca642601e70f769dc76d1aa1f
WT blade defect dataset/JPEGImages/336.jpg,140347,a6f4999dc76040a1d9350efde59fd8ca5baabf5cc21a5029d2bb60e536c920b2
WT blade defect dataset/JPEGImages/337.jpg,57283,8564ed808553c7541ef5c8985752b2da5a79684e71a2c256348b9ac455bb1b09
WT blade defect dataset/JPEGImages/338.jpg,61179,62b256c80c63d96b53d2cead858bfd976807bffeafdc26b2b636cb6bf0486e8e
WT blade defect dataset/JPEGImages/339.jpg,72306,0ccbc492816c8fa94935dea89bb719d7b834b8956316633fed8057ccb0600f8e
WT blade defect dataset/JPEGImages/34.jpg,139191,7a52f0b680b59bf9d0f968088d5df7a12308b95430eb708e2748bb8eb50e8d30
WT blade defect dataset/JPEGImages/340.jpg,104580,25b340fc9ad20d62a08e0d2cfe3dc8e99d48b5d745deaa5fcb07eb7b7463c1ba
WT blade defect dataset/JPEGImages/341.jpg,96393,225b6be1d8cf3daf6683d54963c9b67ef5537a0ddeb8607a649b121b66d0c59d
WT blade defect dataset/JPEGImages/342.jpg,34691,e3b64b5b8592773595f9e1246346ad398de351d39279afa8e1e622398294073f
WT blade defect dataset/JPEGImages/343.jpg,97246,d8c2ba609756d2dd991a16a2894087dc5227f093efd741f93a78734f7a37a857
WT blade defect dataset/JPEGImages/344.jpg,59586,808f61a977d722b8dd4c9fcbacb8c8d02f5bb0653f934b612f34d1921be74a0a
WT blade defect dataset/JPEGImages/345.jpg,132592,fe35a02f8557eae0f7733e7f29f51825ed1f710542a012423caacc9a745540e4
WT blade defect dataset/JPEGImages/346.jpg,57974,47f27ecf68536da25a9ced9da64212ebb4e49b3ad2e73251ee18f88c0c1812d8
WT blade defect dataset/JPEGImages/347.jpg,109774,a8cc5b83277f3e2fa88f8d188fc01bfd0e344e23e06c57bccaed4be5f2192a73
WT blade defect dataset/JPEGImages/348.jpg,95404,b7d040d42fb5764cba20d570317cd8401c9ac7d4d8bd8ff0402b9022529e9b30
WT blade defect dataset/JPEGImages/349.jpg,32372,b7bfe1adc6b1f4a517115f0033c129c52b2f432fb6447095638a3a6b67090d9c
WT blade defect dataset/JPEGImages/35.jpg,70801,67d0169a1654a8ad9c7ee8d12788f01e0b84f70ee9ff60bed8fbe61d8385499f
WT blade defect dataset/JPEGImages/350.jpg,82008,4a1a301e2b01fe1cbb4d5d50f7343e0916ad6179ffe149786c7e576700d07b33
WT blade defect dataset/JPEGImages/351.jpg,222536,fe5c8fbc66dcef1fae8a14504828730c061f9504c5b93fae7383ad31b69443d0
WT blade defect dataset/JPEGImages/352.jpg,31493,3f44c44abd3f02b0a13d2ed1fad27cdc7087c114c866bc1d163437779ac9560f
WT blade defect dataset/JPEGImages/353.jpg,35664,df735caf8b67a3a0af7221cbff98ba01ab840cf7468b7bb284adba41079398cc
WT blade defect dataset/JPEGImages/354.jpg,49144,16fff0a03635d069c7b83c8e2a7c391a5cf34be7e6b9c95d72071ca54e939485
WT blade defect dataset/JPEGImages/355.jpg,39076,2c17245e5c15208812b1d4d7fa6509f735574b4a55820eee2190467471afafcd
WT blade defect dataset/JPEGImages/356.jpg,46928,5f1ac92c47c28715bc0ecdc0ada033e0263eacd059f8f2a034d6dcbb6704765b
WT blade defect dataset/JPEGImages/357.jpg,95443,73b716292ed02b99bc9e965ff03ae3cb874f75bc9daa7671f66b9a336121a7d0
WT blade defect dataset/JPEGImages/358.jpg,56898,94908d44512465b37844bc19d23ad9d7ef7c8bd734d9f1434ddea71c3618a11f
WT blade defect dataset/JPEGImages/359.jpg,37770,93f678533f84a71d17b873c4156764d61f3711793ad17c2bef334924881b1244
WT blade defect dataset/JPEGImages/36.jpg,105353,0214247382840dedea5009e041468fd13faba1102cc0495d9a5823d7367f9896
WT blade defect dataset/JPEGImages/360.jpg,37664,9c205f60cc7e4ddb40b16cd9678a33b6bd51f5da362cedb18b59cd8f6d29e1d0
WT blade defect dataset/JPEGImages/361.jpg,102533,91765208210a44b6b0e1cb55e46d8a6317cf2ec624bd28f981f5572d95ee5d06
WT blade defect dataset/JPEGImages/362.jpg,99156,6464de159614e59628606487b46be44bdec636b1f8ca6d25def963c4204c7bd8
WT blade defect dataset/JPEGImages/363.jpg,80469,8aca40b34103fdd35d8eee764e2f7152f4c635a11afeb3b11dba84499b3ee8da
WT blade defect dataset/JPEGImages/364.jpg,52375,b7039c67034b5e309ef624937faabf4f49a073ba3d95edbbb915bf0e539c4f95
WT blade defect dataset/JPEGImages/365.jpg,89268,12349b338f46b98fa80eb72ea558d8a4c67e782d0d7c9b33ee18b29440aee994
WT blade defect dataset/JPEGImages/366.jpg,34324,f1ee9747135175677e6bb4671c592fb18133c7e4fa5b79c7d7169cf140e1593d
WT blade defect dataset/JPEGImages/367.jpg,46026,18cb3449a3646003fe88ec7d0b2f1b1813159e0d0623c3e8f2185a18fde15878
WT blade defect dataset/JPEGImages/368.jpg,82970,50dbedebb5909db243821e1199d57048c6fd1527ac81c8b4b6aac5ca4ddfb363
WT blade defect dataset/JPEGImages/369.jpg,71280,e941ad4e7a3e8114e88633f989177d02d3a62cb09ad20bf88c6751c2e6b280d0
WT blade defect dataset/JPEGImages/37.jpg,114912,60990b80560fc21f045f41403b928c81bc88468aec6e1e3024c1539bd44ca0c8
WT blade defect dataset/JPEGImages/370.jpg,69765,a951eb93a737ab79227c0e056b89f604945ba94546a5baccdee96b821d252c04
WT blade defect dataset/JPEGImages/371.jpg,46403,b650a8d0007bf4af64fb56de4ef556dba1388523608aa560210108f1a4eb9dfc
WT blade defect dataset/JPEGImages/372.jpg,39909,db81bb001082d5938da3e13155075938ffd0a8f127e08a6f271730915b3c8327
WT blade defect dataset/JPEGImages/373.jpg,79903,256d427cd53f19fd3cbc3ce0b8184e9811d2f22164f7a6385b98893f687aca9e
WT blade defect dataset/JPEGImages/374.jpg,75956,aaa35015054e849f37fb68b7f75f33475b14a3a98487329cde81c0ea9be56e54
WT blade defect dataset/JPEGImages/375.jpg,60098,bd823c6d378524b87b84f24879453ac0c99ac5d7ff8ba9f80393caad3e6b623e
WT blade defect dataset/JPEGImages/376.jpg,83989,b47e7c3aa1753b702e77c1f2e9ebc5f35287d92bd3238e04d91fcf7f352c35f2
WT blade defect dataset/JPEGImages/377.jpg,128573,b8639b7f7e2b30a5496157007d93edc457f2cc71d3b3b6b2ab6863a5b43d1358
WT blade defect dataset/JPEGImages/378.jpg,33272,f5c19185af862d6b4339d6c275d04cc89bb45ca5898844f65b140558f2a05e2d
WT blade defect dataset/JPEGImages/379.jpg,92277,a70af8fb28364f1446563426f882380c22a601c28ec07d3e08e7efe49de09f0c
WT blade defect dataset/JPEGImages/38.jpg,79296,11f9553a678091f719e96cb57f5dca2d5681be23fbd539cec8c5dbf2731add3e
WT blade defect dataset/JPEGImages/380.jpg,36935,d524cf3c447be37082e6ab3db2a398a25032acbe60a7c1ef21e0bfb9df2d29d1
WT blade defect dataset/JPEGImages/381.jpg,39435,951a80de02f1c46b47943b510826899aebea32069daa80d94e90aec48a8855c3
WT blade defect dataset/JPEGImages/382.jpg,140228,7e25d2dac95ee248f9382c01bbe2187f4e98d9e843bab926aeacf41f0b80d669
WT blade defect dataset/JPEGImages/383.jpg,58875,979c2b909a79c4f2bfb59c6fe2e3563fda9f260c5634b55cc02f2672cdd7472a
WT blade defect dataset/JPEGImages/384.jpg,58021,78ecd0e461d7e129d6eba5cc2bd04e823346b73d1bd3ae35c8bd5b7c5e8ce423
WT blade defect dataset/JPEGImages/385.jpg,71435,a154e83bea8fe73f75f34ff51ac2d8bd6ab9523418dce5e4150f2d71d3dce88f
WT blade defect dataset/JPEGImages/386.jpg,130028,2bde04f4c3bc4717fa76925f2aa99a59ab2ca799088f5e457253010f558aadc0
WT blade defect dataset/JPEGImages/387.jpg,63920,d32fe8086b8ece8b4be905f98c6a8aae04667d9a0736bbdc5fac629ac62ad560
WT blade defect dataset/JPEGImages/388.jpg,36502,399ac6a58a34f97fced30e04efffa22bdb6daa75812afcca076a6e6a5b9cee4d
WT blade defect dataset/JPEGImages/389.jpg,54086,e2a0f9ef1d9dd40df46942cdacf3eabc32452462a578a9129895933dbe926475
WT blade defect dataset/JPEGImages/39.jpg,81903,a6d8b79c2f81c45f6364dc660e79d07f09dff6c7ab2be42986900c9c6b2bf87f
WT blade defect dataset/JPEGImages/390.jpg,39349,7ab580fa225111b65ac51d43b671c7721c6adb0c127d95217207e0c09a1893bb
WT blade defect dataset/JPEGImages/391.jpg,51812,f954599d7ef9c9c53afd738b6c8bcc3fc1f2d4fac460d6a0ca139ded8b09ca12
WT blade defect dataset/JPEGImages/392.jpg,111459,35fc476fc191c3e3da1c8584b979d89dcb11a8a330cefdd07dbd12d280bd5a98
WT blade defect dataset/JPEGImages/393.jpg,68675,2c84e2ac151bc30404459d8f2834617847e8ea8e2684410acf75d3d8653d8af6
WT blade defect dataset/JPEGImages/394.jpg,43208,fb0ad3f8bff0544dd73e33ce230018c54b67343753d3ddf2796b0893fb336a1e
WT blade defect dataset/JPEGImages/395.jpg,51423,9db3686b34b65ff898013047b8f3833239e7c60d1a33616abae0a4c07bd0182f
WT blade defect dataset/JPEGImages/396.jpg,138411,f24df8712a01b37a109733610d199a3612887da589a51dd58b40787a1a2d4b3a
WT blade defect dataset/JPEGImages/397.jpg,34843,c7efe1f8fdc2e053fc14c8bb1b7fbc41379f6a2bab21e389e531636ce751f504
WT blade defect dataset/JPEGImages/398.jpg,56082,09e432545aa1786a0b910fb99eb83f1a2efd5b9c611d53a02902c8fec65b70af
WT blade defect dataset/JPEGImages/399.jpg,41701,3f5d2a4531f0c0b0321d07d0e09bc9daad0cf574427a0d6b6a6f2bf47b4135cd
WT blade defect dataset/JPEGImages/4.jpg,41084,09de11f671f5cadf81721e2368400356968df5100a90962893f7acd3b6eccb93
WT blade defect dataset/JPEGImages/40.jpg,74361,191fc8b7f81a1517a9e28e0e3ef9f25e436d5074bfa3e007828703627fbd826f
WT blade defect dataset/JPEGImages/400.jpg,97857,ad43de7533d0c56aae81d16ab38129c667b4b89ee36dba065df5eba1dc620d64
WT blade defect dataset/JPEGImages/401.jpg,48869,08629faed6a1055e8e8980c3d42121d7436fdf4a430337745592f04e085a9759
WT blade defect dataset/JPEGImages/402.jpg,52693,295f52aff267c80ad5bb55a40ab6a8f12d5770cce8aef9e0f01424e0ac4fad40
WT blade defect dataset/JPEGImages/403.jpg,80068,cd3a2136b99a13ddcc0e5839613280a39eda6d04c1b433627b5649f00549340e
WT blade defect dataset/JPEGImages/404.jpg,86144,fbe14a165495c0efe90a672c861ade7dfb5601ec2949b77a2afa6250848cef47
WT blade defect dataset/JPEGImages/405.jpg,52794,383a72ac3d1d74f2c50cb840529e5548c63d0bd80c3e0ffd0acff5c211039010
WT blade defect dataset/JPEGImages/406.jpg,49229,abe48139eb15316845b70fc515034606a55956c62f01539d94d7689b562d71eb
WT blade defect dataset/JPEGImages/407.jpg,29718,279df85a5d927f47c436d6341c0b288ca5b47fa3080cf5970736bb1a8ed7876c
WT blade defect dataset/JPEGImages/408.jpg,67826,dc26e4bbf34d88edd0b5b2cfd1973829e6637c4b297b328ae28ff1d5af3b3c36
WT blade defect dataset/JPEGImages/409.jpg,39662,519564a01d1b103fee1aa2d9f2aa9cb79ed71a565e8262e3d1368a22588206f9
WT blade defect dataset/JPEGImages/41.jpg,105197,680221bfdd02ec8208d76e0f5bd7d6253cadc611ea11e228449075a0215f82ad
WT blade defect dataset/JPEGImages/410.jpg,82822,9249648b8c30b5b6d6607c9b28c5ec0ced90f262271f1c4f1b8d84cc89860557
WT blade defect dataset/JPEGImages/411.jpg,48505,8ebb69e3b786c161ec168ab6fd873c69eb3164b86229fea71db3f627ea7f589e
WT blade defect dataset/JPEGImages/412.jpg,145800,0fb8ad0018f748cacaf59fb2376515ef7d38da44bd5339fdb64113e8b617930f
WT blade defect dataset/JPEGImages/413.jpg,34463,0217050e582fcf555e73d3439342d0bf02cb9a8fda0bd5f2aa4ad0a98920d76d
WT blade defect dataset/JPEGImages/414.jpg,66829,b7f99610d7ff31fa35ff899983ae899f64d0fb92192993d445433156f0e64ba7
WT blade defect dataset/JPEGImages/415.jpg,134683,a796362a5f948fd183b043e96936d94020e6e23deaee89f4eb9c590ad07005f9
WT blade defect dataset/JPEGImages/416.jpg,65687,01f66ea3e3d31c83a966a3b24e0da3b23a99653e2755783de8f05885c2bebfd7
WT blade defect dataset/JPEGImages/417.jpg,32142,dde49668f3a4337dac63a6f442d5c733b510a578533516525f87ae34329482f0
WT blade defect dataset/JPEGImages/418.jpg,65630,0faddc4a518449b28e505747b253b25e577264abf21f81c69d8a408278a297fe
WT blade defect dataset/JPEGImages/419.jpg,37591,61bc0fc5522128a842101652b669648ddf2df3c6fb7819db458e7c8c9312d3ef
WT blade defect dataset/JPEGImages/42.jpg,91073,33ead05e0aa5c7b258ae8ed0c1d8ea234dc2ee14de452da2698d06c5a3739001
WT blade defect dataset/JPEGImages/420.jpg,62591,56453b2af69b76e83d00aca7d50c193073ad59cffe5cfc68dd4d54eae1fa60b1
WT blade defect dataset/JPEGImages/421.jpg,28189,f048882dc6ecdaef412984b4c462ae21fc92d16f573fee147fb4bfd6302e043c
WT blade defect dataset/JPEGImages/422.jpg,119863,ba7a165974d613fc6be6a9b124a042d6f5424f74e4b39b7af068f0571d9a1242
WT blade defect dataset/JPEGImages/423.jpg,67589,0cb7d2ade8c26e25e55c5210b9b8eff9a548bc5d45e315a5958ab984793d3454
WT blade defect dataset/JPEGImages/424.jpg,76619,6cdaa00db4d164036efd3e3a2c6dedef8a2a16706d3cca3a18b03ececadc7e09
WT blade defect dataset/JPEGImages/425.jpg,48115,56ad239845e749dd8c6a18955af5335cc8712ed42cfcc33139558baf92a9e2ed
WT blade defect dataset/JPEGImages/426.jpg,28860,ab4f5a3cc34d33f505815127bccfcca0db5cfd381be878713d344fe4048169bb
WT blade defect dataset/JPEGImages/427.jpg,52954,673b0828209608870bcc5458f50206eb552428ee69d8a2ef6bcb73ef17042bdb
WT blade defect dataset/JPEGImages/428.jpg,42065,ee3496edada3cabc9ec61aa6acb16e4946b63ebff580c2cc5dd746d0e46af781
WT blade defect dataset/JPEGImages/429.jpg,50553,e25172b833f13eed2166c2dc34fbdb8fa855f3b0f2b68d3d3778521a3cb2319b
WT blade defect dataset/JPEGImages/43.jpg,112190,4b175d68fb1ebe6ab81e76220e4f2b9d059911154c795b0fc7f4047287ce99f8
WT blade defect dataset/JPEGImages/430.jpg,90981,42d23b68eede57bee75b56bb306c775e89ca7bb3c0725c7a15aa3dc4c17a6daf
WT blade defect dataset/JPEGImages/431.jpg,33204,227b4a9aee1f9c3f35864ce298da5f76cffbceb8d953cc4ae9614a65686c2b84
WT blade defect dataset/JPEGImages/432.jpg,31668,63f5f0873551e27aaa24c4310288d92ddf0223496387a313179510b23df55bdb
WT blade defect dataset/JPEGImages/433.jpg,68842,4f903c50375184e81fc5814edbf2a6ef6a74d4c84c01040dd41051347fee4e6a
WT blade defect dataset/JPEGImages/434.jpg,76685,a9b22d6e5cd9a5f369047dd56ab2dd2729e5d7283de60a21e788a0ec4d28097f
WT blade defect dataset/JPEGImages/435.jpg,56028,506c16cd976d557be6855fc1ef3636b9b4c746293f8bca72574270c95d01384a
WT blade defect dataset/JPEGImages/436.jpg,70725,94c28063177ce03fad13b87d704f0824816485ee28c9550dd1299e9d28660c67
WT blade defect dataset/JPEGImages/437.jpg,58589,7b07ff7317c0fe682bad298aa2803fb3bbde52766bb66d4502e68172e15e8cbd
WT blade defect dataset/JPEGImages/438.jpg,65209,bf791ba5df9aafe724d20b7f3a79576b8f9a6b2b8b124b7cb5b60f683a6427cc
WT blade defect dataset/JPEGImages/439.jpg,30178,ac1b3c092153b3da50872bc23193550d02c2e281b1416e207d4bf772305bc3d6
WT blade defect dataset/JPEGImages/44.jpg,44234,04dece1cda54af3b9873a788cb1c2d9dc41b95a71f2047b29cca5c9a68cc5755
WT blade defect dataset/JPEGImages/440.jpg,30533,1986dcf24e95719157d86b85423cc92bff88002e462faf235bfbea670728ee16
WT blade defect dataset/JPEGImages/441.jpg,59593,7742efeb719223b67e2c71132edd57d42aeebb1204ce6a07a0d38876f11bb0aa
WT blade defect dataset/JPEGImages/442.jpg,103920,72e0d0a56ef4ff90e7c3d6e63fefa1060744b36e6302bcfb92ada9b3e5644a92
WT blade defect dataset/JPEGImages/443.jpg,48029,bae60e31a16d09bb007fcc6724b389f40c3ac184ab49f560b09686b5a1c7a9d1
WT blade defect dataset/JPEGImages/444.jpg,101136,6a9e20e0ae175b2d509436b1cfb7d33edff2798c568a92750b1f451b85114f32
WT blade defect dataset/JPEGImages/445.jpg,73342,9bc3d13a65b203ce79df7dd7fc6f96c371f09d84b69f3421b2c5cd134050f28a
WT blade defect dataset/JPEGImages/446.jpg,84888,3585f5ae822af4025f46bdf6ae707d423f9281c27f1be8606261accef8f73d2c
WT blade defect dataset/JPEGImages/447.jpg,71735,14685297dd4c8646014d6ba62660ebfb5206c3da7a6d3bc457c77e2951bff9da
WT blade defect dataset/JPEGImages/448.jpg,32270,0ef0f35f1bc811961c3bc15376a234d94b3422d54d92221e805e7e1244f8f49d
WT blade defect dataset/JPEGImages/449.jpg,50459,99a63cf3b77310b44a55204e288ba914c23ef576032dd949a466edaf43ffb1f9
WT blade defect dataset/JPEGImages/45.jpg,29596,8206223b5b212be6bd3b380c31aadea9d64fdb60d0a1e024c95c42ec1d668503
WT blade defect dataset/JPEGImages/450.jpg,52287,01d57dd4a7ec43d7b229c5e0692156c5e6d03d973714de5b533989388e9f5724
WT blade defect dataset/JPEGImages/451.jpg,75872,cb98763588f8e25c51b3a7850356746d105d8369b1f5247fc0d1334e851ad032
WT blade defect dataset/JPEGImages/452.jpg,36992,79f4b55116fa238b753d9c319c39f3bceaa62e292b28d8ed4818e1b3162a363f
WT blade defect dataset/JPEGImages/453.jpg,34101,2d9f64385a2bbc89d27bab9b844564544a1e4bc1356e94a88c03ed9bd6f60d9c
WT blade defect dataset/JPEGImages/454.jpg,40237,932f4681defe9b30093e001c1e890984db174712cefb2b526926206fd16b55b8
WT blade defect dataset/JPEGImages/455.jpg,35260,efdfb77fae4a7094949a0c63c528b76af94b1360e1324fe907309c3c758f7738
WT blade defect dataset/JPEGImages/456.jpg,86126,f62dd21bb31c99e4952b0ec03407166bdfb370d483082389affcf41ffdce935a
WT blade defect dataset/JPEGImages/457.jpg,79524,d747789f0671157e200dab62e14371eab94f827b2e9b92c40c9f7a889f301a25
WT blade defect dataset/JPEGImages/458.jpg,43508,90ee9efb3ac1d78192ae0c46105c0cc25f2d376996ad92b08267236c165d21d3
WT blade defect dataset/JPEGImages/459.jpg,48714,d05649127003661be2274048fcf469ca1a6255da4d23b56e2602e21a51f00304
WT blade defect dataset/JPEGImages/46.jpg,88815,d543951cbf574ec2ee58facd129d6c1f27b874f7810a9b2a2e4d1603541646f4
WT blade defect dataset/JPEGImages/460.jpg,51312,f61d5c2e3784c42b08a35bca09cf36c4f284dcff0008f5dae87e42ff05dc75fe
WT blade defect dataset/JPEGImages/461.jpg,98578,c91e4f1b00f1f47ed270d61300e596f4ee18dd1ea7b67a13bb16869cb4c5a4d3
WT blade defect dataset/JPEGImages/462.jpg,32397,d5b4b72bf1249148ff501df286038011e35d9a8bd42600fa86df7a85167ab44e
WT blade defect dataset/JPEGImages/463.jpg,50698,709221e4df30cbdda39da2a2916ec1cdcb3fdd3d7838a4d12e5e8532fa5ba909
WT blade defect dataset/JPEGImages/464.jpg,37518,ffdec3d43ed85a2b95a3d2357bd809a7570448e33bef6139ddeffd7dfc7d2760
WT blade defect dataset/JPEGImages/465.jpg,41492,ebfd7397384e624c9f622dfed9535ca6d985ae9a0243ede714fb487ceaea5acb
WT blade defect dataset/JPEGImages/466.jpg,67614,12a3b36cf42db7cf533d9d293168b7ef67fdae04fe83c5ab157f9e1280cf3f5e
WT blade defect dataset/JPEGImages/467.jpg,159137,d0b387681b41e9d912f13bca0be70f115e9fb51a997f4c494114bab1bb9fc94f
WT blade defect dataset/JPEGImages/468.jpg,91944,e91e12a4b2e70af548020594f56b22b46b41fbe6717ae0a31cbde36674dfae08
WT blade defect dataset/JPEGImages/469.jpg,68616,743c591bb688c4e2dd76e9c2c6e8f0a00b206bc41094703dad257c045b093eb8
WT blade defect dataset/JPEGImages/47.jpg,170413,06910a6c6ed2e47d26d9190f02d22b7038140b91edee6017e78b95570e061c4a
WT blade defect dataset/JPEGImages/470.jpg,36002,5ae2c873782348e11558c3f47a3f1ca76accab27cd61f792e73f0edcb108e564
WT blade defect dataset/JPEGImages/471.jpg,44141,d1f894db8c954a168bd8ef7f3f9d6a1c129d18bf6f643ed46ae2584cf369b524
WT blade defect dataset/JPEGImages/472.jpg,68576,65a86e223aac4e3df75fa1d0f1b6a9a0933728e1429402f7318e4a90851a6170
WT blade defect dataset/JPEGImages/473.jpg,40992,e45e9ff207b5263597a52085239afcf4e98cfd5c3a80d608cbacfa57530979ef
WT blade defect dataset/JPEGImages/474.jpg,28406,cf645d49099f8dafb2117e865482536727306053498e340fbc01fdea2d999fc1
WT blade defect dataset/JPEGImages/475.jpg,107276,7f57b954da8db0f6db108fa058d530f8fab85eae4315487290c17c110670ded7
WT blade defect dataset/JPEGImages/476.jpg,119690,aa6101682c1222dcfef68f86fbcdb32480b44569ee31b57cb0ae94d36f9c2607
WT blade defect dataset/JPEGImages/477.jpg,37910,31eebd31af1d8c74ae2f0be2751a16add70ed48065a73a07f14609d389aa6a26
WT blade defect dataset/JPEGImages/478.jpg,40800,a8ad1e9ea84e8d13d0e5da96d95e0c8e7770bf1a47a7aa14db62293ef64ec11b
WT blade defect dataset/JPEGImages/479.jpg,61647,27bc2ad6f959e820863c903c4697356370e85758681fc54a6f2d71904ec92ba1
WT blade defect dataset/JPEGImages/48.jpg,103281,f97a28e29b915b4e6c2ab8888d4e4e740c7c2f64ebcf9fe703ad3deae44f79a7
WT blade defect dataset/JPEGImages/480.jpg,79295,26c3769110be98a76b3a01281ad40cd8aa0450869ea5e1e8fcb156195fcb31c0
WT blade defect dataset/JPEGImages/481.jpg,95532,3d2973f2e4a4f95527a4030322ac3d97dd52998faac16f9f7e0729d957132b69
WT blade defect dataset/JPEGImages/482.jpg,80429,dbbaf123e1489110df9d1391f0495644642c2094dd7b385cf40a9b6298a1252b
WT blade defect dataset/JPEGImages/483.jpg,41170,8a285eca3b2b34f37aac4594cb2e345bf74859174b04a7036a44d235215c5937
WT blade defect dataset/JPEGImages/484.jpg,31743,e268eda2e68a5ecef4e3bbf663ecd697e4bb0579723855818024e0081a685130
WT blade defect dataset/JPEGImages/485.jpg,124780,6bde2ce3edf1d8961f40c510784c3ee0c4d7a82e12885d7fa94900da37e8cc57
WT blade defect dataset/JPEGImages/486.jpg,67030,0eb477fd0110525d06347470180b57f971bd0fa0bc356f74ab2b46ed8adb83a4
WT blade defect dataset/JPEGImages/487.jpg,66825,4cffec0b942a4d4d84c8ffbf1b8fb2110f4a695de3354e9419406a00c4957e45
WT blade defect dataset/JPEGImages/488.jpg,68625,cf4d75d13f5698d11aa313b78b1333653e6f1bb7456619a9012cd45cae18a311
WT blade defect dataset/JPEGImages/489.jpg,77300,9ddb79a0ab91e3d3648a960598cd3a60374deb994da86c471fad53906b29f7ba
WT blade defect dataset/JPEGImages/49.jpg,62885,a4e898bb773b14ece1e4db2b2f67328f4cfd033ba8450d4833d4d601e8cb91b9
WT blade defect dataset/JPEGImages/490.jpg,28037,4a48cde552a0b24f98c96ff804b37ffeb23b742da82c9c7c026d753db3c6ff08
WT blade defect dataset/JPEGImages/491.jpg,79189,b7744301e7589ece63329693906561fa3d9a2ff9de391b705265645dd1977193
WT blade defect dataset/JPEGImages/492.jpg,25154,6d197c0861919ba61d5cabc162582129a6071f635a2700905f484d337ceb9d3c
WT blade defect dataset/JPEGImages/493.jpg,54304,e276c03b6ab2ba69edd963aa41e021f1065921b6332f7f7ea7920ba1ee2827b5
WT blade defect dataset/JPEGImages/494.jpg,62151,9eff8bd7dc16decf32bc580090219c134f9864c77f90d68175fe89d200e4345c
WT blade defect dataset/JPEGImages/495.jpg,36487,e689545af1ea4b157c824ea0381ce739860f89cd9f3b095d3ab02becc202fda8
WT blade defect dataset/JPEGImages/496.jpg,34857,8d8f6cac3ffb5801a92e350ef603bec0b434ac9aeb63b60650f6a01c87f7dab5
WT blade defect dataset/JPEGImages/497.jpg,35208,b4eb312d82d738591195ed1c56ff4f05378f9a7b4ccae2b44d8f75b212d8e13d
WT blade defect dataset/JPEGImages/498.jpg,95443,ebe2a64452bad9b1280468ff47b3955e70a4d0d14ace6b38540bfdd9558da5ac
WT blade defect dataset/JPEGImages/499.jpg,35447,1765294a159b275d371941bd0edf4c2d330995f889f16961f02080a1f83c5d17
WT blade defect dataset/JPEGImages/5.jpg,109595,6f728a07947e0e63d088229918d9029db9bbc0959f0d927983b3436b16d3565a
WT blade defect dataset/JPEGImages/50.jpg,65577,60717bb7b5b1d5d336b0d5f188e783e2ad887f488250b416d7c11be9b2b971b2
WT blade defect dataset/JPEGImages/500.jpg,35046,5f46553a1e95538cd9d02da569a0b9f3a1313ec7948cea0455f8b1dca38892d5
WT blade defect dataset/JPEGImages/501.jpg,92526,e221b5bf1dd3aa91d4437934100c25f062f939c9b733abcd3f79a35166c7ca64
WT blade defect dataset/JPEGImages/502.jpg,68801,ee60b145a502aa850ea2f77dc27011e8790b2ff6831623bc4cd14351f18587d6
WT blade defect dataset/JPEGImages/503.jpg,93190,c317b75c6ea6ca3f66d19e145521ab221e5bfe98f2b623bd3492f60cbb16004e
WT blade defect dataset/JPEGImages/504.jpg,51064,754e05207155e6ad12f5b148ba42066e41e72ec509e0aaf20219e1fdc5e27cdd
WT blade defect dataset/JPEGImages/505.jpg,55032,abb06fcf954d3e39e3f51d4b9771fa5bdf89686e5cde352f5712daebffd53a19
WT blade defect dataset/JPEGImages/506.jpg,44430,5aa091995237add988c580638c7e1a6cee4bd15b166358807990bbef0cf7d8c2
WT blade defect dataset/JPEGImages/507.jpg,45493,19c047950caae690379067dea68d176f14ee7bf9290585b1456ea4f954bf9473
WT blade defect dataset/JPEGImages/508.jpg,30649,bfe376c1f0205151e96051c7a8912fdede2b9644756a84cd665e6c8084ad6c3a
WT blade defect dataset/JPEGImages/509.jpg,61845,088a7686f4e83b65c043a07c75deffccd97c257188ed5dffe86a2411ba2b8ddb
WT blade defect dataset/JPEGImages/51.jpg,70832,93e90d2521db86ae1781cdcde46071c573d31ba3e6dce7a481e44b1cdab20f75
WT blade defect dataset/JPEGImages/510.jpg,67601,e32bbb969c9205bd3ae4d8206fbc9635a6bde6554339881b59937c26ed164498
WT blade defect dataset/JPEGImages/511.jpg,22417,c88309f87fce437638f0ef4efcdf9a25586e761c34a42a0a45b3be6b32150dab
WT blade defect dataset/JPEGImages/512.jpg,28166,303d46334b157c25fa695bdd242c1cd34daf4181e0577b8bdfc0d5155228969c
WT blade defect dataset/JPEGImages/513.jpg,33033,7c89ca996c80214f7ce5d8f47ecdb148d369de6ae9b26fdbeff803935d06f704
WT blade defect dataset/JPEGImages/514.jpg,162404,f9403f098b732545c57f5fee3cd3b49c34c82d519df88527007f0444b21267d6
WT blade defect dataset/JPEGImages/515.jpg,110529,1b0d2815ba8bad4bb5267fdb3d4af9fbcbb27b879ac8be932925f3487b7748e1
WT blade defect dataset/JPEGImages/516.jpg,72548,d8fc9b4a9242a4b63aab0ec7244ef4f96dade1b647fab5db42f99792b8ed30e5
WT blade defect dataset/JPEGImages/517.jpg,49729,0fca4051c50f038504055cb9691ccee5bc218b0288d011cc0e276ab11fa2c98f
WT blade defect dataset/JPEGImages/518.jpg,47975,bf0fcbaaf09b01674e18c2c0008dbb9dfb812fcf83df1a0e6739856d8dd9c80a
WT blade defect dataset/JPEGImages/519.jpg,122997,a68f83ec028fdfbb70de785d22365020d0337b8495151872380b08501d6e69fe
WT blade defect dataset/JPEGImages/52.jpg,76526,fa5a91aa3c842464cc5ed767ad6578859fd35f321e9f4be2eb6ef629eace16c5
WT blade defect dataset/JPEGImages/520.jpg,48671,f163d5a639b813bca0c39bfe37495efb5fee958b109ea4da8c971b669e4acbd4
WT blade defect dataset/JPEGImages/521.jpg,47757,38de2cafabf7f535c7bb7f554d02e4c43f6e42f8bfab2753e052e31a2d0c1c1f
WT blade defect dataset/JPEGImages/522.jpg,65831,2b1a311542c16c1347bfa4f528e7d8d794cdf090320972a2835b13335d1074ab
WT blade defect dataset/JPEGImages/523.jpg,59350,d5ab514e2abac3bfb6fa43c6286983ec92aff6ebfe7f1e676ff6e8061c1c5964
WT blade defect dataset/JPEGImages/524.jpg,74557,f479e841e911d28ca77948008e23cad3ecd3e77980a2b526adfee3c7ab9595b4
WT blade defect dataset/JPEGImages/525.jpg,41499,0f128b9c1f6f5acbfd37b36027617a0f5b01d10d6af664e8b85fec54d2ba7dc7
WT blade defect dataset/JPEGImages/526.jpg,32858,7929250df3a5ad912040b56b799b4fbe29a89a0922574803dd4c177bbaf367b1
WT blade defect dataset/JPEGImages/527.jpg,49323,f01e04aa04683a9c21c55449cb9b14c4b42b868ba9794041d9f1e7a579716f87
WT blade defect dataset/JPEGImages/528.jpg,73874,c98c6a62af46e80354c8956f2064d75fea7216e500b15b2438e461f42179007b
WT blade defect dataset/JPEGImages/529.jpg,37278,1644fd17aaa5d28027bb3aa1456fff4143382f1ca4d6003f3a13021366c8c5c2
WT blade defect dataset/JPEGImages/53.jpg,41947,d4d674a47bc1e4549297e3ed197b5ead5454b2b53e3944df64166f92be08fefe
WT blade defect dataset/JPEGImages/530.jpg,70148,ec2248a8d3f4724176507b57b2e1a4f4d9c028b11348b58234d1e4a159601e20
WT blade defect dataset/JPEGImages/531.jpg,38821,42f7f159a500603b08ef916ab6629dc974fd1a5940c7a7b2ba6677dde87a5904
WT blade defect dataset/JPEGImages/532.jpg,29515,35a1b7daab4ce994678e3c6e6f21eee5c7d4bde67ec18f6034e18170d4f08184
WT blade defect dataset/JPEGImages/533.jpg,56019,0420c6f709b8ff6b48a530600d02c935792b0943fad4d6ff1ab4984f4ee92196
WT blade defect dataset/JPEGImages/534.jpg,101588,8bbc83e7df15a576c37f8b351f724daa82b8266c512ca76e0ea48bd19967a140
WT blade defect dataset/JPEGImages/535.jpg,27606,a775740d8bfb8e9508b99ae536f6ce673d5044f9d83240d722f176244e68f21d
WT blade defect dataset/JPEGImages/536.jpg,43969,841b37a87c5cdfed8eb38925e59b0c098d11ee1875d57fab2d024ec17f6db480
WT blade defect dataset/JPEGImages/537.jpg,46262,22b77e28ecb4ca79aa94e915459e26f289e66792701749de2f7f8141924ed952
WT blade defect dataset/JPEGImages/538.jpg,84042,6a09237559e64941048cd921f1a3cfffec33c15651f05b19a13959771d2932f0
WT blade defect dataset/JPEGImages/539.jpg,150150,71ffab9c36166cb0a7de5223f6b216f0f0ee05a5ddb7480e8a8ea467680d10b6
WT blade defect dataset/JPEGImages/54.jpg,90332,5183b3986ea2067c566d5a777d788750dd0f762e3dd051606d3a0bcd168b9d27
WT blade defect dataset/JPEGImages/540.jpg,60189,d344b1346cee3536305ea074e135bac8d1a212d37591a84af56e98600f1c150d
WT blade defect dataset/JPEGImages/541.jpg,41119,f93968d02772afb473a4718bfbfc4256e93daae781d138410d5d79233deb39d4
WT blade defect dataset/JPEGImages/542.jpg,31239,3eb71347d12bb2ff05918c6a4e3d66e0c919169e318136415fc4732d29feeb4e
WT blade defect dataset/JPEGImages/543.jpg,68427,3c38bb82da72d4a4ee34526710486a9fc4a03c41c79ec8c3df92b4c10bbcfb46
WT blade defect dataset/JPEGImages/544.jpg,44629,acf8b8e1f4094eaca9784226eff49d5f9230c3fd939841ffd4fee3844867a26d
WT blade defect dataset/JPEGImages/545.jpg,149155,1028991c58749b43e71c915eb54b2dc24a1b69a3c53f83bd16fb25e7a890ff03
WT blade defect dataset/JPEGImages/546.jpg,110642,fc726b08354fd28d031244805160f0da861ab8850be16bb838557dcdec25da97
WT blade defect dataset/JPEGImages/547.jpg,81502,47cc9396d36798c6968f28713da19f517129660a0ca3ee5e388964c2e137175f
WT blade defect dataset/JPEGImages/548.jpg,73507,cd240e55ca470d1e03b53032d931a66400ff6fe97006b9c0146a5dd192211860
WT blade defect dataset/JPEGImages/549.jpg,90488,5e21a59e58b3384c09554c23d48122ba8c399abcbe7bc942cf187edfe94c985b
WT blade defect dataset/JPEGImages/55.jpg,29559,a83701eb9a76665cd3e45c6200d457d6795bf8a474513505dcdc4562b264be35
WT blade defect dataset/JPEGImages/550.jpg,44625,2ba9aead7147e1b298ef8793087585d16aea857c26d1e5fca3376a7930386e53
WT blade defect dataset/JPEGImages/551.jpg,222540,08e6d47ec6cae8a17bc4ad3c8270266b931a44761dd831bfa2e866d9b1f5986c
WT blade defect dataset/JPEGImages/552.jpg,40364,6b4d9b8737363ee67ac525b1178dc20c41a226f775ddfabead3fc6e0f4fb7a78
WT blade defect dataset/JPEGImages/553.jpg,85555,8c3bc9493e43aef1b028f85bb8bf237602c6cfb9ca321e92b2cdca6c4310bd9a
WT blade defect dataset/JPEGImages/554.jpg,84735,f759263eb57f15f4e81077e4d525a2b02ae64b36b6f4cef91881d2a0a7fb17e2
WT blade defect dataset/JPEGImages/555.jpg,32779,d5472719d238b4507155ff68bf1d4b8abd2db5917232a6dc9bdf59d9970e8b27
WT blade defect dataset/JPEGImages/556.jpg,54792,284da8822d003aaa18c1dd3134364940efaadc1c21dd98ab38f84ca6bcfb5b7d
WT blade defect dataset/JPEGImages/557.jpg,89944,7aaecd8fc67ca53442f769ab3bb5ff303115601809f2d33b6fa2e677d205596d
WT blade defect dataset/JPEGImages/558.jpg,31548,9f72a5603754ebcbd823d673c809dbeb28ed76443c260df514062a75f2521b55
WT blade defect dataset/JPEGImages/559.jpg,89728,1e1e33a29d77f8f9604be7141a85f3c2e638f7e6872660c55bbf11a7702eb363
WT blade defect dataset/JPEGImages/56.jpg,75021,f5fba4ed668226386b0f519c8550aa26e382a8a39b3254a730692d382f976055
WT blade defect dataset/JPEGImages/560.jpg,97252,f197a7f06c0a430d2617757255fce32256906772d42b5a90566fe551b48c883d
WT blade defect dataset/JPEGImages/561.jpg,90700,d29486b2ae5e54b56c1b8d3836240003a4e611637653dde981c8931e93e248e3
WT blade defect dataset/JPEGImages/562.jpg,78270,5139f8f4a4e7c6617c3ffb80979bbf7ff3d27bfbda7a71226990c3567865aab6
WT blade defect dataset/JPEGImages/563.jpg,92208,1876c2ea621a76e745275346bcf48b0ab5c8158640e8dfb5e78d1e3709342266
WT blade defect dataset/JPEGImages/564.jpg,49823,300bc3d23056922764a25ec467a2c638623e92e37c86bf3656798a70117ca1ba
WT blade defect dataset/JPEGImages/565.jpg,63852,ed9ff90a27b997e13bbc08a4add814497ea646909d4e66f47c7aadf7d6a48e14
WT blade defect dataset/JPEGImages/566.jpg,63812,6b8e9700929533cbf6930cc3b0c3c72eb0c4fe7b71e79d9848afaab9e6423d8a
WT blade defect dataset/JPEGImages/567.jpg,35741,31d1ec60100a84de051d1522518ccef73c77a39d39c5f189503c5c8a9905ab39
WT blade defect dataset/JPEGImages/568.jpg,38989,f29b4f3f42f1a82ac662a368ec1cf2814a99d7492b9ca614ddc59b1a539300fc
WT blade defect dataset/JPEGImages/569.jpg,30712,e829120d08271c6f1f9eb3524304050a2d9625e8cac82d052fafea0e11ba008d
WT blade defect dataset/JPEGImages/57.jpg,110859,69cbcbfc0f4fd6a06e9bf33161bb147cf5e66c5097307bb8920d9cbee53aa82b
WT blade defect dataset/JPEGImages/570.jpg,32505,241023822612f08a415b1dd183b68ccc79ba6e30e8508ffb95a307d0135c2891
WT blade defect dataset/JPEGImages/571.jpg,49628,9b0a26929029c30202a1764f4650846464ceb097055eb1daa40d2a02d9697bcc
WT blade defect dataset/JPEGImages/572.jpg,71075,b80d55f04ac171e56f61366810c5d67f344f5d41858b6c84b8bfaf227cb929f4
WT blade defect dataset/JPEGImages/573.jpg,55215,7eb93a056351fef05b3c4c28c10ee2bffca37260646e44b92f987d66837cad1d
WT blade defect dataset/JPEGImages/574.jpg,67814,d29e43048f52cbd917795e68cf831ab6cad827036d61ba6e5a0b94bb29a1a4c8
WT blade defect dataset/JPEGImages/575.jpg,58128,2278cba2e1ee72a005a13f7a40bc3892b79e88d05e1d20b8d40bc581c8630efd
WT blade defect dataset/JPEGImages/576.jpg,65028,d475a86a62f65e5999aafde5aa4a1bd735eea88f2304d18656d58dcdc8731883
WT blade defect dataset/JPEGImages/577.jpg,32715,675c3950472423c2b2e82acec85ea1c3a89094107367d81b6dbbc1e84577f041
WT blade defect dataset/JPEGImages/578.jpg,24221,d3ce35fa4b36f001a2a41ff04b8036711131b1f6a1656728be1d56ca1c89d413
WT blade defect dataset/JPEGImages/579.jpg,71884,01c416f1ceb5942ccb98bd19ab061293af68adc06d9636101931645974497e13
WT blade defect dataset/JPEGImages/58.jpg,44886,cd6355ac9e90a33056a2a4eb327e762ee1349d4c7f99343de90365f8094e913b
WT blade defect dataset/JPEGImages/580.jpg,88792,3b40a7add26cf6a437d451ffe924d824dbcc4fafbad00976a5287c08d61092f3
WT blade defect dataset/JPEGImages/581.jpg,47188,da18639d0418ae1abf7c20328686bf3e69e18272426678b6b496895a7ef60c6a
WT blade defect dataset/JPEGImages/582.jpg,30518,0dd2f5284e5e02734f0d308692ca27d1f029493b5fa784f0ac17b167433e5cfe
WT blade defect dataset/JPEGImages/583.jpg,37703,0a3956b83fb93542f4a8cecbb982af7071c42abb7f1fbbd115e4152e65241376
WT blade defect dataset/JPEGImages/584.jpg,47556,c965ae7f66959782498ff27d81f691254b9082b069a52609b5feb310b74c6b91
WT blade defect dataset/JPEGImages/585.jpg,41565,b4803ce77faee2834cdd95ce48f8b4057cec38475bb6bab27626b725f4dafe19
WT blade defect dataset/JPEGImages/586.jpg,33428,d33b326fe2c22c9dc14bbb079fbbba9111a2c0868bc7b5b9a93214491cdcc13b
WT blade defect dataset/JPEGImages/587.jpg,89413,d9e53498477a6f8b4d8ee4f4e9d31fadb77190643841642f62c78797c24f9f29
WT blade defect dataset/JPEGImages/588.jpg,65039,233efefcf2ecfb353ae506603c1c8569989d8a09c9ae55916a560348b6bbc5de
WT blade defect dataset/JPEGImages/589.jpg,27832,66c26407b26b8b83ae377cc7295f515003eea534ff85e41876358c9b9d6223bb
WT blade defect dataset/JPEGImages/59.jpg,50165,760c65bbc066a994e15fd3f3b04fc4a4d63029016ce0f1f6e4cfba28eb1aa1ef
WT blade defect dataset/JPEGImages/590.jpg,33361,c78ab248a7e4d61fea3cb5f7f3f4f7d55879881f910ff8474f5a2eeafd0577c2
WT blade defect dataset/JPEGImages/591.jpg,85212,e7a506e15642bd32dccb318434cd11ab636215af2d2fc26ee0cb7217aaa74256
WT blade defect dataset/JPEGImages/592.jpg,53597,66e5c5d6eac1bdc105a1af1d8ac11ca275028928331b4fb2f64d1ddf24cc7d9d
WT blade defect dataset/JPEGImages/593.jpg,40411,990d249cff6906fc1396f24f218e2b170a1674cc7b14d74931f29471eeaf9f81
WT blade defect dataset/JPEGImages/594.jpg,40720,1da5aa12200f7c2eadcd0230cbd63ffe136d2889e3c27f0422d65ca0645bb1ce
WT blade defect dataset/JPEGImages/595.jpg,74736,3169351558e35ca82293af532602205036de529edb02cb378fdcb7d5cc9a0716
WT blade defect dataset/JPEGImages/596.jpg,40583,254d916d8ffd273493a4cb3d0195d845d0aff9ca03b85b5082bbfd44b1e51555
WT blade defect dataset/JPEGImages/597.jpg,78869,20a7803ca498a8b697804660c40d7adb3f9a91cdf4e38dda0d380206fb2d5fed
WT blade defect dataset/JPEGImages/598.jpg,56233,d67e52bf6722d6f87af918bd5ed1fefbd8e65f062db68cde735c6dce7a765611
WT blade defect dataset/JPEGImages/599.jpg,69119,aec52b65117c9e515f335cef6d13e3d1307425751f71f9a9b46dd310a4c6b721
WT blade defect dataset/JPEGImages/6.jpg,37746,fcc96028ed4dbaa2f02935c0eebc6f914582ceefc2e6b46e7b8f31c4914be51b
WT blade defect dataset/JPEGImages/60.jpg,90956,1580d16805bdd2b85c3021d4ce1083357db0dbef1a812452632fe92470c8c229
WT blade defect dataset/JPEGImages/600.jpg,31534,2e0b8185d4b561ef7297a73fd2e3f1844367f1b247b4afec5d23f69c51f05cd0
WT blade defect dataset/JPEGImages/601.jpg,39938,65803b8622c73e41637b29c3451e488f2cbc3b9abfde50c035613f31793a280a
WT blade defect dataset/JPEGImages/602.jpg,33961,ce95847f31108864d260ec257199861cc108f90d09f00f1457c3ad6baf5ae945
WT blade defect dataset/JPEGImages/603.jpg,113917,7d6f857c123ea2cc5498d72c433493923bae53fb9a6ea241081908f3dba85431
WT blade defect dataset/JPEGImages/604.jpg,57694,792adac89fcad33503da3dccf444d4685436a8670445948080f31f129b8b511d
WT blade defect dataset/JPEGImages/605.jpg,72764,6f5fa80cad18821c3d9b236a324091f538d5db7673c30fb493decd5b9e9a658e
WT blade defect dataset/JPEGImages/606.jpg,28735,775c68b321c76937bc7b716c25d19d5c79b91304d1a4bde46c5d970ae47f0717
WT blade defect dataset/JPEGImages/607.jpg,35601,b51c8cf3f426eecb0579b9f67d0987fa5b3ea46ed2b532b458800c1e7991ca5e
WT blade defect dataset/JPEGImages/608.jpg,32017,11738256f77910d3e71667aad8ecdbc06b143b14627cf589394bc4f85ad912b1
WT blade defect dataset/JPEGImages/609.jpg,128415,d8b916f15394d3b9e72e69c0bf97cf3d40730eac4690a99edf999d6cfd44f0ab
WT blade defect dataset/JPEGImages/61.jpg,127426,3502f5974d65f158802582844b7ecad792d685543b8e9d820317bf08918cd3ca
WT blade defect dataset/JPEGImages/610.jpg,21853,66ca5a13ad4e9a73dad42d9e22ee9f11386dd7cd600f71b79f35aa5aa5a75434
WT blade defect dataset/JPEGImages/611.jpg,39548,d6ac8492315aed0d0fbfd2f12722ec59051c3089b5036ce03d70b1613393a4a0
WT blade defect dataset/JPEGImages/612.jpg,57019,15eb9515bb2a320f6679b3645759a5c60c5a740a425bd08a38df0cb035234c68
WT blade defect dataset/JPEGImages/613.jpg,55126,8cb95264b502bf8c0b164b7a8af3d3cd7813c189de6e5d5648dfd1b4a965aa57
WT blade defect dataset/JPEGImages/614.jpg,21667,5917056986d8e5c858868f1fc648801fbed8fd2b60138d71339073d4a429b6ac
WT blade defect dataset/JPEGImages/615.jpg,68374,5d2f2dd57a11a8404aceba8c5be3eefbfcb127afec5838fa112d492d28b35b00
WT blade defect dataset/JPEGImages/616.jpg,51764,c35a829bbbaf25c305255fb293eb240337a1e8b6b3aa9f706acffb5c1faa76a0
WT blade defect dataset/JPEGImages/617.jpg,39127,8cb8050028bc0fa577049e5c7f35d8e9cb1546daadc8d6261258579aca6a37e7
WT blade defect dataset/JPEGImages/618.jpg,39536,5406d139473f9a6e749e732f76511c6f6361113a9431e185ba93999bf12bafe8
WT blade defect dataset/JPEGImages/619.jpg,26951,77f0eb7f608aa83c0d6f5a52a75ec714458da6b17f084122d520c9b478bf45bf
WT blade defect dataset/JPEGImages/62.jpg,91914,1480a69bd1ad9fa3a5bf3777e9e1a57abb3b70b88c4ee67c90e6cc11e12dbffa
WT blade defect dataset/JPEGImages/620.jpg,92059,7badc0bf5143a5fba6c862b3b78392531873d3d5c7905c707827f1b1bb3f622e
WT blade defect dataset/JPEGImages/621.jpg,43979,d3dab00e76d2eb0a39ea9621f0846ec83a91a846095766661fc954d8e5584593
WT blade defect dataset/JPEGImages/622.jpg,42691,675e428dfb1eab28840d560aa4c8da2d290c3482242f9c2a487eda4dc61cfcfa
WT blade defect dataset/JPEGImages/623.jpg,43581,1710993058ca4b47b51a71abc014301ae21f04c2bde34a4d49f38b1b03b519af
WT blade defect dataset/JPEGImages/624.jpg,58759,0ab9f505bfb3e6425015397fad58ff324a26544292689d10450e059d7a256501
WT blade defect dataset/JPEGImages/625.jpg,72538,c74fd8c06f05e784fa61add8041cc3ea056445b6e7b0c892730d7a3a0545b764
WT blade defect dataset/JPEGImages/626.jpg,56306,ab5c660d8ab95f769c92abd4f040163b407916a0a6d5e6547b16e10227b864e5
WT blade defect dataset/JPEGImages/627.jpg,63154,f534be910526e7661606a9fa7167728bc5d330ab38434a5700ddfebd2d1f657a
WT blade defect dataset/JPEGImages/628.jpg,62879,8e99c248a975b8a3135231e6e850ea94a25cdc460748ee5a96b8640c826b6eb9
WT blade defect dataset/JPEGImages/629.jpg,84578,ebed6222f107bc011ede1aa1f72d365b746334faa9f9ecd0c228d699b1f451cd
WT blade defect dataset/JPEGImages/63.jpg,63052,7ff936a5b77b340ed59fc6a3e2d1fa88fd86fb86c134149f1914874dbf9772ed
WT blade defect dataset/JPEGImages/630.jpg,47828,bd3ad5d3f46a5486291d98401ea055b4306f42e819c96b0db72e7bb0780cb593
WT blade defect dataset/JPEGImages/631.jpg,22860,15a63298243e3897f0028781ddab8b37c1941410d4866f3d2bb9bd6458bb1322
WT blade defect dataset/JPEGImages/632.jpg,51766,d32008f58a683a6eb5c0d1819fefc13c9e7fb1377b9a214b66c3e143422f9ebb
WT blade defect dataset/JPEGImages/633.jpg,21500,6a62b6dd863451a6f6aba83095c70692291cf39fa2b9cddebd323040fe755b20
WT blade defect dataset/JPEGImages/634.jpg,33951,410da92e1eada9f84dd9c2f52edda80161faedc26ae712bce5d6ad58105b75fc
WT blade defect dataset/JPEGImages/635.jpg,27452,50b372ddbb5196ddc0b62f01fbffcba6222e82fb247830e7f095727a6db330cb
WT blade defect dataset/JPEGImages/636.jpg,43748,72b1adbf452ae2ffda98dce769bb6de74f81dea00c3867c6ac530e8f8827cf9d
WT blade defect dataset/JPEGImages/637.jpg,68445,67d22afb1497f9560dc1dc9625b50e4d1d2ccf5837b53387964dc8bdb5939232
WT blade defect dataset/JPEGImages/638.jpg,61883,645b0851aa11fe281eb664a3b8ce1f2ba206c0b5f6375a24f4dd89e952982c46
WT blade defect dataset/JPEGImages/639.jpg,113216,1000663b5ef5526fd2b2eeb13766d218ab5043458f24ba15b1c1e18a38fcdf46
WT blade defect dataset/JPEGImages/64.jpg,44007,78069012304cebf3c6e5a5875a734a2ec1c4f2499f037b3434c5670b3f5b8d55
WT blade defect dataset/JPEGImages/640.jpg,81502,47cc9396d36798c6968f28713da19f517129660a0ca3ee5e388964c2e137175f
WT blade defect dataset/JPEGImages/641.jpg,136042,5b2594866837e9abc9cf642f8ab4a56162e4a1c62065e929959bd8996d9065b5
WT blade defect dataset/JPEGImages/642.jpg,32445,9f597df939ecb936f2a499ca2bed0011dd343417e68bc86dfe206a79d4f6cb79
WT blade defect dataset/JPEGImages/643.jpg,22641,1bce313b290b241abb9778382c414a36ac5b250f9aac179cd1f18ce4ed52dee7
WT blade defect dataset/JPEGImages/644.jpg,113276,d4059b20a4f35cfc7eac2f8a9ec7510e3532b8a30066a87e315f22c2f15384a7
WT blade defect dataset/JPEGImages/645.jpg,29022,7a1dacd55bebecaa6c2c3ab44bd9c94b67b59718993c4f9c5259f46aa9082ec6
WT blade defect dataset/JPEGImages/646.jpg,34852,2d8875c4f6f324080e81576767b8b409cd9346f890f401e1d41995856995f5a4
WT blade defect dataset/JPEGImages/647.jpg,35978,9e6964829e4545d9cd00df1c8531ea87efb3e11ec45cb56c6dba6e1b8a965f64
WT blade defect dataset/JPEGImages/648.jpg,55350,d4c3a30188f0c73c0bda2de826e6b185437cb64150fb60fbc9e82e940661737c
WT blade defect dataset/JPEGImages/649.jpg,110425,2bb53f30be797014ecb3b827a977229fd4758561cf1e59bb43d504cad5fcae19
WT blade defect dataset/JPEGImages/65.jpg,38932,8ff2983284bffe8a8d3cf9b912d5bf813b220b48f869560ac9893affc86898d7
WT blade defect dataset/JPEGImages/650.jpg,42240,37a4547f801296f7dd9fef068a93e19d8be7a9a33db3c33b437af68708bd22ca
WT blade defect dataset/JPEGImages/651.jpg,152451,f03ce14bf622aa932d68f95b9d4d93079700f20d5ebe1f34aa204da961e45518
WT blade defect dataset/JPEGImages/652.jpg,111855,ed2bb99075eae8ea25a4b77e4601acdea754672eb8aefd63a875e096a3be748d
WT blade defect dataset/JPEGImages/653.jpg,189139,5417654034eaaff92b0342586e8749925327e8dec060c8e46d42670bd9e19c02
WT blade defect dataset/JPEGImages/654.jpg,25338,4ab6444e51b29669f4e44eaa57842c6f311767b80dc1b9662be53fe3f298f7c2
WT blade defect dataset/JPEGImages/655.jpg,39087,620117b81623cc5d0317f175a3c89000198b1345f5fac79d54ae1306b5784ab1
WT blade defect dataset/JPEGImages/656.jpg,44118,d32659c9429b0a5f583c01b16d931f2b68411ff580d7a66f2fffd9a4692a30de
WT blade defect dataset/JPEGImages/657.jpg,84901,b423b5c3937fb22dabf7fa86aebbdbf14776602054eadcaf3d41f3ddf51fbb3a
WT blade defect dataset/JPEGImages/658.jpg,34625,211cccc8b6f65fef673c8bfbbc3b24921efbbc977b13ef65bcf373ee3bc8bbb5
WT blade defect dataset/JPEGImages/659.jpg,90911,0776bbfc3dcf39bac05f72614f6c57f1faf960d80684878b3da6787dd9575079
WT blade defect dataset/JPEGImages/66.jpg,37771,8ce21311247ac2749accea15751084ac4f53481b547f65fb791cb6acd023246a
WT blade defect dataset/JPEGImages/660.jpg,44472,5764d39129d4ff2a3309edc37129cbbeaf922beb2f6f4dfa1617d9d2381c05ad
WT blade defect dataset/JPEGImages/661.jpg,104743,af9540c6d463fa98dcdb60a85a936dd8bb65e591fb93b27399c0ce4f04997a14
WT blade defect dataset/JPEGImages/662.jpg,107953,48243f2abc1525dc256e339ef01f9efde4b45ff7f69a27337c0ea728eafbdf0a
WT blade defect dataset/JPEGImages/663.jpg,75069,e175a609acd58cfccee2efcb3ed6f352d4b9803ac9a2f76bc1044cbed9af9569
WT blade defect dataset/JPEGImages/664.jpg,25445,23c3b865f739501fa6cac8bc27f3ed786b9b7aee3920efee994a308379627bb3
WT blade defect dataset/JPEGImages/665.jpg,23244,32d87dcd2f08fb1fc640ed544c3ce0aa52ec9b515004c65cda771bc648733c54
WT blade defect dataset/JPEGImages/666.jpg,45740,67f37e632f3aba18f4de247efb9c27f1a41d7d7dd192e7945aa61ba1ecc16b48
WT blade defect dataset/JPEGImages/667.jpg,27872,589a2f78f646427edf62f54f832f5efc977ab41325edea5ed14c11834fc0dd13
WT blade defect dataset/JPEGImages/668.jpg,63852,ed9ff90a27b997e13bbc08a4add814497ea646909d4e66f47c7aadf7d6a48e14
WT blade defect dataset/JPEGImages/669.jpg,72602,a8fd0f265d7c8333323cbb3c0d5e8fe165bf7f6a631782716b1d8b127cc31032
WT blade defect dataset/JPEGImages/67.jpg,129470,4a4a7ee8f01d53cb473f61fcf0f334af32dad86c78b034ee7ba02592c647565c
WT blade defect dataset/JPEGImages/670.jpg,31532,32868a042d4f9c734730a705e66ae863720f4e54a5eaa5a11606b51cb67fe2b8
WT blade defect dataset/JPEGImages/671.jpg,32139,b1bcccb5e58a0a5f7224852243e9da493af1acb9a346a6dd9abf1c0cb4706686
WT blade defect dataset/JPEGImages/672.jpg,65722,532684c8aee2e04b86842723773f0c1226b5febd256e1ff9cd46ee2aa7421eae
WT blade defect dataset/JPEGImages/673.jpg,145070,4e701a46f6ee66a81915bd5bb176b0d64914c762227f460318407168d0c73135
WT blade defect dataset/JPEGImages/674.jpg,61682,22de20e8a5aea6e51655b360ba90c49c2fe8afdebbb1357567c0bf48a60d949f
WT blade defect dataset/JPEGImages/675.jpg,64415,9df30876f54675cb9132570e939293f71327103aaf5647a90cbdc366b54a257d
WT blade defect dataset/JPEGImages/676.jpg,41412,7527b6d38d74461cabe3271858e7e82cfb2992fd0e92fa71ae0b14f34075437c
WT blade defect dataset/JPEGImages/677.jpg,35546,0317aca183eeeda001ec98a1f241518e3ad7bf9690ec47b4edb19676d2e705b7
WT blade defect dataset/JPEGImages/678.jpg,37064,e0b5eab834d3c4bc73d3ecdcda58bdcdabaf98e57c03c55ce7b7ddebbee65b8e
WT blade defect dataset/JPEGImages/679.jpg,50723,fd9eda96f177dae114875c45900655e9d968ef5e84cb516d7abd090836270b9e
WT blade defect dataset/JPEGImages/68.jpg,78624,fcdc3ac634500b63b9217aceedaf4435beb08854115c130b5d7b31c28d64f5cc
WT blade defect dataset/JPEGImages/680.jpg,92528,e7aa1e2723d420a709d45c556f6f20a9c43cf7352e444dff6bb581696f045267
WT blade defect dataset/JPEGImages/681.jpg,39741,02d8c578ed2408d30f2d7f949f171a458ff16c45c9e8db7cf1b81278ae78571d
WT blade defect dataset/JPEGImages/682.jpg,73247,4aac17a662e99e1bf0ed20606b4ccbef4c22f52cafbd11d614e81eb5c21c6e68
WT blade defect dataset/JPEGImages/683.jpg,54093,b1cbbd0bf8a423ac0e8a22c85d17c85e344e60da50599cd468affaf2e502330b
WT blade defect dataset/JPEGImages/684.jpg,56580,05ad8e677cae5aa7bed647c7a1479bb1e510f710ec78ca1d53ab801a3a2e239a
WT blade defect dataset/JPEGImages/685.jpg,56375,9ce88339d972540b34938e57e1eb2b1b299ce60e9faebb2786f7497dbef92b18
WT blade defect dataset/JPEGImages/686.jpg,69066,bf043de2c8d5db2294adb0159117568aec6b3bd6b7bc786d1b131f814ec23d3a
WT blade defect dataset/JPEGImages/687.jpg,20958,4e2dad5175ff52b8817689f08532b25706bb5b6b5fc2fc5f80a756001ea52962
WT blade defect dataset/JPEGImages/688.jpg,41391,48209a9a34edb7d5c67425bf263074f77c65e53aaa792fecdb0109a5667599f3
WT blade defect dataset/JPEGImages/689.jpg,37578,e60f6175823e878230fdd0dba76b135fbcacc7d185fc87cc4e811bbe305b149d
WT blade defect dataset/JPEGImages/69.jpg,68882,a2bc9d418b9d4304aee4cad2a7f90ced432644ee3f4257f233f1379f0acc1e7c
WT blade defect dataset/JPEGImages/690.jpg,36353,83b640176014805ada1d7bb9c19410789bcf68913cb8f4572b772262e8501ef1
WT blade defect dataset/JPEGImages/691.jpg,90794,ff72d2206ecfe72a89410cd9716b0215218865d4be965b57b355fcfa6d9e0a49
WT blade defect dataset/JPEGImages/692.jpg,60565,0ff713117e90514f630898185c601501b97e909542b99817e30ca57303d435f7
WT blade defect dataset/JPEGImages/693.jpg,66728,660ace8605862cd3bb468bd34dde2f803b09816595fe39c541305bd078d15bfc
WT blade defect dataset/JPEGImages/694.jpg,48986,92ed6eb7d042bfcb158aa118d26d788e6bfb6c38f56b0faa37b7aef3d138facb
WT blade defect dataset/JPEGImages/695.jpg,35065,7f32d931c0e26eb5660da319c4e5a37f8ed777d428b82da10d97471a56200712
WT blade defect dataset/JPEGImages/696.jpg,42119,e0a9d90478a4e7f94365b148226c7a81b983a80ea3f48567fcdfbe800bc8db4e
WT blade defect dataset/JPEGImages/697.jpg,43459,bedc00789e00c43b14058fc712337000160eec7beba43bf508432f31c3662ff9
WT blade defect dataset/JPEGImages/698.jpg,44458,504214e67b931c5317b2121c1c406aea0c565c01f7cce097da0f04a776fbe808
WT blade defect dataset/JPEGImages/699.jpg,44140,13cf8c51216e1331100d6d29f6b523a3c26e892d64e6d45774295b83f38b01a2
WT blade defect dataset/JPEGImages/7.jpg,53725,a6f31a5b9c830a697fb2d2a60fed63c698d23d386a7d7fa765fc1dc91d3c02d2
WT blade defect dataset/JPEGImages/70.jpg,39782,75c138f4c56a177242d0863c1500b1c04d167b7ff051cb096aedfa0b748ce39e
WT blade defect dataset/JPEGImages/700.jpg,44902,23d1c18ecb4ca927325354b6d07d0592f6a68453a60c35c9a0f6f8b447440022
WT blade defect dataset/JPEGImages/701.jpg,154397,985ed0f0324f5238f028e3b9f4d662e9888e1d9a361ce06b0a8bc2d91bb5fe18
WT blade defect dataset/JPEGImages/702.jpg,58028,043cb1de0cd15c3c63cb75ca7da279ce69922625c9af0340f9b0d82e8e4015a1
WT blade defect dataset/JPEGImages/703.jpg,74582,6f873faca28d8ea29c817ad16a75d31ec9f8b32f0621df7a96ff79702772addc
WT blade defect dataset/JPEGImages/704.jpg,68989,b9e0b8c3d2f53622d5a0809371509f45f1546d78a05d9dd4129e392d77749b98
WT blade defect dataset/JPEGImages/705.jpg,40803,13c10b7c477a3a3dfa7c2a97a13726bc686aac18218ed1d704a61a0f27858697
WT blade defect dataset/JPEGImages/706.jpg,59715,435a9fd69c2e3ff1f6fe8c09b9ffa98b0ecc7c3ac42630b15a03ce6aa412b7d5
WT blade defect dataset/JPEGImages/707.jpg,54557,3f37ff92fbfa04fc3ce0ed0859915ec44afca3ee5bdbc57121b29fe9b03fe10a
WT blade defect dataset/JPEGImages/708.jpg,74107,f29f73ba9de0b811e7c484e4a332dd50e29d22aca41ee7044694bdc2abce09d3
WT blade defect dataset/JPEGImages/709.jpg,41049,f620d6e2bec4b214f4f0f5afbbe05fd61a70227450f0936e557c2b7aa2acfe46
WT blade defect dataset/JPEGImages/71.jpg,46783,75bbbaa02951587dd92e6ba49a30ff4afbe5c2163c7ed666b7197a89504eac73
WT blade defect dataset/JPEGImages/710.jpg,149634,40e6a30dead7957340b6c101fb6e4f8e442b3bd60c2c9295f186147b8fec1db4
WT blade defect dataset/JPEGImages/711.jpg,27289,e80c6bb23251ed92747a504e4bf8aeecfb9e2e394bbed9516318bbd56443a180
WT blade defect dataset/JPEGImages/712.jpg,47755,071abe7e1340c4d56677451f3cfa2d940b0600ed30c8ad5d34fbd0f61764da24
WT blade defect dataset/JPEGImages/713.jpg,53210,0e3c36c4965ed554e36f49bffb67f34c637068efa0875836cf7401a97d9aee2f
WT blade defect dataset/JPEGImages/714.jpg,133119,35f8d49f90b725844caf28dbbcc9e7c48f128f5c7d030b2c629d64b237655419
WT blade defect dataset/JPEGImages/715.jpg,203691,0716e6400ce7983a3094a1937db2923041a38ccab1099a0e032b8fcec839550a
WT blade defect dataset/JPEGImages/716.jpg,39298,c46bc15bf1389de14f186769b9a03994d8204a05f9c0ee1a14131a49f6709310
WT blade defect dataset/JPEGImages/717.jpg,245789,2279f69a0b63a0dacd769e58430bab1947b1e6883cf6137e90ab97fd80630217
WT blade defect dataset/JPEGImages/718.jpg,43690,4b51a563aa200afd860a415848922a415788447d6ae8e504d2e05a5f7dae01ae
WT blade defect dataset/JPEGImages/719.jpg,98675,532350f3ed6a5847d13a2984997e6768300312a36710202d21b8b49b961e3cdf
WT blade defect dataset/JPEGImages/72.jpg,48592,4489afe5514093241e4f31a610299db842ad6085f3c8e75089b009a8c63a4789
WT blade defect dataset/JPEGImages/720.jpg,105833,2961defe588ed346782e7d8c94d82fdffe1ce4bb21260adf31b4108dfd4a2ca1
WT blade defect dataset/JPEGImages/721.jpg,25138,a1f21a99d7b8fcf0928ad16de77a5c69c0abe327547d96ad2d0c2d1f54fe28ef
WT blade defect dataset/JPEGImages/722.jpg,69402,2e67e7c5c2a7e3196e8b048949511f8c48fa7f0ddf829afab5447fe2889090eb
WT blade defect dataset/JPEGImages/723.jpg,76662,c843097150817603ad4a3e90463ef7cdfdb60928ac791acc1504c8795274a675
WT blade defect dataset/JPEGImages/724.jpg,48425,b20a539435884c060f00f20c30b500b00f8e8601fb9deba0fe2e28b350fe8914
WT blade defect dataset/JPEGImages/725.jpg,33134,9758a1151738ec0ac1dc8bc9e7fce840584671bdd803f0fe6511abd5e34d239f
WT blade defect dataset/JPEGImages/726.jpg,44299,b6a701deacc6f8541ae469e240716640ae03c74ccbcb2b9440b9b977ae13ad5c
WT blade defect dataset/JPEGImages/727.jpg,48990,03ce9c7cfb7c7af66b756d8516189652dfae94bc16eb5a127ddbc3d308be1bc3
WT blade defect dataset/JPEGImages/728.jpg,140053,7b135728141fc075d8df23fe309272ad07501e68dc0800b505cab76e2cc18d33
WT blade defect dataset/JPEGImages/729.jpg,69209,d2ab77c25c6abb2d7800fa0871a074ab667c0ce66575332170dc93abe0682423
WT blade defect dataset/JPEGImages/73.jpg,100383,ced7416a8431908bb14ae30b09631e9d35ffac896bfdeb70380223cc31efb612
WT blade defect dataset/JPEGImages/730.jpg,30493,fb710f82873af7ac5a97fc392598537c5cf1fe8dda1f51cafa79d2ee6f489b03
WT blade defect dataset/JPEGImages/731.jpg,39872,430a9cba51d252dc675d3b60023713c9c3a227103bdc3899cac9264ae8e171dd
WT blade defect dataset/JPEGImages/732.jpg,33458,1a1c5dad8503c89da4c3b9e5b074fd3e39d038c78a5a507335a9f4f602f94177
WT blade defect dataset/JPEGImages/733.jpg,41700,0032c85035a4874061556aeac98417edb851152790eeaea86f66e10445bf2d76
WT blade defect dataset/JPEGImages/734.jpg,48600,47d4e5ccbf2a17aea2e3646bf94ed265fede34ef79625b62c877bbae5193e1a3
WT blade defect dataset/JPEGImages/735.jpg,79919,7d48beffe710969c9a80edd5facc5a664916c7b88b212252793052c13a11147f
WT blade defect dataset/JPEGImages/736.jpg,56830,a310afd6f5ebb5cd4c4f6b5277b9cd367144c074ddffc4e55275aca50662f45e
WT blade defect dataset/JPEGImages/737.jpg,35616,7f0744c682f1cac3f62531df642db23d18a94486151e295411f1304b4f968e24
WT blade defect dataset/JPEGImages/738.jpg,77737,18f0ec28c3c5ece1f338f98d25f624acbe29b898bf9d91b44dee0aecffc62b2f
WT blade defect dataset/JPEGImages/739.jpg,67365,cb814ade601a1191a06a77b6db0bd3b822ee950fef3bf0add952dc4d5a506563
WT blade defect dataset/JPEGImages/74.jpg,31515,3f65bdbcf604440e13f02b08b95dafecb3b7d64720de8dc01dd6c81c917d0609
WT blade defect dataset/JPEGImages/740.jpg,50695,56cff1b6d20de0e6d40c99dd93d643099db992797bd9cb8849ec59537729093a
WT blade defect dataset/JPEGImages/741.jpg,70548,eab3be4a199113b7fbb42d3ef53a6a2d8b027384da1f3f33053b3cdfbdc86664
WT blade defect dataset/JPEGImages/742.jpg,82772,b1f53681405ef89c0be46885e8ab50092f5f09843ce68b27805ecb33ed2920a1
WT blade defect dataset/JPEGImages/743.jpg,48474,eeff727e8805e38c71a5327e884171b344f79204b1920af3e8da6a18003f0620
WT blade defect dataset/JPEGImages/744.jpg,126126,4b5a65a6193c206cffca11614eed978857025c87390c8377eede14d768050e64
WT blade defect dataset/JPEGImages/745.jpg,55769,e5c67ab90501c3cec81a3f82123a246df01d19148c65972370ec1a8cfa26aae8
WT blade defect dataset/JPEGImages/746.jpg,72273,b0202d1d143e9691026a054e20ca1734cbec35d6ca9e631e6e2775b9d5c274e2
WT blade defect dataset/JPEGImages/747.jpg,83402,84a9c14be696e28f26756a70add72290ca2ef33eb0eca4d2f13c1e730303e62a
WT blade defect dataset/JPEGImages/748.jpg,113133,06f602d5a1fa3e402c84a78859ecdafa2e7cf9916fb3e693afc723e40b8aa0e2
WT blade defect dataset/JPEGImages/749.jpg,54947,ee0a69476511b96d8e40fda96c3adbe8d3b3d6d01a03f02c7f4c3d3e161920bc
WT blade defect dataset/JPEGImages/75.jpg,82629,a6756addf0231053f260dc7bd275e6a305ef1391be25a8845e8c220115bc5e83
WT blade defect dataset/JPEGImages/750.jpg,38410,39e6fbcb21906ea56b635855caf1a2ea2e0e21a32bdcfc4dcf8911b67dcdf973
WT blade defect dataset/JPEGImages/751.jpg,61497,c672fcc8f549aab3b3946c55a9e4d39589eb0f1738a66d121401c45f294a050a
WT blade defect dataset/JPEGImages/752.jpg,83645,d6d6747de25dc7626093e2944cf8b476732b61b37f91ffcb2f08e1e51ee52987
WT blade defect dataset/JPEGImages/753.jpg,265804,c6477e33c0bd9e808bb93afd213a5196ba032a6326f5ab58b7e578651e006264
WT blade defect dataset/JPEGImages/754.jpg,105905,51039fa10bd96b17f7ce931f104022512c86bd6a2b88cfffd7b7630a868417dd
WT blade defect dataset/JPEGImages/755.jpg,56835,d9d68cc31a71852b5bcf82befdb90b655f090d327fe0b17bbf1fde14a887c31d
WT blade defect dataset/JPEGImages/756.jpg,160472,2af56f3a4a85ba0483ce341641b7885e901f421275855f8a54917f86a1395469
WT blade defect dataset/JPEGImages/757.jpg,124525,11fb9ee28221cccc134c3a927bdd4ab3290cbe9acd2fd8d1d68d7eed7b806c8a
WT blade defect dataset/JPEGImages/758.jpg,98470,bd68a26eed3a1db8e6f2cff6648f46b46bc2a0ca27aceda624f92ef9c7f8cd23
WT blade defect dataset/JPEGImages/759.jpg,72110,04758d7d659a66b8eaf9c97758c8bd494572feeec55a2715a39bf6ebca3a7a3f
WT blade defect dataset/JPEGImages/76.jpg,75897,6d4a37f95931ecbac9017530205931871ca5550a221e9fa80136dbe83165676a
WT blade defect dataset/JPEGImages/760.jpg,82306,818a88e12a1922acd4f41a664241889a5003cfa978621a84a06a224f2a3526ef
WT blade defect dataset/JPEGImages/761.jpg,130194,ad9db30f746293231b1ea7cc150fe2c80aaca03db7db65164d46ed646d1cea46
WT blade defect dataset/JPEGImages/762.jpg,124378,4375a16fae802f08a41a99f4d2a22a9a9db37606dac4e82e16ab3c59cc63fe2a
WT blade defect dataset/JPEGImages/763.jpg,102194,59a3182f12542aa1ea89ef73aafef8aacef99515c991e1275144028c0232acbc
WT blade defect dataset/JPEGImages/764.jpg,40168,a7dd32457a7dac0644d86c0a57eaf9c1b7154edabd115ed0ce7d27496d9bca5d
WT blade defect dataset/JPEGImages/765.jpg,45519,74b22187e94b355b15a838007b2f36a250212eb4988bcb88b1fb31c7f3daef56
WT blade defect dataset/JPEGImages/766.jpg,59064,f222d90a31d7efe837d73efff80bac0ce6513ac36bab05399cbad0ff846d6612
WT blade defect dataset/JPEGImages/767.jpg,55157,1168c017ae0ec9406d51e9242fd6a28ee4c82fd4c36ce2f5750992a5fefff639
WT blade defect dataset/JPEGImages/768.jpg,57578,495d054397ae6a422e331173385b6b30a9ccfe8820041c2ad949505084ff84ba
WT blade defect dataset/JPEGImages/769.jpg,68602,c02eddb21dfb761fc849e81b6540cd0c8919ed7a9a5b0d8ece9db27297682e82
WT blade defect dataset/JPEGImages/77.jpg,65594,5641b75867b1f87dc941b3707af52756271c78dd3d400db589a9a28233eced88
WT blade defect dataset/JPEGImages/770.jpg,62031,9b9b2d731765eac6ca3613ca8ebec0172851be817d952d0d57abf62cf79f14d8
WT blade defect dataset/JPEGImages/771.jpg,40286,1cb7361d711d7d0391fc6e89c8425ff6ad96f9fadad771b7b9c938f0df381147
WT blade defect dataset/JPEGImages/772.jpg,65453,031d4e17a94ab6e1caafdb49ee2c69c4da6a6a9848cb69c54365d57eebbc8171
WT blade defect dataset/JPEGImages/773.jpg,134855,9c082a1e54b5f2b3a14a4f335d40dc2bd1e463176650b181c6f49f3c6b372cea
WT blade defect dataset/JPEGImages/774.jpg,74192,5c4dcdf7bd0953031fd60349cf82762d795dc046f6c6d87c998e9f2a2ba5fcb7
WT blade defect dataset/JPEGImages/775.jpg,130169,fe35161115775e313a0cf1e5811af1aecf936078353f73a5dd10338b4386a9ed
WT blade defect dataset/JPEGImages/776.jpg,52962,2824ef059a4d2f761245f83d1e6e093e7240f69560efe0b798a357074b5c8f50
WT blade defect dataset/JPEGImages/777.jpg,143171,64e32e1f88bed36e263a44092177b89359cb46ec02aeb6fd3df6c6f3e3c5dcce
WT blade defect dataset/JPEGImages/778.jpg,153005,7ea05a4671dc44761bc2aa3fe6598547aa0396889ab2143984da54ce1ea748f4
WT blade defect dataset/JPEGImages/779.jpg,57925,559f2ad252b432a1847c55cce9a9f0e92afa9cdd965e624df562ac55954f4225
WT blade defect dataset/JPEGImages/78.jpg,28215,41b35569a3cd536441a1a7a86bfcbb030f9ecc1f07cd7bebb94f55fb668e264b
WT blade defect dataset/JPEGImages/780.jpg,49843,4be8948561b3a087bd1e29385617debb9ed90d4a2912496149712b3c66661225
WT blade defect dataset/JPEGImages/781.jpg,98750,c80942c24b00ad733060752022a3581c3628e0ce36aed5b54250c2bca0093307
WT blade defect dataset/JPEGImages/782.jpg,144158,63742c7b409eae1215b6ea5fd3e786408d3ea15e03ecad4d922f5eadc09ab995
WT blade defect dataset/JPEGImages/783.jpg,96226,ca7eabfbd6b26a2728a68c44a1acbeb09d353231df9f0e10a1d46e1d629e34b9
WT blade defect dataset/JPEGImages/784.jpg,198719,daef49ea8c49acca5fd4c3df1325296f296d8648471b422cf2b9ef7faec82b5e
WT blade defect dataset/JPEGImages/785.jpg,173745,bc1b9a20f36b8270acef501d451ce92882ebb5dc71e28bfaaad9955409705e5e
WT blade defect dataset/JPEGImages/786.jpg,125862,8a6085ec1e667d8c33d28bef0b7f1cfbf01d726ea19a010c9e557a7921d9c403
WT blade defect dataset/JPEGImages/787.jpg,70244,8d367db03c4341c52f5b97659ae3c73ff0d53f42d4ae72500538f49cfac7e404
WT blade defect dataset/JPEGImages/788.jpg,255767,9111471577489a59184bb17d7d8fbcd98e2b11f8354fc06b6213fb1bd035d25f
WT blade defect dataset/JPEGImages/789.jpg,84952,bf4c3e5db2a848636f2ca91a1324051bd259f10fa06b140a1610217e9b73da84
WT blade defect dataset/JPEGImages/79.jpg,246030,e89e39b37b6149d6c018f0b8963b5ceb513d6cfc4d0bc58bff8862f1cf51efc6
WT blade defect dataset/JPEGImages/790.jpg,106112,8262c1dc579f1440c174ac4e17a421662d74fe08a79d02b47397fa87c93e4c3c
WT blade defect dataset/JPEGImages/791.jpg,155616,b9f942d58e50aa9709b7631e2ec376b19b9c0634237cd0e24325dade0b442458
WT blade defect dataset/JPEGImages/792.jpg,130769,c1d93b50e1fc8a7bb84033a2c0f176c86a6cfbc7a21577a2d7d6997d608fe92b
WT blade defect dataset/JPEGImages/793.jpg,113043,e907d3145658eed8820d3a4b8a765ca258cf8cd00d714155e49c815c97b9f44a
WT blade defect dataset/JPEGImages/794.jpg,133257,5f475baf09166a9dfff9d3bac6f064d5765aa88be7b3229c7a9ee96c0fa7f9e4
WT blade defect dataset/JPEGImages/795.jpg,67782,5f457ca94e76ddaf1466a8c5409575c3ac596e3592b4e0e799337c64bc8b580b
WT blade defect dataset/JPEGImages/796.jpg,73656,e8617e60715324e4c67b40d3c45dd6b3e4cee68fd2f642601e4ad96c5ba29a0b
WT blade defect dataset/JPEGImages/797.jpg,48886,ddb9bd8b5d957f113318475a5f863c0ca7563c4991dcb540c5e2956eb1d7cdc7
WT blade defect dataset/JPEGImages/798.jpg,101319,2166d5df5a6cccc865fe0921441e2fe345f22945a36ea3dc65064cfe0eef1b55
WT blade defect dataset/JPEGImages/799.jpg,108855,eaa3d3120b888751fdaa872dfc88b5cd26b4289de5aa8a44b3a696d6f03e7994
WT blade defect dataset/JPEGImages/8.jpg,40734,6287575d33c0af33cf6bc4d9cae2634543ba7c866419943fb3383899c104a20a
WT blade defect dataset/JPEGImages/80.jpg,202808,d9d1aae71b6672ad1ae24583fb23719cf55746517e13c5cebf9dd9ef399b5c35
WT blade defect dataset/JPEGImages/800.jpg,83098,f49a866ba6bc13a914255a24d00ef65bca3178ffd5c67159a94298a9d8087a7c
WT blade defect dataset/JPEGImages/801.jpg,149951,613d62dbbd40eec35e0037cdb86986980ec9053912776ef99c5b8ce386995612
WT blade defect dataset/JPEGImages/802.jpg,44007,20fe81a4c8fe2abfde203f143c06964511ac156d89a564309dd74a092bd2d6bc
WT blade defect dataset/JPEGImages/803.jpg,55935,27ab4ab818507445e84012ca2cb7cdb4568203198b608b13939408161ddcf23f
WT blade defect dataset/JPEGImages/804.jpg,78943,78684f6d2fa81993b4b0d5ee1170fb3fa7a98dfbf26578f51e9d677434716147
WT blade defect dataset/JPEGImages/805.jpg,104067,012d06239785e382a2e826dcfcb2bf7d68a6f10570400f27c37473851698c770
WT blade defect dataset/JPEGImages/806.jpg,94054,01c1c3b936fc1cc3dae3a875248fd6ab67c1704043206543dfcbc3d2ce1911d6
WT blade defect dataset/JPEGImages/807.jpg,75830,013678d14f5ed4dea1463bd79b0494e30ffc59550e002aa53d2a34f701c01e38
WT blade defect dataset/JPEGImages/808.jpg,103269,1a7d65e0ffaa8295c2e3415950a0d51ce530b1c99f5b8fabda81c23c9b7ffcb3
WT blade defect dataset/JPEGImages/809.jpg,50076,86099426a5f04a6ded84b17a277238bca28ae916233cfc6f4e53acd34afc0dee
WT blade defect dataset/JPEGImages/81.jpg,83692,8a53be32556a362c61806790f817e79bb97116cde009d17d403ee783671033d8
WT blade defect dataset/JPEGImages/810.jpg,80453,70a90b58c8c39e6e1f3ff29261d356842a153668e08e48d8cccee46b5bf57f7c
WT blade defect dataset/JPEGImages/811.jpg,133158,e8acd2f4ea327014b20c7225f5139619d23713dd6eb3ab6eb449a416b04898fe
WT blade defect dataset/JPEGImages/812.jpg,69778,67d7a3f0f2c6ad7af2eade9c70c455b39fb3fcb1248af2c4bb3fd8ef7edc2871
WT blade defect dataset/JPEGImages/813.jpg,110127,21d27c836559e72919a7d87c041eb22f439772d97c134205c660e2ac36b8003c
WT blade defect dataset/JPEGImages/814.jpg,65748,0f1d0864d06adc7ee936f48e60bb7eaf1264b5a1aa439ff820587b80f5909735
WT blade defect dataset/JPEGImages/815.jpg,71003,d65d0a1f012f48dd7b95b50bc5655d071daf254cac1897489827fab22e61da71
WT blade defect dataset/JPEGImages/816.jpg,54717,941dc977ef38b93d8b4b710ab5ecd400f5e330d3a0a709f6d4ed5c57f6e62162
WT blade defect dataset/JPEGImages/817.jpg,181806,9341276c1c40754d045fe26f5c42037fd7393ba6dd7da06349ddb490afb9b389
WT blade defect dataset/JPEGImages/818.jpg,164547,94daeb485a02b120148e69ae3ee665153ec5f499cb2e3357c39dda756fb1e49c
WT blade defect dataset/JPEGImages/819.jpg,113132,f30cf49c40e825397fd7cee9b00f64fe8488af1049b5b6c4f01450c97dca863b
WT blade defect dataset/JPEGImages/82.jpg,37750,738a178e8f2873606fa2bfcc66e6f07beeed88b876ff7b29fa9147615d7c090e
WT blade defect dataset/JPEGImages/820.jpg,276503,a208d54ae14455f61cdaf0710dab9aa876de05c75c150de8cc4795c87ece9764
WT blade defect dataset/JPEGImages/821.jpg,102345,6d84fa079d7af22e07e64841dc5b09c5feb8c55fad5df8687070e2e0952cc4de
WT blade defect dataset/JPEGImages/822.jpg,95846,3ebfa45ecadaf03d70247f079332cfe28834051b8de64238c8c6fdae06ad4d54
WT blade defect dataset/JPEGImages/823.jpg,53344,8c6433fa6e99e8c02eeb6cb204267d016fa90320286cd529c1641f72948fee5e
WT blade defect dataset/JPEGImages/824.jpg,52997,19aaa80b7f4f0a5c418e0c5f5d013b888f2eba63c526f51a91805e4495cc1033
WT blade defect dataset/JPEGImages/825.jpg,22448,d09ba581207eb0b87114a7dc389a8fadbd911facc5e69435a83b6f7d376ec480
WT blade defect dataset/JPEGImages/826.jpg,141907,64fa2788c5bd1e304bfa511d78ccc2aaa5f9752974f47bddd7868b5462071fe3
WT blade defect dataset/JPEGImages/827.jpg,89115,bf9dcd970e0e2b471dab05fb710e693149caacde180006b8e08dacae4ea5b23a
WT blade defect dataset/JPEGImages/828.jpg,123546,42c9b39e8e5c381db524ae7d71ab845b7618a772e10ab649841f84969784e8ef
WT blade defect dataset/JPEGImages/829.jpg,74733,c173419df88ecfe7c3cd04a0ed13d417ce36f186bbbedde9ac2d367a2b7d0ebf
WT blade defect dataset/JPEGImages/83.jpg,40145,a7bab4633b18f120620d6a37388d5c2c3051caa5a35292de196446e959fc09f4
WT blade defect dataset/JPEGImages/830.jpg,123069,2e3a34c311d0e0fea523192261ff954fb5d1904c50b5ace89a785e68bac02d36
WT blade defect dataset/JPEGImages/831.jpg,121910,5c874824b570cc33dfd29fad684880ec2fc10e7f2ee6e77459f6d4e4ce28f004
WT blade defect dataset/JPEGImages/832.jpg,71903,3b316d4567490334f3dddc666756303e2a0fce6e96a1288dd8b1fc8ed7e405f5
WT blade defect dataset/JPEGImages/833.jpg,84444,fe31d0285c0bf36f73d5d57432579ae346084a43929e854c202d84a1dc7d9d8b
WT blade defect dataset/JPEGImages/834.jpg,188750,98718cc78cfec6cbb34246e87b49908c35733e3a2b278f8fa1206ef417205774
WT blade defect dataset/JPEGImages/835.jpg,24645,214f11fd60295cfda63891a3b7ee4a6b20142d090acb77b061e1577e609c84df
WT blade defect dataset/JPEGImages/836.jpg,106025,0f0ef5744819f1dd39c79704dade4ddfa84006d95cd64cb3ccbf46386ee85752
WT blade defect dataset/JPEGImages/837.jpg,22716,5e0e92bfae0adc40a8c8bad54dc9084ca50c73398aafdf4b03a3088ca2f62447
WT blade defect dataset/JPEGImages/838.jpg,161006,52350e2da65ae33ede5662c6ef474f61b66ef73f9c78fc61775ebedcca40b16a
WT blade defect dataset/JPEGImages/839.jpg,32075,c1e06323dfec0d8936fe1dc7022dab881fa5cb2d6e9c9f4bb50f7e2245fc9633
WT blade defect dataset/JPEGImages/84.jpg,40339,ca3c270e59b042560566876eedbfc129bd679dc5640eaa5d3484a033e5087b34
WT blade defect dataset/JPEGImages/840.jpg,83072,736672ddbb064b83b6868fe0cde090dbc347e23c8ee12b8266bb244a43925cf0
WT blade defect dataset/JPEGImages/841.jpg,97524,412aa9b13656848faa707a08e0bb08189dc46776e214e84dc7b0e6a20fd22f4f
WT blade defect dataset/JPEGImages/842.jpg,35973,23c2be7cf5d3e0b498d06e4054beb645d345053095aa44e249bde419c0df1214
WT blade defect dataset/JPEGImages/843.jpg,117428,be5e9b9ffeea568fd5fe8a2b5a87ae2d3ec437c2048acb905c7c72a934d1132e
WT blade defect dataset/JPEGImages/844.jpg,114670,28d89a18a7ccfc1c3bde58a111b7b9f5b2eab77c5d6c00b1c07c545911e66969
WT blade defect dataset/JPEGImages/845.jpg,84548,7d2f2abf0088055be9c655a57fc62df596080e2ee0a3c933e72ac46e09cbf1ea
WT blade defect dataset/JPEGImages/846.jpg,179152,d904f5d7c233d8abe3ec8b9aa8101bbed554c99dd0e8d3ce75eba26f38b43f6a
WT blade defect dataset/JPEGImages/847.jpg,145759,3b12842f30591a1a7e4856eec9b51dee42987cac967995fbde3de390cb4ce9ee
WT blade defect dataset/JPEGImages/848.jpg,56945,2ab517679d85251f5b5178f566a95196026ad9b11f0af75ebe563a9eb7148ad8
WT blade defect dataset/JPEGImages/849.jpg,88641,f0ffa59b820578acd7d16ed2fc75080c9ed731a1d557fc0c3dd883cfabbe48dc
WT blade defect dataset/JPEGImages/85.jpg,45351,a25a9f279a2f56039402010408d3a233ee0c0f02f06e13700baee234e2b6080a
WT blade defect dataset/JPEGImages/850.jpg,144673,5372536413e4d7b53362b1eb34ffe834a5fd4a52ce7751dfcdafe12d662aae62
WT blade defect dataset/JPEGImages/851.jpg,61185,7ccabb18a0867f94109cd472a139c0d84cdc387c5138874380a6c8905abc5952
WT blade defect dataset/JPEGImages/852.jpg,137226,9b0a20539e7a430f5eee73964965c4fbd8fad5a997698a5e9ccdd5111ffac24e
WT blade defect dataset/JPEGImages/853.jpg,63131,d5eddcdd68bb3df0cf661f4d644d588c6ba13a487dfbb5bcafe8ea8f4b0784c2
WT blade defect dataset/JPEGImages/854.jpg,99249,66c615d7ec2597fef37da0716d1a331e0e77650ac183e4cb1ae69fa0989c7cea
WT blade defect dataset/JPEGImages/855.jpg,105566,81c967847008e6ab480085efe1a5da208a77170d13391fe74e4e69fd046b96db
WT blade defect dataset/JPEGImages/856.jpg,162852,5dd9f16db034c3d22c2a9a8dc1561cd252678631de32a0603e67e44e191be053
WT blade defect dataset/JPEGImages/857.jpg,80543,d66c3f4dd3c7171aeec682ae9c351cbd7571fe52368bcd614c6343e4ee0fe4c7
WT blade defect dataset/JPEGImages/858.jpg,131139,f6e8d454d7597c7bf951b79163fa280573c71596c77521b5eaca20a08392c8e2
WT blade defect dataset/JPEGImages/859.jpg,170401,c5a963a6c188d7a544b710bcb710b76757f20d37eb061ca99d1a089d5360104e
WT blade defect dataset/JPEGImages/86.jpg,231065,4b1033bb1ea30818e73bf75954e192568d4a19a8680886156bfe8946b9c7ab22
WT blade defect dataset/JPEGImages/860.jpg,42783,ad2e3e14d36a7a7b2410afd4680e44a69ba8e6461c96356d513165e0505c01fb
WT blade defect dataset/JPEGImages/861.jpg,55208,435f0c850a561356a03a25107feedf09a40d8f7e0768ccd0afdaf212cdbb3922
WT blade defect dataset/JPEGImages/862.jpg,64074,b023e5a36ebc2933370135789f429304f6c9ece027bf7c7e096d0f8d83b679cd
WT blade defect dataset/JPEGImages/863.jpg,22719,3547d2fe3b92a93d1b5665d8902c04befec21463fe77ba4be12cfd54f4fea5c2
WT blade defect dataset/JPEGImages/864.jpg,60869,7ace7e29724c2d46e60a521b1e2e60463ffdc8357db9e6576b9f728b27dd5a56
WT blade defect dataset/JPEGImages/865.jpg,145773,1ad0171c4c26e1b415ed6492ac63763c21504ac9d77b6dd244c4d9f82c67a1a1
WT blade defect dataset/JPEGImages/866.jpg,217161,93a329d3712302c4c75a3cd3efc551319a52eb1dca39fb81b0589ee2c13510ee
WT blade defect dataset/JPEGImages/867.jpg,58910,c11dc151dc102d131f90c0c335ca34837d4aab4cac2492975749c227e98c6fb0
WT blade defect dataset/JPEGImages/868.jpg,153348,5139700d5148e7788688754609c638016ec1255b417ab1fe639d622ab3ddbc70
WT blade defect dataset/JPEGImages/869.jpg,133297,8152430f466bf38e4ec328016f027456e50e94426753ba7881f9d486c2865715
WT blade defect dataset/JPEGImages/87.jpg,97873,5d98b3a2f6de2a700d1f5ac195978550101cdbd2d8261bab8778af6326185de6
WT blade defect dataset/JPEGImages/870.jpg,94964,1c088701a0286e363be678babd43881a93ded3da3ad8405032c8dbaca42b3430
WT blade defect dataset/JPEGImages/871.jpg,123330,02c42c37fcabfe6c02d77b3661fd75b524c2714253a43bad69f420ce3f3f687e
WT blade defect dataset/JPEGImages/872.jpg,69922,64f6a5333f719eb7b11dcf1fda6f89665eeae0a6a285373c9224755bc85c4e6e
WT blade defect dataset/JPEGImages/873.jpg,75793,6d2c0011888d681d3fc92b2530f48e0019b6211a326d606885b2ccf10e77ee62
WT blade defect dataset/JPEGImages/874.jpg,22337,36496e5966ca114f944a742c5d248c688c09fb03651762dfb124207a146025c9
WT blade defect dataset/JPEGImages/875.jpg,47578,68228c3d371da451d76b80970ff47c4f2d0f8c23c5f1c8e1b8c57738626ccc38
WT blade defect dataset/JPEGImages/876.jpg,56851,e1d676a6b81c0063d976b7edefe160f19b74760e4bc79cbf79ba360e9a6483ad
WT blade defect dataset/JPEGImages/877.jpg,142710,313149e8c1720f4c26a6ad56127d2c47cb8fb3de2589f29c21336565859056d1
WT blade defect dataset/JPEGImages/878.jpg,115674,f7d3d1f95817ab4bc7a9354886aa7e80d43bbb43bc1da94e1c1854f781d00be3
WT blade defect dataset/JPEGImages/879.jpg,61405,6ae6b3f6e04f7f6591cad7ab9d75b7cbde9b6a1c93c2d6ac62371b27b331bd13
WT blade defect dataset/JPEGImages/88.jpg,50643,77209c6be6cedeaa8dde8ce8e3b3dfe6383ff5f2d7059bc9b0d211731bb437ee
WT blade defect dataset/JPEGImages/880.jpg,76871,64f411bc1b2aac960f58cb5e9c9c7fd32049ce921ec3e2e1b4b689a5b666b123
WT blade defect dataset/JPEGImages/881.jpg,101104,a4c4ba468f36744f6f185b68ba983d82cb5cf754dd9c4ee73c5700da53861dc7
WT blade defect dataset/JPEGImages/882.jpg,170949,6bf144eb052cee3d78f626a5e6ac1bc0a34c82cd441d3318e7c3d72ecd76a6fb
WT blade defect dataset/JPEGImages/883.jpg,63412,8e3cc35af1cdd337c7db5c2d5ec7500ffa5e0add6cfd4f404f8e7291d86d2a80
WT blade defect dataset/JPEGImages/884.jpg,148918,b5c507306d5649a82cd12ab9de869a376c7adbcd4c8e268b6bda68d55a3c9eae
WT blade defect dataset/JPEGImages/885.jpg,62317,cb3cc801d9d2610cc6f24b820aefacf0be27a239c886121bbbbd0ee1df1eb308
WT blade defect dataset/JPEGImages/886.jpg,63253,c15ed72fde47f3186f2890ea16b197ce0a5ad1789eb15964631b16457a5b8572
WT blade defect dataset/JPEGImages/887.jpg,83353,b9742d4b29fc0af72e918144a926028e1dd3c48d3343efd4222dec3b67b2970f
WT blade defect dataset/JPEGImages/888.jpg,66088,af4d478dadc4e13fed93d13401e76e9e9dcf33c60aed7e6a2681a805e166b4e1
WT blade defect dataset/JPEGImages/889.jpg,66944,13f4648b95170a84fba2792bfaf3509cd364c08c03bc837d266289d61c93672e
WT blade defect dataset/JPEGImages/89.jpg,76396,bcd6fd5c8e6e5da78b6f5b0526c66db9b42feac80b95cbb2c20b52ab2cb6a1fe
WT blade defect dataset/JPEGImages/890.jpg,101968,7c38861ce9eafa058ef0e5fbea65f076f7113f418b7ef9ca07b7aed6f6c353c0
WT blade defect dataset/JPEGImages/891.jpg,65671,b2dfe619cc0fc2708669ac47348d4f673d3206e8a62a281907d5549638750896
WT blade defect dataset/JPEGImages/892.jpg,98260,1b52d2b1d7163005da83f0e6474ba584e53a6605464727b695a095c0fd92d437
WT blade defect dataset/JPEGImages/893.jpg,238567,c5507de3280b93434e6225f6c04151727058d7be5b6a8068ad897aca7d141003
WT blade defect dataset/JPEGImages/894.jpg,124763,8a6b51eb424296a87dc3c1ea2f83d534c32ccc7312cbf00c98a8b76d20ce9525
WT blade defect dataset/JPEGImages/895.jpg,61302,966d66a31f05e6741970ec53e3ed881192188f1830e7c104f6bfbed10597598c
WT blade defect dataset/JPEGImages/896.jpg,43128,22d2df8809f369ccee127521e67df872c0e7672f3a93865a0b571ac789400209
WT blade defect dataset/JPEGImages/897.jpg,93101,2069fc820b0256217ddd83ecccdec873171326618059addc2b4be84b7c99ae11
WT blade defect dataset/JPEGImages/898.jpg,194765,eb3fb61058a3a0e49c51eab4a660d403adb25e803b5bae7f888f5cc8bc52dfdc
WT blade defect dataset/JPEGImages/899.jpg,104708,b2003c543e9c55ac6928b591db291bbb0198aa9df6651a3a4c6dbe161abff258
WT blade defect dataset/JPEGImages/9.jpg,74049,0dfb269a508c3696d7eba9fbc960d355bf376d67300752870b99f93745f0ff1e
WT blade defect dataset/JPEGImages/90.jpg,104887,382735c6d8314c8ea4066e52abe2b5615687abcc693a4ce4b6677c2fa77fe1c8
WT blade defect dataset/JPEGImages/900.jpg,80660,12c1d11e8811671277f7372103d32c520622b41f0bea3dfb98f76aab3610c370
WT blade defect dataset/JPEGImages/901.jpg,35382,d9a78da5903ec6bbad153b1031c624946f4fb34bb5e6c7efc7afbc1d864f33f3
WT blade defect dataset/JPEGImages/902.jpg,82606,53d6d368de2835b15426af139ce77a6f4fa7ca65b80d87e08605ed6f956e44bb
WT blade defect dataset/JPEGImages/903.jpg,76170,fb6470eaf9686e976cc655980798295073347b1a78891e878a3b60b5195b5cf4
WT blade defect dataset/JPEGImages/904.jpg,64527,fbb8d6249f2bcd325cb4c51338c09531ae36e2b593bc312cb25e0f4f21565505
WT blade defect dataset/JPEGImages/905.jpg,115961,e3dfdf00965125045c878c085690622c22f28cd8f45895cfda471828433c6f5a
WT blade defect dataset/JPEGImages/906.jpg,67195,fd1dfba52e9a77700ffa5aa6ca7613c06e038999425310aff733413c44e876a9
WT blade defect dataset/JPEGImages/907.jpg,63499,a4e4d726d762886334e1b1711cbe4d90f048889fc83869cedfaf8964188f3222
WT blade defect dataset/JPEGImages/908.jpg,126891,aaa9164ec7be37c9b9cc577b48944641ee677f5fc681b4e550898235d180d442
WT blade defect dataset/JPEGImages/909.jpg,128702,e6a4b6408a768208b8d0bc03f7a62405f33292a67d147264226bd72be78ad0f9
WT blade defect dataset/JPEGImages/91.jpg,34055,20abebc725084c47071c38f580f112b714e577937a281fd674f6da71b71d1bec
WT blade defect dataset/JPEGImages/910.jpg,65087,4571a4ef73e669891dece17c308c33e39b448288574e4577be7dff4fbcb1465b
WT blade defect dataset/JPEGImages/911.jpg,41054,779367c2330ddd510f9f10c85cf085e980b72cc356e1fc6c665aefa914bb1f4b
WT blade defect dataset/JPEGImages/912.jpg,129055,d45354eb6993573048d17340418c65fcdfbcb4d87cc3c58df680c2f579f9c9c6
WT blade defect dataset/JPEGImages/913.jpg,104264,b223dd2160a7e9ac89f664fec5b680187c50de59e0b20fa9617d50cbb98f84e2
WT blade defect dataset/JPEGImages/914.jpg,43984,6d6fd20e8630c6c023b0a51690a4502f8d63f46d09d59e6becdec42ad06d1759
WT blade defect dataset/JPEGImages/915.jpg,139866,3a2ebaa86bbf460938948d980db2489bd8abf39d2f8f35ffc103a47bafbc1f9b
WT blade defect dataset/JPEGImages/916.jpg,75046,01d65e1809ac645ffd9f81b8e72abaf5b0f8960c4c251e84d1ab565fb1192659
WT blade defect dataset/JPEGImages/917.jpg,123614,f6f0ff385b17b6a2b94a6e497a3125fae91e7222bca99044c3fbfddc040ca95a
WT blade defect dataset/JPEGImages/918.jpg,141098,1110b1a1bba68590fd6e330937ce9fc925b0481877366f6fe24a0db30f025541
WT blade defect dataset/JPEGImages/919.jpg,84399,9e81548110e8c127d5f2ad9c867b34252707c19f5dd417b506bd4d4fe5c6c46a
WT blade defect dataset/JPEGImages/92.jpg,34697,90c4ae078b571b301b39c27679f961fbce84f74cb009c64f651a21fcd0d6dff1
WT blade defect dataset/JPEGImages/920.jpg,103629,e889cceb0c1c5f049c769abdb73861de100165d7244d40c100af63c33a60b612
WT blade defect dataset/JPEGImages/921.jpg,101950,bfd854169a6d7a05897c0066abd0d956fb3970f9222d35022c12958ac310b011
WT blade defect dataset/JPEGImages/922.jpg,162691,8b41908b195d134c3415b82ce60bded7b1604b62d279a78dcd81b9aef1ea5d4c
WT blade defect dataset/JPEGImages/923.jpg,68647,1d82ddb1a5bf070b9c9fe1e5d724b5d8f0fbabb9d4f547cc38fab94536a3915e
WT blade defect dataset/JPEGImages/924.jpg,150086,c48a2c935737019fcce030e9e89a846f4d5e4c3113eaae727b960ee1d3db9efe
WT blade defect dataset/JPEGImages/925.jpg,251854,fe8f0f2b8eeb917099aa0892ec350a47b904e901eea1c54abadff2f925b7e986
WT blade defect dataset/JPEGImages/926.jpg,54122,f7147c9dff8b899e776067266ea1128c9551ecb9fefd87cec59fa94b2de120f1
WT blade defect dataset/JPEGImages/927.jpg,84289,87fec0fe34f5de77c5bb3585bed57aeadcf2878951280a122f03108062c098f7
WT blade defect dataset/JPEGImages/928.jpg,159512,5ac3b91d3d42d47526ac78981604177f4966c20bbafda528df6f494af1f71541
WT blade defect dataset/JPEGImages/929.jpg,288360,b23c2278495e53143ccdab6b727fae8691c3d9f6807a82fcdf4139ea76da8fda
WT blade defect dataset/JPEGImages/93.jpg,40258,38c5ce8f77aa3ceecd6479f6ad671c5890cd7e3a82218101491a8bf16d0ee801
WT blade defect dataset/JPEGImages/930.jpg,95184,dca243af854a1b60cfc73d1be206beb64e595075a56309ab7673f95cdfe46af3
WT blade defect dataset/JPEGImages/931.jpg,42954,d7593c13def7ae04b82b62f62d73ccd4046109f7f4a1b49ce3b5f7e414497ce8
WT blade defect dataset/JPEGImages/932.jpg,139009,729727373c7442428db7fb9a8420618257f66077f7b6dd2a55beba0718eadce9
WT blade defect dataset/JPEGImages/933.jpg,41882,63222a034edf72069ea4c928b0ff1d9d6037dc7289d0ccfbbcaeb1066db11951
WT blade defect dataset/JPEGImages/934.jpg,41850,1b15eb2b79f8b5fb2c27d6b188f9d0d8a1289ad693e8aebacc0d17d03ceb218c
WT blade defect dataset/JPEGImages/935.jpg,93709,12904e3ff397181fe651fd30ab02c0736e1dd9a4a60e99842cbff909010680ca
WT blade defect dataset/JPEGImages/936.jpg,69404,830e3715e8df4f0dd07a25fb4c1f15e96063a36633e6fc9e7b2e9c6a661c1932
WT blade defect dataset/JPEGImages/937.jpg,115980,cd87eefc5ccb8cceffcb48de7b31418eedeef9c605cae6a7eea6f41b560a1b18
WT blade defect dataset/JPEGImages/938.jpg,140463,739f55a8adf7c36042753a0077835c0d886f9bc3ec7f73e21d5ee1b7aed80e38
WT blade defect dataset/JPEGImages/939.jpg,60013,d4ff995c345e4d84ab5ab6868892aa465bccf50ed60d1121ec24ba99fccbdacd
WT blade defect dataset/JPEGImages/94.jpg,91449,d389ed2413e8cf33da8bce022d27136ee0a9b681f19b3458913bd12b2497c12f
WT blade defect dataset/JPEGImages/940.jpg,176310,2771dabeb09ff53375ce6662999fd373e6ae302105e4831eb3b55a3baeb5bfd7
WT blade defect dataset/JPEGImages/941.jpg,197472,09d11dac5d5082ac690b482f70ded64a4a39887f3ad48b4db43df8c0a105a79f
WT blade defect dataset/JPEGImages/942.jpg,168236,9693fdf6d7bb2076dccb1a9bac5355f8ae0df8310d08216afdac2c7a584ad71b
WT blade defect dataset/JPEGImages/943.jpg,134514,5484af1ac0514aaec63b09675dd9f1b07e5c2cf355b8de468aad0f4d237f8c59
WT blade defect dataset/JPEGImages/944.jpg,138621,bdc1f51ec71608e1e199639a5577de329d6fec0fdcb4bb82c5cf54a88d9c8c82
WT blade defect dataset/JPEGImages/945.jpg,99206,0137a16f610c4183202434689d5cc68da815d4d0dc05597bc329daffc7c503ae
WT blade defect dataset/JPEGImages/946.jpg,177231,232de9f1f00eaff9e99489f068110a9b1498085e77d56a3620f0a01f41ea87c6
WT blade defect dataset/JPEGImages/947.jpg,60861,8353c6f36864b3ff022c7506d916c82eea86d4ea46b08af1bffaab5a62d94197
WT blade defect dataset/JPEGImages/948.jpg,70161,290c53a99ecd155989ac7bb28717615c2e8cc415e24b597c1f2f41965ec2bb75
WT blade defect dataset/JPEGImages/949.jpg,41862,2f58bdecc13de6dfdc16f8e2a878df310fda181116faa76bbf84d1ef9479a4ea
WT blade defect dataset/JPEGImages/95.jpg,56846,ff9eafd1b80c3759315b79c178f5238b446021a987b948dbdccb81f75e0b7158
WT blade defect dataset/JPEGImages/950.jpg,42901,708e51fa8341c31b8e459519b49f6d5a6e530a9c650d024d927304d7494d4255
WT blade defect dataset/JPEGImages/951.jpg,117176,e2c3b4e6bcf23290ea24e0dfd9193241d52432cbe537cf3532c569fb0ff80845
WT blade defect dataset/JPEGImages/952.jpg,131678,d3fe42f78b8e062b091217c70d24c4062a908439f019932118fcbf585de54481
WT blade defect dataset/JPEGImages/953.jpg,74144,31569fb40eb9ae35eb0900ca7161cda31f583cd09de59cf2f202f0c288ac3da8
WT blade defect dataset/JPEGImages/954.jpg,32518,dc43b46fe915955e408edf202968a9217a773eda36c2873b541e86cd4353d5fa
WT blade defect dataset/JPEGImages/955.jpg,168037,600b6ba5b6bf0d590d2f602a5d41385f354b96f8e84a9205efb973cf1d3b8dda
WT blade defect dataset/JPEGImages/956.jpg,258451,18e251954b2d66619ff4ab37642e8805884af4fc4034fc09e4c916b060baf79e
WT blade defect dataset/JPEGImages/957.jpg,119477,e64107e1deba511c5af3784277c529fd46a92a7ef4b4f67ae42c722cf80484c1
WT blade defect dataset/JPEGImages/958.jpg,110976,e31b1051a2a807df0172cab43fd5b54e19f0e4af6fac51c1332ba049919b2dd5
WT blade defect dataset/JPEGImages/959.jpg,206869,477d01972ec31fbdf753f14eeec395c390199bc88696fbdec20e3c23f14c130c
WT blade defect dataset/JPEGImages/96.jpg,35399,d21eb7b133d2cbe84d0d055b0217aab72becfa81fd088ed465e61b77ecc426bc
WT blade defect dataset/JPEGImages/960.jpg,50598,114d0a8923f8aa8141a394dea7f7a6764c8cb15efc57a1f1d7e844f6854837b2
WT blade defect dataset/JPEGImages/961.jpg,56101,2204eecefe6fae9b6a78dc66409bf5089599fa4e8884a62a9066a36c5fe9b34d
WT blade defect dataset/JPEGImages/962.jpg,126404,ff4ee8e84b0507e297671de4f4c919c9aba6f4f7005a16b3e17414c15622cd89
WT blade defect dataset/JPEGImages/963.jpg,20662,5606a86cfc74473c5663edf3298f2853ef9d00d905edf7a6d7a158efc3ced338
WT blade defect dataset/JPEGImages/964.jpg,43792,c122edda0687feec66d9d19859cbb0688944e94938c212bbb118966ad94e0c8d
WT blade defect dataset/JPEGImages/965.jpg,55826,45591117a303658b0f72f763a7387ad9b974b1af057dc97b29b4a95bca78953a
WT blade defect dataset/JPEGImages/966.jpg,64174,b47a1118f4f05bb3dbb8ebd29d2f5ecc9011ca7557272cba8824586d9796d646
WT blade defect dataset/JPEGImages/967.jpg,74631,b47696e4f50f089e98bbfd85f767b5c6f408984de0f8704ccbd5877770eb0dd4
WT blade defect dataset/JPEGImages/968.jpg,161895,a687f1033040443bf805bb13be239607ec33b1984146d890933daf218d3a929f
WT blade defect dataset/JPEGImages/969.jpg,21459,e83d1144757413e8e7248780ddabf69cfc7d5e313316d5712e7622c101fa6b83
WT blade defect dataset/JPEGImages/97.jpg,40458,c2ccce5150f9ad83d1a353a51d17afc05dfa128d746d01bf90d3471ed789ed99
WT blade defect dataset/JPEGImages/970.jpg,115030,d51a4643796c61c720d0159b179ce70551da85c145bf64890246daf5c6bf0c3e
WT blade defect dataset/JPEGImages/971.jpg,104016,1621407f4fe6f34f4269fc0f64fd16f1dae5090bae9743dbdd9ab3245e31b450
WT blade defect dataset/JPEGImages/972.jpg,94844,147d403d9090c9714eb6d7596da8f3269d2513a96f8c156bd9ad66c89def670d
WT blade defect dataset/JPEGImages/973.jpg,55598,26dccfd3119174a4b65ec6b2bea96a5cd81d7c3f5a7ef227fc7f07e7dd2aeaf4
WT blade defect dataset/JPEGImages/974.jpg,154274,9ab0f56021c8bfabd6dc3845049d651154bfa5b7966945ee99b30a60161add64
WT blade defect dataset/JPEGImages/975.jpg,111946,dab2d91b3c038613e364d0c635aa1a81f3d2e2575f5cb5b08350da3296bf98da
WT blade defect dataset/JPEGImages/976.jpg,42549,0767f59cbf84b879a3928730b98729e1dfd3956acc2cc8d980c95f329019850e
WT blade defect dataset/JPEGImages/977.jpg,77186,f5d6bf422f72f9d286c464013da2298b7bc31e92f123a3beda5ed0069f77ceb3
WT blade defect dataset/JPEGImages/978.jpg,114933,d1ed8de4026827f179c7571a5aff0ac9ec38e8727bfc32c4d5a864abe0c1682b
WT blade defect dataset/JPEGImages/979.jpg,47871,ba0e06a497d4b2aae5fc0f9e86ad6312a25cc4c0f8d0e94b50b94afcf03f6948
WT blade defect dataset/JPEGImages/98.jpg,40460,c4a941506691ed8e211036bdd1cfa9c2d9cc85d8b4d47cd718a30f3d780e4ce0
WT blade defect dataset/JPEGImages/980.jpg,130145,dac3844be2f26254bbf9d8f125e90036f624ce8ad4e5ae2149a9b0e49ddf6d64
WT blade defect dataset/JPEGImages/981.jpg,153857,446e9bd33a43af36d4699906883734faae99bd428ce95594f2ab6decaf208274
WT blade defect dataset/JPEGImages/982.jpg,118213,b85bdd4ccaa202c8bb9df892451b7aa97b57829969478d7a8d873eb2b9240eca
WT blade defect dataset/JPEGImages/983.jpg,65859,c2bef9fcd8057fb6dd0a0c34af090d61a4bd4690dc696468ada623b2541df806
WT blade defect dataset/JPEGImages/984.jpg,30740,b69f11e3d30ec18fe205ded9dcc97e2d352d117388596b10325ab6189eed1c70
WT blade defect dataset/JPEGImages/985.jpg,68976,629be0b36d96918d279e722791bb92cf3c6ecc2db8965cc5e4ec3b9592be8772
WT blade defect dataset/JPEGImages/986.jpg,37535,8f5bbf6ddae9fda28ec742d3e6eb76c44c3549ba9b6fc4737cfbf3cbfac005b1
WT blade defect dataset/JPEGImages/987.jpg,85487,45c2af454a8b0858b74d3d87ffe8cfeace759c33ec6a78223cce28a784ff2347
WT blade defect dataset/JPEGImages/988.jpg,200252,c308f88e6906fa548c89167216833c7fc760fdebeffab67f3c0945ac55555e18
WT blade defect dataset/JPEGImages/989.jpg,48911,e7a04f9e41e341a433ab53de510a70d05145260e19f85d5ef043ab01573ba44b
WT blade defect dataset/JPEGImages/99.jpg,108790,96e3be88150041069f94753f02a6294f030526febd056d866392fdc39da796a0
WT blade defect dataset/JPEGImages/990.jpg,70626,c97e5bc64df02e3474c4b3198336ca109c20ba867ccff12c745aa5c5cd137e19
WT blade defect dataset/JPEGImages/991.jpg,85445,e1e85d5cae5556dc9b3c3f1df8533e916d7854c433f02ab8f407a5f53fdc17ed
WT blade defect dataset/JPEGImages/992.jpg,107966,bb144c229afbdb9166d4deb91744fa763b553270476702a0b205f3794f394dca
WT blade defect dataset/JPEGImages/993.jpg,94997,70eaf15efc9d731688876ca74731b1a8a8526326398f382b5b41b49fd6af4314
WT blade defect dataset/JPEGImages/994.jpg,99169,02f515dae52f482a18f5fd843699a3c54737649c4f1e6a5d24007fc3ede06f09
WT blade defect dataset/JPEGImages/995.jpg,84454,fa43f6cb05eea6de194a59a79dc584f06655420874beb45620d6ca7495af52e6
WT blade defect dataset/JPEGImages/996.jpg,173688,d9d9df830adad5fe29d86fee5a23e749c40f84969b05253941b36a4f55266d2f
WT blade defect dataset/JPEGImages/997.jpg,100919,5d44e81061f15096419aa6e6b2fa3efeb574ba077a28143171c98b25eb0dda5b
WT blade defect dataset/JPEGImages/998.jpg,49851,a9f201d28eb5c223b8137316366fe20bfb4aa508753041e3fa39f1f6af52a582
WT blade defect dataset/JPEGImages/999.jpg,32638,5158d81e81b22b32bbee89d60b317f167d0d57e125283b8f1cacc87651a1b185
WT blade defect dataset/preprocessing_demo.py,1473,3b2f7c8125567ea03bf4f9e853050bb3ff247212250422c90a4b365f296013be
WT blade defect dataset/requirements.txt,126,4e1ac3eba87dfa2d13f100588edf61f67d63a800a73c6e492a40b2852662b793
WT blade defect dataset/train_val_test_split.txt,15467,87ab0b1a268b1dd915502db1e2bfc424cde5f9243aa57a3855345123315dd571
WT blade defect dataset/tsne_analysis.py,5154,abc066ca7f32044dd05a811c37184fab66c043a7a1f064ebb494ea8e8150e750
