unit,pass_name,response_field,response_value,group_dimension,group_value,count,denominator,percentage
review_case,pass_a,defect_visible,yes,method,mobilenet_v3_small,8,9,88.888889
review_case,pass_a,defect_visible,partially,method,mobilenet_v3_small,1,9,11.111111
review_case,pass_a,defect_visible,no,method,mobilenet_v3_small,0,9,0.000000
review_case,pass_a,defect_visible,uncertain,method,mobilenet_v3_small,0,9,0.000000
review_case,pass_a,defect_visible,yes,method,resnet18,42,51,82.352941
review_case,pass_a,defect_visible,partially,method,resnet18,9,51,17.647059
review_case,pass_a,defect_visible,no,method,resnet18,0,51,0.000000
review_case,pass_a,defect_visible,uncertain,method,resnet18,0,51,0.000000
review_case,pass_a,defect_visible,yes,corruption_family,brightness,27,34,79.411765
review_case,pass_a,defect_visible,partially,corruption_family,brightness,7,34,20.588235
review_case,pass_a,defect_visible,no,corruption_family,brightness,0,34,0.000000
review_case,pass_a,defect_visible,uncertain,corruption_family,brightness,0,34,0.000000
review_case,pass_a,defect_visible,yes,corruption_family,clean,8,10,80.000000
review_case,pass_a,defect_visible,partially,corruption_family,clean,2,10,20.000000
review_case,pass_a,defect_visible,no,corruption_family,clean,0,10,0.000000
review_case,pass_a,defect_visible,uncertain,corruption_family,clean,0,10,0.000000
review_case,pass_a,defect_visible,yes,corruption_family,gaussian_blur,13,13,100.000000
review_case,pass_a,defect_visible,partially,corruption_family,gaussian_blur,0,13,0.000000
review_case,pass_a,defect_visible,no,corruption_family,gaussian_blur,0,13,0.000000
review_case,pass_a,defect_visible,uncertain,corruption_family,gaussian_blur,0,13,0.000000
review_case,pass_a,defect_visible,yes,corruption_family,jpeg,2,3,66.666667
review_case,pass_a,defect_visible,partially,corruption_family,jpeg,1,3,33.333333
review_case,pass_a,defect_visible,no,corruption_family,jpeg,0,3,0.000000
review_case,pass_a,defect_visible,uncertain,corruption_family,jpeg,0,3,0.000000
review_case,pass_a,defect_visible,yes,severity,clean,8,10,80.000000
review_case,pass_a,defect_visible,partially,severity,clean,2,10,20.000000
review_case,pass_a,defect_visible,no,severity,clean,0,10,0.000000
review_case,pass_a,defect_visible,uncertain,severity,clean,0,10,0.000000
review_case,pass_a,defect_visible,yes,severity,mild,3,4,75.000000
review_case,pass_a,defect_visible,partially,severity,mild,1,4,25.000000
review_case,pass_a,defect_visible,no,severity,mild,0,4,0.000000
review_case,pass_a,defect_visible,uncertain,severity,mild,0,4,0.000000
review_case,pass_a,defect_visible,yes,severity,moderate,2,3,66.666667
review_case,pass_a,defect_visible,partially,severity,moderate,1,3,33.333333
review_case,pass_a,defect_visible,no,severity,moderate,0,3,0.000000
review_case,pass_a,defect_visible,uncertain,severity,moderate,0,3,0.000000
review_case,pass_a,defect_visible,yes,severity,severe,37,43,86.046512
review_case,pass_a,defect_visible,partially,severity,severe,6,43,13.953488
review_case,pass_a,defect_visible,no,severity,severe,0,43,0.000000
review_case,pass_a,defect_visible,uncertain,severity,severe,0,43,0.000000
review_case,pass_a,defect_visible,yes,condition_group,clean,8,10,80.000000
review_case,pass_a,defect_visible,partially,condition_group,clean,2,10,20.000000
review_case,pass_a,defect_visible,no,condition_group,clean,0,10,0.000000
review_case,pass_a,defect_visible,uncertain,condition_group,clean,0,10,0.000000
review_case,pass_a,defect_visible,yes,condition_group,degraded,42,50,84.000000
review_case,pass_a,defect_visible,partially,condition_group,degraded,8,50,16.000000
review_case,pass_a,defect_visible,no,condition_group,degraded,0,50,0.000000
review_case,pass_a,defect_visible,uncertain,condition_group,degraded,0,50,0.000000
review_case,pass_a,defect_visible,yes,selection_event,beneficial_flip,6,6,100.000000
review_case,pass_a,defect_visible,partially,selection_event,beneficial_flip,0,6,0.000000
review_case,pass_a,defect_visible,no,selection_event,beneficial_flip,0,6,0.000000
review_case,pass_a,defect_visible,uncertain,selection_event,beneficial_flip,0,6,0.000000
review_case,pass_a,defect_visible,yes,selection_event,clean_consensus_error,8,10,80.000000
review_case,pass_a,defect_visible,partially,selection_event,clean_consensus_error,2,10,20.000000
review_case,pass_a,defect_visible,no,selection_event,clean_consensus_error,0,10,0.000000
review_case,pass_a,defect_visible,uncertain,selection_event,clean_consensus_error,0,10,0.000000
review_case,pass_a,defect_visible,yes,selection_event,seed_disagreement,6,8,75.000000
review_case,pass_a,defect_visible,partially,selection_event,seed_disagreement,2,8,25.000000
review_case,pass_a,defect_visible,no,selection_event,seed_disagreement,0,8,0.000000
review_case,pass_a,defect_visible,uncertain,selection_event,seed_disagreement,0,8,0.000000
review_case,pass_a,defect_visible,yes,selection_event,severe_harmful_flip,19,20,95.000000
review_case,pass_a,defect_visible,partially,selection_event,severe_harmful_flip,1,20,5.000000
review_case,pass_a,defect_visible,no,selection_event,severe_harmful_flip,0,20,0.000000
review_case,pass_a,defect_visible,uncertain,selection_event,severe_harmful_flip,0,20,0.000000
review_case,pass_a,defect_visible,yes,selection_event,severe_stable_correct,5,8,62.500000
review_case,pass_a,defect_visible,partially,selection_event,severe_stable_correct,3,8,37.500000
review_case,pass_a,defect_visible,no,selection_event,severe_stable_correct,0,8,0.000000
review_case,pass_a,defect_visible,uncertain,selection_event,severe_stable_correct,0,8,0.000000
review_case,pass_a,defect_visible,yes,selection_event,severe_stable_wrong,6,8,75.000000
review_case,pass_a,defect_visible,partially,selection_event,severe_stable_wrong,2,8,25.000000
review_case,pass_a,defect_visible,no,selection_event,severe_stable_wrong,0,8,0.000000
review_case,pass_a,defect_visible,uncertain,selection_event,severe_stable_wrong,0,8,0.000000
review_case,pass_a,defect_visible,yes,analysis_group,beneficial_flip,6,6,100.000000
review_case,pass_a,defect_visible,partially,analysis_group,beneficial_flip,0,6,0.000000
review_case,pass_a,defect_visible,no,analysis_group,beneficial_flip,0,6,0.000000
review_case,pass_a,defect_visible,uncertain,analysis_group,beneficial_flip,0,6,0.000000
review_case,pass_a,defect_visible,yes,analysis_group,clean_consensus_error,8,10,80.000000
review_case,pass_a,defect_visible,partially,analysis_group,clean_consensus_error,2,10,20.000000
review_case,pass_a,defect_visible,no,analysis_group,clean_consensus_error,0,10,0.000000
review_case,pass_a,defect_visible,uncertain,analysis_group,clean_consensus_error,0,10,0.000000
review_case,pass_a,defect_visible,yes,analysis_group,harmful_flip,19,20,95.000000
review_case,pass_a,defect_visible,partially,analysis_group,harmful_flip,1,20,5.000000
review_case,pass_a,defect_visible,no,analysis_group,harmful_flip,0,20,0.000000
review_case,pass_a,defect_visible,uncertain,analysis_group,harmful_flip,0,20,0.000000
review_case,pass_a,defect_visible,yes,analysis_group,seed_disagreement,6,8,75.000000
review_case,pass_a,defect_visible,partially,analysis_group,seed_disagreement,2,8,25.000000
review_case,pass_a,defect_visible,no,analysis_group,seed_disagreement,0,8,0.000000
review_case,pass_a,defect_visible,uncertain,analysis_group,seed_disagreement,0,8,0.000000
review_case,pass_a,defect_visible,yes,analysis_group,stable_correct,5,8,62.500000
review_case,pass_a,defect_visible,partially,analysis_group,stable_correct,3,8,37.500000
review_case,pass_a,defect_visible,no,analysis_group,stable_correct,0,8,0.000000
review_case,pass_a,defect_visible,uncertain,analysis_group,stable_correct,0,8,0.000000
review_case,pass_a,defect_visible,yes,analysis_group,stable_wrong,6,8,75.000000
review_case,pass_a,defect_visible,partially,analysis_group,stable_wrong,2,8,25.000000
review_case,pass_a,defect_visible,no,analysis_group,stable_wrong,0,8,0.000000
review_case,pass_a,defect_visible,uncertain,analysis_group,stable_wrong,0,8,0.000000
review_case,pass_a,defect_visible,yes,eligibility_rule,consensus,42,49,85.714286
review_case,pass_a,defect_visible,partially,eligibility_rule,consensus,7,49,14.285714
review_case,pass_a,defect_visible,no,eligibility_rule,consensus,0,49,0.000000
review_case,pass_a,defect_visible,uncertain,eligibility_rule,consensus,0,49,0.000000
review_case,pass_a,defect_visible,yes,eligibility_rule,majority,2,3,66.666667
review_case,pass_a,defect_visible,partially,eligibility_rule,majority,1,3,33.333333
review_case,pass_a,defect_visible,no,eligibility_rule,majority,0,3,0.000000
review_case,pass_a,defect_visible,uncertain,eligibility_rule,majority,0,3,0.000000
review_case,pass_a,defect_visible,yes,eligibility_rule,seed_disagreement,6,8,75.000000
review_case,pass_a,defect_visible,partially,eligibility_rule,seed_disagreement,2,8,25.000000
review_case,pass_a,defect_visible,no,eligibility_rule,seed_disagreement,0,8,0.000000
review_case,pass_a,defect_visible,uncertain,eligibility_rule,seed_disagreement,0,8,0.000000
review_case,pass_a,defect_visible,yes,true_label,corrosion,13,15,86.666667
review_case,pass_a,defect_visible,partially,true_label,corrosion,2,15,13.333333
review_case,pass_a,defect_visible,no,true_label,corrosion,0,15,0.000000
review_case,pass_a,defect_visible,uncertain,true_label,corrosion,0,15,0.000000
review_case,pass_a,defect_visible,yes,true_label,crack,6,7,85.714286
review_case,pass_a,defect_visible,partially,true_label,crack,1,7,14.285714
review_case,pass_a,defect_visible,no,true_label,crack,0,7,0.000000
review_case,pass_a,defect_visible,uncertain,true_label,crack,0,7,0.000000
review_case,pass_a,defect_visible,yes,true_label,craze,6,12,50.000000
review_case,pass_a,defect_visible,partially,true_label,craze,6,12,50.000000
review_case,pass_a,defect_visible,no,true_label,craze,0,12,0.000000
review_case,pass_a,defect_visible,uncertain,true_label,craze,0,12,0.000000
review_case,pass_a,defect_visible,yes,true_label,hide_craze,9,9,100.000000
review_case,pass_a,defect_visible,partially,true_label,hide_craze,0,9,0.000000
review_case,pass_a,defect_visible,no,true_label,hide_craze,0,9,0.000000
review_case,pass_a,defect_visible,uncertain,true_label,hide_craze,0,9,0.000000
review_case,pass_a,defect_visible,yes,true_label,surface_injure,11,12,91.666667
review_case,pass_a,defect_visible,partially,true_label,surface_injure,1,12,8.333333
review_case,pass_a,defect_visible,no,true_label,surface_injure,0,12,0.000000
review_case,pass_a,defect_visible,uncertain,true_label,surface_injure,0,12,0.000000
review_case,pass_a,defect_visible,yes,true_label,thunderstrike,5,5,100.000000
review_case,pass_a,defect_visible,partially,true_label,thunderstrike,0,5,0.000000
review_case,pass_a,defect_visible,no,true_label,thunderstrike,0,5,0.000000
review_case,pass_a,defect_visible,uncertain,true_label,thunderstrike,0,5,0.000000
review_case,pass_a,defect_visible,yes,selected_correctness,all_correct,11,14,78.571429
review_case,pass_a,defect_visible,partially,selected_correctness,all_correct,3,14,21.428571
review_case,pass_a,defect_visible,no,selected_correctness,all_correct,0,14,0.000000
review_case,pass_a,defect_visible,uncertain,selected_correctness,all_correct,0,14,0.000000
review_case,pass_a,defect_visible,yes,selected_correctness,all_incorrect,34,39,87.179487
review_case,pass_a,defect_visible,partially,selected_correctness,all_incorrect,5,39,12.820513
review_case,pass_a,defect_visible,no,selected_correctness,all_incorrect,0,39,0.000000
review_case,pass_a,defect_visible,uncertain,selected_correctness,all_incorrect,0,39,0.000000
review_case,pass_a,defect_visible,yes,selected_correctness,mixed,5,7,71.428571
review_case,pass_a,defect_visible,partially,selected_correctness,mixed,2,7,28.571429
review_case,pass_a,defect_visible,no,selected_correctness,mixed,0,7,0.000000
review_case,pass_a,defect_visible,uncertain,selected_correctness,mixed,0,7,0.000000
review_case,pass_a,corruption_obscures_diagnostic_detail,none,method,mobilenet_v3_small,4,9,44.444444
review_case,pass_a,corruption_obscures_diagnostic_detail,mild,method,mobilenet_v3_small,4,9,44.444444
review_case,pass_a,corruption_obscures_diagnostic_detail,strong,method,mobilenet_v3_small,1,9,11.111111
review_case,pass_a,corruption_obscures_diagnostic_detail,uncertain,method,mobilenet_v3_small,0,9,0.000000
review_case,pass_a,corruption_obscures_diagnostic_detail,none,method,resnet18,31,51,60.784314
review_case,pass_a,corruption_obscures_diagnostic_detail,mild,method,resnet18,12,51,23.529412
review_case,pass_a,corruption_obscures_diagnostic_detail,strong,method,resnet18,8,51,15.686275
review_case,pass_a,corruption_obscures_diagnostic_detail,uncertain,method,resnet18,0,51,0.000000
review_case,pass_a,corruption_obscures_diagnostic_detail,none,corruption_family,brightness,24,34,70.588235
review_case,pass_a,corruption_obscures_diagnostic_detail,mild,corruption_family,brightness,6,34,17.647059
review_case,pass_a,corruption_obscures_diagnostic_detail,strong,corruption_family,brightness,4,34,11.764706
review_case,pass_a,corruption_obscures_diagnostic_detail,uncertain,corruption_family,brightness,0,34,0.000000
review_case,pass_a,corruption_obscures_diagnostic_detail,none,corruption_family,clean,3,10,30.000000
review_case,pass_a,corruption_obscures_diagnostic_detail,mild,corruption_family,clean,4,10,40.000000
review_case,pass_a,corruption_obscures_diagnostic_detail,strong,corruption_family,clean,3,10,30.000000
review_case,pass_a,corruption_obscures_diagnostic_detail,uncertain,corruption_family,clean,0,10,0.000000
review_case,pass_a,corruption_obscures_diagnostic_detail,none,corruption_family,gaussian_blur,7,13,53.846154
review_case,pass_a,corruption_obscures_diagnostic_detail,mild,corruption_family,gaussian_blur,4,13,30.769231
review_case,pass_a,corruption_obscures_diagnostic_detail,strong,corruption_family,gaussian_blur,2,13,15.384615
review_case,pass_a,corruption_obscures_diagnostic_detail,uncertain,corruption_family,gaussian_blur,0,13,0.000000
review_case,pass_a,corruption_obscures_diagnostic_detail,none,corruption_family,jpeg,1,3,33.333333
review_case,pass_a,corruption_obscures_diagnostic_detail,mild,corruption_family,jpeg,2,3,66.666667
review_case,pass_a,corruption_obscures_diagnostic_detail,strong,corruption_family,jpeg,0,3,0.000000
review_case,pass_a,corruption_obscures_diagnostic_detail,uncertain,corruption_family,jpeg,0,3,0.000000
review_case,pass_a,corruption_obscures_diagnostic_detail,none,severity,clean,3,10,30.000000
review_case,pass_a,corruption_obscures_diagnostic_detail,mild,severity,clean,4,10,40.000000
review_case,pass_a,corruption_obscures_diagnostic_detail,strong,severity,clean,3,10,30.000000
review_case,pass_a,corruption_obscures_diagnostic_detail,uncertain,severity,clean,0,10,0.000000
review_case,pass_a,corruption_obscures_diagnostic_detail,none,severity,mild,3,4,75.000000
review_case,pass_a,corruption_obscures_diagnostic_detail,mild,severity,mild,0,4,0.000000
review_case,pass_a,corruption_obscures_diagnostic_detail,strong,severity,mild,1,4,25.000000
review_case,pass_a,corruption_obscures_diagnostic_detail,uncertain,severity,mild,0,4,0.000000
review_case,pass_a,corruption_obscures_diagnostic_detail,none,severity,moderate,1,3,33.333333
review_case,pass_a,corruption_obscures_diagnostic_detail,mild,severity,moderate,1,3,33.333333
review_case,pass_a,corruption_obscures_diagnostic_detail,strong,severity,moderate,1,3,33.333333
review_case,pass_a,corruption_obscures_diagnostic_detail,uncertain,severity,moderate,0,3,0.000000
review_case,pass_a,corruption_obscures_diagnostic_detail,none,severity,severe,28,43,65.116279
review_case,pass_a,corruption_obscures_diagnostic_detail,mild,severity,severe,11,43,25.581395
review_case,pass_a,corruption_obscures_diagnostic_detail,strong,severity,severe,4,43,9.302326
review_case,pass_a,corruption_obscures_diagnostic_detail,uncertain,severity,severe,0,43,0.000000
review_case,pass_a,corruption_obscures_diagnostic_detail,none,condition_group,clean,3,10,30.000000
review_case,pass_a,corruption_obscures_diagnostic_detail,mild,condition_group,clean,4,10,40.000000
review_case,pass_a,corruption_obscures_diagnostic_detail,strong,condition_group,clean,3,10,30.000000
review_case,pass_a,corruption_obscures_diagnostic_detail,uncertain,condition_group,clean,0,10,0.000000
review_case,pass_a,corruption_obscures_diagnostic_detail,none,condition_group,degraded,32,50,64.000000
review_case,pass_a,corruption_obscures_diagnostic_detail,mild,condition_group,degraded,12,50,24.000000
review_case,pass_a,corruption_obscures_diagnostic_detail,strong,condition_group,degraded,6,50,12.000000
review_case,pass_a,corruption_obscures_diagnostic_detail,uncertain,condition_group,degraded,0,50,0.000000
review_case,pass_a,corruption_obscures_diagnostic_detail,none,selection_event,beneficial_flip,3,6,50.000000
review_case,pass_a,corruption_obscures_diagnostic_detail,mild,selection_event,beneficial_flip,3,6,50.000000
review_case,pass_a,corruption_obscures_diagnostic_detail,strong,selection_event,beneficial_flip,0,6,0.000000
review_case,pass_a,corruption_obscures_diagnostic_detail,uncertain,selection_event,beneficial_flip,0,6,0.000000
review_case,pass_a,corruption_obscures_diagnostic_detail,none,selection_event,clean_consensus_error,3,10,30.000000
review_case,pass_a,corruption_obscures_diagnostic_detail,mild,selection_event,clean_consensus_error,4,10,40.000000
review_case,pass_a,corruption_obscures_diagnostic_detail,strong,selection_event,clean_consensus_error,3,10,30.000000
review_case,pass_a,corruption_obscures_diagnostic_detail,uncertain,selection_event,clean_consensus_error,0,10,0.000000
review_case,pass_a,corruption_obscures_diagnostic_detail,none,selection_event,seed_disagreement,6,8,75.000000
review_case,pass_a,corruption_obscures_diagnostic_detail,mild,selection_event,seed_disagreement,0,8,0.000000
review_case,pass_a,corruption_obscures_diagnostic_detail,strong,selection_event,seed_disagreement,2,8,25.000000
review_case,pass_a,corruption_obscures_diagnostic_detail,uncertain,selection_event,seed_disagreement,0,8,0.000000
review_case,pass_a,corruption_obscures_diagnostic_detail,none,selection_event,severe_harmful_flip,10,20,50.000000
review_case,pass_a,corruption_obscures_diagnostic_detail,mild,selection_event,severe_harmful_flip,6,20,30.000000
review_case,pass_a,corruption_obscures_diagnostic_detail,strong,selection_event,severe_harmful_flip,4,20,20.000000
review_case,pass_a,corruption_obscures_diagnostic_detail,uncertain,selection_event,severe_harmful_flip,0,20,0.000000
review_case,pass_a,corruption_obscures_diagnostic_detail,none,selection_event,severe_stable_correct,8,8,100.000000
review_case,pass_a,corruption_obscures_diagnostic_detail,mild,selection_event,severe_stable_correct,0,8,0.000000
review_case,pass_a,corruption_obscures_diagnostic_detail,strong,selection_event,severe_stable_correct,0,8,0.000000
review_case,pass_a,corruption_obscures_diagnostic_detail,uncertain,selection_event,severe_stable_correct,0,8,0.000000
review_case,pass_a,corruption_obscures_diagnostic_detail,none,selection_event,severe_stable_wrong,5,8,62.500000
review_case,pass_a,corruption_obscures_diagnostic_detail,mild,selection_event,severe_stable_wrong,3,8,37.500000
review_case,pass_a,corruption_obscures_diagnostic_detail,strong,selection_event,severe_stable_wrong,0,8,0.000000
review_case,pass_a,corruption_obscures_diagnostic_detail,uncertain,selection_event,severe_stable_wrong,0,8,0.000000
review_case,pass_a,corruption_obscures_diagnostic_detail,none,analysis_group,beneficial_flip,3,6,50.000000
review_case,pass_a,corruption_obscures_diagnostic_detail,mild,analysis_group,beneficial_flip,3,6,50.000000
review_case,pass_a,corruption_obscures_diagnostic_detail,strong,analysis_group,beneficial_flip,0,6,0.000000
review_case,pass_a,corruption_obscures_diagnostic_detail,uncertain,analysis_group,beneficial_flip,0,6,0.000000
review_case,pass_a,corruption_obscures_diagnostic_detail,none,analysis_group,clean_consensus_error,3,10,30.000000
review_case,pass_a,corruption_obscures_diagnostic_detail,mild,analysis_group,clean_consensus_error,4,10,40.000000
review_case,pass_a,corruption_obscures_diagnostic_detail,strong,analysis_group,clean_consensus_error,3,10,30.000000
review_case,pass_a,corruption_obscures_diagnostic_detail,uncertain,analysis_group,clean_consensus_error,0,10,0.000000
review_case,pass_a,corruption_obscures_diagnostic_detail,none,analysis_group,harmful_flip,10,20,50.000000
review_case,pass_a,corruption_obscures_diagnostic_detail,mild,analysis_group,harmful_flip,6,20,30.000000
review_case,pass_a,corruption_obscures_diagnostic_detail,strong,analysis_group,harmful_flip,4,20,20.000000
review_case,pass_a,corruption_obscures_diagnostic_detail,uncertain,analysis_group,harmful_flip,0,20,0.000000
review_case,pass_a,corruption_obscures_diagnostic_detail,none,analysis_group,seed_disagreement,6,8,75.000000
review_case,pass_a,corruption_obscures_diagnostic_detail,mild,analysis_group,seed_disagreement,0,8,0.000000
review_case,pass_a,corruption_obscures_diagnostic_detail,strong,analysis_group,seed_disagreement,2,8,25.000000
review_case,pass_a,corruption_obscures_diagnostic_detail,uncertain,analysis_group,seed_disagreement,0,8,0.000000
review_case,pass_a,corruption_obscures_diagnostic_detail,none,analysis_group,stable_correct,8,8,100.000000
review_case,pass_a,corruption_obscures_diagnostic_detail,mild,analysis_group,stable_correct,0,8,0.000000
review_case,pass_a,corruption_obscures_diagnostic_detail,strong,analysis_group,stable_correct,0,8,0.000000
review_case,pass_a,corruption_obscures_diagnostic_detail,uncertain,analysis_group,stable_correct,0,8,0.000000
review_case,pass_a,corruption_obscures_diagnostic_detail,none,analysis_group,stable_wrong,5,8,62.500000
review_case,pass_a,corruption_obscures_diagnostic_detail,mild,analysis_group,stable_wrong,3,8,37.500000
review_case,pass_a,corruption_obscures_diagnostic_detail,strong,analysis_group,stable_wrong,0,8,0.000000
review_case,pass_a,corruption_obscures_diagnostic_detail,uncertain,analysis_group,stable_wrong,0,8,0.000000
review_case,pass_a,corruption_obscures_diagnostic_detail,none,eligibility_rule,consensus,27,49,55.102041
review_case,pass_a,corruption_obscures_diagnostic_detail,mild,eligibility_rule,consensus,15,49,30.612245
review_case,pass_a,corruption_obscures_diagnostic_detail,strong,eligibility_rule,consensus,7,49,14.285714
review_case,pass_a,corruption_obscures_diagnostic_detail,uncertain,eligibility_rule,consensus,0,49,0.000000
review_case,pass_a,corruption_obscures_diagnostic_detail,none,eligibility_rule,majority,2,3,66.666667
review_case,pass_a,corruption_obscures_diagnostic_detail,mild,eligibility_rule,majority,1,3,33.333333
review_case,pass_a,corruption_obscures_diagnostic_detail,strong,eligibility_rule,majority,0,3,0.000000
review_case,pass_a,corruption_obscures_diagnostic_detail,uncertain,eligibility_rule,majority,0,3,0.000000
review_case,pass_a,corruption_obscures_diagnostic_detail,none,eligibility_rule,seed_disagreement,6,8,75.000000
review_case,pass_a,corruption_obscures_diagnostic_detail,mild,eligibility_rule,seed_disagreement,0,8,0.000000
review_case,pass_a,corruption_obscures_diagnostic_detail,strong,eligibility_rule,seed_disagreement,2,8,25.000000
review_case,pass_a,corruption_obscures_diagnostic_detail,uncertain,eligibility_rule,seed_disagreement,0,8,0.000000
review_case,pass_a,corruption_obscures_diagnostic_detail,none,true_label,corrosion,10,15,66.666667
review_case,pass_a,corruption_obscures_diagnostic_detail,mild,true_label,corrosion,1,15,6.666667
review_case,pass_a,corruption_obscures_diagnostic_detail,strong,true_label,corrosion,4,15,26.666667
review_case,pass_a,corruption_obscures_diagnostic_detail,uncertain,true_label,corrosion,0,15,0.000000
review_case,pass_a,corruption_obscures_diagnostic_detail,none,true_label,crack,4,7,57.142857
review_case,pass_a,corruption_obscures_diagnostic_detail,mild,true_label,crack,2,7,28.571429
review_case,pass_a,corruption_obscures_diagnostic_detail,strong,true_label,crack,1,7,14.285714
review_case,pass_a,corruption_obscures_diagnostic_detail,uncertain,true_label,crack,0,7,0.000000
review_case,pass_a,corruption_obscures_diagnostic_detail,none,true_label,craze,5,12,41.666667
review_case,pass_a,corruption_obscures_diagnostic_detail,mild,true_label,craze,4,12,33.333333
review_case,pass_a,corruption_obscures_diagnostic_detail,strong,true_label,craze,3,12,25.000000
review_case,pass_a,corruption_obscures_diagnostic_detail,uncertain,true_label,craze,0,12,0.000000
review_case,pass_a,corruption_obscures_diagnostic_detail,none,true_label,hide_craze,7,9,77.777778
review_case,pass_a,corruption_obscures_diagnostic_detail,mild,true_label,hide_craze,2,9,22.222222
review_case,pass_a,corruption_obscures_diagnostic_detail,strong,true_label,hide_craze,0,9,0.000000
review_case,pass_a,corruption_obscures_diagnostic_detail,uncertain,true_label,hide_craze,0,9,0.000000
review_case,pass_a,corruption_obscures_diagnostic_detail,none,true_label,surface_injure,4,12,33.333333
review_case,pass_a,corruption_obscures_diagnostic_detail,mild,true_label,surface_injure,7,12,58.333333
review_case,pass_a,corruption_obscures_diagnostic_detail,strong,true_label,surface_injure,1,12,8.333333
review_case,pass_a,corruption_obscures_diagnostic_detail,uncertain,true_label,surface_injure,0,12,0.000000
review_case,pass_a,corruption_obscures_diagnostic_detail,none,true_label,thunderstrike,5,5,100.000000
review_case,pass_a,corruption_obscures_diagnostic_detail,mild,true_label,thunderstrike,0,5,0.000000
review_case,pass_a,corruption_obscures_diagnostic_detail,strong,true_label,thunderstrike,0,5,0.000000
review_case,pass_a,corruption_obscures_diagnostic_detail,uncertain,true_label,thunderstrike,0,5,0.000000
review_case,pass_a,corruption_obscures_diagnostic_detail,none,selected_correctness,all_correct,11,14,78.571429
review_case,pass_a,corruption_obscures_diagnostic_detail,mild,selected_correctness,all_correct,3,14,21.428571
review_case,pass_a,corruption_obscures_diagnostic_detail,strong,selected_correctness,all_correct,0,14,0.000000
review_case,pass_a,corruption_obscures_diagnostic_detail,uncertain,selected_correctness,all_correct,0,14,0.000000
review_case,pass_a,corruption_obscures_diagnostic_detail,none,selected_correctness,all_incorrect,19,39,48.717949
review_case,pass_a,corruption_obscures_diagnostic_detail,mild,selected_correctness,all_incorrect,12,39,30.769231
review_case,pass_a,corruption_obscures_diagnostic_detail,strong,selected_correctness,all_incorrect,8,39,20.512821
review_case,pass_a,corruption_obscures_diagnostic_detail,uncertain,selected_correctness,all_incorrect,0,39,0.000000
review_case,pass_a,corruption_obscures_diagnostic_detail,none,selected_correctness,mixed,5,7,71.428571
review_case,pass_a,corruption_obscures_diagnostic_detail,mild,selected_correctness,mixed,1,7,14.285714
review_case,pass_a,corruption_obscures_diagnostic_detail,strong,selected_correctness,mixed,1,7,14.285714
review_case,pass_a,corruption_obscures_diagnostic_detail,uncertain,selected_correctness,mixed,0,7,0.000000
review_case,pass_a,dataset_label_visually_plausible,yes,method,mobilenet_v3_small,8,9,88.888889
review_case,pass_a,dataset_label_visually_plausible,no,method,mobilenet_v3_small,0,9,0.000000
review_case,pass_a,dataset_label_visually_plausible,uncertain,method,mobilenet_v3_small,1,9,11.111111
review_case,pass_a,dataset_label_visually_plausible,yes,method,resnet18,43,51,84.313725
review_case,pass_a,dataset_label_visually_plausible,no,method,resnet18,1,51,1.960784
review_case,pass_a,dataset_label_visually_plausible,uncertain,method,resnet18,7,51,13.725490
review_case,pass_a,dataset_label_visually_plausible,yes,corruption_family,brightness,27,34,79.411765
review_case,pass_a,dataset_label_visually_plausible,no,corruption_family,brightness,0,34,0.000000
review_case,pass_a,dataset_label_visually_plausible,uncertain,corruption_family,brightness,7,34,20.588235
review_case,pass_a,dataset_label_visually_plausible,yes,corruption_family,clean,10,10,100.000000
review_case,pass_a,dataset_label_visually_plausible,no,corruption_family,clean,0,10,0.000000
review_case,pass_a,dataset_label_visually_plausible,uncertain,corruption_family,clean,0,10,0.000000
review_case,pass_a,dataset_label_visually_plausible,yes,corruption_family,gaussian_blur,12,13,92.307692
review_case,pass_a,dataset_label_visually_plausible,no,corruption_family,gaussian_blur,1,13,7.692308
review_case,pass_a,dataset_label_visually_plausible,uncertain,corruption_family,gaussian_blur,0,13,0.000000
review_case,pass_a,dataset_label_visually_plausible,yes,corruption_family,jpeg,2,3,66.666667
review_case,pass_a,dataset_label_visually_plausible,no,corruption_family,jpeg,0,3,0.000000
review_case,pass_a,dataset_label_visually_plausible,uncertain,corruption_family,jpeg,1,3,33.333333
review_case,pass_a,dataset_label_visually_plausible,yes,severity,clean,10,10,100.000000
review_case,pass_a,dataset_label_visually_plausible,no,severity,clean,0,10,0.000000
review_case,pass_a,dataset_label_visually_plausible,uncertain,severity,clean,0,10,0.000000
review_case,pass_a,dataset_label_visually_plausible,yes,severity,mild,3,4,75.000000
review_case,pass_a,dataset_label_visually_plausible,no,severity,mild,0,4,0.000000
review_case,pass_a,dataset_label_visually_plausible,uncertain,severity,mild,1,4,25.000000
review_case,pass_a,dataset_label_visually_plausible,yes,severity,moderate,2,3,66.666667
review_case,pass_a,dataset_label_visually_plausible,no,severity,moderate,0,3,0.000000
review_case,pass_a,dataset_label_visually_plausible,uncertain,severity,moderate,1,3,33.333333
review_case,pass_a,dataset_label_visually_plausible,yes,severity,severe,36,43,83.720930
review_case,pass_a,dataset_label_visually_plausible,no,severity,severe,1,43,2.325581
review_case,pass_a,dataset_label_visually_plausible,uncertain,severity,severe,6,43,13.953488
review_case,pass_a,dataset_label_visually_plausible,yes,condition_group,clean,10,10,100.000000
review_case,pass_a,dataset_label_visually_plausible,no,condition_group,clean,0,10,0.000000
review_case,pass_a,dataset_label_visually_plausible,uncertain,condition_group,clean,0,10,0.000000
review_case,pass_a,dataset_label_visually_plausible,yes,condition_group,degraded,41,50,82.000000
review_case,pass_a,dataset_label_visually_plausible,no,condition_group,degraded,1,50,2.000000
review_case,pass_a,dataset_label_visually_plausible,uncertain,condition_group,degraded,8,50,16.000000
review_case,pass_a,dataset_label_visually_plausible,yes,selection_event,beneficial_flip,6,6,100.000000
review_case,pass_a,dataset_label_visually_plausible,no,selection_event,beneficial_flip,0,6,0.000000
review_case,pass_a,dataset_label_visually_plausible,uncertain,selection_event,beneficial_flip,0,6,0.000000
review_case,pass_a,dataset_label_visually_plausible,yes,selection_event,clean_consensus_error,10,10,100.000000
review_case,pass_a,dataset_label_visually_plausible,no,selection_event,clean_consensus_error,0,10,0.000000
review_case,pass_a,dataset_label_visually_plausible,uncertain,selection_event,clean_consensus_error,0,10,0.000000
review_case,pass_a,dataset_label_visually_plausible,yes,selection_event,seed_disagreement,6,8,75.000000
review_case,pass_a,dataset_label_visually_plausible,no,selection_event,seed_disagreement,0,8,0.000000
review_case,pass_a,dataset_label_visually_plausible,uncertain,selection_event,seed_disagreement,2,8,25.000000
review_case,pass_a,dataset_label_visually_plausible,yes,selection_event,severe_harmful_flip,16,20,80.000000
review_case,pass_a,dataset_label_visually_plausible,no,selection_event,severe_harmful_flip,1,20,5.000000
review_case,pass_a,dataset_label_visually_plausible,uncertain,selection_event,severe_harmful_flip,3,20,15.000000
review_case,pass_a,dataset_label_visually_plausible,yes,selection_event,severe_stable_correct,7,8,87.500000
review_case,pass_a,dataset_label_visually_plausible,no,selection_event,severe_stable_correct,0,8,0.000000
review_case,pass_a,dataset_label_visually_plausible,uncertain,selection_event,severe_stable_correct,1,8,12.500000
review_case,pass_a,dataset_label_visually_plausible,yes,selection_event,severe_stable_wrong,6,8,75.000000
review_case,pass_a,dataset_label_visually_plausible,no,selection_event,severe_stable_wrong,0,8,0.000000
review_case,pass_a,dataset_label_visually_plausible,uncertain,selection_event,severe_stable_wrong,2,8,25.000000
review_case,pass_a,dataset_label_visually_plausible,yes,analysis_group,beneficial_flip,6,6,100.000000
review_case,pass_a,dataset_label_visually_plausible,no,analysis_group,beneficial_flip,0,6,0.000000
review_case,pass_a,dataset_label_visually_plausible,uncertain,analysis_group,beneficial_flip,0,6,0.000000
review_case,pass_a,dataset_label_visually_plausible,yes,analysis_group,clean_consensus_error,10,10,100.000000
review_case,pass_a,dataset_label_visually_plausible,no,analysis_group,clean_consensus_error,0,10,0.000000
review_case,pass_a,dataset_label_visually_plausible,uncertain,analysis_group,clean_consensus_error,0,10,0.000000
review_case,pass_a,dataset_label_visually_plausible,yes,analysis_group,harmful_flip,16,20,80.000000
review_case,pass_a,dataset_label_visually_plausible,no,analysis_group,harmful_flip,1,20,5.000000
review_case,pass_a,dataset_label_visually_plausible,uncertain,analysis_group,harmful_flip,3,20,15.000000
review_case,pass_a,dataset_label_visually_plausible,yes,analysis_group,seed_disagreement,6,8,75.000000
review_case,pass_a,dataset_label_visually_plausible,no,analysis_group,seed_disagreement,0,8,0.000000
review_case,pass_a,dataset_label_visually_plausible,uncertain,analysis_group,seed_disagreement,2,8,25.000000
review_case,pass_a,dataset_label_visually_plausible,yes,analysis_group,stable_correct,7,8,87.500000
review_case,pass_a,dataset_label_visually_plausible,no,analysis_group,stable_correct,0,8,0.000000
review_case,pass_a,dataset_label_visually_plausible,uncertain,analysis_group,stable_correct,1,8,12.500000
review_case,pass_a,dataset_label_visually_plausible,yes,analysis_group,stable_wrong,6,8,75.000000
review_case,pass_a,dataset_label_visually_plausible,no,analysis_group,stable_wrong,0,8,0.000000
review_case,pass_a,dataset_label_visually_plausible,uncertain,analysis_group,stable_wrong,2,8,25.000000
review_case,pass_a,dataset_label_visually_plausible,yes,eligibility_rule,consensus,43,49,87.755102
review_case,pass_a,dataset_label_visually_plausible,no,eligibility_rule,consensus,1,49,2.040816
review_case,pass_a,dataset_label_visually_plausible,uncertain,eligibility_rule,consensus,5,49,10.204082
review_case,pass_a,dataset_label_visually_plausible,yes,eligibility_rule,majority,2,3,66.666667
review_case,pass_a,dataset_label_visually_plausible,no,eligibility_rule,majority,0,3,0.000000
review_case,pass_a,dataset_label_visually_plausible,uncertain,eligibility_rule,majority,1,3,33.333333
review_case,pass_a,dataset_label_visually_plausible,yes,eligibility_rule,seed_disagreement,6,8,75.000000
review_case,pass_a,dataset_label_visually_plausible,no,eligibility_rule,seed_disagreement,0,8,0.000000
review_case,pass_a,dataset_label_visually_plausible,uncertain,eligibility_rule,seed_disagreement,2,8,25.000000
review_case,pass_a,dataset_label_visually_plausible,yes,true_label,corrosion,15,15,100.000000
review_case,pass_a,dataset_label_visually_plausible,no,true_label,corrosion,0,15,0.000000
review_case,pass_a,dataset_label_visually_plausible,uncertain,true_label,corrosion,0,15,0.000000
review_case,pass_a,dataset_label_visually_plausible,yes,true_label,crack,6,7,85.714286
review_case,pass_a,dataset_label_visually_plausible,no,true_label,crack,0,7,0.000000
review_case,pass_a,dataset_label_visually_plausible,uncertain,true_label,crack,1,7,14.285714
review_case,pass_a,dataset_label_visually_plausible,yes,true_label,craze,8,12,66.666667
review_case,pass_a,dataset_label_visually_plausible,no,true_label,craze,0,12,0.000000
review_case,pass_a,dataset_label_visually_plausible,uncertain,true_label,craze,4,12,33.333333
review_case,pass_a,dataset_label_visually_plausible,yes,true_label,hide_craze,8,9,88.888889
review_case,pass_a,dataset_label_visually_plausible,no,true_label,hide_craze,1,9,11.111111
review_case,pass_a,dataset_label_visually_plausible,uncertain,true_label,hide_craze,0,9,0.000000
review_case,pass_a,dataset_label_visually_plausible,yes,true_label,surface_injure,9,12,75.000000
review_case,pass_a,dataset_label_visually_plausible,no,true_label,surface_injure,0,12,0.000000
review_case,pass_a,dataset_label_visually_plausible,uncertain,true_label,surface_injure,3,12,25.000000
review_case,pass_a,dataset_label_visually_plausible,yes,true_label,thunderstrike,5,5,100.000000
review_case,pass_a,dataset_label_visually_plausible,no,true_label,thunderstrike,0,5,0.000000
review_case,pass_a,dataset_label_visually_plausible,uncertain,true_label,thunderstrike,0,5,0.000000
review_case,pass_a,dataset_label_visually_plausible,yes,selected_correctness,all_correct,13,14,92.857143
review_case,pass_a,dataset_label_visually_plausible,no,selected_correctness,all_correct,0,14,0.000000
review_case,pass_a,dataset_label_visually_plausible,uncertain,selected_correctness,all_correct,1,14,7.142857
review_case,pass_a,dataset_label_visually_plausible,yes,selected_correctness,all_incorrect,33,39,84.615385
review_case,pass_a,dataset_label_visually_plausible,no,selected_correctness,all_incorrect,1,39,2.564103
review_case,pass_a,dataset_label_visually_plausible,uncertain,selected_correctness,all_incorrect,5,39,12.820513
review_case,pass_a,dataset_label_visually_plausible,yes,selected_correctness,mixed,5,7,71.428571
review_case,pass_a,dataset_label_visually_plausible,no,selected_correctness,mixed,0,7,0.000000
review_case,pass_a,dataset_label_visually_plausible,uncertain,selected_correctness,mixed,2,7,28.571429
review_case,pass_a,visually_ambiguous_between_categories,yes,method,mobilenet_v3_small,2,9,22.222222
review_case,pass_a,visually_ambiguous_between_categories,no,method,mobilenet_v3_small,6,9,66.666667
review_case,pass_a,visually_ambiguous_between_categories,uncertain,method,mobilenet_v3_small,1,9,11.111111
review_case,pass_a,visually_ambiguous_between_categories,yes,method,resnet18,10,51,19.607843
review_case,pass_a,visually_ambiguous_between_categories,no,method,resnet18,38,51,74.509804
review_case,pass_a,visually_ambiguous_between_categories,uncertain,method,resnet18,3,51,5.882353
review_case,pass_a,visually_ambiguous_between_categories,yes,corruption_family,brightness,7,34,20.588235
review_case,pass_a,visually_ambiguous_between_categories,no,corruption_family,brightness,26,34,76.470588
review_case,pass_a,visually_ambiguous_between_categories,uncertain,corruption_family,brightness,1,34,2.941176
review_case,pass_a,visually_ambiguous_between_categories,yes,corruption_family,clean,0,10,0.000000
review_case,pass_a,visually_ambiguous_between_categories,no,corruption_family,clean,7,10,70.000000
review_case,pass_a,visually_ambiguous_between_categories,uncertain,corruption_family,clean,3,10,30.000000
review_case,pass_a,visually_ambiguous_between_categories,yes,corruption_family,gaussian_blur,3,13,23.076923
review_case,pass_a,visually_ambiguous_between_categories,no,corruption_family,gaussian_blur,10,13,76.923077
review_case,pass_a,visually_ambiguous_between_categories,uncertain,corruption_family,gaussian_blur,0,13,0.000000
review_case,pass_a,visually_ambiguous_between_categories,yes,corruption_family,jpeg,2,3,66.666667
review_case,pass_a,visually_ambiguous_between_categories,no,corruption_family,jpeg,1,3,33.333333
review_case,pass_a,visually_ambiguous_between_categories,uncertain,corruption_family,jpeg,0,3,0.000000
review_case,pass_a,visually_ambiguous_between_categories,yes,severity,clean,0,10,0.000000
review_case,pass_a,visually_ambiguous_between_categories,no,severity,clean,7,10,70.000000
review_case,pass_a,visually_ambiguous_between_categories,uncertain,severity,clean,3,10,30.000000
review_case,pass_a,visually_ambiguous_between_categories,yes,severity,mild,1,4,25.000000
review_case,pass_a,visually_ambiguous_between_categories,no,severity,mild,3,4,75.000000
review_case,pass_a,visually_ambiguous_between_categories,uncertain,severity,mild,0,4,0.000000
review_case,pass_a,visually_ambiguous_between_categories,yes,severity,moderate,2,3,66.666667
review_case,pass_a,visually_ambiguous_between_categories,no,severity,moderate,1,3,33.333333
review_case,pass_a,visually_ambiguous_between_categories,uncertain,severity,moderate,0,3,0.000000
review_case,pass_a,visually_ambiguous_between_categories,yes,severity,severe,9,43,20.930233
review_case,pass_a,visually_ambiguous_between_categories,no,severity,severe,33,43,76.744186
review_case,pass_a,visually_ambiguous_between_categories,uncertain,severity,severe,1,43,2.325581
review_case,pass_a,visually_ambiguous_between_categories,yes,condition_group,clean,0,10,0.000000
review_case,pass_a,visually_ambiguous_between_categories,no,condition_group,clean,7,10,70.000000
review_case,pass_a,visually_ambiguous_between_categories,uncertain,condition_group,clean,3,10,30.000000
review_case,pass_a,visually_ambiguous_between_categories,yes,condition_group,degraded,12,50,24.000000
review_case,pass_a,visually_ambiguous_between_categories,no,condition_group,degraded,37,50,74.000000
review_case,pass_a,visually_ambiguous_between_categories,uncertain,condition_group,degraded,1,50,2.000000
review_case,pass_a,visually_ambiguous_between_categories,yes,selection_event,beneficial_flip,3,6,50.000000
review_case,pass_a,visually_ambiguous_between_categories,no,selection_event,beneficial_flip,3,6,50.000000
review_case,pass_a,visually_ambiguous_between_categories,uncertain,selection_event,beneficial_flip,0,6,0.000000
review_case,pass_a,visually_ambiguous_between_categories,yes,selection_event,clean_consensus_error,0,10,0.000000
review_case,pass_a,visually_ambiguous_between_categories,no,selection_event,clean_consensus_error,7,10,70.000000
review_case,pass_a,visually_ambiguous_between_categories,uncertain,selection_event,clean_consensus_error,3,10,30.000000
review_case,pass_a,visually_ambiguous_between_categories,yes,selection_event,seed_disagreement,2,8,25.000000
review_case,pass_a,visually_ambiguous_between_categories,no,selection_event,seed_disagreement,6,8,75.000000
review_case,pass_a,visually_ambiguous_between_categories,uncertain,selection_event,seed_disagreement,0,8,0.000000
review_case,pass_a,visually_ambiguous_between_categories,yes,selection_event,severe_harmful_flip,2,20,10.000000
review_case,pass_a,visually_ambiguous_between_categories,no,selection_event,severe_harmful_flip,17,20,85.000000
review_case,pass_a,visually_ambiguous_between_categories,uncertain,selection_event,severe_harmful_flip,1,20,5.000000
review_case,pass_a,visually_ambiguous_between_categories,yes,selection_event,severe_stable_correct,1,8,12.500000
review_case,pass_a,visually_ambiguous_between_categories,no,selection_event,severe_stable_correct,7,8,87.500000
review_case,pass_a,visually_ambiguous_between_categories,uncertain,selection_event,severe_stable_correct,0,8,0.000000
review_case,pass_a,visually_ambiguous_between_categories,yes,selection_event,severe_stable_wrong,4,8,50.000000
review_case,pass_a,visually_ambiguous_between_categories,no,selection_event,severe_stable_wrong,4,8,50.000000
review_case,pass_a,visually_ambiguous_between_categories,uncertain,selection_event,severe_stable_wrong,0,8,0.000000
review_case,pass_a,visually_ambiguous_between_categories,yes,analysis_group,beneficial_flip,3,6,50.000000
review_case,pass_a,visually_ambiguous_between_categories,no,analysis_group,beneficial_flip,3,6,50.000000
review_case,pass_a,visually_ambiguous_between_categories,uncertain,analysis_group,beneficial_flip,0,6,0.000000
review_case,pass_a,visually_ambiguous_between_categories,yes,analysis_group,clean_consensus_error,0,10,0.000000
review_case,pass_a,visually_ambiguous_between_categories,no,analysis_group,clean_consensus_error,7,10,70.000000
review_case,pass_a,visually_ambiguous_between_categories,uncertain,analysis_group,clean_consensus_error,3,10,30.000000
review_case,pass_a,visually_ambiguous_between_categories,yes,analysis_group,harmful_flip,2,20,10.000000
review_case,pass_a,visually_ambiguous_between_categories,no,analysis_group,harmful_flip,17,20,85.000000
review_case,pass_a,visually_ambiguous_between_categories,uncertain,analysis_group,harmful_flip,1,20,5.000000
review_case,pass_a,visually_ambiguous_between_categories,yes,analysis_group,seed_disagreement,2,8,25.000000
review_case,pass_a,visually_ambiguous_between_categories,no,analysis_group,seed_disagreement,6,8,75.000000
review_case,pass_a,visually_ambiguous_between_categories,uncertain,analysis_group,seed_disagreement,0,8,0.000000
review_case,pass_a,visually_ambiguous_between_categories,yes,analysis_group,stable_correct,1,8,12.500000
review_case,pass_a,visually_ambiguous_between_categories,no,analysis_group,stable_correct,7,8,87.500000
review_case,pass_a,visually_ambiguous_between_categories,uncertain,analysis_group,stable_correct,0,8,0.000000
review_case,pass_a,visually_ambiguous_between_categories,yes,analysis_group,stable_wrong,4,8,50.000000
review_case,pass_a,visually_ambiguous_between_categories,no,analysis_group,stable_wrong,4,8,50.000000
review_case,pass_a,visually_ambiguous_between_categories,uncertain,analysis_group,stable_wrong,0,8,0.000000
review_case,pass_a,visually_ambiguous_between_categories,yes,eligibility_rule,consensus,9,49,18.367347
review_case,pass_a,visually_ambiguous_between_categories,no,eligibility_rule,consensus,36,49,73.469388
review_case,pass_a,visually_ambiguous_between_categories,uncertain,eligibility_rule,consensus,4,49,8.163265
review_case,pass_a,visually_ambiguous_between_categories,yes,eligibility_rule,majority,1,3,33.333333
review_case,pass_a,visually_ambiguous_between_categories,no,eligibility_rule,majority,2,3,66.666667
review_case,pass_a,visually_ambiguous_between_categories,uncertain,eligibility_rule,majority,0,3,0.000000
review_case,pass_a,visually_ambiguous_between_categories,yes,eligibility_rule,seed_disagreement,2,8,25.000000
review_case,pass_a,visually_ambiguous_between_categories,no,eligibility_rule,seed_disagreement,6,8,75.000000
review_case,pass_a,visually_ambiguous_between_categories,uncertain,eligibility_rule,seed_disagreement,0,8,0.000000
review_case,pass_a,visually_ambiguous_between_categories,yes,true_label,corrosion,2,15,13.333333
review_case,pass_a,visually_ambiguous_between_categories,no,true_label,corrosion,12,15,80.000000
review_case,pass_a,visually_ambiguous_between_categories,uncertain,true_label,corrosion,1,15,6.666667
review_case,pass_a,visually_ambiguous_between_categories,yes,true_label,crack,1,7,14.285714
review_case,pass_a,visually_ambiguous_between_categories,no,true_label,crack,6,7,85.714286
review_case,pass_a,visually_ambiguous_between_categories,uncertain,true_label,crack,0,7,0.000000
review_case,pass_a,visually_ambiguous_between_categories,yes,true_label,craze,4,12,33.333333
review_case,pass_a,visually_ambiguous_between_categories,no,true_label,craze,7,12,58.333333
review_case,pass_a,visually_ambiguous_between_categories,uncertain,true_label,craze,1,12,8.333333
review_case,pass_a,visually_ambiguous_between_categories,yes,true_label,hide_craze,0,9,0.000000
review_case,pass_a,visually_ambiguous_between_categories,no,true_label,hide_craze,9,9,100.000000
review_case,pass_a,visually_ambiguous_between_categories,uncertain,true_label,hide_craze,0,9,0.000000
review_case,pass_a,visually_ambiguous_between_categories,yes,true_label,surface_injure,5,12,41.666667
review_case,pass_a,visually_ambiguous_between_categories,no,true_label,surface_injure,5,12,41.666667
review_case,pass_a,visually_ambiguous_between_categories,uncertain,true_label,surface_injure,2,12,16.666667
review_case,pass_a,visually_ambiguous_between_categories,yes,true_label,thunderstrike,0,5,0.000000
review_case,pass_a,visually_ambiguous_between_categories,no,true_label,thunderstrike,5,5,100.000000
review_case,pass_a,visually_ambiguous_between_categories,uncertain,true_label,thunderstrike,0,5,0.000000
review_case,pass_a,visually_ambiguous_between_categories,yes,selected_correctness,all_correct,4,14,28.571429
review_case,pass_a,visually_ambiguous_between_categories,no,selected_correctness,all_correct,10,14,71.428571
review_case,pass_a,visually_ambiguous_between_categories,uncertain,selected_correctness,all_correct,0,14,0.000000
review_case,pass_a,visually_ambiguous_between_categories,yes,selected_correctness,all_incorrect,6,39,15.384615
review_case,pass_a,visually_ambiguous_between_categories,no,selected_correctness,all_incorrect,29,39,74.358974
review_case,pass_a,visually_ambiguous_between_categories,uncertain,selected_correctness,all_incorrect,4,39,10.256410
review_case,pass_a,visually_ambiguous_between_categories,yes,selected_correctness,mixed,2,7,28.571429
review_case,pass_a,visually_ambiguous_between_categories,no,selected_correctness,mixed,5,7,71.428571
review_case,pass_a,visually_ambiguous_between_categories,uncertain,selected_correctness,mixed,0,7,0.000000
review_case,pass_a,possible_crop_or_background_problem,yes,method,mobilenet_v3_small,3,9,33.333333
review_case,pass_a,possible_crop_or_background_problem,no,method,mobilenet_v3_small,6,9,66.666667
review_case,pass_a,possible_crop_or_background_problem,uncertain,method,mobilenet_v3_small,0,9,0.000000
review_case,pass_a,possible_crop_or_background_problem,yes,method,resnet18,11,51,21.568627
review_case,pass_a,possible_crop_or_background_problem,no,method,resnet18,36,51,70.588235
review_case,pass_a,possible_crop_or_background_problem,uncertain,method,resnet18,4,51,7.843137
review_case,pass_a,possible_crop_or_background_problem,yes,corruption_family,brightness,9,34,26.470588
review_case,pass_a,possible_crop_or_background_problem,no,corruption_family,brightness,22,34,64.705882
review_case,pass_a,possible_crop_or_background_problem,uncertain,corruption_family,brightness,3,34,8.823529
review_case,pass_a,possible_crop_or_background_problem,yes,corruption_family,clean,1,10,10.000000
review_case,pass_a,possible_crop_or_background_problem,no,corruption_family,clean,9,10,90.000000
review_case,pass_a,possible_crop_or_background_problem,uncertain,corruption_family,clean,0,10,0.000000
review_case,pass_a,possible_crop_or_background_problem,yes,corruption_family,gaussian_blur,2,13,15.384615
review_case,pass_a,possible_crop_or_background_problem,no,corruption_family,gaussian_blur,10,13,76.923077
review_case,pass_a,possible_crop_or_background_problem,uncertain,corruption_family,gaussian_blur,1,13,7.692308
review_case,pass_a,possible_crop_or_background_problem,yes,corruption_family,jpeg,2,3,66.666667
review_case,pass_a,possible_crop_or_background_problem,no,corruption_family,jpeg,1,3,33.333333
review_case,pass_a,possible_crop_or_background_problem,uncertain,corruption_family,jpeg,0,3,0.000000
review_case,pass_a,possible_crop_or_background_problem,yes,severity,clean,1,10,10.000000
review_case,pass_a,possible_crop_or_background_problem,no,severity,clean,9,10,90.000000
review_case,pass_a,possible_crop_or_background_problem,uncertain,severity,clean,0,10,0.000000
review_case,pass_a,possible_crop_or_background_problem,yes,severity,mild,1,4,25.000000
review_case,pass_a,possible_crop_or_background_problem,no,severity,mild,3,4,75.000000
review_case,pass_a,possible_crop_or_background_problem,uncertain,severity,mild,0,4,0.000000
review_case,pass_a,possible_crop_or_background_problem,yes,severity,moderate,2,3,66.666667
review_case,pass_a,possible_crop_or_background_problem,no,severity,moderate,1,3,33.333333
review_case,pass_a,possible_crop_or_background_problem,uncertain,severity,moderate,0,3,0.000000
review_case,pass_a,possible_crop_or_background_problem,yes,severity,severe,10,43,23.255814
review_case,pass_a,possible_crop_or_background_problem,no,severity,severe,29,43,67.441860
review_case,pass_a,possible_crop_or_background_problem,uncertain,severity,severe,4,43,9.302326
review_case,pass_a,possible_crop_or_background_problem,yes,condition_group,clean,1,10,10.000000
review_case,pass_a,possible_crop_or_background_problem,no,condition_group,clean,9,10,90.000000
review_case,pass_a,possible_crop_or_background_problem,uncertain,condition_group,clean,0,10,0.000000
review_case,pass_a,possible_crop_or_background_problem,yes,condition_group,degraded,13,50,26.000000
review_case,pass_a,possible_crop_or_background_problem,no,condition_group,degraded,33,50,66.000000
review_case,pass_a,possible_crop_or_background_problem,uncertain,condition_group,degraded,4,50,8.000000
review_case,pass_a,possible_crop_or_background_problem,yes,selection_event,beneficial_flip,3,6,50.000000
review_case,pass_a,possible_crop_or_background_problem,no,selection_event,beneficial_flip,3,6,50.000000
review_case,pass_a,possible_crop_or_background_problem,uncertain,selection_event,beneficial_flip,0,6,0.000000
review_case,pass_a,possible_crop_or_background_problem,yes,selection_event,clean_consensus_error,1,10,10.000000
review_case,pass_a,possible_crop_or_background_problem,no,selection_event,clean_consensus_error,9,10,90.000000
review_case,pass_a,possible_crop_or_background_problem,uncertain,selection_event,clean_consensus_error,0,10,0.000000
review_case,pass_a,possible_crop_or_background_problem,yes,selection_event,seed_disagreement,4,8,50.000000
review_case,pass_a,possible_crop_or_background_problem,no,selection_event,seed_disagreement,4,8,50.000000
review_case,pass_a,possible_crop_or_background_problem,uncertain,selection_event,seed_disagreement,0,8,0.000000
review_case,pass_a,possible_crop_or_background_problem,yes,selection_event,severe_harmful_flip,0,20,0.000000
review_case,pass_a,possible_crop_or_background_problem,no,selection_event,severe_harmful_flip,16,20,80.000000
review_case,pass_a,possible_crop_or_background_problem,uncertain,selection_event,severe_harmful_flip,4,20,20.000000
review_case,pass_a,possible_crop_or_background_problem,yes,selection_event,severe_stable_correct,3,8,37.500000
review_case,pass_a,possible_crop_or_background_problem,no,selection_event,severe_stable_correct,5,8,62.500000
review_case,pass_a,possible_crop_or_background_problem,uncertain,selection_event,severe_stable_correct,0,8,0.000000
review_case,pass_a,possible_crop_or_background_problem,yes,selection_event,severe_stable_wrong,3,8,37.500000
review_case,pass_a,possible_crop_or_background_problem,no,selection_event,severe_stable_wrong,5,8,62.500000
review_case,pass_a,possible_crop_or_background_problem,uncertain,selection_event,severe_stable_wrong,0,8,0.000000
review_case,pass_a,possible_crop_or_background_problem,yes,analysis_group,beneficial_flip,3,6,50.000000
review_case,pass_a,possible_crop_or_background_problem,no,analysis_group,beneficial_flip,3,6,50.000000
review_case,pass_a,possible_crop_or_background_problem,uncertain,analysis_group,beneficial_flip,0,6,0.000000
review_case,pass_a,possible_crop_or_background_problem,yes,analysis_group,clean_consensus_error,1,10,10.000000
review_case,pass_a,possible_crop_or_background_problem,no,analysis_group,clean_consensus_error,9,10,90.000000
review_case,pass_a,possible_crop_or_background_problem,uncertain,analysis_group,clean_consensus_error,0,10,0.000000
review_case,pass_a,possible_crop_or_background_problem,yes,analysis_group,harmful_flip,0,20,0.000000
review_case,pass_a,possible_crop_or_background_problem,no,analysis_group,harmful_flip,16,20,80.000000
review_case,pass_a,possible_crop_or_background_problem,uncertain,analysis_group,harmful_flip,4,20,20.000000
review_case,pass_a,possible_crop_or_background_problem,yes,analysis_group,seed_disagreement,4,8,50.000000
review_case,pass_a,possible_crop_or_background_problem,no,analysis_group,seed_disagreement,4,8,50.000000
review_case,pass_a,possible_crop_or_background_problem,uncertain,analysis_group,seed_disagreement,0,8,0.000000
review_case,pass_a,possible_crop_or_background_problem,yes,analysis_group,stable_correct,3,8,37.500000
review_case,pass_a,possible_crop_or_background_problem,no,analysis_group,stable_correct,5,8,62.500000
review_case,pass_a,possible_crop_or_background_problem,uncertain,analysis_group,stable_correct,0,8,0.000000
review_case,pass_a,possible_crop_or_background_problem,yes,analysis_group,stable_wrong,3,8,37.500000
review_case,pass_a,possible_crop_or_background_problem,no,analysis_group,stable_wrong,5,8,62.500000
review_case,pass_a,possible_crop_or_background_problem,uncertain,analysis_group,stable_wrong,0,8,0.000000
review_case,pass_a,possible_crop_or_background_problem,yes,eligibility_rule,consensus,9,49,18.367347
review_case,pass_a,possible_crop_or_background_problem,no,eligibility_rule,consensus,36,49,73.469388
review_case,pass_a,possible_crop_or_background_problem,uncertain,eligibility_rule,consensus,4,49,8.163265
review_case,pass_a,possible_crop_or_background_problem,yes,eligibility_rule,majority,1,3,33.333333
review_case,pass_a,possible_crop_or_background_problem,no,eligibility_rule,majority,2,3,66.666667
review_case,pass_a,possible_crop_or_background_problem,uncertain,eligibility_rule,majority,0,3,0.000000
review_case,pass_a,possible_crop_or_background_problem,yes,eligibility_rule,seed_disagreement,4,8,50.000000
review_case,pass_a,possible_crop_or_background_problem,no,eligibility_rule,seed_disagreement,4,8,50.000000
review_case,pass_a,possible_crop_or_background_problem,uncertain,eligibility_rule,seed_disagreement,0,8,0.000000
review_case,pass_a,possible_crop_or_background_problem,yes,true_label,corrosion,3,15,20.000000
review_case,pass_a,possible_crop_or_background_problem,no,true_label,corrosion,11,15,73.333333
review_case,pass_a,possible_crop_or_background_problem,uncertain,true_label,corrosion,1,15,6.666667
review_case,pass_a,possible_crop_or_background_problem,yes,true_label,crack,0,7,0.000000
review_case,pass_a,possible_crop_or_background_problem,no,true_label,crack,5,7,71.428571
review_case,pass_a,possible_crop_or_background_problem,uncertain,true_label,crack,2,7,28.571429
review_case,pass_a,possible_crop_or_background_problem,yes,true_label,craze,7,12,58.333333
review_case,pass_a,possible_crop_or_background_problem,no,true_label,craze,5,12,41.666667
review_case,pass_a,possible_crop_or_background_problem,uncertain,true_label,craze,0,12,0.000000
review_case,pass_a,possible_crop_or_background_problem,yes,true_label,hide_craze,0,9,0.000000
review_case,pass_a,possible_crop_or_background_problem,no,true_label,hide_craze,9,9,100.000000
review_case,pass_a,possible_crop_or_background_problem,uncertain,true_label,hide_craze,0,9,0.000000
review_case,pass_a,possible_crop_or_background_problem,yes,true_label,surface_injure,4,12,33.333333
review_case,pass_a,possible_crop_or_background_problem,no,true_label,surface_injure,7,12,58.333333
review_case,pass_a,possible_crop_or_background_problem,uncertain,true_label,surface_injure,1,12,8.333333
review_case,pass_a,possible_crop_or_background_problem,yes,true_label,thunderstrike,0,5,0.000000
review_case,pass_a,possible_crop_or_background_problem,no,true_label,thunderstrike,5,5,100.000000
review_case,pass_a,possible_crop_or_background_problem,uncertain,true_label,thunderstrike,0,5,0.000000
review_case,pass_a,possible_crop_or_background_problem,yes,selected_correctness,all_correct,6,14,42.857143
review_case,pass_a,possible_crop_or_background_problem,no,selected_correctness,all_correct,8,14,57.142857
review_case,pass_a,possible_crop_or_background_problem,uncertain,selected_correctness,all_correct,0,14,0.000000
review_case,pass_a,possible_crop_or_background_problem,yes,selected_correctness,all_incorrect,4,39,10.256410
review_case,pass_a,possible_crop_or_background_problem,no,selected_correctness,all_incorrect,31,39,79.487179
review_case,pass_a,possible_crop_or_background_problem,uncertain,selected_correctness,all_incorrect,4,39,10.256410
review_case,pass_a,possible_crop_or_background_problem,yes,selected_correctness,mixed,4,7,57.142857
review_case,pass_a,possible_crop_or_background_problem,no,selected_correctness,mixed,3,7,42.857143
review_case,pass_a,possible_crop_or_background_problem,uncertain,selected_correctness,mixed,0,7,0.000000
review_case,pass_b,activation_primarily_inside_annotation,inside,method,mobilenet_v3_small,0,9,0.000000
review_case,pass_b,activation_primarily_inside_annotation,partial,method,mobilenet_v3_small,9,9,100.000000
review_case,pass_b,activation_primarily_inside_annotation,outside,method,mobilenet_v3_small,0,9,0.000000
review_case,pass_b,activation_primarily_inside_annotation,diffuse,method,mobilenet_v3_small,0,9,0.000000
review_case,pass_b,activation_primarily_inside_annotation,uncertain,method,mobilenet_v3_small,0,9,0.000000
review_case,pass_b,activation_primarily_inside_annotation,inside,method,resnet18,27,51,52.941176
review_case,pass_b,activation_primarily_inside_annotation,partial,method,resnet18,15,51,29.411765
review_case,pass_b,activation_primarily_inside_annotation,outside,method,resnet18,9,51,17.647059
review_case,pass_b,activation_primarily_inside_annotation,diffuse,method,resnet18,0,51,0.000000
review_case,pass_b,activation_primarily_inside_annotation,uncertain,method,resnet18,0,51,0.000000
review_case,pass_b,activation_primarily_inside_annotation,inside,corruption_family,brightness,20,34,58.823529
review_case,pass_b,activation_primarily_inside_annotation,partial,corruption_family,brightness,11,34,32.352941
review_case,pass_b,activation_primarily_inside_annotation,outside,corruption_family,brightness,3,34,8.823529
review_case,pass_b,activation_primarily_inside_annotation,diffuse,corruption_family,brightness,0,34,0.000000
review_case,pass_b,activation_primarily_inside_annotation,uncertain,corruption_family,brightness,0,34,0.000000
review_case,pass_b,activation_primarily_inside_annotation,inside,corruption_family,clean,2,10,20.000000
review_case,pass_b,activation_primarily_inside_annotation,partial,corruption_family,clean,6,10,60.000000
review_case,pass_b,activation_primarily_inside_annotation,outside,corruption_family,clean,2,10,20.000000
review_case,pass_b,activation_primarily_inside_annotation,diffuse,corruption_family,clean,0,10,0.000000
review_case,pass_b,activation_primarily_inside_annotation,uncertain,corruption_family,clean,0,10,0.000000
review_case,pass_b,activation_primarily_inside_annotation,inside,corruption_family,gaussian_blur,4,13,30.769231
review_case,pass_b,activation_primarily_inside_annotation,partial,corruption_family,gaussian_blur,6,13,46.153846
review_case,pass_b,activation_primarily_inside_annotation,outside,corruption_family,gaussian_blur,3,13,23.076923
review_case,pass_b,activation_primarily_inside_annotation,diffuse,corruption_family,gaussian_blur,0,13,0.000000
review_case,pass_b,activation_primarily_inside_annotation,uncertain,corruption_family,gaussian_blur,0,13,0.000000
review_case,pass_b,activation_primarily_inside_annotation,inside,corruption_family,jpeg,1,3,33.333333
review_case,pass_b,activation_primarily_inside_annotation,partial,corruption_family,jpeg,1,3,33.333333
review_case,pass_b,activation_primarily_inside_annotation,outside,corruption_family,jpeg,1,3,33.333333
review_case,pass_b,activation_primarily_inside_annotation,diffuse,corruption_family,jpeg,0,3,0.000000
review_case,pass_b,activation_primarily_inside_annotation,uncertain,corruption_family,jpeg,0,3,0.000000
review_case,pass_b,activation_primarily_inside_annotation,inside,severity,clean,2,10,20.000000
review_case,pass_b,activation_primarily_inside_annotation,partial,severity,clean,6,10,60.000000
review_case,pass_b,activation_primarily_inside_annotation,outside,severity,clean,2,10,20.000000
review_case,pass_b,activation_primarily_inside_annotation,diffuse,severity,clean,0,10,0.000000
review_case,pass_b,activation_primarily_inside_annotation,uncertain,severity,clean,0,10,0.000000
review_case,pass_b,activation_primarily_inside_annotation,inside,severity,mild,2,4,50.000000
review_case,pass_b,activation_primarily_inside_annotation,partial,severity,mild,2,4,50.000000
review_case,pass_b,activation_primarily_inside_annotation,outside,severity,mild,0,4,0.000000
review_case,pass_b,activation_primarily_inside_annotation,diffuse,severity,mild,0,4,0.000000
review_case,pass_b,activation_primarily_inside_annotation,uncertain,severity,mild,0,4,0.000000
review_case,pass_b,activation_primarily_inside_annotation,inside,severity,moderate,1,3,33.333333
review_case,pass_b,activation_primarily_inside_annotation,partial,severity,moderate,1,3,33.333333
review_case,pass_b,activation_primarily_inside_annotation,outside,severity,moderate,1,3,33.333333
review_case,pass_b,activation_primarily_inside_annotation,diffuse,severity,moderate,0,3,0.000000
review_case,pass_b,activation_primarily_inside_annotation,uncertain,severity,moderate,0,3,0.000000
review_case,pass_b,activation_primarily_inside_annotation,inside,severity,severe,22,43,51.162791
review_case,pass_b,activation_primarily_inside_annotation,partial,severity,severe,15,43,34.883721
review_case,pass_b,activation_primarily_inside_annotation,outside,severity,severe,6,43,13.953488
review_case,pass_b,activation_primarily_inside_annotation,diffuse,severity,severe,0,43,0.000000
review_case,pass_b,activation_primarily_inside_annotation,uncertain,severity,severe,0,43,0.000000
review_case,pass_b,activation_primarily_inside_annotation,inside,condition_group,clean,2,10,20.000000
review_case,pass_b,activation_primarily_inside_annotation,partial,condition_group,clean,6,10,60.000000
review_case,pass_b,activation_primarily_inside_annotation,outside,condition_group,clean,2,10,20.000000
review_case,pass_b,activation_primarily_inside_annotation,diffuse,condition_group,clean,0,10,0.000000
review_case,pass_b,activation_primarily_inside_annotation,uncertain,condition_group,clean,0,10,0.000000
review_case,pass_b,activation_primarily_inside_annotation,inside,condition_group,degraded,25,50,50.000000
review_case,pass_b,activation_primarily_inside_annotation,partial,condition_group,degraded,18,50,36.000000
review_case,pass_b,activation_primarily_inside_annotation,outside,condition_group,degraded,7,50,14.000000
review_case,pass_b,activation_primarily_inside_annotation,diffuse,condition_group,degraded,0,50,0.000000
review_case,pass_b,activation_primarily_inside_annotation,uncertain,condition_group,degraded,0,50,0.000000
review_case,pass_b,activation_primarily_inside_annotation,inside,selection_event,beneficial_flip,2,6,33.333333
review_case,pass_b,activation_primarily_inside_annotation,partial,selection_event,beneficial_flip,2,6,33.333333
review_case,pass_b,activation_primarily_inside_annotation,outside,selection_event,beneficial_flip,2,6,33.333333
review_case,pass_b,activation_primarily_inside_annotation,diffuse,selection_event,beneficial_flip,0,6,0.000000
review_case,pass_b,activation_primarily_inside_annotation,uncertain,selection_event,beneficial_flip,0,6,0.000000
review_case,pass_b,activation_primarily_inside_annotation,inside,selection_event,clean_consensus_error,2,10,20.000000
review_case,pass_b,activation_primarily_inside_annotation,partial,selection_event,clean_consensus_error,6,10,60.000000
review_case,pass_b,activation_primarily_inside_annotation,outside,selection_event,clean_consensus_error,2,10,20.000000
review_case,pass_b,activation_primarily_inside_annotation,diffuse,selection_event,clean_consensus_error,0,10,0.000000
review_case,pass_b,activation_primarily_inside_annotation,uncertain,selection_event,clean_consensus_error,0,10,0.000000
review_case,pass_b,activation_primarily_inside_annotation,inside,selection_event,seed_disagreement,3,8,37.500000
review_case,pass_b,activation_primarily_inside_annotation,partial,selection_event,seed_disagreement,4,8,50.000000
review_case,pass_b,activation_primarily_inside_annotation,outside,selection_event,seed_disagreement,1,8,12.500000
review_case,pass_b,activation_primarily_inside_annotation,diffuse,selection_event,seed_disagreement,0,8,0.000000
review_case,pass_b,activation_primarily_inside_annotation,uncertain,selection_event,seed_disagreement,0,8,0.000000
review_case,pass_b,activation_primarily_inside_annotation,inside,selection_event,severe_harmful_flip,11,20,55.000000
review_case,pass_b,activation_primarily_inside_annotation,partial,selection_event,severe_harmful_flip,7,20,35.000000
review_case,pass_b,activation_primarily_inside_annotation,outside,selection_event,severe_harmful_flip,2,20,10.000000
review_case,pass_b,activation_primarily_inside_annotation,diffuse,selection_event,severe_harmful_flip,0,20,0.000000
review_case,pass_b,activation_primarily_inside_annotation,uncertain,selection_event,severe_harmful_flip,0,20,0.000000
review_case,pass_b,activation_primarily_inside_annotation,inside,selection_event,severe_stable_correct,7,8,87.500000
review_case,pass_b,activation_primarily_inside_annotation,partial,selection_event,severe_stable_correct,0,8,0.000000
review_case,pass_b,activation_primarily_inside_annotation,outside,selection_event,severe_stable_correct,1,8,12.500000
review_case,pass_b,activation_primarily_inside_annotation,diffuse,selection_event,severe_stable_correct,0,8,0.000000
review_case,pass_b,activation_primarily_inside_annotation,uncertain,selection_event,severe_stable_correct,0,8,0.000000
review_case,pass_b,activation_primarily_inside_annotation,inside,selection_event,severe_stable_wrong,2,8,25.000000
review_case,pass_b,activation_primarily_inside_annotation,partial,selection_event,severe_stable_wrong,5,8,62.500000
review_case,pass_b,activation_primarily_inside_annotation,outside,selection_event,severe_stable_wrong,1,8,12.500000
review_case,pass_b,activation_primarily_inside_annotation,diffuse,selection_event,severe_stable_wrong,0,8,0.000000
review_case,pass_b,activation_primarily_inside_annotation,uncertain,selection_event,severe_stable_wrong,0,8,0.000000
review_case,pass_b,activation_primarily_inside_annotation,inside,analysis_group,beneficial_flip,2,6,33.333333
review_case,pass_b,activation_primarily_inside_annotation,partial,analysis_group,beneficial_flip,2,6,33.333333
review_case,pass_b,activation_primarily_inside_annotation,outside,analysis_group,beneficial_flip,2,6,33.333333
review_case,pass_b,activation_primarily_inside_annotation,diffuse,analysis_group,beneficial_flip,0,6,0.000000
review_case,pass_b,activation_primarily_inside_annotation,uncertain,analysis_group,beneficial_flip,0,6,0.000000
review_case,pass_b,activation_primarily_inside_annotation,inside,analysis_group,clean_consensus_error,2,10,20.000000
review_case,pass_b,activation_primarily_inside_annotation,partial,analysis_group,clean_consensus_error,6,10,60.000000
review_case,pass_b,activation_primarily_inside_annotation,outside,analysis_group,clean_consensus_error,2,10,20.000000
review_case,pass_b,activation_primarily_inside_annotation,diffuse,analysis_group,clean_consensus_error,0,10,0.000000
review_case,pass_b,activation_primarily_inside_annotation,uncertain,analysis_group,clean_consensus_error,0,10,0.000000
review_case,pass_b,activation_primarily_inside_annotation,inside,analysis_group,harmful_flip,11,20,55.000000
review_case,pass_b,activation_primarily_inside_annotation,partial,analysis_group,harmful_flip,7,20,35.000000
review_case,pass_b,activation_primarily_inside_annotation,outside,analysis_group,harmful_flip,2,20,10.000000
review_case,pass_b,activation_primarily_inside_annotation,diffuse,analysis_group,harmful_flip,0,20,0.000000
review_case,pass_b,activation_primarily_inside_annotation,uncertain,analysis_group,harmful_flip,0,20,0.000000
review_case,pass_b,activation_primarily_inside_annotation,inside,analysis_group,seed_disagreement,3,8,37.500000
review_case,pass_b,activation_primarily_inside_annotation,partial,analysis_group,seed_disagreement,4,8,50.000000
review_case,pass_b,activation_primarily_inside_annotation,outside,analysis_group,seed_disagreement,1,8,12.500000
review_case,pass_b,activation_primarily_inside_annotation,diffuse,analysis_group,seed_disagreement,0,8,0.000000
review_case,pass_b,activation_primarily_inside_annotation,uncertain,analysis_group,seed_disagreement,0,8,0.000000
review_case,pass_b,activation_primarily_inside_annotation,inside,analysis_group,stable_correct,7,8,87.500000
review_case,pass_b,activation_primarily_inside_annotation,partial,analysis_group,stable_correct,0,8,0.000000
review_case,pass_b,activation_primarily_inside_annotation,outside,analysis_group,stable_correct,1,8,12.500000
review_case,pass_b,activation_primarily_inside_annotation,diffuse,analysis_group,stable_correct,0,8,0.000000
review_case,pass_b,activation_primarily_inside_annotation,uncertain,analysis_group,stable_correct,0,8,0.000000
review_case,pass_b,activation_primarily_inside_annotation,inside,analysis_group,stable_wrong,2,8,25.000000
review_case,pass_b,activation_primarily_inside_annotation,partial,analysis_group,stable_wrong,5,8,62.500000
review_case,pass_b,activation_primarily_inside_annotation,outside,analysis_group,stable_wrong,1,8,12.500000
review_case,pass_b,activation_primarily_inside_annotation,diffuse,analysis_group,stable_wrong,0,8,0.000000
review_case,pass_b,activation_primarily_inside_annotation,uncertain,analysis_group,stable_wrong,0,8,0.000000
review_case,pass_b,activation_primarily_inside_annotation,inside,eligibility_rule,consensus,22,49,44.897959
review_case,pass_b,activation_primarily_inside_annotation,partial,eligibility_rule,consensus,19,49,38.775510
review_case,pass_b,activation_primarily_inside_annotation,outside,eligibility_rule,consensus,8,49,16.326531
review_case,pass_b,activation_primarily_inside_annotation,diffuse,eligibility_rule,consensus,0,49,0.000000
review_case,pass_b,activation_primarily_inside_annotation,uncertain,eligibility_rule,consensus,0,49,0.000000
review_case,pass_b,activation_primarily_inside_annotation,inside,eligibility_rule,majority,2,3,66.666667
review_case,pass_b,activation_primarily_inside_annotation,partial,eligibility_rule,majority,1,3,33.333333
review_case,pass_b,activation_primarily_inside_annotation,outside,eligibility_rule,majority,0,3,0.000000
review_case,pass_b,activation_primarily_inside_annotation,diffuse,eligibility_rule,majority,0,3,0.000000
review_case,pass_b,activation_primarily_inside_annotation,uncertain,eligibility_rule,majority,0,3,0.000000
review_case,pass_b,activation_primarily_inside_annotation,inside,eligibility_rule,seed_disagreement,3,8,37.500000
review_case,pass_b,activation_primarily_inside_annotation,partial,eligibility_rule,seed_disagreement,4,8,50.000000
review_case,pass_b,activation_primarily_inside_annotation,outside,eligibility_rule,seed_disagreement,1,8,12.500000
review_case,pass_b,activation_primarily_inside_annotation,diffuse,eligibility_rule,seed_disagreement,0,8,0.000000
review_case,pass_b,activation_primarily_inside_annotation,uncertain,eligibility_rule,seed_disagreement,0,8,0.000000
review_case,pass_b,activation_primarily_inside_annotation,inside,true_label,corrosion,8,15,53.333333
review_case,pass_b,activation_primarily_inside_annotation,partial,true_label,corrosion,6,15,40.000000
review_case,pass_b,activation_primarily_inside_annotation,outside,true_label,corrosion,1,15,6.666667
review_case,pass_b,activation_primarily_inside_annotation,diffuse,true_label,corrosion,0,15,0.000000
review_case,pass_b,activation_primarily_inside_annotation,uncertain,true_label,corrosion,0,15,0.000000
review_case,pass_b,activation_primarily_inside_annotation,inside,true_label,crack,6,7,85.714286
review_case,pass_b,activation_primarily_inside_annotation,partial,true_label,crack,1,7,14.285714
review_case,pass_b,activation_primarily_inside_annotation,outside,true_label,crack,0,7,0.000000
review_case,pass_b,activation_primarily_inside_annotation,diffuse,true_label,crack,0,7,0.000000
review_case,pass_b,activation_primarily_inside_annotation,uncertain,true_label,crack,0,7,0.000000
review_case,pass_b,activation_primarily_inside_annotation,inside,true_label,craze,3,12,25.000000
review_case,pass_b,activation_primarily_inside_annotation,partial,true_label,craze,9,12,75.000000
review_case,pass_b,activation_primarily_inside_annotation,outside,true_label,craze,0,12,0.000000
review_case,pass_b,activation_primarily_inside_annotation,diffuse,true_label,craze,0,12,0.000000
review_case,pass_b,activation_primarily_inside_annotation,uncertain,true_label,craze,0,12,0.000000
review_case,pass_b,activation_primarily_inside_annotation,inside,true_label,hide_craze,3,9,33.333333
review_case,pass_b,activation_primarily_inside_annotation,partial,true_label,hide_craze,3,9,33.333333
review_case,pass_b,activation_primarily_inside_annotation,outside,true_label,hide_craze,3,9,33.333333
review_case,pass_b,activation_primarily_inside_annotation,diffuse,true_label,hide_craze,0,9,0.000000
review_case,pass_b,activation_primarily_inside_annotation,uncertain,true_label,hide_craze,0,9,0.000000
review_case,pass_b,activation_primarily_inside_annotation,inside,true_label,surface_injure,2,12,16.666667
review_case,pass_b,activation_primarily_inside_annotation,partial,true_label,surface_injure,5,12,41.666667
review_case,pass_b,activation_primarily_inside_annotation,outside,true_label,surface_injure,5,12,41.666667
review_case,pass_b,activation_primarily_inside_annotation,diffuse,true_label,surface_injure,0,12,0.000000
review_case,pass_b,activation_primarily_inside_annotation,uncertain,true_label,surface_injure,0,12,0.000000
review_case,pass_b,activation_primarily_inside_annotation,inside,true_label,thunderstrike,5,5,100.000000
review_case,pass_b,activation_primarily_inside_annotation,partial,true_label,thunderstrike,0,5,0.000000
review_case,pass_b,activation_primarily_inside_annotation,outside,true_label,thunderstrike,0,5,0.000000
review_case,pass_b,activation_primarily_inside_annotation,diffuse,true_label,thunderstrike,0,5,0.000000
review_case,pass_b,activation_primarily_inside_annotation,uncertain,true_label,thunderstrike,0,5,0.000000
review_case,pass_b,activation_primarily_inside_annotation,inside,selected_correctness,all_correct,9,14,64.285714
review_case,pass_b,activation_primarily_inside_annotation,partial,selected_correctness,all_correct,2,14,14.285714
review_case,pass_b,activation_primarily_inside_annotation,outside,selected_correctness,all_correct,3,14,21.428571
review_case,pass_b,activation_primarily_inside_annotation,diffuse,selected_correctness,all_correct,0,14,0.000000
review_case,pass_b,activation_primarily_inside_annotation,uncertain,selected_correctness,all_correct,0,14,0.000000
review_case,pass_b,activation_primarily_inside_annotation,inside,selected_correctness,all_incorrect,16,39,41.025641
review_case,pass_b,activation_primarily_inside_annotation,partial,selected_correctness,all_incorrect,18,39,46.153846
review_case,pass_b,activation_primarily_inside_annotation,outside,selected_correctness,all_incorrect,5,39,12.820513
review_case,pass_b,activation_primarily_inside_annotation,diffuse,selected_correctness,all_incorrect,0,39,0.000000
review_case,pass_b,activation_primarily_inside_annotation,uncertain,selected_correctness,all_incorrect,0,39,0.000000
review_case,pass_b,activation_primarily_inside_annotation,inside,selected_correctness,mixed,2,7,28.571429
review_case,pass_b,activation_primarily_inside_annotation,partial,selected_correctness,mixed,4,7,57.142857
review_case,pass_b,activation_primarily_inside_annotation,outside,selected_correctness,mixed,1,7,14.285714
review_case,pass_b,activation_primarily_inside_annotation,diffuse,selected_correctness,mixed,0,7,0.000000
review_case,pass_b,activation_primarily_inside_annotation,uncertain,selected_correctness,mixed,0,7,0.000000
review_case,pass_b,activation_concentrated_on_degradation_artifact,yes,method,mobilenet_v3_small,0,9,0.000000
review_case,pass_b,activation_concentrated_on_degradation_artifact,no,method,mobilenet_v3_small,6,9,66.666667
review_case,pass_b,activation_concentrated_on_degradation_artifact,uncertain,method,mobilenet_v3_small,3,9,33.333333
review_case,pass_b,activation_concentrated_on_degradation_artifact,yes,method,resnet18,0,51,0.000000
review_case,pass_b,activation_concentrated_on_degradation_artifact,no,method,resnet18,39,51,76.470588
review_case,pass_b,activation_concentrated_on_degradation_artifact,uncertain,method,resnet18,12,51,23.529412
review_case,pass_b,activation_concentrated_on_degradation_artifact,yes,corruption_family,brightness,0,34,0.000000
review_case,pass_b,activation_concentrated_on_degradation_artifact,no,corruption_family,brightness,28,34,82.352941
review_case,pass_b,activation_concentrated_on_degradation_artifact,uncertain,corruption_family,brightness,6,34,17.647059
review_case,pass_b,activation_concentrated_on_degradation_artifact,yes,corruption_family,clean,0,10,0.000000
review_case,pass_b,activation_concentrated_on_degradation_artifact,no,corruption_family,clean,10,10,100.000000
review_case,pass_b,activation_concentrated_on_degradation_artifact,uncertain,corruption_family,clean,0,10,0.000000
review_case,pass_b,activation_concentrated_on_degradation_artifact,yes,corruption_family,gaussian_blur,0,13,0.000000
review_case,pass_b,activation_concentrated_on_degradation_artifact,no,corruption_family,gaussian_blur,6,13,46.153846
review_case,pass_b,activation_concentrated_on_degradation_artifact,uncertain,corruption_family,gaussian_blur,7,13,53.846154
review_case,pass_b,activation_concentrated_on_degradation_artifact,yes,corruption_family,jpeg,0,3,0.000000
review_case,pass_b,activation_concentrated_on_degradation_artifact,no,corruption_family,jpeg,1,3,33.333333
review_case,pass_b,activation_concentrated_on_degradation_artifact,uncertain,corruption_family,jpeg,2,3,66.666667
review_case,pass_b,activation_concentrated_on_degradation_artifact,yes,severity,clean,0,10,0.000000
review_case,pass_b,activation_concentrated_on_degradation_artifact,no,severity,clean,10,10,100.000000
review_case,pass_b,activation_concentrated_on_degradation_artifact,uncertain,severity,clean,0,10,0.000000
review_case,pass_b,activation_concentrated_on_degradation_artifact,yes,severity,mild,0,4,0.000000
review_case,pass_b,activation_concentrated_on_degradation_artifact,no,severity,mild,4,4,100.000000
review_case,pass_b,activation_concentrated_on_degradation_artifact,uncertain,severity,mild,0,4,0.000000
review_case,pass_b,activation_concentrated_on_degradation_artifact,yes,severity,moderate,0,3,0.000000
review_case,pass_b,activation_concentrated_on_degradation_artifact,no,severity,moderate,3,3,100.000000
review_case,pass_b,activation_concentrated_on_degradation_artifact,uncertain,severity,moderate,0,3,0.000000
review_case,pass_b,activation_concentrated_on_degradation_artifact,yes,severity,severe,0,43,0.000000
review_case,pass_b,activation_concentrated_on_degradation_artifact,no,severity,severe,28,43,65.116279
review_case,pass_b,activation_concentrated_on_degradation_artifact,uncertain,severity,severe,15,43,34.883721
review_case,pass_b,activation_concentrated_on_degradation_artifact,yes,condition_group,clean,0,10,0.000000
review_case,pass_b,activation_concentrated_on_degradation_artifact,no,condition_group,clean,10,10,100.000000
review_case,pass_b,activation_concentrated_on_degradation_artifact,uncertain,condition_group,clean,0,10,0.000000
review_case,pass_b,activation_concentrated_on_degradation_artifact,yes,condition_group,degraded,0,50,0.000000
review_case,pass_b,activation_concentrated_on_degradation_artifact,no,condition_group,degraded,35,50,70.000000
review_case,pass_b,activation_concentrated_on_degradation_artifact,uncertain,condition_group,degraded,15,50,30.000000
review_case,pass_b,activation_concentrated_on_degradation_artifact,yes,selection_event,beneficial_flip,0,6,0.000000
review_case,pass_b,activation_concentrated_on_degradation_artifact,no,selection_event,beneficial_flip,6,6,100.000000
review_case,pass_b,activation_concentrated_on_degradation_artifact,uncertain,selection_event,beneficial_flip,0,6,0.000000
review_case,pass_b,activation_concentrated_on_degradation_artifact,yes,selection_event,clean_consensus_error,0,10,0.000000
review_case,pass_b,activation_concentrated_on_degradation_artifact,no,selection_event,clean_consensus_error,10,10,100.000000
review_case,pass_b,activation_concentrated_on_degradation_artifact,uncertain,selection_event,clean_consensus_error,0,10,0.000000
review_case,pass_b,activation_concentrated_on_degradation_artifact,yes,selection_event,seed_disagreement,0,8,0.000000
review_case,pass_b,activation_concentrated_on_degradation_artifact,no,selection_event,seed_disagreement,6,8,75.000000
review_case,pass_b,activation_concentrated_on_degradation_artifact,uncertain,selection_event,seed_disagreement,2,8,25.000000
review_case,pass_b,activation_concentrated_on_degradation_artifact,yes,selection_event,severe_harmful_flip,0,20,0.000000
review_case,pass_b,activation_concentrated_on_degradation_artifact,no,selection_event,severe_harmful_flip,12,20,60.000000
review_case,pass_b,activation_concentrated_on_degradation_artifact,uncertain,selection_event,severe_harmful_flip,8,20,40.000000
review_case,pass_b,activation_concentrated_on_degradation_artifact,yes,selection_event,severe_stable_correct,0,8,0.000000
review_case,pass_b,activation_concentrated_on_degradation_artifact,no,selection_event,severe_stable_correct,8,8,100.000000
review_case,pass_b,activation_concentrated_on_degradation_artifact,uncertain,selection_event,severe_stable_correct,0,8,0.000000
review_case,pass_b,activation_concentrated_on_degradation_artifact,yes,selection_event,severe_stable_wrong,0,8,0.000000
review_case,pass_b,activation_concentrated_on_degradation_artifact,no,selection_event,severe_stable_wrong,3,8,37.500000
review_case,pass_b,activation_concentrated_on_degradation_artifact,uncertain,selection_event,severe_stable_wrong,5,8,62.500000
review_case,pass_b,activation_concentrated_on_degradation_artifact,yes,analysis_group,beneficial_flip,0,6,0.000000
review_case,pass_b,activation_concentrated_on_degradation_artifact,no,analysis_group,beneficial_flip,6,6,100.000000
review_case,pass_b,activation_concentrated_on_degradation_artifact,uncertain,analysis_group,beneficial_flip,0,6,0.000000
review_case,pass_b,activation_concentrated_on_degradation_artifact,yes,analysis_group,clean_consensus_error,0,10,0.000000
review_case,pass_b,activation_concentrated_on_degradation_artifact,no,analysis_group,clean_consensus_error,10,10,100.000000
review_case,pass_b,activation_concentrated_on_degradation_artifact,uncertain,analysis_group,clean_consensus_error,0,10,0.000000
review_case,pass_b,activation_concentrated_on_degradation_artifact,yes,analysis_group,harmful_flip,0,20,0.000000
review_case,pass_b,activation_concentrated_on_degradation_artifact,no,analysis_group,harmful_flip,12,20,60.000000
review_case,pass_b,activation_concentrated_on_degradation_artifact,uncertain,analysis_group,harmful_flip,8,20,40.000000
review_case,pass_b,activation_concentrated_on_degradation_artifact,yes,analysis_group,seed_disagreement,0,8,0.000000
review_case,pass_b,activation_concentrated_on_degradation_artifact,no,analysis_group,seed_disagreement,6,8,75.000000
review_case,pass_b,activation_concentrated_on_degradation_artifact,uncertain,analysis_group,seed_disagreement,2,8,25.000000
review_case,pass_b,activation_concentrated_on_degradation_artifact,yes,analysis_group,stable_correct,0,8,0.000000
review_case,pass_b,activation_concentrated_on_degradation_artifact,no,analysis_group,stable_correct,8,8,100.000000
review_case,pass_b,activation_concentrated_on_degradation_artifact,uncertain,analysis_group,stable_correct,0,8,0.000000
review_case,pass_b,activation_concentrated_on_degradation_artifact,yes,analysis_group,stable_wrong,0,8,0.000000
review_case,pass_b,activation_concentrated_on_degradation_artifact,no,analysis_group,stable_wrong,3,8,37.500000
review_case,pass_b,activation_concentrated_on_degradation_artifact,uncertain,analysis_group,stable_wrong,5,8,62.500000
review_case,pass_b,activation_concentrated_on_degradation_artifact,yes,eligibility_rule,consensus,0,49,0.000000
review_case,pass_b,activation_concentrated_on_degradation_artifact,no,eligibility_rule,consensus,37,49,75.510204
review_case,pass_b,activation_concentrated_on_degradation_artifact,uncertain,eligibility_rule,consensus,12,49,24.489796
review_case,pass_b,activation_concentrated_on_degradation_artifact,yes,eligibility_rule,majority,0,3,0.000000
review_case,pass_b,activation_concentrated_on_degradation_artifact,no,eligibility_rule,majority,2,3,66.666667
review_case,pass_b,activation_concentrated_on_degradation_artifact,uncertain,eligibility_rule,majority,1,3,33.333333
review_case,pass_b,activation_concentrated_on_degradation_artifact,yes,eligibility_rule,seed_disagreement,0,8,0.000000
review_case,pass_b,activation_concentrated_on_degradation_artifact,no,eligibility_rule,seed_disagreement,6,8,75.000000
review_case,pass_b,activation_concentrated_on_degradation_artifact,uncertain,eligibility_rule,seed_disagreement,2,8,25.000000
review_case,pass_b,activation_concentrated_on_degradation_artifact,yes,true_label,corrosion,0,15,0.000000
review_case,pass_b,activation_concentrated_on_degradation_artifact,no,true_label,corrosion,12,15,80.000000
review_case,pass_b,activation_concentrated_on_degradation_artifact,uncertain,true_label,corrosion,3,15,20.000000
review_case,pass_b,activation_concentrated_on_degradation_artifact,yes,true_label,crack,0,7,0.000000
review_case,pass_b,activation_concentrated_on_degradation_artifact,no,true_label,crack,6,7,85.714286
review_case,pass_b,activation_concentrated_on_degradation_artifact,uncertain,true_label,crack,1,7,14.285714
review_case,pass_b,activation_concentrated_on_degradation_artifact,yes,true_label,craze,0,12,0.000000
review_case,pass_b,activation_concentrated_on_degradation_artifact,no,true_label,craze,8,12,66.666667
review_case,pass_b,activation_concentrated_on_degradation_artifact,uncertain,true_label,craze,4,12,33.333333
review_case,pass_b,activation_concentrated_on_degradation_artifact,yes,true_label,hide_craze,0,9,0.000000
review_case,pass_b,activation_concentrated_on_degradation_artifact,no,true_label,hide_craze,4,9,44.444444
review_case,pass_b,activation_concentrated_on_degradation_artifact,uncertain,true_label,hide_craze,5,9,55.555556
review_case,pass_b,activation_concentrated_on_degradation_artifact,yes,true_label,surface_injure,0,12,0.000000
review_case,pass_b,activation_concentrated_on_degradation_artifact,no,true_label,surface_injure,10,12,83.333333
review_case,pass_b,activation_concentrated_on_degradation_artifact,uncertain,true_label,surface_injure,2,12,16.666667
review_case,pass_b,activation_concentrated_on_degradation_artifact,yes,true_label,thunderstrike,0,5,0.000000
review_case,pass_b,activation_concentrated_on_degradation_artifact,no,true_label,thunderstrike,5,5,100.000000
review_case,pass_b,activation_concentrated_on_degradation_artifact,uncertain,true_label,thunderstrike,0,5,0.000000
review_case,pass_b,activation_concentrated_on_degradation_artifact,yes,selected_correctness,all_correct,0,14,0.000000
review_case,pass_b,activation_concentrated_on_degradation_artifact,no,selected_correctness,all_correct,14,14,100.000000
review_case,pass_b,activation_concentrated_on_degradation_artifact,uncertain,selected_correctness,all_correct,0,14,0.000000
review_case,pass_b,activation_concentrated_on_degradation_artifact,yes,selected_correctness,all_incorrect,0,39,0.000000
review_case,pass_b,activation_concentrated_on_degradation_artifact,no,selected_correctness,all_incorrect,27,39,69.230769
review_case,pass_b,activation_concentrated_on_degradation_artifact,uncertain,selected_correctness,all_incorrect,12,39,30.769231
review_case,pass_b,activation_concentrated_on_degradation_artifact,yes,selected_correctness,mixed,0,7,0.000000
review_case,pass_b,activation_concentrated_on_degradation_artifact,no,selected_correctness,mixed,4,7,57.142857
review_case,pass_b,activation_concentrated_on_degradation_artifact,uncertain,selected_correctness,mixed,3,7,42.857143
review_case,pass_b,pattern_consistent_across_cnn_seeds,yes,method,mobilenet_v3_small,5,9,55.555556
review_case,pass_b,pattern_consistent_across_cnn_seeds,partly,method,mobilenet_v3_small,4,9,44.444444
review_case,pass_b,pattern_consistent_across_cnn_seeds,no,method,mobilenet_v3_small,0,9,0.000000
review_case,pass_b,pattern_consistent_across_cnn_seeds,uncertain,method,mobilenet_v3_small,0,9,0.000000
review_case,pass_b,pattern_consistent_across_cnn_seeds,yes,method,resnet18,19,51,37.254902
review_case,pass_b,pattern_consistent_across_cnn_seeds,partly,method,resnet18,26,51,50.980392
review_case,pass_b,pattern_consistent_across_cnn_seeds,no,method,resnet18,6,51,11.764706
review_case,pass_b,pattern_consistent_across_cnn_seeds,uncertain,method,resnet18,0,51,0.000000
review_case,pass_b,pattern_consistent_across_cnn_seeds,yes,corruption_family,brightness,17,34,50.000000
review_case,pass_b,pattern_consistent_across_cnn_seeds,partly,corruption_family,brightness,12,34,35.294118
review_case,pass_b,pattern_consistent_across_cnn_seeds,no,corruption_family,brightness,5,34,14.705882
review_case,pass_b,pattern_consistent_across_cnn_seeds,uncertain,corruption_family,brightness,0,34,0.000000
review_case,pass_b,pattern_consistent_across_cnn_seeds,yes,corruption_family,clean,2,10,20.000000
review_case,pass_b,pattern_consistent_across_cnn_seeds,partly,corruption_family,clean,8,10,80.000000
review_case,pass_b,pattern_consistent_across_cnn_seeds,no,corruption_family,clean,0,10,0.000000
review_case,pass_b,pattern_consistent_across_cnn_seeds,uncertain,corruption_family,clean,0,10,0.000000
review_case,pass_b,pattern_consistent_across_cnn_seeds,yes,corruption_family,gaussian_blur,5,13,38.461538
review_case,pass_b,pattern_consistent_across_cnn_seeds,partly,corruption_family,gaussian_blur,7,13,53.846154
review_case,pass_b,pattern_consistent_across_cnn_seeds,no,corruption_family,gaussian_blur,1,13,7.692308
review_case,pass_b,pattern_consistent_across_cnn_seeds,uncertain,corruption_family,gaussian_blur,0,13,0.000000
review_case,pass_b,pattern_consistent_across_cnn_seeds,yes,corruption_family,jpeg,0,3,0.000000
review_case,pass_b,pattern_consistent_across_cnn_seeds,partly,corruption_family,jpeg,3,3,100.000000
review_case,pass_b,pattern_consistent_across_cnn_seeds,no,corruption_family,jpeg,0,3,0.000000
review_case,pass_b,pattern_consistent_across_cnn_seeds,uncertain,corruption_family,jpeg,0,3,0.000000
review_case,pass_b,pattern_consistent_across_cnn_seeds,yes,severity,clean,2,10,20.000000
review_case,pass_b,pattern_consistent_across_cnn_seeds,partly,severity,clean,8,10,80.000000
review_case,pass_b,pattern_consistent_across_cnn_seeds,no,severity,clean,0,10,0.000000
review_case,pass_b,pattern_consistent_across_cnn_seeds,uncertain,severity,clean,0,10,0.000000
review_case,pass_b,pattern_consistent_across_cnn_seeds,yes,severity,mild,2,4,50.000000
review_case,pass_b,pattern_consistent_across_cnn_seeds,partly,severity,mild,1,4,25.000000
review_case,pass_b,pattern_consistent_across_cnn_seeds,no,severity,mild,1,4,25.000000
review_case,pass_b,pattern_consistent_across_cnn_seeds,uncertain,severity,mild,0,4,0.000000
review_case,pass_b,pattern_consistent_across_cnn_seeds,yes,severity,moderate,1,3,33.333333
review_case,pass_b,pattern_consistent_across_cnn_seeds,partly,severity,moderate,2,3,66.666667
review_case,pass_b,pattern_consistent_across_cnn_seeds,no,severity,moderate,0,3,0.000000
review_case,pass_b,pattern_consistent_across_cnn_seeds,uncertain,severity,moderate,0,3,0.000000
review_case,pass_b,pattern_consistent_across_cnn_seeds,yes,severity,severe,19,43,44.186047
review_case,pass_b,pattern_consistent_across_cnn_seeds,partly,severity,severe,19,43,44.186047
review_case,pass_b,pattern_consistent_across_cnn_seeds,no,severity,severe,5,43,11.627907
review_case,pass_b,pattern_consistent_across_cnn_seeds,uncertain,severity,severe,0,43,0.000000
review_case,pass_b,pattern_consistent_across_cnn_seeds,yes,condition_group,clean,2,10,20.000000
review_case,pass_b,pattern_consistent_across_cnn_seeds,partly,condition_group,clean,8,10,80.000000
review_case,pass_b,pattern_consistent_across_cnn_seeds,no,condition_group,clean,0,10,0.000000
review_case,pass_b,pattern_consistent_across_cnn_seeds,uncertain,condition_group,clean,0,10,0.000000
review_case,pass_b,pattern_consistent_across_cnn_seeds,yes,condition_group,degraded,22,50,44.000000
review_case,pass_b,pattern_consistent_across_cnn_seeds,partly,condition_group,degraded,22,50,44.000000
review_case,pass_b,pattern_consistent_across_cnn_seeds,no,condition_group,degraded,6,50,12.000000
review_case,pass_b,pattern_consistent_across_cnn_seeds,uncertain,condition_group,degraded,0,50,0.000000
review_case,pass_b,pattern_consistent_across_cnn_seeds,yes,selection_event,beneficial_flip,2,6,33.333333
review_case,pass_b,pattern_consistent_across_cnn_seeds,partly,selection_event,beneficial_flip,4,6,66.666667
review_case,pass_b,pattern_consistent_across_cnn_seeds,no,selection_event,beneficial_flip,0,6,0.000000
review_case,pass_b,pattern_consistent_across_cnn_seeds,uncertain,selection_event,beneficial_flip,0,6,0.000000
review_case,pass_b,pattern_consistent_across_cnn_seeds,yes,selection_event,clean_consensus_error,2,10,20.000000
review_case,pass_b,pattern_consistent_across_cnn_seeds,partly,selection_event,clean_consensus_error,8,10,80.000000
review_case,pass_b,pattern_consistent_across_cnn_seeds,no,selection_event,clean_consensus_error,0,10,0.000000
review_case,pass_b,pattern_consistent_across_cnn_seeds,uncertain,selection_event,clean_consensus_error,0,10,0.000000
review_case,pass_b,pattern_consistent_across_cnn_seeds,yes,selection_event,seed_disagreement,3,8,37.500000
review_case,pass_b,pattern_consistent_across_cnn_seeds,partly,selection_event,seed_disagreement,3,8,37.500000
review_case,pass_b,pattern_consistent_across_cnn_seeds,no,selection_event,seed_disagreement,2,8,25.000000
review_case,pass_b,pattern_consistent_across_cnn_seeds,uncertain,selection_event,seed_disagreement,0,8,0.000000
review_case,pass_b,pattern_consistent_across_cnn_seeds,yes,selection_event,severe_harmful_flip,7,20,35.000000
review_case,pass_b,pattern_consistent_across_cnn_seeds,partly,selection_event,severe_harmful_flip,9,20,45.000000
review_case,pass_b,pattern_consistent_across_cnn_seeds,no,selection_event,severe_harmful_flip,4,20,20.000000
review_case,pass_b,pattern_consistent_across_cnn_seeds,uncertain,selection_event,severe_harmful_flip,0,20,0.000000
review_case,pass_b,pattern_consistent_across_cnn_seeds,yes,selection_event,severe_stable_correct,7,8,87.500000
review_case,pass_b,pattern_consistent_across_cnn_seeds,partly,selection_event,severe_stable_correct,1,8,12.500000
review_case,pass_b,pattern_consistent_across_cnn_seeds,no,selection_event,severe_stable_correct,0,8,0.000000
review_case,pass_b,pattern_consistent_across_cnn_seeds,uncertain,selection_event,severe_stable_correct,0,8,0.000000
review_case,pass_b,pattern_consistent_across_cnn_seeds,yes,selection_event,severe_stable_wrong,3,8,37.500000
review_case,pass_b,pattern_consistent_across_cnn_seeds,partly,selection_event,severe_stable_wrong,5,8,62.500000
review_case,pass_b,pattern_consistent_across_cnn_seeds,no,selection_event,severe_stable_wrong,0,8,0.000000
review_case,pass_b,pattern_consistent_across_cnn_seeds,uncertain,selection_event,severe_stable_wrong,0,8,0.000000
review_case,pass_b,pattern_consistent_across_cnn_seeds,yes,analysis_group,beneficial_flip,2,6,33.333333
review_case,pass_b,pattern_consistent_across_cnn_seeds,partly,analysis_group,beneficial_flip,4,6,66.666667
review_case,pass_b,pattern_consistent_across_cnn_seeds,no,analysis_group,beneficial_flip,0,6,0.000000
review_case,pass_b,pattern_consistent_across_cnn_seeds,uncertain,analysis_group,beneficial_flip,0,6,0.000000
review_case,pass_b,pattern_consistent_across_cnn_seeds,yes,analysis_group,clean_consensus_error,2,10,20.000000
review_case,pass_b,pattern_consistent_across_cnn_seeds,partly,analysis_group,clean_consensus_error,8,10,80.000000
review_case,pass_b,pattern_consistent_across_cnn_seeds,no,analysis_group,clean_consensus_error,0,10,0.000000
review_case,pass_b,pattern_consistent_across_cnn_seeds,uncertain,analysis_group,clean_consensus_error,0,10,0.000000
review_case,pass_b,pattern_consistent_across_cnn_seeds,yes,analysis_group,harmful_flip,7,20,35.000000
review_case,pass_b,pattern_consistent_across_cnn_seeds,partly,analysis_group,harmful_flip,9,20,45.000000
review_case,pass_b,pattern_consistent_across_cnn_seeds,no,analysis_group,harmful_flip,4,20,20.000000
review_case,pass_b,pattern_consistent_across_cnn_seeds,uncertain,analysis_group,harmful_flip,0,20,0.000000
review_case,pass_b,pattern_consistent_across_cnn_seeds,yes,analysis_group,seed_disagreement,3,8,37.500000
review_case,pass_b,pattern_consistent_across_cnn_seeds,partly,analysis_group,seed_disagreement,3,8,37.500000
review_case,pass_b,pattern_consistent_across_cnn_seeds,no,analysis_group,seed_disagreement,2,8,25.000000
review_case,pass_b,pattern_consistent_across_cnn_seeds,uncertain,analysis_group,seed_disagreement,0,8,0.000000
review_case,pass_b,pattern_consistent_across_cnn_seeds,yes,analysis_group,stable_correct,7,8,87.500000
review_case,pass_b,pattern_consistent_across_cnn_seeds,partly,analysis_group,stable_correct,1,8,12.500000
review_case,pass_b,pattern_consistent_across_cnn_seeds,no,analysis_group,stable_correct,0,8,0.000000
review_case,pass_b,pattern_consistent_across_cnn_seeds,uncertain,analysis_group,stable_correct,0,8,0.000000
review_case,pass_b,pattern_consistent_across_cnn_seeds,yes,analysis_group,stable_wrong,3,8,37.500000
review_case,pass_b,pattern_consistent_across_cnn_seeds,partly,analysis_group,stable_wrong,5,8,62.500000
review_case,pass_b,pattern_consistent_across_cnn_seeds,no,analysis_group,stable_wrong,0,8,0.000000
review_case,pass_b,pattern_consistent_across_cnn_seeds,uncertain,analysis_group,stable_wrong,0,8,0.000000
review_case,pass_b,pattern_consistent_across_cnn_seeds,yes,eligibility_rule,consensus,19,49,38.775510
review_case,pass_b,pattern_consistent_across_cnn_seeds,partly,eligibility_rule,consensus,26,49,53.061224
review_case,pass_b,pattern_consistent_across_cnn_seeds,no,eligibility_rule,consensus,4,49,8.163265
review_case,pass_b,pattern_consistent_across_cnn_seeds,uncertain,eligibility_rule,consensus,0,49,0.000000
review_case,pass_b,pattern_consistent_across_cnn_seeds,yes,eligibility_rule,majority,2,3,66.666667
review_case,pass_b,pattern_consistent_across_cnn_seeds,partly,eligibility_rule,majority,1,3,33.333333
review_case,pass_b,pattern_consistent_across_cnn_seeds,no,eligibility_rule,majority,0,3,0.000000
review_case,pass_b,pattern_consistent_across_cnn_seeds,uncertain,eligibility_rule,majority,0,3,0.000000
review_case,pass_b,pattern_consistent_across_cnn_seeds,yes,eligibility_rule,seed_disagreement,3,8,37.500000
review_case,pass_b,pattern_consistent_across_cnn_seeds,partly,eligibility_rule,seed_disagreement,3,8,37.500000
review_case,pass_b,pattern_consistent_across_cnn_seeds,no,eligibility_rule,seed_disagreement,2,8,25.000000
review_case,pass_b,pattern_consistent_across_cnn_seeds,uncertain,eligibility_rule,seed_disagreement,0,8,0.000000
review_case,pass_b,pattern_consistent_across_cnn_seeds,yes,true_label,corrosion,6,15,40.000000
review_case,pass_b,pattern_consistent_across_cnn_seeds,partly,true_label,corrosion,9,15,60.000000
review_case,pass_b,pattern_consistent_across_cnn_seeds,no,true_label,corrosion,0,15,0.000000
review_case,pass_b,pattern_consistent_across_cnn_seeds,uncertain,true_label,corrosion,0,15,0.000000
review_case,pass_b,pattern_consistent_across_cnn_seeds,yes,true_label,crack,7,7,100.000000
review_case,pass_b,pattern_consistent_across_cnn_seeds,partly,true_label,crack,0,7,0.000000
review_case,pass_b,pattern_consistent_across_cnn_seeds,no,true_label,crack,0,7,0.000000
review_case,pass_b,pattern_consistent_across_cnn_seeds,uncertain,true_label,crack,0,7,0.000000
review_case,pass_b,pattern_consistent_across_cnn_seeds,yes,true_label,craze,4,12,33.333333
review_case,pass_b,pattern_consistent_across_cnn_seeds,partly,true_label,craze,8,12,66.666667
review_case,pass_b,pattern_consistent_across_cnn_seeds,no,true_label,craze,0,12,0.000000
review_case,pass_b,pattern_consistent_across_cnn_seeds,uncertain,true_label,craze,0,12,0.000000
review_case,pass_b,pattern_consistent_across_cnn_seeds,yes,true_label,hide_craze,4,9,44.444444
review_case,pass_b,pattern_consistent_across_cnn_seeds,partly,true_label,hide_craze,2,9,22.222222
review_case,pass_b,pattern_consistent_across_cnn_seeds,no,true_label,hide_craze,3,9,33.333333
review_case,pass_b,pattern_consistent_across_cnn_seeds,uncertain,true_label,hide_craze,0,9,0.000000
review_case,pass_b,pattern_consistent_across_cnn_seeds,yes,true_label,surface_injure,0,12,0.000000
review_case,pass_b,pattern_consistent_across_cnn_seeds,partly,true_label,surface_injure,10,12,83.333333
review_case,pass_b,pattern_consistent_across_cnn_seeds,no,true_label,surface_injure,2,12,16.666667
review_case,pass_b,pattern_consistent_across_cnn_seeds,uncertain,true_label,surface_injure,0,12,0.000000
review_case,pass_b,pattern_consistent_across_cnn_seeds,yes,true_label,thunderstrike,3,5,60.000000
review_case,pass_b,pattern_consistent_across_cnn_seeds,partly,true_label,thunderstrike,1,5,20.000000
review_case,pass_b,pattern_consistent_across_cnn_seeds,no,true_label,thunderstrike,1,5,20.000000
review_case,pass_b,pattern_consistent_across_cnn_seeds,uncertain,true_label,thunderstrike,0,5,0.000000
review_case,pass_b,pattern_consistent_across_cnn_seeds,yes,selected_correctness,all_correct,9,14,64.285714
review_case,pass_b,pattern_consistent_across_cnn_seeds,partly,selected_correctness,all_correct,5,14,35.714286
review_case,pass_b,pattern_consistent_across_cnn_seeds,no,selected_correctness,all_correct,0,14,0.000000
review_case,pass_b,pattern_consistent_across_cnn_seeds,uncertain,selected_correctness,all_correct,0,14,0.000000
review_case,pass_b,pattern_consistent_across_cnn_seeds,yes,selected_correctness,all_incorrect,13,39,33.333333
review_case,pass_b,pattern_consistent_across_cnn_seeds,partly,selected_correctness,all_incorrect,22,39,56.410256
review_case,pass_b,pattern_consistent_across_cnn_seeds,no,selected_correctness,all_incorrect,4,39,10.256410
review_case,pass_b,pattern_consistent_across_cnn_seeds,uncertain,selected_correctness,all_incorrect,0,39,0.000000
review_case,pass_b,pattern_consistent_across_cnn_seeds,yes,selected_correctness,mixed,2,7,28.571429
review_case,pass_b,pattern_consistent_across_cnn_seeds,partly,selected_correctness,mixed,3,7,42.857143
review_case,pass_b,pattern_consistent_across_cnn_seeds,no,selected_correctness,mixed,2,7,28.571429
review_case,pass_b,pattern_consistent_across_cnn_seeds,uncertain,selected_correctness,mixed,0,7,0.000000
review_case,pass_b,prediction_visually_understandable_after_reveal,yes,method,mobilenet_v3_small,9,9,100.000000
review_case,pass_b,prediction_visually_understandable_after_reveal,no,method,mobilenet_v3_small,0,9,0.000000
review_case,pass_b,prediction_visually_understandable_after_reveal,uncertain,method,mobilenet_v3_small,0,9,0.000000
review_case,pass_b,prediction_visually_understandable_after_reveal,yes,method,resnet18,48,51,94.117647
review_case,pass_b,prediction_visually_understandable_after_reveal,no,method,resnet18,0,51,0.000000
review_case,pass_b,prediction_visually_understandable_after_reveal,uncertain,method,resnet18,3,51,5.882353
review_case,pass_b,prediction_visually_understandable_after_reveal,yes,corruption_family,brightness,33,34,97.058824
review_case,pass_b,prediction_visually_understandable_after_reveal,no,corruption_family,brightness,0,34,0.000000
review_case,pass_b,prediction_visually_understandable_after_reveal,uncertain,corruption_family,brightness,1,34,2.941176
review_case,pass_b,prediction_visually_understandable_after_reveal,yes,corruption_family,clean,9,10,90.000000
review_case,pass_b,prediction_visually_understandable_after_reveal,no,corruption_family,clean,0,10,0.000000
review_case,pass_b,prediction_visually_understandable_after_reveal,uncertain,corruption_family,clean,1,10,10.000000
review_case,pass_b,prediction_visually_understandable_after_reveal,yes,corruption_family,gaussian_blur,13,13,100.000000
review_case,pass_b,prediction_visually_understandable_after_reveal,no,corruption_family,gaussian_blur,0,13,0.000000
review_case,pass_b,prediction_visually_understandable_after_reveal,uncertain,corruption_family,gaussian_blur,0,13,0.000000
review_case,pass_b,prediction_visually_understandable_after_reveal,yes,corruption_family,jpeg,2,3,66.666667
review_case,pass_b,prediction_visually_understandable_after_reveal,no,corruption_family,jpeg,0,3,0.000000
review_case,pass_b,prediction_visually_understandable_after_reveal,uncertain,corruption_family,jpeg,1,3,33.333333
review_case,pass_b,prediction_visually_understandable_after_reveal,yes,severity,clean,9,10,90.000000
review_case,pass_b,prediction_visually_understandable_after_reveal,no,severity,clean,0,10,0.000000
review_case,pass_b,prediction_visually_understandable_after_reveal,uncertain,severity,clean,1,10,10.000000
review_case,pass_b,prediction_visually_understandable_after_reveal,yes,severity,mild,4,4,100.000000
review_case,pass_b,prediction_visually_understandable_after_reveal,no,severity,mild,0,4,0.000000
review_case,pass_b,prediction_visually_understandable_after_reveal,uncertain,severity,mild,0,4,0.000000
review_case,pass_b,prediction_visually_understandable_after_reveal,yes,severity,moderate,3,3,100.000000
review_case,pass_b,prediction_visually_understandable_after_reveal,no,severity,moderate,0,3,0.000000
review_case,pass_b,prediction_visually_understandable_after_reveal,uncertain,severity,moderate,0,3,0.000000
review_case,pass_b,prediction_visually_understandable_after_reveal,yes,severity,severe,41,43,95.348837
review_case,pass_b,prediction_visually_understandable_after_reveal,no,severity,severe,0,43,0.000000
review_case,pass_b,prediction_visually_understandable_after_reveal,uncertain,severity,severe,2,43,4.651163
review_case,pass_b,prediction_visually_understandable_after_reveal,yes,condition_group,clean,9,10,90.000000
review_case,pass_b,prediction_visually_understandable_after_reveal,no,condition_group,clean,0,10,0.000000
review_case,pass_b,prediction_visually_understandable_after_reveal,uncertain,condition_group,clean,1,10,10.000000
review_case,pass_b,prediction_visually_understandable_after_reveal,yes,condition_group,degraded,48,50,96.000000
review_case,pass_b,prediction_visually_understandable_after_reveal,no,condition_group,degraded,0,50,0.000000
review_case,pass_b,prediction_visually_understandable_after_reveal,uncertain,condition_group,degraded,2,50,4.000000
review_case,pass_b,prediction_visually_understandable_after_reveal,yes,selection_event,beneficial_flip,6,6,100.000000
review_case,pass_b,prediction_visually_understandable_after_reveal,no,selection_event,beneficial_flip,0,6,0.000000
review_case,pass_b,prediction_visually_understandable_after_reveal,uncertain,selection_event,beneficial_flip,0,6,0.000000
review_case,pass_b,prediction_visually_understandable_after_reveal,yes,selection_event,clean_consensus_error,9,10,90.000000
review_case,pass_b,prediction_visually_understandable_after_reveal,no,selection_event,clean_consensus_error,0,10,0.000000
review_case,pass_b,prediction_visually_understandable_after_reveal,uncertain,selection_event,clean_consensus_error,1,10,10.000000
review_case,pass_b,prediction_visually_understandable_after_reveal,yes,selection_event,seed_disagreement,7,8,87.500000
review_case,pass_b,prediction_visually_understandable_after_reveal,no,selection_event,seed_disagreement,0,8,0.000000
review_case,pass_b,prediction_visually_understandable_after_reveal,uncertain,selection_event,seed_disagreement,1,8,12.500000
review_case,pass_b,prediction_visually_understandable_after_reveal,yes,selection_event,severe_harmful_flip,20,20,100.000000
review_case,pass_b,prediction_visually_understandable_after_reveal,no,selection_event,severe_harmful_flip,0,20,0.000000
review_case,pass_b,prediction_visually_understandable_after_reveal,uncertain,selection_event,severe_harmful_flip,0,20,0.000000
review_case,pass_b,prediction_visually_understandable_after_reveal,yes,selection_event,severe_stable_correct,8,8,100.000000
review_case,pass_b,prediction_visually_understandable_after_reveal,no,selection_event,severe_stable_correct,0,8,0.000000
review_case,pass_b,prediction_visually_understandable_after_reveal,uncertain,selection_event,severe_stable_correct,0,8,0.000000
review_case,pass_b,prediction_visually_understandable_after_reveal,yes,selection_event,severe_stable_wrong,7,8,87.500000
review_case,pass_b,prediction_visually_understandable_after_reveal,no,selection_event,severe_stable_wrong,0,8,0.000000
review_case,pass_b,prediction_visually_understandable_after_reveal,uncertain,selection_event,severe_stable_wrong,1,8,12.500000
review_case,pass_b,prediction_visually_understandable_after_reveal,yes,analysis_group,beneficial_flip,6,6,100.000000
review_case,pass_b,prediction_visually_understandable_after_reveal,no,analysis_group,beneficial_flip,0,6,0.000000
review_case,pass_b,prediction_visually_understandable_after_reveal,uncertain,analysis_group,beneficial_flip,0,6,0.000000
review_case,pass_b,prediction_visually_understandable_after_reveal,yes,analysis_group,clean_consensus_error,9,10,90.000000
review_case,pass_b,prediction_visually_understandable_after_reveal,no,analysis_group,clean_consensus_error,0,10,0.000000
review_case,pass_b,prediction_visually_understandable_after_reveal,uncertain,analysis_group,clean_consensus_error,1,10,10.000000
review_case,pass_b,prediction_visually_understandable_after_reveal,yes,analysis_group,harmful_flip,20,20,100.000000
review_case,pass_b,prediction_visually_understandable_after_reveal,no,analysis_group,harmful_flip,0,20,0.000000
review_case,pass_b,prediction_visually_understandable_after_reveal,uncertain,analysis_group,harmful_flip,0,20,0.000000
review_case,pass_b,prediction_visually_understandable_after_reveal,yes,analysis_group,seed_disagreement,7,8,87.500000
review_case,pass_b,prediction_visually_understandable_after_reveal,no,analysis_group,seed_disagreement,0,8,0.000000
review_case,pass_b,prediction_visually_understandable_after_reveal,uncertain,analysis_group,seed_disagreement,1,8,12.500000
review_case,pass_b,prediction_visually_understandable_after_reveal,yes,analysis_group,stable_correct,8,8,100.000000
review_case,pass_b,prediction_visually_understandable_after_reveal,no,analysis_group,stable_correct,0,8,0.000000
review_case,pass_b,prediction_visually_understandable_after_reveal,uncertain,analysis_group,stable_correct,0,8,0.000000
review_case,pass_b,prediction_visually_understandable_after_reveal,yes,analysis_group,stable_wrong,7,8,87.500000
review_case,pass_b,prediction_visually_understandable_after_reveal,no,analysis_group,stable_wrong,0,8,0.000000
review_case,pass_b,prediction_visually_understandable_after_reveal,uncertain,analysis_group,stable_wrong,1,8,12.500000
review_case,pass_b,prediction_visually_understandable_after_reveal,yes,eligibility_rule,consensus,47,49,95.918367
review_case,pass_b,prediction_visually_understandable_after_reveal,no,eligibility_rule,consensus,0,49,0.000000
review_case,pass_b,prediction_visually_understandable_after_reveal,uncertain,eligibility_rule,consensus,2,49,4.081633
review_case,pass_b,prediction_visually_understandable_after_reveal,yes,eligibility_rule,majority,3,3,100.000000
review_case,pass_b,prediction_visually_understandable_after_reveal,no,eligibility_rule,majority,0,3,0.000000
review_case,pass_b,prediction_visually_understandable_after_reveal,uncertain,eligibility_rule,majority,0,3,0.000000
review_case,pass_b,prediction_visually_understandable_after_reveal,yes,eligibility_rule,seed_disagreement,7,8,87.500000
review_case,pass_b,prediction_visually_understandable_after_reveal,no,eligibility_rule,seed_disagreement,0,8,0.000000
review_case,pass_b,prediction_visually_understandable_after_reveal,uncertain,eligibility_rule,seed_disagreement,1,8,12.500000
review_case,pass_b,prediction_visually_understandable_after_reveal,yes,true_label,corrosion,14,15,93.333333
review_case,pass_b,prediction_visually_understandable_after_reveal,no,true_label,corrosion,0,15,0.000000
review_case,pass_b,prediction_visually_understandable_after_reveal,uncertain,true_label,corrosion,1,15,6.666667
review_case,pass_b,prediction_visually_understandable_after_reveal,yes,true_label,crack,7,7,100.000000
review_case,pass_b,prediction_visually_understandable_after_reveal,no,true_label,crack,0,7,0.000000
review_case,pass_b,prediction_visually_understandable_after_reveal,uncertain,true_label,crack,0,7,0.000000
review_case,pass_b,prediction_visually_understandable_after_reveal,yes,true_label,craze,12,12,100.000000
review_case,pass_b,prediction_visually_understandable_after_reveal,no,true_label,craze,0,12,0.000000
review_case,pass_b,prediction_visually_understandable_after_reveal,uncertain,true_label,craze,0,12,0.000000
review_case,pass_b,prediction_visually_understandable_after_reveal,yes,true_label,hide_craze,8,9,88.888889
review_case,pass_b,prediction_visually_understandable_after_reveal,no,true_label,hide_craze,0,9,0.000000
review_case,pass_b,prediction_visually_understandable_after_reveal,uncertain,true_label,hide_craze,1,9,11.111111
review_case,pass_b,prediction_visually_understandable_after_reveal,yes,true_label,surface_injure,11,12,91.666667
review_case,pass_b,prediction_visually_understandable_after_reveal,no,true_label,surface_injure,0,12,0.000000
review_case,pass_b,prediction_visually_understandable_after_reveal,uncertain,true_label,surface_injure,1,12,8.333333
review_case,pass_b,prediction_visually_understandable_after_reveal,yes,true_label,thunderstrike,5,5,100.000000
review_case,pass_b,prediction_visually_understandable_after_reveal,no,true_label,thunderstrike,0,5,0.000000
review_case,pass_b,prediction_visually_understandable_after_reveal,uncertain,true_label,thunderstrike,0,5,0.000000
review_case,pass_b,prediction_visually_understandable_after_reveal,yes,selected_correctness,all_correct,14,14,100.000000
review_case,pass_b,prediction_visually_understandable_after_reveal,no,selected_correctness,all_correct,0,14,0.000000
review_case,pass_b,prediction_visually_understandable_after_reveal,uncertain,selected_correctness,all_correct,0,14,0.000000
review_case,pass_b,prediction_visually_understandable_after_reveal,yes,selected_correctness,all_incorrect,37,39,94.871795
review_case,pass_b,prediction_visually_understandable_after_reveal,no,selected_correctness,all_incorrect,0,39,0.000000
review_case,pass_b,prediction_visually_understandable_after_reveal,uncertain,selected_correctness,all_incorrect,2,39,5.128205
review_case,pass_b,prediction_visually_understandable_after_reveal,yes,selected_correctness,mixed,6,7,85.714286
review_case,pass_b,prediction_visually_understandable_after_reveal,no,selected_correctness,mixed,0,7,0.000000
review_case,pass_b,prediction_visually_understandable_after_reveal,uncertain,selected_correctness,mixed,1,7,14.285714
