unit,pass_name,response_field,response_value,group_dimension,group_value,count,denominator,percentage
case_seed_prediction,pass_a,defect_visible,yes,method,mobilenet_v3_small,24,27,88.888889
case_seed_prediction,pass_a,defect_visible,partially,method,mobilenet_v3_small,3,27,11.111111
case_seed_prediction,pass_a,defect_visible,no,method,mobilenet_v3_small,0,27,0.000000
case_seed_prediction,pass_a,defect_visible,uncertain,method,mobilenet_v3_small,0,27,0.000000
case_seed_prediction,pass_a,defect_visible,yes,method,resnet18,126,153,82.352941
case_seed_prediction,pass_a,defect_visible,partially,method,resnet18,27,153,17.647059
case_seed_prediction,pass_a,defect_visible,no,method,resnet18,0,153,0.000000
case_seed_prediction,pass_a,defect_visible,uncertain,method,resnet18,0,153,0.000000
case_seed_prediction,pass_a,defect_visible,yes,corruption_family,brightness,81,102,79.411765
case_seed_prediction,pass_a,defect_visible,partially,corruption_family,brightness,21,102,20.588235
case_seed_prediction,pass_a,defect_visible,no,corruption_family,brightness,0,102,0.000000
case_seed_prediction,pass_a,defect_visible,uncertain,corruption_family,brightness,0,102,0.000000
case_seed_prediction,pass_a,defect_visible,yes,corruption_family,clean,24,30,80.000000
case_seed_prediction,pass_a,defect_visible,partially,corruption_family,clean,6,30,20.000000
case_seed_prediction,pass_a,defect_visible,no,corruption_family,clean,0,30,0.000000
case_seed_prediction,pass_a,defect_visible,uncertain,corruption_family,clean,0,30,0.000000
case_seed_prediction,pass_a,defect_visible,yes,corruption_family,gaussian_blur,39,39,100.000000
case_seed_prediction,pass_a,defect_visible,partially,corruption_family,gaussian_blur,0,39,0.000000
case_seed_prediction,pass_a,defect_visible,no,corruption_family,gaussian_blur,0,39,0.000000
case_seed_prediction,pass_a,defect_visible,uncertain,corruption_family,gaussian_blur,0,39,0.000000
case_seed_prediction,pass_a,defect_visible,yes,corruption_family,jpeg,6,9,66.666667
case_seed_prediction,pass_a,defect_visible,partially,corruption_family,jpeg,3,9,33.333333
case_seed_prediction,pass_a,defect_visible,no,corruption_family,jpeg,0,9,0.000000
case_seed_prediction,pass_a,defect_visible,uncertain,corruption_family,jpeg,0,9,0.000000
case_seed_prediction,pass_a,defect_visible,yes,severity,clean,24,30,80.000000
case_seed_prediction,pass_a,defect_visible,partially,severity,clean,6,30,20.000000
case_seed_prediction,pass_a,defect_visible,no,severity,clean,0,30,0.000000
case_seed_prediction,pass_a,defect_visible,uncertain,severity,clean,0,30,0.000000
case_seed_prediction,pass_a,defect_visible,yes,severity,mild,9,12,75.000000
case_seed_prediction,pass_a,defect_visible,partially,severity,mild,3,12,25.000000
case_seed_prediction,pass_a,defect_visible,no,severity,mild,0,12,0.000000
case_seed_prediction,pass_a,defect_visible,uncertain,severity,mild,0,12,0.000000
case_seed_prediction,pass_a,defect_visible,yes,severity,moderate,6,9,66.666667
case_seed_prediction,pass_a,defect_visible,partially,severity,moderate,3,9,33.333333
case_seed_prediction,pass_a,defect_visible,no,severity,moderate,0,9,0.000000
case_seed_prediction,pass_a,defect_visible,uncertain,severity,moderate,0,9,0.000000
case_seed_prediction,pass_a,defect_visible,yes,severity,severe,111,129,86.046512
case_seed_prediction,pass_a,defect_visible,partially,severity,severe,18,129,13.953488
case_seed_prediction,pass_a,defect_visible,no,severity,severe,0,129,0.000000
case_seed_prediction,pass_a,defect_visible,uncertain,severity,severe,0,129,0.000000
case_seed_prediction,pass_a,defect_visible,yes,selection_event,beneficial_flip,18,18,100.000000
case_seed_prediction,pass_a,defect_visible,partially,selection_event,beneficial_flip,0,18,0.000000
case_seed_prediction,pass_a,defect_visible,no,selection_event,beneficial_flip,0,18,0.000000
case_seed_prediction,pass_a,defect_visible,uncertain,selection_event,beneficial_flip,0,18,0.000000
case_seed_prediction,pass_a,defect_visible,yes,selection_event,clean_consensus_error,24,30,80.000000
case_seed_prediction,pass_a,defect_visible,partially,selection_event,clean_consensus_error,6,30,20.000000
case_seed_prediction,pass_a,defect_visible,no,selection_event,clean_consensus_error,0,30,0.000000
case_seed_prediction,pass_a,defect_visible,uncertain,selection_event,clean_consensus_error,0,30,0.000000
case_seed_prediction,pass_a,defect_visible,yes,selection_event,seed_disagreement,18,24,75.000000
case_seed_prediction,pass_a,defect_visible,partially,selection_event,seed_disagreement,6,24,25.000000
case_seed_prediction,pass_a,defect_visible,no,selection_event,seed_disagreement,0,24,0.000000
case_seed_prediction,pass_a,defect_visible,uncertain,selection_event,seed_disagreement,0,24,0.000000
case_seed_prediction,pass_a,defect_visible,yes,selection_event,severe_harmful_flip,57,60,95.000000
case_seed_prediction,pass_a,defect_visible,partially,selection_event,severe_harmful_flip,3,60,5.000000
case_seed_prediction,pass_a,defect_visible,no,selection_event,severe_harmful_flip,0,60,0.000000
case_seed_prediction,pass_a,defect_visible,uncertain,selection_event,severe_harmful_flip,0,60,0.000000
case_seed_prediction,pass_a,defect_visible,yes,selection_event,severe_stable_correct,15,24,62.500000
case_seed_prediction,pass_a,defect_visible,partially,selection_event,severe_stable_correct,9,24,37.500000
case_seed_prediction,pass_a,defect_visible,no,selection_event,severe_stable_correct,0,24,0.000000
case_seed_prediction,pass_a,defect_visible,uncertain,selection_event,severe_stable_correct,0,24,0.000000
case_seed_prediction,pass_a,defect_visible,yes,selection_event,severe_stable_wrong,18,24,75.000000
case_seed_prediction,pass_a,defect_visible,partially,selection_event,severe_stable_wrong,6,24,25.000000
case_seed_prediction,pass_a,defect_visible,no,selection_event,severe_stable_wrong,0,24,0.000000
case_seed_prediction,pass_a,defect_visible,uncertain,selection_event,severe_stable_wrong,0,24,0.000000
case_seed_prediction,pass_a,defect_visible,yes,analysis_group,beneficial_flip,18,18,100.000000
case_seed_prediction,pass_a,defect_visible,partially,analysis_group,beneficial_flip,0,18,0.000000
case_seed_prediction,pass_a,defect_visible,no,analysis_group,beneficial_flip,0,18,0.000000
case_seed_prediction,pass_a,defect_visible,uncertain,analysis_group,beneficial_flip,0,18,0.000000
case_seed_prediction,pass_a,defect_visible,yes,analysis_group,clean_consensus_error,24,30,80.000000
case_seed_prediction,pass_a,defect_visible,partially,analysis_group,clean_consensus_error,6,30,20.000000
case_seed_prediction,pass_a,defect_visible,no,analysis_group,clean_consensus_error,0,30,0.000000
case_seed_prediction,pass_a,defect_visible,uncertain,analysis_group,clean_consensus_error,0,30,0.000000
case_seed_prediction,pass_a,defect_visible,yes,analysis_group,harmful_flip,57,60,95.000000
case_seed_prediction,pass_a,defect_visible,partially,analysis_group,harmful_flip,3,60,5.000000
case_seed_prediction,pass_a,defect_visible,no,analysis_group,harmful_flip,0,60,0.000000
case_seed_prediction,pass_a,defect_visible,uncertain,analysis_group,harmful_flip,0,60,0.000000
case_seed_prediction,pass_a,defect_visible,yes,analysis_group,seed_disagreement,18,24,75.000000
case_seed_prediction,pass_a,defect_visible,partially,analysis_group,seed_disagreement,6,24,25.000000
case_seed_prediction,pass_a,defect_visible,no,analysis_group,seed_disagreement,0,24,0.000000
case_seed_prediction,pass_a,defect_visible,uncertain,analysis_group,seed_disagreement,0,24,0.000000
case_seed_prediction,pass_a,defect_visible,yes,analysis_group,stable_correct,15,24,62.500000
case_seed_prediction,pass_a,defect_visible,partially,analysis_group,stable_correct,9,24,37.500000
case_seed_prediction,pass_a,defect_visible,no,analysis_group,stable_correct,0,24,0.000000
case_seed_prediction,pass_a,defect_visible,uncertain,analysis_group,stable_correct,0,24,0.000000
case_seed_prediction,pass_a,defect_visible,yes,analysis_group,stable_wrong,18,24,75.000000
case_seed_prediction,pass_a,defect_visible,partially,analysis_group,stable_wrong,6,24,25.000000
case_seed_prediction,pass_a,defect_visible,no,analysis_group,stable_wrong,0,24,0.000000
case_seed_prediction,pass_a,defect_visible,uncertain,analysis_group,stable_wrong,0,24,0.000000
case_seed_prediction,pass_a,defect_visible,yes,true_label,corrosion,39,45,86.666667
case_seed_prediction,pass_a,defect_visible,partially,true_label,corrosion,6,45,13.333333
case_seed_prediction,pass_a,defect_visible,no,true_label,corrosion,0,45,0.000000
case_seed_prediction,pass_a,defect_visible,uncertain,true_label,corrosion,0,45,0.000000
case_seed_prediction,pass_a,defect_visible,yes,true_label,crack,18,21,85.714286
case_seed_prediction,pass_a,defect_visible,partially,true_label,crack,3,21,14.285714
case_seed_prediction,pass_a,defect_visible,no,true_label,crack,0,21,0.000000
case_seed_prediction,pass_a,defect_visible,uncertain,true_label,crack,0,21,0.000000
case_seed_prediction,pass_a,defect_visible,yes,true_label,craze,18,36,50.000000
case_seed_prediction,pass_a,defect_visible,partially,true_label,craze,18,36,50.000000
case_seed_prediction,pass_a,defect_visible,no,true_label,craze,0,36,0.000000
case_seed_prediction,pass_a,defect_visible,uncertain,true_label,craze,0,36,0.000000
case_seed_prediction,pass_a,defect_visible,yes,true_label,hide_craze,27,27,100.000000
case_seed_prediction,pass_a,defect_visible,partially,true_label,hide_craze,0,27,0.000000
case_seed_prediction,pass_a,defect_visible,no,true_label,hide_craze,0,27,0.000000
case_seed_prediction,pass_a,defect_visible,uncertain,true_label,hide_craze,0,27,0.000000
case_seed_prediction,pass_a,defect_visible,yes,true_label,surface_injure,33,36,91.666667
case_seed_prediction,pass_a,defect_visible,partially,true_label,surface_injure,3,36,8.333333
case_seed_prediction,pass_a,defect_visible,no,true_label,surface_injure,0,36,0.000000
case_seed_prediction,pass_a,defect_visible,uncertain,true_label,surface_injure,0,36,0.000000
case_seed_prediction,pass_a,defect_visible,yes,true_label,thunderstrike,15,15,100.000000
case_seed_prediction,pass_a,defect_visible,partially,true_label,thunderstrike,0,15,0.000000
case_seed_prediction,pass_a,defect_visible,no,true_label,thunderstrike,0,15,0.000000
case_seed_prediction,pass_a,defect_visible,uncertain,true_label,thunderstrike,0,15,0.000000
case_seed_prediction,pass_a,defect_visible,yes,predicted_label,corrosion,35,44,79.545455
case_seed_prediction,pass_a,defect_visible,partially,predicted_label,corrosion,9,44,20.454545
case_seed_prediction,pass_a,defect_visible,no,predicted_label,corrosion,0,44,0.000000
case_seed_prediction,pass_a,defect_visible,uncertain,predicted_label,corrosion,0,44,0.000000
case_seed_prediction,pass_a,defect_visible,yes,predicted_label,crack,6,6,100.000000
case_seed_prediction,pass_a,defect_visible,partially,predicted_label,crack,0,6,0.000000
case_seed_prediction,pass_a,defect_visible,no,predicted_label,crack,0,6,0.000000
case_seed_prediction,pass_a,defect_visible,uncertain,predicted_label,crack,0,6,0.000000
case_seed_prediction,pass_a,defect_visible,yes,predicted_label,craze,18,26,69.230769
case_seed_prediction,pass_a,defect_visible,partially,predicted_label,craze,8,26,30.769231
case_seed_prediction,pass_a,defect_visible,no,predicted_label,craze,0,26,0.000000
case_seed_prediction,pass_a,defect_visible,uncertain,predicted_label,craze,0,26,0.000000
case_seed_prediction,pass_a,defect_visible,yes,predicted_label,hide_craze,43,46,93.478261
case_seed_prediction,pass_a,defect_visible,partially,predicted_label,hide_craze,3,46,6.521739
case_seed_prediction,pass_a,defect_visible,no,predicted_label,hide_craze,0,46,0.000000
case_seed_prediction,pass_a,defect_visible,uncertain,predicted_label,hide_craze,0,46,0.000000
case_seed_prediction,pass_a,defect_visible,yes,predicted_label,surface_injure,43,53,81.132075
case_seed_prediction,pass_a,defect_visible,partially,predicted_label,surface_injure,10,53,18.867925
case_seed_prediction,pass_a,defect_visible,no,predicted_label,surface_injure,0,53,0.000000
case_seed_prediction,pass_a,defect_visible,uncertain,predicted_label,surface_injure,0,53,0.000000
case_seed_prediction,pass_a,defect_visible,yes,predicted_label,thunderstrike,5,5,100.000000
case_seed_prediction,pass_a,defect_visible,partially,predicted_label,thunderstrike,0,5,0.000000
case_seed_prediction,pass_a,defect_visible,no,predicted_label,thunderstrike,0,5,0.000000
case_seed_prediction,pass_a,defect_visible,uncertain,predicted_label,thunderstrike,0,5,0.000000
case_seed_prediction,pass_a,defect_visible,yes,correct,false,110,129,85.271318
case_seed_prediction,pass_a,defect_visible,partially,correct,false,19,129,14.728682
case_seed_prediction,pass_a,defect_visible,no,correct,false,0,129,0.000000
case_seed_prediction,pass_a,defect_visible,uncertain,correct,false,0,129,0.000000
case_seed_prediction,pass_a,defect_visible,yes,correct,true,40,51,78.431373
case_seed_prediction,pass_a,defect_visible,partially,correct,true,11,51,21.568627
case_seed_prediction,pass_a,defect_visible,no,correct,true,0,51,0.000000
case_seed_prediction,pass_a,defect_visible,uncertain,correct,true,0,51,0.000000
case_seed_prediction,pass_a,defect_visible,yes,event_category,beneficial_flip,18,18,100.000000
case_seed_prediction,pass_a,defect_visible,partially,event_category,beneficial_flip,0,18,0.000000
case_seed_prediction,pass_a,defect_visible,no,event_category,beneficial_flip,0,18,0.000000
case_seed_prediction,pass_a,defect_visible,uncertain,event_category,beneficial_flip,0,18,0.000000
case_seed_prediction,pass_a,defect_visible,yes,event_category,clean_only,24,30,80.000000
case_seed_prediction,pass_a,defect_visible,partially,event_category,clean_only,6,30,20.000000
case_seed_prediction,pass_a,defect_visible,no,event_category,clean_only,0,30,0.000000
case_seed_prediction,pass_a,defect_visible,uncertain,event_category,clean_only,0,30,0.000000
case_seed_prediction,pass_a,defect_visible,yes,event_category,harmful_flip,65,69,94.202899
case_seed_prediction,pass_a,defect_visible,partially,event_category,harmful_flip,4,69,5.797101
case_seed_prediction,pass_a,defect_visible,no,event_category,harmful_flip,0,69,0.000000
case_seed_prediction,pass_a,defect_visible,uncertain,event_category,harmful_flip,0,69,0.000000
case_seed_prediction,pass_a,defect_visible,yes,event_category,stable_correct,22,33,66.666667
case_seed_prediction,pass_a,defect_visible,partially,event_category,stable_correct,11,33,33.333333
case_seed_prediction,pass_a,defect_visible,no,event_category,stable_correct,0,33,0.000000
case_seed_prediction,pass_a,defect_visible,uncertain,event_category,stable_correct,0,33,0.000000
case_seed_prediction,pass_a,defect_visible,yes,event_category,stable_wrong,21,30,70.000000
case_seed_prediction,pass_a,defect_visible,partially,event_category,stable_wrong,9,30,30.000000
case_seed_prediction,pass_a,defect_visible,no,event_category,stable_wrong,0,30,0.000000
case_seed_prediction,pass_a,defect_visible,uncertain,event_category,stable_wrong,0,30,0.000000
case_seed_prediction,pass_a,defect_visible,yes,confusion_pair,corrosion->corrosion,15,15,100.000000
case_seed_prediction,pass_a,defect_visible,partially,confusion_pair,corrosion->corrosion,0,15,0.000000
case_seed_prediction,pass_a,defect_visible,no,confusion_pair,corrosion->corrosion,0,15,0.000000
case_seed_prediction,pass_a,defect_visible,uncertain,confusion_pair,corrosion->corrosion,0,15,0.000000
case_seed_prediction,pass_a,defect_visible,yes,confusion_pair,corrosion->hide_craze,15,17,88.235294
case_seed_prediction,pass_a,defect_visible,partially,confusion_pair,corrosion->hide_craze,2,17,11.764706
case_seed_prediction,pass_a,defect_visible,no,confusion_pair,corrosion->hide_craze,0,17,0.000000
case_seed_prediction,pass_a,defect_visible,uncertain,confusion_pair,corrosion->hide_craze,0,17,0.000000
case_seed_prediction,pass_a,defect_visible,yes,confusion_pair,corrosion->surface_injure,9,13,69.230769
case_seed_prediction,pass_a,defect_visible,partially,confusion_pair,corrosion->surface_injure,4,13,30.769231
case_seed_prediction,pass_a,defect_visible,no,confusion_pair,corrosion->surface_injure,0,13,0.000000
case_seed_prediction,pass_a,defect_visible,uncertain,confusion_pair,corrosion->surface_injure,0,13,0.000000
case_seed_prediction,pass_a,defect_visible,yes,confusion_pair,crack->corrosion,1,2,50.000000
case_seed_prediction,pass_a,defect_visible,partially,confusion_pair,crack->corrosion,1,2,50.000000
case_seed_prediction,pass_a,defect_visible,no,confusion_pair,crack->corrosion,0,2,0.000000
case_seed_prediction,pass_a,defect_visible,uncertain,confusion_pair,crack->corrosion,0,2,0.000000
case_seed_prediction,pass_a,defect_visible,yes,confusion_pair,crack->crack,6,6,100.000000
case_seed_prediction,pass_a,defect_visible,partially,confusion_pair,crack->crack,0,6,0.000000
case_seed_prediction,pass_a,defect_visible,no,confusion_pair,crack->crack,0,6,0.000000
case_seed_prediction,pass_a,defect_visible,uncertain,confusion_pair,crack->crack,0,6,0.000000
case_seed_prediction,pass_a,defect_visible,yes,confusion_pair,crack->craze,4,4,100.000000
case_seed_prediction,pass_a,defect_visible,partially,confusion_pair,crack->craze,0,4,0.000000
case_seed_prediction,pass_a,defect_visible,no,confusion_pair,crack->craze,0,4,0.000000
case_seed_prediction,pass_a,defect_visible,uncertain,confusion_pair,crack->craze,0,4,0.000000
case_seed_prediction,pass_a,defect_visible,yes,confusion_pair,crack->hide_craze,6,7,85.714286
case_seed_prediction,pass_a,defect_visible,partially,confusion_pair,crack->hide_craze,1,7,14.285714
case_seed_prediction,pass_a,defect_visible,no,confusion_pair,crack->hide_craze,0,7,0.000000
case_seed_prediction,pass_a,defect_visible,uncertain,confusion_pair,crack->hide_craze,0,7,0.000000
case_seed_prediction,pass_a,defect_visible,yes,confusion_pair,crack->surface_injure,1,2,50.000000
case_seed_prediction,pass_a,defect_visible,partially,confusion_pair,crack->surface_injure,1,2,50.000000
case_seed_prediction,pass_a,defect_visible,no,confusion_pair,crack->surface_injure,0,2,0.000000
case_seed_prediction,pass_a,defect_visible,uncertain,confusion_pair,crack->surface_injure,0,2,0.000000
case_seed_prediction,pass_a,defect_visible,yes,confusion_pair,craze->corrosion,6,14,42.857143
case_seed_prediction,pass_a,defect_visible,partially,confusion_pair,craze->corrosion,8,14,57.142857
case_seed_prediction,pass_a,defect_visible,no,confusion_pair,craze->corrosion,0,14,0.000000
case_seed_prediction,pass_a,defect_visible,uncertain,confusion_pair,craze->corrosion,0,14,0.000000
case_seed_prediction,pass_a,defect_visible,yes,confusion_pair,craze->craze,0,8,0.000000
case_seed_prediction,pass_a,defect_visible,partially,confusion_pair,craze->craze,8,8,100.000000
case_seed_prediction,pass_a,defect_visible,no,confusion_pair,craze->craze,0,8,0.000000
case_seed_prediction,pass_a,defect_visible,uncertain,confusion_pair,craze->craze,0,8,0.000000
case_seed_prediction,pass_a,defect_visible,yes,confusion_pair,craze->hide_craze,7,7,100.000000
case_seed_prediction,pass_a,defect_visible,partially,confusion_pair,craze->hide_craze,0,7,0.000000
case_seed_prediction,pass_a,defect_visible,no,confusion_pair,craze->hide_craze,0,7,0.000000
case_seed_prediction,pass_a,defect_visible,uncertain,confusion_pair,craze->hide_craze,0,7,0.000000
case_seed_prediction,pass_a,defect_visible,yes,confusion_pair,craze->surface_injure,5,7,71.428571
case_seed_prediction,pass_a,defect_visible,partially,confusion_pair,craze->surface_injure,2,7,28.571429
case_seed_prediction,pass_a,defect_visible,no,confusion_pair,craze->surface_injure,0,7,0.000000
case_seed_prediction,pass_a,defect_visible,uncertain,confusion_pair,craze->surface_injure,0,7,0.000000
case_seed_prediction,pass_a,defect_visible,yes,confusion_pair,hide_craze->corrosion,1,1,100.000000
case_seed_prediction,pass_a,defect_visible,partially,confusion_pair,hide_craze->corrosion,0,1,0.000000
case_seed_prediction,pass_a,defect_visible,no,confusion_pair,hide_craze->corrosion,0,1,0.000000
case_seed_prediction,pass_a,defect_visible,uncertain,confusion_pair,hide_craze->corrosion,0,1,0.000000
case_seed_prediction,pass_a,defect_visible,yes,confusion_pair,hide_craze->craze,3,3,100.000000
case_seed_prediction,pass_a,defect_visible,partially,confusion_pair,hide_craze->craze,0,3,0.000000
case_seed_prediction,pass_a,defect_visible,no,confusion_pair,hide_craze->craze,0,3,0.000000
case_seed_prediction,pass_a,defect_visible,uncertain,confusion_pair,hide_craze->craze,0,3,0.000000
case_seed_prediction,pass_a,defect_visible,yes,confusion_pair,hide_craze->hide_craze,7,7,100.000000
case_seed_prediction,pass_a,defect_visible,partially,confusion_pair,hide_craze->hide_craze,0,7,0.000000
case_seed_prediction,pass_a,defect_visible,no,confusion_pair,hide_craze->hide_craze,0,7,0.000000
case_seed_prediction,pass_a,defect_visible,uncertain,confusion_pair,hide_craze->hide_craze,0,7,0.000000
case_seed_prediction,pass_a,defect_visible,yes,confusion_pair,hide_craze->surface_injure,16,16,100.000000
case_seed_prediction,pass_a,defect_visible,partially,confusion_pair,hide_craze->surface_injure,0,16,0.000000
case_seed_prediction,pass_a,defect_visible,no,confusion_pair,hide_craze->surface_injure,0,16,0.000000
case_seed_prediction,pass_a,defect_visible,uncertain,confusion_pair,hide_craze->surface_injure,0,16,0.000000
case_seed_prediction,pass_a,defect_visible,yes,confusion_pair,surface_injure->corrosion,12,12,100.000000
case_seed_prediction,pass_a,defect_visible,partially,confusion_pair,surface_injure->corrosion,0,12,0.000000
case_seed_prediction,pass_a,defect_visible,no,confusion_pair,surface_injure->corrosion,0,12,0.000000
case_seed_prediction,pass_a,defect_visible,uncertain,confusion_pair,surface_injure->corrosion,0,12,0.000000
case_seed_prediction,pass_a,defect_visible,yes,confusion_pair,surface_injure->craze,8,8,100.000000
case_seed_prediction,pass_a,defect_visible,partially,confusion_pair,surface_injure->craze,0,8,0.000000
case_seed_prediction,pass_a,defect_visible,no,confusion_pair,surface_injure->craze,0,8,0.000000
case_seed_prediction,pass_a,defect_visible,uncertain,confusion_pair,surface_injure->craze,0,8,0.000000
case_seed_prediction,pass_a,defect_visible,yes,confusion_pair,surface_injure->hide_craze,6,6,100.000000
case_seed_prediction,pass_a,defect_visible,partially,confusion_pair,surface_injure->hide_craze,0,6,0.000000
case_seed_prediction,pass_a,defect_visible,no,confusion_pair,surface_injure->hide_craze,0,6,0.000000
case_seed_prediction,pass_a,defect_visible,uncertain,confusion_pair,surface_injure->hide_craze,0,6,0.000000
case_seed_prediction,pass_a,defect_visible,yes,confusion_pair,surface_injure->surface_injure,7,10,70.000000
case_seed_prediction,pass_a,defect_visible,partially,confusion_pair,surface_injure->surface_injure,3,10,30.000000
case_seed_prediction,pass_a,defect_visible,no,confusion_pair,surface_injure->surface_injure,0,10,0.000000
case_seed_prediction,pass_a,defect_visible,uncertain,confusion_pair,surface_injure->surface_injure,0,10,0.000000
case_seed_prediction,pass_a,defect_visible,yes,confusion_pair,thunderstrike->craze,3,3,100.000000
case_seed_prediction,pass_a,defect_visible,partially,confusion_pair,thunderstrike->craze,0,3,0.000000
case_seed_prediction,pass_a,defect_visible,no,confusion_pair,thunderstrike->craze,0,3,0.000000
case_seed_prediction,pass_a,defect_visible,uncertain,confusion_pair,thunderstrike->craze,0,3,0.000000
case_seed_prediction,pass_a,defect_visible,yes,confusion_pair,thunderstrike->hide_craze,2,2,100.000000
case_seed_prediction,pass_a,defect_visible,partially,confusion_pair,thunderstrike->hide_craze,0,2,0.000000
case_seed_prediction,pass_a,defect_visible,no,confusion_pair,thunderstrike->hide_craze,0,2,0.000000
case_seed_prediction,pass_a,defect_visible,uncertain,confusion_pair,thunderstrike->hide_craze,0,2,0.000000
case_seed_prediction,pass_a,defect_visible,yes,confusion_pair,thunderstrike->surface_injure,5,5,100.000000
case_seed_prediction,pass_a,defect_visible,partially,confusion_pair,thunderstrike->surface_injure,0,5,0.000000
case_seed_prediction,pass_a,defect_visible,no,confusion_pair,thunderstrike->surface_injure,0,5,0.000000
case_seed_prediction,pass_a,defect_visible,uncertain,confusion_pair,thunderstrike->surface_injure,0,5,0.000000
case_seed_prediction,pass_a,defect_visible,yes,confusion_pair,thunderstrike->thunderstrike,5,5,100.000000
case_seed_prediction,pass_a,defect_visible,partially,confusion_pair,thunderstrike->thunderstrike,0,5,0.000000
case_seed_prediction,pass_a,defect_visible,no,confusion_pair,thunderstrike->thunderstrike,0,5,0.000000
case_seed_prediction,pass_a,defect_visible,uncertain,confusion_pair,thunderstrike->thunderstrike,0,5,0.000000
case_seed_prediction,pass_a,corruption_obscures_diagnostic_detail,none,method,mobilenet_v3_small,12,27,44.444444
case_seed_prediction,pass_a,corruption_obscures_diagnostic_detail,mild,method,mobilenet_v3_small,12,27,44.444444
case_seed_prediction,pass_a,corruption_obscures_diagnostic_detail,strong,method,mobilenet_v3_small,3,27,11.111111
case_seed_prediction,pass_a,corruption_obscures_diagnostic_detail,uncertain,method,mobilenet_v3_small,0,27,0.000000
case_seed_prediction,pass_a,corruption_obscures_diagnostic_detail,none,method,resnet18,93,153,60.784314
case_seed_prediction,pass_a,corruption_obscures_diagnostic_detail,mild,method,resnet18,36,153,23.529412
case_seed_prediction,pass_a,corruption_obscures_diagnostic_detail,strong,method,resnet18,24,153,15.686275
case_seed_prediction,pass_a,corruption_obscures_diagnostic_detail,uncertain,method,resnet18,0,153,0.000000
case_seed_prediction,pass_a,corruption_obscures_diagnostic_detail,none,corruption_family,brightness,72,102,70.588235
case_seed_prediction,pass_a,corruption_obscures_diagnostic_detail,mild,corruption_family,brightness,18,102,17.647059
case_seed_prediction,pass_a,corruption_obscures_diagnostic_detail,strong,corruption_family,brightness,12,102,11.764706
case_seed_prediction,pass_a,corruption_obscures_diagnostic_detail,uncertain,corruption_family,brightness,0,102,0.000000
case_seed_prediction,pass_a,corruption_obscures_diagnostic_detail,none,corruption_family,clean,9,30,30.000000
case_seed_prediction,pass_a,corruption_obscures_diagnostic_detail,mild,corruption_family,clean,12,30,40.000000
case_seed_prediction,pass_a,corruption_obscures_diagnostic_detail,strong,corruption_family,clean,9,30,30.000000
case_seed_prediction,pass_a,corruption_obscures_diagnostic_detail,uncertain,corruption_family,clean,0,30,0.000000
case_seed_prediction,pass_a,corruption_obscures_diagnostic_detail,none,corruption_family,gaussian_blur,21,39,53.846154
case_seed_prediction,pass_a,corruption_obscures_diagnostic_detail,mild,corruption_family,gaussian_blur,12,39,30.769231
case_seed_prediction,pass_a,corruption_obscures_diagnostic_detail,strong,corruption_family,gaussian_blur,6,39,15.384615
case_seed_prediction,pass_a,corruption_obscures_diagnostic_detail,uncertain,corruption_family,gaussian_blur,0,39,0.000000
case_seed_prediction,pass_a,corruption_obscures_diagnostic_detail,none,corruption_family,jpeg,3,9,33.333333
case_seed_prediction,pass_a,corruption_obscures_diagnostic_detail,mild,corruption_family,jpeg,6,9,66.666667
case_seed_prediction,pass_a,corruption_obscures_diagnostic_detail,strong,corruption_family,jpeg,0,9,0.000000
case_seed_prediction,pass_a,corruption_obscures_diagnostic_detail,uncertain,corruption_family,jpeg,0,9,0.000000
case_seed_prediction,pass_a,corruption_obscures_diagnostic_detail,none,severity,clean,9,30,30.000000
case_seed_prediction,pass_a,corruption_obscures_diagnostic_detail,mild,severity,clean,12,30,40.000000
case_seed_prediction,pass_a,corruption_obscures_diagnostic_detail,strong,severity,clean,9,30,30.000000
case_seed_prediction,pass_a,corruption_obscures_diagnostic_detail,uncertain,severity,clean,0,30,0.000000
case_seed_prediction,pass_a,corruption_obscures_diagnostic_detail,none,severity,mild,9,12,75.000000
case_seed_prediction,pass_a,corruption_obscures_diagnostic_detail,mild,severity,mild,0,12,0.000000
case_seed_prediction,pass_a,corruption_obscures_diagnostic_detail,strong,severity,mild,3,12,25.000000
case_seed_prediction,pass_a,corruption_obscures_diagnostic_detail,uncertain,severity,mild,0,12,0.000000
case_seed_prediction,pass_a,corruption_obscures_diagnostic_detail,none,severity,moderate,3,9,33.333333
case_seed_prediction,pass_a,corruption_obscures_diagnostic_detail,mild,severity,moderate,3,9,33.333333
case_seed_prediction,pass_a,corruption_obscures_diagnostic_detail,strong,severity,moderate,3,9,33.333333
case_seed_prediction,pass_a,corruption_obscures_diagnostic_detail,uncertain,severity,moderate,0,9,0.000000
case_seed_prediction,pass_a,corruption_obscures_diagnostic_detail,none,severity,severe,84,129,65.116279
case_seed_prediction,pass_a,corruption_obscures_diagnostic_detail,mild,severity,severe,33,129,25.581395
case_seed_prediction,pass_a,corruption_obscures_diagnostic_detail,strong,severity,severe,12,129,9.302326
case_seed_prediction,pass_a,corruption_obscures_diagnostic_detail,uncertain,severity,severe,0,129,0.000000
case_seed_prediction,pass_a,corruption_obscures_diagnostic_detail,none,selection_event,beneficial_flip,9,18,50.000000
case_seed_prediction,pass_a,corruption_obscures_diagnostic_detail,mild,selection_event,beneficial_flip,9,18,50.000000
case_seed_prediction,pass_a,corruption_obscures_diagnostic_detail,strong,selection_event,beneficial_flip,0,18,0.000000
case_seed_prediction,pass_a,corruption_obscures_diagnostic_detail,uncertain,selection_event,beneficial_flip,0,18,0.000000
case_seed_prediction,pass_a,corruption_obscures_diagnostic_detail,none,selection_event,clean_consensus_error,9,30,30.000000
case_seed_prediction,pass_a,corruption_obscures_diagnostic_detail,mild,selection_event,clean_consensus_error,12,30,40.000000
case_seed_prediction,pass_a,corruption_obscures_diagnostic_detail,strong,selection_event,clean_consensus_error,9,30,30.000000
case_seed_prediction,pass_a,corruption_obscures_diagnostic_detail,uncertain,selection_event,clean_consensus_error,0,30,0.000000
case_seed_prediction,pass_a,corruption_obscures_diagnostic_detail,none,selection_event,seed_disagreement,18,24,75.000000
case_seed_prediction,pass_a,corruption_obscures_diagnostic_detail,mild,selection_event,seed_disagreement,0,24,0.000000
case_seed_prediction,pass_a,corruption_obscures_diagnostic_detail,strong,selection_event,seed_disagreement,6,24,25.000000
case_seed_prediction,pass_a,corruption_obscures_diagnostic_detail,uncertain,selection_event,seed_disagreement,0,24,0.000000
case_seed_prediction,pass_a,corruption_obscures_diagnostic_detail,none,selection_event,severe_harmful_flip,30,60,50.000000
case_seed_prediction,pass_a,corruption_obscures_diagnostic_detail,mild,selection_event,severe_harmful_flip,18,60,30.000000
case_seed_prediction,pass_a,corruption_obscures_diagnostic_detail,strong,selection_event,severe_harmful_flip,12,60,20.000000
case_seed_prediction,pass_a,corruption_obscures_diagnostic_detail,uncertain,selection_event,severe_harmful_flip,0,60,0.000000
case_seed_prediction,pass_a,corruption_obscures_diagnostic_detail,none,selection_event,severe_stable_correct,24,24,100.000000
case_seed_prediction,pass_a,corruption_obscures_diagnostic_detail,mild,selection_event,severe_stable_correct,0,24,0.000000
case_seed_prediction,pass_a,corruption_obscures_diagnostic_detail,strong,selection_event,severe_stable_correct,0,24,0.000000
case_seed_prediction,pass_a,corruption_obscures_diagnostic_detail,uncertain,selection_event,severe_stable_correct,0,24,0.000000
case_seed_prediction,pass_a,corruption_obscures_diagnostic_detail,none,selection_event,severe_stable_wrong,15,24,62.500000
case_seed_prediction,pass_a,corruption_obscures_diagnostic_detail,mild,selection_event,severe_stable_wrong,9,24,37.500000
case_seed_prediction,pass_a,corruption_obscures_diagnostic_detail,strong,selection_event,severe_stable_wrong,0,24,0.000000
case_seed_prediction,pass_a,corruption_obscures_diagnostic_detail,uncertain,selection_event,severe_stable_wrong,0,24,0.000000
case_seed_prediction,pass_a,corruption_obscures_diagnostic_detail,none,analysis_group,beneficial_flip,9,18,50.000000
case_seed_prediction,pass_a,corruption_obscures_diagnostic_detail,mild,analysis_group,beneficial_flip,9,18,50.000000
case_seed_prediction,pass_a,corruption_obscures_diagnostic_detail,strong,analysis_group,beneficial_flip,0,18,0.000000
case_seed_prediction,pass_a,corruption_obscures_diagnostic_detail,uncertain,analysis_group,beneficial_flip,0,18,0.000000
case_seed_prediction,pass_a,corruption_obscures_diagnostic_detail,none,analysis_group,clean_consensus_error,9,30,30.000000
case_seed_prediction,pass_a,corruption_obscures_diagnostic_detail,mild,analysis_group,clean_consensus_error,12,30,40.000000
case_seed_prediction,pass_a,corruption_obscures_diagnostic_detail,strong,analysis_group,clean_consensus_error,9,30,30.000000
case_seed_prediction,pass_a,corruption_obscures_diagnostic_detail,uncertain,analysis_group,clean_consensus_error,0,30,0.000000
case_seed_prediction,pass_a,corruption_obscures_diagnostic_detail,none,analysis_group,harmful_flip,30,60,50.000000
case_seed_prediction,pass_a,corruption_obscures_diagnostic_detail,mild,analysis_group,harmful_flip,18,60,30.000000
case_seed_prediction,pass_a,corruption_obscures_diagnostic_detail,strong,analysis_group,harmful_flip,12,60,20.000000
case_seed_prediction,pass_a,corruption_obscures_diagnostic_detail,uncertain,analysis_group,harmful_flip,0,60,0.000000
case_seed_prediction,pass_a,corruption_obscures_diagnostic_detail,none,analysis_group,seed_disagreement,18,24,75.000000
case_seed_prediction,pass_a,corruption_obscures_diagnostic_detail,mild,analysis_group,seed_disagreement,0,24,0.000000
case_seed_prediction,pass_a,corruption_obscures_diagnostic_detail,strong,analysis_group,seed_disagreement,6,24,25.000000
case_seed_prediction,pass_a,corruption_obscures_diagnostic_detail,uncertain,analysis_group,seed_disagreement,0,24,0.000000
case_seed_prediction,pass_a,corruption_obscures_diagnostic_detail,none,analysis_group,stable_correct,24,24,100.000000
case_seed_prediction,pass_a,corruption_obscures_diagnostic_detail,mild,analysis_group,stable_correct,0,24,0.000000
case_seed_prediction,pass_a,corruption_obscures_diagnostic_detail,strong,analysis_group,stable_correct,0,24,0.000000
case_seed_prediction,pass_a,corruption_obscures_diagnostic_detail,uncertain,analysis_group,stable_correct,0,24,0.000000
case_seed_prediction,pass_a,corruption_obscures_diagnostic_detail,none,analysis_group,stable_wrong,15,24,62.500000
case_seed_prediction,pass_a,corruption_obscures_diagnostic_detail,mild,analysis_group,stable_wrong,9,24,37.500000
case_seed_prediction,pass_a,corruption_obscures_diagnostic_detail,strong,analysis_group,stable_wrong,0,24,0.000000
case_seed_prediction,pass_a,corruption_obscures_diagnostic_detail,uncertain,analysis_group,stable_wrong,0,24,0.000000
case_seed_prediction,pass_a,corruption_obscures_diagnostic_detail,none,true_label,corrosion,30,45,66.666667
case_seed_prediction,pass_a,corruption_obscures_diagnostic_detail,mild,true_label,corrosion,3,45,6.666667
case_seed_prediction,pass_a,corruption_obscures_diagnostic_detail,strong,true_label,corrosion,12,45,26.666667
case_seed_prediction,pass_a,corruption_obscures_diagnostic_detail,uncertain,true_label,corrosion,0,45,0.000000
case_seed_prediction,pass_a,corruption_obscures_diagnostic_detail,none,true_label,crack,12,21,57.142857
case_seed_prediction,pass_a,corruption_obscures_diagnostic_detail,mild,true_label,crack,6,21,28.571429
case_seed_prediction,pass_a,corruption_obscures_diagnostic_detail,strong,true_label,crack,3,21,14.285714
case_seed_prediction,pass_a,corruption_obscures_diagnostic_detail,uncertain,true_label,crack,0,21,0.000000
case_seed_prediction,pass_a,corruption_obscures_diagnostic_detail,none,true_label,craze,15,36,41.666667
case_seed_prediction,pass_a,corruption_obscures_diagnostic_detail,mild,true_label,craze,12,36,33.333333
case_seed_prediction,pass_a,corruption_obscures_diagnostic_detail,strong,true_label,craze,9,36,25.000000
case_seed_prediction,pass_a,corruption_obscures_diagnostic_detail,uncertain,true_label,craze,0,36,0.000000
case_seed_prediction,pass_a,corruption_obscures_diagnostic_detail,none,true_label,hide_craze,21,27,77.777778
case_seed_prediction,pass_a,corruption_obscures_diagnostic_detail,mild,true_label,hide_craze,6,27,22.222222
case_seed_prediction,pass_a,corruption_obscures_diagnostic_detail,strong,true_label,hide_craze,0,27,0.000000
case_seed_prediction,pass_a,corruption_obscures_diagnostic_detail,uncertain,true_label,hide_craze,0,27,0.000000
case_seed_prediction,pass_a,corruption_obscures_diagnostic_detail,none,true_label,surface_injure,12,36,33.333333
case_seed_prediction,pass_a,corruption_obscures_diagnostic_detail,mild,true_label,surface_injure,21,36,58.333333
case_seed_prediction,pass_a,corruption_obscures_diagnostic_detail,strong,true_label,surface_injure,3,36,8.333333
case_seed_prediction,pass_a,corruption_obscures_diagnostic_detail,uncertain,true_label,surface_injure,0,36,0.000000
case_seed_prediction,pass_a,corruption_obscures_diagnostic_detail,none,true_label,thunderstrike,15,15,100.000000
case_seed_prediction,pass_a,corruption_obscures_diagnostic_detail,mild,true_label,thunderstrike,0,15,0.000000
case_seed_prediction,pass_a,corruption_obscures_diagnostic_detail,strong,true_label,thunderstrike,0,15,0.000000
case_seed_prediction,pass_a,corruption_obscures_diagnostic_detail,uncertain,true_label,thunderstrike,0,15,0.000000
case_seed_prediction,pass_a,corruption_obscures_diagnostic_detail,none,predicted_label,corrosion,20,44,45.454545
case_seed_prediction,pass_a,corruption_obscures_diagnostic_detail,mild,predicted_label,corrosion,16,44,36.363636
case_seed_prediction,pass_a,corruption_obscures_diagnostic_detail,strong,predicted_label,corrosion,8,44,18.181818
case_seed_prediction,pass_a,corruption_obscures_diagnostic_detail,uncertain,predicted_label,corrosion,0,44,0.000000
case_seed_prediction,pass_a,corruption_obscures_diagnostic_detail,none,predicted_label,crack,6,6,100.000000
case_seed_prediction,pass_a,corruption_obscures_diagnostic_detail,mild,predicted_label,crack,0,6,0.000000
case_seed_prediction,pass_a,corruption_obscures_diagnostic_detail,strong,predicted_label,crack,0,6,0.000000
case_seed_prediction,pass_a,corruption_obscures_diagnostic_detail,uncertain,predicted_label,crack,0,6,0.000000
case_seed_prediction,pass_a,corruption_obscures_diagnostic_detail,none,predicted_label,craze,15,26,57.692308
case_seed_prediction,pass_a,corruption_obscures_diagnostic_detail,mild,predicted_label,craze,10,26,38.461538
case_seed_prediction,pass_a,corruption_obscures_diagnostic_detail,strong,predicted_label,craze,1,26,3.846154
case_seed_prediction,pass_a,corruption_obscures_diagnostic_detail,uncertain,predicted_label,craze,0,26,0.000000
case_seed_prediction,pass_a,corruption_obscures_diagnostic_detail,none,predicted_label,hide_craze,25,46,54.347826
case_seed_prediction,pass_a,corruption_obscures_diagnostic_detail,mild,predicted_label,hide_craze,11,46,23.913043
case_seed_prediction,pass_a,corruption_obscures_diagnostic_detail,strong,predicted_label,hide_craze,10,46,21.739130
case_seed_prediction,pass_a,corruption_obscures_diagnostic_detail,uncertain,predicted_label,hide_craze,0,46,0.000000
case_seed_prediction,pass_a,corruption_obscures_diagnostic_detail,none,predicted_label,surface_injure,34,53,64.150943
case_seed_prediction,pass_a,corruption_obscures_diagnostic_detail,mild,predicted_label,surface_injure,11,53,20.754717
case_seed_prediction,pass_a,corruption_obscures_diagnostic_detail,strong,predicted_label,surface_injure,8,53,15.094340
case_seed_prediction,pass_a,corruption_obscures_diagnostic_detail,uncertain,predicted_label,surface_injure,0,53,0.000000
case_seed_prediction,pass_a,corruption_obscures_diagnostic_detail,none,predicted_label,thunderstrike,5,5,100.000000
case_seed_prediction,pass_a,corruption_obscures_diagnostic_detail,mild,predicted_label,thunderstrike,0,5,0.000000
case_seed_prediction,pass_a,corruption_obscures_diagnostic_detail,strong,predicted_label,thunderstrike,0,5,0.000000
case_seed_prediction,pass_a,corruption_obscures_diagnostic_detail,uncertain,predicted_label,thunderstrike,0,5,0.000000
case_seed_prediction,pass_a,corruption_obscures_diagnostic_detail,none,correct,false,65,129,50.387597
case_seed_prediction,pass_a,corruption_obscures_diagnostic_detail,mild,correct,false,38,129,29.457364
case_seed_prediction,pass_a,corruption_obscures_diagnostic_detail,strong,correct,false,26,129,20.155039
case_seed_prediction,pass_a,corruption_obscures_diagnostic_detail,uncertain,correct,false,0,129,0.000000
case_seed_prediction,pass_a,corruption_obscures_diagnostic_detail,none,correct,true,40,51,78.431373
case_seed_prediction,pass_a,corruption_obscures_diagnostic_detail,mild,correct,true,10,51,19.607843
case_seed_prediction,pass_a,corruption_obscures_diagnostic_detail,strong,correct,true,1,51,1.960784
case_seed_prediction,pass_a,corruption_obscures_diagnostic_detail,uncertain,correct,true,0,51,0.000000
case_seed_prediction,pass_a,corruption_obscures_diagnostic_detail,none,event_category,beneficial_flip,9,18,50.000000
case_seed_prediction,pass_a,corruption_obscures_diagnostic_detail,mild,event_category,beneficial_flip,9,18,50.000000
case_seed_prediction,pass_a,corruption_obscures_diagnostic_detail,strong,event_category,beneficial_flip,0,18,0.000000
case_seed_prediction,pass_a,corruption_obscures_diagnostic_detail,uncertain,event_category,beneficial_flip,0,18,0.000000
case_seed_prediction,pass_a,corruption_obscures_diagnostic_detail,none,event_category,clean_only,9,30,30.000000
case_seed_prediction,pass_a,corruption_obscures_diagnostic_detail,mild,event_category,clean_only,12,30,40.000000
case_seed_prediction,pass_a,corruption_obscures_diagnostic_detail,strong,event_category,clean_only,9,30,30.000000
case_seed_prediction,pass_a,corruption_obscures_diagnostic_detail,uncertain,event_category,clean_only,0,30,0.000000
case_seed_prediction,pass_a,corruption_obscures_diagnostic_detail,none,event_category,harmful_flip,38,69,55.072464
case_seed_prediction,pass_a,corruption_obscures_diagnostic_detail,mild,event_category,harmful_flip,18,69,26.086957
case_seed_prediction,pass_a,corruption_obscures_diagnostic_detail,strong,event_category,harmful_flip,13,69,18.840580
case_seed_prediction,pass_a,corruption_obscures_diagnostic_detail,uncertain,event_category,harmful_flip,0,69,0.000000
case_seed_prediction,pass_a,corruption_obscures_diagnostic_detail,none,event_category,stable_correct,31,33,93.939394
case_seed_prediction,pass_a,corruption_obscures_diagnostic_detail,mild,event_category,stable_correct,1,33,3.030303
case_seed_prediction,pass_a,corruption_obscures_diagnostic_detail,strong,event_category,stable_correct,1,33,3.030303
case_seed_prediction,pass_a,corruption_obscures_diagnostic_detail,uncertain,event_category,stable_correct,0,33,0.000000
case_seed_prediction,pass_a,corruption_obscures_diagnostic_detail,none,event_category,stable_wrong,18,30,60.000000
case_seed_prediction,pass_a,corruption_obscures_diagnostic_detail,mild,event_category,stable_wrong,8,30,26.666667
case_seed_prediction,pass_a,corruption_obscures_diagnostic_detail,strong,event_category,stable_wrong,4,30,13.333333
case_seed_prediction,pass_a,corruption_obscures_diagnostic_detail,uncertain,event_category,stable_wrong,0,30,0.000000
case_seed_prediction,pass_a,corruption_obscures_diagnostic_detail,none,confusion_pair,corrosion->corrosion,12,15,80.000000
case_seed_prediction,pass_a,corruption_obscures_diagnostic_detail,mild,confusion_pair,corrosion->corrosion,3,15,20.000000
case_seed_prediction,pass_a,corruption_obscures_diagnostic_detail,strong,confusion_pair,corrosion->corrosion,0,15,0.000000
case_seed_prediction,pass_a,corruption_obscures_diagnostic_detail,uncertain,confusion_pair,corrosion->corrosion,0,15,0.000000
case_seed_prediction,pass_a,corruption_obscures_diagnostic_detail,none,confusion_pair,corrosion->hide_craze,10,17,58.823529
case_seed_prediction,pass_a,corruption_obscures_diagnostic_detail,mild,confusion_pair,corrosion->hide_craze,0,17,0.000000
case_seed_prediction,pass_a,corruption_obscures_diagnostic_detail,strong,confusion_pair,corrosion->hide_craze,7,17,41.176471
case_seed_prediction,pass_a,corruption_obscures_diagnostic_detail,uncertain,confusion_pair,corrosion->hide_craze,0,17,0.000000
case_seed_prediction,pass_a,corruption_obscures_diagnostic_detail,none,confusion_pair,corrosion->surface_injure,8,13,61.538462
case_seed_prediction,pass_a,corruption_obscures_diagnostic_detail,mild,confusion_pair,corrosion->surface_injure,0,13,0.000000
case_seed_prediction,pass_a,corruption_obscures_diagnostic_detail,strong,confusion_pair,corrosion->surface_injure,5,13,38.461538
case_seed_prediction,pass_a,corruption_obscures_diagnostic_detail,uncertain,confusion_pair,corrosion->surface_injure,0,13,0.000000
case_seed_prediction,pass_a,corruption_obscures_diagnostic_detail,none,confusion_pair,crack->corrosion,0,2,0.000000
case_seed_prediction,pass_a,corruption_obscures_diagnostic_detail,mild,confusion_pair,crack->corrosion,1,2,50.000000
case_seed_prediction,pass_a,corruption_obscures_diagnostic_detail,strong,confusion_pair,crack->corrosion,1,2,50.000000
case_seed_prediction,pass_a,corruption_obscures_diagnostic_detail,uncertain,confusion_pair,crack->corrosion,0,2,0.000000
case_seed_prediction,pass_a,corruption_obscures_diagnostic_detail,none,confusion_pair,crack->crack,6,6,100.000000
case_seed_prediction,pass_a,corruption_obscures_diagnostic_detail,mild,confusion_pair,crack->crack,0,6,0.000000
case_seed_prediction,pass_a,corruption_obscures_diagnostic_detail,strong,confusion_pair,crack->crack,0,6,0.000000
case_seed_prediction,pass_a,corruption_obscures_diagnostic_detail,uncertain,confusion_pair,crack->crack,0,6,0.000000
case_seed_prediction,pass_a,corruption_obscures_diagnostic_detail,none,confusion_pair,crack->craze,1,4,25.000000
case_seed_prediction,pass_a,corruption_obscures_diagnostic_detail,mild,confusion_pair,crack->craze,3,4,75.000000
case_seed_prediction,pass_a,corruption_obscures_diagnostic_detail,strong,confusion_pair,crack->craze,0,4,0.000000
case_seed_prediction,pass_a,corruption_obscures_diagnostic_detail,uncertain,confusion_pair,crack->craze,0,4,0.000000
case_seed_prediction,pass_a,corruption_obscures_diagnostic_detail,none,confusion_pair,crack->hide_craze,4,7,57.142857
case_seed_prediction,pass_a,corruption_obscures_diagnostic_detail,mild,confusion_pair,crack->hide_craze,2,7,28.571429
case_seed_prediction,pass_a,corruption_obscures_diagnostic_detail,strong,confusion_pair,crack->hide_craze,1,7,14.285714
case_seed_prediction,pass_a,corruption_obscures_diagnostic_detail,uncertain,confusion_pair,crack->hide_craze,0,7,0.000000
case_seed_prediction,pass_a,corruption_obscures_diagnostic_detail,none,confusion_pair,crack->surface_injure,1,2,50.000000
case_seed_prediction,pass_a,corruption_obscures_diagnostic_detail,mild,confusion_pair,crack->surface_injure,0,2,0.000000
case_seed_prediction,pass_a,corruption_obscures_diagnostic_detail,strong,confusion_pair,crack->surface_injure,1,2,50.000000
case_seed_prediction,pass_a,corruption_obscures_diagnostic_detail,uncertain,confusion_pair,crack->surface_injure,0,2,0.000000
case_seed_prediction,pass_a,corruption_obscures_diagnostic_detail,none,confusion_pair,craze->corrosion,4,14,28.571429
case_seed_prediction,pass_a,corruption_obscures_diagnostic_detail,mild,confusion_pair,craze->corrosion,4,14,28.571429
case_seed_prediction,pass_a,corruption_obscures_diagnostic_detail,strong,confusion_pair,craze->corrosion,6,14,42.857143
case_seed_prediction,pass_a,corruption_obscures_diagnostic_detail,uncertain,confusion_pair,craze->corrosion,0,14,0.000000
case_seed_prediction,pass_a,corruption_obscures_diagnostic_detail,none,confusion_pair,craze->craze,6,8,75.000000
case_seed_prediction,pass_a,corruption_obscures_diagnostic_detail,mild,confusion_pair,craze->craze,1,8,12.500000
case_seed_prediction,pass_a,corruption_obscures_diagnostic_detail,strong,confusion_pair,craze->craze,1,8,12.500000
case_seed_prediction,pass_a,corruption_obscures_diagnostic_detail,uncertain,confusion_pair,craze->craze,0,8,0.000000
case_seed_prediction,pass_a,corruption_obscures_diagnostic_detail,none,confusion_pair,craze->hide_craze,2,7,28.571429
case_seed_prediction,pass_a,corruption_obscures_diagnostic_detail,mild,confusion_pair,craze->hide_craze,5,7,71.428571
case_seed_prediction,pass_a,corruption_obscures_diagnostic_detail,strong,confusion_pair,craze->hide_craze,0,7,0.000000
case_seed_prediction,pass_a,corruption_obscures_diagnostic_detail,uncertain,confusion_pair,craze->hide_craze,0,7,0.000000
case_seed_prediction,pass_a,corruption_obscures_diagnostic_detail,none,confusion_pair,craze->surface_injure,3,7,42.857143
case_seed_prediction,pass_a,corruption_obscures_diagnostic_detail,mild,confusion_pair,craze->surface_injure,2,7,28.571429
case_seed_prediction,pass_a,corruption_obscures_diagnostic_detail,strong,confusion_pair,craze->surface_injure,2,7,28.571429
case_seed_prediction,pass_a,corruption_obscures_diagnostic_detail,uncertain,confusion_pair,craze->surface_injure,0,7,0.000000
case_seed_prediction,pass_a,corruption_obscures_diagnostic_detail,none,confusion_pair,hide_craze->corrosion,1,1,100.000000
case_seed_prediction,pass_a,corruption_obscures_diagnostic_detail,mild,confusion_pair,hide_craze->corrosion,0,1,0.000000
case_seed_prediction,pass_a,corruption_obscures_diagnostic_detail,strong,confusion_pair,hide_craze->corrosion,0,1,0.000000
case_seed_prediction,pass_a,corruption_obscures_diagnostic_detail,uncertain,confusion_pair,hide_craze->corrosion,0,1,0.000000
case_seed_prediction,pass_a,corruption_obscures_diagnostic_detail,none,confusion_pair,hide_craze->craze,0,3,0.000000
case_seed_prediction,pass_a,corruption_obscures_diagnostic_detail,mild,confusion_pair,hide_craze->craze,3,3,100.000000
case_seed_prediction,pass_a,corruption_obscures_diagnostic_detail,strong,confusion_pair,hide_craze->craze,0,3,0.000000
case_seed_prediction,pass_a,corruption_obscures_diagnostic_detail,uncertain,confusion_pair,hide_craze->craze,0,3,0.000000
case_seed_prediction,pass_a,corruption_obscures_diagnostic_detail,none,confusion_pair,hide_craze->hide_craze,7,7,100.000000
case_seed_prediction,pass_a,corruption_obscures_diagnostic_detail,mild,confusion_pair,hide_craze->hide_craze,0,7,0.000000
case_seed_prediction,pass_a,corruption_obscures_diagnostic_detail,strong,confusion_pair,hide_craze->hide_craze,0,7,0.000000
case_seed_prediction,pass_a,corruption_obscures_diagnostic_detail,uncertain,confusion_pair,hide_craze->hide_craze,0,7,0.000000
case_seed_prediction,pass_a,corruption_obscures_diagnostic_detail,none,confusion_pair,hide_craze->surface_injure,13,16,81.250000
case_seed_prediction,pass_a,corruption_obscures_diagnostic_detail,mild,confusion_pair,hide_craze->surface_injure,3,16,18.750000
case_seed_prediction,pass_a,corruption_obscures_diagnostic_detail,strong,confusion_pair,hide_craze->surface_injure,0,16,0.000000
case_seed_prediction,pass_a,corruption_obscures_diagnostic_detail,uncertain,confusion_pair,hide_craze->surface_injure,0,16,0.000000
case_seed_prediction,pass_a,corruption_obscures_diagnostic_detail,none,confusion_pair,surface_injure->corrosion,3,12,25.000000
case_seed_prediction,pass_a,corruption_obscures_diagnostic_detail,mild,confusion_pair,surface_injure->corrosion,8,12,66.666667
case_seed_prediction,pass_a,corruption_obscures_diagnostic_detail,strong,confusion_pair,surface_injure->corrosion,1,12,8.333333
case_seed_prediction,pass_a,corruption_obscures_diagnostic_detail,uncertain,confusion_pair,surface_injure->corrosion,0,12,0.000000
case_seed_prediction,pass_a,corruption_obscures_diagnostic_detail,none,confusion_pair,surface_injure->craze,5,8,62.500000
case_seed_prediction,pass_a,corruption_obscures_diagnostic_detail,mild,confusion_pair,surface_injure->craze,3,8,37.500000
case_seed_prediction,pass_a,corruption_obscures_diagnostic_detail,strong,confusion_pair,surface_injure->craze,0,8,0.000000
case_seed_prediction,pass_a,corruption_obscures_diagnostic_detail,uncertain,confusion_pair,surface_injure->craze,0,8,0.000000
case_seed_prediction,pass_a,corruption_obscures_diagnostic_detail,none,confusion_pair,surface_injure->hide_craze,0,6,0.000000
case_seed_prediction,pass_a,corruption_obscures_diagnostic_detail,mild,confusion_pair,surface_injure->hide_craze,4,6,66.666667
case_seed_prediction,pass_a,corruption_obscures_diagnostic_detail,strong,confusion_pair,surface_injure->hide_craze,2,6,33.333333
case_seed_prediction,pass_a,corruption_obscures_diagnostic_detail,uncertain,confusion_pair,surface_injure->hide_craze,0,6,0.000000
case_seed_prediction,pass_a,corruption_obscures_diagnostic_detail,none,confusion_pair,surface_injure->surface_injure,4,10,40.000000
case_seed_prediction,pass_a,corruption_obscures_diagnostic_detail,mild,confusion_pair,surface_injure->surface_injure,6,10,60.000000
case_seed_prediction,pass_a,corruption_obscures_diagnostic_detail,strong,confusion_pair,surface_injure->surface_injure,0,10,0.000000
case_seed_prediction,pass_a,corruption_obscures_diagnostic_detail,uncertain,confusion_pair,surface_injure->surface_injure,0,10,0.000000
case_seed_prediction,pass_a,corruption_obscures_diagnostic_detail,none,confusion_pair,thunderstrike->craze,3,3,100.000000
case_seed_prediction,pass_a,corruption_obscures_diagnostic_detail,mild,confusion_pair,thunderstrike->craze,0,3,0.000000
case_seed_prediction,pass_a,corruption_obscures_diagnostic_detail,strong,confusion_pair,thunderstrike->craze,0,3,0.000000
case_seed_prediction,pass_a,corruption_obscures_diagnostic_detail,uncertain,confusion_pair,thunderstrike->craze,0,3,0.000000
case_seed_prediction,pass_a,corruption_obscures_diagnostic_detail,none,confusion_pair,thunderstrike->hide_craze,2,2,100.000000
case_seed_prediction,pass_a,corruption_obscures_diagnostic_detail,mild,confusion_pair,thunderstrike->hide_craze,0,2,0.000000
case_seed_prediction,pass_a,corruption_obscures_diagnostic_detail,strong,confusion_pair,thunderstrike->hide_craze,0,2,0.000000
case_seed_prediction,pass_a,corruption_obscures_diagnostic_detail,uncertain,confusion_pair,thunderstrike->hide_craze,0,2,0.000000
case_seed_prediction,pass_a,corruption_obscures_diagnostic_detail,none,confusion_pair,thunderstrike->surface_injure,5,5,100.000000
case_seed_prediction,pass_a,corruption_obscures_diagnostic_detail,mild,confusion_pair,thunderstrike->surface_injure,0,5,0.000000
case_seed_prediction,pass_a,corruption_obscures_diagnostic_detail,strong,confusion_pair,thunderstrike->surface_injure,0,5,0.000000
case_seed_prediction,pass_a,corruption_obscures_diagnostic_detail,uncertain,confusion_pair,thunderstrike->surface_injure,0,5,0.000000
case_seed_prediction,pass_a,corruption_obscures_diagnostic_detail,none,confusion_pair,thunderstrike->thunderstrike,5,5,100.000000
case_seed_prediction,pass_a,corruption_obscures_diagnostic_detail,mild,confusion_pair,thunderstrike->thunderstrike,0,5,0.000000
case_seed_prediction,pass_a,corruption_obscures_diagnostic_detail,strong,confusion_pair,thunderstrike->thunderstrike,0,5,0.000000
case_seed_prediction,pass_a,corruption_obscures_diagnostic_detail,uncertain,confusion_pair,thunderstrike->thunderstrike,0,5,0.000000
case_seed_prediction,pass_a,dataset_label_visually_plausible,yes,method,mobilenet_v3_small,24,27,88.888889
case_seed_prediction,pass_a,dataset_label_visually_plausible,no,method,mobilenet_v3_small,0,27,0.000000
case_seed_prediction,pass_a,dataset_label_visually_plausible,uncertain,method,mobilenet_v3_small,3,27,11.111111
case_seed_prediction,pass_a,dataset_label_visually_plausible,yes,method,resnet18,129,153,84.313725
case_seed_prediction,pass_a,dataset_label_visually_plausible,no,method,resnet18,3,153,1.960784
case_seed_prediction,pass_a,dataset_label_visually_plausible,uncertain,method,resnet18,21,153,13.725490
case_seed_prediction,pass_a,dataset_label_visually_plausible,yes,corruption_family,brightness,81,102,79.411765
case_seed_prediction,pass_a,dataset_label_visually_plausible,no,corruption_family,brightness,0,102,0.000000
case_seed_prediction,pass_a,dataset_label_visually_plausible,uncertain,corruption_family,brightness,21,102,20.588235
case_seed_prediction,pass_a,dataset_label_visually_plausible,yes,corruption_family,clean,30,30,100.000000
case_seed_prediction,pass_a,dataset_label_visually_plausible,no,corruption_family,clean,0,30,0.000000
case_seed_prediction,pass_a,dataset_label_visually_plausible,uncertain,corruption_family,clean,0,30,0.000000
case_seed_prediction,pass_a,dataset_label_visually_plausible,yes,corruption_family,gaussian_blur,36,39,92.307692
case_seed_prediction,pass_a,dataset_label_visually_plausible,no,corruption_family,gaussian_blur,3,39,7.692308
case_seed_prediction,pass_a,dataset_label_visually_plausible,uncertain,corruption_family,gaussian_blur,0,39,0.000000
case_seed_prediction,pass_a,dataset_label_visually_plausible,yes,corruption_family,jpeg,6,9,66.666667
case_seed_prediction,pass_a,dataset_label_visually_plausible,no,corruption_family,jpeg,0,9,0.000000
case_seed_prediction,pass_a,dataset_label_visually_plausible,uncertain,corruption_family,jpeg,3,9,33.333333
case_seed_prediction,pass_a,dataset_label_visually_plausible,yes,severity,clean,30,30,100.000000
case_seed_prediction,pass_a,dataset_label_visually_plausible,no,severity,clean,0,30,0.000000
case_seed_prediction,pass_a,dataset_label_visually_plausible,uncertain,severity,clean,0,30,0.000000
case_seed_prediction,pass_a,dataset_label_visually_plausible,yes,severity,mild,9,12,75.000000
case_seed_prediction,pass_a,dataset_label_visually_plausible,no,severity,mild,0,12,0.000000
case_seed_prediction,pass_a,dataset_label_visually_plausible,uncertain,severity,mild,3,12,25.000000
case_seed_prediction,pass_a,dataset_label_visually_plausible,yes,severity,moderate,6,9,66.666667
case_seed_prediction,pass_a,dataset_label_visually_plausible,no,severity,moderate,0,9,0.000000
case_seed_prediction,pass_a,dataset_label_visually_plausible,uncertain,severity,moderate,3,9,33.333333
case_seed_prediction,pass_a,dataset_label_visually_plausible,yes,severity,severe,108,129,83.720930
case_seed_prediction,pass_a,dataset_label_visually_plausible,no,severity,severe,3,129,2.325581
case_seed_prediction,pass_a,dataset_label_visually_plausible,uncertain,severity,severe,18,129,13.953488
case_seed_prediction,pass_a,dataset_label_visually_plausible,yes,selection_event,beneficial_flip,18,18,100.000000
case_seed_prediction,pass_a,dataset_label_visually_plausible,no,selection_event,beneficial_flip,0,18,0.000000
case_seed_prediction,pass_a,dataset_label_visually_plausible,uncertain,selection_event,beneficial_flip,0,18,0.000000
case_seed_prediction,pass_a,dataset_label_visually_plausible,yes,selection_event,clean_consensus_error,30,30,100.000000
case_seed_prediction,pass_a,dataset_label_visually_plausible,no,selection_event,clean_consensus_error,0,30,0.000000
case_seed_prediction,pass_a,dataset_label_visually_plausible,uncertain,selection_event,clean_consensus_error,0,30,0.000000
case_seed_prediction,pass_a,dataset_label_visually_plausible,yes,selection_event,seed_disagreement,18,24,75.000000
case_seed_prediction,pass_a,dataset_label_visually_plausible,no,selection_event,seed_disagreement,0,24,0.000000
case_seed_prediction,pass_a,dataset_label_visually_plausible,uncertain,selection_event,seed_disagreement,6,24,25.000000
case_seed_prediction,pass_a,dataset_label_visually_plausible,yes,selection_event,severe_harmful_flip,48,60,80.000000
case_seed_prediction,pass_a,dataset_label_visually_plausible,no,selection_event,severe_harmful_flip,3,60,5.000000
case_seed_prediction,pass_a,dataset_label_visually_plausible,uncertain,selection_event,severe_harmful_flip,9,60,15.000000
case_seed_prediction,pass_a,dataset_label_visually_plausible,yes,selection_event,severe_stable_correct,21,24,87.500000
case_seed_prediction,pass_a,dataset_label_visually_plausible,no,selection_event,severe_stable_correct,0,24,0.000000
case_seed_prediction,pass_a,dataset_label_visually_plausible,uncertain,selection_event,severe_stable_correct,3,24,12.500000
case_seed_prediction,pass_a,dataset_label_visually_plausible,yes,selection_event,severe_stable_wrong,18,24,75.000000
case_seed_prediction,pass_a,dataset_label_visually_plausible,no,selection_event,severe_stable_wrong,0,24,0.000000
case_seed_prediction,pass_a,dataset_label_visually_plausible,uncertain,selection_event,severe_stable_wrong,6,24,25.000000
case_seed_prediction,pass_a,dataset_label_visually_plausible,yes,analysis_group,beneficial_flip,18,18,100.000000
case_seed_prediction,pass_a,dataset_label_visually_plausible,no,analysis_group,beneficial_flip,0,18,0.000000
case_seed_prediction,pass_a,dataset_label_visually_plausible,uncertain,analysis_group,beneficial_flip,0,18,0.000000
case_seed_prediction,pass_a,dataset_label_visually_plausible,yes,analysis_group,clean_consensus_error,30,30,100.000000
case_seed_prediction,pass_a,dataset_label_visually_plausible,no,analysis_group,clean_consensus_error,0,30,0.000000
case_seed_prediction,pass_a,dataset_label_visually_plausible,uncertain,analysis_group,clean_consensus_error,0,30,0.000000
case_seed_prediction,pass_a,dataset_label_visually_plausible,yes,analysis_group,harmful_flip,48,60,80.000000
case_seed_prediction,pass_a,dataset_label_visually_plausible,no,analysis_group,harmful_flip,3,60,5.000000
case_seed_prediction,pass_a,dataset_label_visually_plausible,uncertain,analysis_group,harmful_flip,9,60,15.000000
case_seed_prediction,pass_a,dataset_label_visually_plausible,yes,analysis_group,seed_disagreement,18,24,75.000000
case_seed_prediction,pass_a,dataset_label_visually_plausible,no,analysis_group,seed_disagreement,0,24,0.000000
case_seed_prediction,pass_a,dataset_label_visually_plausible,uncertain,analysis_group,seed_disagreement,6,24,25.000000
case_seed_prediction,pass_a,dataset_label_visually_plausible,yes,analysis_group,stable_correct,21,24,87.500000
case_seed_prediction,pass_a,dataset_label_visually_plausible,no,analysis_group,stable_correct,0,24,0.000000
case_seed_prediction,pass_a,dataset_label_visually_plausible,uncertain,analysis_group,stable_correct,3,24,12.500000
case_seed_prediction,pass_a,dataset_label_visually_plausible,yes,analysis_group,stable_wrong,18,24,75.000000
case_seed_prediction,pass_a,dataset_label_visually_plausible,no,analysis_group,stable_wrong,0,24,0.000000
case_seed_prediction,pass_a,dataset_label_visually_plausible,uncertain,analysis_group,stable_wrong,6,24,25.000000
case_seed_prediction,pass_a,dataset_label_visually_plausible,yes,true_label,corrosion,45,45,100.000000
case_seed_prediction,pass_a,dataset_label_visually_plausible,no,true_label,corrosion,0,45,0.000000
case_seed_prediction,pass_a,dataset_label_visually_plausible,uncertain,true_label,corrosion,0,45,0.000000
case_seed_prediction,pass_a,dataset_label_visually_plausible,yes,true_label,crack,18,21,85.714286
case_seed_prediction,pass_a,dataset_label_visually_plausible,no,true_label,crack,0,21,0.000000
case_seed_prediction,pass_a,dataset_label_visually_plausible,uncertain,true_label,crack,3,21,14.285714
case_seed_prediction,pass_a,dataset_label_visually_plausible,yes,true_label,craze,24,36,66.666667
case_seed_prediction,pass_a,dataset_label_visually_plausible,no,true_label,craze,0,36,0.000000
case_seed_prediction,pass_a,dataset_label_visually_plausible,uncertain,true_label,craze,12,36,33.333333
case_seed_prediction,pass_a,dataset_label_visually_plausible,yes,true_label,hide_craze,24,27,88.888889
case_seed_prediction,pass_a,dataset_label_visually_plausible,no,true_label,hide_craze,3,27,11.111111
case_seed_prediction,pass_a,dataset_label_visually_plausible,uncertain,true_label,hide_craze,0,27,0.000000
case_seed_prediction,pass_a,dataset_label_visually_plausible,yes,true_label,surface_injure,27,36,75.000000
case_seed_prediction,pass_a,dataset_label_visually_plausible,no,true_label,surface_injure,0,36,0.000000
case_seed_prediction,pass_a,dataset_label_visually_plausible,uncertain,true_label,surface_injure,9,36,25.000000
case_seed_prediction,pass_a,dataset_label_visually_plausible,yes,true_label,thunderstrike,15,15,100.000000
case_seed_prediction,pass_a,dataset_label_visually_plausible,no,true_label,thunderstrike,0,15,0.000000
case_seed_prediction,pass_a,dataset_label_visually_plausible,uncertain,true_label,thunderstrike,0,15,0.000000
case_seed_prediction,pass_a,dataset_label_visually_plausible,yes,predicted_label,corrosion,33,44,75.000000
case_seed_prediction,pass_a,dataset_label_visually_plausible,no,predicted_label,corrosion,0,44,0.000000
case_seed_prediction,pass_a,dataset_label_visually_plausible,uncertain,predicted_label,corrosion,11,44,25.000000
case_seed_prediction,pass_a,dataset_label_visually_plausible,yes,predicted_label,crack,6,6,100.000000
case_seed_prediction,pass_a,dataset_label_visually_plausible,no,predicted_label,crack,0,6,0.000000
case_seed_prediction,pass_a,dataset_label_visually_plausible,uncertain,predicted_label,crack,0,6,0.000000
case_seed_prediction,pass_a,dataset_label_visually_plausible,yes,predicted_label,craze,24,26,92.307692
case_seed_prediction,pass_a,dataset_label_visually_plausible,no,predicted_label,craze,0,26,0.000000
case_seed_prediction,pass_a,dataset_label_visually_plausible,uncertain,predicted_label,craze,2,26,7.692308
case_seed_prediction,pass_a,dataset_label_visually_plausible,yes,predicted_label,hide_craze,41,46,89.130435
case_seed_prediction,pass_a,dataset_label_visually_plausible,no,predicted_label,hide_craze,0,46,0.000000
case_seed_prediction,pass_a,dataset_label_visually_plausible,uncertain,predicted_label,hide_craze,5,46,10.869565
case_seed_prediction,pass_a,dataset_label_visually_plausible,yes,predicted_label,surface_injure,44,53,83.018868
case_seed_prediction,pass_a,dataset_label_visually_plausible,no,predicted_label,surface_injure,3,53,5.660377
case_seed_prediction,pass_a,dataset_label_visually_plausible,uncertain,predicted_label,surface_injure,6,53,11.320755
case_seed_prediction,pass_a,dataset_label_visually_plausible,yes,predicted_label,thunderstrike,5,5,100.000000
case_seed_prediction,pass_a,dataset_label_visually_plausible,no,predicted_label,thunderstrike,0,5,0.000000
case_seed_prediction,pass_a,dataset_label_visually_plausible,uncertain,predicted_label,thunderstrike,0,5,0.000000
case_seed_prediction,pass_a,dataset_label_visually_plausible,yes,correct,false,107,129,82.945736
case_seed_prediction,pass_a,dataset_label_visually_plausible,no,correct,false,3,129,2.325581
case_seed_prediction,pass_a,dataset_label_visually_plausible,uncertain,correct,false,19,129,14.728682
case_seed_prediction,pass_a,dataset_label_visually_plausible,yes,correct,true,46,51,90.196078
case_seed_prediction,pass_a,dataset_label_visually_plausible,no,correct,true,0,51,0.000000
case_seed_prediction,pass_a,dataset_label_visually_plausible,uncertain,correct,true,5,51,9.803922
case_seed_prediction,pass_a,dataset_label_visually_plausible,yes,event_category,beneficial_flip,18,18,100.000000
case_seed_prediction,pass_a,dataset_label_visually_plausible,no,event_category,beneficial_flip,0,18,0.000000
case_seed_prediction,pass_a,dataset_label_visually_plausible,uncertain,event_category,beneficial_flip,0,18,0.000000
case_seed_prediction,pass_a,dataset_label_visually_plausible,yes,event_category,clean_only,30,30,100.000000
case_seed_prediction,pass_a,dataset_label_visually_plausible,no,event_category,clean_only,0,30,0.000000
case_seed_prediction,pass_a,dataset_label_visually_plausible,uncertain,event_category,clean_only,0,30,0.000000
case_seed_prediction,pass_a,dataset_label_visually_plausible,yes,event_category,harmful_flip,56,69,81.159420
case_seed_prediction,pass_a,dataset_label_visually_plausible,no,event_category,harmful_flip,3,69,4.347826
case_seed_prediction,pass_a,dataset_label_visually_plausible,uncertain,event_category,harmful_flip,10,69,14.492754
case_seed_prediction,pass_a,dataset_label_visually_plausible,yes,event_category,stable_correct,28,33,84.848485
case_seed_prediction,pass_a,dataset_label_visually_plausible,no,event_category,stable_correct,0,33,0.000000
case_seed_prediction,pass_a,dataset_label_visually_plausible,uncertain,event_category,stable_correct,5,33,15.151515
case_seed_prediction,pass_a,dataset_label_visually_plausible,yes,event_category,stable_wrong,21,30,70.000000
case_seed_prediction,pass_a,dataset_label_visually_plausible,no,event_category,stable_wrong,0,30,0.000000
case_seed_prediction,pass_a,dataset_label_visually_plausible,uncertain,event_category,stable_wrong,9,30,30.000000
case_seed_prediction,pass_a,dataset_label_visually_plausible,yes,confusion_pair,corrosion->corrosion,15,15,100.000000
case_seed_prediction,pass_a,dataset_label_visually_plausible,no,confusion_pair,corrosion->corrosion,0,15,0.000000
case_seed_prediction,pass_a,dataset_label_visually_plausible,uncertain,confusion_pair,corrosion->corrosion,0,15,0.000000
case_seed_prediction,pass_a,dataset_label_visually_plausible,yes,confusion_pair,corrosion->hide_craze,17,17,100.000000
case_seed_prediction,pass_a,dataset_label_visually_plausible,no,confusion_pair,corrosion->hide_craze,0,17,0.000000
case_seed_prediction,pass_a,dataset_label_visually_plausible,uncertain,confusion_pair,corrosion->hide_craze,0,17,0.000000
case_seed_prediction,pass_a,dataset_label_visually_plausible,yes,confusion_pair,corrosion->surface_injure,13,13,100.000000
case_seed_prediction,pass_a,dataset_label_visually_plausible,no,confusion_pair,corrosion->surface_injure,0,13,0.000000
case_seed_prediction,pass_a,dataset_label_visually_plausible,uncertain,confusion_pair,corrosion->surface_injure,0,13,0.000000
case_seed_prediction,pass_a,dataset_label_visually_plausible,yes,confusion_pair,crack->corrosion,1,2,50.000000
case_seed_prediction,pass_a,dataset_label_visually_plausible,no,confusion_pair,crack->corrosion,0,2,0.000000
case_seed_prediction,pass_a,dataset_label_visually_plausible,uncertain,confusion_pair,crack->corrosion,1,2,50.000000
case_seed_prediction,pass_a,dataset_label_visually_plausible,yes,confusion_pair,crack->crack,6,6,100.000000
case_seed_prediction,pass_a,dataset_label_visually_plausible,no,confusion_pair,crack->crack,0,6,0.000000
case_seed_prediction,pass_a,dataset_label_visually_plausible,uncertain,confusion_pair,crack->crack,0,6,0.000000
case_seed_prediction,pass_a,dataset_label_visually_plausible,yes,confusion_pair,crack->craze,4,4,100.000000
case_seed_prediction,pass_a,dataset_label_visually_plausible,no,confusion_pair,crack->craze,0,4,0.000000
case_seed_prediction,pass_a,dataset_label_visually_plausible,uncertain,confusion_pair,crack->craze,0,4,0.000000
case_seed_prediction,pass_a,dataset_label_visually_plausible,yes,confusion_pair,crack->hide_craze,6,7,85.714286
case_seed_prediction,pass_a,dataset_label_visually_plausible,no,confusion_pair,crack->hide_craze,0,7,0.000000
case_seed_prediction,pass_a,dataset_label_visually_plausible,uncertain,confusion_pair,crack->hide_craze,1,7,14.285714
case_seed_prediction,pass_a,dataset_label_visually_plausible,yes,confusion_pair,crack->surface_injure,1,2,50.000000
case_seed_prediction,pass_a,dataset_label_visually_plausible,no,confusion_pair,crack->surface_injure,0,2,0.000000
case_seed_prediction,pass_a,dataset_label_visually_plausible,uncertain,confusion_pair,crack->surface_injure,1,2,50.000000
case_seed_prediction,pass_a,dataset_label_visually_plausible,yes,confusion_pair,craze->corrosion,6,14,42.857143
case_seed_prediction,pass_a,dataset_label_visually_plausible,no,confusion_pair,craze->corrosion,0,14,0.000000
case_seed_prediction,pass_a,dataset_label_visually_plausible,uncertain,confusion_pair,craze->corrosion,8,14,57.142857
case_seed_prediction,pass_a,dataset_label_visually_plausible,yes,confusion_pair,craze->craze,6,8,75.000000
case_seed_prediction,pass_a,dataset_label_visually_plausible,no,confusion_pair,craze->craze,0,8,0.000000
case_seed_prediction,pass_a,dataset_label_visually_plausible,uncertain,confusion_pair,craze->craze,2,8,25.000000
case_seed_prediction,pass_a,dataset_label_visually_plausible,yes,confusion_pair,craze->hide_craze,7,7,100.000000
case_seed_prediction,pass_a,dataset_label_visually_plausible,no,confusion_pair,craze->hide_craze,0,7,0.000000
case_seed_prediction,pass_a,dataset_label_visually_plausible,uncertain,confusion_pair,craze->hide_craze,0,7,0.000000
case_seed_prediction,pass_a,dataset_label_visually_plausible,yes,confusion_pair,craze->surface_injure,5,7,71.428571
case_seed_prediction,pass_a,dataset_label_visually_plausible,no,confusion_pair,craze->surface_injure,0,7,0.000000
case_seed_prediction,pass_a,dataset_label_visually_plausible,uncertain,confusion_pair,craze->surface_injure,2,7,28.571429
case_seed_prediction,pass_a,dataset_label_visually_plausible,yes,confusion_pair,hide_craze->corrosion,1,1,100.000000
case_seed_prediction,pass_a,dataset_label_visually_plausible,no,confusion_pair,hide_craze->corrosion,0,1,0.000000
case_seed_prediction,pass_a,dataset_label_visually_plausible,uncertain,confusion_pair,hide_craze->corrosion,0,1,0.000000
case_seed_prediction,pass_a,dataset_label_visually_plausible,yes,confusion_pair,hide_craze->craze,3,3,100.000000
case_seed_prediction,pass_a,dataset_label_visually_plausible,no,confusion_pair,hide_craze->craze,0,3,0.000000
case_seed_prediction,pass_a,dataset_label_visually_plausible,uncertain,confusion_pair,hide_craze->craze,0,3,0.000000
case_seed_prediction,pass_a,dataset_label_visually_plausible,yes,confusion_pair,hide_craze->hide_craze,7,7,100.000000
case_seed_prediction,pass_a,dataset_label_visually_plausible,no,confusion_pair,hide_craze->hide_craze,0,7,0.000000
case_seed_prediction,pass_a,dataset_label_visually_plausible,uncertain,confusion_pair,hide_craze->hide_craze,0,7,0.000000
case_seed_prediction,pass_a,dataset_label_visually_plausible,yes,confusion_pair,hide_craze->surface_injure,13,16,81.250000
case_seed_prediction,pass_a,dataset_label_visually_plausible,no,confusion_pair,hide_craze->surface_injure,3,16,18.750000
case_seed_prediction,pass_a,dataset_label_visually_plausible,uncertain,confusion_pair,hide_craze->surface_injure,0,16,0.000000
case_seed_prediction,pass_a,dataset_label_visually_plausible,yes,confusion_pair,surface_injure->corrosion,10,12,83.333333
case_seed_prediction,pass_a,dataset_label_visually_plausible,no,confusion_pair,surface_injure->corrosion,0,12,0.000000
case_seed_prediction,pass_a,dataset_label_visually_plausible,uncertain,confusion_pair,surface_injure->corrosion,2,12,16.666667
case_seed_prediction,pass_a,dataset_label_visually_plausible,yes,confusion_pair,surface_injure->craze,8,8,100.000000
case_seed_prediction,pass_a,dataset_label_visually_plausible,no,confusion_pair,surface_injure->craze,0,8,0.000000
case_seed_prediction,pass_a,dataset_label_visually_plausible,uncertain,confusion_pair,surface_injure->craze,0,8,0.000000
case_seed_prediction,pass_a,dataset_label_visually_plausible,yes,confusion_pair,surface_injure->hide_craze,2,6,33.333333
case_seed_prediction,pass_a,dataset_label_visually_plausible,no,confusion_pair,surface_injure->hide_craze,0,6,0.000000
case_seed_prediction,pass_a,dataset_label_visually_plausible,uncertain,confusion_pair,surface_injure->hide_craze,4,6,66.666667
case_seed_prediction,pass_a,dataset_label_visually_plausible,yes,confusion_pair,surface_injure->surface_injure,7,10,70.000000
case_seed_prediction,pass_a,dataset_label_visually_plausible,no,confusion_pair,surface_injure->surface_injure,0,10,0.000000
case_seed_prediction,pass_a,dataset_label_visually_plausible,uncertain,confusion_pair,surface_injure->surface_injure,3,10,30.000000
case_seed_prediction,pass_a,dataset_label_visually_plausible,yes,confusion_pair,thunderstrike->craze,3,3,100.000000
case_seed_prediction,pass_a,dataset_label_visually_plausible,no,confusion_pair,thunderstrike->craze,0,3,0.000000
case_seed_prediction,pass_a,dataset_label_visually_plausible,uncertain,confusion_pair,thunderstrike->craze,0,3,0.000000
case_seed_prediction,pass_a,dataset_label_visually_plausible,yes,confusion_pair,thunderstrike->hide_craze,2,2,100.000000
case_seed_prediction,pass_a,dataset_label_visually_plausible,no,confusion_pair,thunderstrike->hide_craze,0,2,0.000000
case_seed_prediction,pass_a,dataset_label_visually_plausible,uncertain,confusion_pair,thunderstrike->hide_craze,0,2,0.000000
case_seed_prediction,pass_a,dataset_label_visually_plausible,yes,confusion_pair,thunderstrike->surface_injure,5,5,100.000000
case_seed_prediction,pass_a,dataset_label_visually_plausible,no,confusion_pair,thunderstrike->surface_injure,0,5,0.000000
case_seed_prediction,pass_a,dataset_label_visually_plausible,uncertain,confusion_pair,thunderstrike->surface_injure,0,5,0.000000
case_seed_prediction,pass_a,dataset_label_visually_plausible,yes,confusion_pair,thunderstrike->thunderstrike,5,5,100.000000
case_seed_prediction,pass_a,dataset_label_visually_plausible,no,confusion_pair,thunderstrike->thunderstrike,0,5,0.000000
case_seed_prediction,pass_a,dataset_label_visually_plausible,uncertain,confusion_pair,thunderstrike->thunderstrike,0,5,0.000000
case_seed_prediction,pass_a,visually_ambiguous_between_categories,yes,method,mobilenet_v3_small,6,27,22.222222
case_seed_prediction,pass_a,visually_ambiguous_between_categories,no,method,mobilenet_v3_small,18,27,66.666667
case_seed_prediction,pass_a,visually_ambiguous_between_categories,uncertain,method,mobilenet_v3_small,3,27,11.111111
case_seed_prediction,pass_a,visually_ambiguous_between_categories,yes,method,resnet18,30,153,19.607843
case_seed_prediction,pass_a,visually_ambiguous_between_categories,no,method,resnet18,114,153,74.509804
case_seed_prediction,pass_a,visually_ambiguous_between_categories,uncertain,method,resnet18,9,153,5.882353
case_seed_prediction,pass_a,visually_ambiguous_between_categories,yes,corruption_family,brightness,21,102,20.588235
case_seed_prediction,pass_a,visually_ambiguous_between_categories,no,corruption_family,brightness,78,102,76.470588
case_seed_prediction,pass_a,visually_ambiguous_between_categories,uncertain,corruption_family,brightness,3,102,2.941176
case_seed_prediction,pass_a,visually_ambiguous_between_categories,yes,corruption_family,clean,0,30,0.000000
case_seed_prediction,pass_a,visually_ambiguous_between_categories,no,corruption_family,clean,21,30,70.000000
case_seed_prediction,pass_a,visually_ambiguous_between_categories,uncertain,corruption_family,clean,9,30,30.000000
case_seed_prediction,pass_a,visually_ambiguous_between_categories,yes,corruption_family,gaussian_blur,9,39,23.076923
case_seed_prediction,pass_a,visually_ambiguous_between_categories,no,corruption_family,gaussian_blur,30,39,76.923077
case_seed_prediction,pass_a,visually_ambiguous_between_categories,uncertain,corruption_family,gaussian_blur,0,39,0.000000
case_seed_prediction,pass_a,visually_ambiguous_between_categories,yes,corruption_family,jpeg,6,9,66.666667
case_seed_prediction,pass_a,visually_ambiguous_between_categories,no,corruption_family,jpeg,3,9,33.333333
case_seed_prediction,pass_a,visually_ambiguous_between_categories,uncertain,corruption_family,jpeg,0,9,0.000000
case_seed_prediction,pass_a,visually_ambiguous_between_categories,yes,severity,clean,0,30,0.000000
case_seed_prediction,pass_a,visually_ambiguous_between_categories,no,severity,clean,21,30,70.000000
case_seed_prediction,pass_a,visually_ambiguous_between_categories,uncertain,severity,clean,9,30,30.000000
case_seed_prediction,pass_a,visually_ambiguous_between_categories,yes,severity,mild,3,12,25.000000
case_seed_prediction,pass_a,visually_ambiguous_between_categories,no,severity,mild,9,12,75.000000
case_seed_prediction,pass_a,visually_ambiguous_between_categories,uncertain,severity,mild,0,12,0.000000
case_seed_prediction,pass_a,visually_ambiguous_between_categories,yes,severity,moderate,6,9,66.666667
case_seed_prediction,pass_a,visually_ambiguous_between_categories,no,severity,moderate,3,9,33.333333
case_seed_prediction,pass_a,visually_ambiguous_between_categories,uncertain,severity,moderate,0,9,0.000000
case_seed_prediction,pass_a,visually_ambiguous_between_categories,yes,severity,severe,27,129,20.930233
case_seed_prediction,pass_a,visually_ambiguous_between_categories,no,severity,severe,99,129,76.744186
case_seed_prediction,pass_a,visually_ambiguous_between_categories,uncertain,severity,severe,3,129,2.325581
case_seed_prediction,pass_a,visually_ambiguous_between_categories,yes,selection_event,beneficial_flip,9,18,50.000000
case_seed_prediction,pass_a,visually_ambiguous_between_categories,no,selection_event,beneficial_flip,9,18,50.000000
case_seed_prediction,pass_a,visually_ambiguous_between_categories,uncertain,selection_event,beneficial_flip,0,18,0.000000
case_seed_prediction,pass_a,visually_ambiguous_between_categories,yes,selection_event,clean_consensus_error,0,30,0.000000
case_seed_prediction,pass_a,visually_ambiguous_between_categories,no,selection_event,clean_consensus_error,21,30,70.000000
case_seed_prediction,pass_a,visually_ambiguous_between_categories,uncertain,selection_event,clean_consensus_error,9,30,30.000000
case_seed_prediction,pass_a,visually_ambiguous_between_categories,yes,selection_event,seed_disagreement,6,24,25.000000
case_seed_prediction,pass_a,visually_ambiguous_between_categories,no,selection_event,seed_disagreement,18,24,75.000000
case_seed_prediction,pass_a,visually_ambiguous_between_categories,uncertain,selection_event,seed_disagreement,0,24,0.000000
case_seed_prediction,pass_a,visually_ambiguous_between_categories,yes,selection_event,severe_harmful_flip,6,60,10.000000
case_seed_prediction,pass_a,visually_ambiguous_between_categories,no,selection_event,severe_harmful_flip,51,60,85.000000
case_seed_prediction,pass_a,visually_ambiguous_between_categories,uncertain,selection_event,severe_harmful_flip,3,60,5.000000
case_seed_prediction,pass_a,visually_ambiguous_between_categories,yes,selection_event,severe_stable_correct,3,24,12.500000
case_seed_prediction,pass_a,visually_ambiguous_between_categories,no,selection_event,severe_stable_correct,21,24,87.500000
case_seed_prediction,pass_a,visually_ambiguous_between_categories,uncertain,selection_event,severe_stable_correct,0,24,0.000000
case_seed_prediction,pass_a,visually_ambiguous_between_categories,yes,selection_event,severe_stable_wrong,12,24,50.000000
case_seed_prediction,pass_a,visually_ambiguous_between_categories,no,selection_event,severe_stable_wrong,12,24,50.000000
case_seed_prediction,pass_a,visually_ambiguous_between_categories,uncertain,selection_event,severe_stable_wrong,0,24,0.000000
case_seed_prediction,pass_a,visually_ambiguous_between_categories,yes,analysis_group,beneficial_flip,9,18,50.000000
case_seed_prediction,pass_a,visually_ambiguous_between_categories,no,analysis_group,beneficial_flip,9,18,50.000000
case_seed_prediction,pass_a,visually_ambiguous_between_categories,uncertain,analysis_group,beneficial_flip,0,18,0.000000
case_seed_prediction,pass_a,visually_ambiguous_between_categories,yes,analysis_group,clean_consensus_error,0,30,0.000000
case_seed_prediction,pass_a,visually_ambiguous_between_categories,no,analysis_group,clean_consensus_error,21,30,70.000000
case_seed_prediction,pass_a,visually_ambiguous_between_categories,uncertain,analysis_group,clean_consensus_error,9,30,30.000000
case_seed_prediction,pass_a,visually_ambiguous_between_categories,yes,analysis_group,harmful_flip,6,60,10.000000
case_seed_prediction,pass_a,visually_ambiguous_between_categories,no,analysis_group,harmful_flip,51,60,85.000000
case_seed_prediction,pass_a,visually_ambiguous_between_categories,uncertain,analysis_group,harmful_flip,3,60,5.000000
case_seed_prediction,pass_a,visually_ambiguous_between_categories,yes,analysis_group,seed_disagreement,6,24,25.000000
case_seed_prediction,pass_a,visually_ambiguous_between_categories,no,analysis_group,seed_disagreement,18,24,75.000000
case_seed_prediction,pass_a,visually_ambiguous_between_categories,uncertain,analysis_group,seed_disagreement,0,24,0.000000
case_seed_prediction,pass_a,visually_ambiguous_between_categories,yes,analysis_group,stable_correct,3,24,12.500000
case_seed_prediction,pass_a,visually_ambiguous_between_categories,no,analysis_group,stable_correct,21,24,87.500000
case_seed_prediction,pass_a,visually_ambiguous_between_categories,uncertain,analysis_group,stable_correct,0,24,0.000000
case_seed_prediction,pass_a,visually_ambiguous_between_categories,yes,analysis_group,stable_wrong,12,24,50.000000
case_seed_prediction,pass_a,visually_ambiguous_between_categories,no,analysis_group,stable_wrong,12,24,50.000000
case_seed_prediction,pass_a,visually_ambiguous_between_categories,uncertain,analysis_group,stable_wrong,0,24,0.000000
case_seed_prediction,pass_a,visually_ambiguous_between_categories,yes,true_label,corrosion,6,45,13.333333
case_seed_prediction,pass_a,visually_ambiguous_between_categories,no,true_label,corrosion,36,45,80.000000
case_seed_prediction,pass_a,visually_ambiguous_between_categories,uncertain,true_label,corrosion,3,45,6.666667
case_seed_prediction,pass_a,visually_ambiguous_between_categories,yes,true_label,crack,3,21,14.285714
case_seed_prediction,pass_a,visually_ambiguous_between_categories,no,true_label,crack,18,21,85.714286
case_seed_prediction,pass_a,visually_ambiguous_between_categories,uncertain,true_label,crack,0,21,0.000000
case_seed_prediction,pass_a,visually_ambiguous_between_categories,yes,true_label,craze,12,36,33.333333
case_seed_prediction,pass_a,visually_ambiguous_between_categories,no,true_label,craze,21,36,58.333333
case_seed_prediction,pass_a,visually_ambiguous_between_categories,uncertain,true_label,craze,3,36,8.333333
case_seed_prediction,pass_a,visually_ambiguous_between_categories,yes,true_label,hide_craze,0,27,0.000000
case_seed_prediction,pass_a,visually_ambiguous_between_categories,no,true_label,hide_craze,27,27,100.000000
case_seed_prediction,pass_a,visually_ambiguous_between_categories,uncertain,true_label,hide_craze,0,27,0.000000
case_seed_prediction,pass_a,visually_ambiguous_between_categories,yes,true_label,surface_injure,15,36,41.666667
case_seed_prediction,pass_a,visually_ambiguous_between_categories,no,true_label,surface_injure,15,36,41.666667
case_seed_prediction,pass_a,visually_ambiguous_between_categories,uncertain,true_label,surface_injure,6,36,16.666667
case_seed_prediction,pass_a,visually_ambiguous_between_categories,yes,true_label,thunderstrike,0,15,0.000000
case_seed_prediction,pass_a,visually_ambiguous_between_categories,no,true_label,thunderstrike,15,15,100.000000
case_seed_prediction,pass_a,visually_ambiguous_between_categories,uncertain,true_label,thunderstrike,0,15,0.000000
case_seed_prediction,pass_a,visually_ambiguous_between_categories,yes,predicted_label,corrosion,16,44,36.363636
case_seed_prediction,pass_a,visually_ambiguous_between_categories,no,predicted_label,corrosion,25,44,56.818182
case_seed_prediction,pass_a,visually_ambiguous_between_categories,uncertain,predicted_label,corrosion,3,44,6.818182
case_seed_prediction,pass_a,visually_ambiguous_between_categories,yes,predicted_label,crack,0,6,0.000000
case_seed_prediction,pass_a,visually_ambiguous_between_categories,no,predicted_label,crack,6,6,100.000000
case_seed_prediction,pass_a,visually_ambiguous_between_categories,uncertain,predicted_label,crack,0,6,0.000000
case_seed_prediction,pass_a,visually_ambiguous_between_categories,yes,predicted_label,craze,2,26,7.692308
case_seed_prediction,pass_a,visually_ambiguous_between_categories,no,predicted_label,craze,21,26,80.769231
case_seed_prediction,pass_a,visually_ambiguous_between_categories,uncertain,predicted_label,craze,3,26,11.538462
case_seed_prediction,pass_a,visually_ambiguous_between_categories,yes,predicted_label,hide_craze,3,46,6.521739
case_seed_prediction,pass_a,visually_ambiguous_between_categories,no,predicted_label,hide_craze,40,46,86.956522
case_seed_prediction,pass_a,visually_ambiguous_between_categories,uncertain,predicted_label,hide_craze,3,46,6.521739
case_seed_prediction,pass_a,visually_ambiguous_between_categories,yes,predicted_label,surface_injure,15,53,28.301887
case_seed_prediction,pass_a,visually_ambiguous_between_categories,no,predicted_label,surface_injure,35,53,66.037736
case_seed_prediction,pass_a,visually_ambiguous_between_categories,uncertain,predicted_label,surface_injure,3,53,5.660377
case_seed_prediction,pass_a,visually_ambiguous_between_categories,yes,predicted_label,thunderstrike,0,5,0.000000
case_seed_prediction,pass_a,visually_ambiguous_between_categories,no,predicted_label,thunderstrike,5,5,100.000000
case_seed_prediction,pass_a,visually_ambiguous_between_categories,uncertain,predicted_label,thunderstrike,0,5,0.000000
case_seed_prediction,pass_a,visually_ambiguous_between_categories,yes,correct,false,22,129,17.054264
case_seed_prediction,pass_a,visually_ambiguous_between_categories,no,correct,false,95,129,73.643411
case_seed_prediction,pass_a,visually_ambiguous_between_categories,uncertain,correct,false,12,129,9.302326
case_seed_prediction,pass_a,visually_ambiguous_between_categories,yes,correct,true,14,51,27.450980
case_seed_prediction,pass_a,visually_ambiguous_between_categories,no,correct,true,37,51,72.549020
case_seed_prediction,pass_a,visually_ambiguous_between_categories,uncertain,correct,true,0,51,0.000000
case_seed_prediction,pass_a,visually_ambiguous_between_categories,yes,event_category,beneficial_flip,9,18,50.000000
case_seed_prediction,pass_a,visually_ambiguous_between_categories,no,event_category,beneficial_flip,9,18,50.000000
case_seed_prediction,pass_a,visually_ambiguous_between_categories,uncertain,event_category,beneficial_flip,0,18,0.000000
case_seed_prediction,pass_a,visually_ambiguous_between_categories,yes,event_category,clean_only,0,30,0.000000
case_seed_prediction,pass_a,visually_ambiguous_between_categories,no,event_category,clean_only,21,30,70.000000
case_seed_prediction,pass_a,visually_ambiguous_between_categories,uncertain,event_category,clean_only,9,30,30.000000
case_seed_prediction,pass_a,visually_ambiguous_between_categories,yes,event_category,harmful_flip,7,69,10.144928
case_seed_prediction,pass_a,visually_ambiguous_between_categories,no,event_category,harmful_flip,59,69,85.507246
case_seed_prediction,pass_a,visually_ambiguous_between_categories,uncertain,event_category,harmful_flip,3,69,4.347826
case_seed_prediction,pass_a,visually_ambiguous_between_categories,yes,event_category,stable_correct,5,33,15.151515
case_seed_prediction,pass_a,visually_ambiguous_between_categories,no,event_category,stable_correct,28,33,84.848485
case_seed_prediction,pass_a,visually_ambiguous_between_categories,uncertain,event_category,stable_correct,0,33,0.000000
case_seed_prediction,pass_a,visually_ambiguous_between_categories,yes,event_category,stable_wrong,15,30,50.000000
case_seed_prediction,pass_a,visually_ambiguous_between_categories,no,event_category,stable_wrong,15,30,50.000000
case_seed_prediction,pass_a,visually_ambiguous_between_categories,uncertain,event_category,stable_wrong,0,30,0.000000
case_seed_prediction,pass_a,visually_ambiguous_between_categories,yes,confusion_pair,corrosion->corrosion,3,15,20.000000
case_seed_prediction,pass_a,visually_ambiguous_between_categories,no,confusion_pair,corrosion->corrosion,12,15,80.000000
case_seed_prediction,pass_a,visually_ambiguous_between_categories,uncertain,confusion_pair,corrosion->corrosion,0,15,0.000000
case_seed_prediction,pass_a,visually_ambiguous_between_categories,yes,confusion_pair,corrosion->hide_craze,0,17,0.000000
case_seed_prediction,pass_a,visually_ambiguous_between_categories,no,confusion_pair,corrosion->hide_craze,16,17,94.117647
case_seed_prediction,pass_a,visually_ambiguous_between_categories,uncertain,confusion_pair,corrosion->hide_craze,1,17,5.882353
case_seed_prediction,pass_a,visually_ambiguous_between_categories,yes,confusion_pair,corrosion->surface_injure,3,13,23.076923
case_seed_prediction,pass_a,visually_ambiguous_between_categories,no,confusion_pair,corrosion->surface_injure,8,13,61.538462
case_seed_prediction,pass_a,visually_ambiguous_between_categories,uncertain,confusion_pair,corrosion->surface_injure,2,13,15.384615
case_seed_prediction,pass_a,visually_ambiguous_between_categories,yes,confusion_pair,crack->corrosion,1,2,50.000000
case_seed_prediction,pass_a,visually_ambiguous_between_categories,no,confusion_pair,crack->corrosion,1,2,50.000000
case_seed_prediction,pass_a,visually_ambiguous_between_categories,uncertain,confusion_pair,crack->corrosion,0,2,0.000000
case_seed_prediction,pass_a,visually_ambiguous_between_categories,yes,confusion_pair,crack->crack,0,6,0.000000
case_seed_prediction,pass_a,visually_ambiguous_between_categories,no,confusion_pair,crack->crack,6,6,100.000000
case_seed_prediction,pass_a,visually_ambiguous_between_categories,uncertain,confusion_pair,crack->crack,0,6,0.000000
case_seed_prediction,pass_a,visually_ambiguous_between_categories,yes,confusion_pair,crack->craze,0,4,0.000000
case_seed_prediction,pass_a,visually_ambiguous_between_categories,no,confusion_pair,crack->craze,4,4,100.000000
case_seed_prediction,pass_a,visually_ambiguous_between_categories,uncertain,confusion_pair,crack->craze,0,4,0.000000
case_seed_prediction,pass_a,visually_ambiguous_between_categories,yes,confusion_pair,crack->hide_craze,1,7,14.285714
case_seed_prediction,pass_a,visually_ambiguous_between_categories,no,confusion_pair,crack->hide_craze,6,7,85.714286
case_seed_prediction,pass_a,visually_ambiguous_between_categories,uncertain,confusion_pair,crack->hide_craze,0,7,0.000000
case_seed_prediction,pass_a,visually_ambiguous_between_categories,yes,confusion_pair,crack->surface_injure,1,2,50.000000
case_seed_prediction,pass_a,visually_ambiguous_between_categories,no,confusion_pair,crack->surface_injure,1,2,50.000000
case_seed_prediction,pass_a,visually_ambiguous_between_categories,uncertain,confusion_pair,crack->surface_injure,0,2,0.000000
case_seed_prediction,pass_a,visually_ambiguous_between_categories,yes,confusion_pair,craze->corrosion,8,14,57.142857
case_seed_prediction,pass_a,visually_ambiguous_between_categories,no,confusion_pair,craze->corrosion,4,14,28.571429
case_seed_prediction,pass_a,visually_ambiguous_between_categories,uncertain,confusion_pair,craze->corrosion,2,14,14.285714
case_seed_prediction,pass_a,visually_ambiguous_between_categories,yes,confusion_pair,craze->craze,2,8,25.000000
case_seed_prediction,pass_a,visually_ambiguous_between_categories,no,confusion_pair,craze->craze,6,8,75.000000
case_seed_prediction,pass_a,visually_ambiguous_between_categories,uncertain,confusion_pair,craze->craze,0,8,0.000000
case_seed_prediction,pass_a,visually_ambiguous_between_categories,yes,confusion_pair,craze->hide_craze,0,7,0.000000
case_seed_prediction,pass_a,visually_ambiguous_between_categories,no,confusion_pair,craze->hide_craze,7,7,100.000000
case_seed_prediction,pass_a,visually_ambiguous_between_categories,uncertain,confusion_pair,craze->hide_craze,0,7,0.000000
case_seed_prediction,pass_a,visually_ambiguous_between_categories,yes,confusion_pair,craze->surface_injure,2,7,28.571429
case_seed_prediction,pass_a,visually_ambiguous_between_categories,no,confusion_pair,craze->surface_injure,4,7,57.142857
case_seed_prediction,pass_a,visually_ambiguous_between_categories,uncertain,confusion_pair,craze->surface_injure,1,7,14.285714
case_seed_prediction,pass_a,visually_ambiguous_between_categories,yes,confusion_pair,hide_craze->corrosion,0,1,0.000000
case_seed_prediction,pass_a,visually_ambiguous_between_categories,no,confusion_pair,hide_craze->corrosion,1,1,100.000000
case_seed_prediction,pass_a,visually_ambiguous_between_categories,uncertain,confusion_pair,hide_craze->corrosion,0,1,0.000000
case_seed_prediction,pass_a,visually_ambiguous_between_categories,yes,confusion_pair,hide_craze->craze,0,3,0.000000
case_seed_prediction,pass_a,visually_ambiguous_between_categories,no,confusion_pair,hide_craze->craze,3,3,100.000000
case_seed_prediction,pass_a,visually_ambiguous_between_categories,uncertain,confusion_pair,hide_craze->craze,0,3,0.000000
case_seed_prediction,pass_a,visually_ambiguous_between_categories,yes,confusion_pair,hide_craze->hide_craze,0,7,0.000000
case_seed_prediction,pass_a,visually_ambiguous_between_categories,no,confusion_pair,hide_craze->hide_craze,7,7,100.000000
case_seed_prediction,pass_a,visually_ambiguous_between_categories,uncertain,confusion_pair,hide_craze->hide_craze,0,7,0.000000
case_seed_prediction,pass_a,visually_ambiguous_between_categories,yes,confusion_pair,hide_craze->surface_injure,0,16,0.000000
case_seed_prediction,pass_a,visually_ambiguous_between_categories,no,confusion_pair,hide_craze->surface_injure,16,16,100.000000
case_seed_prediction,pass_a,visually_ambiguous_between_categories,uncertain,confusion_pair,hide_craze->surface_injure,0,16,0.000000
case_seed_prediction,pass_a,visually_ambiguous_between_categories,yes,confusion_pair,surface_injure->corrosion,4,12,33.333333
case_seed_prediction,pass_a,visually_ambiguous_between_categories,no,confusion_pair,surface_injure->corrosion,7,12,58.333333
case_seed_prediction,pass_a,visually_ambiguous_between_categories,uncertain,confusion_pair,surface_injure->corrosion,1,12,8.333333
case_seed_prediction,pass_a,visually_ambiguous_between_categories,yes,confusion_pair,surface_injure->craze,0,8,0.000000
case_seed_prediction,pass_a,visually_ambiguous_between_categories,no,confusion_pair,surface_injure->craze,5,8,62.500000
case_seed_prediction,pass_a,visually_ambiguous_between_categories,uncertain,confusion_pair,surface_injure->craze,3,8,37.500000
case_seed_prediction,pass_a,visually_ambiguous_between_categories,yes,confusion_pair,surface_injure->hide_craze,2,6,33.333333
case_seed_prediction,pass_a,visually_ambiguous_between_categories,no,confusion_pair,surface_injure->hide_craze,2,6,33.333333
case_seed_prediction,pass_a,visually_ambiguous_between_categories,uncertain,confusion_pair,surface_injure->hide_craze,2,6,33.333333
case_seed_prediction,pass_a,visually_ambiguous_between_categories,yes,confusion_pair,surface_injure->surface_injure,9,10,90.000000
case_seed_prediction,pass_a,visually_ambiguous_between_categories,no,confusion_pair,surface_injure->surface_injure,1,10,10.000000
case_seed_prediction,pass_a,visually_ambiguous_between_categories,uncertain,confusion_pair,surface_injure->surface_injure,0,10,0.000000
case_seed_prediction,pass_a,visually_ambiguous_between_categories,yes,confusion_pair,thunderstrike->craze,0,3,0.000000
case_seed_prediction,pass_a,visually_ambiguous_between_categories,no,confusion_pair,thunderstrike->craze,3,3,100.000000
case_seed_prediction,pass_a,visually_ambiguous_between_categories,uncertain,confusion_pair,thunderstrike->craze,0,3,0.000000
case_seed_prediction,pass_a,visually_ambiguous_between_categories,yes,confusion_pair,thunderstrike->hide_craze,0,2,0.000000
case_seed_prediction,pass_a,visually_ambiguous_between_categories,no,confusion_pair,thunderstrike->hide_craze,2,2,100.000000
case_seed_prediction,pass_a,visually_ambiguous_between_categories,uncertain,confusion_pair,thunderstrike->hide_craze,0,2,0.000000
case_seed_prediction,pass_a,visually_ambiguous_between_categories,yes,confusion_pair,thunderstrike->surface_injure,0,5,0.000000
case_seed_prediction,pass_a,visually_ambiguous_between_categories,no,confusion_pair,thunderstrike->surface_injure,5,5,100.000000
case_seed_prediction,pass_a,visually_ambiguous_between_categories,uncertain,confusion_pair,thunderstrike->surface_injure,0,5,0.000000
case_seed_prediction,pass_a,visually_ambiguous_between_categories,yes,confusion_pair,thunderstrike->thunderstrike,0,5,0.000000
case_seed_prediction,pass_a,visually_ambiguous_between_categories,no,confusion_pair,thunderstrike->thunderstrike,5,5,100.000000
case_seed_prediction,pass_a,visually_ambiguous_between_categories,uncertain,confusion_pair,thunderstrike->thunderstrike,0,5,0.000000
case_seed_prediction,pass_a,possible_crop_or_background_problem,yes,method,mobilenet_v3_small,9,27,33.333333
case_seed_prediction,pass_a,possible_crop_or_background_problem,no,method,mobilenet_v3_small,18,27,66.666667
case_seed_prediction,pass_a,possible_crop_or_background_problem,uncertain,method,mobilenet_v3_small,0,27,0.000000
case_seed_prediction,pass_a,possible_crop_or_background_problem,yes,method,resnet18,33,153,21.568627
case_seed_prediction,pass_a,possible_crop_or_background_problem,no,method,resnet18,108,153,70.588235
case_seed_prediction,pass_a,possible_crop_or_background_problem,uncertain,method,resnet18,12,153,7.843137
case_seed_prediction,pass_a,possible_crop_or_background_problem,yes,corruption_family,brightness,27,102,26.470588
case_seed_prediction,pass_a,possible_crop_or_background_problem,no,corruption_family,brightness,66,102,64.705882
case_seed_prediction,pass_a,possible_crop_or_background_problem,uncertain,corruption_family,brightness,9,102,8.823529
case_seed_prediction,pass_a,possible_crop_or_background_problem,yes,corruption_family,clean,3,30,10.000000
case_seed_prediction,pass_a,possible_crop_or_background_problem,no,corruption_family,clean,27,30,90.000000
case_seed_prediction,pass_a,possible_crop_or_background_problem,uncertain,corruption_family,clean,0,30,0.000000
case_seed_prediction,pass_a,possible_crop_or_background_problem,yes,corruption_family,gaussian_blur,6,39,15.384615
case_seed_prediction,pass_a,possible_crop_or_background_problem,no,corruption_family,gaussian_blur,30,39,76.923077
case_seed_prediction,pass_a,possible_crop_or_background_problem,uncertain,corruption_family,gaussian_blur,3,39,7.692308
case_seed_prediction,pass_a,possible_crop_or_background_problem,yes,corruption_family,jpeg,6,9,66.666667
case_seed_prediction,pass_a,possible_crop_or_background_problem,no,corruption_family,jpeg,3,9,33.333333
case_seed_prediction,pass_a,possible_crop_or_background_problem,uncertain,corruption_family,jpeg,0,9,0.000000
case_seed_prediction,pass_a,possible_crop_or_background_problem,yes,severity,clean,3,30,10.000000
case_seed_prediction,pass_a,possible_crop_or_background_problem,no,severity,clean,27,30,90.000000
case_seed_prediction,pass_a,possible_crop_or_background_problem,uncertain,severity,clean,0,30,0.000000
case_seed_prediction,pass_a,possible_crop_or_background_problem,yes,severity,mild,3,12,25.000000
case_seed_prediction,pass_a,possible_crop_or_background_problem,no,severity,mild,9,12,75.000000
case_seed_prediction,pass_a,possible_crop_or_background_problem,uncertain,severity,mild,0,12,0.000000
case_seed_prediction,pass_a,possible_crop_or_background_problem,yes,severity,moderate,6,9,66.666667
case_seed_prediction,pass_a,possible_crop_or_background_problem,no,severity,moderate,3,9,33.333333
case_seed_prediction,pass_a,possible_crop_or_background_problem,uncertain,severity,moderate,0,9,0.000000
case_seed_prediction,pass_a,possible_crop_or_background_problem,yes,severity,severe,30,129,23.255814
case_seed_prediction,pass_a,possible_crop_or_background_problem,no,severity,severe,87,129,67.441860
case_seed_prediction,pass_a,possible_crop_or_background_problem,uncertain,severity,severe,12,129,9.302326
case_seed_prediction,pass_a,possible_crop_or_background_problem,yes,selection_event,beneficial_flip,9,18,50.000000
case_seed_prediction,pass_a,possible_crop_or_background_problem,no,selection_event,beneficial_flip,9,18,50.000000
case_seed_prediction,pass_a,possible_crop_or_background_problem,uncertain,selection_event,beneficial_flip,0,18,0.000000
case_seed_prediction,pass_a,possible_crop_or_background_problem,yes,selection_event,clean_consensus_error,3,30,10.000000
case_seed_prediction,pass_a,possible_crop_or_background_problem,no,selection_event,clean_consensus_error,27,30,90.000000
case_seed_prediction,pass_a,possible_crop_or_background_problem,uncertain,selection_event,clean_consensus_error,0,30,0.000000
case_seed_prediction,pass_a,possible_crop_or_background_problem,yes,selection_event,seed_disagreement,12,24,50.000000
case_seed_prediction,pass_a,possible_crop_or_background_problem,no,selection_event,seed_disagreement,12,24,50.000000
case_seed_prediction,pass_a,possible_crop_or_background_problem,uncertain,selection_event,seed_disagreement,0,24,0.000000
case_seed_prediction,pass_a,possible_crop_or_background_problem,yes,selection_event,severe_harmful_flip,0,60,0.000000
case_seed_prediction,pass_a,possible_crop_or_background_problem,no,selection_event,severe_harmful_flip,48,60,80.000000
case_seed_prediction,pass_a,possible_crop_or_background_problem,uncertain,selection_event,severe_harmful_flip,12,60,20.000000
case_seed_prediction,pass_a,possible_crop_or_background_problem,yes,selection_event,severe_stable_correct,9,24,37.500000
case_seed_prediction,pass_a,possible_crop_or_background_problem,no,selection_event,severe_stable_correct,15,24,62.500000
case_seed_prediction,pass_a,possible_crop_or_background_problem,uncertain,selection_event,severe_stable_correct,0,24,0.000000
case_seed_prediction,pass_a,possible_crop_or_background_problem,yes,selection_event,severe_stable_wrong,9,24,37.500000
case_seed_prediction,pass_a,possible_crop_or_background_problem,no,selection_event,severe_stable_wrong,15,24,62.500000
case_seed_prediction,pass_a,possible_crop_or_background_problem,uncertain,selection_event,severe_stable_wrong,0,24,0.000000
case_seed_prediction,pass_a,possible_crop_or_background_problem,yes,analysis_group,beneficial_flip,9,18,50.000000
case_seed_prediction,pass_a,possible_crop_or_background_problem,no,analysis_group,beneficial_flip,9,18,50.000000
case_seed_prediction,pass_a,possible_crop_or_background_problem,uncertain,analysis_group,beneficial_flip,0,18,0.000000
case_seed_prediction,pass_a,possible_crop_or_background_problem,yes,analysis_group,clean_consensus_error,3,30,10.000000
case_seed_prediction,pass_a,possible_crop_or_background_problem,no,analysis_group,clean_consensus_error,27,30,90.000000
case_seed_prediction,pass_a,possible_crop_or_background_problem,uncertain,analysis_group,clean_consensus_error,0,30,0.000000
case_seed_prediction,pass_a,possible_crop_or_background_problem,yes,analysis_group,harmful_flip,0,60,0.000000
case_seed_prediction,pass_a,possible_crop_or_background_problem,no,analysis_group,harmful_flip,48,60,80.000000
case_seed_prediction,pass_a,possible_crop_or_background_problem,uncertain,analysis_group,harmful_flip,12,60,20.000000
case_seed_prediction,pass_a,possible_crop_or_background_problem,yes,analysis_group,seed_disagreement,12,24,50.000000
case_seed_prediction,pass_a,possible_crop_or_background_problem,no,analysis_group,seed_disagreement,12,24,50.000000
case_seed_prediction,pass_a,possible_crop_or_background_problem,uncertain,analysis_group,seed_disagreement,0,24,0.000000
case_seed_prediction,pass_a,possible_crop_or_background_problem,yes,analysis_group,stable_correct,9,24,37.500000
case_seed_prediction,pass_a,possible_crop_or_background_problem,no,analysis_group,stable_correct,15,24,62.500000
case_seed_prediction,pass_a,possible_crop_or_background_problem,uncertain,analysis_group,stable_correct,0,24,0.000000
case_seed_prediction,pass_a,possible_crop_or_background_problem,yes,analysis_group,stable_wrong,9,24,37.500000
case_seed_prediction,pass_a,possible_crop_or_background_problem,no,analysis_group,stable_wrong,15,24,62.500000
case_seed_prediction,pass_a,possible_crop_or_background_problem,uncertain,analysis_group,stable_wrong,0,24,0.000000
case_seed_prediction,pass_a,possible_crop_or_background_problem,yes,true_label,corrosion,9,45,20.000000
case_seed_prediction,pass_a,possible_crop_or_background_problem,no,true_label,corrosion,33,45,73.333333
case_seed_prediction,pass_a,possible_crop_or_background_problem,uncertain,true_label,corrosion,3,45,6.666667
case_seed_prediction,pass_a,possible_crop_or_background_problem,yes,true_label,crack,0,21,0.000000
case_seed_prediction,pass_a,possible_crop_or_background_problem,no,true_label,crack,15,21,71.428571
case_seed_prediction,pass_a,possible_crop_or_background_problem,uncertain,true_label,crack,6,21,28.571429
case_seed_prediction,pass_a,possible_crop_or_background_problem,yes,true_label,craze,21,36,58.333333
case_seed_prediction,pass_a,possible_crop_or_background_problem,no,true_label,craze,15,36,41.666667
case_seed_prediction,pass_a,possible_crop_or_background_problem,uncertain,true_label,craze,0,36,0.000000
case_seed_prediction,pass_a,possible_crop_or_background_problem,yes,true_label,hide_craze,0,27,0.000000
case_seed_prediction,pass_a,possible_crop_or_background_problem,no,true_label,hide_craze,27,27,100.000000
case_seed_prediction,pass_a,possible_crop_or_background_problem,uncertain,true_label,hide_craze,0,27,0.000000
case_seed_prediction,pass_a,possible_crop_or_background_problem,yes,true_label,surface_injure,12,36,33.333333
case_seed_prediction,pass_a,possible_crop_or_background_problem,no,true_label,surface_injure,21,36,58.333333
case_seed_prediction,pass_a,possible_crop_or_background_problem,uncertain,true_label,surface_injure,3,36,8.333333
case_seed_prediction,pass_a,possible_crop_or_background_problem,yes,true_label,thunderstrike,0,15,0.000000
case_seed_prediction,pass_a,possible_crop_or_background_problem,no,true_label,thunderstrike,15,15,100.000000
case_seed_prediction,pass_a,possible_crop_or_background_problem,uncertain,true_label,thunderstrike,0,15,0.000000
case_seed_prediction,pass_a,possible_crop_or_background_problem,yes,predicted_label,corrosion,19,44,43.181818
case_seed_prediction,pass_a,possible_crop_or_background_problem,no,predicted_label,corrosion,22,44,50.000000
case_seed_prediction,pass_a,possible_crop_or_background_problem,uncertain,predicted_label,corrosion,3,44,6.818182
case_seed_prediction,pass_a,possible_crop_or_background_problem,yes,predicted_label,crack,0,6,0.000000
case_seed_prediction,pass_a,possible_crop_or_background_problem,no,predicted_label,crack,6,6,100.000000
case_seed_prediction,pass_a,possible_crop_or_background_problem,uncertain,predicted_label,crack,0,6,0.000000
case_seed_prediction,pass_a,possible_crop_or_background_problem,yes,predicted_label,craze,8,26,30.769231
case_seed_prediction,pass_a,possible_crop_or_background_problem,no,predicted_label,craze,17,26,65.384615
case_seed_prediction,pass_a,possible_crop_or_background_problem,uncertain,predicted_label,craze,1,26,3.846154
case_seed_prediction,pass_a,possible_crop_or_background_problem,yes,predicted_label,hide_craze,3,46,6.521739
case_seed_prediction,pass_a,possible_crop_or_background_problem,no,predicted_label,hide_craze,39,46,84.782609
case_seed_prediction,pass_a,possible_crop_or_background_problem,uncertain,predicted_label,hide_craze,4,46,8.695652
case_seed_prediction,pass_a,possible_crop_or_background_problem,yes,predicted_label,surface_injure,12,53,22.641509
case_seed_prediction,pass_a,possible_crop_or_background_problem,no,predicted_label,surface_injure,37,53,69.811321
case_seed_prediction,pass_a,possible_crop_or_background_problem,uncertain,predicted_label,surface_injure,4,53,7.547170
case_seed_prediction,pass_a,possible_crop_or_background_problem,yes,predicted_label,thunderstrike,0,5,0.000000
case_seed_prediction,pass_a,possible_crop_or_background_problem,no,predicted_label,thunderstrike,5,5,100.000000
case_seed_prediction,pass_a,possible_crop_or_background_problem,uncertain,predicted_label,thunderstrike,0,5,0.000000
case_seed_prediction,pass_a,possible_crop_or_background_problem,yes,correct,false,19,129,14.728682
case_seed_prediction,pass_a,possible_crop_or_background_problem,no,correct,false,98,129,75.968992
case_seed_prediction,pass_a,possible_crop_or_background_problem,uncertain,correct,false,12,129,9.302326
case_seed_prediction,pass_a,possible_crop_or_background_problem,yes,correct,true,23,51,45.098039
case_seed_prediction,pass_a,possible_crop_or_background_problem,no,correct,true,28,51,54.901961
case_seed_prediction,pass_a,possible_crop_or_background_problem,uncertain,correct,true,0,51,0.000000
case_seed_prediction,pass_a,possible_crop_or_background_problem,yes,event_category,beneficial_flip,9,18,50.000000
case_seed_prediction,pass_a,possible_crop_or_background_problem,no,event_category,beneficial_flip,9,18,50.000000
case_seed_prediction,pass_a,possible_crop_or_background_problem,uncertain,event_category,beneficial_flip,0,18,0.000000
case_seed_prediction,pass_a,possible_crop_or_background_problem,yes,event_category,clean_only,3,30,10.000000
case_seed_prediction,pass_a,possible_crop_or_background_problem,no,event_category,clean_only,27,30,90.000000
case_seed_prediction,pass_a,possible_crop_or_background_problem,uncertain,event_category,clean_only,0,30,0.000000
case_seed_prediction,pass_a,possible_crop_or_background_problem,yes,event_category,harmful_flip,4,69,5.797101
case_seed_prediction,pass_a,possible_crop_or_background_problem,no,event_category,harmful_flip,53,69,76.811594
case_seed_prediction,pass_a,possible_crop_or_background_problem,uncertain,event_category,harmful_flip,12,69,17.391304
case_seed_prediction,pass_a,possible_crop_or_background_problem,yes,event_category,stable_correct,14,33,42.424242
case_seed_prediction,pass_a,possible_crop_or_background_problem,no,event_category,stable_correct,19,33,57.575758
case_seed_prediction,pass_a,possible_crop_or_background_problem,uncertain,event_category,stable_correct,0,33,0.000000
case_seed_prediction,pass_a,possible_crop_or_background_problem,yes,event_category,stable_wrong,12,30,40.000000
case_seed_prediction,pass_a,possible_crop_or_background_problem,no,event_category,stable_wrong,18,30,60.000000
case_seed_prediction,pass_a,possible_crop_or_background_problem,uncertain,event_category,stable_wrong,0,30,0.000000
case_seed_prediction,pass_a,possible_crop_or_background_problem,yes,confusion_pair,corrosion->corrosion,6,15,40.000000
case_seed_prediction,pass_a,possible_crop_or_background_problem,no,confusion_pair,corrosion->corrosion,9,15,60.000000
case_seed_prediction,pass_a,possible_crop_or_background_problem,uncertain,confusion_pair,corrosion->corrosion,0,15,0.000000
case_seed_prediction,pass_a,possible_crop_or_background_problem,yes,confusion_pair,corrosion->hide_craze,3,17,17.647059
case_seed_prediction,pass_a,possible_crop_or_background_problem,no,confusion_pair,corrosion->hide_craze,14,17,82.352941
case_seed_prediction,pass_a,possible_crop_or_background_problem,uncertain,confusion_pair,corrosion->hide_craze,0,17,0.000000
case_seed_prediction,pass_a,possible_crop_or_background_problem,yes,confusion_pair,corrosion->surface_injure,0,13,0.000000
case_seed_prediction,pass_a,possible_crop_or_background_problem,no,confusion_pair,corrosion->surface_injure,10,13,76.923077
case_seed_prediction,pass_a,possible_crop_or_background_problem,uncertain,confusion_pair,corrosion->surface_injure,3,13,23.076923
case_seed_prediction,pass_a,possible_crop_or_background_problem,yes,confusion_pair,crack->corrosion,0,2,0.000000
case_seed_prediction,pass_a,possible_crop_or_background_problem,no,confusion_pair,crack->corrosion,0,2,0.000000
case_seed_prediction,pass_a,possible_crop_or_background_problem,uncertain,confusion_pair,crack->corrosion,2,2,100.000000
case_seed_prediction,pass_a,possible_crop_or_background_problem,yes,confusion_pair,crack->crack,0,6,0.000000
case_seed_prediction,pass_a,possible_crop_or_background_problem,no,confusion_pair,crack->crack,6,6,100.000000
case_seed_prediction,pass_a,possible_crop_or_background_problem,uncertain,confusion_pair,crack->crack,0,6,0.000000
case_seed_prediction,pass_a,possible_crop_or_background_problem,yes,confusion_pair,crack->craze,0,4,0.000000
case_seed_prediction,pass_a,possible_crop_or_background_problem,no,confusion_pair,crack->craze,3,4,75.000000
case_seed_prediction,pass_a,possible_crop_or_background_problem,uncertain,confusion_pair,crack->craze,1,4,25.000000
case_seed_prediction,pass_a,possible_crop_or_background_problem,yes,confusion_pair,crack->hide_craze,0,7,0.000000
case_seed_prediction,pass_a,possible_crop_or_background_problem,no,confusion_pair,crack->hide_craze,5,7,71.428571
case_seed_prediction,pass_a,possible_crop_or_background_problem,uncertain,confusion_pair,crack->hide_craze,2,7,28.571429
case_seed_prediction,pass_a,possible_crop_or_background_problem,yes,confusion_pair,crack->surface_injure,0,2,0.000000
case_seed_prediction,pass_a,possible_crop_or_background_problem,no,confusion_pair,crack->surface_injure,1,2,50.000000
case_seed_prediction,pass_a,possible_crop_or_background_problem,uncertain,confusion_pair,crack->surface_injure,1,2,50.000000
case_seed_prediction,pass_a,possible_crop_or_background_problem,yes,confusion_pair,craze->corrosion,10,14,71.428571
case_seed_prediction,pass_a,possible_crop_or_background_problem,no,confusion_pair,craze->corrosion,4,14,28.571429
case_seed_prediction,pass_a,possible_crop_or_background_problem,uncertain,confusion_pair,craze->corrosion,0,14,0.000000
case_seed_prediction,pass_a,possible_crop_or_background_problem,yes,confusion_pair,craze->craze,8,8,100.000000
case_seed_prediction,pass_a,possible_crop_or_background_problem,no,confusion_pair,craze->craze,0,8,0.000000
case_seed_prediction,pass_a,possible_crop_or_background_problem,uncertain,confusion_pair,craze->craze,0,8,0.000000
case_seed_prediction,pass_a,possible_crop_or_background_problem,yes,confusion_pair,craze->hide_craze,0,7,0.000000
case_seed_prediction,pass_a,possible_crop_or_background_problem,no,confusion_pair,craze->hide_craze,7,7,100.000000
case_seed_prediction,pass_a,possible_crop_or_background_problem,uncertain,confusion_pair,craze->hide_craze,0,7,0.000000
case_seed_prediction,pass_a,possible_crop_or_background_problem,yes,confusion_pair,craze->surface_injure,3,7,42.857143
case_seed_prediction,pass_a,possible_crop_or_background_problem,no,confusion_pair,craze->surface_injure,4,7,57.142857
case_seed_prediction,pass_a,possible_crop_or_background_problem,uncertain,confusion_pair,craze->surface_injure,0,7,0.000000
case_seed_prediction,pass_a,possible_crop_or_background_problem,yes,confusion_pair,hide_craze->corrosion,0,1,0.000000
case_seed_prediction,pass_a,possible_crop_or_background_problem,no,confusion_pair,hide_craze->corrosion,1,1,100.000000
case_seed_prediction,pass_a,possible_crop_or_background_problem,uncertain,confusion_pair,hide_craze->corrosion,0,1,0.000000
case_seed_prediction,pass_a,possible_crop_or_background_problem,yes,confusion_pair,hide_craze->craze,0,3,0.000000
case_seed_prediction,pass_a,possible_crop_or_background_problem,no,confusion_pair,hide_craze->craze,3,3,100.000000
case_seed_prediction,pass_a,possible_crop_or_background_problem,uncertain,confusion_pair,hide_craze->craze,0,3,0.000000
case_seed_prediction,pass_a,possible_crop_or_background_problem,yes,confusion_pair,hide_craze->hide_craze,0,7,0.000000
case_seed_prediction,pass_a,possible_crop_or_background_problem,no,confusion_pair,hide_craze->hide_craze,7,7,100.000000
case_seed_prediction,pass_a,possible_crop_or_background_problem,uncertain,confusion_pair,hide_craze->hide_craze,0,7,0.000000
case_seed_prediction,pass_a,possible_crop_or_background_problem,yes,confusion_pair,hide_craze->surface_injure,0,16,0.000000
case_seed_prediction,pass_a,possible_crop_or_background_problem,no,confusion_pair,hide_craze->surface_injure,16,16,100.000000
case_seed_prediction,pass_a,possible_crop_or_background_problem,uncertain,confusion_pair,hide_craze->surface_injure,0,16,0.000000
case_seed_prediction,pass_a,possible_crop_or_background_problem,yes,confusion_pair,surface_injure->corrosion,3,12,25.000000
case_seed_prediction,pass_a,possible_crop_or_background_problem,no,confusion_pair,surface_injure->corrosion,8,12,66.666667
case_seed_prediction,pass_a,possible_crop_or_background_problem,uncertain,confusion_pair,surface_injure->corrosion,1,12,8.333333
case_seed_prediction,pass_a,possible_crop_or_background_problem,yes,confusion_pair,surface_injure->craze,0,8,0.000000
case_seed_prediction,pass_a,possible_crop_or_background_problem,no,confusion_pair,surface_injure->craze,8,8,100.000000
case_seed_prediction,pass_a,possible_crop_or_background_problem,uncertain,confusion_pair,surface_injure->craze,0,8,0.000000
case_seed_prediction,pass_a,possible_crop_or_background_problem,yes,confusion_pair,surface_injure->hide_craze,0,6,0.000000
case_seed_prediction,pass_a,possible_crop_or_background_problem,no,confusion_pair,surface_injure->hide_craze,4,6,66.666667
case_seed_prediction,pass_a,possible_crop_or_background_problem,uncertain,confusion_pair,surface_injure->hide_craze,2,6,33.333333
case_seed_prediction,pass_a,possible_crop_or_background_problem,yes,confusion_pair,surface_injure->surface_injure,9,10,90.000000
case_seed_prediction,pass_a,possible_crop_or_background_problem,no,confusion_pair,surface_injure->surface_injure,1,10,10.000000
case_seed_prediction,pass_a,possible_crop_or_background_problem,uncertain,confusion_pair,surface_injure->surface_injure,0,10,0.000000
case_seed_prediction,pass_a,possible_crop_or_background_problem,yes,confusion_pair,thunderstrike->craze,0,3,0.000000
case_seed_prediction,pass_a,possible_crop_or_background_problem,no,confusion_pair,thunderstrike->craze,3,3,100.000000
case_seed_prediction,pass_a,possible_crop_or_background_problem,uncertain,confusion_pair,thunderstrike->craze,0,3,0.000000
case_seed_prediction,pass_a,possible_crop_or_background_problem,yes,confusion_pair,thunderstrike->hide_craze,0,2,0.000000
case_seed_prediction,pass_a,possible_crop_or_background_problem,no,confusion_pair,thunderstrike->hide_craze,2,2,100.000000
case_seed_prediction,pass_a,possible_crop_or_background_problem,uncertain,confusion_pair,thunderstrike->hide_craze,0,2,0.000000
case_seed_prediction,pass_a,possible_crop_or_background_problem,yes,confusion_pair,thunderstrike->surface_injure,0,5,0.000000
case_seed_prediction,pass_a,possible_crop_or_background_problem,no,confusion_pair,thunderstrike->surface_injure,5,5,100.000000
case_seed_prediction,pass_a,possible_crop_or_background_problem,uncertain,confusion_pair,thunderstrike->surface_injure,0,5,0.000000
case_seed_prediction,pass_a,possible_crop_or_background_problem,yes,confusion_pair,thunderstrike->thunderstrike,0,5,0.000000
case_seed_prediction,pass_a,possible_crop_or_background_problem,no,confusion_pair,thunderstrike->thunderstrike,5,5,100.000000
case_seed_prediction,pass_a,possible_crop_or_background_problem,uncertain,confusion_pair,thunderstrike->thunderstrike,0,5,0.000000
case_seed_prediction,pass_b,activation_primarily_inside_annotation,inside,method,mobilenet_v3_small,0,27,0.000000
case_seed_prediction,pass_b,activation_primarily_inside_annotation,partial,method,mobilenet_v3_small,27,27,100.000000
case_seed_prediction,pass_b,activation_primarily_inside_annotation,outside,method,mobilenet_v3_small,0,27,0.000000
case_seed_prediction,pass_b,activation_primarily_inside_annotation,diffuse,method,mobilenet_v3_small,0,27,0.000000
case_seed_prediction,pass_b,activation_primarily_inside_annotation,uncertain,method,mobilenet_v3_small,0,27,0.000000
case_seed_prediction,pass_b,activation_primarily_inside_annotation,inside,method,resnet18,81,153,52.941176
case_seed_prediction,pass_b,activation_primarily_inside_annotation,partial,method,resnet18,45,153,29.411765
case_seed_prediction,pass_b,activation_primarily_inside_annotation,outside,method,resnet18,27,153,17.647059
case_seed_prediction,pass_b,activation_primarily_inside_annotation,diffuse,method,resnet18,0,153,0.000000
case_seed_prediction,pass_b,activation_primarily_inside_annotation,uncertain,method,resnet18,0,153,0.000000
case_seed_prediction,pass_b,activation_primarily_inside_annotation,inside,corruption_family,brightness,60,102,58.823529
case_seed_prediction,pass_b,activation_primarily_inside_annotation,partial,corruption_family,brightness,33,102,32.352941
case_seed_prediction,pass_b,activation_primarily_inside_annotation,outside,corruption_family,brightness,9,102,8.823529
case_seed_prediction,pass_b,activation_primarily_inside_annotation,diffuse,corruption_family,brightness,0,102,0.000000
case_seed_prediction,pass_b,activation_primarily_inside_annotation,uncertain,corruption_family,brightness,0,102,0.000000
case_seed_prediction,pass_b,activation_primarily_inside_annotation,inside,corruption_family,clean,6,30,20.000000
case_seed_prediction,pass_b,activation_primarily_inside_annotation,partial,corruption_family,clean,18,30,60.000000
case_seed_prediction,pass_b,activation_primarily_inside_annotation,outside,corruption_family,clean,6,30,20.000000
case_seed_prediction,pass_b,activation_primarily_inside_annotation,diffuse,corruption_family,clean,0,30,0.000000
case_seed_prediction,pass_b,activation_primarily_inside_annotation,uncertain,corruption_family,clean,0,30,0.000000
case_seed_prediction,pass_b,activation_primarily_inside_annotation,inside,corruption_family,gaussian_blur,12,39,30.769231
case_seed_prediction,pass_b,activation_primarily_inside_annotation,partial,corruption_family,gaussian_blur,18,39,46.153846
case_seed_prediction,pass_b,activation_primarily_inside_annotation,outside,corruption_family,gaussian_blur,9,39,23.076923
case_seed_prediction,pass_b,activation_primarily_inside_annotation,diffuse,corruption_family,gaussian_blur,0,39,0.000000
case_seed_prediction,pass_b,activation_primarily_inside_annotation,uncertain,corruption_family,gaussian_blur,0,39,0.000000
case_seed_prediction,pass_b,activation_primarily_inside_annotation,inside,corruption_family,jpeg,3,9,33.333333
case_seed_prediction,pass_b,activation_primarily_inside_annotation,partial,corruption_family,jpeg,3,9,33.333333
case_seed_prediction,pass_b,activation_primarily_inside_annotation,outside,corruption_family,jpeg,3,9,33.333333
case_seed_prediction,pass_b,activation_primarily_inside_annotation,diffuse,corruption_family,jpeg,0,9,0.000000
case_seed_prediction,pass_b,activation_primarily_inside_annotation,uncertain,corruption_family,jpeg,0,9,0.000000
case_seed_prediction,pass_b,activation_primarily_inside_annotation,inside,severity,clean,6,30,20.000000
case_seed_prediction,pass_b,activation_primarily_inside_annotation,partial,severity,clean,18,30,60.000000
case_seed_prediction,pass_b,activation_primarily_inside_annotation,outside,severity,clean,6,30,20.000000
case_seed_prediction,pass_b,activation_primarily_inside_annotation,diffuse,severity,clean,0,30,0.000000
case_seed_prediction,pass_b,activation_primarily_inside_annotation,uncertain,severity,clean,0,30,0.000000
case_seed_prediction,pass_b,activation_primarily_inside_annotation,inside,severity,mild,6,12,50.000000
case_seed_prediction,pass_b,activation_primarily_inside_annotation,partial,severity,mild,6,12,50.000000
case_seed_prediction,pass_b,activation_primarily_inside_annotation,outside,severity,mild,0,12,0.000000
case_seed_prediction,pass_b,activation_primarily_inside_annotation,diffuse,severity,mild,0,12,0.000000
case_seed_prediction,pass_b,activation_primarily_inside_annotation,uncertain,severity,mild,0,12,0.000000
case_seed_prediction,pass_b,activation_primarily_inside_annotation,inside,severity,moderate,3,9,33.333333
case_seed_prediction,pass_b,activation_primarily_inside_annotation,partial,severity,moderate,3,9,33.333333
case_seed_prediction,pass_b,activation_primarily_inside_annotation,outside,severity,moderate,3,9,33.333333
case_seed_prediction,pass_b,activation_primarily_inside_annotation,diffuse,severity,moderate,0,9,0.000000
case_seed_prediction,pass_b,activation_primarily_inside_annotation,uncertain,severity,moderate,0,9,0.000000
case_seed_prediction,pass_b,activation_primarily_inside_annotation,inside,severity,severe,66,129,51.162791
case_seed_prediction,pass_b,activation_primarily_inside_annotation,partial,severity,severe,45,129,34.883721
case_seed_prediction,pass_b,activation_primarily_inside_annotation,outside,severity,severe,18,129,13.953488
case_seed_prediction,pass_b,activation_primarily_inside_annotation,diffuse,severity,severe,0,129,0.000000
case_seed_prediction,pass_b,activation_primarily_inside_annotation,uncertain,severity,severe,0,129,0.000000
case_seed_prediction,pass_b,activation_primarily_inside_annotation,inside,selection_event,beneficial_flip,6,18,33.333333
case_seed_prediction,pass_b,activation_primarily_inside_annotation,partial,selection_event,beneficial_flip,6,18,33.333333
case_seed_prediction,pass_b,activation_primarily_inside_annotation,outside,selection_event,beneficial_flip,6,18,33.333333
case_seed_prediction,pass_b,activation_primarily_inside_annotation,diffuse,selection_event,beneficial_flip,0,18,0.000000
case_seed_prediction,pass_b,activation_primarily_inside_annotation,uncertain,selection_event,beneficial_flip,0,18,0.000000
case_seed_prediction,pass_b,activation_primarily_inside_annotation,inside,selection_event,clean_consensus_error,6,30,20.000000
case_seed_prediction,pass_b,activation_primarily_inside_annotation,partial,selection_event,clean_consensus_error,18,30,60.000000
case_seed_prediction,pass_b,activation_primarily_inside_annotation,outside,selection_event,clean_consensus_error,6,30,20.000000
case_seed_prediction,pass_b,activation_primarily_inside_annotation,diffuse,selection_event,clean_consensus_error,0,30,0.000000
case_seed_prediction,pass_b,activation_primarily_inside_annotation,uncertain,selection_event,clean_consensus_error,0,30,0.000000
case_seed_prediction,pass_b,activation_primarily_inside_annotation,inside,selection_event,seed_disagreement,9,24,37.500000
case_seed_prediction,pass_b,activation_primarily_inside_annotation,partial,selection_event,seed_disagreement,12,24,50.000000
case_seed_prediction,pass_b,activation_primarily_inside_annotation,outside,selection_event,seed_disagreement,3,24,12.500000
case_seed_prediction,pass_b,activation_primarily_inside_annotation,diffuse,selection_event,seed_disagreement,0,24,0.000000
case_seed_prediction,pass_b,activation_primarily_inside_annotation,uncertain,selection_event,seed_disagreement,0,24,0.000000
case_seed_prediction,pass_b,activation_primarily_inside_annotation,inside,selection_event,severe_harmful_flip,33,60,55.000000
case_seed_prediction,pass_b,activation_primarily_inside_annotation,partial,selection_event,severe_harmful_flip,21,60,35.000000
case_seed_prediction,pass_b,activation_primarily_inside_annotation,outside,selection_event,severe_harmful_flip,6,60,10.000000
case_seed_prediction,pass_b,activation_primarily_inside_annotation,diffuse,selection_event,severe_harmful_flip,0,60,0.000000
case_seed_prediction,pass_b,activation_primarily_inside_annotation,uncertain,selection_event,severe_harmful_flip,0,60,0.000000
case_seed_prediction,pass_b,activation_primarily_inside_annotation,inside,selection_event,severe_stable_correct,21,24,87.500000
case_seed_prediction,pass_b,activation_primarily_inside_annotation,partial,selection_event,severe_stable_correct,0,24,0.000000
case_seed_prediction,pass_b,activation_primarily_inside_annotation,outside,selection_event,severe_stable_correct,3,24,12.500000
case_seed_prediction,pass_b,activation_primarily_inside_annotation,diffuse,selection_event,severe_stable_correct,0,24,0.000000
case_seed_prediction,pass_b,activation_primarily_inside_annotation,uncertain,selection_event,severe_stable_correct,0,24,0.000000
case_seed_prediction,pass_b,activation_primarily_inside_annotation,inside,selection_event,severe_stable_wrong,6,24,25.000000
case_seed_prediction,pass_b,activation_primarily_inside_annotation,partial,selection_event,severe_stable_wrong,15,24,62.500000
case_seed_prediction,pass_b,activation_primarily_inside_annotation,outside,selection_event,severe_stable_wrong,3,24,12.500000
case_seed_prediction,pass_b,activation_primarily_inside_annotation,diffuse,selection_event,severe_stable_wrong,0,24,0.000000
case_seed_prediction,pass_b,activation_primarily_inside_annotation,uncertain,selection_event,severe_stable_wrong,0,24,0.000000
case_seed_prediction,pass_b,activation_primarily_inside_annotation,inside,analysis_group,beneficial_flip,6,18,33.333333
case_seed_prediction,pass_b,activation_primarily_inside_annotation,partial,analysis_group,beneficial_flip,6,18,33.333333
case_seed_prediction,pass_b,activation_primarily_inside_annotation,outside,analysis_group,beneficial_flip,6,18,33.333333
case_seed_prediction,pass_b,activation_primarily_inside_annotation,diffuse,analysis_group,beneficial_flip,0,18,0.000000
case_seed_prediction,pass_b,activation_primarily_inside_annotation,uncertain,analysis_group,beneficial_flip,0,18,0.000000
case_seed_prediction,pass_b,activation_primarily_inside_annotation,inside,analysis_group,clean_consensus_error,6,30,20.000000
case_seed_prediction,pass_b,activation_primarily_inside_annotation,partial,analysis_group,clean_consensus_error,18,30,60.000000
case_seed_prediction,pass_b,activation_primarily_inside_annotation,outside,analysis_group,clean_consensus_error,6,30,20.000000
case_seed_prediction,pass_b,activation_primarily_inside_annotation,diffuse,analysis_group,clean_consensus_error,0,30,0.000000
case_seed_prediction,pass_b,activation_primarily_inside_annotation,uncertain,analysis_group,clean_consensus_error,0,30,0.000000
case_seed_prediction,pass_b,activation_primarily_inside_annotation,inside,analysis_group,harmful_flip,33,60,55.000000
case_seed_prediction,pass_b,activation_primarily_inside_annotation,partial,analysis_group,harmful_flip,21,60,35.000000
case_seed_prediction,pass_b,activation_primarily_inside_annotation,outside,analysis_group,harmful_flip,6,60,10.000000
case_seed_prediction,pass_b,activation_primarily_inside_annotation,diffuse,analysis_group,harmful_flip,0,60,0.000000
case_seed_prediction,pass_b,activation_primarily_inside_annotation,uncertain,analysis_group,harmful_flip,0,60,0.000000
case_seed_prediction,pass_b,activation_primarily_inside_annotation,inside,analysis_group,seed_disagreement,9,24,37.500000
case_seed_prediction,pass_b,activation_primarily_inside_annotation,partial,analysis_group,seed_disagreement,12,24,50.000000
case_seed_prediction,pass_b,activation_primarily_inside_annotation,outside,analysis_group,seed_disagreement,3,24,12.500000
case_seed_prediction,pass_b,activation_primarily_inside_annotation,diffuse,analysis_group,seed_disagreement,0,24,0.000000
case_seed_prediction,pass_b,activation_primarily_inside_annotation,uncertain,analysis_group,seed_disagreement,0,24,0.000000
case_seed_prediction,pass_b,activation_primarily_inside_annotation,inside,analysis_group,stable_correct,21,24,87.500000
case_seed_prediction,pass_b,activation_primarily_inside_annotation,partial,analysis_group,stable_correct,0,24,0.000000
case_seed_prediction,pass_b,activation_primarily_inside_annotation,outside,analysis_group,stable_correct,3,24,12.500000
case_seed_prediction,pass_b,activation_primarily_inside_annotation,diffuse,analysis_group,stable_correct,0,24,0.000000
case_seed_prediction,pass_b,activation_primarily_inside_annotation,uncertain,analysis_group,stable_correct,0,24,0.000000
case_seed_prediction,pass_b,activation_primarily_inside_annotation,inside,analysis_group,stable_wrong,6,24,25.000000
case_seed_prediction,pass_b,activation_primarily_inside_annotation,partial,analysis_group,stable_wrong,15,24,62.500000
case_seed_prediction,pass_b,activation_primarily_inside_annotation,outside,analysis_group,stable_wrong,3,24,12.500000
case_seed_prediction,pass_b,activation_primarily_inside_annotation,diffuse,analysis_group,stable_wrong,0,24,0.000000
case_seed_prediction,pass_b,activation_primarily_inside_annotation,uncertain,analysis_group,stable_wrong,0,24,0.000000
case_seed_prediction,pass_b,activation_primarily_inside_annotation,inside,true_label,corrosion,24,45,53.333333
case_seed_prediction,pass_b,activation_primarily_inside_annotation,partial,true_label,corrosion,18,45,40.000000
case_seed_prediction,pass_b,activation_primarily_inside_annotation,outside,true_label,corrosion,3,45,6.666667
case_seed_prediction,pass_b,activation_primarily_inside_annotation,diffuse,true_label,corrosion,0,45,0.000000
case_seed_prediction,pass_b,activation_primarily_inside_annotation,uncertain,true_label,corrosion,0,45,0.000000
case_seed_prediction,pass_b,activation_primarily_inside_annotation,inside,true_label,crack,18,21,85.714286
case_seed_prediction,pass_b,activation_primarily_inside_annotation,partial,true_label,crack,3,21,14.285714
case_seed_prediction,pass_b,activation_primarily_inside_annotation,outside,true_label,crack,0,21,0.000000
case_seed_prediction,pass_b,activation_primarily_inside_annotation,diffuse,true_label,crack,0,21,0.000000
case_seed_prediction,pass_b,activation_primarily_inside_annotation,uncertain,true_label,crack,0,21,0.000000
case_seed_prediction,pass_b,activation_primarily_inside_annotation,inside,true_label,craze,9,36,25.000000
case_seed_prediction,pass_b,activation_primarily_inside_annotation,partial,true_label,craze,27,36,75.000000
case_seed_prediction,pass_b,activation_primarily_inside_annotation,outside,true_label,craze,0,36,0.000000
case_seed_prediction,pass_b,activation_primarily_inside_annotation,diffuse,true_label,craze,0,36,0.000000
case_seed_prediction,pass_b,activation_primarily_inside_annotation,uncertain,true_label,craze,0,36,0.000000
case_seed_prediction,pass_b,activation_primarily_inside_annotation,inside,true_label,hide_craze,9,27,33.333333
case_seed_prediction,pass_b,activation_primarily_inside_annotation,partial,true_label,hide_craze,9,27,33.333333
case_seed_prediction,pass_b,activation_primarily_inside_annotation,outside,true_label,hide_craze,9,27,33.333333
case_seed_prediction,pass_b,activation_primarily_inside_annotation,diffuse,true_label,hide_craze,0,27,0.000000
case_seed_prediction,pass_b,activation_primarily_inside_annotation,uncertain,true_label,hide_craze,0,27,0.000000
case_seed_prediction,pass_b,activation_primarily_inside_annotation,inside,true_label,surface_injure,6,36,16.666667
case_seed_prediction,pass_b,activation_primarily_inside_annotation,partial,true_label,surface_injure,15,36,41.666667
case_seed_prediction,pass_b,activation_primarily_inside_annotation,outside,true_label,surface_injure,15,36,41.666667
case_seed_prediction,pass_b,activation_primarily_inside_annotation,diffuse,true_label,surface_injure,0,36,0.000000
case_seed_prediction,pass_b,activation_primarily_inside_annotation,uncertain,true_label,surface_injure,0,36,0.000000
case_seed_prediction,pass_b,activation_primarily_inside_annotation,inside,true_label,thunderstrike,15,15,100.000000
case_seed_prediction,pass_b,activation_primarily_inside_annotation,partial,true_label,thunderstrike,0,15,0.000000
case_seed_prediction,pass_b,activation_primarily_inside_annotation,outside,true_label,thunderstrike,0,15,0.000000
case_seed_prediction,pass_b,activation_primarily_inside_annotation,diffuse,true_label,thunderstrike,0,15,0.000000
case_seed_prediction,pass_b,activation_primarily_inside_annotation,uncertain,true_label,thunderstrike,0,15,0.000000
case_seed_prediction,pass_b,activation_primarily_inside_annotation,inside,predicted_label,corrosion,12,44,27.272727
case_seed_prediction,pass_b,activation_primarily_inside_annotation,partial,predicted_label,corrosion,25,44,56.818182
case_seed_prediction,pass_b,activation_primarily_inside_annotation,outside,predicted_label,corrosion,7,44,15.909091
case_seed_prediction,pass_b,activation_primarily_inside_annotation,diffuse,predicted_label,corrosion,0,44,0.000000
case_seed_prediction,pass_b,activation_primarily_inside_annotation,uncertain,predicted_label,corrosion,0,44,0.000000
case_seed_prediction,pass_b,activation_primarily_inside_annotation,inside,predicted_label,crack,6,6,100.000000
case_seed_prediction,pass_b,activation_primarily_inside_annotation,partial,predicted_label,crack,0,6,0.000000
case_seed_prediction,pass_b,activation_primarily_inside_annotation,outside,predicted_label,crack,0,6,0.000000
case_seed_prediction,pass_b,activation_primarily_inside_annotation,diffuse,predicted_label,crack,0,6,0.000000
case_seed_prediction,pass_b,activation_primarily_inside_annotation,uncertain,predicted_label,crack,0,6,0.000000
case_seed_prediction,pass_b,activation_primarily_inside_annotation,inside,predicted_label,craze,14,26,53.846154
case_seed_prediction,pass_b,activation_primarily_inside_annotation,partial,predicted_label,craze,12,26,46.153846
case_seed_prediction,pass_b,activation_primarily_inside_annotation,outside,predicted_label,craze,0,26,0.000000
case_seed_prediction,pass_b,activation_primarily_inside_annotation,diffuse,predicted_label,craze,0,26,0.000000
case_seed_prediction,pass_b,activation_primarily_inside_annotation,uncertain,predicted_label,craze,0,26,0.000000
case_seed_prediction,pass_b,activation_primarily_inside_annotation,inside,predicted_label,hide_craze,26,46,56.521739
case_seed_prediction,pass_b,activation_primarily_inside_annotation,partial,predicted_label,hide_craze,16,46,34.782609
case_seed_prediction,pass_b,activation_primarily_inside_annotation,outside,predicted_label,hide_craze,4,46,8.695652
case_seed_prediction,pass_b,activation_primarily_inside_annotation,diffuse,predicted_label,hide_craze,0,46,0.000000
case_seed_prediction,pass_b,activation_primarily_inside_annotation,uncertain,predicted_label,hide_craze,0,46,0.000000
case_seed_prediction,pass_b,activation_primarily_inside_annotation,inside,predicted_label,surface_injure,18,53,33.962264
case_seed_prediction,pass_b,activation_primarily_inside_annotation,partial,predicted_label,surface_injure,19,53,35.849057
case_seed_prediction,pass_b,activation_primarily_inside_annotation,outside,predicted_label,surface_injure,16,53,30.188679
case_seed_prediction,pass_b,activation_primarily_inside_annotation,diffuse,predicted_label,surface_injure,0,53,0.000000
case_seed_prediction,pass_b,activation_primarily_inside_annotation,uncertain,predicted_label,surface_injure,0,53,0.000000
case_seed_prediction,pass_b,activation_primarily_inside_annotation,inside,predicted_label,thunderstrike,5,5,100.000000
case_seed_prediction,pass_b,activation_primarily_inside_annotation,partial,predicted_label,thunderstrike,0,5,0.000000
case_seed_prediction,pass_b,activation_primarily_inside_annotation,outside,predicted_label,thunderstrike,0,5,0.000000
case_seed_prediction,pass_b,activation_primarily_inside_annotation,diffuse,predicted_label,thunderstrike,0,5,0.000000
case_seed_prediction,pass_b,activation_primarily_inside_annotation,uncertain,predicted_label,thunderstrike,0,5,0.000000
case_seed_prediction,pass_b,activation_primarily_inside_annotation,inside,correct,false,50,129,38.759690
case_seed_prediction,pass_b,activation_primarily_inside_annotation,partial,correct,false,62,129,48.062016
case_seed_prediction,pass_b,activation_primarily_inside_annotation,outside,correct,false,17,129,13.178295
case_seed_prediction,pass_b,activation_primarily_inside_annotation,diffuse,correct,false,0,129,0.000000
case_seed_prediction,pass_b,activation_primarily_inside_annotation,uncertain,correct,false,0,129,0.000000
case_seed_prediction,pass_b,activation_primarily_inside_annotation,inside,correct,true,31,51,60.784314
case_seed_prediction,pass_b,activation_primarily_inside_annotation,partial,correct,true,10,51,19.607843
case_seed_prediction,pass_b,activation_primarily_inside_annotation,outside,correct,true,10,51,19.607843
case_seed_prediction,pass_b,activation_primarily_inside_annotation,diffuse,correct,true,0,51,0.000000
case_seed_prediction,pass_b,activation_primarily_inside_annotation,uncertain,correct,true,0,51,0.000000
case_seed_prediction,pass_b,activation_primarily_inside_annotation,inside,event_category,beneficial_flip,5,18,27.777778
case_seed_prediction,pass_b,activation_primarily_inside_annotation,partial,event_category,beneficial_flip,7,18,38.888889
case_seed_prediction,pass_b,activation_primarily_inside_annotation,outside,event_category,beneficial_flip,6,18,33.333333
case_seed_prediction,pass_b,activation_primarily_inside_annotation,diffuse,event_category,beneficial_flip,0,18,0.000000
case_seed_prediction,pass_b,activation_primarily_inside_annotation,uncertain,event_category,beneficial_flip,0,18,0.000000
case_seed_prediction,pass_b,activation_primarily_inside_annotation,inside,event_category,clean_only,6,30,20.000000
case_seed_prediction,pass_b,activation_primarily_inside_annotation,partial,event_category,clean_only,18,30,60.000000
case_seed_prediction,pass_b,activation_primarily_inside_annotation,outside,event_category,clean_only,6,30,20.000000
case_seed_prediction,pass_b,activation_primarily_inside_annotation,diffuse,event_category,clean_only,0,30,0.000000
case_seed_prediction,pass_b,activation_primarily_inside_annotation,uncertain,event_category,clean_only,0,30,0.000000
case_seed_prediction,pass_b,activation_primarily_inside_annotation,inside,event_category,harmful_flip,37,69,53.623188
case_seed_prediction,pass_b,activation_primarily_inside_annotation,partial,event_category,harmful_flip,24,69,34.782609
case_seed_prediction,pass_b,activation_primarily_inside_annotation,outside,event_category,harmful_flip,8,69,11.594203
case_seed_prediction,pass_b,activation_primarily_inside_annotation,diffuse,event_category,harmful_flip,0,69,0.000000
case_seed_prediction,pass_b,activation_primarily_inside_annotation,uncertain,event_category,harmful_flip,0,69,0.000000
case_seed_prediction,pass_b,activation_primarily_inside_annotation,inside,event_category,stable_correct,26,33,78.787879
case_seed_prediction,pass_b,activation_primarily_inside_annotation,partial,event_category,stable_correct,3,33,9.090909
case_seed_prediction,pass_b,activation_primarily_inside_annotation,outside,event_category,stable_correct,4,33,12.121212
case_seed_prediction,pass_b,activation_primarily_inside_annotation,diffuse,event_category,stable_correct,0,33,0.000000
case_seed_prediction,pass_b,activation_primarily_inside_annotation,uncertain,event_category,stable_correct,0,33,0.000000
case_seed_prediction,pass_b,activation_primarily_inside_annotation,inside,event_category,stable_wrong,7,30,23.333333
case_seed_prediction,pass_b,activation_primarily_inside_annotation,partial,event_category,stable_wrong,20,30,66.666667
case_seed_prediction,pass_b,activation_primarily_inside_annotation,outside,event_category,stable_wrong,3,30,10.000000
case_seed_prediction,pass_b,activation_primarily_inside_annotation,diffuse,event_category,stable_wrong,0,30,0.000000
case_seed_prediction,pass_b,activation_primarily_inside_annotation,uncertain,event_category,stable_wrong,0,30,0.000000
case_seed_prediction,pass_b,activation_primarily_inside_annotation,inside,confusion_pair,corrosion->corrosion,8,15,53.333333
case_seed_prediction,pass_b,activation_primarily_inside_annotation,partial,confusion_pair,corrosion->corrosion,7,15,46.666667
case_seed_prediction,pass_b,activation_primarily_inside_annotation,outside,confusion_pair,corrosion->corrosion,0,15,0.000000
case_seed_prediction,pass_b,activation_primarily_inside_annotation,diffuse,confusion_pair,corrosion->corrosion,0,15,0.000000
case_seed_prediction,pass_b,activation_primarily_inside_annotation,uncertain,confusion_pair,corrosion->corrosion,0,15,0.000000
case_seed_prediction,pass_b,activation_primarily_inside_annotation,inside,confusion_pair,corrosion->hide_craze,8,17,47.058824
case_seed_prediction,pass_b,activation_primarily_inside_annotation,partial,confusion_pair,corrosion->hide_craze,6,17,35.294118
case_seed_prediction,pass_b,activation_primarily_inside_annotation,outside,confusion_pair,corrosion->hide_craze,3,17,17.647059
case_seed_prediction,pass_b,activation_primarily_inside_annotation,diffuse,confusion_pair,corrosion->hide_craze,0,17,0.000000
case_seed_prediction,pass_b,activation_primarily_inside_annotation,uncertain,confusion_pair,corrosion->hide_craze,0,17,0.000000
case_seed_prediction,pass_b,activation_primarily_inside_annotation,inside,confusion_pair,corrosion->surface_injure,8,13,61.538462
case_seed_prediction,pass_b,activation_primarily_inside_annotation,partial,confusion_pair,corrosion->surface_injure,5,13,38.461538
case_seed_prediction,pass_b,activation_primarily_inside_annotation,outside,confusion_pair,corrosion->surface_injure,0,13,0.000000
case_seed_prediction,pass_b,activation_primarily_inside_annotation,diffuse,confusion_pair,corrosion->surface_injure,0,13,0.000000
case_seed_prediction,pass_b,activation_primarily_inside_annotation,uncertain,confusion_pair,corrosion->surface_injure,0,13,0.000000
case_seed_prediction,pass_b,activation_primarily_inside_annotation,inside,confusion_pair,crack->corrosion,2,2,100.000000
case_seed_prediction,pass_b,activation_primarily_inside_annotation,partial,confusion_pair,crack->corrosion,0,2,0.000000
case_seed_prediction,pass_b,activation_primarily_inside_annotation,outside,confusion_pair,crack->corrosion,0,2,0.000000
case_seed_prediction,pass_b,activation_primarily_inside_annotation,diffuse,confusion_pair,crack->corrosion,0,2,0.000000
case_seed_prediction,pass_b,activation_primarily_inside_annotation,uncertain,confusion_pair,crack->corrosion,0,2,0.000000
case_seed_prediction,pass_b,activation_primarily_inside_annotation,inside,confusion_pair,crack->crack,6,6,100.000000
case_seed_prediction,pass_b,activation_primarily_inside_annotation,partial,confusion_pair,crack->crack,0,6,0.000000
case_seed_prediction,pass_b,activation_primarily_inside_annotation,outside,confusion_pair,crack->crack,0,6,0.000000
case_seed_prediction,pass_b,activation_primarily_inside_annotation,diffuse,confusion_pair,crack->crack,0,6,0.000000
case_seed_prediction,pass_b,activation_primarily_inside_annotation,uncertain,confusion_pair,crack->crack,0,6,0.000000
case_seed_prediction,pass_b,activation_primarily_inside_annotation,inside,confusion_pair,crack->craze,2,4,50.000000
case_seed_prediction,pass_b,activation_primarily_inside_annotation,partial,confusion_pair,crack->craze,2,4,50.000000
case_seed_prediction,pass_b,activation_primarily_inside_annotation,outside,confusion_pair,crack->craze,0,4,0.000000
case_seed_prediction,pass_b,activation_primarily_inside_annotation,diffuse,confusion_pair,crack->craze,0,4,0.000000
case_seed_prediction,pass_b,activation_primarily_inside_annotation,uncertain,confusion_pair,crack->craze,0,4,0.000000
case_seed_prediction,pass_b,activation_primarily_inside_annotation,inside,confusion_pair,crack->hide_craze,6,7,85.714286
case_seed_prediction,pass_b,activation_primarily_inside_annotation,partial,confusion_pair,crack->hide_craze,1,7,14.285714
case_seed_prediction,pass_b,activation_primarily_inside_annotation,outside,confusion_pair,crack->hide_craze,0,7,0.000000
case_seed_prediction,pass_b,activation_primarily_inside_annotation,diffuse,confusion_pair,crack->hide_craze,0,7,0.000000
case_seed_prediction,pass_b,activation_primarily_inside_annotation,uncertain,confusion_pair,crack->hide_craze,0,7,0.000000
case_seed_prediction,pass_b,activation_primarily_inside_annotation,inside,confusion_pair,crack->surface_injure,2,2,100.000000
case_seed_prediction,pass_b,activation_primarily_inside_annotation,partial,confusion_pair,crack->surface_injure,0,2,0.000000
case_seed_prediction,pass_b,activation_primarily_inside_annotation,outside,confusion_pair,crack->surface_injure,0,2,0.000000
case_seed_prediction,pass_b,activation_primarily_inside_annotation,diffuse,confusion_pair,crack->surface_injure,0,2,0.000000
case_seed_prediction,pass_b,activation_primarily_inside_annotation,uncertain,confusion_pair,crack->surface_injure,0,2,0.000000
case_seed_prediction,pass_b,activation_primarily_inside_annotation,inside,confusion_pair,craze->corrosion,0,14,0.000000
case_seed_prediction,pass_b,activation_primarily_inside_annotation,partial,confusion_pair,craze->corrosion,14,14,100.000000
case_seed_prediction,pass_b,activation_primarily_inside_annotation,outside,confusion_pair,craze->corrosion,0,14,0.000000
case_seed_prediction,pass_b,activation_primarily_inside_annotation,diffuse,confusion_pair,craze->corrosion,0,14,0.000000
case_seed_prediction,pass_b,activation_primarily_inside_annotation,uncertain,confusion_pair,craze->corrosion,0,14,0.000000
case_seed_prediction,pass_b,activation_primarily_inside_annotation,inside,confusion_pair,craze->craze,6,8,75.000000
case_seed_prediction,pass_b,activation_primarily_inside_annotation,partial,confusion_pair,craze->craze,2,8,25.000000
case_seed_prediction,pass_b,activation_primarily_inside_annotation,outside,confusion_pair,craze->craze,0,8,0.000000
case_seed_prediction,pass_b,activation_primarily_inside_annotation,diffuse,confusion_pair,craze->craze,0,8,0.000000
case_seed_prediction,pass_b,activation_primarily_inside_annotation,uncertain,confusion_pair,craze->craze,0,8,0.000000
case_seed_prediction,pass_b,activation_primarily_inside_annotation,inside,confusion_pair,craze->hide_craze,0,7,0.000000
case_seed_prediction,pass_b,activation_primarily_inside_annotation,partial,confusion_pair,craze->hide_craze,7,7,100.000000
case_seed_prediction,pass_b,activation_primarily_inside_annotation,outside,confusion_pair,craze->hide_craze,0,7,0.000000
case_seed_prediction,pass_b,activation_primarily_inside_annotation,diffuse,confusion_pair,craze->hide_craze,0,7,0.000000
case_seed_prediction,pass_b,activation_primarily_inside_annotation,uncertain,confusion_pair,craze->hide_craze,0,7,0.000000
case_seed_prediction,pass_b,activation_primarily_inside_annotation,inside,confusion_pair,craze->surface_injure,3,7,42.857143
case_seed_prediction,pass_b,activation_primarily_inside_annotation,partial,confusion_pair,craze->surface_injure,4,7,57.142857
case_seed_prediction,pass_b,activation_primarily_inside_annotation,outside,confusion_pair,craze->surface_injure,0,7,0.000000
case_seed_prediction,pass_b,activation_primarily_inside_annotation,diffuse,confusion_pair,craze->surface_injure,0,7,0.000000
case_seed_prediction,pass_b,activation_primarily_inside_annotation,uncertain,confusion_pair,craze->surface_injure,0,7,0.000000
case_seed_prediction,pass_b,activation_primarily_inside_annotation,inside,confusion_pair,hide_craze->corrosion,0,1,0.000000
case_seed_prediction,pass_b,activation_primarily_inside_annotation,partial,confusion_pair,hide_craze->corrosion,0,1,0.000000
case_seed_prediction,pass_b,activation_primarily_inside_annotation,outside,confusion_pair,hide_craze->corrosion,1,1,100.000000
case_seed_prediction,pass_b,activation_primarily_inside_annotation,diffuse,confusion_pair,hide_craze->corrosion,0,1,0.000000
case_seed_prediction,pass_b,activation_primarily_inside_annotation,uncertain,confusion_pair,hide_craze->corrosion,0,1,0.000000
case_seed_prediction,pass_b,activation_primarily_inside_annotation,inside,confusion_pair,hide_craze->craze,3,3,100.000000
case_seed_prediction,pass_b,activation_primarily_inside_annotation,partial,confusion_pair,hide_craze->craze,0,3,0.000000
case_seed_prediction,pass_b,activation_primarily_inside_annotation,outside,confusion_pair,hide_craze->craze,0,3,0.000000
case_seed_prediction,pass_b,activation_primarily_inside_annotation,diffuse,confusion_pair,hide_craze->craze,0,3,0.000000
case_seed_prediction,pass_b,activation_primarily_inside_annotation,uncertain,confusion_pair,hide_craze->craze,0,3,0.000000
case_seed_prediction,pass_b,activation_primarily_inside_annotation,inside,confusion_pair,hide_craze->hide_craze,6,7,85.714286
case_seed_prediction,pass_b,activation_primarily_inside_annotation,partial,confusion_pair,hide_craze->hide_craze,0,7,0.000000
case_seed_prediction,pass_b,activation_primarily_inside_annotation,outside,confusion_pair,hide_craze->hide_craze,1,7,14.285714
case_seed_prediction,pass_b,activation_primarily_inside_annotation,diffuse,confusion_pair,hide_craze->hide_craze,0,7,0.000000
case_seed_prediction,pass_b,activation_primarily_inside_annotation,uncertain,confusion_pair,hide_craze->hide_craze,0,7,0.000000
case_seed_prediction,pass_b,activation_primarily_inside_annotation,inside,confusion_pair,hide_craze->surface_injure,0,16,0.000000
case_seed_prediction,pass_b,activation_primarily_inside_annotation,partial,confusion_pair,hide_craze->surface_injure,9,16,56.250000
case_seed_prediction,pass_b,activation_primarily_inside_annotation,outside,confusion_pair,hide_craze->surface_injure,7,16,43.750000
case_seed_prediction,pass_b,activation_primarily_inside_annotation,diffuse,confusion_pair,hide_craze->surface_injure,0,16,0.000000
case_seed_prediction,pass_b,activation_primarily_inside_annotation,uncertain,confusion_pair,hide_craze->surface_injure,0,16,0.000000
case_seed_prediction,pass_b,activation_primarily_inside_annotation,inside,confusion_pair,surface_injure->corrosion,2,12,16.666667
case_seed_prediction,pass_b,activation_primarily_inside_annotation,partial,confusion_pair,surface_injure->corrosion,4,12,33.333333
case_seed_prediction,pass_b,activation_primarily_inside_annotation,outside,confusion_pair,surface_injure->corrosion,6,12,50.000000
case_seed_prediction,pass_b,activation_primarily_inside_annotation,diffuse,confusion_pair,surface_injure->corrosion,0,12,0.000000
case_seed_prediction,pass_b,activation_primarily_inside_annotation,uncertain,confusion_pair,surface_injure->corrosion,0,12,0.000000
case_seed_prediction,pass_b,activation_primarily_inside_annotation,inside,confusion_pair,surface_injure->craze,0,8,0.000000
case_seed_prediction,pass_b,activation_primarily_inside_annotation,partial,confusion_pair,surface_injure->craze,8,8,100.000000
case_seed_prediction,pass_b,activation_primarily_inside_annotation,outside,confusion_pair,surface_injure->craze,0,8,0.000000
case_seed_prediction,pass_b,activation_primarily_inside_annotation,diffuse,confusion_pair,surface_injure->craze,0,8,0.000000
case_seed_prediction,pass_b,activation_primarily_inside_annotation,uncertain,confusion_pair,surface_injure->craze,0,8,0.000000
case_seed_prediction,pass_b,activation_primarily_inside_annotation,inside,confusion_pair,surface_injure->hide_craze,4,6,66.666667
case_seed_prediction,pass_b,activation_primarily_inside_annotation,partial,confusion_pair,surface_injure->hide_craze,2,6,33.333333
case_seed_prediction,pass_b,activation_primarily_inside_annotation,outside,confusion_pair,surface_injure->hide_craze,0,6,0.000000
case_seed_prediction,pass_b,activation_primarily_inside_annotation,diffuse,confusion_pair,surface_injure->hide_craze,0,6,0.000000
case_seed_prediction,pass_b,activation_primarily_inside_annotation,uncertain,confusion_pair,surface_injure->hide_craze,0,6,0.000000
case_seed_prediction,pass_b,activation_primarily_inside_annotation,inside,confusion_pair,surface_injure->surface_injure,0,10,0.000000
case_seed_prediction,pass_b,activation_primarily_inside_annotation,partial,confusion_pair,surface_injure->surface_injure,1,10,10.000000
case_seed_prediction,pass_b,activation_primarily_inside_annotation,outside,confusion_pair,surface_injure->surface_injure,9,10,90.000000
case_seed_prediction,pass_b,activation_primarily_inside_annotation,diffuse,confusion_pair,surface_injure->surface_injure,0,10,0.000000
case_seed_prediction,pass_b,activation_primarily_inside_annotation,uncertain,confusion_pair,surface_injure->surface_injure,0,10,0.000000
case_seed_prediction,pass_b,activation_primarily_inside_annotation,inside,confusion_pair,thunderstrike->craze,3,3,100.000000
case_seed_prediction,pass_b,activation_primarily_inside_annotation,partial,confusion_pair,thunderstrike->craze,0,3,0.000000
case_seed_prediction,pass_b,activation_primarily_inside_annotation,outside,confusion_pair,thunderstrike->craze,0,3,0.000000
case_seed_prediction,pass_b,activation_primarily_inside_annotation,diffuse,confusion_pair,thunderstrike->craze,0,3,0.000000
case_seed_prediction,pass_b,activation_primarily_inside_annotation,uncertain,confusion_pair,thunderstrike->craze,0,3,0.000000
case_seed_prediction,pass_b,activation_primarily_inside_annotation,inside,confusion_pair,thunderstrike->hide_craze,2,2,100.000000
case_seed_prediction,pass_b,activation_primarily_inside_annotation,partial,confusion_pair,thunderstrike->hide_craze,0,2,0.000000
case_seed_prediction,pass_b,activation_primarily_inside_annotation,outside,confusion_pair,thunderstrike->hide_craze,0,2,0.000000
case_seed_prediction,pass_b,activation_primarily_inside_annotation,diffuse,confusion_pair,thunderstrike->hide_craze,0,2,0.000000
case_seed_prediction,pass_b,activation_primarily_inside_annotation,uncertain,confusion_pair,thunderstrike->hide_craze,0,2,0.000000
case_seed_prediction,pass_b,activation_primarily_inside_annotation,inside,confusion_pair,thunderstrike->surface_injure,5,5,100.000000
case_seed_prediction,pass_b,activation_primarily_inside_annotation,partial,confusion_pair,thunderstrike->surface_injure,0,5,0.000000
case_seed_prediction,pass_b,activation_primarily_inside_annotation,outside,confusion_pair,thunderstrike->surface_injure,0,5,0.000000
case_seed_prediction,pass_b,activation_primarily_inside_annotation,diffuse,confusion_pair,thunderstrike->surface_injure,0,5,0.000000
case_seed_prediction,pass_b,activation_primarily_inside_annotation,uncertain,confusion_pair,thunderstrike->surface_injure,0,5,0.000000
case_seed_prediction,pass_b,activation_primarily_inside_annotation,inside,confusion_pair,thunderstrike->thunderstrike,5,5,100.000000
case_seed_prediction,pass_b,activation_primarily_inside_annotation,partial,confusion_pair,thunderstrike->thunderstrike,0,5,0.000000
case_seed_prediction,pass_b,activation_primarily_inside_annotation,outside,confusion_pair,thunderstrike->thunderstrike,0,5,0.000000
case_seed_prediction,pass_b,activation_primarily_inside_annotation,diffuse,confusion_pair,thunderstrike->thunderstrike,0,5,0.000000
case_seed_prediction,pass_b,activation_primarily_inside_annotation,uncertain,confusion_pair,thunderstrike->thunderstrike,0,5,0.000000
case_seed_prediction,pass_b,activation_concentrated_on_degradation_artifact,yes,method,mobilenet_v3_small,0,27,0.000000
case_seed_prediction,pass_b,activation_concentrated_on_degradation_artifact,no,method,mobilenet_v3_small,18,27,66.666667
case_seed_prediction,pass_b,activation_concentrated_on_degradation_artifact,uncertain,method,mobilenet_v3_small,9,27,33.333333
case_seed_prediction,pass_b,activation_concentrated_on_degradation_artifact,yes,method,resnet18,0,153,0.000000
case_seed_prediction,pass_b,activation_concentrated_on_degradation_artifact,no,method,resnet18,117,153,76.470588
case_seed_prediction,pass_b,activation_concentrated_on_degradation_artifact,uncertain,method,resnet18,36,153,23.529412
case_seed_prediction,pass_b,activation_concentrated_on_degradation_artifact,yes,corruption_family,brightness,0,102,0.000000
case_seed_prediction,pass_b,activation_concentrated_on_degradation_artifact,no,corruption_family,brightness,84,102,82.352941
case_seed_prediction,pass_b,activation_concentrated_on_degradation_artifact,uncertain,corruption_family,brightness,18,102,17.647059
case_seed_prediction,pass_b,activation_concentrated_on_degradation_artifact,yes,corruption_family,clean,0,30,0.000000
case_seed_prediction,pass_b,activation_concentrated_on_degradation_artifact,no,corruption_family,clean,30,30,100.000000
case_seed_prediction,pass_b,activation_concentrated_on_degradation_artifact,uncertain,corruption_family,clean,0,30,0.000000
case_seed_prediction,pass_b,activation_concentrated_on_degradation_artifact,yes,corruption_family,gaussian_blur,0,39,0.000000
case_seed_prediction,pass_b,activation_concentrated_on_degradation_artifact,no,corruption_family,gaussian_blur,18,39,46.153846
case_seed_prediction,pass_b,activation_concentrated_on_degradation_artifact,uncertain,corruption_family,gaussian_blur,21,39,53.846154
case_seed_prediction,pass_b,activation_concentrated_on_degradation_artifact,yes,corruption_family,jpeg,0,9,0.000000
case_seed_prediction,pass_b,activation_concentrated_on_degradation_artifact,no,corruption_family,jpeg,3,9,33.333333
case_seed_prediction,pass_b,activation_concentrated_on_degradation_artifact,uncertain,corruption_family,jpeg,6,9,66.666667
case_seed_prediction,pass_b,activation_concentrated_on_degradation_artifact,yes,severity,clean,0,30,0.000000
case_seed_prediction,pass_b,activation_concentrated_on_degradation_artifact,no,severity,clean,30,30,100.000000
case_seed_prediction,pass_b,activation_concentrated_on_degradation_artifact,uncertain,severity,clean,0,30,0.000000
case_seed_prediction,pass_b,activation_concentrated_on_degradation_artifact,yes,severity,mild,0,12,0.000000
case_seed_prediction,pass_b,activation_concentrated_on_degradation_artifact,no,severity,mild,12,12,100.000000
case_seed_prediction,pass_b,activation_concentrated_on_degradation_artifact,uncertain,severity,mild,0,12,0.000000
case_seed_prediction,pass_b,activation_concentrated_on_degradation_artifact,yes,severity,moderate,0,9,0.000000
case_seed_prediction,pass_b,activation_concentrated_on_degradation_artifact,no,severity,moderate,9,9,100.000000
case_seed_prediction,pass_b,activation_concentrated_on_degradation_artifact,uncertain,severity,moderate,0,9,0.000000
case_seed_prediction,pass_b,activation_concentrated_on_degradation_artifact,yes,severity,severe,0,129,0.000000
case_seed_prediction,pass_b,activation_concentrated_on_degradation_artifact,no,severity,severe,84,129,65.116279
case_seed_prediction,pass_b,activation_concentrated_on_degradation_artifact,uncertain,severity,severe,45,129,34.883721
case_seed_prediction,pass_b,activation_concentrated_on_degradation_artifact,yes,selection_event,beneficial_flip,0,18,0.000000
case_seed_prediction,pass_b,activation_concentrated_on_degradation_artifact,no,selection_event,beneficial_flip,18,18,100.000000
case_seed_prediction,pass_b,activation_concentrated_on_degradation_artifact,uncertain,selection_event,beneficial_flip,0,18,0.000000
case_seed_prediction,pass_b,activation_concentrated_on_degradation_artifact,yes,selection_event,clean_consensus_error,0,30,0.000000
case_seed_prediction,pass_b,activation_concentrated_on_degradation_artifact,no,selection_event,clean_consensus_error,30,30,100.000000
case_seed_prediction,pass_b,activation_concentrated_on_degradation_artifact,uncertain,selection_event,clean_consensus_error,0,30,0.000000
case_seed_prediction,pass_b,activation_concentrated_on_degradation_artifact,yes,selection_event,seed_disagreement,0,24,0.000000
case_seed_prediction,pass_b,activation_concentrated_on_degradation_artifact,no,selection_event,seed_disagreement,18,24,75.000000
case_seed_prediction,pass_b,activation_concentrated_on_degradation_artifact,uncertain,selection_event,seed_disagreement,6,24,25.000000
case_seed_prediction,pass_b,activation_concentrated_on_degradation_artifact,yes,selection_event,severe_harmful_flip,0,60,0.000000
case_seed_prediction,pass_b,activation_concentrated_on_degradation_artifact,no,selection_event,severe_harmful_flip,36,60,60.000000
case_seed_prediction,pass_b,activation_concentrated_on_degradation_artifact,uncertain,selection_event,severe_harmful_flip,24,60,40.000000
case_seed_prediction,pass_b,activation_concentrated_on_degradation_artifact,yes,selection_event,severe_stable_correct,0,24,0.000000
case_seed_prediction,pass_b,activation_concentrated_on_degradation_artifact,no,selection_event,severe_stable_correct,24,24,100.000000
case_seed_prediction,pass_b,activation_concentrated_on_degradation_artifact,uncertain,selection_event,severe_stable_correct,0,24,0.000000
case_seed_prediction,pass_b,activation_concentrated_on_degradation_artifact,yes,selection_event,severe_stable_wrong,0,24,0.000000
case_seed_prediction,pass_b,activation_concentrated_on_degradation_artifact,no,selection_event,severe_stable_wrong,9,24,37.500000
case_seed_prediction,pass_b,activation_concentrated_on_degradation_artifact,uncertain,selection_event,severe_stable_wrong,15,24,62.500000
case_seed_prediction,pass_b,activation_concentrated_on_degradation_artifact,yes,analysis_group,beneficial_flip,0,18,0.000000
case_seed_prediction,pass_b,activation_concentrated_on_degradation_artifact,no,analysis_group,beneficial_flip,18,18,100.000000
case_seed_prediction,pass_b,activation_concentrated_on_degradation_artifact,uncertain,analysis_group,beneficial_flip,0,18,0.000000
case_seed_prediction,pass_b,activation_concentrated_on_degradation_artifact,yes,analysis_group,clean_consensus_error,0,30,0.000000
case_seed_prediction,pass_b,activation_concentrated_on_degradation_artifact,no,analysis_group,clean_consensus_error,30,30,100.000000
case_seed_prediction,pass_b,activation_concentrated_on_degradation_artifact,uncertain,analysis_group,clean_consensus_error,0,30,0.000000
case_seed_prediction,pass_b,activation_concentrated_on_degradation_artifact,yes,analysis_group,harmful_flip,0,60,0.000000
case_seed_prediction,pass_b,activation_concentrated_on_degradation_artifact,no,analysis_group,harmful_flip,36,60,60.000000
case_seed_prediction,pass_b,activation_concentrated_on_degradation_artifact,uncertain,analysis_group,harmful_flip,24,60,40.000000
case_seed_prediction,pass_b,activation_concentrated_on_degradation_artifact,yes,analysis_group,seed_disagreement,0,24,0.000000
case_seed_prediction,pass_b,activation_concentrated_on_degradation_artifact,no,analysis_group,seed_disagreement,18,24,75.000000
case_seed_prediction,pass_b,activation_concentrated_on_degradation_artifact,uncertain,analysis_group,seed_disagreement,6,24,25.000000
case_seed_prediction,pass_b,activation_concentrated_on_degradation_artifact,yes,analysis_group,stable_correct,0,24,0.000000
case_seed_prediction,pass_b,activation_concentrated_on_degradation_artifact,no,analysis_group,stable_correct,24,24,100.000000
case_seed_prediction,pass_b,activation_concentrated_on_degradation_artifact,uncertain,analysis_group,stable_correct,0,24,0.000000
case_seed_prediction,pass_b,activation_concentrated_on_degradation_artifact,yes,analysis_group,stable_wrong,0,24,0.000000
case_seed_prediction,pass_b,activation_concentrated_on_degradation_artifact,no,analysis_group,stable_wrong,9,24,37.500000
case_seed_prediction,pass_b,activation_concentrated_on_degradation_artifact,uncertain,analysis_group,stable_wrong,15,24,62.500000
case_seed_prediction,pass_b,activation_concentrated_on_degradation_artifact,yes,true_label,corrosion,0,45,0.000000
case_seed_prediction,pass_b,activation_concentrated_on_degradation_artifact,no,true_label,corrosion,36,45,80.000000
case_seed_prediction,pass_b,activation_concentrated_on_degradation_artifact,uncertain,true_label,corrosion,9,45,20.000000
case_seed_prediction,pass_b,activation_concentrated_on_degradation_artifact,yes,true_label,crack,0,21,0.000000
case_seed_prediction,pass_b,activation_concentrated_on_degradation_artifact,no,true_label,crack,18,21,85.714286
case_seed_prediction,pass_b,activation_concentrated_on_degradation_artifact,uncertain,true_label,crack,3,21,14.285714
case_seed_prediction,pass_b,activation_concentrated_on_degradation_artifact,yes,true_label,craze,0,36,0.000000
case_seed_prediction,pass_b,activation_concentrated_on_degradation_artifact,no,true_label,craze,24,36,66.666667
case_seed_prediction,pass_b,activation_concentrated_on_degradation_artifact,uncertain,true_label,craze,12,36,33.333333
case_seed_prediction,pass_b,activation_concentrated_on_degradation_artifact,yes,true_label,hide_craze,0,27,0.000000
case_seed_prediction,pass_b,activation_concentrated_on_degradation_artifact,no,true_label,hide_craze,12,27,44.444444
case_seed_prediction,pass_b,activation_concentrated_on_degradation_artifact,uncertain,true_label,hide_craze,15,27,55.555556
case_seed_prediction,pass_b,activation_concentrated_on_degradation_artifact,yes,true_label,surface_injure,0,36,0.000000
case_seed_prediction,pass_b,activation_concentrated_on_degradation_artifact,no,true_label,surface_injure,30,36,83.333333
case_seed_prediction,pass_b,activation_concentrated_on_degradation_artifact,uncertain,true_label,surface_injure,6,36,16.666667
case_seed_prediction,pass_b,activation_concentrated_on_degradation_artifact,yes,true_label,thunderstrike,0,15,0.000000
case_seed_prediction,pass_b,activation_concentrated_on_degradation_artifact,no,true_label,thunderstrike,15,15,100.000000
case_seed_prediction,pass_b,activation_concentrated_on_degradation_artifact,uncertain,true_label,thunderstrike,0,15,0.000000
case_seed_prediction,pass_b,activation_concentrated_on_degradation_artifact,yes,predicted_label,corrosion,0,44,0.000000
case_seed_prediction,pass_b,activation_concentrated_on_degradation_artifact,no,predicted_label,corrosion,34,44,77.272727
case_seed_prediction,pass_b,activation_concentrated_on_degradation_artifact,uncertain,predicted_label,corrosion,10,44,22.727273
case_seed_prediction,pass_b,activation_concentrated_on_degradation_artifact,yes,predicted_label,crack,0,6,0.000000
case_seed_prediction,pass_b,activation_concentrated_on_degradation_artifact,no,predicted_label,crack,6,6,100.000000
case_seed_prediction,pass_b,activation_concentrated_on_degradation_artifact,uncertain,predicted_label,crack,0,6,0.000000
case_seed_prediction,pass_b,activation_concentrated_on_degradation_artifact,yes,predicted_label,craze,0,26,0.000000
case_seed_prediction,pass_b,activation_concentrated_on_degradation_artifact,no,predicted_label,craze,23,26,88.461538
case_seed_prediction,pass_b,activation_concentrated_on_degradation_artifact,uncertain,predicted_label,craze,3,26,11.538462
case_seed_prediction,pass_b,activation_concentrated_on_degradation_artifact,yes,predicted_label,hide_craze,0,46,0.000000
case_seed_prediction,pass_b,activation_concentrated_on_degradation_artifact,no,predicted_label,hide_craze,32,46,69.565217
case_seed_prediction,pass_b,activation_concentrated_on_degradation_artifact,uncertain,predicted_label,hide_craze,14,46,30.434783
case_seed_prediction,pass_b,activation_concentrated_on_degradation_artifact,yes,predicted_label,surface_injure,0,53,0.000000
case_seed_prediction,pass_b,activation_concentrated_on_degradation_artifact,no,predicted_label,surface_injure,35,53,66.037736
case_seed_prediction,pass_b,activation_concentrated_on_degradation_artifact,uncertain,predicted_label,surface_injure,18,53,33.962264
case_seed_prediction,pass_b,activation_concentrated_on_degradation_artifact,yes,predicted_label,thunderstrike,0,5,0.000000
case_seed_prediction,pass_b,activation_concentrated_on_degradation_artifact,no,predicted_label,thunderstrike,5,5,100.000000
case_seed_prediction,pass_b,activation_concentrated_on_degradation_artifact,uncertain,predicted_label,thunderstrike,0,5,0.000000
case_seed_prediction,pass_b,activation_concentrated_on_degradation_artifact,yes,correct,false,0,129,0.000000
case_seed_prediction,pass_b,activation_concentrated_on_degradation_artifact,no,correct,false,87,129,67.441860
case_seed_prediction,pass_b,activation_concentrated_on_degradation_artifact,uncertain,correct,false,42,129,32.558140
case_seed_prediction,pass_b,activation_concentrated_on_degradation_artifact,yes,correct,true,0,51,0.000000
case_seed_prediction,pass_b,activation_concentrated_on_degradation_artifact,no,correct,true,48,51,94.117647
case_seed_prediction,pass_b,activation_concentrated_on_degradation_artifact,uncertain,correct,true,3,51,5.882353
case_seed_prediction,pass_b,activation_concentrated_on_degradation_artifact,yes,event_category,beneficial_flip,0,18,0.000000
case_seed_prediction,pass_b,activation_concentrated_on_degradation_artifact,no,event_category,beneficial_flip,18,18,100.000000
case_seed_prediction,pass_b,activation_concentrated_on_degradation_artifact,uncertain,event_category,beneficial_flip,0,18,0.000000
case_seed_prediction,pass_b,activation_concentrated_on_degradation_artifact,yes,event_category,clean_only,0,30,0.000000
case_seed_prediction,pass_b,activation_concentrated_on_degradation_artifact,no,event_category,clean_only,30,30,100.000000
case_seed_prediction,pass_b,activation_concentrated_on_degradation_artifact,uncertain,event_category,clean_only,0,30,0.000000
case_seed_prediction,pass_b,activation_concentrated_on_degradation_artifact,yes,event_category,harmful_flip,0,69,0.000000
case_seed_prediction,pass_b,activation_concentrated_on_degradation_artifact,no,event_category,harmful_flip,41,69,59.420290
case_seed_prediction,pass_b,activation_concentrated_on_degradation_artifact,uncertain,event_category,harmful_flip,28,69,40.579710
case_seed_prediction,pass_b,activation_concentrated_on_degradation_artifact,yes,event_category,stable_correct,0,33,0.000000
case_seed_prediction,pass_b,activation_concentrated_on_degradation_artifact,no,event_category,stable_correct,30,33,90.909091
case_seed_prediction,pass_b,activation_concentrated_on_degradation_artifact,uncertain,event_category,stable_correct,3,33,9.090909
case_seed_prediction,pass_b,activation_concentrated_on_degradation_artifact,yes,event_category,stable_wrong,0,30,0.000000
case_seed_prediction,pass_b,activation_concentrated_on_degradation_artifact,no,event_category,stable_wrong,16,30,53.333333
case_seed_prediction,pass_b,activation_concentrated_on_degradation_artifact,uncertain,event_category,stable_wrong,14,30,46.666667
case_seed_prediction,pass_b,activation_concentrated_on_degradation_artifact,yes,confusion_pair,corrosion->corrosion,0,15,0.000000
case_seed_prediction,pass_b,activation_concentrated_on_degradation_artifact,no,confusion_pair,corrosion->corrosion,14,15,93.333333
case_seed_prediction,pass_b,activation_concentrated_on_degradation_artifact,uncertain,confusion_pair,corrosion->corrosion,1,15,6.666667
case_seed_prediction,pass_b,activation_concentrated_on_degradation_artifact,yes,confusion_pair,corrosion->hide_craze,0,17,0.000000
case_seed_prediction,pass_b,activation_concentrated_on_degradation_artifact,no,confusion_pair,corrosion->hide_craze,12,17,70.588235
case_seed_prediction,pass_b,activation_concentrated_on_degradation_artifact,uncertain,confusion_pair,corrosion->hide_craze,5,17,29.411765
case_seed_prediction,pass_b,activation_concentrated_on_degradation_artifact,yes,confusion_pair,corrosion->surface_injure,0,13,0.000000
case_seed_prediction,pass_b,activation_concentrated_on_degradation_artifact,no,confusion_pair,corrosion->surface_injure,10,13,76.923077
case_seed_prediction,pass_b,activation_concentrated_on_degradation_artifact,uncertain,confusion_pair,corrosion->surface_injure,3,13,23.076923
case_seed_prediction,pass_b,activation_concentrated_on_degradation_artifact,yes,confusion_pair,crack->corrosion,0,2,0.000000
case_seed_prediction,pass_b,activation_concentrated_on_degradation_artifact,no,confusion_pair,crack->corrosion,2,2,100.000000
case_seed_prediction,pass_b,activation_concentrated_on_degradation_artifact,uncertain,confusion_pair,crack->corrosion,0,2,0.000000
case_seed_prediction,pass_b,activation_concentrated_on_degradation_artifact,yes,confusion_pair,crack->crack,0,6,0.000000
case_seed_prediction,pass_b,activation_concentrated_on_degradation_artifact,no,confusion_pair,crack->crack,6,6,100.000000
case_seed_prediction,pass_b,activation_concentrated_on_degradation_artifact,uncertain,confusion_pair,crack->crack,0,6,0.000000
case_seed_prediction,pass_b,activation_concentrated_on_degradation_artifact,yes,confusion_pair,crack->craze,0,4,0.000000
case_seed_prediction,pass_b,activation_concentrated_on_degradation_artifact,no,confusion_pair,crack->craze,2,4,50.000000
case_seed_prediction,pass_b,activation_concentrated_on_degradation_artifact,uncertain,confusion_pair,crack->craze,2,4,50.000000
case_seed_prediction,pass_b,activation_concentrated_on_degradation_artifact,yes,confusion_pair,crack->hide_craze,0,7,0.000000
case_seed_prediction,pass_b,activation_concentrated_on_degradation_artifact,no,confusion_pair,crack->hide_craze,6,7,85.714286
case_seed_prediction,pass_b,activation_concentrated_on_degradation_artifact,uncertain,confusion_pair,crack->hide_craze,1,7,14.285714
case_seed_prediction,pass_b,activation_concentrated_on_degradation_artifact,yes,confusion_pair,crack->surface_injure,0,2,0.000000
case_seed_prediction,pass_b,activation_concentrated_on_degradation_artifact,no,confusion_pair,crack->surface_injure,2,2,100.000000
case_seed_prediction,pass_b,activation_concentrated_on_degradation_artifact,uncertain,confusion_pair,crack->surface_injure,0,2,0.000000
case_seed_prediction,pass_b,activation_concentrated_on_degradation_artifact,yes,confusion_pair,craze->corrosion,0,14,0.000000
case_seed_prediction,pass_b,activation_concentrated_on_degradation_artifact,no,confusion_pair,craze->corrosion,10,14,71.428571
case_seed_prediction,pass_b,activation_concentrated_on_degradation_artifact,uncertain,confusion_pair,craze->corrosion,4,14,28.571429
case_seed_prediction,pass_b,activation_concentrated_on_degradation_artifact,yes,confusion_pair,craze->craze,0,8,0.000000
case_seed_prediction,pass_b,activation_concentrated_on_degradation_artifact,no,confusion_pair,craze->craze,7,8,87.500000
case_seed_prediction,pass_b,activation_concentrated_on_degradation_artifact,uncertain,confusion_pair,craze->craze,1,8,12.500000
case_seed_prediction,pass_b,activation_concentrated_on_degradation_artifact,yes,confusion_pair,craze->hide_craze,0,7,0.000000
case_seed_prediction,pass_b,activation_concentrated_on_degradation_artifact,no,confusion_pair,craze->hide_craze,2,7,28.571429
case_seed_prediction,pass_b,activation_concentrated_on_degradation_artifact,uncertain,confusion_pair,craze->hide_craze,5,7,71.428571
case_seed_prediction,pass_b,activation_concentrated_on_degradation_artifact,yes,confusion_pair,craze->surface_injure,0,7,0.000000
case_seed_prediction,pass_b,activation_concentrated_on_degradation_artifact,no,confusion_pair,craze->surface_injure,5,7,71.428571
case_seed_prediction,pass_b,activation_concentrated_on_degradation_artifact,uncertain,confusion_pair,craze->surface_injure,2,7,28.571429
case_seed_prediction,pass_b,activation_concentrated_on_degradation_artifact,yes,confusion_pair,hide_craze->corrosion,0,1,0.000000
case_seed_prediction,pass_b,activation_concentrated_on_degradation_artifact,no,confusion_pair,hide_craze->corrosion,0,1,0.000000
case_seed_prediction,pass_b,activation_concentrated_on_degradation_artifact,uncertain,confusion_pair,hide_craze->corrosion,1,1,100.000000
case_seed_prediction,pass_b,activation_concentrated_on_degradation_artifact,yes,confusion_pair,hide_craze->craze,0,3,0.000000
case_seed_prediction,pass_b,activation_concentrated_on_degradation_artifact,no,confusion_pair,hide_craze->craze,3,3,100.000000
case_seed_prediction,pass_b,activation_concentrated_on_degradation_artifact,uncertain,confusion_pair,hide_craze->craze,0,3,0.000000
case_seed_prediction,pass_b,activation_concentrated_on_degradation_artifact,yes,confusion_pair,hide_craze->hide_craze,0,7,0.000000
case_seed_prediction,pass_b,activation_concentrated_on_degradation_artifact,no,confusion_pair,hide_craze->hide_craze,6,7,85.714286
case_seed_prediction,pass_b,activation_concentrated_on_degradation_artifact,uncertain,confusion_pair,hide_craze->hide_craze,1,7,14.285714
case_seed_prediction,pass_b,activation_concentrated_on_degradation_artifact,yes,confusion_pair,hide_craze->surface_injure,0,16,0.000000
case_seed_prediction,pass_b,activation_concentrated_on_degradation_artifact,no,confusion_pair,hide_craze->surface_injure,3,16,18.750000
case_seed_prediction,pass_b,activation_concentrated_on_degradation_artifact,uncertain,confusion_pair,hide_craze->surface_injure,13,16,81.250000
case_seed_prediction,pass_b,activation_concentrated_on_degradation_artifact,yes,confusion_pair,surface_injure->corrosion,0,12,0.000000
case_seed_prediction,pass_b,activation_concentrated_on_degradation_artifact,no,confusion_pair,surface_injure->corrosion,8,12,66.666667
case_seed_prediction,pass_b,activation_concentrated_on_degradation_artifact,uncertain,confusion_pair,surface_injure->corrosion,4,12,33.333333
case_seed_prediction,pass_b,activation_concentrated_on_degradation_artifact,yes,confusion_pair,surface_injure->craze,0,8,0.000000
case_seed_prediction,pass_b,activation_concentrated_on_degradation_artifact,no,confusion_pair,surface_injure->craze,8,8,100.000000
case_seed_prediction,pass_b,activation_concentrated_on_degradation_artifact,uncertain,confusion_pair,surface_injure->craze,0,8,0.000000
case_seed_prediction,pass_b,activation_concentrated_on_degradation_artifact,yes,confusion_pair,surface_injure->hide_craze,0,6,0.000000
case_seed_prediction,pass_b,activation_concentrated_on_degradation_artifact,no,confusion_pair,surface_injure->hide_craze,4,6,66.666667
case_seed_prediction,pass_b,activation_concentrated_on_degradation_artifact,uncertain,confusion_pair,surface_injure->hide_craze,2,6,33.333333
case_seed_prediction,pass_b,activation_concentrated_on_degradation_artifact,yes,confusion_pair,surface_injure->surface_injure,0,10,0.000000
case_seed_prediction,pass_b,activation_concentrated_on_degradation_artifact,no,confusion_pair,surface_injure->surface_injure,10,10,100.000000
case_seed_prediction,pass_b,activation_concentrated_on_degradation_artifact,uncertain,confusion_pair,surface_injure->surface_injure,0,10,0.000000
case_seed_prediction,pass_b,activation_concentrated_on_degradation_artifact,yes,confusion_pair,thunderstrike->craze,0,3,0.000000
case_seed_prediction,pass_b,activation_concentrated_on_degradation_artifact,no,confusion_pair,thunderstrike->craze,3,3,100.000000
case_seed_prediction,pass_b,activation_concentrated_on_degradation_artifact,uncertain,confusion_pair,thunderstrike->craze,0,3,0.000000
case_seed_prediction,pass_b,activation_concentrated_on_degradation_artifact,yes,confusion_pair,thunderstrike->hide_craze,0,2,0.000000
case_seed_prediction,pass_b,activation_concentrated_on_degradation_artifact,no,confusion_pair,thunderstrike->hide_craze,2,2,100.000000
case_seed_prediction,pass_b,activation_concentrated_on_degradation_artifact,uncertain,confusion_pair,thunderstrike->hide_craze,0,2,0.000000
case_seed_prediction,pass_b,activation_concentrated_on_degradation_artifact,yes,confusion_pair,thunderstrike->surface_injure,0,5,0.000000
case_seed_prediction,pass_b,activation_concentrated_on_degradation_artifact,no,confusion_pair,thunderstrike->surface_injure,5,5,100.000000
case_seed_prediction,pass_b,activation_concentrated_on_degradation_artifact,uncertain,confusion_pair,thunderstrike->surface_injure,0,5,0.000000
case_seed_prediction,pass_b,activation_concentrated_on_degradation_artifact,yes,confusion_pair,thunderstrike->thunderstrike,0,5,0.000000
case_seed_prediction,pass_b,activation_concentrated_on_degradation_artifact,no,confusion_pair,thunderstrike->thunderstrike,5,5,100.000000
case_seed_prediction,pass_b,activation_concentrated_on_degradation_artifact,uncertain,confusion_pair,thunderstrike->thunderstrike,0,5,0.000000
case_seed_prediction,pass_b,pattern_consistent_across_cnn_seeds,yes,method,mobilenet_v3_small,15,27,55.555556
case_seed_prediction,pass_b,pattern_consistent_across_cnn_seeds,partly,method,mobilenet_v3_small,12,27,44.444444
case_seed_prediction,pass_b,pattern_consistent_across_cnn_seeds,no,method,mobilenet_v3_small,0,27,0.000000
case_seed_prediction,pass_b,pattern_consistent_across_cnn_seeds,uncertain,method,mobilenet_v3_small,0,27,0.000000
case_seed_prediction,pass_b,pattern_consistent_across_cnn_seeds,yes,method,resnet18,57,153,37.254902
case_seed_prediction,pass_b,pattern_consistent_across_cnn_seeds,partly,method,resnet18,78,153,50.980392
case_seed_prediction,pass_b,pattern_consistent_across_cnn_seeds,no,method,resnet18,18,153,11.764706
case_seed_prediction,pass_b,pattern_consistent_across_cnn_seeds,uncertain,method,resnet18,0,153,0.000000
case_seed_prediction,pass_b,pattern_consistent_across_cnn_seeds,yes,corruption_family,brightness,51,102,50.000000
case_seed_prediction,pass_b,pattern_consistent_across_cnn_seeds,partly,corruption_family,brightness,36,102,35.294118
case_seed_prediction,pass_b,pattern_consistent_across_cnn_seeds,no,corruption_family,brightness,15,102,14.705882
case_seed_prediction,pass_b,pattern_consistent_across_cnn_seeds,uncertain,corruption_family,brightness,0,102,0.000000
case_seed_prediction,pass_b,pattern_consistent_across_cnn_seeds,yes,corruption_family,clean,6,30,20.000000
case_seed_prediction,pass_b,pattern_consistent_across_cnn_seeds,partly,corruption_family,clean,24,30,80.000000
case_seed_prediction,pass_b,pattern_consistent_across_cnn_seeds,no,corruption_family,clean,0,30,0.000000
case_seed_prediction,pass_b,pattern_consistent_across_cnn_seeds,uncertain,corruption_family,clean,0,30,0.000000
case_seed_prediction,pass_b,pattern_consistent_across_cnn_seeds,yes,corruption_family,gaussian_blur,15,39,38.461538
case_seed_prediction,pass_b,pattern_consistent_across_cnn_seeds,partly,corruption_family,gaussian_blur,21,39,53.846154
case_seed_prediction,pass_b,pattern_consistent_across_cnn_seeds,no,corruption_family,gaussian_blur,3,39,7.692308
case_seed_prediction,pass_b,pattern_consistent_across_cnn_seeds,uncertain,corruption_family,gaussian_blur,0,39,0.000000
case_seed_prediction,pass_b,pattern_consistent_across_cnn_seeds,yes,corruption_family,jpeg,0,9,0.000000
case_seed_prediction,pass_b,pattern_consistent_across_cnn_seeds,partly,corruption_family,jpeg,9,9,100.000000
case_seed_prediction,pass_b,pattern_consistent_across_cnn_seeds,no,corruption_family,jpeg,0,9,0.000000
case_seed_prediction,pass_b,pattern_consistent_across_cnn_seeds,uncertain,corruption_family,jpeg,0,9,0.000000
case_seed_prediction,pass_b,pattern_consistent_across_cnn_seeds,yes,severity,clean,6,30,20.000000
case_seed_prediction,pass_b,pattern_consistent_across_cnn_seeds,partly,severity,clean,24,30,80.000000
case_seed_prediction,pass_b,pattern_consistent_across_cnn_seeds,no,severity,clean,0,30,0.000000
case_seed_prediction,pass_b,pattern_consistent_across_cnn_seeds,uncertain,severity,clean,0,30,0.000000
case_seed_prediction,pass_b,pattern_consistent_across_cnn_seeds,yes,severity,mild,6,12,50.000000
case_seed_prediction,pass_b,pattern_consistent_across_cnn_seeds,partly,severity,mild,3,12,25.000000
case_seed_prediction,pass_b,pattern_consistent_across_cnn_seeds,no,severity,mild,3,12,25.000000
case_seed_prediction,pass_b,pattern_consistent_across_cnn_seeds,uncertain,severity,mild,0,12,0.000000
case_seed_prediction,pass_b,pattern_consistent_across_cnn_seeds,yes,severity,moderate,3,9,33.333333
case_seed_prediction,pass_b,pattern_consistent_across_cnn_seeds,partly,severity,moderate,6,9,66.666667
case_seed_prediction,pass_b,pattern_consistent_across_cnn_seeds,no,severity,moderate,0,9,0.000000
case_seed_prediction,pass_b,pattern_consistent_across_cnn_seeds,uncertain,severity,moderate,0,9,0.000000
case_seed_prediction,pass_b,pattern_consistent_across_cnn_seeds,yes,severity,severe,57,129,44.186047
case_seed_prediction,pass_b,pattern_consistent_across_cnn_seeds,partly,severity,severe,57,129,44.186047
case_seed_prediction,pass_b,pattern_consistent_across_cnn_seeds,no,severity,severe,15,129,11.627907
case_seed_prediction,pass_b,pattern_consistent_across_cnn_seeds,uncertain,severity,severe,0,129,0.000000
case_seed_prediction,pass_b,pattern_consistent_across_cnn_seeds,yes,selection_event,beneficial_flip,6,18,33.333333
case_seed_prediction,pass_b,pattern_consistent_across_cnn_seeds,partly,selection_event,beneficial_flip,12,18,66.666667
case_seed_prediction,pass_b,pattern_consistent_across_cnn_seeds,no,selection_event,beneficial_flip,0,18,0.000000
case_seed_prediction,pass_b,pattern_consistent_across_cnn_seeds,uncertain,selection_event,beneficial_flip,0,18,0.000000
case_seed_prediction,pass_b,pattern_consistent_across_cnn_seeds,yes,selection_event,clean_consensus_error,6,30,20.000000
case_seed_prediction,pass_b,pattern_consistent_across_cnn_seeds,partly,selection_event,clean_consensus_error,24,30,80.000000
case_seed_prediction,pass_b,pattern_consistent_across_cnn_seeds,no,selection_event,clean_consensus_error,0,30,0.000000
case_seed_prediction,pass_b,pattern_consistent_across_cnn_seeds,uncertain,selection_event,clean_consensus_error,0,30,0.000000
case_seed_prediction,pass_b,pattern_consistent_across_cnn_seeds,yes,selection_event,seed_disagreement,9,24,37.500000
case_seed_prediction,pass_b,pattern_consistent_across_cnn_seeds,partly,selection_event,seed_disagreement,9,24,37.500000
case_seed_prediction,pass_b,pattern_consistent_across_cnn_seeds,no,selection_event,seed_disagreement,6,24,25.000000
case_seed_prediction,pass_b,pattern_consistent_across_cnn_seeds,uncertain,selection_event,seed_disagreement,0,24,0.000000
case_seed_prediction,pass_b,pattern_consistent_across_cnn_seeds,yes,selection_event,severe_harmful_flip,21,60,35.000000
case_seed_prediction,pass_b,pattern_consistent_across_cnn_seeds,partly,selection_event,severe_harmful_flip,27,60,45.000000
case_seed_prediction,pass_b,pattern_consistent_across_cnn_seeds,no,selection_event,severe_harmful_flip,12,60,20.000000
case_seed_prediction,pass_b,pattern_consistent_across_cnn_seeds,uncertain,selection_event,severe_harmful_flip,0,60,0.000000
case_seed_prediction,pass_b,pattern_consistent_across_cnn_seeds,yes,selection_event,severe_stable_correct,21,24,87.500000
case_seed_prediction,pass_b,pattern_consistent_across_cnn_seeds,partly,selection_event,severe_stable_correct,3,24,12.500000
case_seed_prediction,pass_b,pattern_consistent_across_cnn_seeds,no,selection_event,severe_stable_correct,0,24,0.000000
case_seed_prediction,pass_b,pattern_consistent_across_cnn_seeds,uncertain,selection_event,severe_stable_correct,0,24,0.000000
case_seed_prediction,pass_b,pattern_consistent_across_cnn_seeds,yes,selection_event,severe_stable_wrong,9,24,37.500000
case_seed_prediction,pass_b,pattern_consistent_across_cnn_seeds,partly,selection_event,severe_stable_wrong,15,24,62.500000
case_seed_prediction,pass_b,pattern_consistent_across_cnn_seeds,no,selection_event,severe_stable_wrong,0,24,0.000000
case_seed_prediction,pass_b,pattern_consistent_across_cnn_seeds,uncertain,selection_event,severe_stable_wrong,0,24,0.000000
case_seed_prediction,pass_b,pattern_consistent_across_cnn_seeds,yes,analysis_group,beneficial_flip,6,18,33.333333
case_seed_prediction,pass_b,pattern_consistent_across_cnn_seeds,partly,analysis_group,beneficial_flip,12,18,66.666667
case_seed_prediction,pass_b,pattern_consistent_across_cnn_seeds,no,analysis_group,beneficial_flip,0,18,0.000000
case_seed_prediction,pass_b,pattern_consistent_across_cnn_seeds,uncertain,analysis_group,beneficial_flip,0,18,0.000000
case_seed_prediction,pass_b,pattern_consistent_across_cnn_seeds,yes,analysis_group,clean_consensus_error,6,30,20.000000
case_seed_prediction,pass_b,pattern_consistent_across_cnn_seeds,partly,analysis_group,clean_consensus_error,24,30,80.000000
case_seed_prediction,pass_b,pattern_consistent_across_cnn_seeds,no,analysis_group,clean_consensus_error,0,30,0.000000
case_seed_prediction,pass_b,pattern_consistent_across_cnn_seeds,uncertain,analysis_group,clean_consensus_error,0,30,0.000000
case_seed_prediction,pass_b,pattern_consistent_across_cnn_seeds,yes,analysis_group,harmful_flip,21,60,35.000000
case_seed_prediction,pass_b,pattern_consistent_across_cnn_seeds,partly,analysis_group,harmful_flip,27,60,45.000000
case_seed_prediction,pass_b,pattern_consistent_across_cnn_seeds,no,analysis_group,harmful_flip,12,60,20.000000
case_seed_prediction,pass_b,pattern_consistent_across_cnn_seeds,uncertain,analysis_group,harmful_flip,0,60,0.000000
case_seed_prediction,pass_b,pattern_consistent_across_cnn_seeds,yes,analysis_group,seed_disagreement,9,24,37.500000
case_seed_prediction,pass_b,pattern_consistent_across_cnn_seeds,partly,analysis_group,seed_disagreement,9,24,37.500000
case_seed_prediction,pass_b,pattern_consistent_across_cnn_seeds,no,analysis_group,seed_disagreement,6,24,25.000000
case_seed_prediction,pass_b,pattern_consistent_across_cnn_seeds,uncertain,analysis_group,seed_disagreement,0,24,0.000000
case_seed_prediction,pass_b,pattern_consistent_across_cnn_seeds,yes,analysis_group,stable_correct,21,24,87.500000
case_seed_prediction,pass_b,pattern_consistent_across_cnn_seeds,partly,analysis_group,stable_correct,3,24,12.500000
case_seed_prediction,pass_b,pattern_consistent_across_cnn_seeds,no,analysis_group,stable_correct,0,24,0.000000
case_seed_prediction,pass_b,pattern_consistent_across_cnn_seeds,uncertain,analysis_group,stable_correct,0,24,0.000000
case_seed_prediction,pass_b,pattern_consistent_across_cnn_seeds,yes,analysis_group,stable_wrong,9,24,37.500000
case_seed_prediction,pass_b,pattern_consistent_across_cnn_seeds,partly,analysis_group,stable_wrong,15,24,62.500000
case_seed_prediction,pass_b,pattern_consistent_across_cnn_seeds,no,analysis_group,stable_wrong,0,24,0.000000
case_seed_prediction,pass_b,pattern_consistent_across_cnn_seeds,uncertain,analysis_group,stable_wrong,0,24,0.000000
case_seed_prediction,pass_b,pattern_consistent_across_cnn_seeds,yes,true_label,corrosion,18,45,40.000000
case_seed_prediction,pass_b,pattern_consistent_across_cnn_seeds,partly,true_label,corrosion,27,45,60.000000
case_seed_prediction,pass_b,pattern_consistent_across_cnn_seeds,no,true_label,corrosion,0,45,0.000000
case_seed_prediction,pass_b,pattern_consistent_across_cnn_seeds,uncertain,true_label,corrosion,0,45,0.000000
case_seed_prediction,pass_b,pattern_consistent_across_cnn_seeds,yes,true_label,crack,21,21,100.000000
case_seed_prediction,pass_b,pattern_consistent_across_cnn_seeds,partly,true_label,crack,0,21,0.000000
case_seed_prediction,pass_b,pattern_consistent_across_cnn_seeds,no,true_label,crack,0,21,0.000000
case_seed_prediction,pass_b,pattern_consistent_across_cnn_seeds,uncertain,true_label,crack,0,21,0.000000
case_seed_prediction,pass_b,pattern_consistent_across_cnn_seeds,yes,true_label,craze,12,36,33.333333
case_seed_prediction,pass_b,pattern_consistent_across_cnn_seeds,partly,true_label,craze,24,36,66.666667
case_seed_prediction,pass_b,pattern_consistent_across_cnn_seeds,no,true_label,craze,0,36,0.000000
case_seed_prediction,pass_b,pattern_consistent_across_cnn_seeds,uncertain,true_label,craze,0,36,0.000000
case_seed_prediction,pass_b,pattern_consistent_across_cnn_seeds,yes,true_label,hide_craze,12,27,44.444444
case_seed_prediction,pass_b,pattern_consistent_across_cnn_seeds,partly,true_label,hide_craze,6,27,22.222222
case_seed_prediction,pass_b,pattern_consistent_across_cnn_seeds,no,true_label,hide_craze,9,27,33.333333
case_seed_prediction,pass_b,pattern_consistent_across_cnn_seeds,uncertain,true_label,hide_craze,0,27,0.000000
case_seed_prediction,pass_b,pattern_consistent_across_cnn_seeds,yes,true_label,surface_injure,0,36,0.000000
case_seed_prediction,pass_b,pattern_consistent_across_cnn_seeds,partly,true_label,surface_injure,30,36,83.333333
case_seed_prediction,pass_b,pattern_consistent_across_cnn_seeds,no,true_label,surface_injure,6,36,16.666667
case_seed_prediction,pass_b,pattern_consistent_across_cnn_seeds,uncertain,true_label,surface_injure,0,36,0.000000
case_seed_prediction,pass_b,pattern_consistent_across_cnn_seeds,yes,true_label,thunderstrike,9,15,60.000000
case_seed_prediction,pass_b,pattern_consistent_across_cnn_seeds,partly,true_label,thunderstrike,3,15,20.000000
case_seed_prediction,pass_b,pattern_consistent_across_cnn_seeds,no,true_label,thunderstrike,3,15,20.000000
case_seed_prediction,pass_b,pattern_consistent_across_cnn_seeds,uncertain,true_label,thunderstrike,0,15,0.000000
case_seed_prediction,pass_b,pattern_consistent_across_cnn_seeds,yes,predicted_label,corrosion,16,44,36.363636
case_seed_prediction,pass_b,pattern_consistent_across_cnn_seeds,partly,predicted_label,corrosion,26,44,59.090909
case_seed_prediction,pass_b,pattern_consistent_across_cnn_seeds,no,predicted_label,corrosion,2,44,4.545455
case_seed_prediction,pass_b,pattern_consistent_across_cnn_seeds,uncertain,predicted_label,corrosion,0,44,0.000000
case_seed_prediction,pass_b,pattern_consistent_across_cnn_seeds,yes,predicted_label,crack,6,6,100.000000
case_seed_prediction,pass_b,pattern_consistent_across_cnn_seeds,partly,predicted_label,crack,0,6,0.000000
case_seed_prediction,pass_b,pattern_consistent_across_cnn_seeds,no,predicted_label,crack,0,6,0.000000
case_seed_prediction,pass_b,pattern_consistent_across_cnn_seeds,uncertain,predicted_label,crack,0,6,0.000000
case_seed_prediction,pass_b,pattern_consistent_across_cnn_seeds,yes,predicted_label,craze,11,26,42.307692
case_seed_prediction,pass_b,pattern_consistent_across_cnn_seeds,partly,predicted_label,craze,12,26,46.153846
case_seed_prediction,pass_b,pattern_consistent_across_cnn_seeds,no,predicted_label,craze,3,26,11.538462
case_seed_prediction,pass_b,pattern_consistent_across_cnn_seeds,uncertain,predicted_label,craze,0,26,0.000000
case_seed_prediction,pass_b,pattern_consistent_across_cnn_seeds,yes,predicted_label,hide_craze,14,46,30.434783
case_seed_prediction,pass_b,pattern_consistent_across_cnn_seeds,partly,predicted_label,hide_craze,29,46,63.043478
case_seed_prediction,pass_b,pattern_consistent_across_cnn_seeds,no,predicted_label,hide_craze,3,46,6.521739
case_seed_prediction,pass_b,pattern_consistent_across_cnn_seeds,uncertain,predicted_label,hide_craze,0,46,0.000000
case_seed_prediction,pass_b,pattern_consistent_across_cnn_seeds,yes,predicted_label,surface_injure,20,53,37.735849
case_seed_prediction,pass_b,pattern_consistent_across_cnn_seeds,partly,predicted_label,surface_injure,23,53,43.396226
case_seed_prediction,pass_b,pattern_consistent_across_cnn_seeds,no,predicted_label,surface_injure,10,53,18.867925
case_seed_prediction,pass_b,pattern_consistent_across_cnn_seeds,uncertain,predicted_label,surface_injure,0,53,0.000000
case_seed_prediction,pass_b,pattern_consistent_across_cnn_seeds,yes,predicted_label,thunderstrike,5,5,100.000000
case_seed_prediction,pass_b,pattern_consistent_across_cnn_seeds,partly,predicted_label,thunderstrike,0,5,0.000000
case_seed_prediction,pass_b,pattern_consistent_across_cnn_seeds,no,predicted_label,thunderstrike,0,5,0.000000
case_seed_prediction,pass_b,pattern_consistent_across_cnn_seeds,uncertain,predicted_label,thunderstrike,0,5,0.000000
case_seed_prediction,pass_b,pattern_consistent_across_cnn_seeds,yes,correct,false,41,129,31.782946
case_seed_prediction,pass_b,pattern_consistent_across_cnn_seeds,partly,correct,false,72,129,55.813953
case_seed_prediction,pass_b,pattern_consistent_across_cnn_seeds,no,correct,false,16,129,12.403101
case_seed_prediction,pass_b,pattern_consistent_across_cnn_seeds,uncertain,correct,false,0,129,0.000000
case_seed_prediction,pass_b,pattern_consistent_across_cnn_seeds,yes,correct,true,31,51,60.784314
case_seed_prediction,pass_b,pattern_consistent_across_cnn_seeds,partly,correct,true,18,51,35.294118
case_seed_prediction,pass_b,pattern_consistent_across_cnn_seeds,no,correct,true,2,51,3.921569
case_seed_prediction,pass_b,pattern_consistent_across_cnn_seeds,uncertain,correct,true,0,51,0.000000
case_seed_prediction,pass_b,pattern_consistent_across_cnn_seeds,yes,event_category,beneficial_flip,5,18,27.777778
case_seed_prediction,pass_b,pattern_consistent_across_cnn_seeds,partly,event_category,beneficial_flip,12,18,66.666667
case_seed_prediction,pass_b,pattern_consistent_across_cnn_seeds,no,event_category,beneficial_flip,1,18,5.555556
case_seed_prediction,pass_b,pattern_consistent_across_cnn_seeds,uncertain,event_category,beneficial_flip,0,18,0.000000
case_seed_prediction,pass_b,pattern_consistent_across_cnn_seeds,yes,event_category,clean_only,6,30,20.000000
case_seed_prediction,pass_b,pattern_consistent_across_cnn_seeds,partly,event_category,clean_only,24,30,80.000000
case_seed_prediction,pass_b,pattern_consistent_across_cnn_seeds,no,event_category,clean_only,0,30,0.000000
case_seed_prediction,pass_b,pattern_consistent_across_cnn_seeds,uncertain,event_category,clean_only,0,30,0.000000
case_seed_prediction,pass_b,pattern_consistent_across_cnn_seeds,yes,event_category,harmful_flip,25,69,36.231884
case_seed_prediction,pass_b,pattern_consistent_across_cnn_seeds,partly,event_category,harmful_flip,30,69,43.478261
case_seed_prediction,pass_b,pattern_consistent_across_cnn_seeds,no,event_category,harmful_flip,14,69,20.289855
case_seed_prediction,pass_b,pattern_consistent_across_cnn_seeds,uncertain,event_category,harmful_flip,0,69,0.000000
case_seed_prediction,pass_b,pattern_consistent_across_cnn_seeds,yes,event_category,stable_correct,26,33,78.787879
case_seed_prediction,pass_b,pattern_consistent_across_cnn_seeds,partly,event_category,stable_correct,6,33,18.181818
case_seed_prediction,pass_b,pattern_consistent_across_cnn_seeds,no,event_category,stable_correct,1,33,3.030303
case_seed_prediction,pass_b,pattern_consistent_across_cnn_seeds,uncertain,event_category,stable_correct,0,33,0.000000
case_seed_prediction,pass_b,pattern_consistent_across_cnn_seeds,yes,event_category,stable_wrong,10,30,33.333333
case_seed_prediction,pass_b,pattern_consistent_across_cnn_seeds,partly,event_category,stable_wrong,18,30,60.000000
case_seed_prediction,pass_b,pattern_consistent_across_cnn_seeds,no,event_category,stable_wrong,2,30,6.666667
case_seed_prediction,pass_b,pattern_consistent_across_cnn_seeds,uncertain,event_category,stable_wrong,0,30,0.000000
case_seed_prediction,pass_b,pattern_consistent_across_cnn_seeds,yes,confusion_pair,corrosion->corrosion,11,15,73.333333
case_seed_prediction,pass_b,pattern_consistent_across_cnn_seeds,partly,confusion_pair,corrosion->corrosion,4,15,26.666667
case_seed_prediction,pass_b,pattern_consistent_across_cnn_seeds,no,confusion_pair,corrosion->corrosion,0,15,0.000000
case_seed_prediction,pass_b,pattern_consistent_across_cnn_seeds,uncertain,confusion_pair,corrosion->corrosion,0,15,0.000000
case_seed_prediction,pass_b,pattern_consistent_across_cnn_seeds,yes,confusion_pair,corrosion->hide_craze,3,17,17.647059
case_seed_prediction,pass_b,pattern_consistent_across_cnn_seeds,partly,confusion_pair,corrosion->hide_craze,14,17,82.352941
case_seed_prediction,pass_b,pattern_consistent_across_cnn_seeds,no,confusion_pair,corrosion->hide_craze,0,17,0.000000
case_seed_prediction,pass_b,pattern_consistent_across_cnn_seeds,uncertain,confusion_pair,corrosion->hide_craze,0,17,0.000000
case_seed_prediction,pass_b,pattern_consistent_across_cnn_seeds,yes,confusion_pair,corrosion->surface_injure,4,13,30.769231
case_seed_prediction,pass_b,pattern_consistent_across_cnn_seeds,partly,confusion_pair,corrosion->surface_injure,9,13,69.230769
case_seed_prediction,pass_b,pattern_consistent_across_cnn_seeds,no,confusion_pair,corrosion->surface_injure,0,13,0.000000
case_seed_prediction,pass_b,pattern_consistent_across_cnn_seeds,uncertain,confusion_pair,corrosion->surface_injure,0,13,0.000000
case_seed_prediction,pass_b,pattern_consistent_across_cnn_seeds,yes,confusion_pair,crack->corrosion,2,2,100.000000
case_seed_prediction,pass_b,pattern_consistent_across_cnn_seeds,partly,confusion_pair,crack->corrosion,0,2,0.000000
case_seed_prediction,pass_b,pattern_consistent_across_cnn_seeds,no,confusion_pair,crack->corrosion,0,2,0.000000
case_seed_prediction,pass_b,pattern_consistent_across_cnn_seeds,uncertain,confusion_pair,crack->corrosion,0,2,0.000000
case_seed_prediction,pass_b,pattern_consistent_across_cnn_seeds,yes,confusion_pair,crack->crack,6,6,100.000000
case_seed_prediction,pass_b,pattern_consistent_across_cnn_seeds,partly,confusion_pair,crack->crack,0,6,0.000000
case_seed_prediction,pass_b,pattern_consistent_across_cnn_seeds,no,confusion_pair,crack->crack,0,6,0.000000
case_seed_prediction,pass_b,pattern_consistent_across_cnn_seeds,uncertain,confusion_pair,crack->crack,0,6,0.000000
case_seed_prediction,pass_b,pattern_consistent_across_cnn_seeds,yes,confusion_pair,crack->craze,4,4,100.000000
case_seed_prediction,pass_b,pattern_consistent_across_cnn_seeds,partly,confusion_pair,crack->craze,0,4,0.000000
case_seed_prediction,pass_b,pattern_consistent_across_cnn_seeds,no,confusion_pair,crack->craze,0,4,0.000000
case_seed_prediction,pass_b,pattern_consistent_across_cnn_seeds,uncertain,confusion_pair,crack->craze,0,4,0.000000
case_seed_prediction,pass_b,pattern_consistent_across_cnn_seeds,yes,confusion_pair,crack->hide_craze,7,7,100.000000
case_seed_prediction,pass_b,pattern_consistent_across_cnn_seeds,partly,confusion_pair,crack->hide_craze,0,7,0.000000
case_seed_prediction,pass_b,pattern_consistent_across_cnn_seeds,no,confusion_pair,crack->hide_craze,0,7,0.000000
case_seed_prediction,pass_b,pattern_consistent_across_cnn_seeds,uncertain,confusion_pair,crack->hide_craze,0,7,0.000000
case_seed_prediction,pass_b,pattern_consistent_across_cnn_seeds,yes,confusion_pair,crack->surface_injure,2,2,100.000000
case_seed_prediction,pass_b,pattern_consistent_across_cnn_seeds,partly,confusion_pair,crack->surface_injure,0,2,0.000000
case_seed_prediction,pass_b,pattern_consistent_across_cnn_seeds,no,confusion_pair,crack->surface_injure,0,2,0.000000
case_seed_prediction,pass_b,pattern_consistent_across_cnn_seeds,uncertain,confusion_pair,crack->surface_injure,0,2,0.000000
case_seed_prediction,pass_b,pattern_consistent_across_cnn_seeds,yes,confusion_pair,craze->corrosion,3,14,21.428571
case_seed_prediction,pass_b,pattern_consistent_across_cnn_seeds,partly,confusion_pair,craze->corrosion,11,14,78.571429
case_seed_prediction,pass_b,pattern_consistent_across_cnn_seeds,no,confusion_pair,craze->corrosion,0,14,0.000000
case_seed_prediction,pass_b,pattern_consistent_across_cnn_seeds,uncertain,confusion_pair,craze->corrosion,0,14,0.000000
case_seed_prediction,pass_b,pattern_consistent_across_cnn_seeds,yes,confusion_pair,craze->craze,6,8,75.000000
case_seed_prediction,pass_b,pattern_consistent_across_cnn_seeds,partly,confusion_pair,craze->craze,2,8,25.000000
case_seed_prediction,pass_b,pattern_consistent_across_cnn_seeds,no,confusion_pair,craze->craze,0,8,0.000000
case_seed_prediction,pass_b,pattern_consistent_across_cnn_seeds,uncertain,confusion_pair,craze->craze,0,8,0.000000
case_seed_prediction,pass_b,pattern_consistent_across_cnn_seeds,yes,confusion_pair,craze->hide_craze,0,7,0.000000
case_seed_prediction,pass_b,pattern_consistent_across_cnn_seeds,partly,confusion_pair,craze->hide_craze,7,7,100.000000
case_seed_prediction,pass_b,pattern_consistent_across_cnn_seeds,no,confusion_pair,craze->hide_craze,0,7,0.000000
case_seed_prediction,pass_b,pattern_consistent_across_cnn_seeds,uncertain,confusion_pair,craze->hide_craze,0,7,0.000000
case_seed_prediction,pass_b,pattern_consistent_across_cnn_seeds,yes,confusion_pair,craze->surface_injure,3,7,42.857143
case_seed_prediction,pass_b,pattern_consistent_across_cnn_seeds,partly,confusion_pair,craze->surface_injure,4,7,57.142857
case_seed_prediction,pass_b,pattern_consistent_across_cnn_seeds,no,confusion_pair,craze->surface_injure,0,7,0.000000
case_seed_prediction,pass_b,pattern_consistent_across_cnn_seeds,uncertain,confusion_pair,craze->surface_injure,0,7,0.000000
case_seed_prediction,pass_b,pattern_consistent_across_cnn_seeds,yes,confusion_pair,hide_craze->corrosion,0,1,0.000000
case_seed_prediction,pass_b,pattern_consistent_across_cnn_seeds,partly,confusion_pair,hide_craze->corrosion,0,1,0.000000
case_seed_prediction,pass_b,pattern_consistent_across_cnn_seeds,no,confusion_pair,hide_craze->corrosion,1,1,100.000000
case_seed_prediction,pass_b,pattern_consistent_across_cnn_seeds,uncertain,confusion_pair,hide_craze->corrosion,0,1,0.000000
case_seed_prediction,pass_b,pattern_consistent_across_cnn_seeds,yes,confusion_pair,hide_craze->craze,0,3,0.000000
case_seed_prediction,pass_b,pattern_consistent_across_cnn_seeds,partly,confusion_pair,hide_craze->craze,3,3,100.000000
case_seed_prediction,pass_b,pattern_consistent_across_cnn_seeds,no,confusion_pair,hide_craze->craze,0,3,0.000000
case_seed_prediction,pass_b,pattern_consistent_across_cnn_seeds,uncertain,confusion_pair,hide_craze->craze,0,3,0.000000
case_seed_prediction,pass_b,pattern_consistent_across_cnn_seeds,yes,confusion_pair,hide_craze->hide_craze,3,7,42.857143
case_seed_prediction,pass_b,pattern_consistent_across_cnn_seeds,partly,confusion_pair,hide_craze->hide_craze,3,7,42.857143
case_seed_prediction,pass_b,pattern_consistent_across_cnn_seeds,no,confusion_pair,hide_craze->hide_craze,1,7,14.285714
case_seed_prediction,pass_b,pattern_consistent_across_cnn_seeds,uncertain,confusion_pair,hide_craze->hide_craze,0,7,0.000000
case_seed_prediction,pass_b,pattern_consistent_across_cnn_seeds,yes,confusion_pair,hide_craze->surface_injure,9,16,56.250000
case_seed_prediction,pass_b,pattern_consistent_across_cnn_seeds,partly,confusion_pair,hide_craze->surface_injure,0,16,0.000000
case_seed_prediction,pass_b,pattern_consistent_across_cnn_seeds,no,confusion_pair,hide_craze->surface_injure,7,16,43.750000
case_seed_prediction,pass_b,pattern_consistent_across_cnn_seeds,uncertain,confusion_pair,hide_craze->surface_injure,0,16,0.000000
case_seed_prediction,pass_b,pattern_consistent_across_cnn_seeds,yes,confusion_pair,surface_injure->corrosion,0,12,0.000000
case_seed_prediction,pass_b,pattern_consistent_across_cnn_seeds,partly,confusion_pair,surface_injure->corrosion,11,12,91.666667
case_seed_prediction,pass_b,pattern_consistent_across_cnn_seeds,no,confusion_pair,surface_injure->corrosion,1,12,8.333333
case_seed_prediction,pass_b,pattern_consistent_across_cnn_seeds,uncertain,confusion_pair,surface_injure->corrosion,0,12,0.000000
case_seed_prediction,pass_b,pattern_consistent_across_cnn_seeds,yes,confusion_pair,surface_injure->craze,0,8,0.000000
case_seed_prediction,pass_b,pattern_consistent_across_cnn_seeds,partly,confusion_pair,surface_injure->craze,6,8,75.000000
case_seed_prediction,pass_b,pattern_consistent_across_cnn_seeds,no,confusion_pair,surface_injure->craze,2,8,25.000000
case_seed_prediction,pass_b,pattern_consistent_across_cnn_seeds,uncertain,confusion_pair,surface_injure->craze,0,8,0.000000
case_seed_prediction,pass_b,pattern_consistent_across_cnn_seeds,yes,confusion_pair,surface_injure->hide_craze,0,6,0.000000
case_seed_prediction,pass_b,pattern_consistent_across_cnn_seeds,partly,confusion_pair,surface_injure->hide_craze,4,6,66.666667
case_seed_prediction,pass_b,pattern_consistent_across_cnn_seeds,no,confusion_pair,surface_injure->hide_craze,2,6,33.333333
case_seed_prediction,pass_b,pattern_consistent_across_cnn_seeds,uncertain,confusion_pair,surface_injure->hide_craze,0,6,0.000000
case_seed_prediction,pass_b,pattern_consistent_across_cnn_seeds,yes,confusion_pair,surface_injure->surface_injure,0,10,0.000000
case_seed_prediction,pass_b,pattern_consistent_across_cnn_seeds,partly,confusion_pair,surface_injure->surface_injure,9,10,90.000000
case_seed_prediction,pass_b,pattern_consistent_across_cnn_seeds,no,confusion_pair,surface_injure->surface_injure,1,10,10.000000
case_seed_prediction,pass_b,pattern_consistent_across_cnn_seeds,uncertain,confusion_pair,surface_injure->surface_injure,0,10,0.000000
case_seed_prediction,pass_b,pattern_consistent_across_cnn_seeds,yes,confusion_pair,thunderstrike->craze,1,3,33.333333
case_seed_prediction,pass_b,pattern_consistent_across_cnn_seeds,partly,confusion_pair,thunderstrike->craze,1,3,33.333333
case_seed_prediction,pass_b,pattern_consistent_across_cnn_seeds,no,confusion_pair,thunderstrike->craze,1,3,33.333333
case_seed_prediction,pass_b,pattern_consistent_across_cnn_seeds,uncertain,confusion_pair,thunderstrike->craze,0,3,0.000000
case_seed_prediction,pass_b,pattern_consistent_across_cnn_seeds,yes,confusion_pair,thunderstrike->hide_craze,1,2,50.000000
case_seed_prediction,pass_b,pattern_consistent_across_cnn_seeds,partly,confusion_pair,thunderstrike->hide_craze,1,2,50.000000
case_seed_prediction,pass_b,pattern_consistent_across_cnn_seeds,no,confusion_pair,thunderstrike->hide_craze,0,2,0.000000
case_seed_prediction,pass_b,pattern_consistent_across_cnn_seeds,uncertain,confusion_pair,thunderstrike->hide_craze,0,2,0.000000
case_seed_prediction,pass_b,pattern_consistent_across_cnn_seeds,yes,confusion_pair,thunderstrike->surface_injure,2,5,40.000000
case_seed_prediction,pass_b,pattern_consistent_across_cnn_seeds,partly,confusion_pair,thunderstrike->surface_injure,1,5,20.000000
case_seed_prediction,pass_b,pattern_consistent_across_cnn_seeds,no,confusion_pair,thunderstrike->surface_injure,2,5,40.000000
case_seed_prediction,pass_b,pattern_consistent_across_cnn_seeds,uncertain,confusion_pair,thunderstrike->surface_injure,0,5,0.000000
case_seed_prediction,pass_b,pattern_consistent_across_cnn_seeds,yes,confusion_pair,thunderstrike->thunderstrike,5,5,100.000000
case_seed_prediction,pass_b,pattern_consistent_across_cnn_seeds,partly,confusion_pair,thunderstrike->thunderstrike,0,5,0.000000
case_seed_prediction,pass_b,pattern_consistent_across_cnn_seeds,no,confusion_pair,thunderstrike->thunderstrike,0,5,0.000000
case_seed_prediction,pass_b,pattern_consistent_across_cnn_seeds,uncertain,confusion_pair,thunderstrike->thunderstrike,0,5,0.000000
case_seed_prediction,pass_b,prediction_visually_understandable_after_reveal,yes,method,mobilenet_v3_small,27,27,100.000000
case_seed_prediction,pass_b,prediction_visually_understandable_after_reveal,no,method,mobilenet_v3_small,0,27,0.000000
case_seed_prediction,pass_b,prediction_visually_understandable_after_reveal,uncertain,method,mobilenet_v3_small,0,27,0.000000
case_seed_prediction,pass_b,prediction_visually_understandable_after_reveal,yes,method,resnet18,144,153,94.117647
case_seed_prediction,pass_b,prediction_visually_understandable_after_reveal,no,method,resnet18,0,153,0.000000
case_seed_prediction,pass_b,prediction_visually_understandable_after_reveal,uncertain,method,resnet18,9,153,5.882353
case_seed_prediction,pass_b,prediction_visually_understandable_after_reveal,yes,corruption_family,brightness,99,102,97.058824
case_seed_prediction,pass_b,prediction_visually_understandable_after_reveal,no,corruption_family,brightness,0,102,0.000000
case_seed_prediction,pass_b,prediction_visually_understandable_after_reveal,uncertain,corruption_family,brightness,3,102,2.941176
case_seed_prediction,pass_b,prediction_visually_understandable_after_reveal,yes,corruption_family,clean,27,30,90.000000
case_seed_prediction,pass_b,prediction_visually_understandable_after_reveal,no,corruption_family,clean,0,30,0.000000
case_seed_prediction,pass_b,prediction_visually_understandable_after_reveal,uncertain,corruption_family,clean,3,30,10.000000
case_seed_prediction,pass_b,prediction_visually_understandable_after_reveal,yes,corruption_family,gaussian_blur,39,39,100.000000
case_seed_prediction,pass_b,prediction_visually_understandable_after_reveal,no,corruption_family,gaussian_blur,0,39,0.000000
case_seed_prediction,pass_b,prediction_visually_understandable_after_reveal,uncertain,corruption_family,gaussian_blur,0,39,0.000000
case_seed_prediction,pass_b,prediction_visually_understandable_after_reveal,yes,corruption_family,jpeg,6,9,66.666667
case_seed_prediction,pass_b,prediction_visually_understandable_after_reveal,no,corruption_family,jpeg,0,9,0.000000
case_seed_prediction,pass_b,prediction_visually_understandable_after_reveal,uncertain,corruption_family,jpeg,3,9,33.333333
case_seed_prediction,pass_b,prediction_visually_understandable_after_reveal,yes,severity,clean,27,30,90.000000
case_seed_prediction,pass_b,prediction_visually_understandable_after_reveal,no,severity,clean,0,30,0.000000
case_seed_prediction,pass_b,prediction_visually_understandable_after_reveal,uncertain,severity,clean,3,30,10.000000
case_seed_prediction,pass_b,prediction_visually_understandable_after_reveal,yes,severity,mild,12,12,100.000000
case_seed_prediction,pass_b,prediction_visually_understandable_after_reveal,no,severity,mild,0,12,0.000000
case_seed_prediction,pass_b,prediction_visually_understandable_after_reveal,uncertain,severity,mild,0,12,0.000000
case_seed_prediction,pass_b,prediction_visually_understandable_after_reveal,yes,severity,moderate,9,9,100.000000
case_seed_prediction,pass_b,prediction_visually_understandable_after_reveal,no,severity,moderate,0,9,0.000000
case_seed_prediction,pass_b,prediction_visually_understandable_after_reveal,uncertain,severity,moderate,0,9,0.000000
case_seed_prediction,pass_b,prediction_visually_understandable_after_reveal,yes,severity,severe,123,129,95.348837
case_seed_prediction,pass_b,prediction_visually_understandable_after_reveal,no,severity,severe,0,129,0.000000
case_seed_prediction,pass_b,prediction_visually_understandable_after_reveal,uncertain,severity,severe,6,129,4.651163
case_seed_prediction,pass_b,prediction_visually_understandable_after_reveal,yes,selection_event,beneficial_flip,18,18,100.000000
case_seed_prediction,pass_b,prediction_visually_understandable_after_reveal,no,selection_event,beneficial_flip,0,18,0.000000
case_seed_prediction,pass_b,prediction_visually_understandable_after_reveal,uncertain,selection_event,beneficial_flip,0,18,0.000000
case_seed_prediction,pass_b,prediction_visually_understandable_after_reveal,yes,selection_event,clean_consensus_error,27,30,90.000000
case_seed_prediction,pass_b,prediction_visually_understandable_after_reveal,no,selection_event,clean_consensus_error,0,30,0.000000
case_seed_prediction,pass_b,prediction_visually_understandable_after_reveal,uncertain,selection_event,clean_consensus_error,3,30,10.000000
case_seed_prediction,pass_b,prediction_visually_understandable_after_reveal,yes,selection_event,seed_disagreement,21,24,87.500000
case_seed_prediction,pass_b,prediction_visually_understandable_after_reveal,no,selection_event,seed_disagreement,0,24,0.000000
case_seed_prediction,pass_b,prediction_visually_understandable_after_reveal,uncertain,selection_event,seed_disagreement,3,24,12.500000
case_seed_prediction,pass_b,prediction_visually_understandable_after_reveal,yes,selection_event,severe_harmful_flip,60,60,100.000000
case_seed_prediction,pass_b,prediction_visually_understandable_after_reveal,no,selection_event,severe_harmful_flip,0,60,0.000000
case_seed_prediction,pass_b,prediction_visually_understandable_after_reveal,uncertain,selection_event,severe_harmful_flip,0,60,0.000000
case_seed_prediction,pass_b,prediction_visually_understandable_after_reveal,yes,selection_event,severe_stable_correct,24,24,100.000000
case_seed_prediction,pass_b,prediction_visually_understandable_after_reveal,no,selection_event,severe_stable_correct,0,24,0.000000
case_seed_prediction,pass_b,prediction_visually_understandable_after_reveal,uncertain,selection_event,severe_stable_correct,0,24,0.000000
case_seed_prediction,pass_b,prediction_visually_understandable_after_reveal,yes,selection_event,severe_stable_wrong,21,24,87.500000
case_seed_prediction,pass_b,prediction_visually_understandable_after_reveal,no,selection_event,severe_stable_wrong,0,24,0.000000
case_seed_prediction,pass_b,prediction_visually_understandable_after_reveal,uncertain,selection_event,severe_stable_wrong,3,24,12.500000
case_seed_prediction,pass_b,prediction_visually_understandable_after_reveal,yes,analysis_group,beneficial_flip,18,18,100.000000
case_seed_prediction,pass_b,prediction_visually_understandable_after_reveal,no,analysis_group,beneficial_flip,0,18,0.000000
case_seed_prediction,pass_b,prediction_visually_understandable_after_reveal,uncertain,analysis_group,beneficial_flip,0,18,0.000000
case_seed_prediction,pass_b,prediction_visually_understandable_after_reveal,yes,analysis_group,clean_consensus_error,27,30,90.000000
case_seed_prediction,pass_b,prediction_visually_understandable_after_reveal,no,analysis_group,clean_consensus_error,0,30,0.000000
case_seed_prediction,pass_b,prediction_visually_understandable_after_reveal,uncertain,analysis_group,clean_consensus_error,3,30,10.000000
case_seed_prediction,pass_b,prediction_visually_understandable_after_reveal,yes,analysis_group,harmful_flip,60,60,100.000000
case_seed_prediction,pass_b,prediction_visually_understandable_after_reveal,no,analysis_group,harmful_flip,0,60,0.000000
case_seed_prediction,pass_b,prediction_visually_understandable_after_reveal,uncertain,analysis_group,harmful_flip,0,60,0.000000
case_seed_prediction,pass_b,prediction_visually_understandable_after_reveal,yes,analysis_group,seed_disagreement,21,24,87.500000
case_seed_prediction,pass_b,prediction_visually_understandable_after_reveal,no,analysis_group,seed_disagreement,0,24,0.000000
case_seed_prediction,pass_b,prediction_visually_understandable_after_reveal,uncertain,analysis_group,seed_disagreement,3,24,12.500000
case_seed_prediction,pass_b,prediction_visually_understandable_after_reveal,yes,analysis_group,stable_correct,24,24,100.000000
case_seed_prediction,pass_b,prediction_visually_understandable_after_reveal,no,analysis_group,stable_correct,0,24,0.000000
case_seed_prediction,pass_b,prediction_visually_understandable_after_reveal,uncertain,analysis_group,stable_correct,0,24,0.000000
case_seed_prediction,pass_b,prediction_visually_understandable_after_reveal,yes,analysis_group,stable_wrong,21,24,87.500000
case_seed_prediction,pass_b,prediction_visually_understandable_after_reveal,no,analysis_group,stable_wrong,0,24,0.000000
case_seed_prediction,pass_b,prediction_visually_understandable_after_reveal,uncertain,analysis_group,stable_wrong,3,24,12.500000
case_seed_prediction,pass_b,prediction_visually_understandable_after_reveal,yes,true_label,corrosion,42,45,93.333333
case_seed_prediction,pass_b,prediction_visually_understandable_after_reveal,no,true_label,corrosion,0,45,0.000000
case_seed_prediction,pass_b,prediction_visually_understandable_after_reveal,uncertain,true_label,corrosion,3,45,6.666667
case_seed_prediction,pass_b,prediction_visually_understandable_after_reveal,yes,true_label,crack,21,21,100.000000
case_seed_prediction,pass_b,prediction_visually_understandable_after_reveal,no,true_label,crack,0,21,0.000000
case_seed_prediction,pass_b,prediction_visually_understandable_after_reveal,uncertain,true_label,crack,0,21,0.000000
case_seed_prediction,pass_b,prediction_visually_understandable_after_reveal,yes,true_label,craze,36,36,100.000000
case_seed_prediction,pass_b,prediction_visually_understandable_after_reveal,no,true_label,craze,0,36,0.000000
case_seed_prediction,pass_b,prediction_visually_understandable_after_reveal,uncertain,true_label,craze,0,36,0.000000
case_seed_prediction,pass_b,prediction_visually_understandable_after_reveal,yes,true_label,hide_craze,24,27,88.888889
case_seed_prediction,pass_b,prediction_visually_understandable_after_reveal,no,true_label,hide_craze,0,27,0.000000
case_seed_prediction,pass_b,prediction_visually_understandable_after_reveal,uncertain,true_label,hide_craze,3,27,11.111111
case_seed_prediction,pass_b,prediction_visually_understandable_after_reveal,yes,true_label,surface_injure,33,36,91.666667
case_seed_prediction,pass_b,prediction_visually_understandable_after_reveal,no,true_label,surface_injure,0,36,0.000000
case_seed_prediction,pass_b,prediction_visually_understandable_after_reveal,uncertain,true_label,surface_injure,3,36,8.333333
case_seed_prediction,pass_b,prediction_visually_understandable_after_reveal,yes,true_label,thunderstrike,15,15,100.000000
case_seed_prediction,pass_b,prediction_visually_understandable_after_reveal,no,true_label,thunderstrike,0,15,0.000000
case_seed_prediction,pass_b,prediction_visually_understandable_after_reveal,uncertain,true_label,thunderstrike,0,15,0.000000
case_seed_prediction,pass_b,prediction_visually_understandable_after_reveal,yes,predicted_label,corrosion,40,44,90.909091
case_seed_prediction,pass_b,prediction_visually_understandable_after_reveal,no,predicted_label,corrosion,0,44,0.000000
case_seed_prediction,pass_b,prediction_visually_understandable_after_reveal,uncertain,predicted_label,corrosion,4,44,9.090909
case_seed_prediction,pass_b,prediction_visually_understandable_after_reveal,yes,predicted_label,crack,6,6,100.000000
case_seed_prediction,pass_b,prediction_visually_understandable_after_reveal,no,predicted_label,crack,0,6,0.000000
case_seed_prediction,pass_b,prediction_visually_understandable_after_reveal,uncertain,predicted_label,crack,0,6,0.000000
case_seed_prediction,pass_b,prediction_visually_understandable_after_reveal,yes,predicted_label,craze,26,26,100.000000
case_seed_prediction,pass_b,prediction_visually_understandable_after_reveal,no,predicted_label,craze,0,26,0.000000
case_seed_prediction,pass_b,prediction_visually_understandable_after_reveal,uncertain,predicted_label,craze,0,26,0.000000
case_seed_prediction,pass_b,prediction_visually_understandable_after_reveal,yes,predicted_label,hide_craze,42,46,91.304348
case_seed_prediction,pass_b,prediction_visually_understandable_after_reveal,no,predicted_label,hide_craze,0,46,0.000000
case_seed_prediction,pass_b,prediction_visually_understandable_after_reveal,uncertain,predicted_label,hide_craze,4,46,8.695652
case_seed_prediction,pass_b,prediction_visually_understandable_after_reveal,yes,predicted_label,surface_injure,52,53,98.113208
case_seed_prediction,pass_b,prediction_visually_understandable_after_reveal,no,predicted_label,surface_injure,0,53,0.000000
case_seed_prediction,pass_b,prediction_visually_understandable_after_reveal,uncertain,predicted_label,surface_injure,1,53,1.886792
case_seed_prediction,pass_b,prediction_visually_understandable_after_reveal,yes,predicted_label,thunderstrike,5,5,100.000000
case_seed_prediction,pass_b,prediction_visually_understandable_after_reveal,no,predicted_label,thunderstrike,0,5,0.000000
case_seed_prediction,pass_b,prediction_visually_understandable_after_reveal,uncertain,predicted_label,thunderstrike,0,5,0.000000
case_seed_prediction,pass_b,prediction_visually_understandable_after_reveal,yes,correct,false,121,129,93.798450
case_seed_prediction,pass_b,prediction_visually_understandable_after_reveal,no,correct,false,0,129,0.000000
case_seed_prediction,pass_b,prediction_visually_understandable_after_reveal,uncertain,correct,false,8,129,6.201550
case_seed_prediction,pass_b,prediction_visually_understandable_after_reveal,yes,correct,true,50,51,98.039216
case_seed_prediction,pass_b,prediction_visually_understandable_after_reveal,no,correct,true,0,51,0.000000
case_seed_prediction,pass_b,prediction_visually_understandable_after_reveal,uncertain,correct,true,1,51,1.960784
case_seed_prediction,pass_b,prediction_visually_understandable_after_reveal,yes,event_category,beneficial_flip,18,18,100.000000
case_seed_prediction,pass_b,prediction_visually_understandable_after_reveal,no,event_category,beneficial_flip,0,18,0.000000
case_seed_prediction,pass_b,prediction_visually_understandable_after_reveal,uncertain,event_category,beneficial_flip,0,18,0.000000
case_seed_prediction,pass_b,prediction_visually_understandable_after_reveal,yes,event_category,clean_only,27,30,90.000000
case_seed_prediction,pass_b,prediction_visually_understandable_after_reveal,no,event_category,clean_only,0,30,0.000000
case_seed_prediction,pass_b,prediction_visually_understandable_after_reveal,uncertain,event_category,clean_only,3,30,10.000000
case_seed_prediction,pass_b,prediction_visually_understandable_after_reveal,yes,event_category,harmful_flip,67,69,97.101449
case_seed_prediction,pass_b,prediction_visually_understandable_after_reveal,no,event_category,harmful_flip,0,69,0.000000
case_seed_prediction,pass_b,prediction_visually_understandable_after_reveal,uncertain,event_category,harmful_flip,2,69,2.898551
case_seed_prediction,pass_b,prediction_visually_understandable_after_reveal,yes,event_category,stable_correct,32,33,96.969697
case_seed_prediction,pass_b,prediction_visually_understandable_after_reveal,no,event_category,stable_correct,0,33,0.000000
case_seed_prediction,pass_b,prediction_visually_understandable_after_reveal,uncertain,event_category,stable_correct,1,33,3.030303
case_seed_prediction,pass_b,prediction_visually_understandable_after_reveal,yes,event_category,stable_wrong,27,30,90.000000
case_seed_prediction,pass_b,prediction_visually_understandable_after_reveal,no,event_category,stable_wrong,0,30,0.000000
case_seed_prediction,pass_b,prediction_visually_understandable_after_reveal,uncertain,event_category,stable_wrong,3,30,10.000000
case_seed_prediction,pass_b,prediction_visually_understandable_after_reveal,yes,confusion_pair,corrosion->corrosion,15,15,100.000000
case_seed_prediction,pass_b,prediction_visually_understandable_after_reveal,no,confusion_pair,corrosion->corrosion,0,15,0.000000
case_seed_prediction,pass_b,prediction_visually_understandable_after_reveal,uncertain,confusion_pair,corrosion->corrosion,0,15,0.000000
case_seed_prediction,pass_b,prediction_visually_understandable_after_reveal,yes,confusion_pair,corrosion->hide_craze,14,17,82.352941
case_seed_prediction,pass_b,prediction_visually_understandable_after_reveal,no,confusion_pair,corrosion->hide_craze,0,17,0.000000
case_seed_prediction,pass_b,prediction_visually_understandable_after_reveal,uncertain,confusion_pair,corrosion->hide_craze,3,17,17.647059
case_seed_prediction,pass_b,prediction_visually_understandable_after_reveal,yes,confusion_pair,corrosion->surface_injure,13,13,100.000000
case_seed_prediction,pass_b,prediction_visually_understandable_after_reveal,no,confusion_pair,corrosion->surface_injure,0,13,0.000000
case_seed_prediction,pass_b,prediction_visually_understandable_after_reveal,uncertain,confusion_pair,corrosion->surface_injure,0,13,0.000000
case_seed_prediction,pass_b,prediction_visually_understandable_after_reveal,yes,confusion_pair,crack->corrosion,2,2,100.000000
case_seed_prediction,pass_b,prediction_visually_understandable_after_reveal,no,confusion_pair,crack->corrosion,0,2,0.000000
case_seed_prediction,pass_b,prediction_visually_understandable_after_reveal,uncertain,confusion_pair,crack->corrosion,0,2,0.000000
case_seed_prediction,pass_b,prediction_visually_understandable_after_reveal,yes,confusion_pair,crack->crack,6,6,100.000000
case_seed_prediction,pass_b,prediction_visually_understandable_after_reveal,no,confusion_pair,crack->crack,0,6,0.000000
case_seed_prediction,pass_b,prediction_visually_understandable_after_reveal,uncertain,confusion_pair,crack->crack,0,6,0.000000
case_seed_prediction,pass_b,prediction_visually_understandable_after_reveal,yes,confusion_pair,crack->craze,4,4,100.000000
case_seed_prediction,pass_b,prediction_visually_understandable_after_reveal,no,confusion_pair,crack->craze,0,4,0.000000
case_seed_prediction,pass_b,prediction_visually_understandable_after_reveal,uncertain,confusion_pair,crack->craze,0,4,0.000000
case_seed_prediction,pass_b,prediction_visually_understandable_after_reveal,yes,confusion_pair,crack->hide_craze,7,7,100.000000
case_seed_prediction,pass_b,prediction_visually_understandable_after_reveal,no,confusion_pair,crack->hide_craze,0,7,0.000000
case_seed_prediction,pass_b,prediction_visually_understandable_after_reveal,uncertain,confusion_pair,crack->hide_craze,0,7,0.000000
case_seed_prediction,pass_b,prediction_visually_understandable_after_reveal,yes,confusion_pair,crack->surface_injure,2,2,100.000000
case_seed_prediction,pass_b,prediction_visually_understandable_after_reveal,no,confusion_pair,crack->surface_injure,0,2,0.000000
case_seed_prediction,pass_b,prediction_visually_understandable_after_reveal,uncertain,confusion_pair,crack->surface_injure,0,2,0.000000
case_seed_prediction,pass_b,prediction_visually_understandable_after_reveal,yes,confusion_pair,craze->corrosion,14,14,100.000000
case_seed_prediction,pass_b,prediction_visually_understandable_after_reveal,no,confusion_pair,craze->corrosion,0,14,0.000000
case_seed_prediction,pass_b,prediction_visually_understandable_after_reveal,uncertain,confusion_pair,craze->corrosion,0,14,0.000000
case_seed_prediction,pass_b,prediction_visually_understandable_after_reveal,yes,confusion_pair,craze->craze,8,8,100.000000
case_seed_prediction,pass_b,prediction_visually_understandable_after_reveal,no,confusion_pair,craze->craze,0,8,0.000000
case_seed_prediction,pass_b,prediction_visually_understandable_after_reveal,uncertain,confusion_pair,craze->craze,0,8,0.000000
case_seed_prediction,pass_b,prediction_visually_understandable_after_reveal,yes,confusion_pair,craze->hide_craze,7,7,100.000000
case_seed_prediction,pass_b,prediction_visually_understandable_after_reveal,no,confusion_pair,craze->hide_craze,0,7,0.000000
case_seed_prediction,pass_b,prediction_visually_understandable_after_reveal,uncertain,confusion_pair,craze->hide_craze,0,7,0.000000
case_seed_prediction,pass_b,prediction_visually_understandable_after_reveal,yes,confusion_pair,craze->surface_injure,7,7,100.000000
case_seed_prediction,pass_b,prediction_visually_understandable_after_reveal,no,confusion_pair,craze->surface_injure,0,7,0.000000
case_seed_prediction,pass_b,prediction_visually_understandable_after_reveal,uncertain,confusion_pair,craze->surface_injure,0,7,0.000000
case_seed_prediction,pass_b,prediction_visually_understandable_after_reveal,yes,confusion_pair,hide_craze->corrosion,0,1,0.000000
case_seed_prediction,pass_b,prediction_visually_understandable_after_reveal,no,confusion_pair,hide_craze->corrosion,0,1,0.000000
case_seed_prediction,pass_b,prediction_visually_understandable_after_reveal,uncertain,confusion_pair,hide_craze->corrosion,1,1,100.000000
case_seed_prediction,pass_b,prediction_visually_understandable_after_reveal,yes,confusion_pair,hide_craze->craze,3,3,100.000000
case_seed_prediction,pass_b,prediction_visually_understandable_after_reveal,no,confusion_pair,hide_craze->craze,0,3,0.000000
case_seed_prediction,pass_b,prediction_visually_understandable_after_reveal,uncertain,confusion_pair,hide_craze->craze,0,3,0.000000
case_seed_prediction,pass_b,prediction_visually_understandable_after_reveal,yes,confusion_pair,hide_craze->hide_craze,6,7,85.714286
case_seed_prediction,pass_b,prediction_visually_understandable_after_reveal,no,confusion_pair,hide_craze->hide_craze,0,7,0.000000
case_seed_prediction,pass_b,prediction_visually_understandable_after_reveal,uncertain,confusion_pair,hide_craze->hide_craze,1,7,14.285714
case_seed_prediction,pass_b,prediction_visually_understandable_after_reveal,yes,confusion_pair,hide_craze->surface_injure,15,16,93.750000
case_seed_prediction,pass_b,prediction_visually_understandable_after_reveal,no,confusion_pair,hide_craze->surface_injure,0,16,0.000000
case_seed_prediction,pass_b,prediction_visually_understandable_after_reveal,uncertain,confusion_pair,hide_craze->surface_injure,1,16,6.250000
case_seed_prediction,pass_b,prediction_visually_understandable_after_reveal,yes,confusion_pair,surface_injure->corrosion,9,12,75.000000
case_seed_prediction,pass_b,prediction_visually_understandable_after_reveal,no,confusion_pair,surface_injure->corrosion,0,12,0.000000
case_seed_prediction,pass_b,prediction_visually_understandable_after_reveal,uncertain,confusion_pair,surface_injure->corrosion,3,12,25.000000
case_seed_prediction,pass_b,prediction_visually_understandable_after_reveal,yes,confusion_pair,surface_injure->craze,8,8,100.000000
case_seed_prediction,pass_b,prediction_visually_understandable_after_reveal,no,confusion_pair,surface_injure->craze,0,8,0.000000
case_seed_prediction,pass_b,prediction_visually_understandable_after_reveal,uncertain,confusion_pair,surface_injure->craze,0,8,0.000000
case_seed_prediction,pass_b,prediction_visually_understandable_after_reveal,yes,confusion_pair,surface_injure->hide_craze,6,6,100.000000
case_seed_prediction,pass_b,prediction_visually_understandable_after_reveal,no,confusion_pair,surface_injure->hide_craze,0,6,0.000000
case_seed_prediction,pass_b,prediction_visually_understandable_after_reveal,uncertain,confusion_pair,surface_injure->hide_craze,0,6,0.000000
case_seed_prediction,pass_b,prediction_visually_understandable_after_reveal,yes,confusion_pair,surface_injure->surface_injure,10,10,100.000000
case_seed_prediction,pass_b,prediction_visually_understandable_after_reveal,no,confusion_pair,surface_injure->surface_injure,0,10,0.000000
case_seed_prediction,pass_b,prediction_visually_understandable_after_reveal,uncertain,confusion_pair,surface_injure->surface_injure,0,10,0.000000
case_seed_prediction,pass_b,prediction_visually_understandable_after_reveal,yes,confusion_pair,thunderstrike->craze,3,3,100.000000
case_seed_prediction,pass_b,prediction_visually_understandable_after_reveal,no,confusion_pair,thunderstrike->craze,0,3,0.000000
case_seed_prediction,pass_b,prediction_visually_understandable_after_reveal,uncertain,confusion_pair,thunderstrike->craze,0,3,0.000000
case_seed_prediction,pass_b,prediction_visually_understandable_after_reveal,yes,confusion_pair,thunderstrike->hide_craze,2,2,100.000000
case_seed_prediction,pass_b,prediction_visually_understandable_after_reveal,no,confusion_pair,thunderstrike->hide_craze,0,2,0.000000
case_seed_prediction,pass_b,prediction_visually_understandable_after_reveal,uncertain,confusion_pair,thunderstrike->hide_craze,0,2,0.000000
case_seed_prediction,pass_b,prediction_visually_understandable_after_reveal,yes,confusion_pair,thunderstrike->surface_injure,5,5,100.000000
case_seed_prediction,pass_b,prediction_visually_understandable_after_reveal,no,confusion_pair,thunderstrike->surface_injure,0,5,0.000000
case_seed_prediction,pass_b,prediction_visually_understandable_after_reveal,uncertain,confusion_pair,thunderstrike->surface_injure,0,5,0.000000
case_seed_prediction,pass_b,prediction_visually_understandable_after_reveal,yes,confusion_pair,thunderstrike->thunderstrike,5,5,100.000000
case_seed_prediction,pass_b,prediction_visually_understandable_after_reveal,no,confusion_pair,thunderstrike->thunderstrike,0,5,0.000000
case_seed_prediction,pass_b,prediction_visually_understandable_after_reveal,uncertain,confusion_pair,thunderstrike->thunderstrike,0,5,0.000000
