instance_id,source_image_id,source_filename,object_index,raw_label,canonical_label,class_id,split,bbox_xmin,bbox_ymin,bbox_xmax,bbox_ymax,bbox_width,bbox_height,source_width,source_height,crop_xmin,crop_ymin,crop_xmax,crop_ymax,crop_side,context_multiplier,minimum_crop_side,minimum_side_applied,boundary_shifted,max_side_clipped,output_width,output_height,output_relative_path,source_image_sha256,processed_image_sha256,defect_occupancy,resize_scale_factor
0_0,0,0.jpg,0,corrosion,corrosion,1,validation,304,13,848,1020,545,1008,1024,1024,0,0,1024,1024,1024,1.5,64,False,True,True,224,224,images/0_0.png,362547ff383c509ca25a782c5a168fe6153eb3642980ff1e7b6eec2ab022105b,e2f92f22bc776c8c68fb5486c85185b7f86cb2891ed0d5d5d91b6d3fa561e6cc,0.523910522461,0.21875
1_0,1,1.jpg,0,craze,craze,0,train,781,430,931,763,151,334,1024,1024,523,345,1024,846,501,1.5,64,False,True,False,224,224,images/1_0.png,9caf2d6b0ee4b215fc1e614916d8e89738621b52c6b23b15682b4cf2736b9b87,35f42bf0cab57e8229c31021e6027beb19f0b7bdf7f4f4c41fd8287ef749b70d,0.200931470393,0.447105788423
2_0,2,2.jpg,0,surface_injure,surface_injure,2,train,500,144,594,220,95,77,1024,1024,475,110,618,253,143,1.5,64,False,False,False,224,224,images/2_0.png,f26299242481246c605cb64d6fe573fb94c32932de4927c750d491f04caf767f,3029406965ac9520bc822859873d0f1a64a9de8a7be1e26b8331594967b3049b,0.357719203873,1.56643356643
3_0,3,3.jpg,0,corrosion,corrosion,1,validation,767,27,887,1016,121,990,1024,1024,0,0,1024,1024,1024,1.5,64,False,True,True,224,224,images/3_0.png,77f92d5aa52ecd64e00c308d321552bf6ed600d9c74187f7498e63b460a6c86c,df8c4d14a23b4f928d6746113ad0493cce319aab9ba9d5d76c30be58c123c044,0.114240646362,0.21875
4_0,4,4.jpg,0,crack,crack,4,train,336,6,642,708,307,703,1024,1024,0,0,1024,1024,1024,1.5,64,False,True,True,224,224,images/4_0.png,09de11f671f5cadf81721e2368400356968df5100a90962893f7acd3b6eccb93,a79496117a1a6888725af45c67ff473d1c3751837b9ff612438c22bcb71a2556,0.205822944641,0.21875
5_0,5,5.jpg,0,corrosion,corrosion,1,train,5,222,361,306,357,85,1024,1024,0,0,536,536,536,1.5,64,False,True,False,224,224,images/5_0.png,6f728a07947e0e63d088229918d9029db9bbc0959f0d927983b3436b16d3565a,b88137478b41a590fbfee2a9753875cd929695adfe628efdc7eefa169bdcc20f,0.105622772332,0.417910447761
5_1,5,5.jpg,1,corrosion,corrosion,1,train,367,269,602,367,236,99,1024,1024,307,140,661,494,354,1.5,64,False,False,False,224,224,images/5_1.png,6f728a07947e0e63d088229918d9029db9bbc0959f0d927983b3436b16d3565a,cb7c59e9d8adae3d68ea18003364b03238b78fb49b08d1e16f564cf7782db0b4,0.186440677966,0.632768361582
5_2,5,5.jpg,2,corrosion,corrosion,1,train,609,311,911,430,303,120,1024,1024,532,142,987,597,455,1.5,64,False,False,False,224,224,images/5_2.png,6f728a07947e0e63d088229918d9029db9bbc0959f0d927983b3436b16d3565a,eb2962262e13584d8fe28b6d9048b9695f37daaa6e7d1a845628da896b749ff6,0.175630962444,0.492307692308
6_0,6,6.jpg,0,craze,craze,0,train,456,613,714,706,259,94,1024,1024,390,464,779,853,389,1.5,64,False,False,False,224,224,images/6_0.png,fcc96028ed4dbaa2f02935c0eebc6f914582ceefc2e6b46e7b8f31c4914be51b,f6e39b0ba09e442b144652e67d3f744f5eae9d4fe8d86cd7e27ab2bd3002d36d,0.160889764144,0.575835475578
7_0,7,7.jpg,0,hide_craze,hide_craze,5,validation,520,267,553,510,34,244,1024,1024,353,205,719,571,366,1.5,64,False,False,False,224,224,images/7_0.png,a6f31a5b9c830a697fb2d2a60fed63c698d23d386a7d7fa765fc1dc91d3c02d2,2b06369bfb54d540605f73cab68427618d9f1e35668012cca3ad7da9434d3d24,0.0619307832423,0.612021857923
8_0,8,8.jpg,0,crack,crack,4,train,484,60,617,658,134,599,1024,1024,100,0,999,899,899,1.5,64,False,True,False,224,224,images/8_0.png,6287575d33c0af33cf6bc4d9cae2634543ba7c866419943fb3383899c104a20a,4f0be96121775c4deda13ddfb3a837804f51d7df5af11e6669aa555894f93142,0.099314403224,0.249165739711
9_0,9,9.jpg,0,hide_craze,hide_craze,5,train,652,720,791,936,140,217,1024,1024,558,664,884,990,326,1.5,64,False,False,False,224,224,images/9_0.png,0dfb269a508c3696d7eba9fbc960d355bf376d67300752870b99f93745f0ff1e,8395d4a0b2dbe8c2c4f0015319ec61ca2e59fb450b1728720cc85e7637f67f9e,0.285859460273,0.687116564417
10_0,10,10.jpg,0,thunderstrike,thunderstrike,3,train,517,336,870,472,354,137,1024,1024,427,138,958,669,531,1.5,64,False,False,False,224,224,images/10_0.png,91c8443f67d652e341707508f75ca6a91a7555a7428646e1ee3480892cf326e7,e1f739a3432e22e90369f750b3fa2c037fa3d39219738f8655d3e61b35e57371,0.172002510986,0.421845574388
10_1,10,10.jpg,1,surface_injure,surface_injure,2,train,383,931,470,975,88,45,1024,1024,360,886,492,1018,132,1.5,64,False,False,False,224,224,images/10_1.png,91c8443f67d652e341707508f75ca6a91a7555a7428646e1ee3480892cf326e7,bc6b94d74ae148063e48d44b9f5ed0aa7658e59637cb7763f778a2ccba5a3067,0.227272727273,1.69696969697
11_0,11,11.jpg,0,surface_injure,surface_injure,2,validation,741,106,825,177,85,72,1024,1024,718,77,846,205,128,1.5,64,False,False,False,224,224,images/11_0.png,a6eeaecbb5ec2600788b2e4fbef9a5b056e15f67f128fef4f7f10501559e26c7,18582d7dc3c4df70d4b641f1fdd44cbde173b6bd1e7c6a57e7e5b0a43f3e901a,0.37353515625,1.75
12_0,12,12.jpg,0,crack,crack,4,train,355,1,486,727,132,727,1024,1024,0,0,1024,1024,1024,1.5,64,False,True,True,224,224,images/12_0.png,807b2ed999e9ddecd066d28b26426dba716556fd94fd64bc3fc7d208b55e9fc9,5a4744018ea5e8b457628d0ec8dae5599b708bac5c6e04813082e6b1c8a172f5,0.0915184020996,0.21875
13_0,13,13.jpg,0,hide_craze,hide_craze,5,test,11,649,162,808,152,160,1024,1024,0,608,240,848,240,1.5,64,False,True,False,224,224,images/13_0.png,358329e3df591068ae6a387fa71adeb896afe3bebee86fac645857aedc048cc3,75ffa698553117d6c1d7545e46eecc14f27973492c50c4f371adb05498db9e55,0.422222222222,0.933333333333
13_1,13,13.jpg,1,hide_craze,hide_craze,5,test,483,611,514,775,32,165,1024,1024,374,568,622,816,248,1.5,64,False,False,False,224,224,images/13_1.png,358329e3df591068ae6a387fa71adeb896afe3bebee86fac645857aedc048cc3,3974d799bc5ef8ecee9810b72bfda62fd275c2906a1a5c0466eaa11f86a6ad9e,0.085848074922,0.903225806452
14_0,14,14.jpg,0,hide_craze,hide_craze,5,train,170,910,272,972,103,63,1024,1024,143,863,298,1018,155,1.5,64,False,False,False,224,224,images/14_0.png,2b0e626ca952b0cc524057f50dba8818d052782ea4ec862e1556d6aef1e03586,ad84334dca58e5bfaabc4d4262f0c97d700938493d6d786b8f15f3743fbdc685,0.270093652445,1.44516129032
14_1,14,14.jpg,1,surface_injure,surface_injure,2,train,261,94,327,153,67,60,1024,1024,243,72,344,173,101,1.5,64,False,False,False,224,224,images/14_1.png,2b0e626ca952b0cc524057f50dba8818d052782ea4ec862e1556d6aef1e03586,2be6c7e39950b1c5d2a674439eefcdea391c0ec6dea9ba6935f0500a61fdac00,0.394079011862,2.21782178218
15_0,15,15.jpg,0,craze,craze,0,train,280,166,703,280,424,115,1024,1024,173,0,809,636,636,1.5,64,False,True,False,224,224,images/15_0.png,082cface59da24cd88b0045a38343b8c5d04245cb9ca5412521edd36fc62b858,b0d4412aa8ea1ea450026e81b989f2e6d2ea352f6c048fffc4995f51d298557a,0.120545073375,0.352201257862
16_0,16,16.jpg,0,craze,craze,0,train,180,214,389,295,210,82,1024,1024,126,96,441,411,315,1.5,64,False,False,False,224,224,images/16_0.png,ce0672e3d2f3db47b1bd8ce200cebb92fae13b8038d02b3905c4f8fd8b50fcf2,f0682a6087b55f77195b8d1bf3c5522d8a14894be5dc211bbb5b65c09573857e,0.173544973545,0.711111111111
17_0,17,17.jpg,0,thunderstrike,thunderstrike,3,train,277,3,977,489,701,487,1024,1024,0,0,1024,1024,1024,1.5,64,False,True,True,224,224,images/17_0.png,b2fa427df6a79f2843894e5394eb5d965f2b3b79a04a950389ac0a9111fc4516,a79548c822983fe102bb36d81f760d371cff740ce623b3a1f5b081929b35174d,0.325572013855,0.21875
18_0,18,18.jpg,0,craze,craze,0,train,127,385,1009,722,883,338,1024,1024,0,0,1024,1024,1024,1.5,64,False,True,True,224,224,images/18_0.png,f48241f15506c239c9d590a2cef8a5c04ed1a4574e2eabb384e47c9c3c86ed65,7f9ccf70328163e20324a2b645e73ae6e5b1c6d83fc707f345ba2a74b6c66363,0.284627914429,0.21875
19_0,19,19.jpg,0,surface_injure,surface_injure,2,validation,311,122,369,208,59,87,1024,1024,274,99,405,230,131,1.5,64,False,False,False,224,224,images/19_0.png,20f73bda4c65c841583ceb0fe84fb7da635363157780d831d77f043981b053f4,dee9db77c5fb092460c1b6e2c9f8a454c8b0048750bec6a93cf3d8f5f21edfd7,0.299108443564,1.70992366412
19_1,19,19.jpg,1,surface_injure,surface_injure,2,validation,205,663,894,999,690,337,1024,1024,0,0,1024,1024,1024,1.5,64,False,True,True,224,224,images/19_1.png,20f73bda4c65c841583ceb0fe84fb7da635363157780d831d77f043981b053f4,f8d54262220b9ef81cf8e0e0c8978432746550b55da05f8fe4bf4e56ee637696,0.221757888794,0.21875
20_0,20,20.jpg,0,craze,craze,0,train,423,561,786,716,364,156,1024,1024,331,365,877,911,546,1.5,64,False,False,False,224,224,images/20_0.png,07cbc349d4b7eb5fdedfa8e56b5ba7e0da385757c48cfe0e8d67c4337e58ce16,c96c296d52fb8ecc682fb8f91f58c712c3cd26d7f0cb195c2f73918e3487a46a,0.190476190476,0.410256410256
21_0,21,21.jpg,0,craze,craze,0,validation,547,417,655,775,109,359,1024,1024,331,326,870,865,539,1.5,64,False,False,False,224,224,images/21_0.png,0b3bec5329f4ed16238826c386461beb3b01b2974068a17d41a49426b91c45ad,e49f012714c91f3d28c7a8175428a90a4da1d1d2adc74ffd7beb75026f32be41,0.134692500714,0.415584415584
22_0,22,22.jpg,0,surface_injure,surface_injure,2,train,47,130,895,660,849,531,1024,1024,0,0,1024,1024,1024,1.5,64,False,True,True,224,224,images/22_0.png,29107b9d185279fdf216c5fe3ae01d20252fc4d6898037b02ebc86ecf571fb83,b5760e55a01d60671524cede646e8aad2837ae11838c4510b2ef8b75165dd592,0.429934501648,0.21875
23_0,23,23.jpg,0,crack,crack,4,train,570,413,759,805,190,393,1024,1024,369,313,959,903,590,1.5,64,False,False,False,224,224,images/23_0.png,a9e5548d3d6b0210fc1abe88cb6233a0f474d6160f029c3533340f269cc104fb,ddcf5942659d08645039598c4d420a8e91ac7831511ea47c2e168bed78c4aa0c,0.214507325481,0.379661016949
24_0,24,24.jpg,0,craze,craze,0,train,366,360,602,613,237,254,1024,1024,293,295,674,676,381,1.5,64,False,False,False,224,224,images/24_0.png,33accffbeb08d3b4b3ab64357715e1d86b7342f3bed200405dbf787313ed460a,c402f43a6e78f12e6a626e8b7e4db55e8744f63a46b7b66dd0a8f81a85085dfd,0.41469816273,0.587926509186
25_0,25,25.jpg,0,hide_craze,hide_craze,5,train,356,3,459,1013,104,1011,1024,1024,0,0,1024,1024,1024,1.5,64,False,True,True,224,224,images/25_0.png,e311e45fe9e5fe531f942b8cb338222a88a69266a9c284c8024bf26a41480d51,1b5bb216db75e94a93961af01c4842f745f66bd99ea70ea4112845f88af3987d,0.100273132324,0.21875
26_0,26,26.jpg,0,crack,crack,4,train,377,74,502,910,126,837,1024,1024,0,0,1024,1024,1024,1.5,64,False,True,True,224,224,images/26_0.png,091d06e7a0c9a4a3e2b9d8cdd84fe1043404c1462e1f30d3add5102d860148af,ff4d21e36a170e33dd24c37a31c1172fb095a3ae66a46ea5ba738f56c626ca4f,0.100576400757,0.21875
27_0,27,27.jpg,0,surface_injure,surface_injure,2,train,8,178,431,480,424,303,1024,1024,0,10,636,646,636,1.5,64,False,True,False,224,224,images/27_0.png,b4d95721b46f1071080136bdcc0af991d0ed084d54c35ff4f3c24e503643c169,e0feb8dc48bdd00c90e41b75317e3fc3985ddbeac68b470eba4bff6764b585ad,0.317610062893,0.352201257862
27_1,27,27.jpg,1,surface_injure,surface_injure,2,train,455,413,731,777,277,365,1024,1024,318,320,866,868,548,1.5,64,False,False,False,224,224,images/27_1.png,b4d95721b46f1071080136bdcc0af991d0ed084d54c35ff4f3c24e503643c169,3ee70283b240b58996675479459361fc7d7bec11d12f6a28cf4e32edfc06e4e9,0.336675502158,0.408759124088
27_2,27,27.jpg,2,surface_injure,surface_injure,2,train,753,680,869,886,117,207,1024,1024,655,627,966,938,311,1.5,64,False,False,False,224,224,images/27_2.png,b4d95721b46f1071080136bdcc0af991d0ed084d54c35ff4f3c24e503643c169,322f42745816d53672b42c1216c262166ede751b38e367f38b65438e30962f43,0.250400636883,0.720257234727
28_0,28,28.jpg,0,hide_craze,hide_craze,5,train,523,599,559,985,37,387,1024,1024,250,443,831,1024,581,1.5,64,False,True,False,224,224,images/28_0.png,6b906dcf479a3acdecef686198086648d7b95dabb780eeeb1c543e72bc33fcb2,fa5b5e02a7e86afbe2f4f39723ca88d09453ad59a2645dd485ece580535e58b4,0.0424189998252,0.385542168675
29_0,29,29.jpg,0,hide_craze,hide_craze,5,train,67,210,159,328,93,119,1024,1024,23,179,202,358,179,1.5,64,False,False,False,224,224,images/29_0.png,96dddb2d514547799dd9fc2bb1e44282dcf8574ca774c95c3c368b8b06ce6838,80a41e343e90e7bae85ea8f9312a46608c4f672a4c3fe8c1dc5b32e59d69c014,0.345401204706,1.25139664804
30_0,30,30.jpg,0,craze,craze,0,train,225,22,494,211,270,190,1024,1024,156,0,561,405,405,1.5,64,False,True,False,224,224,images/30_0.png,8a2681e935865f27d568aefee2bb4424a1880a83637d15c638d88d02acb7a731,6d809e447e8b6d5c056b0de97f5928aab9835f5a97a099634062edbe7b280775,0.312757201646,0.553086419753
30_1,30,30.jpg,1,craze,craze,0,train,509,194,1012,645,504,452,1024,1024,268,41,1024,797,756,1.5,64,False,True,False,224,224,images/30_1.png,8a2681e935865f27d568aefee2bb4424a1880a83637d15c638d88d02acb7a731,9846f52190c63a2c518525c4b012fa53e8a3abc2b614264b150f21914142a641,0.398589065256,0.296296296296
31_0,31,31.jpg,0,surface_injure,surface_injure,2,train,136,358,628,517,493,160,1024,1024,11,67,751,807,740,1.5,64,False,False,False,224,224,images/31_0.png,9f5b2c8c8f7ce6a7d68f1a4b1782c80b3010c5a1416be6aaa0746e8891dac935,173ca8d1e98291dc8f412d7718317ffc5b59e3493a15524bb342dace6b086e7f,0.144046749452,0.302702702703
31_1,31,31.jpg,1,surface_injure,surface_injure,2,train,1,441,141,686,141,246,1024,1024,0,378,369,747,369,1.5,64,False,True,False,224,224,images/31_1.png,9f5b2c8c8f7ce6a7d68f1a4b1782c80b3010c5a1416be6aaa0746e8891dac935,7eb9499d8ac9c9fcb2c6bd7b89e2ecacb2b005f5536e81a53485adcc905560b2,0.254742547425,0.607046070461
32_0,32,32.jpg,0,thunderstrike,thunderstrike,3,test,58,558,527,849,470,292,1024,1024,0,319,705,1024,705,1.5,64,False,True,False,224,224,images/32_0.png,77abf41eafe2a8e6759d50a55d6ce206e7bc1d4583d2aea1735f49c0f0fc6a10,0bc0583e8b3c9710ceed3500adafd5c933696ea8109628c6eaab66efbc59e4af,0.276122931442,0.317730496454
32_1,32,32.jpg,1,thunderstrike,thunderstrike,3,test,739,692,987,975,249,284,1024,1024,598,598,1024,1024,426,1.5,64,False,True,False,224,224,images/32_1.png,77abf41eafe2a8e6759d50a55d6ce206e7bc1d4583d2aea1735f49c0f0fc6a10,53fb39b9c5d3431069e0854bb8ca569f80ad3c92388a224217d5570f15cc6e94,0.389671361502,0.525821596244
33_0,33,33.jpg,0,crack,crack,4,train,259,341,300,560,42,220,1024,1024,114,285,444,615,330,1.5,64,False,False,False,224,224,images/33_0.png,d570bc62c3682ba82e5cf7177383b38f1bb82cee16fd44ea5c625eed22002aa3,dc5417c7e6ff8bed3ac57cbd9b42c6f8b8cdfca892bc1bc1a950d9def9492ef7,0.0848484848485,0.678787878788
33_1,33,33.jpg,1,crack,crack,4,train,453,202,619,478,167,277,1024,1024,327,131,743,547,416,1.5,64,False,False,False,224,224,images/33_1.png,d570bc62c3682ba82e5cf7177383b38f1bb82cee16fd44ea5c625eed22002aa3,86ad36087bca87f0183af34be35eab4514450f14e9a6229fe7f8c7ffe9925edc,0.267306536612,0.538461538462
34_0,34,34.jpg,0,surface_injure,surface_injure,2,train,91,803,142,861,52,59,1024,1024,71,787,160,876,89,1.5,64,False,False,False,224,224,images/34_0.png,7a52f0b680b59bf9d0f968088d5df7a12308b95430eb708e2748bb8eb50e8d30,1859a58ae487138ace5e35458a20cc16c169741e739607e1c45082e1dd0bd248,0.387324832723,2.51685393258
34_1,34,34.jpg,1,hide_craze,hide_craze,5,train,436,716,869,785,434,70,1024,1024,326,373,977,1024,651,1.5,64,False,True,False,224,224,images/34_1.png,7a52f0b680b59bf9d0f968088d5df7a12308b95430eb708e2748bb8eb50e8d30,89edc4e3e68f41a342c6f5804fa2e2a8137348d330bef70a9b7971baebc57116,0.0716845878136,0.344086021505
35_0,35,35.jpg,0,corrosion,corrosion,1,train,119,505,745,1014,627,510,1024,1024,0,83,941,1024,941,1.5,64,False,True,False,224,224,images/35_0.png,67d0169a1654a8ad9c7ee8d12788f01e0b84f70ee9ff60bed8fbe61d8385499f,f04feedc9495a08cfed872581256b6fbbb54d38097792a2223127a4be0c99aa8,0.361125761027,0.238044633369
35_1,35,35.jpg,1,corrosion,corrosion,1,train,44,5,472,492,429,488,1024,1024,0,0,732,732,732,1.5,64,False,True,False,224,224,images/35_1.png,67d0169a1654a8ad9c7ee8d12788f01e0b84f70ee9ff60bed8fbe61d8385499f,de0baf54d0f8910840fd8381419811216f5907bcb3b8cf8f76969ae93476c417,0.390710382514,0.306010928962
36_0,36,36.jpg,0,hide_craze,hide_craze,5,train,147,20,533,631,387,612,1024,1024,0,0,918,918,918,1.5,64,False,True,False,224,224,images/36_0.png,0214247382840dedea5009e041468fd13faba1102cc0495d9a5823d7367f9896,9fa342aa38e30a9552ebc7eee64a4b39e95cb0caa0fc8a86a91d7ebbd87a66c6,0.281045751634,0.244008714597
36_1,36,36.jpg,1,hide_craze,hide_craze,5,train,695,463,1020,708,326,246,1024,1024,535,340,1024,829,489,1.5,64,False,True,False,224,224,images/36_1.png,0214247382840dedea5009e041468fd13faba1102cc0495d9a5823d7367f9896,d9b1fb233c91ab5c3d498dbba1a88276aa30d586df83a949e987c2f02b3c96cb,0.335378323108,0.458077709611
37_0,37,37.jpg,0,thunderstrike,thunderstrike,3,train,380,403,649,684,270,282,1024,1024,302,331,725,754,423,1.5,64,False,False,False,224,224,images/37_0.png,60990b80560fc21f045f41403b928c81bc88468aec6e1e3024c1539bd44ca0c8,4b0076a904c608aa1adfe55a8ed3d61773e4a9a69a95f6079331d8920125491a,0.425531914894,0.529550827423
37_1,37,37.jpg,1,surface_injure,surface_injure,2,train,286,105,792,774,507,670,1024,1024,19,0,1024,1005,1005,1.5,64,False,True,False,224,224,images/37_1.png,60990b80560fc21f045f41403b928c81bc88468aec6e1e3024c1539bd44ca0c8,c97a669301662d62ad9b5dde167a03d95d55007baad55582b275a0186a620277,0.33631840796,0.222885572139
38_0,38,38.jpg,0,hide_craze,hide_craze,5,train,603,5,644,385,42,381,1024,1024,337,0,909,572,572,1.5,64,False,True,False,224,224,images/38_0.png,11f9553a678091f719e96cb57f5dca2d5681be23fbd539cec8c5dbf2731add3e,3f17960685d4a472048f6d3485fa96469c55e8df360852abc0b250c68f7ecbd4,0.0489082595726,0.391608391608
39_0,39,39.jpg,0,corrosion,corrosion,1,train,391,127,600,989,210,863,1024,1024,0,0,1024,1024,1024,1.5,64,False,True,True,224,224,images/39_0.png,a6d8b79c2f81c45f6364dc660e79d07f09dff6c7ab2be42986900c9c6b2bf87f,429b305fffbf193d29d6af20df4acda3b7b1cf2c069b2ebf112971ae5ba11338,0.172834396362,0.21875
40_0,40,40.jpg,0,thunderstrike,thunderstrike,3,train,1,339,427,583,427,245,1024,1024,0,140,641,781,641,1.5,64,False,True,False,224,224,images/40_0.png,191fc8b7f81a1517a9e28e0e3ef9f25e436d5074bfa3e007828703627fbd826f,6188307681f9c2fc920476320788ef053af900e950f9bac181fb36b30e6b40c3,0.254611432507,0.349453978159
41_0,41,41.jpg,0,hide_craze,hide_craze,5,train,400,630,977,666,578,37,1024,1024,157,157,1024,1024,867,1.5,64,False,True,False,224,224,images/41_0.png,680221bfdd02ec8208d76e0f5bd7d6253cadc611ea11e228449075a0215f82ad,76fb47c0afb38ffb7e2e2c2ebdfa622a12f666d0012cfb077725a15165d99f06,0.0284505959246,0.258362168397
42_0,42,42.jpg,0,craze,craze,0,train,627,83,1024,789,398,707,1024,1024,0,0,1024,1024,1024,1.5,64,False,True,True,224,224,images/42_0.png,33ead05e0aa5c7b258ae8ed0c1d8ea234dc2ee14de452da2698d06c5a3739001,c047b5c2aa138a76cc986d1b53d4f26eb818acf8d96cfa2e7cf1b75c4fce952c,0.268350601196,0.21875
42_1,42,42.jpg,1,craze,craze,0,train,81,278,286,469,206,192,1024,1024,28,218,337,527,309,1.5,64,False,False,False,224,224,images/42_1.png,33ead05e0aa5c7b258ae8ed0c1d8ea234dc2ee14de452da2698d06c5a3739001,d2dc58584f8b7d9c193c0db8fd7fb6c151fa07d359fdeaedbfccaa249017df15,0.414239482201,0.724919093851
42_2,42,42.jpg,2,craze,craze,0,train,411,233,609,514,199,282,1024,1024,298,161,721,584,423,1.5,64,False,False,False,224,224,images/42_2.png,33ead05e0aa5c7b258ae8ed0c1d8ea234dc2ee14de452da2698d06c5a3739001,afd99acc93143ed80990f05f4f6456bc498231783c953192f93416245398f868,0.313632781718,0.529550827423
43_0,43,43.jpg,0,surface_injure,surface_injure,2,train,177,1,502,689,326,689,1024,1024,0,0,1024,1024,1024,1.5,64,False,True,True,224,224,images/43_0.png,4b175d68fb1ebe6ab81e76220e4f2b9d059911154c795b0fc7f4047287ce99f8,26b1b308cc4ee1edb0630fe05a532345edce2db9bd6e4dbe9c072dc93aa57c91,0.214208602905,0.21875
43_1,43,43.jpg,1,surface_injure,surface_injure,2,train,300,724,553,885,254,162,1024,1024,235,613,616,994,381,1.5,64,False,False,False,224,224,images/43_1.png,4b175d68fb1ebe6ab81e76220e4f2b9d059911154c795b0fc7f4047287ce99f8,dce7ece4a977e0b8bfa4f1773aefae782c2fa3bbcb2870de236fff534492f5da,0.283464566929,0.587926509186
44_0,44,44.jpg,0,hide_craze,hide_craze,5,train,286,591,631,783,346,193,1024,1024,198,427,717,946,519,1.5,64,False,False,False,224,224,images/44_0.png,04dece1cda54af3b9873a788cb1c2d9dc41b95a71f2047b29cca5c9a68cc5755,bcee3c68f22a8091229ea17531bfa6622b2e4b54a63522cf72f50cf9b7cade58,0.247912652537,0.431599229287
45_0,45,45.jpg,0,surface_injure,surface_injure,2,train,191,417,664,655,474,239,1024,1024,71,180,782,891,711,1.5,64,False,False,False,224,224,images/45_0.png,8206223b5b212be6bd3b380c31aadea9d64fdb60d0a1e024c95c42ec1d668503,0e501a3eb6ef01ef3d0e538aa66ec2a3cf1e254af9efee49f7868a6b3159dfd0,0.224097515237,0.315049226442
45_1,45,45.jpg,1,surface_injure,surface_injure,2,train,16,517,181,872,166,356,1024,1024,0,427,534,961,534,1.5,64,False,True,False,224,224,images/45_1.png,8206223b5b212be6bd3b380c31aadea9d64fdb60d0a1e024c95c42ec1d668503,e573c2384a0ed1d8fc6b782f44037d491e006743fede1ce5d81ef063b2946321,0.207240948814,0.419475655431
46_0,46,46.jpg,0,corrosion,corrosion,1,test,20,563,548,680,529,118,1024,1024,0,224,794,1018,794,1.5,64,False,True,False,224,224,images/46_0.png,d543951cbf574ec2ee58facd129d6c1f27b874f7810a9b2a2e4d1603541646f4,f65ac02a526333ce383658ce815b62642d262130a494de32c9c34a96ba75834e,0.0990140156971,0.282115869018
46_1,46,46.jpg,1,corrosion,corrosion,1,test,569,491,814,578,246,88,1024,1024,506,349,875,718,369,1.5,64,False,False,False,224,224,images/46_1.png,d543951cbf574ec2ee58facd129d6c1f27b874f7810a9b2a2e4d1603541646f4,0eeaa75b156b85c32b527d508919fddcd1973e974e778ed122a901dbf0621ee6,0.158988256549,0.607046070461
47_0,47,47.jpg,0,craze,craze,0,train,683,731,941,1002,259,272,1024,1024,607,616,1015,1024,408,1.5,64,False,True,False,224,224,images/47_0.png,06910a6c6ed2e47d26d9190f02d22b7038140b91edee6017e78b95570e061c4a,1fcae41238b2fc631ec439cfa4a596fe6d67e54622a30223dc84458f56f253de,0.423202614379,0.549019607843
47_1,47,47.jpg,1,craze,craze,0,train,523,513,683,716,161,204,1024,1024,449,461,755,767,306,1.5,64,False,False,False,224,224,images/47_1.png,06910a6c6ed2e47d26d9190f02d22b7038140b91edee6017e78b95570e061c4a,35ce7e5548c64d035413a7d8cae5dbf337d8a258577b61e5b0e1bd5fc9ffb958,0.350762527233,0.732026143791
47_2,47,47.jpg,2,craze,craze,0,train,328,335,498,491,171,157,1024,1024,284,284,541,541,257,1.5,64,False,False,False,224,224,images/47_2.png,06910a6c6ed2e47d26d9190f02d22b7038140b91edee6017e78b95570e061c4a,37d1469fba93ad8f994ade3f2fa2b2cfac06fd6689368264706591f0b8b7528f,0.406470953383,0.871595330739
48_0,48,48.jpg,0,surface_injure,surface_injure,2,test,394,473,553,794,160,322,1024,1024,231,391,714,874,483,1.5,64,False,False,False,224,224,images/48_0.png,f97a28e29b915b4e6c2ab8888d4e4e740c7c2f64ebcf9fe703ad3deae44f79a7,969c030dff9b66e68d64e8220b40ad4725ffa92f639b85953aa6038919570c06,0.220841959972,0.463768115942
49_0,49,49.jpg,0,craze,craze,0,train,375,269,806,364,432,96,1024,1024,266,0,914,648,648,1.5,64,False,True,False,224,224,images/49_0.png,a4e898bb773b14ece1e4db2b2f67328f4cfd033ba8450d4833d4d601e8cb91b9,3c16e47a9aa774482d5b4f6a5b3f403cfe660595b7a8a3c3133b03e709f502e0,0.0987654320988,0.345679012346
50_0,50,50.jpg,0,craze,craze,0,train,6,83,467,899,462,817,1024,1024,0,0,1024,1024,1024,1.5,64,False,True,True,224,224,images/50_0.png,60717bb7b5b1d5d336b0d5f188e783e2ad887f488250b416d7c11be9b2b971b2,52bce2170e0779c57249d33d9e4edefac2970cb3451f9388d0e57aa98d535018,0.359968185425,0.21875
50_1,50,50.jpg,1,craze,craze,0,train,731,261,955,503,225,243,1024,1024,659,199,1024,564,365,1.5,64,False,True,False,224,224,images/50_1.png,60717bb7b5b1d5d336b0d5f188e783e2ad887f488250b416d7c11be9b2b971b2,db0eed8acaccdf37f58366dab04d4be28e2d8a12af7ad7af19ce500038aee015,0.410395946707,0.613698630137
50_2,50,50.jpg,2,craze,craze,0,train,494,278,619,513,126,236,1024,1024,379,218,733,572,354,1.5,64,False,False,False,224,224,images/50_2.png,60717bb7b5b1d5d336b0d5f188e783e2ad887f488250b416d7c11be9b2b971b2,22234e995ccb019268faaf37a00a643f2370c481ed88fe8af1a1b334f96d9b0c,0.237288135593,0.632768361582
51_0,51,51.jpg,0,craze,craze,0,test,447,894,547,1019,101,126,1024,1024,402,835,591,1024,189,1.5,64,False,True,False,224,224,images/51_0.png,93e90d2521db86ae1781cdcde46071c573d31ba3e6dce7a481e44b1cdab20f75,83b08a010200a9c6d0fb6df61ae5401828e488f968819f16be1b2f71046b88d7,0.356261022928,1.18518518519
51_1,51,51.jpg,1,craze,craze,0,test,473,20,658,850,186,831,1024,1024,0,0,1024,1024,1024,1.5,64,False,True,True,224,224,images/51_1.png,93e90d2521db86ae1781cdcde46071c573d31ba3e6dce7a481e44b1cdab20f75,f8fe18ea3a307cb9d833707f8ce5c6c567055f938a78520183085c5dec311bc9,0.14740562439,0.21875
52_0,52,52.jpg,0,thunderstrike,thunderstrike,3,train,208,174,511,938,304,765,1024,1024,0,0,1024,1024,1024,1.5,64,False,True,True,224,224,images/52_0.png,fa5a91aa3c842464cc5ed767ad6578859fd35f321e9f4be2eb6ef629eace16c5,0885503b2ea6fefa021e5c1502027b716723728c5e862c05d42970ee8c0932a7,0.221786499023,0.21875
53_0,53,53.jpg,0,crack,crack,4,train,420,153,509,424,90,272,1024,1024,260,84,668,492,408,1.5,64,False,False,False,224,224,images/53_0.png,d4d674a47bc1e4549297e3ed197b5ead5454b2b53e3944df64166f92be08fefe,16ae520609b1c63553fa315ce13a0225dda0f925a70512465f6188ecf6954b26,0.147058823529,0.549019607843
54_0,54,54.jpg,0,hide_craze,hide_craze,5,test,478,272,503,631,26,360,1024,1024,220,181,760,721,540,1.5,64,False,False,False,224,224,images/54_0.png,5183b3986ea2067c566d5a777d788750dd0f762e3dd051606d3a0bcd168b9d27,b337e845e695e1467157239eda945d53c66a45cd7dfdfa655fdf0424d39ebc7b,0.0320987654321,0.414814814815
54_1,54,54.jpg,1,hide_craze,hide_craze,5,test,470,691,500,928,31,238,1024,1024,306,630,663,987,357,1.5,64,False,False,False,224,224,images/54_1.png,5183b3986ea2067c566d5a777d788750dd0f762e3dd051606d3a0bcd168b9d27,9163dafdcab018902b461c3a52598c2db2cdd5e4f0245e054232bc663ca0861d,0.0578898225957,0.627450980392
55_0,55,55.jpg,0,hide_craze,hide_craze,5,validation,477,705,941,939,465,235,1024,1024,326,326,1024,1024,698,1.5,64,False,True,False,224,224,images/55_0.png,a83701eb9a76665cd3e45c6200d457d6795bf8a474513505dcdc4562b264be35,b03f43a041b6691bfa715a108dd6ea3df3052d51c7ff327f4e5e304bccfa8521,0.22429003046,0.320916905444
56_0,56,56.jpg,0,hide_craze,hide_craze,5,train,405,875,652,924,248,50,1024,1024,342,652,714,1024,372,1.5,64,False,True,False,224,224,images/56_0.png,f5fba4ed668226386b0f519c8550aa26e382a8a39b3254a730692d382f976055,bf56d64b7a88cc259a7c6c1f6c5a77b96b9fdaac060ffbc99400ea4c08334cea,0.089605734767,0.602150537634
56_1,56,56.jpg,1,hide_craze,hide_craze,5,train,427,495,598,547,172,53,1024,1024,383,391,641,649,258,1.5,64,False,False,False,224,224,images/56_1.png,f5fba4ed668226386b0f519c8550aa26e382a8a39b3254a730692d382f976055,56861fb11beb09037408f75d9c8720a7ce3671da97e15aa5c281bbb22f65eac1,0.136950904393,0.868217054264
56_2,56,56.jpg,2,hide_craze,hide_craze,5,train,362,719,603,835,242,117,1024,1024,300,595,663,958,363,1.5,64,False,False,False,224,224,images/56_2.png,f5fba4ed668226386b0f519c8550aa26e382a8a39b3254a730692d382f976055,d6c6a9de4aa520c202869ce167e77e53b5030691fe8bb4d386341828ee4e51b9,0.214876033058,0.617079889807
56_3,56,56.jpg,3,hide_craze,hide_craze,5,train,425,606,612,672,188,67,1024,1024,377,497,659,779,282,1.5,64,False,False,False,224,224,images/56_3.png,f5fba4ed668226386b0f519c8550aa26e382a8a39b3254a730692d382f976055,823114ce6aee65cab79b696954d9c5158ffef424bfb2e6aed62ebdc359f61227,0.158392434988,0.794326241135
57_0,57,57.jpg,0,craze,craze,0,test,550,314,850,438,301,125,1024,1024,473,149,925,601,452,1.5,64,False,False,False,224,224,images/57_0.png,69cbcbfc0f4fd6a06e9bf33161bb147cf5e66c5097307bb8920d9cbee53aa82b,c3cfe6ca4c8325c8d34d512fb8e1360a23c0673ca593cc5cc9d4fbb4fe085c15,0.184161837262,0.495575221239
57_1,57,57.jpg,1,surface_injure,surface_injure,2,test,422,313,531,374,110,62,1024,1024,393,260,558,425,165,1.5,64,False,False,False,224,224,images/57_1.png,69cbcbfc0f4fd6a06e9bf33161bb147cf5e66c5097307bb8920d9cbee53aa82b,03c20fce5bd1ed65ecd351e251fdf90ecdc307407066c09f94ea8192b598f0d4,0.250505050505,1.35757575758
58_0,58,58.jpg,0,hide_craze,hide_craze,5,train,1,420,728,522,728,103,1024,1024,0,0,1024,1024,1024,1.5,64,False,True,True,224,224,images/58_0.png,cd6355ac9e90a33056a2a4eb327e762ee1349d4c7f99343de90365f8094e913b,d1c42d8e6987a00a7dc5091938d8c3f59f504eae4d7170369defbaa21ea0a059,0.0715103149414,0.21875
59_0,59,59.jpg,0,crack,crack,4,validation,767,380,903,614,137,235,1024,1024,658,320,1011,673,353,1.5,64,False,False,False,224,224,images/59_0.png,760c65bbc066a994e15fd3f3b04fc4a4d63029016ce0f1f6e4cfba28eb1aa1ef,385b18becfc2a61be92a98e8d79f09f019e1559df37e3441771f031412d077eb,0.258368175653,0.634560906516
60_0,60,60.jpg,0,thunderstrike,thunderstrike,3,validation,87,639,397,722,311,84,1024,1024,8,446,475,913,467,1.5,64,False,False,False,224,224,images/60_0.png,1580d16805bdd2b85c3021d4ce1083357db0dbef1a812452632fe92470c8c229,a2d8ec3a5b863415d3159cd84d7b0b9a8719b7cc3f940c0fd57dddd365e274a6,0.119785958943,0.47965738758
60_1,60,60.jpg,1,hide_craze,hide_craze,5,validation,783,1,809,264,27,264,1024,1024,597,0,993,396,396,1.5,64,False,True,False,224,224,images/60_1.png,1580d16805bdd2b85c3021d4ce1083357db0dbef1a812452632fe92470c8c229,4172bea857f02e8d4852dc0c4d8e460a78e253c9e5d5bdb72e7087002edf0669,0.0454545454545,0.565656565657
61_0,61,61.jpg,0,craze,craze,0,test,623,688,958,1014,336,327,1024,1024,520,520,1024,1024,504,1.5,64,False,True,False,224,224,images/61_0.png,3502f5974d65f158802582844b7ecad792d685543b8e9d820317bf08918cd3ca,62426b89dd09a06538209241b15b0cb9d40b333d30a57b1e09f58bb87b459913,0.43253968254,0.444444444444
61_1,61,61.jpg,1,craze,craze,0,test,367,389,631,650,265,262,1024,1024,299,320,697,718,398,1.5,64,False,False,False,224,224,images/61_1.png,3502f5974d65f158802582844b7ecad792d685543b8e9d820317bf08918cd3ca,faca93c49a757693d3bf6e399ce22fc946b0d981fd970ba899bbf1186cebca3d,0.438309638645,0.562814070352
61_2,61,61.jpg,2,craze,craze,0,test,203,200,402,366,200,167,1024,1024,152,132,452,432,300,1.5,64,False,False,False,224,224,images/61_2.png,3502f5974d65f158802582844b7ecad792d685543b8e9d820317bf08918cd3ca,9899205daa950a1465c4e00e886c730a03938cf91bd6c14639726208b4f02d71,0.371111111111,0.746666666667
62_0,62,62.jpg,0,thunderstrike,thunderstrike,3,validation,19,450,512,555,494,106,1024,1024,0,131,741,872,741,1.5,64,False,True,False,224,224,images/62_0.png,1480a69bd1ad9fa3a5bf3777e9e1a57abb3b70b88c4ee67c90e6cc11e12dbffa,1e9851e44855abf8a8a884b03e88d26d8de40e742fbbefe56b5df5f09a393538,0.0953666216824,0.302294197031
62_1,62,62.jpg,1,hide_craze,hide_craze,5,validation,814,494,841,589,28,96,1024,1024,755,469,899,613,144,1.5,64,False,False,False,224,224,images/62_1.png,1480a69bd1ad9fa3a5bf3777e9e1a57abb3b70b88c4ee67c90e6cc11e12dbffa,950b5d24d8b0ffaa1893c96ceb09fc6c272f604416dd99441e578bd86d60278d,0.12962962963,1.55555555556
63_0,63,63.jpg,0,surface_injure,surface_injure,2,train,122,425,191,511,70,87,1024,1024,90,402,221,533,131,1.5,64,False,False,False,224,224,images/63_0.png,7ff936a5b77b340ed59fc6a3e2d1fa88fd86fb86c134149f1914874dbf9772ed,fd4de09b087baaf353aaa7e746e61945b372ecd32755f790f2a287211cd7c37e,0.354874424567,1.70992366412
63_1,63,63.jpg,1,surface_injure,surface_injure,2,train,308,714,356,763,49,50,1024,1024,294,700,369,775,75,1.5,64,False,False,False,224,224,images/63_1.png,7ff936a5b77b340ed59fc6a3e2d1fa88fd86fb86c134149f1914874dbf9772ed,153b57f7cdf6d207950cf23624f7663dbfc194547192729f04711bc8102c64ba,0.435555555556,2.98666666667
64_0,64,64.jpg,0,corrosion,corrosion,1,train,362,450,498,991,137,542,1024,1024,23,211,836,1024,813,1.5,64,False,True,False,224,224,images/64_0.png,78069012304cebf3c6e5a5875a734a2ec1c4f2499f037b3434c5670b3f5b8d55,cbb35b616c9a4f298684900f611917f36b9f9ff1d237986fa1db365d19e78560,0.112341123411,0.275522755228
65_0,65,65.jpg,0,corrosion,corrosion,1,test,87,39,445,989,359,951,1024,1024,0,0,1024,1024,1024,1.5,64,False,True,True,224,224,images/65_0.png,8ff2983284bffe8a8d3cf9b912d5bf813b220b48f869560ac9893affc86898d7,10b5aad1d570fd0943f05279fd648fd4f6d6a6bb683a5fbe4a741f8a0bf2faed,0.32559299469,0.21875
66_0,66,66.jpg,0,crack,crack,4,train,428,155,531,694,104,540,1024,1024,74,19,884,829,810,1.5,64,False,False,False,224,224,images/66_0.png,8ce21311247ac2749accea15751084ac4f53481b547f65fb791cb6acd023246a,a195c71624c6f93a1cbd0e9ed34f610327c407eb1dc09cb1cc8056e5123e0521,0.0855967078189,0.276543209877
66_1,66,66.jpg,1,crack,crack,4,train,802,247,894,745,93,499,1024,1024,275,121,1024,870,749,1.5,64,False,True,False,224,224,images/66_1.png,8ce21311247ac2749accea15751084ac4f53481b547f65fb791cb6acd023246a,a8350841e18ef39f74eb4cba5baf0fe438ae1ac6a8d557aaba09df41d081b3ab,0.0827217776795,0.299065420561
67_0,67,67.jpg,0,hide_craze,hide_craze,5,test,359,589,666,688,308,100,1024,1024,281,407,743,869,462,1.5,64,False,False,False,224,224,images/67_0.png,4a4a7ee8f01d53cb473f61fcf0f334af32dad86c78b034ee7ba02592c647565c,5561c7b4bd72b4220889b4559a914076a21f07ab8fd81cd9278cb4ee940fee22,0.1443001443,0.484848484848
68_0,68,68.jpg,0,hide_craze,hide_craze,5,train,522,497,550,933,29,437,1024,1024,207,368,863,1024,656,1.5,64,False,True,False,224,224,images/68_0.png,fcdc3ac634500b63b9217aceedaf4435beb08854115c130b5d7b31c28d64f5cc,b8ac0af33f9294e48fc65512d70fd85f5c46edfaad76954ed66f2b554b2f64ff,0.0294490816478,0.341463414634
68_1,68,68.jpg,1,hide_craze,hide_craze,5,train,530,145,550,356,21,212,1024,1024,380,91,698,409,318,1.5,64,False,False,False,224,224,images/68_1.png,fcdc3ac634500b63b9217aceedaf4435beb08854115c130b5d7b31c28d64f5cc,6982adcc19e5ffb0c0c0dcab751bd3ce8d38a338bf2f1ef75970cfd7b33b4cf4,0.0440251572327,0.704402515723
69_0,69,69.jpg,0,crack,crack,4,validation,278,78,445,263,168,186,1024,1024,221,30,500,309,279,1.5,64,False,False,False,224,224,images/69_0.png,a2bc9d418b9d4304aee4cad2a7f90ced432644ee3f4257f233f1379f0acc1e7c,06c8a9b13bafa9314e03471c266b311aad462556ce086f331ccda41f952ebe71,0.401433691756,0.802867383513
69_1,69,69.jpg,1,crack,crack,4,validation,761,245,928,385,168,141,1024,1024,718,188,970,440,252,1.5,64,False,False,False,224,224,images/69_1.png,a2bc9d418b9d4304aee4cad2a7f90ced432644ee3f4257f233f1379f0acc1e7c,291e36baa874354098ddeab1a8ae5d255c2c443ea0ee833406cba87e02df15b7,0.373015873016,0.888888888889
70_0,70,70.jpg,0,crack,crack,4,validation,184,213,392,567,209,355,1024,1024,21,123,554,656,533,1.5,64,False,False,False,224,224,images/70_0.png,75c138f4c56a177242d0863c1500b1c04d167b7ff051cb096aedfa0b748ce39e,a0629ea1071f009393bcce274b53d75abda2642435cb293fcd5a4754226e83f5,0.26116815505,0.420262664165
70_1,70,70.jpg,1,crack,crack,4,validation,545,16,659,466,115,451,1024,1024,263,0,940,677,677,1.5,64,False,True,False,224,224,images/70_1.png,75c138f4c56a177242d0863c1500b1c04d167b7ff051cb096aedfa0b748ce39e,2eabbb3cdaddd4907ba89530493df9e8222f7974c21136ec58b118c293171c26,0.113161069886,0.330871491876
71_0,71,71.jpg,0,craze,craze,0,test,108,377,1011,783,904,407,1024,1024,0,0,1024,1024,1024,1.5,64,False,True,True,224,224,images/71_0.png,75bbbaa02951587dd92e6ba49a30ff4afbe5c2163c7ed666b7197a89504eac73,a2ecab553af0578797857073c9687f48b1fe1491277972c9cf5f09309f6d077e,0.350883483887,0.21875
72_0,72,72.jpg,0,corrosion,corrosion,1,validation,462,378,503,944,42,567,1024,1024,56,173,907,1024,851,1.5,64,False,True,False,224,224,images/72_0.png,4489afe5514093241e4f31a610299db842ad6085f3c8e75089b009a8c63a4789,14e6a1f3a85398e50defe0f5bfab579185ebe834316a95d733db2325ff626677,0.0328831360354,0.263219741481
73_0,73,73.jpg,0,craze,craze,0,test,286,270,766,700,481,431,1024,1024,164,123,886,845,722,1.5,64,False,False,False,224,224,images/73_0.png,ced7416a8431908bb14ae30b09631e9d35ffac896bfdeb70380223cc31efb612,75904d2c154fb57a03877c5367b92460a722a3fdddfba88282ca3b2e4dbf42e2,0.397693004197,0.310249307479
74_0,74,74.jpg,0,craze,craze,0,train,425,688,850,836,426,149,1024,1024,317,385,956,1024,639,1.5,64,False,True,False,224,224,images/74_0.png,3f65bdbcf604440e13f02b08b95dafecb3b7d64720de8dc01dd6c81c917d0609,4be714a3cb3ab17f9e397ce56fef290ef2b659c5e7ca35b9460ded1c37c3899a,0.155451225874,0.350547730829
75_0,75,75.jpg,0,surface_injure,surface_injure,2,train,103,586,177,1017,75,432,1024,1024,0,376,648,1024,648,1.5,64,False,True,False,224,224,images/75_0.png,a6756addf0231053f260dc7bd275e6a305ef1391be25a8845e8c220115bc5e83,389b870de664dc5876c6b07f2950e515b755f3ef9d6b591863728db1d111e367,0.0771604938272,0.345679012346
75_1,75,75.jpg,1,surface_injure,surface_injure,2,train,727,6,1024,325,298,320,1024,1024,544,0,1024,480,480,1.5,64,False,True,False,224,224,images/75_1.png,a6756addf0231053f260dc7bd275e6a305ef1391be25a8845e8c220115bc5e83,4eaf354a96850e4ab4413b2561aea2e10e7b4bc8b2ee8a91b6f2628c7b8c410e,0.413888888889,0.466666666667
76_0,76,76.jpg,0,craze,craze,0,train,172,181,694,606,523,426,1024,1024,40,0,825,785,785,1.5,64,False,False,False,224,224,images/76_0.png,6d4a37f95931ecbac9017530205931871ca5550a221e9fa80136dbe83165676a,eb52f2e8f80f1e7a84780761fb014de4dbc749eb652de049afd7e97205ab372c,0.361553004179,0.285350318471
77_0,77,77.jpg,0,thunderstrike,thunderstrike,3,validation,227,825,339,908,113,84,1024,1024,197,781,367,951,170,1.5,64,False,False,False,224,224,images/77_0.png,5641b75867b1f87dc941b3707af52756271c78dd3d400db589a9a28233eced88,8c6a371acf78b12860441870b401e110136e92bc9d3b6f187123a0e4a8cf70db,0.328442906574,1.31764705882
78_0,78,78.jpg,0,crack,crack,4,train,527,169,670,761,144,593,1024,1024,134,19,1024,909,890,1.5,64,False,True,False,224,224,images/78_0.png,41b35569a3cd536441a1a7a86bfcbb030f9ecc1f07cd7bebb94f55fb668e264b,56c210b4d7f6c4c3d104d7c46d8ced587dcbf588aeba810989ba48526ebb02a8,0.10780457013,0.251685393258
79_0,79,79.jpg,0,craze,craze,0,train,289,275,767,710,479,436,1024,1024,168,132,887,851,719,1.5,64,False,False,False,224,224,images/79_0.png,e89e39b37b6149d6c018f0b8963b5ceb513d6cfc4d0bc58bff8862f1cf51efc6,346f1f8f2da6bc289b4923412a24d9e605e1d9f50325b6f65f47aabdbe6bc3b7,0.403984052956,0.311543810848
81_0,81,81.jpg,0,craze,craze,0,test,20,3,231,181,212,179,1024,1024,0,0,318,318,318,1.5,64,False,True,False,224,224,images/81_0.png,8a53be32556a362c61806790f817e79bb97116cde009d17d403ee783671033d8,5c4bb7be3b9f9efbae39e2936e5f8e0e8ec40a83e02a84a29420680f808916ae,0.375262054507,0.704402515723
81_1,81,81.jpg,1,craze,craze,0,test,256,197,566,538,311,342,1024,1024,154,110,667,623,513,1.5,64,False,False,False,224,224,images/81_1.png,8a53be32556a362c61806790f817e79bb97116cde009d17d403ee783671033d8,3a385cae5c66b3b60d2a12e43ca05562b96daf9d0e6540100d982381bef07430,0.404158544509,0.436647173489
81_2,81,81.jpg,2,craze,craze,0,test,600,481,1016,870,417,390,1024,1024,398,362,1024,988,626,1.5,64,False,True,False,224,224,images/81_2.png,8a53be32556a362c61806790f817e79bb97116cde009d17d403ee783671033d8,0acdee875a4328c10d566e45c624ebbcda5835c3d0a15560965d9abeab08698c,0.415003725668,0.357827476038
82_0,82,82.jpg,0,crack,crack,4,train,145,536,414,642,270,107,1024,1024,76,386,481,791,405,1.5,64,False,False,False,224,224,images/82_0.png,738a178e8f2873606fa2bfcc66e6f07beeed88b876ff7b29fa9147615d7c090e,b4d3084b3ae73d6a58995dc04feeecee8550cdad0bdfa4a67857e050c5370cdd,0.176131687243,0.553086419753
83_0,83,83.jpg,0,hide_craze,hide_craze,5,train,39,694,236,1024,198,331,1024,1024,0,527,497,1024,497,1.5,64,False,True,False,224,224,images/83_0.png,a7bab4633b18f120620d6a37388d5c2c3051caa5a35292de196446e959fc09f4,d83e662d69165c16f4774ccdabd367de7a7a76eba47174b26db57e2fed4aa07c,0.265326364626,0.450704225352
83_1,83,83.jpg,1,hide_craze,hide_craze,5,train,259,739,1009,861,751,123,1024,1024,0,0,1024,1024,1024,1.5,64,False,True,True,224,224,images/83_1.png,a7bab4633b18f120620d6a37388d5c2c3051caa5a35292de196446e959fc09f4,8fb4d6f07444cc20c0a0d9f8fe018558c4c125377524bafbe32b400b7923fcd0,0.0880937576294,0.21875
84_0,84,84.jpg,0,thunderstrike,thunderstrike,3,train,620,608,766,872,147,265,1024,1024,493,540,891,938,398,1.5,64,False,False,False,224,224,images/84_0.png,ca3c270e59b042560566876eedbfc129bd679dc5640eaa5d3484a033e5087b34,fe83e26806c594db4b28d11a0e782aa9eed234932d7cf2a4a7bc7956b7880f33,0.245921820156,0.562814070352
85_0,85,85.jpg,0,crack,crack,4,train,484,166,542,220,59,55,1024,1024,468,148,557,237,89,1.5,64,False,False,False,224,224,images/85_0.png,a25a9f279a2f56039402010408d3a233ee0c0f02f06e13700baee234e2b6080a,6695d14951b3d920a7cb59bb494d8adf5dcc0225007fcce19cd7a5f9de0ae19f,0.409670496149,2.51685393258
86_0,86,86.jpg,0,hide_craze,hide_craze,5,train,125,131,464,195,340,65,1024,1024,39,0,549,510,510,1.5,64,False,True,False,224,224,images/86_0.png,4b1033bb1ea30818e73bf75954e192568d4a19a8680886156bfe8946b9c7ab22,3da65499e0ecbd0b113e00bfe97287694b602576b02c6bfc74dc2dd20257a187,0.0849673202614,0.439215686275
87_0,87,87.jpg,0,craze,craze,0,validation,133,106,961,710,829,605,1024,1024,0,0,1024,1024,1024,1.5,64,False,True,True,224,224,images/87_0.png,5d98b3a2f6de2a700d1f5ac195978550101cdbd2d8261bab8778af6326185de6,7d984b4e1742d8292f2307031fbcbd7264eddcd1cce52cc55c3e65f276625b06,0.478310585022,0.21875
88_0,88,88.jpg,0,crack,crack,4,test,580,72,791,370,212,299,1024,1024,460,0,909,449,449,1.5,64,False,True,False,224,224,images/88_0.png,77209c6be6cedeaa8dde8ce8e3b3dfe6383ff5f2d7059bc9b0d211731bb437ee,07a2b942f7b6190503f528db3b03ed07a0394f6fa349f9f561f9fe3858888121,0.314423043536,0.498886414254
89_0,89,89.jpg,0,crack,crack,4,train,106,333,191,644,86,312,1024,1024,0,254,468,722,468,1.5,64,False,True,False,224,224,images/89_0.png,bcd6fd5c8e6e5da78b6f5b0526c66db9b42feac80b95cbb2c20b52ab2cb6a1fe,9c22d88a97fff32f97a3216e0d5088e70551bfc5e537db27007e81ded17caf6f,0.122507122507,0.478632478632
89_1,89,89.jpg,1,crack,crack,4,train,383,100,592,528,210,429,1024,1024,165,0,809,644,644,1.5,64,False,True,False,224,224,images/89_1.png,bcd6fd5c8e6e5da78b6f5b0526c66db9b42feac80b95cbb2c20b52ab2cb6a1fe,ba845156c4f6508534b85d18ea65753af528ad9c0a4ffdfc3c7d1b07fbfae022,0.217222522279,0.347826086957
90_0,90,90.jpg,0,surface_injure,surface_injure,2,train,69,578,139,1024,71,447,1024,1024,0,353,671,1024,671,1.5,64,False,True,False,224,224,images/90_0.png,382735c6d8314c8ea4066e52abe2b5615687abcc693a4ce4b6677c2fa77fe1c8,40f4683200d678f4296fb09f1378fd8bb0e2e05e9568ff1a11065568c579173d,0.0704889159361,0.333830104322
90_1,90,90.jpg,1,surface_injure,surface_injure,2,train,1,1,533,233,533,233,1024,1024,0,0,800,800,800,1.5,64,False,True,False,224,224,images/90_1.png,382735c6d8314c8ea4066e52abe2b5615687abcc693a4ce4b6677c2fa77fe1c8,c975455a9bae58dde15683e8a3e08fde820fed0082d907d2c5d0f4b306380b68,0.1940453125,0.28
90_2,90,90.jpg,2,surface_injure,surface_injure,2,train,548,1,1002,556,455,556,1024,1024,190,0,1024,834,834,1.5,64,False,True,False,224,224,images/90_2.png,382735c6d8314c8ea4066e52abe2b5615687abcc693a4ce4b6677c2fa77fe1c8,8760b26ed6661960ce868470b7922440ffad547e28056ff61b3344fc58a941e2,0.363709032774,0.268585131894
91_0,91,91.jpg,0,hide_craze,hide_craze,5,train,420,461,625,911,206,451,1024,1024,183,347,860,1024,677,1.5,64,False,False,False,224,224,images/91_0.png,20abebc725084c47071c38f580f112b714e577937a281fd674f6da71b71d1bec,6963110a52630ca0dde297681759942625231666818046fba47c033051facfd4,0.202705916492,0.330871491876
92_0,92,92.jpg,0,crack,crack,4,train,416,35,706,708,291,674,1024,1024,13,0,1024,1011,1011,1.5,64,False,True,False,224,224,images/92_0.png,90c4ae078b571b301b39c27679f961fbce84f74cb009c64f651a21fcd0d6dff1,ddf0081c6cac3a27b43218f75c9c7ab46aee87bb9633fb6992a5e05260d9f864,0.191889218595,0.2215628091
93_0,93,93.jpg,0,craze,craze,0,test,233,369,1023,681,791,313,1024,1024,0,0,1024,1024,1024,1.5,64,False,True,True,224,224,images/93_0.png,38c5ce8f77aa3ceecd6479f6ad671c5890cd7e3a82218101491a8bf16d0ee801,1057a51a27089204ae0d6d255cb930d29874f705351378213856fccd8648beab,0.236113548279,0.21875
94_0,94,94.jpg,0,crack,crack,4,train,273,394,319,594,47,201,1024,1024,144,342,446,644,302,1.5,64,False,False,False,224,224,images/94_0.png,d389ed2413e8cf33da8bce022d27136ee0a9b681f19b3458913bd12b2497c12f,09145a7be81d239021f5cf40a674482c15ca1f713430488c57cfb50c86e5015c,0.10358098329,0.741721854305
94_1,94,94.jpg,1,crack,crack,4,train,428,266,566,536,139,271,1024,1024,293,197,700,604,407,1.5,64,False,False,False,224,224,images/94_1.png,d389ed2413e8cf33da8bce022d27136ee0a9b681f19b3458913bd12b2497c12f,d5b589cc97d12ab35ceba30868bf4450e546801603b18d84c9e084772c56535d,0.227402519786,0.550368550369
95_0,95,95.jpg,0,corrosion,corrosion,1,train,241,530,323,1011,83,482,1024,1024,0,301,723,1024,723,1.5,64,False,True,False,224,224,images/95_0.png,ff9eafd1b80c3759315b79c178f5238b446021a987b948dbdccb81f75e0b7158,977120ea8965b0544febf589900b9981c4a0bdba2381d2f6cafa5cb2c591e691,0.0765329644998,0.309820193638
95_1,95,95.jpg,1,corrosion,corrosion,1,train,295,13,423,516,129,504,1024,1024,0,0,756,756,756,1.5,64,False,True,False,224,224,images/95_1.png,ff9eafd1b80c3759315b79c178f5238b446021a987b948dbdccb81f75e0b7158,0b534d78905d9ba40b91728fc1502660a656908d903e0344cb8cfae8af26cc82,0.113756613757,0.296296296296
95_2,95,95.jpg,2,thunderstrike,thunderstrike,3,train,600,10,691,69,92,60,1024,1024,576,0,714,138,138,1.5,64,False,True,False,224,224,images/95_2.png,ff9eafd1b80c3759315b79c178f5238b446021a987b948dbdccb81f75e0b7158,45443906e8998f5019f1243c06c6d4daf81a70990f45d899e55332f27ada564a,0.289855072464,1.6231884058
96_0,96,96.jpg,0,surface_injure,surface_injure,2,validation,608,505,739,639,132,135,1024,1024,571,470,774,673,203,1.5,64,False,False,False,224,224,images/96_0.png,d21eb7b133d2cbe84d0d055b0217aab72becfa81fd088ed465e61b77ecc426bc,77be50fcd597d8734d64f11386191754d7dd7da6af4e66875910692affab5027,0.432429809022,1.10344827586
96_1,96,96.jpg,1,surface_injure,surface_injure,2,validation,875,545,1017,653,143,109,1024,1024,809,491,1024,706,215,1.5,64,False,True,False,224,224,images/96_1.png,d21eb7b133d2cbe84d0d055b0217aab72becfa81fd088ed465e61b77ecc426bc,291963375429641addecbe3713fd0303082cb464ea851652ba3f63c26346fbc0,0.337198485668,1.04186046512
97_0,97,97.jpg,0,crack,crack,4,train,358,422,616,686,259,265,1024,1024,287,354,685,752,398,1.5,64,False,False,False,224,224,images/97_0.png,c2ccce5150f9ad83d1a353a51d17afc05dfa128d746d01bf90d3471ed789ed99,be1aa7dfd5243c02b683bc9ec3b8a4766636f81b58c6578a1c5f779dfc4ffae2,0.433290825989,0.562814070352
99_0,99,99.jpg,0,hide_craze,hide_craze,5,validation,394,513,920,555,527,43,1024,1024,233,138,1024,929,791,1.5,64,False,True,False,224,224,images/99_0.png,96e3be88150041069f94753f02a6294f030526febd056d866392fdc39da796a0,cd02b9880061ef2066891a36132a116bab9010e976cd601e4d5d472daac8f9b5,0.0362181367182,0.283185840708
100_0,100,100.jpg,0,thunderstrike,thunderstrike,3,validation,494,142,842,961,349,820,1024,1024,0,0,1024,1024,1024,1.5,64,False,True,True,224,224,images/100_0.png,1ca79058b7194215941abc691cd925eb4b009a799ff6953900a71754912be6db,a30fbd2b35af2b2b1082a8db9634203bcb9ddfde10f6312c9b062dc1e4820225,0.272922515869,0.21875
101_0,101,101.jpg,0,surface_injure,surface_injure,2,train,314,114,659,542,346,429,1024,1024,164,5,808,649,644,1.5,64,False,False,False,224,224,images/101_0.png,1d505ddbecfb3ce7a041fd37a2c5cdb35d9f954caae0133690a0c87c6ff7be79,b04ee34661ca627aff7125795ce66529a87f0f0aa67ee35b0e85320da9811e90,0.357899965279,0.347826086957
102_0,102,102.jpg,0,thunderstrike,thunderstrike,3,train,475,510,602,722,128,213,1024,1024,378,455,698,775,320,1.5,64,False,False,False,224,224,images/102_0.png,78ba890b2ce45e0e5298d34f3910fa2a3b670d8939c43ecb522ffc73ff744ea4,1e310e233215574831a239fb698c7b35de3bf752bae0f1b8de2c0fb183df558a,0.26625,0.7
103_0,103,103.jpg,0,craze,craze,0,test,14,383,812,683,799,301,1024,1024,0,0,1024,1024,1024,1.5,64,False,True,True,224,224,images/103_0.png,71a3c3fe603324f7dc4eed16cae9e587a55165173c2a34eed1fbca119f132c9a,f9ce40157c2dc511f5f0b4191e00fbed99281cd65dc0a4b9ec865a646cecaf7d,0.229357719421,0.21875
104_0,104,104.jpg,0,crack,crack,4,train,406,419,697,663,292,245,1024,1024,332,321,770,759,438,1.5,64,False,False,False,224,224,images/104_0.png,ad9d93aa6a6e625996e2f3f79bc37347939b7341ad0d8c546aadc259662c0750,be93b1bee17bb0c23088d30bc391177fbe0e877f7f2011d082ff2cf1b79a07f8,0.372907153729,0.511415525114
106_0,106,106.jpg,0,surface_injure,surface_injure,2,train,337,805,372,860,36,56,1024,1024,312,790,396,874,84,1.5,64,False,False,False,224,224,images/106_0.png,1ff35d6ac3dbdccd4b9d348a18ef58aeeca5decc22349bb3f23edf89bb8b102d,079b21d95bff6d78cba17b0756eb166df5cb53f067c6cd5696e45adbd199cc92,0.285714285714,2.66666666667
106_1,106,106.jpg,1,surface_injure,surface_injure,2,train,616,792,653,1002,38,211,1024,1024,475,707,792,1024,317,1.5,64,False,True,False,224,224,images/106_1.png,1ff35d6ac3dbdccd4b9d348a18ef58aeeca5decc22349bb3f23edf89bb8b102d,8f14e8ee3540762444c64f44f8847b224c103e856d6bf4d44e3f41d7466667f4,0.0797898277423,0.706624605678
106_2,106,106.jpg,2,surface_injure,surface_injure,2,train,619,627,753,705,135,79,1024,1024,584,564,787,767,203,1.5,64,False,False,False,224,224,images/106_2.png,1ff35d6ac3dbdccd4b9d348a18ef58aeeca5decc22349bb3f23edf89bb8b102d,048a9895085cf9075e6eee2fb5edfff07f17d4487e76141fcd8beda401043bd3,0.258802688733,1.10344827586
106_3,106,106.jpg,3,surface_injure,surface_injure,2,train,623,520,661,614,39,95,1024,1024,570,495,713,638,143,1.5,64,False,False,False,224,224,images/106_3.png,1ff35d6ac3dbdccd4b9d348a18ef58aeeca5decc22349bb3f23edf89bb8b102d,da27f4af3121918320f3f0306efb73c742c721d5ddb766c7fa6b16781cf94c3e,0.18118245391,1.56643356643
106_4,106,106.jpg,4,surface_injure,surface_injure,2,train,631,80,698,316,68,237,1024,1024,486,19,842,375,356,1.5,64,False,False,False,224,224,images/106_4.png,1ff35d6ac3dbdccd4b9d348a18ef58aeeca5decc22349bb3f23edf89bb8b102d,a61d31f8fd8b47884a2727092c3b5ae9477a9017f6acfa2bea8668873d7fa018,0.127161974498,0.629213483146
106_5,106,106.jpg,5,surface_injure,surface_injure,2,train,700,92,752,142,53,51,1024,1024,685,76,765,156,80,1.5,64,False,False,False,224,224,images/106_5.png,1ff35d6ac3dbdccd4b9d348a18ef58aeeca5decc22349bb3f23edf89bb8b102d,ab8b05ad5233908fc22eb95a763cbebd5367db6c4057bce00214b696f7758bbf,0.42234375,2.8
106_6,106,106.jpg,6,surface_injure,surface_injure,2,train,789,11,831,49,43,39,1024,1024,777,0,842,65,65,1.5,64,False,True,False,224,224,images/106_6.png,1ff35d6ac3dbdccd4b9d348a18ef58aeeca5decc22349bb3f23edf89bb8b102d,c62da56c0f325fb7a8c879b405f33ba1a0a6c24f4b33efa5329600ac3b4aa43a,0.396923076923,3.44615384615
107_0,107,107.jpg,0,crack,crack,4,train,356,99,397,310,42,212,1024,1024,217,45,535,363,318,1.5,64,False,False,False,224,224,images/107_0.png,d00da8b41e228b0fbd654f95d05222e9858ab6da05950acedd75c05592b5a916,5705a934b63590cd4a2870c5656a7f6ac6668914a9346c974fe02b5fa615e9af,0.0880503144654,0.704402515723
107_1,107,107.jpg,1,crack,crack,4,train,472,124,517,353,46,230,1024,1024,321,65,666,410,345,1.5,64,False,False,False,224,224,images/107_1.png,d00da8b41e228b0fbd654f95d05222e9858ab6da05950acedd75c05592b5a916,f38380373870aa5e33d4cc1ebd85ebc6326ef47e7e83255bd5a2c54addf6638d,0.0888888888889,0.649275362319
108_0,108,108.jpg,0,thunderstrike,thunderstrike,3,validation,542,313,911,800,370,488,1024,1024,292,190,1024,922,732,1.5,64,False,True,False,224,224,images/108_0.png,0796cf2130ead12ec22b078adfba60781810abfaab9a083638db4eda897d8ee9,743b4651c9e3ab19ea5650a6f65c8b1c4a0cb4c0ffe1ca5ad77e44bcbec0ec8e,0.336976320583,0.306010928962
108_1,108,108.jpg,1,surface_injure,surface_injure,2,validation,928,2,1014,781,87,780,1024,1024,0,0,1024,1024,1024,1.5,64,False,True,True,224,224,images/108_1.png,0796cf2130ead12ec22b078adfba60781810abfaab9a083638db4eda897d8ee9,614ea14c93651d37b9f969b957a2716f12b5306a5bcba2639b3fb1331b130960,0.0647163391113,0.21875
108_2,108,108.jpg,2,surface_injure,surface_injure,2,validation,342,10,534,935,193,926,1024,1024,0,0,1024,1024,1024,1.5,64,False,True,True,224,224,images/108_2.png,0796cf2130ead12ec22b078adfba60781810abfaab9a083638db4eda897d8ee9,614ea14c93651d37b9f969b957a2716f12b5306a5bcba2639b3fb1331b130960,0.170438766479,0.21875
109_0,109,109.jpg,0,surface_injure,surface_injure,2,train,180,470,819,549,640,80,1024,1024,19,29,979,989,960,1.5,64,False,False,False,224,224,images/109_0.png,79e8b1b76bd87b705fff5d66f1441080091e33020b7edd9417686ca86a6b1326,817f069d016ff560f796b2b081abed9a830ec1a9e2bbd7401ef46a53434b92c8,0.0555555555556,0.233333333333
110_0,110,110.jpg,0,surface_injure,surface_injure,2,train,41,128,616,213,576,86,1024,1024,0,0,864,864,864,1.5,64,False,True,False,224,224,images/110_0.png,c1e06e22bd5ad9822485901953f67eb3771d3ab7c93f1d8eed0cc2aa8f4ac856,df862c36598721abe5e497aefd14c0adc80aefe8fe54721b6a3efd8c547c2058,0.0663580246914,0.259259259259
111_0,111,111.jpg,0,crack,crack,4,validation,416,263,586,402,171,140,1024,1024,372,203,629,460,257,1.5,64,False,False,False,224,224,images/111_0.png,61380e22e62d233997c7aa36692b52476041c972063ef4bbd2ac6a4bfc444b98,3004a1a46b8f009f88d1c9969812701dd71c57fe4b522c19722621219eb05665,0.362458174991,0.871595330739
112_0,112,112.jpg,0,thunderstrike,thunderstrike,3,test,250,320,600,695,351,376,1024,1024,142,225,706,789,564,1.5,64,False,False,False,224,224,images/112_0.png,5e002b7972ff197bd5e6e06cc900b2669796c79f8a66fb8373a185fb77044875,9810bbbb371ce071d971dabd92d8c138e2dc598b606ebcdb546adaf08de2d914,0.414893617021,0.397163120567
112_1,112,112.jpg,1,surface_injure,surface_injure,2,test,56,95,691,281,636,187,1024,1024,0,0,954,954,954,1.5,64,False,True,False,224,224,images/112_1.png,5e002b7972ff197bd5e6e06cc900b2669796c79f8a66fb8373a185fb77044875,f29545e77e56a87d591c7bf84aa77e04c889cb81232335096d6bce63f0adabc9,0.130677847659,0.234800838574
113_0,113,113.jpg,0,corrosion,corrosion,1,train,462,502,572,1024,111,523,1024,1024,124,239,909,1024,785,1.5,64,False,True,False,224,224,images/113_0.png,3f22db88431983f7ffb633a61b11e10c53b23eb4c26258f41abea1abf6463b80,6a7dbacd54b4b4750a875ff9cd2715540388fab2fd29f7cec3d27603869aee92,0.0942074729198,0.285350318471
113_1,113,113.jpg,1,corrosion,corrosion,1,train,536,5,587,488,52,484,1024,1024,198,0,924,726,726,1.5,64,False,True,False,224,224,images/113_1.png,3f22db88431983f7ffb633a61b11e10c53b23eb4c26258f41abea1abf6463b80,97f2b06f3bd7b75277eb8f1a415471fe35195d8cce5f6fa01b65a5634db38778,0.0477502295684,0.308539944904
114_0,114,114.jpg,0,hide_craze,hide_craze,5,validation,639,625,691,985,53,361,1024,1024,393,482,935,1024,542,1.5,64,False,True,False,224,224,images/114_0.png,a3f1e6d8c3b6156f61a7e376b7afc871416997ef6b19ea5bbf76f7c77c114d14,9163a42dd827de75ba002e548175623cbe2ce53c86c198d2acad7edd18e7f01a,0.0651305129287,0.413284132841
114_1,114,114.jpg,1,hide_craze,hide_craze,5,validation,689,10,773,606,85,597,1024,1024,128,0,1024,896,896,1.5,64,False,True,False,224,224,images/114_1.png,a3f1e6d8c3b6156f61a7e376b7afc871416997ef6b19ea5bbf76f7c77c114d14,bccd31340034cfd3d3d0df4f7f502df714d42273fce40ac498f8f58336d857b4,0.0632087551818,0.25
115_0,115,115.jpg,0,corrosion,corrosion,1,train,302,438,447,977,146,540,1024,1024,0,214,810,1024,810,1.5,64,False,True,False,224,224,images/115_0.png,65c67b4a2c1154b1f10f554596607a3723a0e685a38ffb155f9e658f7c3830fc,8abc065731e8e96f53aed69f8e76a2fb40a0c5c887f1906b961ed5ae4cd17b38,0.120164609053,0.276543209877
115_1,115,115.jpg,1,corrosion,corrosion,1,train,406,24,555,427,150,404,1024,1024,177,0,783,606,606,1.5,64,False,True,False,224,224,images/115_1.png,65c67b4a2c1154b1f10f554596607a3723a0e685a38ffb155f9e658f7c3830fc,2d13491a64cdfc5ade21528ee27705d5510fc66cd9cbb60c7646daf790726e1b,0.16501650165,0.369636963696
116_0,116,116.jpg,0,surface_injure,surface_injure,2,train,491,670,536,714,46,45,1024,1024,478,657,547,726,69,1.5,64,False,False,False,224,224,images/116_0.png,2602355ad79fe4d53313538073e8c29247d906c9e868ff6606cdf4f6684f8e45,3cce2f5c74f8be1b61dd612ee4eba89b97cbb7093842865bb643e426751b802d,0.434782608696,3.24637681159
116_1,116,116.jpg,1,hide_craze,hide_craze,5,train,456,450,481,516,26,67,1024,1024,417,432,518,533,101,1.5,64,False,False,False,224,224,images/116_1.png,2602355ad79fe4d53313538073e8c29247d906c9e868ff6606cdf4f6684f8e45,e24d6fd22123bb3fb6e5cac450d1c53375cfd438dec717a7d28979db507a6a8c,0.170767571807,2.21782178218
116_2,116,116.jpg,2,hide_craze,hide_craze,5,train,437,86,486,439,50,354,1024,1024,195,0,726,531,531,1.5,64,False,True,False,224,224,images/116_2.png,2602355ad79fe4d53313538073e8c29247d906c9e868ff6606cdf4f6684f8e45,96bfafeffdce3c70368d0734c21be6e1f1ed63f2f88c9a658c0513c3d01ab508,0.0627746390458,0.421845574388
117_0,117,117.jpg,0,craze,craze,0,validation,402,356,1023,1008,622,653,1024,1024,44,44,1024,1024,980,1.5,64,False,True,False,224,224,images/117_0.png,030e755022350316a084bf6ac22171b7af4e712e7283d065669dc418090a96bd,3bad4da9ea548da601dee58e41da7f5144a1901eb7296eccfd72c7a0fd78d274,0.422913369429,0.228571428571
118_0,118,118.jpg,0,surface_injure,surface_injure,2,train,695,277,814,1002,120,726,1024,1024,0,0,1024,1024,1024,1.5,64,False,True,True,224,224,images/118_0.png,e7e8b96b6cf08d2a92a62188b1784f126a8fb0650de35657929304a79729b1da,858c90290f8948587d0ad1e735a2d6bdce25e534dc7703be49b288cdec4ca636,0.0830841064453,0.21875
119_0,119,119.jpg,0,thunderstrike,thunderstrike,3,train,547,449,639,642,93,194,1024,1024,447,399,738,690,291,1.5,64,False,False,False,224,224,images/119_0.png,e1ff0817e976bd6344f10a721aac39fa845bd140521ce025d778fab288563652,3bc3eab740f63c3a16cb2633bbd335111d4c04b06dc6c897fa05f4b26d481d8b,0.213058419244,0.769759450172
120_0,120,120.jpg,0,corrosion,corrosion,1,train,512,13,647,988,136,976,1024,1024,0,0,1024,1024,1024,1.5,64,False,True,True,224,224,images/120_0.png,755f66288d8ae14658f556b6f26965cad9328ca2e81901c04987f5d4df67fe1e,f998be30f1e5823513a21f195d50f96875e05879e06f40dead5d2a95cac57456,0.126586914062,0.21875
121_0,121,121.jpg,0,hide_craze,hide_craze,5,train,722,13,1012,242,291,230,1024,1024,587,0,1024,437,437,1.5,64,False,True,False,224,224,images/121_0.png,00335f01ea58c32174b9937efc402c046530b26f2227cbdbe92ab23b1cd620a9,ac2c70d4a3c91be4507d3f1e7cc5f550df8672d0d2309b0695dc98da43784b34,0.350475731663,0.512585812357
122_0,122,122.jpg,0,hide_craze,hide_craze,5,train,89,431,336,472,248,42,1024,1024,26,265,398,637,372,1.5,64,False,False,False,224,224,images/122_0.png,b759c84c4e1c8578cfd3e102901bdef813726e39601ce925b2400484d2649cb1,2d707faf2bc3fc151f55b213d44b734c498610bfedc41514157357a6c693bb99,0.0752688172043,0.602150537634
122_1,122,122.jpg,1,hide_craze,hide_craze,5,train,762,281,991,306,230,26,1024,1024,679,120,1024,465,345,1.5,64,False,True,False,224,224,images/122_1.png,b759c84c4e1c8578cfd3e102901bdef813726e39601ce925b2400484d2649cb1,d65df1f58719bdc72b154dbc0e42dd8ab46da9c90930aa4c6822af3372758d80,0.0502415458937,0.649275362319
123_0,123,123.jpg,0,craze,craze,0,validation,459,20,561,208,103,189,1024,1024,367,0,651,284,284,1.5,64,False,True,False,224,224,images/123_0.png,3c635fd971547687af7f0dd46c026f81eebe4e7efc89f9e5717c3b8f72fed5da,944cdd68cdaaac93bab3814906dd99cfa637f90f9b5ee2d0ed5960b181e44580,0.241358361436,0.788732394366
123_1,123,123.jpg,1,craze,craze,0,validation,481,222,595,581,115,360,1024,1024,267,131,807,671,540,1.5,64,False,False,False,224,224,images/123_1.png,3c635fd971547687af7f0dd46c026f81eebe4e7efc89f9e5717c3b8f72fed5da,d9260c8d187e670d7a73b4d3844193fe9fc33fbefa17ce29c0f99d281e0c0f40,0.141975308642,0.414814814815
123_2,123,123.jpg,2,craze,craze,0,validation,492,606,620,944,129,339,1024,1024,301,515,810,1024,509,1.5,64,False,True,False,224,224,images/123_2.png,3c635fd971547687af7f0dd46c026f81eebe4e7efc89f9e5717c3b8f72fed5da,885b83115ce1caa359dd8bbc17e3d1f4475ffdf2d8151a31abf0c98d2d0c4273,0.168792771373,0.440078585462
124_0,124,124.jpg,0,hide_craze,hide_craze,5,train,173,13,295,1008,123,996,1024,1024,0,0,1024,1024,1024,1.5,64,False,True,True,224,224,images/124_0.png,e4d879d0a86d49df79feaf25888b4dcfe63f9201663aa8081143f55c5db347b4,be99b8fe0c73ccd05b76af7ee41b3400a94f7856b531f8760e26cc327562d7f2,0.116832733154,0.21875
125_0,125,125.jpg,0,hide_craze,hide_craze,5,train,330,538,819,569,490,32,1024,1024,206,185,941,920,735,1.5,64,False,False,False,224,224,images/125_0.png,7a156f8839b50576e49dd6cacfe39d344896df4142ec244891278e3cdef34c3f,15700c2e79da97e5da90120c5dbb17161012142c23619feb7527298f83c3533b,0.0290249433107,0.304761904762
125_1,125,125.jpg,1,hide_craze,hide_craze,5,train,928,544,1023,569,96,26,1024,1024,880,484,1024,628,144,1.5,64,False,True,False,224,224,images/125_1.png,7a156f8839b50576e49dd6cacfe39d344896df4142ec244891278e3cdef34c3f,8cc5307988fb460faa2c852ee181357d4fc84b29a91ed3c71ccc9237e0168bf8,0.12037037037,1.55555555556
126_0,126,126.jpg,0,craze,craze,0,train,56,664,164,872,109,209,1024,1024,0,610,314,924,314,1.5,64,False,True,False,224,224,images/126_0.png,07999ec21dd74b4e703e6ac1ced0e3bd5a2c4afdfbe6fea94795338d11fb3c8c,ee127606b7c5c5333f498b275ad517ee0e2726278fdfc5b01932b9923083d459,0.231053998134,0.713375796178
126_1,126,126.jpg,1,craze,craze,0,train,594,110,702,706,109,597,1024,1024,128,0,1024,896,896,1.5,64,False,True,False,224,224,images/126_1.png,07999ec21dd74b4e703e6ac1ced0e3bd5a2c4afdfbe6fea94795338d11fb3c8c,0effb85de2381042e39ae1e2a64752d265b79b77835a4a81da925bbde894d4f2,0.0810559331154,0.25
126_2,126,126.jpg,2,craze,craze,0,train,336,339,572,681,237,343,1024,1024,196,252,711,767,515,1.5,64,False,False,False,224,224,images/126_2.png,07999ec21dd74b4e703e6ac1ced0e3bd5a2c4afdfbe6fea94795338d11fb3c8c,b1ba98e9c61a373a8f19766af68ff2db9af5d1f849ca35e649d6257cb76d8fa1,0.306498256198,0.434951456311
126_3,126,126.jpg,3,surface_injure,surface_injure,2,train,694,3,1000,156,307,154,1024,1024,563,0,1024,461,461,1.5,64,False,True,False,224,224,images/126_3.png,07999ec21dd74b4e703e6ac1ced0e3bd5a2c4afdfbe6fea94795338d11fb3c8c,bef0699e3d0f02b86e76730ab57a9fa562e6bd923ff56fb73df7a5370e88430e,0.222462721331,0.48590021692
127_0,127,127.jpg,0,surface_injure,surface_injure,2,train,1,2,117,980,117,979,1024,1024,0,0,1024,1024,1024,1.5,64,False,True,True,224,224,images/127_0.png,e68ce1a84ce72e989b39a91d6a9849af1dc74ac5b49b6afcf0b8d4b6088e08f1,1041d7cc4a25fd82fc48421d2a41d81a868f45d55063fc5807ebc246c323ea6e,0.109236717224,0.21875
127_1,127,127.jpg,1,surface_injure,surface_injure,2,train,125,1,812,391,688,391,1024,1024,0,0,1024,1024,1024,1.5,64,False,True,True,224,224,images/127_1.png,e68ce1a84ce72e989b39a91d6a9849af1dc74ac5b49b6afcf0b8d4b6088e08f1,1041d7cc4a25fd82fc48421d2a41d81a868f45d55063fc5807ebc246c323ea6e,0.256546020508,0.21875
128_0,128,128.jpg,0,surface_injure,surface_injure,2,validation,427,780,534,836,108,57,1024,1024,399,726,561,888,162,1.5,64,False,False,False,224,224,images/128_0.png,dd1585d99365a70ac588f1427a24d1d73d509cc8df0c99b9e817ceaa2c1a7736,0a1f3954ab8bc9e54486ab1074d3a0f412339a92d805c5aa22850a2582910d97,0.234567901235,1.38271604938
129_0,129,129.jpg,0,hide_craze,hide_craze,5,train,422,1,562,964,141,964,1024,1024,0,0,1024,1024,1024,1.5,64,False,True,True,224,224,images/129_0.png,90fa13b881c4e4aced3e239db24fdec31b7f616a1d61900900a7c3fbe4efbbc2,45c73b286e021f3031f3f41fdc93bc194320b63c172e076cc02853c75403cd0a,0.129627227783,0.21875
130_0,130,130.jpg,0,crack,crack,4,train,100,233,170,583,71,351,1024,1024,0,144,527,671,527,1.5,64,False,True,False,224,224,images/130_0.png,b638a40db9eb3630b36aa49d9a4e29b1c5926591870e28a8f1eab18de76cd910,422f89620163e7170a0e57c24e61e595bbd73ac6e7401b2a6d3426efd926bfa9,0.0897313568263,0.42504743833
130_1,130,130.jpg,1,crack,crack,4,train,420,8,697,469,278,462,1024,1024,211,0,904,693,693,1.5,64,False,True,False,224,224,images/130_1.png,b638a40db9eb3630b36aa49d9a4e29b1c5926591870e28a8f1eab18de76cd910,039993c7a0e98f4f982817dd99c4c18e8ce5be5c19d03c8044d0f660b51d96bb,0.267436267436,0.323232323232
131_0,131,131.jpg,0,surface_injure,surface_injure,2,validation,391,650,520,830,130,181,1024,1024,319,603,591,875,272,1.5,64,False,False,False,224,224,images/131_0.png,c42157ddfef6bf7fb1c49639f735cc337e75bcc82b718072f5383b22be6ba11f,bec24df16212bd7de0afc572b0cb44294350b3331d504173fdf124a5e17e4123,0.318041738754,0.823529411765
132_0,132,132.jpg,0,corrosion,corrosion,1,train,550,585,956,674,407,90,1024,1024,413,323,1024,934,611,1.5,64,False,True,False,224,224,images/132_0.png,37591000040d0933110a60ac8415fdc6a96eeafd255b71c0ae2ed08a54d23415,ddc3f6047a4117d18e5d8222c3d5ad1fc6abc4b976ead9c2d402018b481c40d5,0.0981193128702,0.366612111293
132_1,132,132.jpg,1,corrosion,corrosion,1,train,267,513,530,592,264,80,1024,1024,200,354,596,750,396,1.5,64,False,False,False,224,224,images/132_1.png,37591000040d0933110a60ac8415fdc6a96eeafd255b71c0ae2ed08a54d23415,098f5954f1cf50ff9ce81ee840feb830009976d72e6e3c8c46d72edaa7453b80,0.13468013468,0.565656565657
133_0,133,133.jpg,0,crack,crack,4,train,420,50,555,630,136,581,1024,1024,51,0,923,872,872,1.5,64,False,True,False,224,224,images/133_0.png,2e3d2a62d6f69d24656edbeb6c930a1f7540b749f23c946caad4e40f2dd97ca9,13a36d6a22096ac059d8608048f701093583b1c1023b9fe71cc923ddd2f0d3bd,0.103915916169,0.256880733945
134_0,134,134.jpg,0,crack,crack,4,train,472,252,633,420,162,169,1024,1024,425,208,679,462,254,1.5,64,False,False,False,224,224,images/134_0.png,3e1c664008fcdcfceb7f9f483855e192c7fa5296e11b42e78936e9aaf9247ee3,8aa0af6c2b100a10732da29018ac6d5830c1f141f8258b2db078c378dc70f520,0.42435984872,0.88188976378
136_0,136,136.jpg,0,crack,crack,4,train,689,569,997,906,309,338,1024,1024,517,483,1024,990,507,1.5,64,False,True,False,224,224,images/136_0.png,21f18a1a901731c7ba0f3b7b2c5c7e59df8b2859f210be10397b06827e7db129,4e3336ef79af6f11edcc71d5867181584a19521bb20c502777689b26200967c9,0.406311637081,0.441814595661
138_0,138,138.jpg,0,hide_craze,hide_craze,5,train,2,77,969,272,968,196,1024,1024,0,0,1024,1024,1024,1.5,64,False,True,True,224,224,images/138_0.png,6b3377dbe8f542477992dff3e446e7129e98a7ffc7169577f2ae24b2af2e7c51,2dc462667bccb0afab5472785d401dfc0b5cc687fcd8904a487df413c6b19578,0.180938720703,0.21875
140_0,140,140.jpg,0,hide_craze,hide_craze,5,train,311,13,661,520,351,508,1024,1024,104,0,866,762,762,1.5,64,False,True,False,224,224,images/140_0.png,569b7b6448c6656b610e9c49d03f1371606b4be4cc99707c501f0a57ab7d58c5,6b5a7579d674757f7de4cc6a65ebe06f4bed0ba00468e07d6e30bbd0cacc5089,0.307086614173,0.293963254593
140_1,140,140.jpg,1,hide_craze,hide_craze,5,train,681,527,1014,930,334,404,1024,1024,418,418,1024,1024,606,1.5,64,False,True,False,224,224,images/140_1.png,569b7b6448c6656b610e9c49d03f1371606b4be4cc99707c501f0a57ab7d58c5,2d4aa52563dd875de9372407ea0eeac52ddae270d6dd54446e49115b42b7222b,0.367436743674,0.369636963696
142_0,142,142.jpg,0,surface_injure,surface_injure,2,test,53,488,947,586,895,99,1024,1024,0,0,1024,1024,1024,1.5,64,False,True,True,224,224,images/142_0.png,082ccd44015dee68883dddb8c5e6853155b443cb5ddbf5cbcd9a22242c40b9d1,8fd028eaaa5f05d1ff238150e20d413aa645960a53aa19f726f85cfc2bc82eb1,0.0845003128052,0.21875
143_0,143,143.jpg,0,crack,crack,4,validation,370,185,556,819,187,635,1024,1024,0,25,953,978,953,1.5,64,False,True,False,224,224,images/143_0.png,24adf44c1878b21233f74d4f874aee62561cf0436c0418180653bfed09de29ab,81042e516e1d82a8cef33f342a252d635a635add6ce334446c47fa41d0758bc9,0.130746337022,0.235047219307
144_0,144,144.jpg,0,hide_craze,hide_craze,5,train,83,281,125,478,43,198,1024,1024,0,230,297,527,297,1.5,64,False,True,False,224,224,images/144_0.png,11b4df33ce9231c6c77cacd169ea1348cf212d647b1e0c1cd4cc2d57c4413d9f,647c11022d69ab703ed960d85f5ee24a03636acc8c9f34d75f9b72be954e2fe8,0.0965207631874,0.754208754209
144_1,144,144.jpg,1,hide_craze,hide_craze,5,train,8,411,917,524,910,114,1024,1024,0,0,1024,1024,1024,1.5,64,False,True,True,224,224,images/144_1.png,11b4df33ce9231c6c77cacd169ea1348cf212d647b1e0c1cd4cc2d57c4413d9f,dffb5c963acaf6735cb579d6e1bc6ef1944e7c37f7778ebb8c0bbee3e3717fde,0.098934173584,0.21875
144_2,144,144.jpg,2,hide_craze,hide_craze,5,train,198,472,230,764,33,293,1024,1024,0,397,440,837,440,1.5,64,False,True,False,224,224,images/144_2.png,11b4df33ce9231c6c77cacd169ea1348cf212d647b1e0c1cd4cc2d57c4413d9f,7dbdb0646c9a40d44ebb4145ab96596b93b7e3aae399b265628721ef3297e775,0.0499431818182,0.509090909091
144_3,144,144.jpg,3,hide_craze,hide_craze,5,train,808,252,853,413,46,162,1024,1024,708,210,951,453,243,1.5,64,False,False,False,224,224,images/144_3.png,11b4df33ce9231c6c77cacd169ea1348cf212d647b1e0c1cd4cc2d57c4413d9f,900e68e9bd37683e6058293ce116f83e1910d16ecc1569ba4eea4a52e9b6c803,0.126200274348,0.921810699588
145_0,145,145.jpg,0,surface_injure,surface_injure,2,train,748,475,958,803,211,329,1024,1024,530,391,1024,885,494,1.5,64,False,True,False,224,224,images/145_0.png,021d5cffdd15d27fbc31fdcc7901f63f496d91f8e209e6a032101532968494c9,e512173024fefbd7692a06f5f82dc422c4657896ec94fd02dc3fd0c519b6ce97,0.284462128538,0.453441295547
146_0,146,146.jpg,0,hide_craze,hide_craze,5,test,312,266,512,725,201,460,1024,1024,66,150,756,840,690,1.5,64,False,False,False,224,224,images/146_0.png,f1940ba411199b864416e5a6561c94dce1b5e738d2238f1ac73beb82295a7dce,818d92603f14e0a37b7bfead3993a104ba7ac9d389c9605a40fa0061b046d7d8,0.194202898551,0.324637681159
147_0,147,147.jpg,0,hide_craze,hide_craze,5,train,339,505,402,847,64,343,1024,1024,112,418,627,933,515,1.5,64,False,False,False,224,224,images/147_0.png,2f9d4e149c9bb14c295b2441e148d1bfcd871808bc543c6fdb568ae3463afe1a,39e7ab47bf6e216cb3f0ebc383204ea37ebe49fc11f5bc5deb00e0a73257d700,0.0827674615892,0.434951456311
148_0,148,148.jpg,0,hide_craze,hide_craze,5,train,516,869,602,999,87,131,1024,1024,460,827,657,1024,197,1.5,64,False,True,False,224,224,images/148_0.png,138497904d2ba295f066c200af2a6330d5551db2a553111c9b6d8769cc73a811,6a4569e4c499984c589fda74c8f02521b20b570e46bf73f1100c0da3d919cabd,0.293668994305,1.13705583756
148_1,148,148.jpg,1,hide_craze,hide_craze,5,train,531,381,647,516,117,136,1024,1024,486,346,690,550,204,1.5,64,False,False,False,224,224,images/148_1.png,138497904d2ba295f066c200af2a6330d5551db2a553111c9b6d8769cc73a811,56eb4864507ea25bf17f0dbd55ad326ce18ed38b6f45c8dc649311e6b1c14159,0.382352941176,1.09803921569
149_0,149,149.jpg,0,surface_injure,surface_injure,2,train,95,700,381,758,287,59,1024,1024,22,513,453,944,431,1.5,64,False,False,False,224,224,images/149_0.png,c246a3aaacfde1562e5b32c88fd77f73a8737bc9e158cc80d7efe1c508704a37,ea9e1dceb3c81d0bfb834e9955d65acd9e3bf939f48a0c9daf88198b017a85a5,0.0911547633788,0.519721577726
151_0,151,151.jpg,0,hide_craze,hide_craze,5,train,614,406,661,885,48,480,1024,1024,277,285,997,1005,720,1.5,64,False,False,False,224,224,images/151_0.png,2c5424381346d24799f1de7842b1a1b0626aa1aa936a1b9243a40d431d430171,e73e318c06e9323c7565a7fe516e931d34e8cc5f4036f9638ffe166b70d4982c,0.0444444444444,0.311111111111
152_0,152,152.jpg,0,crack,crack,4,train,706,381,752,597,47,217,1024,1024,565,325,891,651,326,1.5,64,False,False,False,224,224,images/152_0.png,1f89ade802cf2d647481e146136981d19f0f6668a9a4f43b1da956720445f015,a80be83fa1def952dfe147c0b72ad734a3b92a6ade1567312b66d298ef6a54b4,0.0959671045203,0.687116564417
152_1,152,152.jpg,1,crack,crack,4,train,477,261,605,519,129,259,1024,1024,346,195,735,584,389,1.5,64,False,False,False,224,224,images/152_1.png,1f89ade802cf2d647481e146136981d19f0f6668a9a4f43b1da956720445f015,8b6977b242d780ab537c93e80b230f622c14f7f65f8291e3e74d8fbbd4251250,0.220795527389,0.575835475578
153_0,153,153.jpg,0,craze,craze,0,train,427,354,1024,1019,598,666,1024,1024,25,25,1024,1024,999,1.5,64,False,True,False,224,224,images/153_0.png,d75ae5258cf6eb97a3b1184a7bba75917ba5ffb708b9fd44b7b46f0b893e1eab,738df40ea5628f0bbcd365aff6414c5fa5d98409af4067607b9cf1424433216f,0.399065732399,0.224224224224
154_0,154,154.jpg,0,corrosion,corrosion,1,train,352,1,625,567,274,567,1024,1024,62,0,913,851,851,1.5,64,False,True,False,224,224,images/154_0.png,d0804461562feedefbdd2995d35ac301d846b034421e4f1ad454dde611e5a964,b68101ad2634e36836e4fda66c9740f86cf4a72a97d60d297d9259420231c453,0.214523316041,0.263219741481
154_1,154,154.jpg,1,corrosion,corrosion,1,train,561,586,745,1014,185,429,1024,1024,330,380,974,1024,644,1.5,64,False,True,False,224,224,images/154_1.png,d0804461562feedefbdd2995d35ac301d846b034421e4f1ad454dde611e5a964,62b7a1f499b2b003d4e9e8452f51aa5f838a58ba731a0d7f6888e5152c9ed64e,0.191362698198,0.347826086957
155_0,155,155.jpg,0,thunderstrike,thunderstrike,3,train,323,339,728,661,406,323,1024,1024,220,195,829,804,609,1.5,64,False,False,False,224,224,images/155_0.png,0895c2d2474458a6e002bd7dcb3d4202e5c821d65ed4d8d370fc6d7a06689500,c329bdb3a008347245bc997e169a446de7a374d1c76d0dafe78a7d80240f50e1,0.353585112206,0.367816091954
155_1,155,155.jpg,1,surface_injure,surface_injure,2,train,778,194,947,735,170,542,1024,1024,211,57,1024,870,813,1.5,64,False,True,False,224,224,images/155_1.png,0895c2d2474458a6e002bd7dcb3d4202e5c821d65ed4d8d370fc6d7a06689500,7adfad17f9080b35f54bc2831d00248a8efc5deab4c79dcd9074461f90fa77d3,0.139401394014,0.275522755228
155_2,155,155.jpg,2,surface_injure,surface_injure,2,train,227,278,311,613,85,336,1024,1024,16,193,520,697,504,1.5,64,False,False,False,224,224,images/155_2.png,0895c2d2474458a6e002bd7dcb3d4202e5c821d65ed4d8d370fc6d7a06689500,fa35aaec190c10708ef63cc7966aea9f01d98f42cc8294fa6cd787980c7b9a42,0.112433862434,0.444444444444
155_3,155,155.jpg,3,surface_injure,surface_injure,2,train,334,205,761,303,428,99,1024,1024,226,0,868,642,642,1.5,64,False,True,False,224,224,images/155_3.png,0895c2d2474458a6e002bd7dcb3d4202e5c821d65ed4d8d370fc6d7a06689500,960f71d0311addb8c62e746526cfa86a78f940d7e69f9967eb57f21ddd3147c1,0.102803738318,0.348909657321
155_4,155,155.jpg,4,surface_injure,surface_injure,2,train,334,672,761,736,428,65,1024,1024,226,382,868,1024,642,1.5,64,False,False,False,224,224,images/155_4.png,0895c2d2474458a6e002bd7dcb3d4202e5c821d65ed4d8d370fc6d7a06689500,c5b856d6ba0f24440affa93333523ece2c1d850ce34abc3207322cd18b54f387,0.067497403946,0.348909657321
156_0,156,156.jpg,0,craze,craze,0,test,577,500,825,774,249,275,1024,1024,494,430,907,843,413,1.5,64,False,False,False,224,224,images/156_0.png,e7562d89735f991810654f47a43eec8a05e1c4c9e4e3708e882963bc7fb2b29a,1cff7526554fb37785a7e61e5e63d1129f212f91830df29ca33767dbbe9709ff,0.401450439412,0.542372881356
157_0,157,157.jpg,0,crack,crack,4,train,436,278,505,749,70,472,1024,1024,116,159,824,867,708,1.5,64,False,False,False,224,224,images/157_0.png,e75d2ce53db72043de719239dccbe5d7c88d2d7f1d810c2af7f0bb1aec2164e0,c04d2457e58944b9927f218c971db0e48345d86a48f6d8787fa989f34306a801,0.0659133709981,0.316384180791
158_0,158,158.jpg,0,thunderstrike,thunderstrike,3,train,870,339,1000,447,131,109,1024,1024,827,294,1024,491,197,1.5,64,False,True,False,224,224,images/158_0.png,4069d10ab2a992922156152ea209a11ff9bd95ddf5b108df492123aafedef52a,acad4ea49d781b357045fba6fc107b08eb6f0f5d14767fb77f119edff59d8070,0.367930119302,1.13705583756
158_1,158,158.jpg,1,corrosion,corrosion,1,train,259,327,356,449,98,123,1024,1024,214,295,399,480,185,1.5,64,False,False,False,224,224,images/158_1.png,4069d10ab2a992922156152ea209a11ff9bd95ddf5b108df492123aafedef52a,85746dbb7b5195dd0687ba302c2dfdb2a73f5b875420d3b553c9d777e632069d,0.352198685172,1.21081081081
159_0,159,159.jpg,0,crack,crack,4,train,528,149,603,435,76,287,1024,1024,349,76,780,507,431,1.5,64,False,False,False,224,224,images/159_0.png,ffe6823c203249fe651476a2ec2666c9a263c368793a62b33ef757a1026898e4,8185edbe9c45974d363e86dd5924da988f8d046a8cca5de5603f01f55eb5cdae,0.1174196952,0.519721577726
160_0,160,160.jpg,0,corrosion,corrosion,1,train,450,10,656,1005,207,996,1024,1024,0,0,1024,1024,1024,1.5,64,False,True,True,224,224,images/160_0.png,d9c79d5eeb0a3cdb932e7d00aae077f1a9aaf3aa70fac3af7081a5fee3d3d9a1,23633c9856bf6b933fb55902ab8e939c1d1596ab5ab6cc5b39c49df543499511,0.196620941162,0.21875
161_0,161,161.jpg,0,corrosion,corrosion,1,test,450,8,878,1020,429,1013,1024,1024,0,0,1024,1024,1024,1.5,64,False,True,True,224,224,images/161_0.png,b214a5bc1c974f921478386ec25ca1ac7176743427ab1bb8bbaebf110406eb67,5f68aab92aebb25a7dc55623483113aeec0d2837c2fd74d760a2ca9f7a012c43,0.414444923401,0.21875
162_0,162,162.jpg,0,corrosion,corrosion,1,train,348,16,441,428,94,413,1024,1024,84,0,704,620,620,1.5,64,False,True,False,224,224,images/162_0.png,a24a2a4b29087528f422262f6da3b27fad72fbf20d012568f85828e7923274b3,0b9fff975915a5971fd3633be092cf1a5d3835d9065bd0df7ddf75c77fe62882,0.100993756504,0.361290322581
162_1,162,162.jpg,1,corrosion,corrosion,1,train,392,444,491,1013,100,570,1024,1024,13,169,868,1024,855,1.5,64,False,True,False,224,224,images/162_1.png,a24a2a4b29087528f422262f6da3b27fad72fbf20d012568f85828e7923274b3,626a41aed8b5607b81cc4e933d4d691e8e27aa4837355685305baf9063835463,0.0779727095517,0.261988304094
163_0,163,163.jpg,0,hide_craze,hide_craze,5,test,517,263,577,400,61,138,1024,1024,443,227,650,434,207,1.5,64,False,False,False,224,224,images/163_0.png,7f63414ac85ff9a12b6f411236e2b500e1bea8422b8d8a6008e8f2dc7992a3cf,d36bbd6dfe3957657e02dab113bb749ca2c36f5a0344b8c90e24831e14eb62ae,0.196457326892,1.08212560386
164_0,164,164.jpg,0,crack,crack,4,train,386,413,689,691,304,279,1024,1024,309,323,765,779,456,1.5,64,False,False,False,224,224,images/164_0.png,1dd6e9e97944e7d6d644285f3690163621bd9c4bc8f286d7c908ea167fa0fab5,c46492ae4b79197bce1c1acfa1091825eb24eb495aafbed7fffa73a99cad0597,0.407894736842,0.491228070175
165_0,165,165.jpg,0,corrosion,corrosion,1,validation,256,502,750,1019,495,518,1024,1024,114,247,891,1024,777,1.5,64,False,True,False,224,224,images/165_0.png,f223e48f0afeb23258cd6f12df6b14f20476a3b43dd3489bec368cc7b50052f4,71ed941640b1dcdeffe78908d7873b91ab96c738f0d57d0c067406061959d10a,0.42471042471,0.288288288288
165_1,165,165.jpg,1,corrosion,corrosion,1,validation,208,31,481,486,274,456,1024,1024,2,0,686,684,684,1.5,64,False,True,False,224,224,images/165_1.png,f223e48f0afeb23258cd6f12df6b14f20476a3b43dd3489bec368cc7b50052f4,a8382c1cd2cba8518e9774cc28b8b5450c03092a08275911b44e475007729d0a,0.267056530214,0.327485380117
166_0,166,166.jpg,0,craze,craze,0,test,295,305,584,406,290,102,1024,1024,221,137,656,572,435,1.5,64,False,False,False,224,224,images/166_0.png,1141e1cefdae6d26d265fb927ceb6de6b359b75b4b3d38252a780452ebee9c12,a46f5e41b94052c3883fcd44fce8ace3ab3ca2bc9636a29546e59e3065540e1b,0.15632183908,0.514942528736
167_0,167,167.jpg,0,craze,craze,0,test,422,14,898,800,477,787,1024,1024,0,0,1024,1024,1024,1.5,64,False,True,True,224,224,images/167_0.png,e12fbe908638a0fffae0e640170900d8e6fa757a5258f25cffe610117521cc10,6c9bfe91d6568bbae8dd1cfe9664bb12f42969f0d1d9e9e985da9c0a390ac430,0.358008384705,0.21875
167_1,167,167.jpg,1,craze,craze,0,test,181,8,341,300,161,293,1024,1024,40,0,480,440,440,1.5,64,False,True,False,224,224,images/167_1.png,e12fbe908638a0fffae0e640170900d8e6fa757a5258f25cffe610117521cc10,fdfc8a7aee2209263e2b12443b1f93bcfc81132bf34d9f7f343174a1487e3472,0.243662190083,0.509090909091
168_0,168,168.jpg,0,crack,crack,4,train,391,414,694,685,304,272,1024,1024,314,321,770,777,456,1.5,64,False,False,False,224,224,images/168_0.png,145374c329e412adc22638298e2261e9c180f5a7c80c6f288d18d5dd3cb9c9a9,f9af40c4c9e275f14dbb6e65925786817bad91942bc63f04ec1fc82070fc49f3,0.397660818713,0.491228070175
169_0,169,169.jpg,0,surface_injure,surface_injure,2,validation,462,308,592,374,131,67,1024,1024,428,242,625,439,197,1.5,64,False,False,False,224,224,images/169_0.png,7bbff05ddaa089d71c54a471dbb0b6ec0094fbcf0e67a96a752154c9d61934fc,eecf842e38f24ad9cd1025560bc85ee23349a14c7bb54333a1fc9e954bb99c6c,0.226158880672,1.13705583756
169_1,169,169.jpg,1,craze,craze,0,validation,637,333,959,456,323,124,1024,1024,539,151,1024,636,485,1.5,64,False,True,False,224,224,images/169_1.png,7bbff05ddaa089d71c54a471dbb0b6ec0094fbcf0e67a96a752154c9d61934fc,8505cea5cd210d52ba199a5fc6c62a915fe1d7f0cb5e17e38827998e764c19e2,0.170271017111,0.461855670103
170_0,170,170.jpg,0,corrosion,corrosion,1,train,1,1,442,422,442,422,1024,1024,0,0,663,663,663,1.5,64,False,True,False,224,224,images/170_0.png,2a0739ee1a2e65d79d5e5df95192e281c9bb088b2fd21fcaf984935e19298211,56abd79745163303f21ce3f8a8f1598755c32190ddfee4f33a49e2672c9a4027,0.424333836099,0.337858220211
170_1,170,170.jpg,1,corrosion,corrosion,1,train,455,272,748,661,294,390,1024,1024,308,173,893,758,585,1.5,64,False,False,False,224,224,images/170_1.png,2a0739ee1a2e65d79d5e5df95192e281c9bb088b2fd21fcaf984935e19298211,978c3f0529c6df66a57ec1878a130dc2f3d2a09db9e98eae5c5d060fce81b17f,0.335042735043,0.382905982906
170_2,170,170.jpg,2,corrosion,corrosion,1,train,753,505,1023,863,271,359,1024,1024,485,414,1024,953,539,1.5,64,False,True,False,224,224,images/170_2.png,2a0739ee1a2e65d79d5e5df95192e281c9bb088b2fd21fcaf984935e19298211,6a81234e086cabcf74e6e925922f8626862e79c085c26e94b5a8007b0923e0c7,0.334877685262,0.415584415584
171_0,171,171.jpg,0,hide_craze,hide_craze,5,train,58,475,186,1011,129,537,1024,1024,0,218,806,1024,806,1.5,64,False,True,False,224,224,images/171_0.png,803ccf12b54d94b330c21866c1aa4ce070775f7535d192ad22c25e3dcb82c40d,c36078810607b311a9f27ce1987d667668a2623247f28b809dd32fda30d268f3,0.106633560948,0.277915632754
171_1,171,171.jpg,1,hide_craze,hide_craze,5,train,176,94,336,484,161,391,1024,1024,0,0,587,587,587,1.5,64,False,True,False,224,224,images/171_1.png,803ccf12b54d94b330c21866c1aa4ce070775f7535d192ad22c25e3dcb82c40d,9db6386dcb010894859e397bbca09184cd9d077a1894d845b402c909d4728821,0.182694902908,0.381601362862
172_0,172,172.jpg,0,craze,craze,0,train,294,260,731,545,438,286,1024,1024,183,73,840,730,657,1.5,64,False,False,False,224,224,images/172_0.png,66c3b554e095654750280ea0cccc44bb00d2b721bfb81eb13d36553d37ae52dc,8214d3cb10534151a79e5c8a632b4b5911e353558db6832b9b6f983ae7a78813,0.290208016235,0.340943683409
172_1,172,172.jpg,1,craze,craze,0,train,756,570,1006,778,251,209,1024,1024,647,485,1024,862,377,1.5,64,False,True,False,224,224,images/172_1.png,66c3b554e095654750280ea0cccc44bb00d2b721bfb81eb13d36553d37ae52dc,cb133b29dbd592e37b0f6f18d567bd963531f66535c26df8aa0e0260dab48e10,0.369094273512,0.594164456233
173_0,173,173.jpg,0,craze,craze,0,train,94,635,1000,835,907,201,1024,1024,0,0,1024,1024,1024,1.5,64,False,True,True,224,224,images/173_0.png,3e6abea7c4f5a876256e10db153a3d217d61c4f1d818fcfea38b0c17e9234b95,124f45b2e78195a52808b394d3396e32fa34e4087be1a7d6da33b03c6fafb5be,0.173861503601,0.21875
176_0,176,176.jpg,0,crack,crack,4,train,347,103,406,286,60,184,1024,1024,238,56,514,332,276,1.5,64,False,False,False,224,224,images/176_0.png,fc13b70481916c14d5b8daab267753147fc8b47b6d3afad87114e72f8ea59702,39622533d3ffcfea25efd789103cffea2527e29d52c7a77355708273948c8390,0.144927536232,0.811594202899
176_1,176,176.jpg,1,crack,crack,4,train,464,125,522,335,59,211,1024,1024,334,71,651,388,317,1.5,64,False,False,False,224,224,images/176_1.png,fc13b70481916c14d5b8daab267753147fc8b47b6d3afad87114e72f8ea59702,50f2d83e1e40e3c01507397860f3b170bdc49fa2b19d1b4a668c21a7f718f35c,0.123884206232,0.706624605678
177_0,177,177.jpg,0,craze,craze,0,train,36,392,647,510,612,119,1024,1024,0,0,918,918,918,1.5,64,False,True,False,224,224,images/177_0.png,3e2fa50082fdac3b1cbb9466d84e73653b607e70e6b33dd069e4a4f445c27094,a7596538f310fd408d5be64c51fac83c7ac86706b651350674c289762902b608,0.0864197530864,0.244008714597
178_0,178,178.jpg,0,surface_injure,surface_injure,2,test,600,469,742,744,143,276,1024,1024,463,399,877,813,414,1.5,64,False,False,False,224,224,images/178_0.png,32f88e640da657f9173af5f8abd7b50fffa8abf3aa95a5158a7d3f1899d2d798,a646d7e02bb59bd7771cf3830d071f86ef6c0c98e7ec30b88cb773fef7fe5fbb,0.230273752013,0.541062801932
178_1,178,178.jpg,1,surface_injure,surface_injure,2,test,522,695,606,919,85,225,1024,1024,394,637,732,975,338,1.5,64,False,False,False,224,224,images/178_1.png,32f88e640da657f9173af5f8abd7b50fffa8abf3aa95a5158a7d3f1899d2d798,84be9cc43a4f6879973443a44f5d459e9c58fea7937fb1421d15fc1b4843c621,0.167404852771,0.662721893491
178_2,178,178.jpg,2,surface_injure,surface_injure,2,test,433,5,578,766,146,762,1024,1024,0,0,1024,1024,1024,1.5,64,False,True,True,224,224,images/178_2.png,32f88e640da657f9173af5f8abd7b50fffa8abf3aa95a5158a7d3f1899d2d798,b207c50c0fdf1ab51188353eacf597d7511dc5bdd6f179b8d2112725c6f0645d,0.106098175049,0.21875
180_0,180,180.jpg,0,craze,craze,0,train,287,444,550,928,264,485,1024,1024,54,296,782,1024,728,1.5,64,False,True,False,224,224,images/180_0.png,cbf616bf3b857143a0091f09deab06895c1f8d37c86c7fbd3d2de2c9846fa065,69f3fd013addd81f5104faeaaf4c7a8209d4a3c2569d60f233b6505c45ef418c,0.24159219901,0.307692307692
181_0,181,181.jpg,0,craze,craze,0,train,8,480,1020,714,1013,235,1024,1024,0,0,1024,1024,1024,1.5,64,False,True,True,224,224,images/181_0.png,fe5dc643bc60b00113eedc4f8ef90a97d96eaece0efc783a2bdb809ca7da944a,0d900371ae367af1ccf6c06f500c6e240ee8e1a8c2d986bb9ac4817f112e92da,0.227026939392,0.21875
182_0,182,182.jpg,0,crack,crack,4,validation,391,17,512,731,122,715,1024,1024,0,0,1024,1024,1024,1.5,64,False,True,True,224,224,images/182_0.png,82ac1dea0d6fcdeec4c3fba647a988e2015ce653c581354e85ba5d9b33385b9d,7be3030f9d854fff9b007085f6bdcf882165f40cd18cb76a62255f18f3fab883,0.0831890106201,0.21875
183_0,183,183.jpg,0,crack,crack,4,train,527,14,619,324,93,311,1024,1024,339,0,806,467,467,1.5,64,False,True,False,224,224,images/183_0.png,fa2d2c4fc5771c28873a7daa55b0ff924ab8865c544bccdd02ff949008d8aebc,391bfa6c2889f5d3c4ab0b959dc9d5e848cb0936c04be21ccf00138fb50b5802,0.13262016883,0.47965738758
183_1,183,183.jpg,1,crack,crack,4,train,344,180,462,402,119,223,1024,1024,235,123,570,458,335,1.5,64,False,False,False,224,224,images/183_1.png,fa2d2c4fc5771c28873a7daa55b0ff924ab8865c544bccdd02ff949008d8aebc,6e1e6a9d2fe3bd9e47a53094244c04211b837e91fb24575d66fa72dc038bf096,0.2364624638,0.668656716418
184_0,184,184.jpg,0,craze,craze,0,train,511,25,962,542,452,518,1024,1024,247,0,1024,777,777,1.5,64,False,True,False,224,224,images/184_0.png,afdda161f64bafa82d229c8f143199f5da0831a28feacef295c8abf824bfc6a6,2287ce15da9aee7a0c75f5695c638d395f81763cdab6d959aed0c7e731902aac,0.387816387816,0.288288288288
184_1,184,184.jpg,1,craze,craze,0,train,73,174,292,281,220,108,1024,1024,17,62,347,392,330,1.5,64,False,False,False,224,224,images/184_1.png,afdda161f64bafa82d229c8f143199f5da0831a28feacef295c8abf824bfc6a6,0c64d29be6c091c911eb8979f1040a566cfe3eb43f76e95ebe6496c1cd088d04,0.218181818182,0.678787878788
185_0,185,185.jpg,0,hide_craze,hide_craze,5,train,398,474,750,502,353,29,1024,1024,308,222,838,752,530,1.5,64,False,False,False,224,224,images/185_0.png,d0580feba55764f06b7045ce15f6c9c3ad454344404cc221af2fa2e9a44cd6eb,9b6ff98db66dd205d2f00f8a1809e47b86f82799acf06746efaa2902109698c5,0.0364435742257,0.422641509434
185_1,185,185.jpg,1,hide_craze,hide_craze,5,train,122,474,314,497,193,24,1024,1024,72,340,362,630,290,1.5,64,False,False,False,224,224,images/185_1.png,d0580feba55764f06b7045ce15f6c9c3ad454344404cc221af2fa2e9a44cd6eb,ebc51a97f35c762596c03ae9b008b3bac9c6b1e0c11e906bbcf1a4ed0f87c5d9,0.0550772889417,0.772413793103
186_0,186,186.jpg,0,thunderstrike,thunderstrike,3,train,94,345,870,844,777,500,1024,1024,0,0,1024,1024,1024,1.5,64,False,True,True,224,224,images/186_0.png,dcbd7eb7f4a2ae7b898a818ff4c3edadbe07b651d2cc4146032d95579bdd2fd1,1e6bc76249d336a464c062e85857b46311c2cfa61c679b35cd2673824ac3dee1,0.370502471924,0.21875
187_0,187,187.jpg,0,crack,crack,4,validation,119,186,305,311,187,126,1024,1024,71,107,352,388,281,1.5,64,False,False,False,224,224,images/187_0.png,533c793ddb57f42e32eb68e0e0eb1f199056ac3932115eddc095f4b817def82e,faa780a2ac0064dbecdde0434ae333cd8664fcd273613aab35cbda35797848e6,0.298400476184,0.797153024911
187_1,187,187.jpg,1,crack,crack,4,validation,595,53,761,200,167,148,1024,1024,552,0,803,251,251,1.5,64,False,False,False,224,224,images/187_1.png,533c793ddb57f42e32eb68e0e0eb1f199056ac3932115eddc095f4b817def82e,c18516371da7076d0bb1033fad06dbd822a620cf4b04fef09eabbcbb95764d12,0.392311233155,0.892430278884
188_0,188,188.jpg,0,crack,crack,4,train,272,392,316,592,45,201,1024,1024,142,340,444,642,302,1.5,64,False,False,False,224,224,images/188_0.png,38c4c65ea8791c4ab75b0b25a19c6681ba8d751a7a7aee60fbf55915035dcff5,99c11b4858c0480337ad5467f1de705e3646f14fbd7326ae38c2dd744cbd7aee,0.0991732818736,0.741721854305
188_1,188,188.jpg,1,crack,crack,4,train,430,253,566,547,137,295,1024,1024,276,178,719,621,443,1.5,64,False,False,False,224,224,images/188_1.png,38c4c65ea8791c4ab75b0b25a19c6681ba8d751a7a7aee60fbf55915035dcff5,6eb8e71b9f359b5cff1f9048c6677444817c9e09dddbb6a351faae6b23518e9f,0.205937355095,0.505643340858
190_0,190,190.jpg,0,surface_injure,surface_injure,2,train,219,522,595,908,377,387,1024,1024,116,424,697,1005,581,1.5,64,False,False,False,224,224,images/190_0.png,436cd4cce87fb6f5938a76a428e7fe24cc71094f8edf46daa0ccc87d66617820,a94be8ef5fe3a4b59d12beb4e03b34bb9e9ccde46a1a07066d19fc04b9116565,0.432215214435,0.385542168675
192_0,192,192.jpg,0,surface_injure,surface_injure,2,train,328,550,377,600,50,51,1024,1024,313,536,390,613,77,1.5,64,False,False,False,224,224,images/192_0.png,406f9bdac953558e034491fdf36d643b598e86aa3643117e825be7eb546e95b2,ee207cfb64d494c20dc45c729312d176538a915b5d29930c2f3dd4fc365aad2d,0.430089391128,2.90909090909
192_1,192,192.jpg,1,hide_craze,hide_craze,5,train,539,517,600,539,62,23,1024,1024,522,481,615,574,93,1.5,64,False,False,False,224,224,images/192_1.png,406f9bdac953558e034491fdf36d643b598e86aa3643117e825be7eb546e95b2,f578a1dac22b17f0ff2619dee7287c93288d81dadbf940346f4a58f9a5a9451d,0.164874551971,2.40860215054
192_2,192,192.jpg,2,hide_craze,hide_craze,5,train,616,493,989,543,374,51,1024,1024,463,237,1024,798,561,1.5,64,False,True,False,224,224,images/192_2.png,406f9bdac953558e034491fdf36d643b598e86aa3643117e825be7eb546e95b2,64273cb618380bed517c9c61da3ca85c9f9ea6dcd7e7aea4a8d16afec59e54a2,0.0606060606061,0.399286987522
193_0,193,193.jpg,0,craze,craze,0,train,581,299,759,477,179,179,1024,1024,535,253,804,522,269,1.5,64,False,False,False,224,224,images/193_0.png,5bf69d47319ee10f0301049bce97f32c3863098fe11141bb2ca4f57fba847c34,406ed67235a264b3fe2f911cbbbbe4e7866f647e831e4db9fd311335f4eddbd9,0.442793770125,0.832713754647
194_0,194,194.jpg,0,thunderstrike,thunderstrike,3,validation,773,300,898,406,126,107,1024,1024,740,258,929,447,189,1.5,64,False,False,False,224,224,images/194_0.png,5e56ef26abb31da0a8b8a135d86e496c766759b21a10fe9f8e159e98b3a175c5,d06df9094e4e139bf5f074e079736916f82f944d51001e281b4dd59f40bd5f10,0.377425044092,1.18518518519
194_1,194,194.jpg,1,thunderstrike,thunderstrike,3,validation,708,102,761,167,54,66,1024,1024,684,84,783,183,99,1.5,64,False,False,False,224,224,images/194_1.png,5e56ef26abb31da0a8b8a135d86e496c766759b21a10fe9f8e159e98b3a175c5,1c0bc77b203f98a7b16d1a899fd408785fd5af59e0cbd200f3b4c196a09eeb86,0.363636363636,2.26262626263
195_0,195,195.jpg,0,craze,craze,0,train,227,319,584,410,358,92,1024,1024,136,95,673,632,537,1.5,64,False,False,False,224,224,images/195_0.png,80b0b243493b6ffda0fd6535efc2c92b3fb01e7446843d1628a40fd8034f408d,d113bae2c93e6c2c2df492622897fc929c83cf8244435ea086d9c5f5b3414e74,0.114214773433,0.417132216015
198_0,198,198.jpg,0,craze,craze,0,test,387,60,998,922,612,863,1024,1024,0,0,1024,1024,1024,1.5,64,False,True,True,224,224,images/198_0.png,f3e57c4c42a3c020f63a69cc5a6980a2003733dd0d3d62578f1fc57afc58e52e,fe34bd184fba4f51e0f0edbbd5400658ecaa289ddd1e1856d0f63fbb757abda0,0.503688812256,0.21875
198_1,198,198.jpg,1,hide_craze,hide_craze,5,test,84,378,366,438,283,61,1024,1024,12,195,437,620,425,1.5,64,False,False,False,224,224,images/198_1.png,f3e57c4c42a3c020f63a69cc5a6980a2003733dd0d3d62578f1fc57afc58e52e,f631b72bdc05732938f4bc617dbc1fef38077c97f739d087376cd9e76f0e8ec3,0.0955737024221,0.527058823529
199_0,199,199.jpg,0,crack,crack,4,train,523,286,625,974,103,689,1024,1024,0,0,1024,1024,1024,1.5,64,False,True,True,224,224,images/199_0.png,38ec4deff652ed17b42a77d1556809e74ae4baa4bd46b263d6d163d9a97097f9,fd16a5e7c90db113f56549e587c2c98616388bbf6042b827a38359f689dafe16,0.0676794052124,0.21875
200_0,200,200.jpg,0,surface_injure,surface_injure,2,train,253,292,333,347,81,56,1024,1024,231,258,353,380,122,1.5,64,False,False,False,224,224,images/200_0.png,3846acf35264eb24bc16e7db2b371db3de9753caf49d3e5b0c4170ed37e03454,99ae844d0229899aa13b815dffaeb0896dc483290acbfb3fe2ff0a76851456db,0.30475678581,1.83606557377
200_1,200,200.jpg,1,surface_injure,surface_injure,2,train,275,470,344,517,70,48,1024,1024,256,440,361,545,105,1.5,64,False,False,False,224,224,images/200_1.png,3846acf35264eb24bc16e7db2b371db3de9753caf49d3e5b0c4170ed37e03454,ea9a7568fc06c7f42d264c3edd9ae39dbd144583ab802071932a51f7544d6e14,0.304761904762,2.13333333333
201_0,201,201.jpg,0,crack,crack,4,train,356,99,394,308,39,210,1024,1024,217,45,532,360,315,1.5,64,False,False,False,224,224,images/201_0.png,638c9d1bce5a701296d9d632989603e749f437f088cc056922761872ffa3e692,5b929071ade96810db3e4077bd00a58306ab3895f655a361390af781975630aa,0.0825396825397,0.711111111111
201_1,201,201.jpg,1,crack,crack,4,train,472,120,512,350,41,231,1024,1024,318,61,665,408,347,1.5,64,False,False,False,224,224,images/201_1.png,638c9d1bce5a701296d9d632989603e749f437f088cc056922761872ffa3e692,c09b1657cc2afaf50f6de9e3f6075bed44ee626c30bab84fcfc2a6277ac9dd8a,0.0786569110282,0.64553314121
203_0,203,203.jpg,0,crack,crack,4,validation,284,66,433,200,150,135,1024,1024,245,20,470,245,225,1.5,64,False,False,False,224,224,images/203_0.png,4f5362bf11e7ef2a692a67406bcb745404bcf750e0b9ec9467a48533e874e30d,606612e2744e45b34f403b88e702008ae853e28dad59178761c047b01b135e3d,0.4,0.995555555556
203_1,203,203.jpg,1,crack,crack,4,validation,742,202,897,300,156,99,1024,1024,702,133,936,367,234,1.5,64,False,False,False,224,224,images/203_1.png,4f5362bf11e7ef2a692a67406bcb745404bcf750e0b9ec9467a48533e874e30d,0b2d8a0ffb83c011db6276da18d978e3b21d0864521d1f6b3acaadee9f7ea050,0.282051282051,0.957264957265
204_0,204,204.jpg,0,thunderstrike,thunderstrike,3,train,703,113,806,156,104,44,1024,1024,676,56,832,212,156,1.5,64,False,False,False,224,224,images/204_0.png,3bb8c0de5cd2675569ae9c1f3e65e64c5eeee637dc0904a4fb197aeefea3ea3d,800cb21f5534e25af901ba583fb2dd01da06a69e01e5301a4fc7d970fd52a6ad,0.188034188034,1.4358974359
205_0,205,205.jpg,0,corrosion,corrosion,1,validation,3,217,391,314,389,98,1024,1024,0,0,584,584,584,1.5,64,False,True,False,224,224,images/205_0.png,8abf8196ff3c3b8eae1698c2d9ffd960fc03d9c6e401ab94b11068634f89df7e,d6bb6cdd6e6193d80113fb9867cb8eed1bf767c9f02a9b0155435c7efb983df3,0.111776365172,0.383561643836
205_1,205,205.jpg,1,corrosion,corrosion,1,validation,405,269,900,428,496,160,1024,1024,280,0,1024,744,744,1.5,64,False,True,False,224,224,images/205_1.png,8abf8196ff3c3b8eae1698c2d9ffd960fc03d9c6e401ab94b11068634f89df7e,b3a9e81902489efe058a7cd94337897203085c3f8d3a9cf1c0d66adb602719ee,0.143369175627,0.301075268817
205_2,205,205.jpg,2,thunderstrike,thunderstrike,3,validation,836,594,889,708,54,115,1024,1024,775,564,948,737,173,1.5,64,False,False,False,224,224,images/205_2.png,8abf8196ff3c3b8eae1698c2d9ffd960fc03d9c6e401ab94b11068634f89df7e,874c528fda61aec94398f665ff90a3ea60fd2708904e1faad760fd8554b10683,0.20749106218,1.29479768786
206_0,206,206.jpg,0,crack,crack,4,train,528,274,587,747,60,474,1024,1024,201,154,912,865,711,1.5,64,False,False,False,224,224,images/206_0.png,a70498ff697c65c4af7678fca5c99390c33f85ffe028988f9cc1af1eb3f475d2,7d33c9d9ecd72be6ebc99fbe095c56490e435cbaa441069f56f4c4868505432a,0.056258790436,0.315049226442
207_0,207,207.jpg,0,corrosion,corrosion,1,train,369,688,714,910,346,223,1024,1024,281,505,800,1024,519,1.5,64,False,True,False,224,224,images/207_0.png,625abbbc7278cc809d2b857a1de71241bc26d1823f9929f2ef2ee8755253fc64,6fed5dfb49e3d1f69b46ce1e4e674e04d7cd280d5ebb39e13b941af18dbabb03,0.286448298009,0.431599229287
207_1,207,207.jpg,1,corrosion,corrosion,1,train,631,49,861,658,231,610,1024,1024,109,0,1024,915,915,1.5,64,False,True,False,224,224,images/207_1.png,625abbbc7278cc809d2b857a1de71241bc26d1823f9929f2ef2ee8755253fc64,946b006ed52b31abfddcd2f47e374ecc5b45e9e18db84c990f98f13ee50c5dc9,0.168306010929,0.244808743169
208_0,208,208.jpg,0,surface_injure,surface_injure,2,train,502,524,845,747,344,224,1024,1024,415,377,931,893,516,1.5,64,False,False,False,224,224,images/208_0.png,ceaf43d91884f78f654ac63b9db3da9448bd650c9c7e67bdb922ae97512e74c4,d9ca6e05db96e06adfd85c9b23f74eed17954c1c4393ba8c59d3b321e2845b8c,0.289405684755,0.434108527132
209_0,209,209.jpg,0,hide_craze,hide_craze,5,test,25,372,473,436,449,65,1024,1024,0,66,674,740,674,1.5,64,False,True,False,224,224,images/209_0.png,6ec474936d10bfb59042660a7cf3c2d6ba3e1cb76846481b054ceefcd37fb418,20a20de9d8cbf7ae5ea827d9fc8c1ef4dd2938019521cda9fbcf250e9a4ebf41,0.0642450844861,0.33234421365
211_0,211,211.jpg,0,crack,crack,4,train,462,170,697,245,236,76,1024,1024,402,30,756,384,354,1.5,64,False,False,False,224,224,images/211_0.png,cffb91046084999dcb2eb44f4bbd0d58b8d887eebd2e12da2a52982137ed76c2,ca73d4be142fcb8f942370304c283a8b302466e85d8b54ff3599de71ccdf3e6c,0.143126177024,0.632768361582
211_1,211,211.jpg,1,crack,crack,4,train,527,431,833,663,307,233,1024,1024,449,316,910,777,461,1.5,64,False,False,False,224,224,images/211_1.png,cffb91046084999dcb2eb44f4bbd0d58b8d887eebd2e12da2a52982137ed76c2,4cc934c911911ef388dcdbb0846fd10e38db78e597ee1e39e8386eab103677e3,0.336583208248,0.48590021692
212_0,212,212.jpg,0,crack,crack,4,train,331,399,650,720,320,322,1024,1024,248,317,731,800,483,1.5,64,False,False,False,224,224,images/212_0.png,d9a1d1bff8c0437e61c84add1c0ae0afd7bb6862d1f8f5ec66cb91b49a7bfb49,5a27cbca40cb219ddce58a085ab4ff09877161b3eb3aa9aa7d85687853ed2988,0.441683919945,0.463768115942
213_0,213,213.jpg,0,craze,craze,0,train,11,661,686,1024,676,364,1024,1024,0,10,1014,1024,1014,1.5,64,False,True,False,224,224,images/213_0.png,140bd876e166b5ea501472fa9c2834078bad31948ce5079e88d4d7588b6fa0b9,454a3c7e268989609d2b7bf1d4f3dc1c531c7c2c6275c07d7e94a9f591edb214,0.239316239316,0.22090729783
214_0,214,214.jpg,0,craze,craze,0,test,72,400,942,886,871,487,1024,1024,0,0,1024,1024,1024,1.5,64,False,True,True,224,224,images/214_0.png,e4e9a1f8b47a0e93a0ae97dfc6049fb925ff2d61847c09cb2a05abb193f1fa2d,70446d695985dc5b2a603c0179479f637f7f2555d09fa448861504d86550fa97,0.40452671051,0.21875
215_0,215,215.jpg,0,craze,craze,0,train,584,725,998,825,415,101,1024,1024,401,401,1024,1024,623,1.5,64,False,True,False,224,224,images/215_0.png,faf7001aa9dcaf6f2120665ed408441557114a6291c70fe46fdc086c352eb53d,979a51d022f2c69c0e38613edfcfdcc6c6c1869e574cc7016feb1f33f67edd6b,0.107992445811,0.359550561798
216_0,216,216.jpg,0,crack,crack,4,test,478,111,556,175,79,65,1024,1024,457,83,576,202,119,1.5,64,False,False,False,224,224,images/216_0.png,a1a43e68dc6b88d63cc0ba0af70bb2050a149af2aa4274a31ad5801216ae60bb,94d6e35ae70cbb8f5dbe85c4fff0a787549d22d07fc0d6d4ea57a47f7ec41010,0.362615634489,1.88235294118
217_0,217,217.jpg,0,surface_injure,surface_injure,2,test,834,514,891,713,58,200,1024,1024,712,463,1012,763,300,1.5,64,False,False,False,224,224,images/217_0.png,e637f9025a4b8fb793887b3b2aed99def71f91c8981428da09c6a6a6f95251bd,5cad86ec59ad7179cb977c5407f606cd30ebe2d59bd50ec782cd43dc6403222a,0.128888888889,0.746666666667
218_0,218,218.jpg,0,corrosion,corrosion,1,train,5,436,377,492,373,57,1024,1024,0,183,560,743,560,1.5,64,False,True,False,224,224,images/218_0.png,725a980b9ae37bdc1f644689199c40e0cd95d04bf071363ac2ea4511af3a131e,b7c8c4cdc52b793cb5a6bebfb5272cb70595ee562dedcf1e334bfb8892acf7e7,0.0677965561224,0.4
218_1,218,218.jpg,1,corrosion,corrosion,1,train,394,441,1022,560,629,120,1024,1024,80,28,1024,972,944,1.5,64,False,True,False,224,224,images/218_1.png,725a980b9ae37bdc1f644689199c40e0cd95d04bf071363ac2ea4511af3a131e,45dd3d79fbe38b011a8788484c2694295ff576a562541b4c24b5afd0023368ce,0.084700876185,0.237288135593
219_0,219,219.jpg,0,craze,craze,0,validation,506,147,1014,877,509,731,1024,1024,0,0,1024,1024,1024,1.5,64,False,True,True,224,224,images/219_0.png,ce73dbe782dd5017419fd887568fe6815296090d3ca729c08119c0d325742fab,6f945d3f9cd645fa165d995d6faeec620c315da3da04ef83f6fb6945dd42b7a1,0.354842185974,0.21875
219_1,219,219.jpg,1,craze,craze,0,validation,269,267,447,542,179,276,1024,1024,150,197,564,611,414,1.5,64,False,False,False,224,224,images/219_1.png,ce73dbe782dd5017419fd887568fe6815296090d3ca729c08119c0d325742fab,07eed84102164dfaf8663b9db866fda3249c2beeb92af0adbcaa6bd1dad3d08b,0.288244766506,0.541062801932
219_2,219,219.jpg,2,craze,craze,0,validation,5,242,117,438,113,197,1024,1024,0,191,296,487,296,1.5,64,False,True,False,224,224,images/219_2.png,ce73dbe782dd5017419fd887568fe6815296090d3ca729c08119c0d325742fab,95556c855b0a340d97976d401fe5723e71185d77360773d33622ddae8d35b943,0.254074598247,0.756756756757
220_0,220,220.jpg,0,hide_craze,hide_craze,5,train,253,524,531,874,279,351,1024,1024,128,435,655,962,527,1.5,64,False,False,False,224,224,images/220_0.png,ab0adc18178b570ab454d56f2f354fd5fc86dbadc4af45eaa2c180a7b88606c3,fb6bf84c6c7a7822de37f14016fd75f0d2c5e928bad09a9442bfcb56b7bbe7da,0.352606317669,0.42504743833
220_1,220,220.jpg,1,hide_craze,hide_craze,5,train,545,116,711,527,167,412,1024,1024,318,12,936,630,618,1.5,64,False,False,False,224,224,images/220_1.png,ab0adc18178b570ab454d56f2f354fd5fc86dbadc4af45eaa2c180a7b88606c3,50e0f1512a6d2e730789056601cf49309b692f1fa404a9d88519a0ca63b05e22,0.180151024811,0.362459546926
221_0,221,221.jpg,0,crack,crack,4,train,762,111,881,280,120,170,1024,1024,693,67,948,322,255,1.5,64,False,False,False,224,224,images/221_0.png,31c2d359339f82f9205a3ee10783bccfce673e26f06b2e9419df1fe1b1e903fe,45fb3b081aa94baa6a48fa4f2f00cebb959009feb77db92575e0255922cd4737,0.313725490196,0.878431372549
221_1,221,221.jpg,1,crack,crack,4,train,898,588,1022,753,125,166,1024,1024,775,545,1024,794,249,1.5,64,False,True,False,224,224,images/221_1.png,31c2d359339f82f9205a3ee10783bccfce673e26f06b2e9419df1fe1b1e903fe,70ef12745d5c767c4226b2205c315209108031ec4a596828b7537ead233aea34,0.334672021419,0.899598393574
222_0,222,222.jpg,0,surface_injure,surface_injure,2,train,459,566,703,831,245,266,1024,1024,381,498,780,897,399,1.5,64,False,False,False,224,224,images/222_0.png,4b3d5da6e4099ad618f06cbdc711d29bc75af5384c258c2a8433de32f373bd2d,b82dbb81abf5007a5436b739ca61991c343c0ed5ad8e25548a1cc4eb411fa457,0.409356725146,0.561403508772
222_1,222,222.jpg,1,surface_injure,surface_injure,2,train,483,139,556,289,74,151,1024,1024,405,100,632,327,227,1.5,64,False,False,False,224,224,images/222_1.png,4b3d5da6e4099ad618f06cbdc711d29bc75af5384c258c2a8433de32f373bd2d,6a9d1558da7aa1f39e0ec9e7483e15ecb592c3306f529d6226bf4db94775fe77,0.216848764773,0.986784140969
223_0,223,223.jpg,0,thunderstrike,thunderstrike,3,train,394,458,573,728,180,271,1024,1024,279,389,686,796,407,1.5,64,False,False,False,224,224,images/223_0.png,79a8f2c1f0cfb30c43afb072ba138110deb057768bac7e5223763fdcc8ae68c6,b1492cf9746f042ca20eb2b6d42b082e6ce479475f38bbe4aa0edbe1d346de1e,0.294478083176,0.550368550369
224_0,224,224.jpg,0,hide_craze,hide_craze,5,test,12,660,845,930,834,271,1024,1024,0,0,1024,1024,1024,1.5,64,False,True,True,224,224,images/224_0.png,90d0eff9b3f038bd2d9a536fa93314d68995bf1d97d7d44b7cc3cdc509cd44d6,9828852531bfe74ece4605302735e285f5b118d81621bf54db15ee095481bc7d,0.215543746948,0.21875
225_0,225,225.jpg,0,crack,crack,4,validation,372,1,497,364,126,364,1024,1024,161,0,707,546,546,1.5,64,False,True,False,224,224,images/225_0.png,0c108307e1d72ce27700745e6fde8889f5f3eacb2beb3812625fb3ff1d57533a,20c31cb28546da86b9e3db7c839a396bf5638fdc1fde32323f2c3bdbac7df115,0.153846153846,0.410256410256
226_0,226,226.jpg,0,crack,crack,4,train,961,466,1024,564,64,99,1024,1024,875,440,1024,589,149,1.5,64,False,True,False,224,224,images/226_0.png,0049a27c4cb76e5c5c786d7679378e62234b065f8207ff01cc3a0a5434b29098,55ec89b27c7dca3850290b0db3b5a91f48b77a56c4e1f5642fe68e1ebec790d3,0.285392549885,1.5033557047
227_0,227,227.jpg,0,corrosion,corrosion,1,train,494,766,558,1020,65,255,1024,1024,334,641,717,1024,383,1.5,64,False,True,False,224,224,images/227_0.png,324156baacbe05183a7f2e50939d152165506fb9e3f256200632c3a1ebec0aa0,c39b5a4c828a8913e587ce1c8a4ca95e6d92b719faef4ffc11783d29d01766ae,0.112994157708,0.584856396867
228_0,228,228.jpg,0,hide_craze,hide_craze,5,test,312,320,389,399,78,80,1024,1024,290,299,410,419,120,1.5,64,False,False,False,224,224,images/228_0.png,2dc8445830cd11cd603875ad760f72d9b3e6f662370042ab87d6e235fdc6f91b,94ecbed6e9ef2cec88838962f26eab25638d75752b4e50406d242773f5bdbe6b,0.433333333333,1.86666666667
228_1,228,228.jpg,1,hide_craze,hide_craze,5,test,527,519,653,627,127,109,1024,1024,494,477,685,668,191,1.5,64,False,False,False,224,224,images/228_1.png,2dc8445830cd11cd603875ad760f72d9b3e6f662370042ab87d6e235fdc6f91b,83e2efe30e45ee83050a0adfe9b524c73931880c700925fa14eec9ca4ca2be4d,0.379457799951,1.17277486911
229_0,229,229.jpg,0,crack,crack,4,train,334,30,644,411,311,382,1024,1024,202,0,775,573,573,1.5,64,False,True,False,224,224,images/229_0.png,281541efbfa2bea6f75da001e3095b98aefa42025c11c507956e04e6af55e4f4,6d6315ecb91d4cb3d8b9795c0274d37c45b0a627f1a7f15d3ce04d0ce55cd29a,0.361838278069,0.39092495637
230_0,230,230.jpg,0,corrosion,corrosion,1,validation,234,470,342,1010,109,541,1024,1024,0,212,812,1024,812,1.5,64,False,True,False,224,224,images/230_0.png,6913b184a60e02b3b781fb542020b01e3c51d659ec5fad47d4c55289f4956c42,3e3c65d882059e3766d7fbbe2d55577554c453b4945af837f5105f55268bb4cf,0.089435863525,0.275862068966
230_1,230,230.jpg,1,corrosion,corrosion,1,validation,311,14,430,460,120,447,1024,1024,34,0,705,671,671,1.5,64,False,True,False,224,224,images/230_1.png,6913b184a60e02b3b781fb542020b01e3c51d659ec5fad47d4c55289f4956c42,0ae7bf91e7be79f6ce31e889857e796992b71a695d6912ae72e44e12656806d4,0.119136195948,0.333830104322
231_0,231,231.jpg,0,crack,crack,4,train,628,417,867,577,240,161,1024,1024,567,316,927,676,360,1.5,64,False,False,False,224,224,images/231_0.png,3183d50380dc6cba33ae12ba401bbf1b649f5475a215044c4ae98f3fc5fb59e2,4c273a2b1f7b0fa149857f67149945dc80be9e1e1d63148a82753257d9b82af3,0.298148148148,0.622222222222
232_0,232,232.jpg,0,thunderstrike,thunderstrike,3,train,675,280,787,322,113,43,1024,1024,645,215,815,385,170,1.5,64,False,False,False,224,224,images/232_0.png,1b1ddbbd7d0bc02c4d69a54b7a56f1c8284664c83dbec00d70b68d3314b9d642,9b30f9e3a5cb104e6d3d41a59b0118f4b11674bca812ecdd9c7caa6e44a9a4f1,0.168131487889,1.31764705882
234_0,234,234.jpg,0,surface_injure,surface_injure,2,test,370,414,545,631,176,218,1024,1024,293,358,620,685,327,1.5,64,False,False,False,224,224,images/234_0.png,f7c330c3ec276080a9332be81d81d63615b7f824ecffdd30f62e98ffc8d9a0ef,5a1045f76ffd8ad6204510c772665e4550eb259ad932c64739bead6d468467c8,0.358817533129,0.68501529052
234_1,234,234.jpg,1,hide_craze,hide_craze,5,test,200,95,372,466,173,372,1024,1024,6,1,564,559,558,1.5,64,False,False,False,224,224,images/234_1.png,f7c330c3ec276080a9332be81d81d63615b7f824ecffdd30f62e98ffc8d9a0ef,aa38ee93dcda9815be4d6e007d5070364852b71e1a790fc895b96413486ab764,0.206690561529,0.401433691756
234_2,234,234.jpg,2,hide_craze,hide_craze,5,test,394,161,648,377,255,217,1024,1024,329,77,712,460,383,1.5,64,False,False,False,224,224,images/234_2.png,f7c330c3ec276080a9332be81d81d63615b7f824ecffdd30f62e98ffc8d9a0ef,f82effa1d12fadc25a0908465686a28b9b16455672ca563cbb39437e3eb803e4,0.377226649578,0.584856396867
234_3,234,234.jpg,3,hide_craze,hide_craze,5,test,512,667,675,822,164,156,1024,1024,470,621,716,867,246,1.5,64,False,False,False,224,224,images/234_3.png,f7c330c3ec276080a9332be81d81d63615b7f824ecffdd30f62e98ffc8d9a0ef,1cd7b3a288acbdb87738de82681d437f8ae321566246b166b0a4050772425fdc,0.422764227642,0.910569105691
234_4,234,234.jpg,4,hide_craze,hide_craze,5,test,521,354,770,486,250,133,1024,1024,457,232,832,607,375,1.5,64,False,False,False,224,224,images/234_4.png,f7c330c3ec276080a9332be81d81d63615b7f824ecffdd30f62e98ffc8d9a0ef,640c3f70d88aa18f80bc024ff78d8d5b55e8c494ebd1994d9d30bdac09bb8731,0.236444444444,0.597333333333
236_0,236,236.jpg,0,craze,craze,0,train,122,203,287,294,166,92,1024,1024,79,123,328,372,249,1.5,64,False,False,False,224,224,images/236_0.png,1d50d0d72b668821e86d99469903192ceba8945951c8ccbf6416237e1c74e9c0,db84d5599018aff8260501b6bf956ff9c075b5e14bf492f3e0e2c632b9186534,0.246318607764,0.899598393574
236_1,236,236.jpg,1,craze,craze,0,train,756,642,900,749,145,108,1024,1024,718,586,936,804,218,1.5,64,False,False,False,224,224,images/236_1.png,1d50d0d72b668821e86d99469903192ceba8945951c8ccbf6416237e1c74e9c0,da84f4d8d04951001000857b51e206b92a70a7f35562d3adca3f276079fd854c,0.329517717364,1.02752293578
237_0,237,237.jpg,0,surface_injure,surface_injure,2,train,216,491,252,533,37,43,1024,1024,201,479,266,544,65,1.5,64,False,False,False,224,224,images/237_0.png,5e9aeccc64f8446c8b21106745aeeebce4dd0c53ceb2edef6e6ef59b6a0b69ad,6b918b6ad2f8638230e2e04ce4ce7743f9717875ebf309f662dd5f24de687b33,0.376568047337,3.44615384615
237_1,237,237.jpg,1,hide_craze,hide_craze,5,train,359,444,664,492,306,49,1024,1024,281,238,740,697,459,1.5,64,False,False,False,224,224,images/237_1.png,5e9aeccc64f8446c8b21106745aeeebce4dd0c53ceb2edef6e6ef59b6a0b69ad,4df63ba55d7b6531669dc066a1351a9cea303c0abe4ae2307b99516ad82079b0,0.0711692084241,0.488017429194
238_0,238,238.jpg,0,crack,crack,4,test,106,172,294,316,189,145,1024,1024,57,101,341,385,284,1.5,64,False,False,False,224,224,images/238_0.png,0e9e460b431532c1fb8bea6cda886972c2f28c70f37469cf2ce61bd1b7d48f53,3487d8cd753eb21c5564d9a198fcebf217f1e91605ab1ebd0333eeff2507c2c9,0.339776334061,0.788732394366
238_1,238,238.jpg,1,crack,crack,4,test,578,49,767,206,190,158,1024,1024,529,0,814,285,285,1.5,64,False,True,False,224,224,images/238_1.png,0e9e460b431532c1fb8bea6cda886972c2f28c70f37469cf2ce61bd1b7d48f53,b5684aeeafbf5fa02dc8a904fb36b51224389113b81fceec8e79bd346494423b,0.369590643275,0.785964912281
239_0,239,239.jpg,0,corrosion,corrosion,1,train,5,461,509,570,505,110,1024,1024,0,136,758,894,758,1.5,64,False,True,False,224,224,images/239_0.png,1a3071856fae9ff775feb6f4a22f3072a897bc88b96c27e558418a0f91001239,be4e790e0e54f36b7a00c38c9bb1856721bd791a27e0ca5278a16c7e3b462863,0.096682005834,0.295514511873
239_1,239,239.jpg,1,corrosion,corrosion,1,train,530,441,1022,510,493,70,1024,1024,284,105,1024,845,740,1.5,64,False,True,False,224,224,images/239_1.png,1a3071856fae9ff775feb6f4a22f3072a897bc88b96c27e558418a0f91001239,8a1bf29a2ade83e8d37c2d80e69fea89af132b47de6a96d8b37645f3c6d4a5ad,0.0630204528853,0.302702702703
240_0,240,240.jpg,0,hide_craze,hide_craze,5,train,6,708,173,889,168,182,1024,1024,0,661,273,934,273,1.5,64,False,True,False,224,224,images/240_0.png,142963aae0d5da53d9204474e8fbc6c59de40e529c694916904581375e134f77,aa975f94396985a55b717b3aa1225093a535306767c05388125f3fd5f84f8169,0.410256410256,0.820512820513
240_1,240,240.jpg,1,hide_craze,hide_craze,5,train,314,472,358,703,45,232,1024,1024,161,413,509,761,348,1.5,64,False,False,False,224,224,images/240_1.png,142963aae0d5da53d9204474e8fbc6c59de40e529c694916904581375e134f77,c9cfda954a497be6afc933fc71d4add0eb0a7334b225d3136a591101f65c2b63,0.0862068965517,0.64367816092
240_2,240,240.jpg,2,hide_craze,hide_craze,5,train,539,664,580,853,42,190,1024,1024,416,615,701,900,285,1.5,64,False,False,False,224,224,images/240_2.png,142963aae0d5da53d9204474e8fbc6c59de40e529c694916904581375e134f77,405145edb8038f985c25a127183fbf203ff8f26ba064db6b7b712e1f11b55b2f,0.0982456140351,0.785964912281
240_3,240,240.jpg,3,hide_craze,hide_craze,5,train,511,610,1016,666,506,57,1024,1024,265,258,1024,1017,759,1.5,64,False,True,False,224,224,images/240_3.png,142963aae0d5da53d9204474e8fbc6c59de40e529c694916904581375e134f77,5283fda02d148a4437c042e67d6f044319b69a2319d3c33bac5efeef1d53b051,0.0500658761528,0.29512516469
241_0,241,241.jpg,0,hide_craze,hide_craze,5,train,614,813,797,852,184,40,1024,1024,567,694,843,970,276,1.5,64,False,False,False,224,224,images/241_0.png,0f18369becb8a4e6cca46a1dcd7876db2f4770c9ec9b87cecff5ca5f6bea3994,f65a23f0311f9f83cb6876293174f3a1538edd3897d202b2e08863841fa666a5,0.0966183574879,0.811594202899
242_0,242,242.jpg,0,craze,craze,0,train,37,155,580,411,544,257,1024,1024,0,0,816,816,816,1.5,64,False,True,False,224,224,images/242_0.png,b10ac0cf308c146365031e091d28c56832ecad24f16ad0c955465bef35c8765b,aa520c8f7130e4270f1c414fe39e577acf74553902e2a0631031014629a7e4cb,0.209967320261,0.274509803922
242_1,242,242.jpg,1,craze,craze,0,train,619,328,997,628,379,301,1024,1024,455,193,1024,762,569,1.5,64,False,True,False,224,224,images/242_1.png,b10ac0cf308c146365031e091d28c56832ecad24f16ad0c955465bef35c8765b,f12b227f6848b8ff24f88e70a3b0432671d35318cf03f123cafe01cfc78ccc5d,0.35235559564,0.393673110721
243_0,243,243.jpg,0,craze,craze,0,validation,542,402,653,780,112,379,1024,1024,312,306,881,875,569,1.5,64,False,False,False,224,224,images/243_0.png,526685f44fa0ead0d42965ac43f6a2f3c33435cae8c1ba380a36a631f8da4d42,bc26fcfff3bbe5d1e86ba10051cb0da2d25024440de979f0913d481548e17e6e,0.131109058843,0.393673110721
244_0,244,244.jpg,0,hide_craze,hide_craze,5,train,725,411,866,472,142,62,1024,1024,688,334,901,547,213,1.5,64,False,False,False,224,224,images/244_0.png,28d5cad241052636b8875e1cd6bb1a144f02efacbe39e27d8096ee43872600a3,d0ca92ad0148c6425154a99aee1b71f823949c43b8e58a63b481da87d65549f8,0.194053208138,1.05164319249
246_0,246,246.jpg,0,surface_injure,surface_injure,2,validation,587,772,662,833,76,62,1024,1024,567,745,681,859,114,1.5,64,False,False,False,224,224,images/246_0.png,90c6578f78d3a99020a5f321bf264a4b92890f14052c391a562f69d9c8eadbf9,79b81bb4d1d2fed9f132441001281f43b540093a9c4b8f995136485394f192d9,0.362573099415,1.9649122807
247_0,247,247.jpg,0,surface_injure,surface_injure,2,train,266,824,758,980,493,157,1024,1024,141,284,881,1024,740,1.5,64,False,True,False,224,224,images/247_0.png,d2ab44ca849cdb4920fbc123622f174b14fc89e5bb481d05f1402b528ce86491,73752d42900e8dfde0e5ba74dc40b396c3918b219a6f290ac4ae5bfda1cc6d09,0.1413458729,0.302702702703
248_0,248,248.jpg,0,corrosion,corrosion,1,validation,464,604,795,1010,332,407,1024,1024,323,413,934,1024,611,1.5,64,False,True,False,224,224,images/248_0.png,51973b14425b67999f6f8d591ad7e0c27502a2bb2ebd6555867f75f3f378e055,34a597c7ca8a1ad83219ac35d0ee6ab5e9d18257a84d490af84d855621a5561b,0.361951243032,0.366612111293
248_1,248,248.jpg,1,corrosion,corrosion,1,validation,327,60,650,594,324,535,1024,1024,86,0,889,803,803,1.5,64,False,True,False,224,224,images/248_1.png,51973b14425b67999f6f8d591ad7e0c27502a2bb2ebd6555867f75f3f378e055,f95d6982438a559324e3c4c472a087de29090f786d027273eb46dc3a91b9add9,0.268823791231,0.27895392279
250_0,250,250.jpg,0,crack,crack,4,test,678,286,819,530,142,245,1024,1024,564,223,932,591,368,1.5,64,False,False,False,224,224,images/250_0.png,26c75fb7f19e5e37cbf8bf8cacfdfc05023c3addbec6c0a25662b3d640a84741,4275446804984dd2c2827ba5f1ce9878b72adc864d51b0bc3e87ffaa25505d7e,0.256896857278,0.608695652174
251_0,251,251.jpg,0,craze,craze,0,train,28,553,403,860,376,308,1024,1024,0,424,564,988,564,1.5,64,False,True,False,224,224,images/251_0.png,30a87491b6f3241273dd7c4a77dc8bdb13f6b29b5bb8fcdf930a36173e081aa4,4d85f9fe21bc08c8aa433456dfefac902bb672eaa0298cae8428716e21c06ae0,0.364066193853,0.397163120567
251_1,251,251.jpg,1,craze,craze,0,train,417,177,784,627,368,451,1024,1024,261,63,938,740,677,1.5,64,False,False,False,224,224,images/251_1.png,30a87491b6f3241273dd7c4a77dc8bdb13f6b29b5bb8fcdf930a36173e081aa4,8636ff5ad8192f3282525f8c1f97bdb1a919ed603844043eb27b943a52ac1037,0.362115423637,0.330871491876
251_2,251,251.jpg,2,craze,craze,0,train,780,10,1023,161,244,152,1024,1024,658,0,1024,366,366,1.5,64,False,True,False,224,224,images/251_2.png,30a87491b6f3241273dd7c4a77dc8bdb13f6b29b5bb8fcdf930a36173e081aa4,364922ce65f49bb7aa27ecd208a1c2ae893812dc027ec15cf03aac6504e8a668,0.276867030965,0.612021857923
252_0,252,252.jpg,0,crack,crack,4,test,469,105,561,174,93,70,1024,1024,444,69,584,209,140,1.5,64,False,False,False,224,224,images/252_0.png,738a3fb513469c1fead64467d9014ccb4864b634081008067e1356ec589b77b3,df652b85fa427ab0b8ef0800184ee13f2f275454a2edbb46da2887abf10b4869,0.332142857143,1.6
254_0,254,254.jpg,0,hide_craze,hide_craze,5,validation,330,424,594,480,265,57,1024,1024,262,252,660,650,398,1.5,64,False,False,False,224,224,images/254_0.png,8ada93966ed4f2ba69f90c77d67e8946f114da9aeef3749781a3f28097a33a2d,856e0308f3c7a3fd13ca08a4bb72e2345553cc836b2cbeb1f3e0df09e5091339,0.0953574404687,0.562814070352
255_0,255,255.jpg,0,surface_injure,surface_injure,2,test,422,83,578,963,157,881,1024,1024,0,0,1024,1024,1024,1.5,64,False,True,True,224,224,images/255_0.png,ff32671cb4e4fbae619e8b8e608c27981dc27caa7d57275cec9924c8e9bf5b6b,b618f38949015552ac7a640d71b844e316fcd7058c1d02692ac60c3dc9c455eb,0.131909370422,0.21875
255_1,255,255.jpg,1,surface_injure,surface_injure,2,test,228,688,295,786,68,99,1024,1024,186,662,335,811,149,1.5,64,False,False,False,224,224,images/255_1.png,ff32671cb4e4fbae619e8b8e608c27981dc27caa7d57275cec9924c8e9bf5b6b,3ec847ba6d810ac1563ef005400141f1424371f4cf7e8a07ebf5aed787d4b02b,0.303229584253,1.5033557047
257_0,257,257.jpg,0,surface_injure,surface_injure,2,test,344,405,525,805,182,401,1024,1024,133,303,735,905,602,1.5,64,False,False,False,224,224,images/257_0.png,84a414cb9bb1c0eeb88a4e79dcde0dde8ac0d4e0e5169e57101ab4e8bc605ae5,fc255803a050f8b7c8984bf6818aa63b2c255088eb0082cca0b4f7d33e4eaaad,0.201382986943,0.372093023256
257_1,257,257.jpg,1,surface_injure,surface_injure,2,test,403,814,677,1024,275,211,1024,1024,333,611,746,1024,413,1.5,64,False,True,False,224,224,images/257_1.png,84a414cb9bb1c0eeb88a4e79dcde0dde8ac0d4e0e5169e57101ab4e8bc605ae5,5a8e700aad94a76cd3a9a30c8cc8e2ac4513a9ede9d923de46d2a047cf82eeec,0.340184910505,0.542372881356
258_0,258,258.jpg,0,craze,craze,0,train,223,281,800,602,578,322,1024,1024,77,7,944,874,867,1.5,64,False,False,False,224,224,images/258_0.png,1f193ae5111b0c72ccc72b465bd27dfa4ffa0467cbe1f13a2e24be9800f41470,5367ae3ac7d4e445dbe5689c64c6faba9b34e5a7a9c813d0151683dd8519f561,0.247597078047,0.258362168397
259_0,259,259.jpg,0,surface_injure,surface_injure,2,train,695,247,972,361,278,115,1024,1024,607,95,1024,512,417,1.5,64,False,True,False,224,224,images/259_0.png,31aafa64430e8a395503c740253363c29021a23a6aead8c9ec383b125f207224,e96484c3a74f1c1ce816ae1d403e5d87745ef3f218307b2b8670d5c28c0ed2a0,0.183852917666,0.537170263789
260_0,260,260.jpg,0,craze,craze,0,train,253,95,756,500,504,406,1024,1024,126,0,882,756,756,1.5,64,False,True,False,224,224,images/260_0.png,326a7e6fb1e826635a73638d3a30e5edc97668c087d13b6519247b30f3bd861a,b8d4c5f0731a3de2f6e4ce93b9058f155216257169dceef67a11fe77336e260f,0.358024691358,0.296296296296
261_0,261,261.jpg,0,craze,craze,0,train,25,450,997,649,973,200,1024,1024,0,0,1024,1024,1024,1.5,64,False,True,True,224,224,images/261_0.png,f61c39b35e5eb075377acc29080340e5396524c8e0374309b6ffcbfb44fc9de4,bdf7e61931abde0e583518a0ce029ee0cba1693cae00ac6a6de3acdae36d7d86,0.185585021973,0.21875
262_0,262,262.jpg,0,hide_craze,hide_craze,5,train,308,16,350,1019,43,1004,1024,1024,0,0,1024,1024,1024,1.5,64,False,True,True,224,224,images/262_0.png,2f19a0ff4916230a5d05c91261b2ac4e1212b466c1b1a9d014ced0ed06f9b29b,7765329781146a288c49fa6c63919b1a68860f79ca006940b612802a14431679,0.0411720275879,0.21875
265_0,265,265.jpg,0,corrosion,corrosion,1,train,23,424,737,511,715,88,1024,1024,0,0,1024,1024,1024,1.5,64,False,True,True,224,224,images/265_0.png,5ef720c275b9847d44d432d078ab595e0e8aeaa8b36f25f726db81e88b759a76,141707ac84e130c711e0af5eb4ee68d7be300433b6b8e4e7d730f71860b30f4b,0.0600051879883,0.21875
265_1,265,265.jpg,1,corrosion,corrosion,1,train,836,438,986,481,151,44,1024,1024,797,345,1024,572,227,1.5,64,False,False,False,224,224,images/265_1.png,5ef720c275b9847d44d432d078ab595e0e8aeaa8b36f25f726db81e88b759a76,a20fb7de47306c65d7bf42472cadd84c4b0d9de4228b6066e3da1af98254c741,0.128937103379,0.986784140969
266_0,266,266.jpg,0,corrosion,corrosion,1,train,202,89,367,655,166,567,1024,1024,0,0,851,851,851,1.5,64,False,True,False,224,224,images/266_0.png,2c18734f463cc8ca7e53ffcb9a91e936e497ea13c7c412f38fd32bd40a24de2a,63227089e991e9aeed7827e1e56df981fe541e4f109636f724dbbca57252dd84,0.129966680521,0.263219741481
266_1,266,266.jpg,1,corrosion,corrosion,1,train,266,777,361,1013,96,237,1024,1024,135,668,491,1024,356,1.5,64,False,True,False,224,224,images/266_1.png,2c18734f463cc8ca7e53ffcb9a91e936e497ea13c7c412f38fd32bd40a24de2a,88e6bc77bd5e7a6d20689c3684fa87179db39d4efa45f4c6bfafc796adaa63bc,0.179522787527,0.629213483146
267_0,267,267.jpg,0,craze,craze,0,train,47,1,817,625,771,625,1024,1024,0,0,1024,1024,1024,1.5,64,False,True,True,224,224,images/267_0.png,ad0c6e36797a79cff7af1982312bc3c1a572389c5b29cc4b3906cf3bc1ccb592,9ef839726676e673f4def08070415522ec3f203d95157f95179a82cbe9713641,0.459551811218,0.21875
267_1,267,267.jpg,1,craze,craze,0,train,200,653,534,881,335,229,1024,1024,115,515,618,1018,503,1.5,64,False,False,False,224,224,images/267_1.png,ad0c6e36797a79cff7af1982312bc3c1a572389c5b29cc4b3906cf3bc1ccb592,7fa20d39a8315a47bb933625488cea4d7aaf315f7c8eb00d7e350bec214ad2d1,0.303210557727,0.445328031809
268_0,268,268.jpg,0,hide_craze,hide_craze,5,train,89,463,383,506,295,44,1024,1024,14,262,457,705,443,1.5,64,False,False,False,224,224,images/268_0.png,0f54358e8e0c24f530c20085a1ca64e12fcddb3e515176cf98584dad60a35c24,b7f37cce9e71e50ecf0bda148a9d927764d881489e3c893001b87f52e1a1daf6,0.06614046441,0.505643340858
268_1,268,268.jpg,1,hide_craze,hide_craze,5,train,689,355,986,422,298,68,1024,1024,577,164,1024,611,447,1.5,64,False,True,False,224,224,images/268_1.png,0f54358e8e0c24f530c20085a1ca64e12fcddb3e515176cf98584dad60a35c24,127b9912a5a6b799885db786cbebc4cafe02d2af99d44769731c74ca2bdfc0c8,0.101416853095,0.501118568233
269_0,269,269.jpg,0,crack,crack,4,test,445,67,567,836,123,770,1024,1024,0,0,1024,1024,1024,1.5,64,False,True,True,224,224,images/269_0.png,77958afc5aa1c22162657b42666ed69919974cded9be5a618db2c0d1649b1bee,60ed9d440df7ca8ec88a563132a62361c4b61515cd1778b944e7ccf8e3904878,0.0903224945068,0.21875
270_0,270,270.jpg,0,craze,craze,0,train,273,306,637,517,365,212,1024,1024,180,137,728,685,548,1.5,64,False,False,False,224,224,images/270_0.png,49c52741f92ed029314399e8909208550b57d0095f6ea1b1a451e8379e08602a,cde9b9f26d38232ba8a33b9ef72cc7efaabfdd9cb1ab709c5ab5c3da16c02818,0.257672225478,0.408759124088
272_0,272,272.jpg,0,corrosion,corrosion,1,train,8,467,503,663,496,197,1024,1024,0,192,744,936,744,1.5,64,False,True,False,224,224,images/272_0.png,a4269bbc96117ab6136fc8dd139017aac516bc6a53906cd4906fd6c491738f36,dac1ec3450249306e388c1dc04bbe1fdb59f178d3ee5a45381869fea88ca7c3f,0.176523297491,0.301075268817
272_1,272,272.jpg,1,corrosion,corrosion,1,train,511,374,1017,558,507,185,1024,1024,263,85,1024,846,761,1.5,64,False,True,False,224,224,images/272_1.png,a4269bbc96117ab6136fc8dd139017aac516bc6a53906cd4906fd6c491738f36,69f8156293b15121d0cebf54f4c841e6f21ee10721bd32ba96198f2a38240ec4,0.161960971887,0.294349540079
273_0,273,273.jpg,0,thunderstrike,thunderstrike,3,test,517,510,737,591,221,82,1024,1024,460,384,792,716,332,1.5,64,False,False,False,224,224,images/273_0.png,d725a3c2402e379632ca05604bc06fd4059d0025fc7125cefd01cc6e1ddb868b,ad055a618d46d8d27ee50016cb8ad0ca276760b9d9085f3bf8179d905509cc55,0.164410654667,0.674698795181
273_1,273,273.jpg,1,surface_injure,surface_injure,2,test,273,383,370,444,98,62,1024,1024,247,339,394,486,147,1.5,64,False,False,False,224,224,images/273_1.png,d725a3c2402e379632ca05604bc06fd4059d0025fc7125cefd01cc6e1ddb868b,e75d245a406e6c77af78cb06782c4eb2afecb734feb43f26c97c40ea5468bf6d,0.281179138322,1.52380952381
276_0,276,276.jpg,0,hide_craze,hide_craze,5,test,1,222,480,313,480,92,1024,1024,0,0,720,720,720,1.5,64,False,True,False,224,224,images/276_0.png,e673fa1215c9f203ad0da3872070a4a150e7cedbb73152d06dc40eaaefbbae1d,cd5f37d9929b55a20610c8888f88c55198c3dfb428a507eb99d4f45f653124bb,0.0851851851852,0.311111111111
276_1,276,276.jpg,1,hide_craze,hide_craze,5,test,498,310,842,380,345,71,1024,1024,410,85,928,603,518,1.5,64,False,False,False,224,224,images/276_1.png,e673fa1215c9f203ad0da3872070a4a150e7cedbb73152d06dc40eaaefbbae1d,1a063b3a7f375791d9e25ae513d04bcbae7594cd868425ecdf025ca4f8578210,0.0912888895514,0.432432432432
277_0,277,277.jpg,0,crack,crack,4,train,262,339,306,564,45,226,1024,1024,114,281,453,620,339,1.5,64,False,False,False,224,224,images/277_0.png,6f861a60721f279f0e980a3a424337e8a35bc80344467bbd2def0f55ed8b5309,2bfa08242fa1ac1ff3c5f9fe1983934f042aca4c1d383962faad00056b13c919,0.0884955752212,0.660766961652
277_1,277,277.jpg,1,crack,crack,4,train,456,199,620,483,165,285,1024,1024,323,126,751,554,428,1.5,64,False,False,False,224,224,images/277_1.png,6f861a60721f279f0e980a3a424337e8a35bc80344467bbd2def0f55ed8b5309,c58d2907580ec6fb762b603e58f3aac4fc8759250466a9a67c091d2a0771ea6f,0.256709101232,0.523364485981
278_0,278,278.jpg,0,corrosion,corrosion,1,train,200,47,516,513,317,467,1024,1024,7,0,708,701,701,1.5,64,False,True,False,224,224,images/278_0.png,ea2595ac7d5ba00a3a7e1738bf7f747d1508fb6dc07610078bbea81ec72d2256,2c78835c1272be8cd30ec6033c1413ab737155787cb650b8722d6dfdae7cb44b,0.301259053197,0.319543509272
278_1,278,278.jpg,1,corrosion,corrosion,1,train,527,430,852,955,326,526,1024,1024,235,235,1024,1024,789,1.5,64,False,True,False,224,224,images/278_1.png,ea2595ac7d5ba00a3a7e1738bf7f747d1508fb6dc07610078bbea81ec72d2256,ea73628b33d9d793bd87ae9b42d3ae0f175b39e21c2239beb4dc305959183735,0.275454161386,0.283903675539
279_0,279,279.jpg,0,hide_craze,hide_craze,5,train,12,458,978,566,967,109,1024,1024,0,0,1024,1024,1024,1.5,64,False,True,True,224,224,images/279_0.png,cd4b90856107b82a03bbda1ae15648f6e185efc9c03142f6c3d4924dd738303a,58e4654fd03ae2ce46aab0a5d12b09f0c7c20e6b5992bb33f43043f06dbd17ef,0.100520133972,0.21875
280_0,280,280.jpg,0,hide_craze,hide_craze,5,train,422,3,486,88,65,86,1024,1024,389,0,518,129,129,1.5,64,False,True,False,224,224,images/280_0.png,e5a0fe14139a2a0b354addce58e418ebe8c96841bb05515563a2bda717c8c0bc,ad95d3939814772bd4aae786113828342dec70138ac33187981d2630b0dbfe19,0.335917312661,1.73643410853
281_0,281,281.jpg,0,hide_craze,hide_craze,5,train,416,222,912,272,497,51,1024,1024,278,0,1024,746,746,1.5,64,False,True,False,224,224,images/281_0.png,aee3c016120ab7f36a49ccba468564f762b376330b04df4ab1582900301e482a,346473ed73d874b6e7424101c1d0164f514d576e028a07b0c846281acd73e54f,0.0455458603167,0.300268096515
281_1,281,281.jpg,1,hide_craze,hide_craze,5,train,856,2,995,1013,140,1012,1024,1024,0,0,1024,1024,1024,1.5,64,False,True,True,224,224,images/281_1.png,aee3c016120ab7f36a49ccba468564f762b376330b04df4ab1582900301e482a,3ffd2bb818675c3f8a28e8851c16033e3c05d0f9ffcad41ed8086d3457903b47,0.135116577148,0.21875
282_0,282,282.jpg,0,corrosion,corrosion,1,train,1,153,302,585,302,433,1024,1024,0,43,650,693,650,1.5,64,False,True,False,224,224,images/282_0.png,80a3eede5483bc6bee009cb7079ae51706f602b618ef053ac2523ee6eaa7c2cd,7fe9ebb222e735e1e591e2454ecf644103317793ae25afefa07408468396ca76,0.309505325444,0.344615384615
282_1,282,282.jpg,1,corrosion,corrosion,1,train,623,510,1000,1013,378,504,1024,1024,268,268,1024,1024,756,1.5,64,False,True,False,224,224,images/282_1.png,80a3eede5483bc6bee009cb7079ae51706f602b618ef053ac2523ee6eaa7c2cd,a4855cc329a4c7bba74389bbd86adcf00bf96f02df9d7427188f9688d68a881e,0.333333333333,0.296296296296
282_2,282,282.jpg,2,corrosion,corrosion,1,train,309,439,620,914,312,476,1024,1024,107,310,821,1024,714,1.5,64,False,True,False,224,224,images/282_2.png,80a3eede5483bc6bee009cb7079ae51706f602b618ef053ac2523ee6eaa7c2cd,b0201c571de0d8f7c0edcd8c28d7a524500799d978fb7ea2d11c31d031c5fa6c,0.291316526611,0.313725490196
283_0,283,283.jpg,0,surface_injure,surface_injure,2,train,652,547,705,591,54,45,1024,1024,637,528,718,609,81,1.5,64,False,False,False,224,224,images/283_0.png,148ea40d6dcec32f8adff67e0e7a35654676e3aa07a663c0e06fb0e1cb243827,cd3ef373635d2396ed2ac08f86de672f3c114a88e66d206b71115e20e7c05cb5,0.37037037037,2.76543209877
283_1,283,283.jpg,1,hide_craze,hide_craze,5,train,48,594,486,649,439,56,1024,1024,0,291,659,950,659,1.5,64,False,True,False,224,224,images/283_1.png,148ea40d6dcec32f8adff67e0e7a35654676e3aa07a663c0e06fb0e1cb243827,c0cb10c8b3754e65f33787ba02a52cffa047fc264da5e7432ec49dfc257f259c,0.0566085092371,0.339908952959
284_0,284,284.jpg,0,hide_craze,hide_craze,5,test,695,330,755,775,61,446,1024,1024,355,217,1024,886,669,1.5,64,False,True,False,224,224,images/284_0.png,3f6126088ecca1b4cc128d5bd6376b5b1842a5dd3f7d396cb68178bfa01898b9,fef1b28c9aab500f4a769350228a9ce9db7fbd183a542f330b466f9395e956af,0.0607872446437,0.334828101644
285_0,285,285.jpg,0,surface_injure,surface_injure,2,test,664,2,1024,225,361,224,1024,1024,482,0,1024,542,542,1.5,64,False,True,False,224,224,images/285_0.png,adb5ae508e8484fa5e1f7852f45e07a49339a0e3099dd109cfbe91776d837c32,14fee33fce4eae03548fe56ac9aa877d189c4603a54490a89d517b2d21be24dc,0.275268582944,0.413284132841
285_1,285,285.jpg,1,surface_injure,surface_injure,2,test,998,664,1024,988,27,325,1024,1024,536,536,1024,1024,488,1.5,64,False,True,False,224,224,images/285_1.png,adb5ae508e8484fa5e1f7852f45e07a49339a0e3099dd109cfbe91776d837c32,54e71e633a71d853c93101ca0db0a4170cd81fb4643b9584449c02694b022256,0.0368474536415,0.459016393443
286_0,286,286.jpg,0,hide_craze,hide_craze,5,train,8,410,787,605,780,196,1024,1024,0,0,1024,1024,1024,1.5,64,False,True,True,224,224,images/286_0.png,9dd3de1036c2e90ea9761c027943f55452b20a31349fe4bee3226e346d3fa45f,a4cb7b05ca5df66f73e1fa9bcc75d24ed94f87164657bd054d92b5b36f83ff9e,0.145797729492,0.21875
287_0,287,287.jpg,0,surface_injure,surface_injure,2,train,1,95,336,624,336,530,1024,1024,0,0,795,795,795,1.5,64,False,True,False,224,224,images/287_0.png,958647410b7cb502c9c48503072f9869b6cf83155ffc2bcd1ca2471401095689,6d1e6fdb5632e1df68c90aeb9d1a1254e6ff9c4eb2bac6fc31c827979c344e84,0.281761006289,0.281761006289
288_0,288,288.jpg,0,surface_injure,surface_injure,2,train,283,102,634,399,352,298,1024,1024,194,0,722,528,528,1.5,64,False,True,False,224,224,images/288_0.png,7caf3a100426a2ec223ea1a00cc4713b77086565e33f73455682132d79b41563,f43fd717faff4148997c0e6288b649d7bb82852a0207d5326839deda33e21b72,0.376262626263,0.424242424242
289_0,289,289.jpg,0,craze,craze,0,train,103,24,452,302,350,279,1024,1024,14,0,539,525,525,1.5,64,False,True,False,224,224,images/289_0.png,139f27db6e4dee60b1e1d1bea9ff831b4e29049e679c3afeb7d47df76d068f49,0802d9a7e5d8c8d5201e075637785ec99fc4aefc4216abd4f9b407ffabac5055,0.354285714286,0.426666666667
289_1,289,289.jpg,1,craze,craze,0,train,459,263,731,541,273,279,1024,1024,385,192,804,611,419,1.5,64,False,False,False,224,224,images/289_1.png,139f27db6e4dee60b1e1d1bea9ff831b4e29049e679c3afeb7d47df76d068f49,6d7889b98e2870f9483917516a4f43888fe614e48aef0ba01f704e8e49be9c10,0.433849203411,0.534606205251
289_2,289,289.jpg,2,craze,craze,0,train,753,527,937,702,185,176,1024,1024,705,475,983,753,278,1.5,64,False,False,False,224,224,images/289_2.png,139f27db6e4dee60b1e1d1bea9ff831b4e29049e679c3afeb7d47df76d068f49,58d5796c878e4f317db2f86aa726d115c1874f77cacae74bc9b6df32dc81ee4c,0.421303245174,0.805755395683
290_0,290,290.jpg,0,thunderstrike,thunderstrike,3,train,112,853,331,977,220,125,1024,1024,56,694,386,1024,330,1.5,64,False,True,False,224,224,images/290_0.png,1a36ee347e80b0af4aaa35b392532c247998c97e2e0a15cab476e51405ec8367,0e1677e75bab0fba39a098079e7af86223760596fe55fbd4db2c3f5a4690c67d,0.252525252525,0.678787878788
291_0,291,291.jpg,0,corrosion,corrosion,1,train,486,6,680,935,195,930,1024,1024,0,0,1024,1024,1024,1.5,64,False,True,True,224,224,images/291_0.png,934984d932d7530d63a00b5ee422eea806593d9f0e94c802b5b1fe7ace517bd0,67bc9dcb5c17050b6dde8bffb5c86250b0039918db80823f6c6f5e7a26e740df,0.17294883728,0.21875
292_0,292,292.jpg,0,crack,crack,4,train,130,349,308,675,179,327,1024,1024,0,266,491,757,491,1.5,64,False,True,False,224,224,images/292_0.png,c360891d953f00e7357d4c5be7fcb28b88382dd3b68f5a5ac0009595170ff7a7,f2576386f8db9f0c6d0649621450b0400058e99fcab39ec93de28f1af824de48,0.242793915738,0.456211812627
293_0,293,293.jpg,0,hide_craze,hide_craze,5,train,409,489,566,630,158,142,1024,1024,368,440,605,677,237,1.5,64,False,False,False,224,224,images/293_0.png,06c3b626ec4b104582f589672d30aefa2832650d55b22c340c72ce1b6df8b4d0,8f76cf56fb3a4bbbe7db9ca998d87a226bd50e6e9952146459f9918377cb091d,0.399437412096,0.945147679325
294_0,294,294.jpg,0,corrosion,corrosion,1,train,14,478,1014,963,1001,486,1024,1024,0,0,1024,1024,1024,1.5,64,False,True,True,224,224,images/294_0.png,4cc6f240532aabbb9d6f622f7c9c5a11a7e544685c82ca570966b4610cfd08a8,0cff1dfd0478577913c3078008a3cd632276a22655d0db07deb70d16bd8946fe,0.463949203491,0.21875
295_0,295,295.jpg,0,surface_injure,surface_injure,2,train,5,550,375,958,371,409,1024,1024,0,410,614,1024,614,1.5,64,False,True,False,224,224,images/295_0.png,95003ea1753ca8279b47c69277179c87c9e6e21a8aaec8c8f8e538a26c7dde29,7e742c78ac46e074ae720eb66f3a33072e3149f99203727f329ada94b005bf4b,0.402494986684,0.364820846906
295_1,295,295.jpg,1,surface_injure,surface_injure,2,train,398,452,1011,735,614,284,1024,1024,103,103,1024,1024,921,1.5,64,False,True,False,224,224,images/295_1.png,95003ea1753ca8279b47c69277179c87c9e6e21a8aaec8c8f8e538a26c7dde29,fef6117a31daf11390800fdfdc0544ca1cdff12370b29fdf82f52c3a0230421f,0.205573651828,0.243213897937
297_0,297,297.jpg,0,crack,crack,4,train,327,344,406,563,80,220,1024,1024,201,288,531,618,330,1.5,64,False,False,False,224,224,images/297_0.png,1f1b9e040297b66d0cd3f3f805f4ce5571aed2701afa270eb426bb11e968b0b4,3ded1757960b21f8037d5ceab6b06333a1651a76268801e5740fa38a5da23c99,0.161616161616,0.678787878788
297_1,297,297.jpg,1,crack,crack,4,train,592,200,794,477,203,278,1024,1024,484,129,901,546,417,1.5,64,False,False,False,224,224,images/297_1.png,1f1b9e040297b66d0cd3f3f805f4ce5571aed2701afa270eb426bb11e968b0b4,c115846d7d6d19454dfb1351c2a0667c0ff4ba41bc38a8c1a8bebf1b7069aa14,0.324540367706,0.537170263789
299_0,299,299.jpg,0,surface_injure,surface_injure,2,train,230,360,547,713,318,354,1024,1024,122,270,653,801,531,1.5,64,False,False,False,224,224,images/299_0.png,079b955bce173b66822b7fcdabd08e4a36eb8068541e16eb22c46806ef8875bc,9d589330615b6bfe7ebda5fd8636796a07ec3dcc2549215b3603646df5a368ba,0.399246704331,0.421845574388
299_1,299,299.jpg,1,hide_craze,hide_craze,5,train,1,138,217,491,217,354,1024,1024,0,48,531,579,531,1.5,64,False,True,False,224,224,images/299_1.png,079b955bce173b66822b7fcdabd08e4a36eb8068541e16eb22c46806ef8875bc,0f4596063396f76c39d626d20aad925479dec81167ac4509ca1a6f3a276cc1e1,0.272441933459,0.421845574388
299_2,299,299.jpg,2,hide_craze,hide_craze,5,train,181,1,764,278,584,278,1024,1024,34,0,910,876,876,1.5,64,False,True,False,224,224,images/299_2.png,079b955bce173b66822b7fcdabd08e4a36eb8068541e16eb22c46806ef8875bc,9c4889365d9060236660e4719ed5e4f4b82588823b18bbb6eafb90b3a9a87de5,0.211567732116,0.255707762557
299_3,299,299.jpg,3,hide_craze,hide_craze,5,train,566,535,716,761,151,227,1024,1024,470,477,811,818,341,1.5,64,False,False,False,224,224,images/299_3.png,079b955bce173b66822b7fcdabd08e4a36eb8068541e16eb22c46806ef8875bc,83ee234e6f3ffc6cc6628771b932d7522d6bca96e650922d5fc9395e3f07c1f8,0.294777306697,0.656891495601
299_4,299,299.jpg,4,hide_craze,hide_craze,5,train,511,741,773,1024,263,284,1024,1024,428,598,854,1024,426,1.5,64,False,True,False,224,224,images/299_4.png,079b955bce173b66822b7fcdabd08e4a36eb8068541e16eb22c46806ef8875bc,37e17d9eb95dceb355ac517b059543fe9c758cd097583f06b63325da43c477f7,0.411580594679,0.525821596244
300_0,300,300.jpg,0,hide_craze,hide_craze,5,validation,589,20,678,1016,90,997,1024,1024,0,0,1024,1024,1024,1.5,64,False,True,True,224,224,images/300_0.png,1883bce20e50f53830e077f11779e9921fd1de391482adfea4abb78bfaa3f002,45d7ddb46b86520b240b38802961a281a02b4b14d0c1c95c2c1d15f3e3fec76c,0.0855731964111,0.21875
301_0,301,301.jpg,0,surface_injure,surface_injure,2,train,373,703,1020,841,648,139,1024,1024,52,52,1024,1024,972,1.5,64,False,True,False,224,224,images/301_0.png,83cd6beedd5b3b7ab57b953228370ad90d96aec0e1ff1cb241e737d22d380ec2,35822c5021817ef1be05fba2c87cea3e27fb0ecb35153c8e804386940a59229d,0.0953360768176,0.230452674897
302_0,302,302.jpg,0,corrosion,corrosion,1,train,395,553,559,1005,165,453,1024,1024,136,344,816,1024,680,1.5,64,False,True,False,224,224,images/302_0.png,c045e2e572b07ef36ae7bcf8b16cc69b8a7ebc66676ec12bafc4e9842d6ebdc9,e8c13023091eaf31f2e743909a3e34ed739c84e6b6811fc08201f946b860aac8,0.161645761246,0.329411764706
302_1,302,302.jpg,1,corrosion,corrosion,1,train,456,195,553,545,98,351,1024,1024,240,106,767,633,527,1.5,64,False,False,False,224,224,images/302_1.png,c045e2e572b07ef36ae7bcf8b16cc69b8a7ebc66676ec12bafc4e9842d6ebdc9,2861943dc7eb68172137c805a779b330b2fc40a76b8a4adb7c5a2607c221a040,0.123854548859,0.42504743833
303_0,303,303.jpg,0,craze,craze,0,train,317,127,1023,881,707,755,1024,1024,0,0,1024,1024,1024,1.5,64,False,True,True,224,224,images/303_0.png,e934e4cb6aec6860c2aac45d5f6802e7bd19dbf5717aa21713eaa264f0d0e786,8254c142caba24b4962b36d0c9239aa692d5f2f49ee1cda8878ac8b9d344da11,0.509057044983,0.21875
303_1,303,303.jpg,1,craze,craze,0,train,64,242,289,519,226,278,1024,1024,0,171,417,588,417,1.5,64,False,True,False,224,224,images/303_1.png,e934e4cb6aec6860c2aac45d5f6802e7bd19dbf5717aa21713eaa264f0d0e786,c3f50e85d3428f997789eb2164e559a3c6fe34c889898337e63e33d8c3ec2984,0.361310951239,0.537170263789
304_0,304,304.jpg,0,thunderstrike,thunderstrike,3,train,434,502,652,880,219,379,1024,1024,258,406,827,975,569,1.5,64,False,False,False,224,224,images/304_0.png,4d84b174fb9f0a52ad789e5f9cf8683c224307d17d929581cfe55f940e81969f,4721830e10bd14a2ef92c4d4179d0fa7ba7fff7b913a7d3b7d436c293d014bb8,0.256365034702,0.393673110721
306_0,306,306.jpg,0,craze,craze,0,train,284,372,686,514,403,143,1024,1024,182,140,787,745,605,1.5,64,False,False,False,224,224,images/306_0.png,c32ca8e95a1765d7a2f169529a8fd40c482367084488a0ccf5884d8b51af5d09,1ee74629beb045fd56389146828fd6a14c0f2f61f82dec253864d68272d526de,0.157445529677,0.370247933884
308_0,308,308.jpg,0,hide_craze,hide_craze,5,train,370,563,477,752,108,190,1024,1024,280,514,565,799,285,1.5,64,False,False,False,224,224,images/308_0.png,d6289249c3008a8f87565b9136313909d1ca24f285841dd641091e09aae0fcfc,8f8ba98ab3581b4d034b87d8a5e5356c11b957defee11dcde0abd9ae74a694f8,0.252631578947,0.785964912281
308_1,308,308.jpg,1,hide_craze,hide_craze,5,train,603,183,728,385,126,203,1024,1024,512,131,817,436,305,1.5,64,False,False,False,224,224,images/308_1.png,d6289249c3008a8f87565b9136313909d1ca24f285841dd641091e09aae0fcfc,363f126cf9644fbf5b6341de2c28d7622fea71d235ddff57c310effbc5abb78a,0.274958344531,0.734426229508
309_0,309,309.jpg,0,hide_craze,hide_craze,5,train,841,817,898,972,58,156,1024,1024,752,777,986,1011,234,1.5,64,False,False,False,224,224,images/309_0.png,9791ed81d58f2d710c0df0d5079e71c949d0800574f33acd080695d6de16de40,22ada7d6bc9758daf6910789229babb970cae5254b70320fab0d1e71775e8274,0.165242165242,0.957264957265
310_0,310,310.jpg,0,crack,crack,4,train,431,38,541,619,111,582,1024,1024,49,0,922,873,873,1.5,64,False,True,False,224,224,images/310_0.png,5ba6913975ba90727da1039e1bbd1478c4144e8a27fe00c1c6636c25f100bec3,af7ed0711bdd8697457ede7a68a0c1879b3f29b7485974ae4fb191ebeaa38197,0.0847651775487,0.256586483391
311_0,311,311.jpg,0,surface_injure,surface_injure,2,train,173,445,208,492,36,48,1024,1024,154,432,226,504,72,1.5,64,False,False,False,224,224,images/311_0.png,e042287913e0cd93452e6048eee659748be5cac554fb7bf3e39551bf7ddb177c,cb4bf526bb938f0f2b6bd9b108a3239b86d0ab1cd4aef2e598ac097f2b72feff,0.333333333333,3.11111111111
311_1,311,311.jpg,1,surface_injure,surface_injure,2,train,319,481,372,525,54,45,1024,1024,304,462,385,543,81,1.5,64,False,False,False,224,224,images/311_1.png,e042287913e0cd93452e6048eee659748be5cac554fb7bf3e39551bf7ddb177c,8c504df640c6d4c1f78c44c79f1381802ce2ad94a052afb5a9e21a65698dcb81,0.37037037037,2.76543209877
311_2,311,311.jpg,2,surface_injure,surface_injure,2,train,316,606,342,638,27,33,1024,1024,296,589,360,653,64,1.5,64,True,False,False,224,224,images/311_2.png,e042287913e0cd93452e6048eee659748be5cac554fb7bf3e39551bf7ddb177c,6f57785c4edb7c5b1e9c0953c543c545b3805d5f8061dd6654d4bddc2dfe3c81,0.217529296875,3.5
311_3,311,311.jpg,3,surface_injure,surface_injure,2,train,444,561,481,597,38,37,1024,1024,430,546,494,610,64,1.5,64,True,False,False,224,224,images/311_3.png,e042287913e0cd93452e6048eee659748be5cac554fb7bf3e39551bf7ddb177c,9dbb0ba299bb7adefe3e6647923fb145274c8f2e8a02fe350deb36d3fd695a86,0.34326171875,3.5
311_4,311,311.jpg,4,surface_injure,surface_injure,2,train,558,506,639,630,82,125,1024,1024,504,473,692,661,188,1.5,64,False,False,False,224,224,images/311_4.png,e042287913e0cd93452e6048eee659748be5cac554fb7bf3e39551bf7ddb177c,2e8154fe6bde00ce43ee0516aa7e6ec3bcde45e3f92193fc1b8ff491205e82fd,0.290006790403,1.1914893617
311_5,311,311.jpg,5,surface_injure,surface_injure,2,train,712,574,830,691,119,118,1024,1024,681,542,860,721,179,1.5,64,False,False,False,224,224,images/311_5.png,e042287913e0cd93452e6048eee659748be5cac554fb7bf3e39551bf7ddb177c,9af185b413d626301d143a49511972d261477718156da36281b98a2c2ca2670a,0.438250990918,1.25139664804
312_0,312,312.jpg,0,craze,craze,0,train,395,58,703,495,309,438,1024,1024,220,0,877,657,657,1.5,64,False,True,False,224,224,images/312_0.png,a07bca8d38168c7e7ff521efb0402d2bf5bead52c7c9693b085f7d2361116bb9,2033387fd41efaccc728461a9218363762ff916d062eb2024c73086d0cf280cb,0.313546423135,0.340943683409
312_1,312,312.jpg,1,craze,craze,0,train,562,520,627,1013,66,494,1024,1024,223,283,964,1024,741,1.5,64,False,True,False,224,224,images/312_1.png,a07bca8d38168c7e7ff521efb0402d2bf5bead52c7c9693b085f7d2361116bb9,362951c7bd7bacf2b037a29b8ea22ec2b99abf2cf98652bdd7fc75c20a36193d,0.059379217274,0.302294197031
313_0,313,313.jpg,0,corrosion,corrosion,1,train,159,324,528,428,370,105,1024,1024,65,98,620,653,555,1.5,64,False,False,False,224,224,images/313_0.png,7cd9917ad838c528726aabcdf1b94da04e348b9ad1093da793522547a8a8360e,fb4783ac5879e497b161b7ad552e0208455a68a9f975305a0d80ff973ab0b33e,0.126126126126,0.403603603604
313_1,313,313.jpg,1,corrosion,corrosion,1,train,542,270,908,374,367,105,1024,1024,449,46,1000,597,551,1.5,64,False,False,False,224,224,images/313_1.png,7cd9917ad838c528726aabcdf1b94da04e348b9ad1093da793522547a8a8360e,9b470966b2f5de5f531ca90f1335c9f41c1a5ddae849f36006a5fbf3c872ce42,0.126926459399,0.406533575318
314_0,314,314.jpg,0,surface_injure,surface_injure,2,validation,523,699,627,972,105,274,1024,1024,369,613,780,1024,411,1.5,64,False,True,False,224,224,images/314_0.png,deb6000484750cc59f7ed2517f986620573813890552bfbbb4e8b8859445fa44,662c10bbefa43d0f26d03b634e48a83703241fa048846fbc48c7df8218da21fa,0.170316301703,0.54501216545
314_1,314,314.jpg,1,surface_injure,surface_injure,2,validation,609,594,655,667,47,74,1024,1024,576,574,687,685,111,1.5,64,False,False,False,224,224,images/314_1.png,deb6000484750cc59f7ed2517f986620573813890552bfbbb4e8b8859445fa44,11c75359644d17b89b9602ab2c8a69585fee586bbeed0515f196b91c73682539,0.282282282282,2.01801801802
315_0,315,315.jpg,0,crack,crack,4,train,377,367,753,574,377,208,1024,1024,281,187,847,753,566,1.5,64,False,False,False,224,224,images/315_0.png,bc2f2af94774c2180534489ee49ccc3396ff83a627d1c427221da5550b6483e3,ad4a46d51034da75efa434668342de0e3e7d0ccd2d9c81ff193eea6ad582cdd5,0.244777684826,0.395759717314
316_0,316,316.jpg,0,thunderstrike,thunderstrike,3,train,550,283,722,536,173,254,1024,1024,445,218,826,599,381,1.5,64,False,False,False,224,224,images/316_0.png,5acbdba3ad0fc976ef757c4a54a1de41b8f5e5d8da4f0196edd7a790dc3fc23c,0b93d5554f07f4f7f59c4d8cb09c9af13e6628a9c717fa870858dfa26fa77d66,0.30271216098,0.587926509186
317_0,317,317.jpg,0,corrosion,corrosion,1,train,48,153,517,644,470,492,1024,1024,0,29,738,767,738,1.5,64,False,True,False,224,224,images/317_0.png,07aede4bd430167ef0b7cae489a191dd92e4dc39f32a654ae392b0a587fab8d1,58fd749db93b5da3e1efb3a27ac55e4c1324ed205a8cf2db473adc6e88a24634,0.424570912376,0.30352303523
317_1,317,317.jpg,1,corrosion,corrosion,1,train,558,6,983,411,426,406,1024,1024,385,0,1024,639,639,1.5,64,False,True,False,224,224,images/317_1.png,07aede4bd430167ef0b7cae489a191dd92e4dc39f32a654ae392b0a587fab8d1,996c4ab4871265533d75ece244b9a1082461a428acfdb0b0d91af3593d3376fc,0.423578508086,0.350547730829
318_0,318,318.jpg,0,crack,crack,4,test,684,261,773,764,90,504,1024,1024,268,134,1024,890,756,1.5,64,False,True,False,224,224,images/318_0.png,51fd954b7d5a66d24cd07e7a500a7d187337004b87ab5bc0807600550153a151,898d40f2e9d5028f809665d48ab60ffb7322736286a74e0b5405ade8a48dafc3,0.0793650793651,0.296296296296
321_0,321,321.jpg,0,corrosion,corrosion,1,train,500,8,873,1008,374,1001,1024,1024,0,0,1024,1024,1024,1.5,64,False,True,True,224,224,images/321_0.png,bc4df7054410e89ca998759c55d405b7f633935cc10d781dbe3de24b1b5015c7,cd32e3824ae132af42c34a0b7cfdb2775c77f0bdeb2a26ac06867e3ef60ffa10,0.35703086853,0.21875
322_0,322,322.jpg,0,corrosion,corrosion,1,test,402,30,656,989,255,960,1024,1024,0,0,1024,1024,1024,1.5,64,False,True,True,224,224,images/322_0.png,2253c8b69bb3816ae5eb658d9e53e16211b7dbbc839905cc27f0e7585b877a57,7b2275f65e2601d294e20f3d144e06b225d9eb1fae5609794304aee347c43ff7,0.233459472656,0.21875
323_0,323,323.jpg,0,corrosion,corrosion,1,test,173,752,356,875,184,124,1024,1024,126,675,402,951,276,1.5,64,False,False,False,224,224,images/323_0.png,18ec94211c38b3b5ac96b2b43078f754f40ea4bd0da021ba8f29068970bcc35e,dc6b2d8515b8e95e12caa38293ff0fe6b216636e09a3517f4056bb8999c6f1b8,0.299516908213,0.811594202899
324_0,324,324.jpg,0,surface_injure,surface_injure,2,train,492,710,811,794,320,85,1024,1024,411,511,891,991,480,1.5,64,False,False,False,224,224,images/324_0.png,f13ea688efcb4821ee7a0f72f7a94e33cf33560ac1917647dc1f500e0b6b270f,0e5a259c0406e309eb5014d250ad1197d801ea47f1fd54c2aa0b26aa72f339dc,0.118055555556,0.466666666667
325_0,325,325.jpg,0,surface_injure,surface_injure,2,train,106,756,344,875,239,120,1024,1024,45,635,404,994,359,1.5,64,False,False,False,224,224,images/325_0.png,11e4f13f12090006fb22e4cb2eda9d4542750c55aebfa7e425862bdeddf1b6d5,1418ef1099da5fc06310e9567529663a0d2bff5b3dba114e5bb33fb5804a731e,0.222530861803,0.623955431755
325_1,325,325.jpg,1,surface_injure,surface_injure,2,train,211,406,622,735,412,330,1024,1024,107,261,725,879,618,1.5,64,False,False,False,224,224,images/325_1.png,11e4f13f12090006fb22e4cb2eda9d4542750c55aebfa7e425862bdeddf1b6d5,ec96e1be89c397a8f3826750fc9928461f6cc6c92d0f9de8a37908a87ba13e30,0.355987055016,0.362459546926
325_2,325,325.jpg,2,surface_injure,surface_injure,2,train,502,27,828,395,327,369,1024,1024,387,0,941,554,554,1.5,64,False,True,False,224,224,images/325_2.png,11e4f13f12090006fb22e4cb2eda9d4542750c55aebfa7e425862bdeddf1b6d5,50950474ffbdca834e34cc3fa684ddacfff2dae117455d4cbbe5bbdf2c993af6,0.393146659021,0.404332129964
326_0,326,326.jpg,0,surface_injure,surface_injure,2,test,418,314,540,373,123,60,1024,1024,386,250,571,435,185,1.5,64,False,False,False,224,224,images/326_0.png,ea0d256fb36a9f51a00691f978c892d304d12beae5f346b94fd36567ff6a5503,9fb72c9174bec2739990da5671c862dfc53ba58275db056971498552a3dedcd4,0.215631848064,1.21081081081
326_1,326,326.jpg,1,craze,craze,0,test,13,324,403,465,391,142,1024,1024,0,100,587,687,587,1.5,64,False,True,False,224,224,images/326_1.png,ea0d256fb36a9f51a00691f978c892d304d12beae5f346b94fd36567ff6a5503,5b6f2ca0d9ea662720044acd0d8585ae7335e3c7f88e4b319b22fe51cfa054f7,0.161134634863,0.381601362862
327_0,327,327.jpg,0,surface_injure,surface_injure,2,train,312,455,647,922,336,468,1024,1024,128,322,830,1024,702,1.5,64,False,True,False,224,224,images/327_0.png,21237f353afa6d79bb2a6de59d8e2d6672c8b362c99cdef7bb20ddb1d5b8865b,e7cd460b573e71e20593bfb9ab6327db5dabecf4bce11c411975333b3d1070d2,0.319088319088,0.319088319088
329_0,329,329.jpg,0,hide_craze,hide_craze,5,train,600,16,706,1016,107,1001,1024,1024,0,0,1024,1024,1024,1.5,64,False,True,True,224,224,images/329_0.png,68b2d6984d4527bb412dd45f88582cef96f5bf1e473fa6e509cb6bdd59414352,ccd5c6d2abb0e983e28c9973220a9cd12a977994c35e77bd4b11a42784e9189c,0.102145195007,0.21875
330_0,330,330.jpg,0,craze,craze,0,train,309,22,786,466,478,445,1024,1024,188,0,905,717,717,1.5,64,False,True,False,224,224,images/330_0.png,d756f59ab51b1c8500a815f7cc7d71c9806507b1bb68a0a504dd1feb408a7c2c,9bc2f33f2ce883437ea310074fc89dcc73a21e1a996ab301ca51b39251bb155b,0.413761041376,0.312412831241
331_0,331,331.jpg,0,surface_injure,surface_injure,2,validation,175,467,278,538,104,72,1024,1024,148,424,304,580,156,1.5,64,False,False,False,224,224,images/331_0.png,ec87557b967eb071259c48914070aebc0c9657a9ebd4495d5a5ea928842c2a4c,e6a3c7300c45bd48cda2d1d05a998b22e8c743a2c8c0573ae7a6c6410deb4b60,0.307692307692,1.4358974359
331_1,331,331.jpg,1,surface_injure,surface_injure,2,validation,183,683,228,727,46,45,1024,1024,170,670,239,739,69,1.5,64,False,False,False,224,224,images/331_1.png,ec87557b967eb071259c48914070aebc0c9657a9ebd4495d5a5ea928842c2a4c,e43604f51b1b7ff8c6527a5628c488aeea783afc2088f210c2dcb8295f065568,0.434782608696,3.24637681159
331_2,331,331.jpg,2,surface_injure,surface_injure,2,validation,406,588,464,666,59,79,1024,1024,375,567,494,686,119,1.5,64,False,False,False,224,224,images/331_2.png,ec87557b967eb071259c48914070aebc0c9657a9ebd4495d5a5ea928842c2a4c,d83a9d8a31c6b226444e97f8c53f456bdcee5cf32f4a7b02777c4e8b1669a1ba,0.329143422075,1.88235294118
331_3,331,331.jpg,3,surface_injure,surface_injure,2,validation,586,508,722,705,137,198,1024,1024,505,457,802,754,297,1.5,64,False,False,False,224,224,images/331_3.png,ec87557b967eb071259c48914070aebc0c9657a9ebd4495d5a5ea928842c2a4c,e577260e1418f1fbf53d20dfdee61e3055c0f3e469ba873dbe00970399f6b944,0.307519640853,0.754208754209
331_4,331,331.jpg,4,surface_injure,surface_injure,2,validation,848,616,1024,810,177,195,1024,1024,731,566,1024,859,293,1.5,64,False,True,False,224,224,images/331_4.png,ec87557b967eb071259c48914070aebc0c9657a9ebd4495d5a5ea928842c2a4c,95e0716f45fd0a67311a6772aa612547dd66a6114c1b1145952857c3928893ac,0.402043122226,0.764505119454
332_0,332,332.jpg,0,surface_injure,surface_injure,2,test,306,86,1017,294,712,209,1024,1024,0,0,1024,1024,1024,1.5,64,False,True,True,224,224,images/332_0.png,c197b6771eaf302dd8ce25ea8592e83f9196f61c9811241dfd50f4d8e0893e2c,4adf3deae15ddd7f1578f4655dd3d8677690655a49efe59940d91c8f334b4870,0.141914367676,0.21875
333_0,333,333.jpg,0,thunderstrike,thunderstrike,3,train,103,163,258,460,156,298,1024,1024,0,87,447,534,447,1.5,64,False,True,False,224,224,images/333_0.png,7cc4efcbfa75a7e8c1ed30aef294e5f78472c9ece12cc6d2634c327cd0204d5a,c77a891ce2158d04d87c7fdbc3fb61b39438db812342a0105056feb9b7860800,0.232662192394,0.501118568233
334_0,334,334.jpg,0,surface_injure,surface_injure,2,train,839,886,894,933,56,48,1024,1024,824,867,908,951,84,1.5,64,False,False,False,224,224,images/334_0.png,8b7514121224732bed2709650ebc712024f01449effe56125ff958fc912dbf34,627893f263c3cd4157ebf5f4f905a3d2b319050bbdb42f2423f742a94791440b,0.380952380952,2.66666666667
336_0,336,336.jpg,0,thunderstrike,thunderstrike,3,train,655,499,708,599,54,101,1024,1024,605,472,757,624,152,1.5,64,False,False,False,224,224,images/336_0.png,a6f4999dc76040a1d9350efde59fd8ca5baabf5cc21a5029d2bb60e536c920b2,c37198624d1278973a8054ebdd9a04abbd4eee30bffea383c119de7f8ad0d41d,0.236063019391,1.47368421053
337_0,337,337.jpg,0,surface_injure,surface_injure,2,train,303,16,591,336,289,321,1024,1024,205,0,687,482,482,1.5,64,False,True,False,224,224,images/337_0.png,8564ed808553c7541ef5c8985752b2da5a79684e71a2c256348b9ac455bb1b09,3750c5bf0a3a6a6a348fadc09a35081114db167c80c365a68d1c97da887592dd,0.399308724023,0.464730290456
338_0,338,338.jpg,0,crack,crack,4,validation,481,219,819,400,339,182,1024,1024,395,54,904,563,509,1.5,64,False,False,False,224,224,images/338_0.png,62b256c80c63d96b53d2cead858bfd976807bffeafdc26b2b636cb6bf0486e8e,99c98cbb15c2bd7428dafb826f7b0e4e99efd87a8161a6592c4735ec60d41130,0.238141739456,0.440078585462
339_0,339,339.jpg,0,corrosion,corrosion,1,train,17,488,917,580,901,93,1024,1024,0,0,1024,1024,1024,1.5,64,False,True,True,224,224,images/339_0.png,0ccbc492816c8fa94935dea89bb719d7b834b8956316633fed8057ccb0600f8e,e9a655f8c379d7e692e633bdb2ac3f8e38c7b3db86e84e65ef356fae84c0f588,0.0799112319946,0.21875
340_0,340,340.jpg,0,corrosion,corrosion,1,train,2,217,412,317,411,101,1024,1024,0,0,617,617,617,1.5,64,False,True,False,224,224,images/340_0.png,25b340fc9ad20d62a08e0d2cfe3dc8e99d48b5d745deaa5fcb07eb7b7463c1ba,09ac2a914a304b1c5fd74da2750c8ea7716d29caad2e8ef12bc3b292d942da42,0.109041763749,0.363047001621
340_1,340,340.jpg,1,corrosion,corrosion,1,train,428,281,881,428,454,148,1024,1024,313,13,994,694,681,1.5,64,False,False,False,224,224,images/340_1.png,25b340fc9ad20d62a08e0d2cfe3dc8e99d48b5d745deaa5fcb07eb7b7463c1ba,a91360582653e896613100a2822f824552a7d98039aefc2a2e70141ec64686b3,0.144884973079,0.32892804699
342_0,342,342.jpg,0,surface_injure,surface_injure,2,train,97,236,314,553,218,318,1024,1024,0,155,477,632,477,1.5,64,False,True,False,224,224,images/342_0.png,e3b64b5b8592773595f9e1246346ad398de351d39279afa8e1e622398294073f,16ada61ff80ccd59bbe83f765557aa08c61de8cd7be348d2b6607493e4da2dcc,0.304682040531,0.469601677149
344_0,344,344.jpg,0,crack,crack,4,train,741,10,844,367,104,358,1024,1024,487,0,1024,537,537,1.5,64,False,True,False,224,224,images/344_0.png,808f61a977d722b8dd4c9fcbacb8c8d02f5bb0653f934b612f34d1921be74a0a,3f050f0c8a8f371035147974bc18179b04baf5401b6c6f7ca763eca8353c959d,0.129112352576,0.417132216015
345_0,345,345.jpg,0,surface_injure,surface_injure,2,train,495,863,533,910,39,48,1024,1024,477,850,549,922,72,1.5,64,False,False,False,224,224,images/345_0.png,fe35a02f8557eae0f7733e7f29f51825ed1f710542a012423caacc9a745540e4,4d83587fe3a4963123f3ad211193a35e78c53c53c2599dc082c04691d0ba8110,0.361111111111,3.11111111111
345_1,345,345.jpg,1,hide_craze,hide_craze,5,train,439,314,483,714,45,401,1024,1024,159,212,761,814,602,1.5,64,False,False,False,224,224,images/345_1.png,fe35a02f8557eae0f7733e7f29f51825ed1f710542a012423caacc9a745540e4,3c56c5f951c38a6e527c0ac6da5367423b6be11caaa0266399cc9c736083f9aa,0.0497924967716,0.372093023256
346_0,346,346.jpg,0,corrosion,corrosion,1,validation,389,10,764,1022,376,1013,1024,1024,0,0,1024,1024,1024,1.5,64,False,True,True,224,224,images/346_0.png,47f27ecf68536da25a9ced9da64212ebb4e49b3ad2e73251ee18f88c0c1812d8,b694f851da3793f14b07f2576ffcb03cd5d937bd41c3bf2bde11ecc00515e663,0.363243103027,0.21875
347_0,347,347.jpg,0,craze,craze,0,validation,502,130,920,999,419,870,1024,1024,0,0,1024,1024,1024,1.5,64,False,True,True,224,224,images/347_0.png,a8cc5b83277f3e2fa88f8d188fc01bfd0e344e23e06c57bccaed4be5f2192a73,ffd9dcb6b266bdd6c2997ecffd55b24134f66587e66d5af2da5149125a80e56a,0.34764289856,0.21875
350_0,350,350.jpg,0,hide_craze,hide_craze,5,train,478,370,544,685,67,316,1024,1024,273,290,747,764,474,1.5,64,False,False,False,224,224,images/350_0.png,4a1a301e2b01fe1cbb4d5d50f7343e0916ad6179ffe149786c7e576700d07b33,b2c9ef1ace5816635f7dd0b259d14f4bf504e53ff4f3b17f794b1e16f22ea6bf,0.0942334739803,0.472573839662
351_0,351,351.jpg,0,hide_craze,hide_craze,5,train,108,338,167,608,60,271,1024,1024,0,269,407,676,407,1.5,64,False,True,False,224,224,images/351_0.png,fe5c8fbc66dcef1fae8a14504828730c061f9504c5b93fae7383ad31b69443d0,9db6212e2be7db9de4c3c533a9ebbf699f1bfdbcd35e451074723701f8277651,0.0981593610586,0.550368550369
351_1,351,351.jpg,1,hide_craze,hide_craze,5,train,103,610,609,827,507,218,1024,1024,0,263,761,1024,761,1.5,64,False,True,False,224,224,images/351_1.png,fe5c8fbc66dcef1fae8a14504828730c061f9504c5b93fae7383ad31b69443d0,d78ce6474c7e0ecef14fba7dd18ba3ca6e63f5f6b8abcf64913b22f24631c8f6,0.190851307412,0.294349540079
351_2,351,351.jpg,2,craze,craze,0,train,642,466,973,925,332,460,1024,1024,334,334,1024,1024,690,1.5,64,False,True,False,224,224,images/351_2.png,fe5c8fbc66dcef1fae8a14504828730c061f9504c5b93fae7383ad31b69443d0,ccbf753eec309abf2c124570298a980f78eaa04d5e5c1010acfcb3e569411109,0.32077294686,0.324637681159
354_0,354,354.jpg,0,craze,craze,0,train,286,381,477,566,192,186,1024,1024,237,329,525,617,288,1.5,64,False,False,False,224,224,images/354_0.png,16fff0a03635d069c7b83c8e2a7c391a5cf34be7e6b9c95d72071ca54e939485,2c532bc080d94df25fa3a5fe1886d004b7280498459b6a3d40f1ff3384befa0f,0.430555555556,0.777777777778
356_0,356,356.jpg,0,thunderstrike,thunderstrike,3,train,311,705,617,870,307,166,1024,1024,233,556,694,1017,461,1.5,64,False,False,False,224,224,images/356_0.png,5f1ac92c47c28715bc0ecdc0ada033e0263eacd059f8f2a034d6dcbb6704765b,75efbf6f6b1a93902ef134634c989cee15ed276812fefe1a02ea5d0dee8d0193,0.239797478837,0.48590021692
357_0,357,357.jpg,0,surface_injure,surface_injure,2,train,697,244,986,356,290,113,1024,1024,589,82,1024,517,435,1.5,64,False,True,False,224,224,images/357_0.png,73b716292ed02b99bc9e965ff03ae3cb874f75bc9daa7671f66b9a336121a7d0,988cccb8c1ce164cc092aee7c6308c874f02647056569192aacdc3aee1424fa7,0.173180076628,0.514942528736
358_0,358,358.jpg,0,craze,craze,0,train,537,236,731,411,195,176,1024,1024,487,176,780,469,293,1.5,64,False,False,False,224,224,images/358_0.png,94908d44512465b37844bc19d23ad9d7ef7c8bd734d9f1434ddea71c3618a11f,a080bbebf1d517b4e422186b0ec4dbe2206c379ae53b949ea3bba745458929b5,0.399771692157,0.764505119454
360_0,360,360.jpg,0,surface_injure,surface_injure,2,train,555,194,634,652,80,459,1024,1024,249,78,938,767,689,1.5,64,False,False,False,224,224,images/360_0.png,9c205f60cc7e4ddb40b16cd9678a33b6bd51f5da362cedb18b59cd8f6d29e1d0,4691a55059685f07eec903d0322f6d542503b47bb754f1d6017bf84ba4c958dc,0.0773506965144,0.325108853411
362_0,362,362.jpg,0,hide_craze,hide_craze,5,validation,578,1,816,283,239,283,1024,1024,484,0,909,425,425,1.5,64,False,True,False,224,224,images/362_0.png,6464de159614e59628606487b46be44bdec636b1f8ca6d25def963c4204c7bd8,8d5d5cc9bc0240006b0733deb6c95c7a943548b248e4df2cd5b22267da756b57,0.374460899654,0.527058823529
363_0,363,363.jpg,0,surface_injure,surface_injure,2,test,312,258,662,819,351,562,1024,1024,65,116,908,959,843,1.5,64,False,False,False,224,224,images/363_0.png,8aca40b34103fdd35d8eee764e2f7152f4c635a11afeb3b11dba84499b3ee8da,f15e6e8d56ecdbb071791f28a9a555d59a3f0ac87a181038de87b77167a3664d,0.277580071174,0.26571767497
364_0,364,364.jpg,0,hide_craze,hide_craze,5,train,287,10,350,867,64,858,1024,1024,0,0,1024,1024,1024,1.5,64,False,True,True,224,224,images/364_0.png,b7039c67034b5e309ef624937faabf4f49a073ba3d95edbbb915bf0e539c4f95,a3724ec804565077f6af0133e3513652ac85648df5c338e6be08be83bf5375eb,0.0523681640625,0.21875
365_0,365,365.jpg,0,crack,crack,4,train,709,355,862,639,154,285,1024,1024,571,282,999,710,428,1.5,64,False,False,False,224,224,images/365_0.png,12349b338f46b98fa80eb72ea558d8a4c67e782d0d7c9b33ee18b29440aee994,b904866b3c0dc97e345845c1530ea2479e49bfad2b77b9f74d541382d875b2b3,0.239595161149,0.523364485981
367_0,367,367.jpg,0,crack,crack,4,train,334,328,803,805,470,478,1024,1024,209,207,926,924,717,1.5,64,False,False,False,224,224,images/367_0.png,18cb3449a3646003fe88ec7d0b2f1b1813159e0d0623c3e8f2185a18fde15878,03642ac3a249fbc7f872c9ccf27e61fcbd8661844f2472ee05c7a0debd2687e0,0.437006043701,0.312412831241
368_0,368,368.jpg,0,corrosion,corrosion,1,train,231,45,396,958,166,914,1024,1024,0,0,1024,1024,1024,1.5,64,False,True,True,224,224,images/368_0.png,50dbedebb5909db243821e1199d57048c6fd1527ac81c8b4b6aac5ca4ddfb363,4247804ec7919057e3ae70f308536e8b1b324857fa6a7d367547933c92f03499,0.144695281982,0.21875
369_0,369,369.jpg,0,surface_injure,surface_injure,2,train,752,3,1024,325,273,323,1024,1024,539,0,1024,485,485,1.5,64,False,True,False,224,224,images/369_0.png,e941ad4e7a3e8114e88633f989177d02d3a62cb09ad20bf88c6751c2e6b280d0,03588fbd5040d314125053078c632a2b129f225b12479c61a455cd2dafd1cee5,0.374870868318,0.461855670103
370_0,370,370.jpg,0,corrosion,corrosion,1,test,34,195,278,411,245,217,1024,1024,0,118,368,486,368,1.5,64,False,True,False,224,224,images/370_0.png,a951eb93a737ab79227c0e056b89f604945ba94546a5baccdee96b821d252c04,acfe93985b1243f53105ed7915bbff8aa0e14f2948a0336fade2193748b07a36,0.392581817108,0.608695652174
370_1,370,370.jpg,1,corrosion,corrosion,1,test,302,395,514,650,213,256,1024,1024,215,330,599,714,384,1.5,64,False,False,False,224,224,images/370_1.png,a951eb93a737ab79227c0e056b89f604945ba94546a5baccdee96b821d252c04,29d9142dfb9c0f393933811bb87180c3228dd3b5bbee22200418136b1f891489,0.369791666667,0.583333333333
370_2,370,370.jpg,2,corrosion,corrosion,1,test,534,555,877,864,344,310,1024,1024,447,451,963,967,516,1.5,64,False,False,False,224,224,images/370_2.png,a951eb93a737ab79227c0e056b89f604945ba94546a5baccdee96b821d252c04,71d4390b189809f96da648ee8d3787afda4c2d2af62567626a5ce8bd3a9e9bc6,0.400516795866,0.434108527132
371_0,371,371.jpg,0,corrosion,corrosion,1,validation,572,5,608,461,37,457,1024,1024,246,0,932,686,686,1.5,64,False,True,False,224,224,images/371_0.png,b650a8d0007bf4af64fb56de4ef556dba1388523608aa560210108f1a4eb9dfc,e4e5bd5a57b10ee21e0b9da990d7a05eb45a02ce211447c0904960a06f87573a,0.035931032138,0.326530612245
372_0,372,372.jpg,0,hide_craze,hide_craze,5,train,56,647,634,702,579,56,1024,1024,0,155,869,1024,869,1.5,64,False,True,False,224,224,images/372_0.png,db81bb001082d5938da3e13155075938ffd0a8f127e08a6f271730915b3c8327,ce525eab1b7709d8eaf42e1208f2463c7b72357ea424679361b82f0689491b7c,0.0429365393605,0.257767548907
373_0,373,373.jpg,0,corrosion,corrosion,1,test,39,425,969,516,931,92,1024,1024,0,0,1024,1024,1024,1.5,64,False,True,True,224,224,images/373_0.png,256d427cd53f19fd3cbc3ce0b8184e9811d2f22164f7a6385b98893f687aca9e,9d5c3e4d6cf30b90fc0e1dcb250099e2e9735a3a8d553f6708c415a2e2a3a546,0.0816841125488,0.21875
374_0,374,374.jpg,0,hide_craze,hide_craze,5,train,489,433,820,725,332,293,1024,1024,405,329,903,827,498,1.5,64,False,False,False,224,224,images/374_0.png,aaa35015054e849f37fb68b7f75f33475b14a3a98487329cde81c0ea9be56e54,782dad053bb14a9d1f46af42be4ddefedd9dd779717fe1fc6640032c1eb4b27c,0.392235609103,0.449799196787
375_0,375,375.jpg,0,corrosion,corrosion,1,train,458,355,617,999,160,645,1024,1024,53,56,1021,1024,968,1.5,64,False,True,False,224,224,images/375_0.png,bd823c6d378524b87b84f24879453ac0c99ac5d7ff8ba9f80393caad3e6b623e,2aa6b9f690996e5a90b33de7aa7b9a22ff18c279c34b895d9c2d538ffcbd58ea,0.110135919678,0.231404958678
376_0,376,376.jpg,0,hide_craze,hide_craze,5,train,352,216,387,389,36,174,1024,1024,238,171,499,432,261,1.5,64,False,False,False,224,224,images/376_0.png,b47e7c3aa1753b702e77c1f2e9ebc5f35287d92bd3238e04d91fcf7f352c35f2,c5ee49464ac40089b5402ef61827fd1b31d357dca1a266aa65ed2d6c856c02cd,0.0919540229885,0.858237547893
376_1,376,376.jpg,1,hide_craze,hide_craze,5,train,366,397,831,533,466,137,1024,1024,248,115,947,814,699,1.5,64,False,False,False,224,224,images/376_1.png,b47e7c3aa1753b702e77c1f2e9ebc5f35287d92bd3238e04d91fcf7f352c35f2,6843d4fe4346791ad94a56d5a09c3476d70cbf98e69e120435a44af58b6d0918,0.130662851693,0.320457796853
376_2,376,376.jpg,2,craze,craze,0,train,861,374,1019,514,159,141,1024,1024,785,324,1024,563,239,1.5,64,False,True,False,224,224,images/376_2.png,b47e7c3aa1753b702e77c1f2e9ebc5f35287d92bd3238e04d91fcf7f352c35f2,e007794d6486846499d24aeb6f79d3f2fd1e351e77babc690db4ab0ac62c294e,0.392482624604,0.937238493724
377_0,377,377.jpg,0,craze,craze,0,train,14,55,552,794,539,740,1024,1024,0,0,1024,1024,1024,1.5,64,False,True,True,224,224,images/377_0.png,b8639b7f7e2b30a5496157007d93edc457f2cc71d3b3b6b2ab6863a5b43d1358,a0b2c50111eef71b84d24078dc6cf9d89231eca2623e8ab71e45df01bae72150,0.380382537842,0.21875
379_0,379,379.jpg,0,hide_craze,hide_craze,5,test,2,336,420,727,419,392,1024,1024,0,216,629,845,629,1.5,64,False,True,False,224,224,images/379_0.png,a70af8fb28364f1446563426f882380c22a601c28ec07d3e08e7efe49de09f0c,29d758f55d8e1644f767d7cfe18259db10356d5d2237cf31fbb43893fd1f6443,0.41514403209,0.356120826709
379_1,379,379.jpg,1,hide_craze,hide_craze,5,test,442,747,827,1024,386,278,1024,1024,344,445,923,1024,579,1.5,64,False,True,False,224,224,images/379_1.png,a70af8fb28364f1446563426f882380c22a601c28ec07d3e08e7efe49de09f0c,6b19fc8150f18858452aea0361bd65628b3638cfb3d95141fc73c7436990ee80,0.320092112838,0.386873920553
380_0,380,380.jpg,0,craze,craze,0,train,33,350,762,567,730,218,1024,1024,0,0,1024,1024,1024,1.5,64,False,True,True,224,224,images/380_0.png,d524cf3c447be37082e6ab3db2a398a25032acbe60a7c1ef21e0bfb9df2d29d1,c984e84ce67bca775449ab1d71c8f6a4d41f4c2825b2ad82f9f2d7e4417a33fa,0.151767730713,0.21875
381_0,381,381.jpg,0,crack,crack,4,train,472,136,562,269,91,134,1024,1024,416,101,617,302,201,1.5,64,False,False,False,224,224,images/381_0.png,951a80de02f1c46b47943b510826899aebea32069daa80d94e90aec48a8855c3,e6c2adb7feb91ed48b46bfbb2f53c5fcdecbe1171ba9bd5c907166ac7263d94f,0.301824212272,1.1144278607
382_0,382,382.jpg,0,hide_craze,hide_craze,5,validation,255,205,297,386,43,182,1024,1024,139,158,412,431,273,1.5,64,False,False,False,224,224,images/382_0.png,7e25d2dac95ee248f9382c01bbe2187f4e98d9e843bab926aeacf41f0b80d669,0dce7b63706531200da91400009d5d0a2964208271d32aac92ed8eadc3fdc128,0.105006105006,0.820512820513
382_1,382,382.jpg,1,hide_craze,hide_craze,5,validation,272,395,647,527,376,133,1024,1024,177,178,741,742,564,1.5,64,False,False,False,224,224,images/382_1.png,7e25d2dac95ee248f9382c01bbe2187f4e98d9e843bab926aeacf41f0b80d669,705b0e0f3e8a18aab4628b318660145865bfbfa97854f15ed6edf62f2ce54e4a,0.157210401891,0.397163120567
382_2,382,382.jpg,2,craze,craze,0,validation,661,302,872,589,212,288,1024,1024,550,229,982,661,432,1.5,64,False,False,False,224,224,images/382_2.png,7e25d2dac95ee248f9382c01bbe2187f4e98d9e843bab926aeacf41f0b80d669,479696ed238f379b9ecedd13709fd972ab8a57331bed1b2dd1a36592b1f8f71e,0.327160493827,0.518518518519
383_0,383,383.jpg,0,craze,craze,0,train,281,585,939,924,659,340,1024,1024,35,35,1024,1024,989,1.5,64,False,True,False,224,224,images/383_0.png,979c2b909a79c4f2bfb59c6fe2e3563fda9f260c5634b55cc02f2672cdd7472a,34eed4da63ca3970f8ab9799e7cf472eb129bbc3b1846d301452c2f4cec14f97,0.229071863297,0.22649140546
384_0,384,384.jpg,0,corrosion,corrosion,1,train,420,6,639,972,220,967,1024,1024,0,0,1024,1024,1024,1.5,64,False,True,True,224,224,images/384_0.png,78ecd0e461d7e129d6eba5cc2bd04e823346b73d1bd3ae35c8bd5b7c5e8ce423,3e57940755cf050ea3b532ae1bcd2c6d351a4b00847b01ada94ffab1104c50bf,0.202884674072,0.21875
385_0,385,385.jpg,0,corrosion,corrosion,1,train,245,461,442,689,198,229,1024,1024,171,402,515,746,344,1.5,64,False,False,False,224,224,images/385_0.png,a154e83bea8fe73f75f34ff51ac2d8bd6ab9523418dce5e4150f2d71d3dce88f,80562e6dbff8db720cd5e51b517c3c60e8e02fa4d32ba39f91243471d8e54e16,0.383163196322,0.651162790698
385_1,385,385.jpg,1,thunderstrike,thunderstrike,3,train,403,127,523,180,121,54,1024,1024,371,62,553,244,182,1.5,64,False,False,False,224,224,images/385_1.png,a154e83bea8fe73f75f34ff51ac2d8bd6ab9523418dce5e4150f2d71d3dce88f,22f0475aaa96d7f13df4275cf4101fdbbe9cb2b244d9afbbdd4db78434c42b02,0.197258785171,1.23076923077
386_0,386,386.jpg,0,surface_injure,surface_injure,2,train,178,531,306,688,129,158,1024,1024,123,490,360,727,237,1.5,64,False,False,False,224,224,images/386_0.png,2bde04f4c3bc4717fa76925f2aa99a59ab2ca799088f5e457253010f558aadc0,6897c38a566e519c4270e6331371be8dd295dec3aa1492ea8df0d42c98aafea7,0.362869198312,0.945147679325
386_1,386,386.jpg,1,surface_injure,surface_injure,2,train,319,314,617,595,299,282,1024,1024,243,229,692,678,449,1.5,64,False,False,False,224,224,images/386_1.png,2bde04f4c3bc4717fa76925f2aa99a59ab2ca799088f5e457253010f558aadc0,c04bd9ca0368e3ae8d6eaa4b77073ca9e1e1425312c5cddca46f682e40577b86,0.418241973006,0.498886414254
386_2,386,386.jpg,2,surface_injure,surface_injure,2,train,636,142,967,392,332,251,1024,1024,526,17,1024,515,498,1.5,64,False,True,False,224,224,images/386_2.png,2bde04f4c3bc4717fa76925f2aa99a59ab2ca799088f5e457253010f558aadc0,921052eb1a002610dfa650ca99f7e0c34bca603d07f377ddf9a8913b7eee4635,0.336010709505,0.449799196787
387_0,387,387.jpg,0,craze,craze,0,train,180,1,681,403,502,403,1024,1024,53,0,806,753,753,1.5,64,False,True,False,224,224,images/387_0.png,d32fe8086b8ece8b4be905f98c6a8aae04667d9a0736bbdc5fac629ac62ad560,b3a039328ad23b1f2a3737831ff6e498a72633c5b0a7b96a38af800f12666b57,0.356795042054,0.297476759628
388_0,388,388.jpg,0,hide_craze,hide_craze,5,test,625,878,852,925,228,48,1024,1024,567,682,909,1024,342,1.5,64,False,True,False,224,224,images/388_0.png,399ac6a58a34f97fced30e04efffa22bdb6daa75812afcca076a6e6a5b9cee4d,bdb212c1af5ba060887feacbee9f8fd367063dd169c924d9d94ff005937f9abe,0.093567251462,0.654970760234
389_0,389,389.jpg,0,crack,crack,4,test,773,478,884,547,112,70,1024,1024,744,428,912,596,168,1.5,64,False,False,False,224,224,images/389_0.png,e2a0f9ef1d9dd40df46942cdacf3eabc32452462a578a9129895933dbe926475,d1f4c3e1f0bda6ef6f58220019d0db9f75fe9ba7c461cab400f31b07c2c671b8,0.277777777778,1.33333333333
390_0,390,390.jpg,0,corrosion,corrosion,1,test,137,533,345,719,209,187,1024,1024,83,468,397,782,314,1.5,64,False,False,False,224,224,images/390_0.png,7ab580fa225111b65ac51d43b671c7721c6adb0c127d95217207e0c09a1893bb,4e1b2e3d69a6cb04eedda5aa225b7b178d5e5efc0ebc0e1bc9594c4759cd2f20,0.396395391294,0.713375796178
391_0,391,391.jpg,0,crack,crack,4,train,459,1,625,919,167,919,1024,1024,0,0,1024,1024,1024,1.5,64,False,True,True,224,224,images/391_0.png,f954599d7ef9c9c53afd738b6c8bcc3fc1f2d4fac460d6a0ca139ded8b09ca12,f17460ac8f9f875289910d7004c62d3cbbb7257441bd316bce2b188faf66b926,0.146363258362,0.21875
392_0,392,392.jpg,0,craze,craze,0,train,92,39,542,436,451,398,1024,1024,0,0,677,677,677,1.5,64,False,True,False,224,224,images/392_0.png,35fc476fc191c3e3da1c8584b979d89dcb11a8a330cefdd07dbd12d280bd5a98,6405a242e4aead7fa13e6e3ca8084dd7f1263216b9d3278660e8e2725596adf6,0.391635702738,0.330871491876
392_1,392,392.jpg,1,craze,craze,0,train,525,510,719,703,195,194,1024,1024,475,459,768,752,293,1.5,64,False,False,False,224,224,images/392_1.png,35fc476fc191c3e3da1c8584b979d89dcb11a8a330cefdd07dbd12d280bd5a98,76fc634e73c62079cb5a07fc9b29e121642c83b04727bff862fdcf5708f69814,0.440657433401,0.764505119454
393_0,393,393.jpg,0,thunderstrike,thunderstrike,3,train,264,95,669,311,406,217,1024,1024,161,0,770,609,609,1.5,64,False,True,False,224,224,images/393_0.png,2c84e2ac151bc30404459d8f2834617847e8ea8e2684410acf75d3d8653d8af6,6976e65924ba87c1e24571635ec2f5fbdbe11b6854b2b364c5e8ea736ef6585f,0.23754789272,0.367816091954
394_0,394,394.jpg,0,crack,crack,4,test,272,320,634,775,363,456,1024,1024,110,205,794,889,684,1.5,64,False,False,False,224,224,images/394_0.png,fb0ad3f8bff0544dd73e33ce230018c54b67343753d3ddf2796b0893fb336a1e,81970fe8790d2ac9bb92fd6100db6a615dfc13ad9444c7e1d48e4ba2ca8cf71a,0.353801169591,0.327485380117
395_0,395,395.jpg,0,crack,crack,4,train,495,22,675,774,181,753,1024,1024,0,0,1024,1024,1024,1.5,64,False,True,True,224,224,images/395_0.png,9db3686b34b65ff898013047b8f3833239e7c60d1a33616abae0a4c07bd0182f,1a2181b82553ecfd146f96f4001a290c7c5b50ac57405f661840511f82713ec0,0.129979133606,0.21875
397_0,397,397.jpg,0,crack,crack,4,train,383,1,809,980,427,980,1024,1024,0,0,1024,1024,1024,1.5,64,False,True,True,224,224,images/397_0.png,c7efe1f8fdc2e053fc14c8bb1b7fbc41379f6a2bab21e389e531636ce751f504,15bcb0380c608a2254b14c2825260e7c7531ee8ac1a30817583b419310ed8945,0.399074554443,0.21875
398_0,398,398.jpg,0,hide_craze,hide_craze,5,train,253,206,286,395,34,190,1024,1024,126,157,411,442,285,1.5,64,False,False,False,224,224,images/398_0.png,09e432545aa1786a0b910fb99eb83f1a2efd5b9c611d53a02902c8fec65b70af,37d15e6f017615461068bbba9d80d68f96d628beefc17dc6188b716232be2932,0.0795321637427,0.785964912281
398_1,398,398.jpg,1,hide_craze,hide_craze,5,train,269,405,662,527,394,123,1024,1024,169,170,760,761,591,1.5,64,False,False,False,224,224,images/398_1.png,09e432545aa1786a0b910fb99eb83f1a2efd5b9c611d53a02902c8fec65b70af,91311b5f98c28ea997d8efea380e7fb467db8cc069b676a0fe0387f911f7c070,0.138747884941,0.379018612521
398_2,398,398.jpg,2,craze,craze,0,train,675,302,884,589,210,288,1024,1024,563,229,995,661,432,1.5,64,False,False,False,224,224,images/398_2.png,09e432545aa1786a0b910fb99eb83f1a2efd5b9c611d53a02902c8fec65b70af,328ba74408443b2d13c758ed432aff87bfa580f7ae3443f1ce4940e67dd14852,0.324074074074,0.518518518519
400_0,400,400.jpg,0,thunderstrike,thunderstrike,3,train,364,347,677,688,314,342,1024,1024,263,260,776,773,513,1.5,64,False,False,False,224,224,images/400_0.png,ad43de7533d0c56aae81d16ab38129c667b4b89ee36dba065df5eba1dc620d64,09b9f9cc030951883efac67aac88c7feed39dda43e2053eb21d5afed0e0677ae,0.408057179987,0.436647173489
400_1,400,400.jpg,1,surface_injure,surface_injure,2,train,203,92,741,330,539,239,1024,1024,67,0,876,809,809,1.5,64,False,True,False,224,224,images/400_1.png,ad43de7533d0c56aae81d16ab38129c667b4b89ee36dba065df5eba1dc620d64,cb5a97f42ce4fb03789b00cfaf1fac6a23dc82a76921b35364e0b0c0e8f28510,0.196829243324,0.276885043263
400_2,400,400.jpg,2,surface_injure,surface_injure,2,train,284,702,644,794,361,93,1024,1024,192,476,734,1018,542,1.5,64,False,False,False,224,224,images/400_2.png,ad43de7533d0c56aae81d16ab38129c667b4b89ee36dba065df5eba1dc620d64,5bc8d9656c51d41c133fba5404d51cee34ebf15745de8fd9a6784298fee25928,0.114285617026,0.413284132841
400_3,400,400.jpg,3,surface_injure,surface_injure,2,train,683,374,734,641,52,268,1024,1024,507,306,909,708,402,1.5,64,False,False,False,224,224,images/400_3.png,ad43de7533d0c56aae81d16ab38129c667b4b89ee36dba065df5eba1dc620d64,1dee204b24177cccc54cfd36061f54ab968bfa3c9f37364c69b79ae10f5c0a19,0.0862354892206,0.557213930348
400_4,400,400.jpg,4,surface_injure,surface_injure,2,train,233,347,345,689,113,343,1024,1024,31,260,546,775,515,1.5,64,False,False,False,224,224,images/400_4.png,ad43de7533d0c56aae81d16ab38129c667b4b89ee36dba065df5eba1dc620d64,bda2e6436924b250a896d935bdab0e94bc85464d9482cf2b5abe4301124d6eec,0.146136299368,0.434951456311
401_0,401,401.jpg,0,crack,crack,4,train,205,283,655,631,451,349,1024,1024,91,118,768,795,677,1.5,64,False,False,False,224,224,images/401_0.png,08629faed6a1055e8e8980c3d42121d7436fdf4a430337745592f04e085a9759,cdf74d585b6971b365be5b1da231dc10409b987d005181ea67c3bf499b727d69,0.343419246873,0.330871491876
403_0,403,403.jpg,0,crack,crack,4,train,614,6,742,386,129,381,1024,1024,391,0,963,572,572,1.5,64,False,True,False,224,224,images/403_0.png,cd3a2136b99a13ddcc0e5839613280a39eda6d04c1b433627b5649f00549340e,8492213859c2b776a3b7f8e3afc6887902e30b091f600a6408c6ca3c8f3ea985,0.15021822583,0.391608391608
403_1,403,403.jpg,1,crack,crack,4,train,325,161,492,422,168,262,1024,1024,211,94,604,487,393,1.5,64,False,False,False,224,224,images/403_1.png,cd3a2136b99a13ddcc0e5839613280a39eda6d04c1b433627b5649f00549340e,ce3b2f5792614f413d411f976ca505922d46eab9bd0cc42b3221c1248d5bf52c,0.284987277354,0.569974554707
404_0,404,404.jpg,0,craze,craze,0,train,102,581,1017,720,916,140,1024,1024,0,0,1024,1024,1024,1.5,64,False,True,True,224,224,images/404_0.png,fbe14a165495c0efe90a672c861ade7dfb5601ec2949b77a2afa6250848cef47,99b9b36ec26740c3f1f5453f200ad3bb8c08f794b9c8c83fe4f860d13d9a4ece,0.122299194336,0.21875
405_0,405,405.jpg,0,corrosion,corrosion,1,test,511,13,830,1016,320,1004,1024,1024,0,0,1024,1024,1024,1.5,64,False,True,True,224,224,images/405_0.png,383a72ac3d1d74f2c50cb840529e5548c63d0bd80c3e0ffd0acff5c211039010,51d81a66bbb888598c7550f2922007667ee368205565b6f852433cfdc01af911,0.306396484375,0.21875
406_0,406,406.jpg,0,craze,craze,0,train,244,241,570,461,327,221,1024,1024,161,105,652,596,491,1.5,64,False,False,False,224,224,images/406_0.png,abe48139eb15316845b70fc515034606a55956c62f01539d94d7689b562d71eb,803ba1bddc26047076b2168206cafe1ffb804ea956659977ae77d61b2a8faa56,0.299762320548,0.456211812627
407_0,407,407.jpg,0,surface_injure,surface_injure,2,test,642,1,1024,464,383,464,1024,1024,328,0,1024,696,696,1.5,64,False,True,False,224,224,images/407_0.png,279df85a5d927f47c436d6341c0b288ca5b47fa3080cf5970736bb1a8ed7876c,f95eef4a9a92e3a0017caf105f2fe5ab6aeed14a68afee00ef2a63f94edab86b,0.366858237548,0.32183908046
408_0,408,408.jpg,0,corrosion,corrosion,1,test,34,545,742,683,709,139,1024,1024,0,0,1024,1024,1024,1.5,64,False,True,True,224,224,images/408_0.png,dc26e4bbf34d88edd0b5b2cfd1973829e6637c4b297b328ae28ff1d5af3b3c36,5b718493c78d017a875cd633067d7f38e3556b60a6e95fe3d9adbc789c1580ec,0.0939855575562,0.21875
408_1,408,408.jpg,1,corrosion,corrosion,1,test,753,374,1012,689,260,316,1024,1024,550,294,1024,768,474,1.5,64,False,True,False,224,224,images/408_1.png,dc26e4bbf34d88edd0b5b2cfd1973829e6637c4b297b328ae28ff1d5af3b3c36,b1b3b2caa46d73b345d1edf0b1fe8c8fb8ba79b1ba9572cd89adab0e48aae06a,0.365682137834,0.472573839662
409_0,409,409.jpg,0,hide_craze,hide_craze,5,train,303,708,537,792,235,85,1024,1024,243,573,596,926,353,1.5,64,False,False,False,224,224,images/409_0.png,519564a01d1b103fee1aa2d9f2aa9cb79ed71a565e8262e3d1368a22588206f9,140ad5681695b179cdaf7fa31e5b8f26ed4b4ac20ce2a1202afb66da00ec5119,0.160301422851,0.634560906516
410_0,410,410.jpg,0,corrosion,corrosion,1,test,12,347,486,438,475,92,1024,1024,0,35,713,748,713,1.5,64,False,True,False,224,224,images/410_0.png,9249648b8c30b5b6d6607c9b28c5ec0ced90f262271f1c4f1b8d84cc89860557,9155f3059a4fded332e2df10b12023d391b12fac316a1cd625e3edbdd1ec2603,0.08596118174,0.314165497896
410_1,410,410.jpg,1,corrosion,corrosion,1,test,502,399,909,505,408,107,1024,1024,399,145,1011,757,612,1.5,64,False,False,False,224,224,images/410_1.png,9249648b8c30b5b6d6607c9b28c5ec0ced90f262271f1c4f1b8d84cc89860557,b73c4c05916ba245290958dd0353aeb25b9e37efb7cb46ca4db643d49b7c8444,0.116557734205,0.366013071895
411_0,411,411.jpg,0,corrosion,corrosion,1,train,28,439,423,486,396,48,1024,1024,0,165,594,759,594,1.5,64,False,True,False,224,224,images/411_0.png,8ebb69e3b786c161ec168ab6fd873c69eb3164b86229fea71db3f627ea7f589e,953aa917b445c8b6a9cc5eb41a4066e47ba81a6fb76fcefcf216564456cc54b6,0.0538720538721,0.377104377104
411_1,411,411.jpg,1,corrosion,corrosion,1,train,441,445,991,553,551,109,1024,1024,197,85,1024,912,827,1.5,64,False,True,False,224,224,images/411_1.png,8ebb69e3b786c161ec168ab6fd873c69eb3164b86229fea71db3f627ea7f589e,656fcf0755e380bca3ec0e8dfca9689b95c8b6dec3958f1e52e252176fd35a11,0.0878146708211,0.270858524788
412_0,412,412.jpg,0,surface_injure,surface_injure,2,validation,30,145,552,355,523,211,1024,1024,0,0,785,785,785,1.5,64,False,True,False,224,224,images/412_0.png,0fb8ad0018f748cacaf59fb2376515ef7d38da44bd5339fdb64113e8b617930f,80ae046bb812e8f59fbc88e0e9ca653d7dfef152109191e8a96a164fc6809df3,0.179079070145,0.285350318471
412_1,412,412.jpg,1,surface_injure,surface_injure,2,validation,572,319,1005,636,434,318,1024,1024,373,151,1024,802,651,1.5,64,False,True,False,224,224,images/412_1.png,0fb8ad0018f748cacaf59fb2376515ef7d38da44bd5339fdb64113e8b617930f,ace0ed2bea5fc68bcdc12c20a3286d10737616ed00d9b82e243a12f4d6ed9d61,0.325652841782,0.344086021505
413_0,413,413.jpg,0,surface_injure,surface_injure,2,train,517,167,566,222,50,56,1024,1024,499,152,583,236,84,1.5,64,False,False,False,224,224,images/413_0.png,0217050e582fcf555e73d3439342d0bf02cb9a8fda0bd5f2aa4ad0a98920d76d,d7f6138de7d8f7e048f9f7fe8eb78081521292e60d914c4d05781f6e85b0ad00,0.396825396825,2.66666666667
413_1,413,413.jpg,1,surface_injure,surface_injure,2,train,503,264,564,325,62,62,1024,1024,486,247,579,340,93,1.5,64,False,False,False,224,224,images/413_1.png,0217050e582fcf555e73d3439342d0bf02cb9a8fda0bd5f2aa4ad0a98920d76d,e78dee8f4bba43add3dd4298680354913d2593d7e5cc8e684fdf59e10ca0d790,0.444444444444,2.40860215054
413_2,413,413.jpg,2,surface_injure,surface_injure,2,train,478,420,550,475,73,56,1024,1024,458,392,568,502,110,1.5,64,False,False,False,224,224,images/413_2.png,0217050e582fcf555e73d3439342d0bf02cb9a8fda0bd5f2aa4ad0a98920d76d,f140ed738f19b6e48d159568f507128d8f423be9419de7fceb18646c3c0eba36,0.337851239669,2.03636363636
414_0,414,414.jpg,0,crack,crack,4,train,722,519,936,880,215,362,1024,1024,481,427,1024,970,543,1.5,64,False,True,False,224,224,images/414_0.png,b7f99610d7ff31fa35ff899983ae899f64d0fb92192993d445433156f0e64ba7,34767699485824562c497f48f7cf3adaea20217227166edb370541b8787023f7,0.263965623082,0.412523020258
415_0,415,415.jpg,0,surface_injure,surface_injure,2,train,658,575,711,703,54,129,1024,1024,587,541,781,735,194,1.5,64,False,False,False,224,224,images/415_0.png,a796362a5f948fd183b043e96936d94020e6e23deaee89f4eb9c590ad07005f9,e7d53e3505b62fdfb2a00cb9f8a119e53d52396291e1c5ff875a710678acdf1f,0.185088744819,1.15463917526
415_1,415,415.jpg,1,craze,craze,0,train,622,713,700,1024,79,312,1024,1024,426,556,894,1024,468,1.5,64,False,True,False,224,224,images/415_1.png,a796362a5f948fd183b043e96936d94020e6e23deaee89f4eb9c590ad07005f9,56f1c5ccc092baadde94a3bb026ddf79c1d141c51804149ab0890b7c26a26ab9,0.112535612536,0.478632478632
416_0,416,416.jpg,0,surface_injure,surface_injure,2,validation,242,105,345,341,104,237,1024,1024,115,44,471,400,356,1.5,64,False,False,False,224,224,images/416_0.png,01f66ea3e3d31c83a966a3b24e0da3b23a99653e2755783de8f05885c2bebfd7,2ac0c3194471e10f648cace031811977f3a86bb1dfdbd00ecfe7cfeffde61e5d,0.194483019821,0.629213483146
417_0,417,417.jpg,0,hide_craze,hide_craze,5,train,534,752,694,892,161,141,1024,1024,492,700,734,942,242,1.5,64,False,False,False,224,224,images/417_0.png,dde49668f3a4337dac63a6f442d5c733b510a578533516525f87ae34329482f0,bbf48aadaabd9abf125f46e47d0ab0628583c610c6490b3b06a28e5bac3b27f0,0.387627211256,0.925619834711
418_0,418,418.jpg,0,crack,crack,4,train,775,483,883,542,109,60,1024,1024,746,430,910,594,164,1.5,64,False,False,False,224,224,images/418_0.png,0faddc4a518449b28e505747b253b25e577264abf21f81c69d8a408278a297fe,6d320a65debc43d453b4d0eaac6f707fc67eb50f9afa0d89a2808dcd558e698f,0.243158834027,1.36585365854
419_0,419,419.jpg,0,crack,crack,4,train,448,153,775,819,328,667,1024,1024,23,0,1024,1001,1001,1.5,64,False,True,False,224,224,images/419_0.png,61bc0fc5522128a842101652b669648ddf2df3c6fb7819db458e7c8c9312d3ef,2cfcc0b3fdce7a53107bbd05b8ce55d4a68232d8678561e7fa657ce090adbd7b,0.218339103454,0.223776223776
420_0,420,420.jpg,0,hide_craze,hide_craze,5,validation,756,685,791,839,36,155,1024,1024,656,645,889,878,233,1.5,64,False,False,False,224,224,images/420_0.png,56453b2af69b76e83d00aca7d50c193073ad59cffe5cfc68dd4d54eae1fa60b1,646f1e8dccf4ebc1569e62afd3e925b2ad43ac631f46ee9f884aba26a3f8137e,0.102783252593,0.961373390558
421_0,421,421.jpg,0,surface_injure,surface_injure,2,train,67,574,220,697,154,124,1024,1024,27,519,258,750,231,1.5,64,False,False,False,224,224,images/421_0.png,f048882dc6ecdaef412984b4c462ae21fc92d16f573fee147fb4bfd6302e043c,8271df3eadd39aa17157dd8409e3c000a3d3655f74af6bdda0f3d1fcc3d72e3c,0.357864357864,0.969696969697
421_1,421,421.jpg,1,surface_injure,surface_injure,2,train,336,514,420,630,85,117,1024,1024,289,483,465,659,176,1.5,64,False,False,False,224,224,images/421_1.png,f048882dc6ecdaef412984b4c462ae21fc92d16f573fee147fb4bfd6302e043c,ce0c559f12cb8a8e1a96ad2420e6719df90418662838d55a977d854610c88ab7,0.321055010331,1.27272727273
422_0,422,422.jpg,0,hide_craze,hide_craze,5,train,441,475,825,500,385,26,1024,1024,343,198,921,776,578,1.5,64,False,False,False,224,224,images/422_0.png,ba7a165974d613fc6be6a9b124a042d6f5424f74e4b39b7af068f0571d9a1242,ab9e67702fee44cddccea42390e5c467271fabba69829a1cd3faea1ff4dd65b3,0.0299625243951,0.387543252595
422_1,422,422.jpg,1,hide_craze,hide_craze,5,train,131,470,369,492,239,23,1024,1024,70,301,429,660,359,1.5,64,False,False,False,224,224,images/422_1.png,ba7a165974d613fc6be6a9b124a042d6f5424f74e4b39b7af068f0571d9a1242,e7460000b4927cc076bcce9e0b00d1230d3c4c49aa2fab0fbe6d9f7c3b18947b,0.0426517485122,0.623955431755
423_0,423,423.jpg,0,corrosion,corrosion,1,train,406,19,573,760,168,742,1024,1024,0,0,1024,1024,1024,1.5,64,False,True,True,224,224,images/423_0.png,0cb7d2ade8c26e25e55c5210b9b8eff9a548bc5d45e315a5958ab984793d3454,f87067976b9d6b1ce4116a1c5b497143aa4408eeda013148c0e877186b92bf0f,0.118881225586,0.21875
423_1,423,423.jpg,1,hide_craze,hide_craze,5,train,395,905,420,1022,26,118,1024,1024,318,847,495,1024,177,1.5,64,False,True,False,224,224,images/423_1.png,0cb7d2ade8c26e25e55c5210b9b8eff9a548bc5d45e315a5958ab984793d3454,9e1395669a00b3e22aac9a474404bbfb46a62d67d46258a1042a7c1ce0a91f84,0.0979284369115,1.26553672316
424_0,424,424.jpg,0,surface_injure,surface_injure,2,train,309,416,556,642,248,227,1024,1024,246,342,618,714,372,1.5,64,False,False,False,224,224,images/424_0.png,6cdaa00db4d164036efd3e3a2c6dedef8a2a16706d3cca3a18b03ececadc7e09,3baa05ed9462f6549cec3c9ad17dfcf23d90c7351a5446fe32952be3847bc89c,0.406810035842,0.602150537634
424_1,424,424.jpg,1,hide_craze,hide_craze,5,train,152,83,684,367,533,285,1024,1024,17,0,817,800,800,1.5,64,False,True,False,224,224,images/424_1.png,6cdaa00db4d164036efd3e3a2c6dedef8a2a16706d3cca3a18b03ececadc7e09,8d95f9f32662930e3b707c41251ef417d047baf72724871366b48fb175ee3379,0.2373515625,0.28
424_2,424,424.jpg,2,hide_craze,hide_craze,5,train,178,525,292,664,115,140,1024,1024,129,489,339,699,210,1.5,64,False,False,False,224,224,images/424_2.png,6cdaa00db4d164036efd3e3a2c6dedef8a2a16706d3cca3a18b03ececadc7e09,eae0a7dcac0b127481ba243b6a89dc232dc4b49a39fd78678bf9914b188a5293,0.365079365079,1.06666666667
425_0,425,425.jpg,0,corrosion,corrosion,1,train,342,36,587,978,246,943,1024,1024,0,0,1024,1024,1024,1.5,64,False,True,True,224,224,images/425_0.png,56ad239845e749dd8c6a18955af5335cc8712ed42cfcc33139558baf92a9e2ed,d15c1b728c82eba0ab5cd4827f1dca94157378b02e2b9f43b765b74d15c03239,0.221231460571,0.21875
426_0,426,426.jpg,0,hide_craze,hide_craze,5,train,417,244,531,378,115,135,1024,1024,372,209,575,412,203,1.5,64,False,False,False,224,224,images/426_0.png,ab4f5a3cc34d33f505815127bccfcca0db5cfd381be878713d344fe4048169bb,14ec79893eef0d59c1dca403f2fc9c88ec5cea06aa0d5975ff70d82a8f8efa1d,0.376738091194,1.10344827586
427_0,427,427.jpg,0,surface_injure,surface_injure,2,train,353,460,536,560,184,101,1024,1024,306,371,582,647,276,1.5,64,False,False,False,224,224,images/427_0.png,673b0828209608870bcc5458f50206eb552428ee69d8a2ef6bcb73ef17042bdb,e28ca0f27e927c4c04d1766ee3407fd100720b779b2a50652ca689884a212e1e,0.243961352657,0.811594202899
427_1,427,427.jpg,1,surface_injure,surface_injure,2,train,655,380,742,469,88,90,1024,1024,630,356,765,491,135,1.5,64,False,False,False,224,224,images/427_1.png,673b0828209608870bcc5458f50206eb552428ee69d8a2ef6bcb73ef17042bdb,778df923b02dfd27b6b25e78193ea1e7d802026a32a77f2bc299f16c96a315ac,0.434567901235,1.65925925926
427_2,427,427.jpg,2,surface_injure,surface_injure,2,train,466,58,642,236,177,179,1024,1024,419,12,688,281,269,1.5,64,False,False,False,224,224,images/427_2.png,673b0828209608870bcc5458f50206eb552428ee69d8a2ef6bcb73ef17042bdb,c9ac3dea96bce62530846957c94547b66dc8c196556d66e2dfee8c99b55d0a6c,0.437846353699,0.832713754647
428_0,428,428.jpg,0,surface_injure,surface_injure,2,train,236,236,306,331,71,96,1024,1024,198,211,342,355,144,1.5,64,False,False,False,224,224,images/428_0.png,ee3496edada3cabc9ec61aa6acb16e4946b63ebff580c2cc5dd746d0e46af781,6fb77bd18d9067c7b04bce04ca61326161a373918abcf68ada5543e6ab4097df,0.328703703704,1.55555555556
429_0,429,429.jpg,0,craze,craze,0,train,462,272,759,489,298,218,1024,1024,386,156,833,603,447,1.5,64,False,False,False,224,224,images/429_0.png,e25172b833f13eed2166c2dc34fbdb8fa855f3b0f2b68d3d3778521a3cb2319b,444992bb798cf6fd6048f84ab38090c367b2cf992374ec146050f9b5bc61a3f2,0.325130499627,0.501118568233
430_0,430,430.jpg,0,corrosion,corrosion,1,train,241,697,508,1016,268,320,1024,1024,134,544,614,1024,480,1.5,64,False,True,False,224,224,images/430_0.png,42d23b68eede57bee75b56bb306c775e89ca7bb3c0725c7a15aa3dc4c17a6daf,71475bb5fec28149ada1a8b878ca313d58f2a684b413dd1e5ab1b41b3e3fd96c,0.372222222222,0.466666666667
430_1,430,430.jpg,1,corrosion,corrosion,1,train,462,397,712,688,251,292,1024,1024,367,323,805,761,438,1.5,64,False,False,False,224,224,images/430_1.png,42d23b68eede57bee75b56bb306c775e89ca7bb3c0725c7a15aa3dc4c17a6daf,2e08ae3102eaefdb9d49e671e92ddde76e226c1ccf16167fa690aa0b47c3010f,0.38203957382,0.511415525114
430_2,430,430.jpg,2,corrosion,corrosion,1,train,527,22,844,380,318,359,1024,1024,415,0,954,539,539,1.5,64,False,True,False,224,224,images/430_2.png,42d23b68eede57bee75b56bb306c775e89ca7bb3c0725c7a15aa3dc4c17a6daf,889785fc6f56eaa527749f5eb7ee712a094a1b331646c3111fbed1c31b3e1953,0.392956103001,0.415584415584
431_0,431,431.jpg,0,crack,crack,4,train,548,172,800,788,253,617,1024,1024,98,16,1024,942,926,1.5,64,False,True,False,224,224,images/431_0.png,227b4a9aee1f9c3f35864ce298da5f76cffbceb8d953cc4ae9614a65686c2b84,9af190628fc57ee07a4424a875668a93ffa7f641df6a33d7dcd1e7c46b9c32d3,0.182047077702,0.241900647948
432_0,432,432.jpg,0,surface_injure,surface_injure,2,test,278,502,497,836,220,335,1024,1024,135,417,638,920,503,1.5,64,False,False,False,224,224,images/432_0.png,63f5f0873551e27aaa24c4310288d92ddf0223496387a313179510b23df55bdb,2ed91aea2fed38a7219d5446c8a00a1377f16860346f8b825334f6defbf69fb0,0.291293985589,0.445328031809
433_0,433,433.jpg,0,crack,crack,4,validation,494,264,597,777,104,514,1024,1024,159,134,930,905,771,1.5,64,False,False,False,224,224,images/433_0.png,4f903c50375184e81fc5814edbf2a6ef6a74d4c84c01040dd41051347fee4e6a,6ce63e366de9a216f08ba93b4a95abbb690929b65a091f6fd6546a631a3abe35,0.0899265023779,0.290531776913
434_0,434,434.jpg,0,surface_injure,surface_injure,2,train,573,353,592,392,20,40,1024,1024,550,340,614,404,64,1.5,64,True,False,False,224,224,images/434_0.png,a9b22d6e5cd9a5f369047dd56ab2dd2729e5d7283de60a21e788a0ec4d28097f,4a0b4c2fd94d8489b71148db6207b71224a2aad206ba868565bacf55e4040f60,0.1953125,3.5
434_1,434,434.jpg,1,surface_injure,surface_injure,2,train,572,422,598,455,27,34,1024,1024,552,406,616,470,64,1.5,64,True,False,False,224,224,images/434_1.png,a9b22d6e5cd9a5f369047dd56ab2dd2729e5d7283de60a21e788a0ec4d28097f,cfd655cdf21e036e0093053082d7f440afc8fdef667cce515f07e1108f349dc2,0.22412109375,3.5
435_0,435,435.jpg,0,craze,craze,0,train,627,745,1019,944,393,200,1024,1024,434,434,1024,1024,590,1.5,64,False,True,False,224,224,images/435_0.png,506c16cd976d557be6855fc1ef3636b9b4c746293f8bca72574270c95d01384a,e43fda10aea4c5188044d79ca30a16fe4b55e06525c9c75fd5b636a19df0d5a4,0.225797184717,0.379661016949
436_0,436,436.jpg,0,craze,craze,0,train,239,327,628,739,390,413,1024,1024,123,222,743,842,620,1.5,64,False,False,False,224,224,images/436_0.png,94c28063177ce03fad13b87d704f0824816485ee28c9550dd1299e9d28660c67,86dc5b42ba47a412a557b5b83720523735154b82c018dbd33433afefff124987,0.419016649324,0.361290322581
436_1,436,436.jpg,1,hide_craze,hide_craze,5,train,650,538,1024,619,375,82,1024,1024,461,296,1024,859,563,1.5,64,False,True,False,224,224,images/436_1.png,94c28063177ce03fad13b87d704f0824816485ee28c9550dd1299e9d28660c67,36edc53a6706e0a2247e843580b1783c3a3a783097403ad24586843361b10f24,0.0970126416148,0.397868561279
437_0,437,437.jpg,0,thunderstrike,thunderstrike,3,train,273,180,775,519,503,340,1024,1024,146,0,901,755,755,1.5,64,False,True,False,224,224,images/437_0.png,7b07ff7317c0fe682bad298aa2803fb3bbde52766bb66d4502e68172e15e8cbd,63b01122066d550711395acf534283b018539ec710e5d7cde3f1131e1762a5ac,0.300021928863,0.296688741722
438_0,438,438.jpg,0,hide_craze,hide_craze,5,test,147,147,1003,308,857,162,1024,1024,0,0,1024,1024,1024,1.5,64,False,True,True,224,224,images/438_0.png,bf791ba5df9aafe724d20b7f3a79576b8f9a6b2b8b124b7cb5b60f683a6427cc,b340f342302b5e0c10f1963f7ed6a7530f0f9f09733969eb559a9044899d9a4f,0.132402420044,0.21875
439_0,439,439.jpg,0,hide_craze,hide_craze,5,train,273,460,528,856,256,397,1024,1024,102,359,698,955,596,1.5,64,False,False,False,224,224,images/439_0.png,ac1b3c092153b3da50872bc23193550d02c2e281b1416e207d4bf772305bc3d6,d183e6a7978a6e9f5f3f4805de788477e82cee1969d7ee670592138b6fc0ebd1,0.286113238142,0.375838926174
440_0,440,440.jpg,0,crack,crack,4,test,356,244,631,830,276,587,1024,1024,52,96,933,977,881,1.5,64,False,False,False,224,224,images/440_0.png,1986dcf24e95719157d86b85423cc92bff88002e462faf235bfbea670728ee16,26354dec2d19823b69e14b822bef7d8aa4254046ec83b87a4bb05bcc75b56139,0.208735043374,0.254256526674
441_0,441,441.jpg,0,surface_injure,surface_injure,2,validation,105,260,317,336,213,77,1024,1024,50,137,370,457,320,1.5,64,False,False,False,224,224,images/441_0.png,7742efeb719223b67e2c71132edd57d42aeebb1204ce6a07a0d38876f11bb0aa,84aa59879a6f02584ed7e6de7bac1b57103387176422e1ac55d959246288d140,0.160166015625,0.7
442_0,442,442.jpg,0,corrosion,corrosion,1,train,2,256,306,506,305,251,1024,1024,0,151,458,609,458,1.5,64,False,True,False,224,224,images/442_0.png,72e0d0a56ef4ff90e7c3d6e63fefa1060744b36e6302bcfb92ada9b3e5644a92,0696d50870324ab32847b359f045a8f8e79089b0f88519ffec8c0c4b2933d41c,0.364957762056,0.489082969432
442_1,442,442.jpg,1,corrosion,corrosion,1,train,314,449,630,749,317,301,1024,1024,233,360,709,836,476,1.5,64,False,False,False,224,224,images/442_1.png,72e0d0a56ef4ff90e7c3d6e63fefa1060744b36e6302bcfb92ada9b3e5644a92,d6cc388aa7df955d800b83758ea2b9cfc5a7f2f9e57a929954cbdf35a8606319,0.421125803262,0.470588235294
442_2,442,442.jpg,2,corrosion,corrosion,1,train,653,508,980,849,328,342,1024,1024,511,421,1024,934,513,1.5,64,False,True,False,224,224,images/442_2.png,72e0d0a56ef4ff90e7c3d6e63fefa1060744b36e6302bcfb92ada9b3e5644a92,a9a43fbc05eaca75f09d5701a613d6041622e7767ed894b06d4b4276559268c9,0.426250812216,0.436647173489
443_0,443,443.jpg,0,crack,crack,4,train,262,160,455,960,194,801,1024,1024,0,0,1024,1024,1024,1.5,64,False,True,True,224,224,images/443_0.png,bae60e31a16d09bb007fcc6724b389f40c3ac184ab49f560b09686b5a1c7a9d1,9dae0f8d836b2e08d80ac3db7d798ecc1a6449f2eb910cb8ed2f67fde153441f,0.148195266724,0.21875
444_0,444,444.jpg,0,craze,craze,0,train,337,583,925,894,589,312,1024,1024,140,140,1024,1024,884,1.5,64,False,True,False,224,224,images/444_0.png,6a9e20e0ae175b2d509436b1cfb7d33edff2798c568a92750b1f451b85114f32,642f50d36b08e901c098f356b8fa23eb378988f6e80b59afacab5112ebf839fa,0.235161032739,0.253393665158
446_0,446,446.jpg,0,hide_craze,hide_craze,5,train,367,760,511,786,145,27,1024,1024,329,663,547,881,218,1.5,64,False,False,False,224,224,images/446_0.png,3585f5ae822af4025f46bdf6ae707d423f9281c27f1be8606261accef8f73d2c,ab809e96a84e4783e690fa4478a40c35d6297d8a0ca3cdf61b480936e76ff1e2,0.082379429341,1.02752293578
447_0,447,447.jpg,0,crack,crack,4,test,498,188,734,494,237,307,1024,1024,385,110,846,571,461,1.5,64,False,False,False,224,224,images/447_0.png,14685297dd4c8646014d6ba62660ebfb5206c3da7a6d3bc457c77e2951bff9da,e0abaa17f3760764bc95ae646f1128a4b326d5fbc3cb1e84a997276f0de239d1,0.34236146075,0.48590021692
447_1,447,447.jpg,1,crack,crack,4,test,908,331,980,560,73,230,1024,1024,679,272,1024,617,345,1.5,64,False,True,False,224,224,images/447_1.png,14685297dd4c8646014d6ba62660ebfb5206c3da7a6d3bc457c77e2951bff9da,b674bb2fa5716a55f8c1a06c72010509f13549cbdc2034f01879ccd964dd33a7,0.141062801932,0.649275362319
448_0,448,448.jpg,0,hide_craze,hide_craze,5,validation,605,702,642,842,38,141,1024,1024,517,665,729,877,212,1.5,64,False,False,False,224,224,images/448_0.png,0ef0f35f1bc811961c3bc15376a234d94b3422d54d92221e805e7e1244f8f49d,ce5c91e2a96f7c83af268e0d1ade883a9614df8f32fc47746870c4d5c3c418ec,0.11921502314,1.05660377358
449_0,449,449.jpg,0,hide_craze,hide_craze,5,train,333,710,370,977,38,268,1024,1024,150,622,552,1024,402,1.5,64,False,True,False,224,224,images/449_0.png,99a63cf3b77310b44a55204e288ba914c23ef576032dd949a466edaf43ffb1f9,c4170bbe2b68070c65f55f6cdf9d6a6b1ad6ebba917c32519d33c0173a1d9842,0.0630182421227,0.557213930348
450_0,450,450.jpg,0,hide_craze,hide_craze,5,train,322,192,564,486,243,295,1024,1024,221,117,664,560,443,1.5,64,False,False,False,224,224,images/450_0.png,01d57dd4a7ec43d7b229c5e0692156c5e6d03d973714de5b533989388e9f5724,4db69e5699954f47af6edc525fc4d2acdd1b281807add3115e17959129679cfa,0.365275746628,0.505643340858
451_0,451,451.jpg,0,corrosion,corrosion,1,test,3,424,980,513,978,90,1024,1024,0,0,1024,1024,1024,1.5,64,False,True,True,224,224,images/451_0.png,cb98763588f8e25c51b3a7850356746d105d8369b1f5247fc0d1334e851ad032,d995b15778b1997c38421799fdd9bf44c99c86047a4abe39e622afa0842060a4,0.0839424133301,0.21875
452_0,452,452.jpg,0,hide_craze,hide_craze,5,train,250,349,431,811,182,463,1024,1024,0,232,695,927,695,1.5,64,False,True,False,224,224,images/452_0.png,79f4b55116fa238b753d9c319c39f3bceaa62e292b28d8ed4818e1b3162a363f,dc5f1cfceaede254793dae72c7a1a6d795e3d6528b66ae0c39d78eb7b69eb36f,0.174454738368,0.322302158273
453_0,453,453.jpg,0,hide_craze,hide_craze,5,validation,497,91,627,367,131,277,1024,1024,353,20,769,436,416,1.5,64,False,False,False,224,224,images/453_0.png,2d9f64385a2bbc89d27bab9b844564544a1e4bc1356e94a88c03ed9bd6f60d9c,4dc7e4c4667776f57bd55a00b76df2fcb0157067e2975a0972387adf638f784d,0.209683570636,0.538461538462
454_0,454,454.jpg,0,craze,craze,0,train,453,444,756,642,304,199,1024,1024,376,314,832,770,456,1.5,64,False,False,False,224,224,images/454_0.png,932f4681defe9b30093e001c1e890984db174712cefb2b526926206fd16b55b8,add4fb01cb06f535032a1fe035a61e810b83f353d957f12c3aa3ae77ae963342,0.290935672515,0.491228070175
455_0,455,455.jpg,0,crack,crack,4,train,322,319,825,774,504,456,1024,1024,195,168,951,924,756,1.5,64,False,False,False,224,224,images/455_0.png,efdfb77fae4a7094949a0c63c528b76af94b1360e1324fe907309c3c758f7738,26d0d61df43811e49ad401c046fcc09e64b1c1cd73e1de888b369bdef7c81ae9,0.402116402116,0.296296296296
456_0,456,456.jpg,0,hide_craze,hide_craze,5,train,389,70,428,591,40,522,1024,1024,16,0,799,783,783,1.5,64,False,True,False,224,224,images/456_0.png,f62dd21bb31c99e4952b0ec03407166bdfb370d483082389affcf41ffdce935a,2f77d7d5ae746b2a02e0578b19aee382d23fd0a60655f994e78f88a6526fad50,0.0340570455513,0.286079182631
456_1,456,456.jpg,1,hide_craze,hide_craze,5,train,392,714,419,1017,28,304,1024,1024,177,568,633,1024,456,1.5,64,False,True,False,224,224,images/456_1.png,f62dd21bb31c99e4952b0ec03407166bdfb370d483082389affcf41ffdce935a,ecde713c013ffe8827e8cc39db99dd9fce3d79fb38d925d6e7a19634cd906f83,0.0409356725146,0.491228070175
457_0,457,457.jpg,0,hide_craze,hide_craze,5,test,430,194,483,350,54,157,1024,1024,338,153,574,389,236,1.5,64,False,False,False,224,224,images/457_0.png,d747789f0671157e200dab62e14371eab94f827b2e9b92c40c9f7a889f301a25,678442c8d36f63c7637b05787cf20a6602f228bd99ffc07254e1e8477c4e818b,0.152219189888,0.949152542373
457_1,457,457.jpg,1,hide_craze,hide_craze,5,test,453,467,486,536,34,70,1024,1024,416,448,521,553,105,1.5,64,False,False,False,224,224,images/457_1.png,d747789f0671157e200dab62e14371eab94f827b2e9b92c40c9f7a889f301a25,d045602da048846840e7c8c1bcb4e0209257f8d058b861f124dc58f174737b4b,0.215873015873,2.13333333333
457_2,457,457.jpg,2,hide_craze,hide_craze,5,test,466,641,525,756,60,116,1024,1024,408,611,582,785,174,1.5,64,False,False,False,224,224,images/457_2.png,d747789f0671157e200dab62e14371eab94f827b2e9b92c40c9f7a889f301a25,9b2c06873329e6c246f70d169e0d1e99986318692b7a2ae0c69fa3912d887741,0.229885057471,1.28735632184
458_0,458,458.jpg,0,surface_injure,surface_injure,2,train,541,102,652,514,112,413,1024,1024,286,0,906,620,620,1.5,64,False,True,False,224,224,images/458_0.png,90ee9efb3ac1d78192ae0c46105c0cc25f2d376996ad92b08267236c165d21d3,398540c2238337c7b0e1f1309693a2a92e0d130cc98e32c2bb38424eaa98768f,0.120332986472,0.361290322581
459_0,459,459.jpg,0,corrosion,corrosion,1,validation,444,505,509,1013,66,509,1024,1024,94,260,858,1024,764,1.5,64,False,True,False,224,224,images/459_0.png,d05649127003661be2274048fcf469ca1a6255da4d23b56e2602e21a51f00304,4bb56017ab47b614375371b07688eefe1281d4d93b3aa242c76ea9d50fa2115c,0.0575539321839,0.293193717277
459_1,459,459.jpg,1,corrosion,corrosion,1,validation,464,6,570,500,107,495,1024,1024,145,0,888,743,743,1.5,64,False,True,False,224,224,images/459_1.png,d05649127003661be2274048fcf469ca1a6255da4d23b56e2602e21a51f00304,d5401825e68a8538c89a1030985bc2894313bb7c4b8d4054b53f56844e1869ce,0.0959425703153,0.301480484522
461_0,461,461.jpg,0,thunderstrike,thunderstrike,3,train,583,113,727,156,145,44,1024,1024,545,25,763,243,218,1.5,64,False,False,False,224,224,images/461_0.png,c91e4f1b00f1f47ed270d61300e596f4ee18dd1ea7b67a13bb16869cb4c5a4d3,d25d61bfe284bccbde2d38e967de1aacf5007d5f9cac0cf06525845730521dd0,0.134247958926,1.02752293578
462_0,462,462.jpg,0,surface_injure,surface_injure,2,validation,483,699,533,777,51,79,1024,1024,448,678,567,797,119,1.5,64,False,False,False,224,224,images/462_0.png,d5b4b72bf1249148ff501df286038011e35d9a8bd42600fa86df7a85167ab44e,cecd01ba2fb8836d4a6164a34695712f0b0ba7659f5e780ebf3b1f33969c1912,0.284513805522,1.88235294118
462_1,462,462.jpg,1,surface_injure,surface_injure,2,validation,547,552,614,600,68,49,1024,1024,529,524,631,626,102,1.5,64,False,False,False,224,224,images/462_1.png,d5b4b72bf1249148ff501df286038011e35d9a8bd42600fa86df7a85167ab44e,1ac710764146008120ee50cdef4a3feb78f0b3c4df8505446b40a1ff38077f0a,0.320261437908,2.19607843137
462_2,462,462.jpg,2,surface_injure,surface_injure,2,validation,505,347,633,449,129,103,1024,1024,471,300,665,494,194,1.5,64,False,False,False,224,224,images/462_2.png,d5b4b72bf1249148ff501df286038011e35d9a8bd42600fa86df7a85167ab44e,e5eff2892d60f9ac8a7c8b90c16008f4998dbcc8b05d79e7743c26d860bfd9f8,0.353039642895,1.15463917526
462_3,462,462.jpg,3,surface_injure,surface_injure,2,validation,578,80,695,245,118,166,1024,1024,511,37,760,286,249,1.5,64,False,False,False,224,224,images/462_3.png,d5b4b72bf1249148ff501df286038011e35d9a8bd42600fa86df7a85167ab44e,5c857e8281539f86424b77b84f83baca75ccf97c8c94731776bb30bdab6d3eb4,0.31593038822,0.899598393574
463_0,463,463.jpg,0,hide_craze,hide_craze,5,train,209,158,352,263,144,106,1024,1024,172,102,388,318,216,1.5,64,False,False,False,224,224,images/463_0.png,709221e4df30cbdda39da2a2916ec1cdcb3fdd3d7838a4d12e5e8532fa5ba909,b91862dbb28721f232ed3db12207788bf02fce9c0ab54991be83fe3aa9a8dd4a,0.327160493827,1.03703703704
464_0,464,464.jpg,0,craze,craze,0,test,53,25,422,483,370,459,1024,1024,0,0,689,689,689,1.5,64,False,True,False,224,224,images/464_0.png,ffdec3d43ed85a2b95a3d2357bd809a7570448e33bef6139ddeffd7dfc7d2760,438d863f72db8ad1c953a2de422a5284bf81829c06960c8b796e4bee12dbe102,0.357746971379,0.325108853411
464_1,464,464.jpg,1,hide_craze,hide_craze,5,test,486,192,637,228,152,37,1024,1024,447,95,675,323,228,1.5,64,False,False,False,224,224,images/464_1.png,ffdec3d43ed85a2b95a3d2357bd809a7570448e33bef6139ddeffd7dfc7d2760,9c6a26d73c1ff72697323e2c7a9c39703c87b23e9cdc8e400b9cbee3c337266e,0.108187134503,0.982456140351
465_0,465,465.jpg,0,crack,crack,4,train,484,638,908,772,425,135,1024,1024,376,385,1014,1023,638,1.5,64,False,False,False,224,224,images/465_0.png,ebfd7397384e624c9f622dfed9535ca6d985ae9a0243ede714fb487ceaea5acb,4c9703216edb1d8f584fe9d360c1a4f177d5d7d5f495cd91e1149a2d7fe9c0a4,0.140955277562,0.351097178683
467_0,467,467.jpg,0,corrosion,corrosion,1,train,562,2,631,372,70,371,1024,1024,317,0,874,557,557,1.5,64,False,True,False,224,224,images/467_0.png,d0b387681b41e9d912f13bca0be70f115e9fb51a997f4c494114bab1bb9fc94f,d14cb262d0595adcbff32400f73ef13b726cc5816a55eeae9668d65ae0b49c29,0.0837069579596,0.402154398564
467_1,467,467.jpg,1,corrosion,corrosion,1,train,575,583,623,683,49,101,1024,1024,522,556,674,708,152,1.5,64,False,False,False,224,224,images/467_1.png,d0b387681b41e9d912f13bca0be70f115e9fb51a997f4c494114bab1bb9fc94f,c6a5cb6cb82086ca1ce6a0ad3a7b5b6ec8314875065976e12d82e85d9d9722bc,0.21420533241,1.47368421053
467_2,467,467.jpg,2,thunderstrike,thunderstrike,3,train,831,348,910,419,80,72,1024,1024,810,323,930,443,120,1.5,64,False,False,False,224,224,images/467_2.png,d0b387681b41e9d912f13bca0be70f115e9fb51a997f4c494114bab1bb9fc94f,9229eec3d1f472b763cc770882c0c24d155bd984237e578f48848a59d8339c07,0.4,1.86666666667
468_0,468,468.jpg,0,hide_craze,hide_craze,5,train,473,339,498,738,26,400,1024,1024,185,238,785,838,600,1.5,64,False,False,False,224,224,images/468_0.png,e91e12a4b2e70af548020594f56b22b46b41fbe6717ae0a31cbde36674dfae08,337e6cb8dc4b0352cd16f10da784b4b42cb33fba929b5a163f23c7bf4f6a2fa0,0.0288888888889,0.373333333333
468_1,468,468.jpg,1,hide_craze,hide_craze,5,train,470,819,495,1020,26,202,1024,1024,330,721,633,1024,303,1.5,64,False,True,False,224,224,images/468_1.png,e91e12a4b2e70af548020594f56b22b46b41fbe6717ae0a31cbde36674dfae08,4986f9366dec99d3f17738175db15768f37c8e4f88160c8e1b0fc110043597c2,0.0572057205721,0.739273927393
469_0,469,469.jpg,0,craze,craze,0,test,389,466,831,844,443,379,1024,1024,277,322,942,987,665,1.5,64,False,False,False,224,224,images/469_0.png,743c591bb688c4e2dd76e9c2c6e8f0a00b206bc41094703dad257c045b093eb8,c1b972cc39a6ad5778b973c56ade2ce0d8f9f97634659a081a78c184612190b3,0.379664198089,0.336842105263
470_0,470,470.jpg,0,crack,crack,4,train,230,525,847,738,618,214,1024,1024,74,97,1001,1024,927,1.5,64,False,True,False,224,224,images/470_0.png,5ae2c873782348e11558c3f47a3f1ca76accab27cd61f792e73f0edcb108e564,5a7f522cc9c393dd548ff8c88d608993bc02a3caae901cebb74d7c363213dd6a,0.15390147429,0.24163969795
471_0,471,471.jpg,0,crack,crack,4,train,316,370,494,964,179,595,1024,1024,0,131,893,1024,893,1.5,64,False,True,False,224,224,images/471_0.png,d1f894db8c954a168bd8ef7f3f9d6a1c129d18bf6f643ed46ae2584cf369b524,f72bbd1818752cfa144214863fd2c3eab6fabffebc3e2bac8deb180ca7e4fff1,0.133557130299,0.250839865622
473_0,473,473.jpg,0,crack,crack,4,test,145,416,816,705,672,290,1024,1024,0,16,1008,1024,1008,1.5,64,False,True,False,224,224,images/473_0.png,e45e9ff207b5263597a52085239afcf4e98cfd5c3a80d608cbacfa57530979ef,c20c45d91667405c68a8415e5cf5eae10885697a57c281135de7eee824d74a0f,0.191798941799,0.222222222222
474_0,474,474.jpg,0,surface_injure,surface_injure,2,train,3,230,631,674,629,445,1024,1024,0,0,944,944,944,1.5,64,False,True,False,224,224,images/474_0.png,cf645d49099f8dafb2117e865482536727306053498e340fbc01fdea2d999fc1,c1a7278267098ed418ae3f47e103b27f9c07d5acb0067a3129381f253bf8e8bd,0.314099082519,0.237288135593
475_0,475,475.jpg,0,surface_injure,surface_injure,2,train,86,347,236,502,151,156,1024,1024,43,307,277,541,234,1.5,64,False,False,False,224,224,images/475_0.png,7f57b954da8db0f6db108fa058d530f8fab85eae4315487290c17c110670ded7,ab34b9cb02c3ee01a86c246167d3545f265fb82b02e5920cfd020a7cd6260e9a,0.430199430199,0.957264957265
475_1,475,475.jpg,1,surface_injure,surface_injure,2,train,253,419,564,653,312,235,1024,1024,174,301,642,769,468,1.5,64,False,False,False,224,224,images/475_1.png,7f57b954da8db0f6db108fa058d530f8fab85eae4315487290c17c110670ded7,719476aac298e469e44a74c491b5d184b6541ef0b3a06bcf1a709b16c7b43976,0.334757834758,0.478632478632
475_2,475,475.jpg,2,surface_injure,surface_injure,2,train,573,586,1019,861,447,276,1024,1024,353,353,1024,1024,671,1.5,64,False,True,False,224,224,images/475_2.png,7f57b954da8db0f6db108fa058d530f8fab85eae4315487290c17c110670ded7,7806ef81311162ad62513dd12778e845856db6902148865cca0d299116236d72,0.274013250681,0.333830104322
476_0,476,476.jpg,0,surface_injure,surface_injure,2,test,53,508,552,692,500,185,1024,1024,0,224,750,974,750,1.5,64,False,True,False,224,224,images/476_0.png,aa6101682c1222dcfef68f86fbcdb32480b44569ee31b57cb0ae94d36f9c2607,59db1b7f10d539756ba8cd943ccf49f86af00776a3ccb92d61e6eb19d6dcbf17,0.164444444444,0.298666666667
477_0,477,477.jpg,0,hide_craze,hide_craze,5,train,169,110,431,158,263,49,1024,1024,102,0,497,395,395,1.5,64,False,True,False,224,224,images/477_0.png,31eebd31af1d8c74ae2f0be2751a16add70ed48065a73a07f14609d389aa6a26,8858d1edc2d6f04faa9cd93ecb228f285910b26db5d5db4f91d20e906c5d2e73,0.0825957378625,0.567088607595
478_0,478,478.jpg,0,surface_injure,surface_injure,2,validation,370,403,527,817,158,415,1024,1024,136,298,759,921,623,1.5,64,False,False,False,224,224,images/478_0.png,a8ad1e9ea84e8d13d0e5da96d95e0c8e7770bf1a47a7aa14db62293ef64ec11b,e78f4a38f57bd08f38994e855eb3345276049b6fe8923d90c4e85affab08b6db,0.168938677605,0.359550561798
478_1,478,478.jpg,1,surface_injure,surface_injure,2,validation,381,1,492,214,112,214,1024,1024,275,0,596,321,321,1.5,64,False,True,False,224,224,images/478_1.png,a8ad1e9ea84e8d13d0e5da96d95e0c8e7770bf1a47a7aa14db62293ef64ec11b,6266f5c6a6e9e8cac115b27dacf3fefe8db7a03f622f9ef493d3f75958b40930,0.232606438214,0.697819314642
479_0,479,479.jpg,0,surface_injure,surface_injure,2,test,611,206,750,325,140,120,1024,1024,575,160,785,370,210,1.5,64,False,False,False,224,224,images/479_0.png,27bc2ad6f959e820863c903c4697356370e85758681fc54a6f2d71904ec92ba1,12aee72fcf4f278271e7997cc64e1f45cba4daa6a62abf735f0566c167e177f4,0.380952380952,1.06666666667
479_1,479,479.jpg,1,thunderstrike,thunderstrike,3,test,689,725,853,778,165,54,1024,1024,646,627,894,875,248,1.5,64,False,False,False,224,224,images/479_1.png,27bc2ad6f959e820863c903c4697356370e85758681fc54a6f2d71904ec92ba1,a252de4fd928885054c33e55a61767b7a59665c3c3dd239abfa7aaacc0d4540f,0.144868626431,0.903225806452
480_0,480,480.jpg,0,corrosion,corrosion,1,train,6,506,283,563,278,58,1024,1024,0,325,417,742,417,1.5,64,False,True,False,224,224,images/480_0.png,26c3769110be98a76b3a01281ad40cd8aa0450869ea5e1e8fcb156195fcb31c0,cf4bec81a1264a503ea96a3ed14a538fcf0046795810a3aac3d8d7ecb9758837,0.0927258193445,0.537170263789
480_1,480,480.jpg,1,corrosion,corrosion,1,train,295,550,603,633,309,84,1024,1024,216,359,680,823,464,1.5,64,False,False,False,224,224,images/480_1.png,26c3769110be98a76b3a01281ad40cd8aa0450869ea5e1e8fcb156195fcb31c0,520ce59e09d9ff4a0f540ebad0f488b250c51e6b5d4aca3206cc0c0b76bd5eae,0.120559601665,0.48275862069
480_2,480,480.jpg,2,corrosion,corrosion,1,train,611,591,1014,677,404,87,1024,1024,418,330,1024,936,606,1.5,64,False,True,False,224,224,images/480_2.png,26c3769110be98a76b3a01281ad40cd8aa0450869ea5e1e8fcb156195fcb31c0,a7acbc98a6b70b4364902eb8974dac5d7c63e0a4f2e7365389e204770668809d,0.0957095709571,0.369636963696
481_0,481,481.jpg,0,corrosion,corrosion,1,train,9,155,325,402,317,248,1024,1024,0,40,476,516,476,1.5,64,False,True,False,224,224,images/481_0.png,3d2973f2e4a4f95527a4030322ac3d97dd52998faac16f9f7e0729d957132b69,4c54adb5094cf7256a9ea49c2646b7d2f34a2a05317604bf672b261c322707e3,0.346974083751,0.470588235294
481_1,481,481.jpg,1,corrosion,corrosion,1,train,336,360,686,650,351,291,1024,1024,247,241,774,768,527,1.5,64,False,False,False,224,224,images/481_1.png,3d2973f2e4a4f95527a4030322ac3d97dd52998faac16f9f7e0729d957132b69,c47d6b6e2294a60833f4aa072b2737b054d0e4f18ac829a26ece0f8f19900488,0.367772180795,0.42504743833
481_2,481,481.jpg,2,corrosion,corrosion,1,train,687,538,1023,852,337,315,1024,1024,518,441,1024,947,506,1.5,64,False,True,False,224,224,images/481_2.png,3d2973f2e4a4f95527a4030322ac3d97dd52998faac16f9f7e0729d957132b69,c2453677305c2f68adf6e9c7eeed59b9e6e2face3751a7a201e27f1eef896aec,0.414609664266,0.442687747036
482_0,482,482.jpg,0,craze,craze,0,train,605,210,942,891,338,682,1024,1024,1,1,1024,1024,1023,1.5,64,False,True,False,224,224,images/482_0.png,dbbaf123e1489110df9d1391f0495644642c2094dd7b385cf40a9b6298a1252b,5eda298c92e9e8b754b3f04faadba4c4207268decfeed91d9c0093cd4a68539b,0.220267188009,0.218963831867
483_0,483,483.jpg,0,hide_craze,hide_craze,5,train,191,672,809,974,619,303,1024,1024,35,95,964,1024,929,1.5,64,False,True,False,224,224,images/483_0.png,8a285eca3b2b34f37aac4594cb2e345bf74859174b04a7036a44d235215c5937,196429d46f146a1c4c95bdff5b872cb24bf055c0729ba1603f0e8cb490587b6a,0.217321077446,0.241119483315
484_0,484,484.jpg,0,surface_injure,surface_injure,2,validation,155,244,291,324,137,81,1024,1024,119,180,325,386,206,1.5,64,False,False,False,224,224,images/484_0.png,e268eda2e68a5ecef4e3bbf663ecd697e4bb0579723855818024e0081a685130,8bf5f589bfd243ee9d598ee077b16e4204705aaaa7f72eaf4b0255a50607005d,0.261499670091,1.08737864078
484_1,484,484.jpg,1,surface_injure,surface_injure,2,validation,478,377,575,467,98,91,1024,1024,452,348,599,495,147,1.5,64,False,False,False,224,224,images/484_1.png,e268eda2e68a5ecef4e3bbf663ecd697e4bb0579723855818024e0081a685130,157bc8db7a2dc3a2f6de1f8f867e22b887af88635e7dfbd9fdf297dc266eb088,0.412698412698,1.52380952381
484_2,484,484.jpg,2,surface_injure,surface_injure,2,validation,784,283,967,516,184,234,1024,1024,673,223,1024,574,351,1.5,64,False,True,False,224,224,images/484_2.png,e268eda2e68a5ecef4e3bbf663ecd697e4bb0579723855818024e0081a685130,1984f7607abf61c1a1ee1087a756de8c2bec4131bcf9820df0b542456fcf50b0,0.349477682811,0.638176638177
485_0,485,485.jpg,0,corrosion,corrosion,1,train,12,20,992,481,981,462,1024,1024,0,0,1024,1024,1024,1.5,64,False,True,True,224,224,images/485_0.png,6bde2ce3edf1d8961f40c510784c3ee0c4d7a82e12885d7fa94900da37e8cc57,213d20234185c2b0e704edd83406c48c8292d6bbf9b082658d8908f60f852f33,0.43222618103,0.21875
486_0,486,486.jpg,0,crack,crack,4,validation,294,28,641,486,348,459,1024,1024,122,0,811,689,689,1.5,64,False,True,False,224,224,images/486_0.png,0eb477fd0110525d06347470180b57f971bd0fa0bc356f74ab2b46ed8adb83a4,b82afed4cfd3cafeb8133007358830f06421d91fb2e97997a8a275efa1d9316d,0.336475529838,0.325108853411
487_0,487,487.jpg,0,surface_injure,surface_injure,2,train,180,363,306,852,127,490,1024,1024,0,239,735,974,735,1.5,64,False,True,False,224,224,images/487_0.png,4cffec0b942a4d4d84c8ffbf1b8fb2110f4a695de3354e9419406a00c4957e45,f312e92016df60f9c2f90dffc26902b92ff31b7dc739a8e53e6d1e8a8de9c49a,0.115192743764,0.304761904762
487_1,487,487.jpg,1,surface_injure,surface_injure,2,train,252,3,497,274,246,272,1024,1024,170,0,578,408,408,1.5,64,False,True,False,224,224,images/487_1.png,4cffec0b942a4d4d84c8ffbf1b8fb2110f4a695de3354e9419406a00c4957e45,fffb7c1430b631a0c9e6b8a82b4d8571d69ddf024c1e4473fa2c59847b947448,0.401960784314,0.549019607843
488_0,488,488.jpg,0,thunderstrike,thunderstrike,3,train,242,156,798,952,557,797,1024,1024,0,0,1024,1024,1024,1.5,64,False,True,True,224,224,images/488_0.png,cf4d75d13f5698d11aa313b78b1333653e6f1bb7456619a9012cd45cae18a311,4f5c6882f75e2664ecbc020da206042474176fd851272e8472a836bfb054f843,0.423363685608,0.21875
489_0,489,489.jpg,0,corrosion,corrosion,1,train,16,188,269,394,254,207,1024,1024,0,100,381,481,381,1.5,64,False,True,False,224,224,images/489_0.png,9ddb79a0ab91e3d3648a960598cd3a60374deb994da86c471fad53906b29f7ba,ae4066e36fff7af2320fce3e2e738373eb3c10c1aed38901f39abb70cbc56f51,0.362204724409,0.587926509186
489_1,489,489.jpg,1,corrosion,corrosion,1,train,277,331,566,561,290,231,1024,1024,203,228,638,663,435,1.5,64,False,False,False,224,224,images/489_1.png,9ddb79a0ab91e3d3648a960598cd3a60374deb994da86c471fad53906b29f7ba,c63e0d2d5a214c786c7261037208a7deb64a8488142d47d43a2bc13e13d26b92,0.354022988506,0.514942528736
489_2,489,489.jpg,2,corrosion,corrosion,1,train,577,510,1022,919,446,410,1024,1024,355,355,1024,1024,669,1.5,64,False,True,False,224,224,images/489_2.png,9ddb79a0ab91e3d3648a960598cd3a60374deb994da86c471fad53906b29f7ba,ab0ed617b4a1e60794cb367f30f8aae8aeb2be0e7b846ab922716163570eabff,0.408570004983,0.334828101644
491_0,491,491.jpg,0,corrosion,corrosion,1,train,8,81,1017,678,1010,598,1024,1024,0,0,1024,1024,1024,1.5,64,False,True,True,224,224,images/491_0.png,b7744301e7589ece63329693906561fa3d9a2ff9de391b705265645dd1977193,ef963ffbf17e07da9b014ef51cb4f6c4b5f43391b1b8eeba8d2be1d4958448fd,0.576000213623,0.21875
492_0,492,492.jpg,0,surface_injure,surface_injure,2,train,411,181,552,338,142,158,1024,1024,362,140,599,377,237,1.5,64,False,False,False,224,224,images/492_0.png,6d197c0861919ba61d5cabc162582129a6071f635a2700905f484d337ceb9d3c,77fe3593a4212a7b0a569599f02f3d718ebee7b81c4b5c7613c5a7e7788282c3,0.399437412096,0.945147679325
493_0,493,493.jpg,0,surface_injure,surface_injure,2,train,103,1,252,138,150,138,1024,1024,64,0,289,225,225,1.5,64,False,True,False,224,224,images/493_0.png,e276c03b6ab2ba69edd963aa41e021f1065921b6332f7f7ea7920ba1ee2827b5,9cf6abd851ab2338179a3b0716f7ab660dfa0b2f150cbbf28426618986c73ba5,0.408888888889,0.995555555556
493_1,493,493.jpg,1,surface_injure,surface_injure,2,train,405,1,552,113,148,113,1024,1024,367,0,589,222,222,1.5,64,False,True,False,224,224,images/493_1.png,e276c03b6ab2ba69edd963aa41e021f1065921b6332f7f7ea7920ba1ee2827b5,c1f9ebf2a0e8fa984603c655643ec13430369ce15940d21b1f960548c8748253,0.339339339339,1.00900900901
493_2,493,493.jpg,2,surface_injure,surface_injure,2,train,594,3,1024,342,431,340,1024,1024,377,0,1024,647,647,1.5,64,False,True,False,224,224,images/493_2.png,e276c03b6ab2ba69edd963aa41e021f1065921b6332f7f7ea7920ba1ee2827b5,68db222363f3bfb6fa0045342eb5432f9f8c2befa0830b4d2b3f2273b36e2945,0.350064141,0.346213292117
494_0,494,494.jpg,0,surface_injure,surface_injure,2,train,208,655,383,805,176,151,1024,1024,163,597,427,861,264,1.5,64,False,False,False,224,224,images/494_0.png,9eff8bd7dc16decf32bc580090219c134f9864c77f90d68175fe89d200e4345c,dc1501de2df1a375ee5d08504282d9247a8c46cc959bc2ba1908bb008a043bd4,0.381313131313,0.848484848485
494_1,494,494.jpg,1,surface_injure,surface_injure,2,train,342,497,562,713,221,217,1024,1024,285,438,617,770,332,1.5,64,False,False,False,224,224,images/494_1.png,9eff8bd7dc16decf32bc580090219c134f9864c77f90d68175fe89d200e4345c,2b1bc8d34e6594f9f319be9d5014d24d4c503c3fff218d8349132d8613dfe8bd,0.435086732472,0.674698795181
495_0,495,495.jpg,0,corrosion,corrosion,1,train,250,2,528,1011,279,1010,1024,1024,0,0,1024,1024,1024,1.5,64,False,True,True,224,224,images/495_0.png,e689545af1ea4b157c824ea0381ce739860f89cd9f3b095d3ab02becc202fda8,cba36cfbcfe877808e2df6970e33219098a99a789d8b842ab93008be6f0c7121,0.26873588562,0.21875
496_0,496,496.jpg,0,hide_craze,hide_craze,5,train,661,427,705,975,45,549,1024,1024,200,200,1024,1024,824,1.5,64,False,True,False,224,224,images/496_0.png,8d8f6cac3ffb5801a92e350ef603bec0b434ac9aeb63b60650f6a01c87f7dab5,a548838c533ede79384ee12c805077acf10f043c6019afd3031e037b203665fb,0.0363856748987,0.271844660194
496_1,496,496.jpg,1,hide_craze,hide_craze,5,train,678,60,700,341,23,282,1024,1024,477,0,900,423,423,1.5,64,False,True,False,224,224,images/496_1.png,8d8f6cac3ffb5801a92e350ef603bec0b434ac9aeb63b60650f6a01c87f7dab5,0182093df2497c97378af83b55c7cf2bcd2ba1d64e53af55373948d6a6708ee1,0.0362490149724,0.529550827423
497_0,497,497.jpg,0,hide_craze,hide_craze,5,validation,209,736,431,991,223,256,1024,1024,127,640,511,1024,384,1.5,64,False,True,False,224,224,images/497_0.png,b4eb312d82d738591195ed1c56ff4f05378f9a7b4ccae2b44d8f75b212d8e13d,cebd87a0bf756f9345958f6520d760c98f68046e733f9f10acfc04d6ec0a7644,0.387152777778,0.583333333333
498_0,498,498.jpg,0,surface_injure,surface_injure,2,train,380,425,514,570,135,146,1024,1024,337,387,556,606,219,1.5,64,False,False,False,224,224,images/498_0.png,ebe2a64452bad9b1280468ff47b3955e70a4d0d14ace6b38540bfdd9558da5ac,0cd2eb68f0efdd2aed3c2be5526377e0f47a273d77d6038296767427a1a4c445,0.41095890411,1.02283105023
498_1,498,498.jpg,1,surface_injure,surface_injure,2,train,539,39,1023,570,485,532,1024,1024,226,0,1024,798,798,1.5,64,False,True,False,224,224,images/498_1.png,ebe2a64452bad9b1280468ff47b3955e70a4d0d14ace6b38540bfdd9558da5ac,acc69d8bed73123e7310aea7f2004ec741abec44c7e5c64f14c070d37deb0019,0.405179615706,0.280701754386
499_0,499,499.jpg,0,surface_injure,surface_injure,2,train,269,285,602,514,334,230,1024,1024,184,148,685,649,501,1.5,64,False,False,False,224,224,images/499_0.png,1765294a159b275d371941bd0edf4c2d330995f889f16961f02080a1f83c5d17,d4c8ad504863cc84c5eb1a525c9752ca8d9b7fde8a72e737bc4aee80eceaf27c,0.306054557552,0.447105788423
500_0,500,500.jpg,0,corrosion,corrosion,1,validation,537,8,722,989,186,982,1024,1024,0,0,1024,1024,1024,1.5,64,False,True,True,224,224,images/500_0.png,5f46553a1e95538cd9d02da569a0b9f3a1313ec7948cea0455f8b1dca38892d5,b1489f7f5db77a0cd29ad2127a73e9fb26786bdfc6df17888c4687a4e64e3791,0.17419052124,0.21875
501_0,501,501.jpg,0,corrosion,corrosion,1,test,5,108,1005,742,1001,635,1024,1024,0,0,1024,1024,1024,1.5,64,False,True,True,224,224,images/501_0.png,e221b5bf1dd3aa91d4437934100c25f062f939c9b733abcd3f79a35166c7ca64,a0c8546476c4eed65baff4096875e9116001c148524b7505390e099c28ad0ddf,0.606188774109,0.21875
502_0,502,502.jpg,0,corrosion,corrosion,1,train,12,508,1024,736,1013,229,1024,1024,0,0,1024,1024,1024,1.5,64,False,True,True,224,224,images/502_0.png,ee60b145a502aa850ea2f77dc27011e8790b2ff6831623bc4cd14351f18587d6,a86c03f2205e6bdcb64e64a4cfe46f1418c68001a46e2f39f35d71ef3e6427a8,0.221230506897,0.21875
503_0,503,503.jpg,0,corrosion,corrosion,1,train,264,499,731,1013,468,515,1024,1024,110,251,883,1024,773,1.5,64,False,True,False,224,224,images/503_0.png,c317b75c6ea6ca3f66d19e145521ab221e5bfe98f2b623bd3492f60cbb16004e,0ed93bf2369aefe544d6ee426c1605b5684bb4357f52dda4aa461d1e16502bb1,0.403361175776,0.28978007762
503_1,503,503.jpg,1,corrosion,corrosion,1,train,206,13,484,491,279,479,1024,1024,0,0,719,719,719,1.5,64,False,True,False,224,224,images/503_1.png,c317b75c6ea6ca3f66d19e145521ab221e5bfe98f2b623bd3492f60cbb16004e,6ffffcf96b84a69c1a0e09cde2e165d75690a24e654977638aea8a39c15f7065,0.258512731134,0.311543810848
504_0,504,504.jpg,0,surface_injure,surface_injure,2,train,289,252,502,588,214,337,1024,1024,142,166,648,672,506,1.5,64,False,False,False,224,224,images/504_0.png,754e05207155e6ad12f5b148ba42066e41e72ec509e0aaf20219e1fdc5e27cdd,2760eb94a794d6ca648679ce61a29eaa64a984a6400e4130bdf7951e2c1104ad,0.28167132747,0.442687747036
505_0,505,505.jpg,0,corrosion,corrosion,1,test,6,200,1012,616,1007,417,1024,1024,0,0,1024,1024,1024,1.5,64,False,True,True,224,224,images/505_0.png,abb06fcf954d3e39e3f51d4b9771fa5bdf89686e5cde352f5712daebffd53a19,9a81515af48bdd667fecb6131c7daded7809723366dd414aaf0080a32ffd22d0,0.400465965271,0.21875
507_0,507,507.jpg,0,crack,crack,4,train,611,175,714,306,104,132,1024,1024,563,141,761,339,198,1.5,64,False,False,False,224,224,images/507_0.png,19c047950caae690379067dea68d176f14ee7bf9290585b1456ea4f954bf9473,085167127fd708067e0f2fc0308703d43aa963c7f9df1283c9b9595c5ce08b10,0.350168350168,1.13131313131
508_0,508,508.jpg,0,hide_craze,hide_craze,5,train,478,55,573,1024,96,970,1024,1024,0,0,1024,1024,1024,1.5,64,False,True,True,224,224,images/508_0.png,bfe376c1f0205151e96051c7a8912fdede2b9644756a84cd665e6c8084ad6c3a,89f59160150cf29505654d818d63038b65027d7c0572ee50b0de62b6e012fbb2,0.0888061523438,0.21875
509_0,509,509.jpg,0,corrosion,corrosion,1,train,6,645,1009,867,1004,223,1024,1024,0,0,1024,1024,1024,1.5,64,False,True,True,224,224,images/509_0.png,088a7686f4e83b65c043a07c75deffccd97c257188ed5dffe86a2411ba2b8ddb,f646f716040557520c6476e3feed88b4c477c5a8298f00b3a0bf31f21fda81c0,0.213520050049,0.21875
510_0,510,510.jpg,0,corrosion,corrosion,1,train,666,545,805,1022,140,478,1024,1024,307,307,1024,1024,717,1.5,64,False,True,False,224,224,images/510_0.png,e32bbb969c9205bd3ae4d8206fbc9635a6bde6554339881b59937c26ed164498,70209311f973c5bd03634b79655d099c05b11ee0116e9531da673704307731df,0.130172013017,0.312412831241
510_1,510,510.jpg,1,corrosion,corrosion,1,train,698,64,780,539,83,476,1024,1024,310,0,1024,714,714,1.5,64,False,True,False,224,224,images/510_1.png,e32bbb969c9205bd3ae4d8206fbc9635a6bde6554339881b59937c26ed164498,f04d4e85f2443fe4453295766808477ccdae528d3ba20c0f6f52ba444185e2f6,0.077497665733,0.313725490196
511_0,511,511.jpg,0,hide_craze,hide_craze,5,test,291,156,372,500,82,345,1024,1024,72,68,590,586,518,1.5,64,False,False,False,224,224,images/511_0.png,c88309f87fce437638f0ef4efcdf9a25586e761c34a42a0a45b3be6b32150dab,d8129d6a73691b43bda4cff9b321d0535127200278673d3b4460ea223bf5dcbb,0.105432238637,0.432432432432
511_1,511,511.jpg,1,hide_craze,hide_craze,5,test,405,192,459,408,55,217,1024,1024,268,136,594,462,326,1.5,64,False,False,False,224,224,images/511_1.png,c88309f87fce437638f0ef4efcdf9a25586e761c34a42a0a45b3be6b32150dab,21aac2bee51c7a2148efa4121d7a00b5d9d4de5fc51d721f07ecb3fa1a1cb31c,0.112301930822,0.687116564417
512_0,512,512.jpg,0,surface_injure,surface_injure,2,validation,461,530,541,580,81,51,1024,1024,439,493,561,615,122,1.5,64,False,False,False,224,224,images/512_0.png,303d46334b157c25fa695bdd242c1cd34daf4181e0577b8bdfc0d5155228969c,48a3bbe84dba35f84d7e9b74c39b8e97bc0c4a9009547f7ec9f1ecbbd6298198,0.277546358506,1.83606557377
512_1,512,512.jpg,1,surface_injure,surface_injure,2,validation,819,555,934,691,116,137,1024,1024,773,519,979,725,206,1.5,64,False,False,False,224,224,images/512_1.png,303d46334b157c25fa695bdd242c1cd34daf4181e0577b8bdfc0d5155228969c,ab0da8e972de11e13a43dc10c323ecee27e58446c8d3ef176f8d0b96675ab14d,0.374493354699,1.08737864078
513_0,513,513.jpg,0,craze,craze,0,train,309,244,480,670,172,427,1024,1024,73,136,714,777,641,1.5,64,False,False,False,224,224,images/513_0.png,7c89ca996c80214f7ce5d8f47ecdb148d369de6ae9b26fdbeff803935d06f704,687a437ee21173ff844868d58be2fd2fd0bd26acf19ac25156cb71280f372925,0.178747617923,0.349453978159
514_0,514,514.jpg,0,surface_injure,surface_injure,2,train,180,216,966,561,787,346,1024,1024,0,0,1024,1024,1024,1.5,64,False,True,True,224,224,images/514_0.png,f9403f098b732545c57f5fee3cd3b49c34c82d519df88527007f0444b21267d6,73f514098e2bc2759025d55b2b9c292c72d25299d7bd968282d6b4ef6089682f,0.259687423706,0.21875
515_0,515,515.jpg,0,corrosion,corrosion,1,train,55,433,861,760,807,328,1024,1024,0,0,1024,1024,1024,1.5,64,False,True,True,224,224,images/515_0.png,1b0d2815ba8bad4bb5267fdb3d4af9fbcbb27b879ac8be932925f3487b7748e1,5e02047ce04fd123aa2f3703d1a39e78666c16c697a18a85b061d89a10ba063e,0.252433776855,0.21875
516_0,516,516.jpg,0,corrosion,corrosion,1,train,9,158,1020,633,1012,476,1024,1024,0,0,1024,1024,1024,1.5,64,False,True,True,224,224,images/516_0.png,d8fc9b4a9242a4b63aab0ec7244ef4f96dade1b647fab5db42f99792b8ed30e5,4bbeb35dc68f7ee4c30f6ff47a4e962d8f12daf3ec8cc52e241cd5f50b7ce0f2,0.459396362305,0.21875
517_0,517,517.jpg,0,hide_craze,hide_craze,5,train,81,674,1024,739,944,66,1024,1024,0,0,1024,1024,1024,1.5,64,False,True,True,224,224,images/517_0.png,0fca4051c50f038504055cb9691ccee5bc218b0288d011cc0e276ab11fa2c98f,68cb4a741dc33acb40a4c835309b42afbaeb2196ca7df4086c5442289c2ac1fe,0.0594177246094,0.21875
518_0,518,518.jpg,0,craze,craze,0,train,236,319,1024,672,789,354,1024,1024,0,0,1024,1024,1024,1.5,64,False,True,True,224,224,images/518_0.png,bf0fcbaaf09b01674e18c2c0008dbb9dfb812fcf83df1a0e6739856d8dd9c80a,5a603171d4fe7467d9c1eb7f125e7823cee097e94e786aededf15784fec00335,0.266366958618,0.21875
519_0,519,519.jpg,0,hide_craze,hide_craze,5,validation,359,161,405,863,47,703,1024,1024,0,0,1024,1024,1024,1.5,64,False,True,True,224,224,images/519_0.png,a68f83ec028fdfbb70de785d22365020d0337b8495151872380b08501d6e69fe,11547450f12472bb7b99c73dca420b557fe3fc6d0379671605e22c5bd975c0e7,0.0315103530884,0.21875
520_0,520,520.jpg,0,crack,crack,4,train,341,36,512,652,172,617,1024,1024,0,0,926,926,926,1.5,64,False,True,False,224,224,images/520_0.png,f163d5a639b813bca0c39bfe37495efb5fee958b109ea4da8c971b669e4acbd4,1011d55dd07bd34708a1a80e8abae490eaf1d8067d6aee29d0e0ae924a45628a,0.123763230691,0.241900647948
521_0,521,521.jpg,0,corrosion,corrosion,1,test,583,297,633,442,51,146,1024,1024,498,259,717,478,219,1.5,64,False,False,False,224,224,images/521_0.png,38de2cafabf7f535c7bb7f554d02e4c43f6e42f8bfab2753e052e31a2d0c1c1f,4da77f12c208fc03476038e299077d4e8ed5187e20b366c82e0b5f19c0d1b297,0.155251141553,1.02283105023
521_1,521,521.jpg,1,corrosion,corrosion,1,test,602,531,639,1019,38,489,1024,1024,253,290,987,1024,734,1.5,64,False,True,False,224,224,images/521_1.png,38de2cafabf7f535c7bb7f554d02e4c43f6e42f8bfab2753e052e31a2d0c1c1f,a0cba6de7eefae6146bb9fdb136b722fff392dbd490bfb99b7f7534c13f80824,0.0344905671584,0.305177111717
522_0,522,522.jpg,0,surface_injure,surface_injure,2,train,27,36,208,530,182,495,1024,1024,0,0,743,743,743,1.5,64,False,True,False,224,224,images/522_0.png,2b1a311542c16c1347bfa4f528e7d8d794cdf090320972a2835b13335d1074ab,f45cfd361e8b29ed80d09784df43b864426b8ba478905ca7f907db357b802e05,0.16319203549,0.301480484522
522_1,522,522.jpg,1,surface_injure,surface_injure,2,train,233,1,625,352,393,352,1024,1024,133,0,723,590,590,1.5,64,False,True,False,224,224,images/522_1.png,2b1a311542c16c1347bfa4f528e7d8d794cdf090320972a2835b13335d1074ab,e2e08dd562a93a00609b90f052e108d27c695e75122bd8e3956cfdf5d30c7708,0.397403045102,0.379661016949
523_0,523,523.jpg,0,thunderstrike,thunderstrike,3,train,2,10,572,1002,571,993,1024,1024,0,0,1024,1024,1024,1.5,64,False,True,True,224,224,images/523_0.png,d5ab514e2abac3bfb6fa43c6286983ec92aff6ebfe7f1e676ff6e8061c1c5964,00227fc217a7c548c48f673787f4189e856bcd45cb85411145ca19614eeae086,0.540736198425,0.21875
524_0,524,524.jpg,0,craze,craze,0,train,609,542,937,864,329,323,1024,1024,525,455,1019,949,494,1.5,64,False,False,False,224,224,images/524_0.png,f479e841e911d28ca77948008e23cad3ecd3e77980a2b526adfee3c7ab9595b4,b2fb3295c43da6461821b2107826e4505ce05f00c6d7850be0bccd616ff0462a,0.435456244161,0.453441295547
525_0,525,525.jpg,0,crack,crack,4,train,541,164,733,960,193,797,1024,1024,0,0,1024,1024,1024,1.5,64,False,True,True,224,224,images/525_0.png,0f128b9c1f6f5acbfd37b36027617a0f5b01d10d6af664e8b85fec54d2ba7dc7,75dadfaffd49713cbd8f93d676991fee437c1a191d1458e555d92c40599b1453,0.146695137024,0.21875
526_0,526,526.jpg,0,hide_craze,hide_craze,5,validation,333,505,700,855,368,351,1024,1024,240,403,792,955,552,1.5,64,False,False,False,224,224,images/526_0.png,7929250df3a5ad912040b56b799b4fbe29a89a0922574803dd4c177bbaf367b1,578f93cb2cbc6ef76a63890f64e2e4edb49aac78e5acc26bfed54e1c51fa073c,0.423913043478,0.405797101449
527_0,527,527.jpg,0,corrosion,corrosion,1,train,356,625,453,1008,98,384,1024,1024,116,448,692,1024,576,1.5,64,False,True,False,224,224,images/527_0.png,f01e04aa04683a9c21c55449cb9b14c4b42b868ba9794041d9f1e7a579716f87,33649c1f7042a758edd3f93d8cc0cc613f0ab7260a1b14bb6e8cbb98c67f1220,0.113425925926,0.388888888889
527_1,527,527.jpg,1,corrosion,corrosion,1,train,411,369,483,617,73,249,1024,1024,259,305,633,679,374,1.5,64,False,False,False,224,224,images/527_1.png,f01e04aa04683a9c21c55449cb9b14c4b42b868ba9794041d9f1e7a579716f87,2bf066dac992821814f1b9435b8b19561e09f820ace976ff21f19a526ba29cac,0.129950813578,0.598930481283
527_2,527,527.jpg,2,corrosion,corrosion,1,train,470,161,527,361,58,201,1024,1024,347,109,649,411,302,1.5,64,False,False,False,224,224,images/527_2.png,f01e04aa04683a9c21c55449cb9b14c4b42b868ba9794041d9f1e7a579716f87,9768b6b91b25994ce215056197657d0567512510909b6da16cc47328ee3707d5,0.127823341082,0.741721854305
528_0,528,528.jpg,0,hide_craze,hide_craze,5,train,484,439,878,488,395,50,1024,1024,384,166,977,759,593,1.5,64,False,False,False,224,224,images/528_0.png,c98c6a62af46e80354c8956f2064d75fea7216e500b15b2438e461f42179007b,244458389cdb0625a94f7fd0a21ecbb6790eaae7674359a546149ae28157d1b5,0.0561639589477,0.377740303541
529_0,529,529.jpg,0,surface_injure,surface_injure,2,validation,280,513,584,722,305,210,1024,1024,202,388,660,846,458,1.5,64,False,False,False,224,224,images/529_0.png,1644fd17aaa5d28027bb3aa1456fff4143382f1ca4d6003f3a13021366c8c5c2,3418ab70755e97867b796e1f886704ad96125a0cad8a4d616d7855a260d9f9d1,0.305343147537,0.489082969432
530_0,530,530.jpg,0,corrosion,corrosion,1,train,22,120,1014,802,993,683,1024,1024,0,0,1024,1024,1024,1.5,64,False,True,True,224,224,images/530_0.png,ec2248a8d3f4724176507b57b2e1a4f4d9c028b11348b58234d1e4a159601e20,7b0281c66a460abffdcab71e22c8390886e82a8b001aae47e3da2fffeef36ba2,0.646800041199,0.21875
531_0,531,531.jpg,0,crack,crack,4,train,641,152,986,814,346,663,1024,1024,29,0,1024,995,995,1.5,64,False,True,False,224,224,images/531_0.png,42f7f159a500603b08ef916ab6629dc974fd1a5940c7a7b2ba6677dde87a5904,ce03ba32979692d3ebf807c20b22bb56e2fd444f4bcf1cbfb1ca5d4af55e350b,0.23170930027,0.225125628141
532_0,532,532.jpg,0,surface_injure,surface_injure,2,train,208,385,391,519,184,135,1024,1024,161,313,437,589,276,1.5,64,False,False,False,224,224,images/532_0.png,35a1b7daab4ce994678e3c6e6f21eee5c7d4bde67ec18f6034e18170d4f08184,fea5d5023f4c3e47cd7148cfcc57b87f3adfe0b222371e6527b61b766c4f532c,0.326086956522,0.811594202899
533_0,533,533.jpg,0,hide_craze,hide_craze,5,train,62,97,814,419,753,323,1024,1024,0,0,1024,1024,1024,1.5,64,False,True,True,224,224,images/533_0.png,0420c6f709b8ff6b48a530600d02c935792b0943fad4d6ff1ab4984f4ee92196,ae5b0156a9cd57e6971016325ae1969fe94d05a824a2ec7c65b1e6eb4f0dffad,0.231951713562,0.21875
534_0,534,534.jpg,0,hide_craze,hide_craze,5,train,459,86,658,974,200,889,1024,1024,0,0,1024,1024,1024,1.5,64,False,True,True,224,224,images/534_0.png,8bbc83e7df15a576c37f8b351f724daa82b8266c512ca76e0ea48bd19967a140,b31a95088c0793951d9162a9b9e5b8f28d636b02ebac820b3adb25b890dad93f,0.169563293457,0.21875
535_0,535,535.jpg,0,surface_injure,surface_injure,2,train,555,164,786,524,232,361,1024,1024,399,72,941,614,542,1.5,64,False,False,False,224,224,images/535_0.png,a775740d8bfb8e9508b99ae536f6ce673d5044f9d83240d722f176244e68f21d,a74959fa06a44fe29410750ef523e314eb4b3f2bde0af666e3a106f2f70cf948,0.285099603764,0.413284132841
536_0,536,536.jpg,0,surface_injure,surface_injure,2,train,445,160,686,508,242,349,1024,1024,303,71,827,595,524,1.5,64,False,False,False,224,224,images/536_0.png,841b37a87c5cdfed8eb38925e59b0c098d11ee1875d57fab2d024ec17f6db480,388d67b072f7898a2fc023d3f88cf4c2f1c70208f04ae04e273f6803a077dfc2,0.307594254414,0.427480916031
537_0,537,537.jpg,0,crack,crack,4,train,280,350,355,567,76,218,1024,1024,153,294,480,621,327,1.5,64,False,False,False,224,224,images/537_0.png,22b77e28ecb4ca79aa94e915459e26f289e66792701749de2f7f8141924ed952,e864ac1acc8836cae887b3387a8e61ab96b1d5aea1a62275cca2bc8bbde2d650,0.15494393476,0.68501529052
537_1,537,537.jpg,1,crack,crack,4,train,539,200,766,486,228,287,1024,1024,436,127,867,558,431,1.5,64,False,False,False,224,224,images/537_1.png,22b77e28ecb4ca79aa94e915459e26f289e66792701749de2f7f8141924ed952,f5a316b6cfca22603294e0a6a3ecc6e090d4ad4b13f53095270d06ca29725534,0.352259085599,0.519721577726
538_0,538,538.jpg,0,craze,craze,0,train,203,44,953,438,751,395,1024,1024,0,0,1024,1024,1024,1.5,64,False,True,True,224,224,images/538_0.png,6a09237559e64941048cd921f1a3cfffec33c15651f05b19a13959771d2932f0,1c77c743498467f981135c1c324cfc19940b91e27b5bacac790b2fc2355be484,0.28290271759,0.21875
539_0,539,539.jpg,0,corrosion,corrosion,1,train,325,477,467,844,143,368,1024,1024,119,384,671,936,552,1.5,64,False,False,False,224,224,images/539_0.png,71ffab9c36166cb0a7de5223f6b216f0f0ee05a5ddb7480e8a8ea467680d10b6,241e0a70638df45c92d7e6790296f91f4e00a9ddff8c6ef542eed457a25e21d9,0.17270531401,0.405797101449
539_1,539,539.jpg,1,corrosion,corrosion,1,train,397,11,569,463,173,453,1024,1024,142,0,822,680,680,1.5,64,False,True,False,224,224,images/539_1.png,71ffab9c36166cb0a7de5223f6b216f0f0ee05a5ddb7480e8a8ea467680d10b6,da7c1aacae8b12753e085aaca1b8693af7fdabc629f8a0e2769ac3e9c5c1603d,0.169483131488,0.329411764706
540_0,540,540.jpg,0,corrosion,corrosion,1,validation,191,13,387,760,197,748,1024,1024,0,0,1024,1024,1024,1.5,64,False,True,True,224,224,images/540_0.png,d344b1346cee3536305ea074e135bac8d1a212d37591a84af56e98600f1c150d,04eca0ca7bd60a9621c336ac12ece8985394744ee04acf9261f46985beecf85f,0.140529632568,0.21875
541_0,541,541.jpg,0,hide_craze,hide_craze,5,test,492,270,748,713,257,444,1024,1024,286,158,952,824,666,1.5,64,False,False,False,224,224,images/541_0.png,f93968d02772afb473a4718bfbfc4256e93daae781d138410d5d79233deb39d4,a711b09de2a2ae7c7a76717b3883a5d1a7c07d16bfe023d623c87c33f0a96bbb,0.257257257257,0.336336336336
542_0,542,542.jpg,0,hide_craze,hide_craze,5,train,422,711,786,936,365,226,1024,1024,329,476,877,1024,548,1.5,64,False,True,False,224,224,images/542_0.png,3eb71347d12bb2ff05918c6a4e3d66e0c919169e318136415fc4732d29feeb4e,1c0f1c2b14198933be66c3f08adb9fc7463a1bc18a1ce60e1fea0cc72c61df93,0.27468831584,0.408759124088
544_0,544,544.jpg,0,crack,crack,4,train,609,1,828,345,220,345,1024,1024,459,0,977,518,518,1.5,64,False,True,False,224,224,images/544_0.png,acf8b8e1f4094eaca9784226eff49d5f9230c3fd939841ffd4fee3844867a26d,84d49aaec27f04ce48a7b5b53741e756df328498a8450f68ca60d44877db7e1a,0.282866981709,0.432432432432
545_0,545,545.jpg,0,surface_injure,surface_injure,2,validation,367,686,662,931,296,246,1024,1024,292,580,736,1024,444,1.5,64,False,True,False,224,224,images/545_0.png,1028991c58749b43e71c915eb54b2dc24a1b69a3c53f83bd16fb25e7a890ff03,aeb583966eb0ecfa35ab75a988776bd9863ffb0523fea47d12d5665d4a4236dc,0.369369369369,0.504504504505
546_0,546,546.jpg,0,corrosion,corrosion,1,test,631,58,683,149,53,92,1024,1024,587,34,725,172,138,1.5,64,False,False,False,224,224,images/546_0.png,fc726b08354fd28d031244805160f0da861ab8850be16bb838557dcdec25da97,7476cfd57616f5e208ea712cca56e98cbc32af0b79ebc07bdd1f72eb9c1d9790,0.256038647343,1.6231884058
546_1,546,546.jpg,1,corrosion,corrosion,1,test,581,211,698,700,118,490,1024,1024,271,87,1006,822,735,1.5,64,False,False,False,224,224,images/546_1.png,fc726b08354fd28d031244805160f0da861ab8850be16bb838557dcdec25da97,709f2263225980b530f1f1cef60fc150576805cc4efd6a5b34f80d4744257faf,0.107029478458,0.304761904762
546_2,546,546.jpg,2,corrosion,corrosion,1,test,581,703,647,967,67,265,1024,1024,414,626,812,1024,398,1.5,64,False,True,False,224,224,images/546_2.png,fc726b08354fd28d031244805160f0da861ab8850be16bb838557dcdec25da97,abd4246abb2f44863e84f205c46c1c65fb9d177f39e72ee44fdd9d6ff627eba5,0.112086815989,0.562814070352
547_0,547,547.jpg,0,surface_injure,surface_injure,2,train,377,330,558,760,182,431,1024,1024,143,221,790,868,647,1.5,64,False,False,False,224,224,images/547_0.png,47cc9396d36798c6968f28713da19f517129660a0ca3ee5e388964c2e137175f,490b1d2273f4344a2dee1abfa95a2f1972e9c849dc4402ac9c0e6717997d9e43,0.187387275477,0.346213292117
548_0,548,548.jpg,0,crack,crack,4,train,167,602,425,761,259,160,1024,1024,101,486,490,875,389,1.5,64,False,False,False,224,224,images/548_0.png,cd240e55ca470d1e03b53032d931a66400ff6fe97006b9c0146a5dd192211860,ec7c27ba5d9d32ca444958c0b79bda94f7af251402eaa95b8d5d88326f9f9f8f,0.273854917692,0.575835475578
548_1,548,548.jpg,1,crack,crack,4,train,9,367,366,472,358,106,1024,1024,0,150,537,687,537,1.5,64,False,True,False,224,224,images/548_1.png,cd240e55ca470d1e03b53032d931a66400ff6fe97006b9c0146a5dd192211860,ea421387efb20bb7d6c699ef2f3fe87bcd9f6b9212f47f6b71021cabfeb1d122,0.131595282433,0.417132216015
549_0,549,549.jpg,0,corrosion,corrosion,1,validation,441,5,725,1024,285,1020,1024,1024,0,0,1024,1024,1024,1.5,64,False,True,True,224,224,images/549_0.png,5e21a59e58b3384c09554c23d48122ba8c399abcbe7bc942cf187edfe94c985b,6cbb9f37eb4b94120129804314a95d98b1b79d56ebfeeb99312a42ec9d3a29e8,0.277233123779,0.21875
550_0,550,550.jpg,0,corrosion,corrosion,1,train,492,313,600,570,109,258,1024,1024,352,247,739,634,387,1.5,64,False,False,False,224,224,images/550_0.png,2ba9aead7147e1b298ef8793087585d16aea857c26d1e5fca3376a7930386e53,9e73e5e9b4e17b97e01213fb6bfd9f1dbe927d6fd3d5897967cd532a4365e042,0.187769164513,0.578811369509
552_0,552,552.jpg,0,crack,crack,4,validation,325,1,809,786,485,786,1024,1024,0,0,1024,1024,1024,1.5,64,False,True,True,224,224,images/552_0.png,6b4d9b8737363ee67ac525b1178dc20c41a226f775ddfabead3fc6e0f4fb7a78,c62122a7f2b42a125d7ac5d7631bb41bc0468d68f7dae0e6f962b441e82e4f70,0.363550186157,0.21875
553_0,553,553.jpg,0,surface_injure,surface_injure,2,train,237,81,662,736,426,656,1024,1024,0,0,984,984,984,1.5,64,False,True,False,224,224,images/553_0.png,8c3bc9493e43aef1b028f85bb8bf237602c6cfb9ca321e92b2cdca6c4310bd9a,e84a299cb76af44fc10d9eb4192d45a917a54c1b1a9ba5c4b3bb72886ac6deea,0.288617886179,0.227642276423
554_0,554,554.jpg,0,craze,craze,0,train,52,494,417,816,366,323,1024,1024,0,380,549,929,549,1.5,64,False,True,False,224,224,images/554_0.png,f759263eb57f15f4e81077e4d525a2b02ae64b36b6f4cef91881d2a0a7fb17e2,2f8b5a94f6aa7c81a62a72c460fcf88a96a7d6b289d3b4febf1735e98333ca4d,0.392228293868,0.408014571949
555_0,555,555.jpg,0,surface_injure,surface_injure,2,train,637,369,891,566,255,198,1024,1024,572,275,955,658,383,1.5,64,False,False,False,224,224,images/555_0.png,d5472719d238b4507155ff68bf1d4b8abd2db5917232a6dc9bdf59d9970e8b27,bf12bf3732ddb1e128a7f239a3c9eaad581d623edada28ca7120f0db8b7f5a99,0.344197588095,0.584856396867
556_0,556,556.jpg,0,craze,craze,0,train,142,99,686,352,545,254,1024,1024,4,0,822,818,818,1.5,64,False,True,False,224,224,images/556_0.png,284da8822d003aaa18c1dd3134364940efaadc1c21dd98ab38f84ca6bcfb5b7d,f3c968e4852232de49b7e16fbec606669432eefd011e3b85048fe45773263a13,0.206882431358,0.273838630807
557_0,557,557.jpg,0,hide_craze,hide_craze,5,train,291,99,706,175,416,77,1024,1024,186,0,810,624,624,1.5,64,False,True,False,224,224,images/557_0.png,7aaecd8fc67ca53442f769ab3bb5ff303115601809f2d33b6fa2e677d205596d,6803e085d3a700ab8b1c4544b8aabc810bc36e36ed4dc5d870962aec5de55004,0.082264957265,0.358974358974
558_0,558,558.jpg,0,crack,crack,4,train,578,180,806,778,229,599,1024,1024,125,29,1024,928,899,1.5,64,False,True,False,224,224,images/558_0.png,9f72a5603754ebcbd823d673c809dbeb28ed76443c260df514062a75f2521b55,3fa989522228157fd0508bee01a541a0f3fac34e94c90415e44cbe325c5e9f9c,0.169723868196,0.249165739711
559_0,559,559.jpg,0,craze,craze,0,train,6,8,297,186,292,179,1024,1024,0,0,438,438,438,1.5,64,False,True,False,224,224,images/559_0.png,1e1e33a29d77f8f9604be7141a85f3c2e638f7e6872660c55bbf11a7702eb363,08b8f9ab83316b45313b783048518b9c03959ccea9eb3855933f371730f8deda,0.272450532725,0.511415525114
559_1,559,559.jpg,1,craze,craze,0,train,330,163,683,500,354,338,1024,1024,240,65,771,596,531,1.5,64,False,False,False,224,224,images/559_1.png,1e1e33a29d77f8f9604be7141a85f3c2e638f7e6872660c55bbf11a7702eb363,11ba1ba3058fb21f6f1f6608e76e74b57f1679de7fe8196eef3eaf951375e278,0.42435655995,0.421845574388
559_2,559,559.jpg,2,craze,craze,0,train,705,405,1012,733,308,329,1024,1024,530,321,1024,815,494,1.5,64,False,True,False,224,224,images/559_2.png,1e1e33a29d77f8f9604be7141a85f3c2e638f7e6872660c55bbf11a7702eb363,9f705a6d95e44bf9593987fa1533193493d9a5e9d04b1020e86c7be97bbcf1b0,0.415233817961,0.453441295547
560_0,560,560.jpg,0,corrosion,corrosion,1,train,320,585,591,1010,272,426,1024,1024,135,385,774,1024,639,1.5,64,False,True,False,224,224,images/560_0.png,f197a7f06c0a430d2617757255fce32256906772d42b5a90566fe551b48c883d,34192eaadccb54366d088388cdb2d79e48dda3f405d9b16925281c6762e7ae8b,0.283776734481,0.350547730829
560_1,560,560.jpg,1,corrosion,corrosion,1,train,334,5,552,577,219,573,1024,1024,12,0,872,860,860,1.5,64,False,True,False,224,224,images/560_1.png,f197a7f06c0a430d2617757255fce32256906772d42b5a90566fe551b48c883d,ee8a143ab57238b3ed6e486fc434c79e200c0136439442d3d8cb7b16bd6c6d45,0.169668739859,0.260465116279
561_0,561,561.jpg,0,corrosion,corrosion,1,train,197,8,361,614,165,607,1024,1024,0,0,911,911,911,1.5,64,False,True,False,224,224,images/561_0.png,d29486b2ae5e54b56c1b8d3836240003a4e611637653dde981c8931e93e248e3,77c3fdbbdfac738895fcf17339963d95226d1dec8da50ad610f9b0993759ae3c,0.120680161124,0.245883644347
562_0,562,562.jpg,0,crack,crack,4,validation,144,555,261,849,118,295,1024,1024,0,480,443,923,443,1.5,64,False,True,False,224,224,images/562_0.png,5139f8f4a4e7c6617c3ffb80979bbf7ff3d27bfbda7a71226990c3567865aab6,9ded5e592eee293f0a1b0926778b83225de1f0fe004cfb09a4c5a6a12b2df246,0.177376700009,0.505643340858
562_1,562,562.jpg,1,crack,crack,4,validation,453,366,697,781,245,416,1024,1024,262,261,886,885,624,1.5,64,False,False,False,224,224,images/562_1.png,5139f8f4a4e7c6617c3ffb80979bbf7ff3d27bfbda7a71226990c3567865aab6,b42f31999fa06faa48fb439aae76c8c0bc7b29cd1d086752ac63d0cba2e7a258,0.261752136752,0.358974358974
563_0,563,563.jpg,0,craze,craze,0,test,386,127,936,830,551,704,1024,1024,0,0,1024,1024,1024,1.5,64,False,True,True,224,224,images/563_0.png,1876c2ea621a76e745275346bcf48b0ab5c8158640e8dfb5e78d1e3709342266,a7ff84c7f8ea72e79dcf7624cb38540626edd2cd8c2cbf3524a68cb3cabdd70e,0.369934082031,0.21875
564_0,564,564.jpg,0,hide_craze,hide_craze,5,train,383,455,569,681,187,227,1024,1024,305,397,646,738,341,1.5,64,False,False,False,224,224,images/564_0.png,300bc3d23056922764a25ec467a2c638623e92e37c86bf3656798a70117ca1ba,64a7102341a15cac7e36d548801294d8f6e6bad0ef10c9de4a1946c9d031049b,0.365055340081,0.656891495601
565_0,565,565.jpg,0,craze,craze,0,train,387,483,744,936,358,454,1024,1024,224,343,905,1024,681,1.5,64,False,True,False,224,224,images/565_0.png,ed9ff90a27b997e13bbc08a4add814497ea646909d4e66f47c7aadf7d6a48e14,9b694f2d78f389c6934b3991e9d62192993906041c937fc5dc3c224d8b224d05,0.350465002447,0.32892804699
566_0,566,566.jpg,0,corrosion,corrosion,1,test,378,6,619,889,242,884,1024,1024,0,0,1024,1024,1024,1.5,64,False,True,True,224,224,images/566_0.png,6b8e9700929533cbf6930cc3b0c3c72eb0c4fe7b71e79d9848afaab9e6423d8a,573eb51830a5f43c9f5e3fdd9cd44a1c62586b6dc1ca0c69ac954b2f444abd2f,0.20401763916,0.21875
569_0,569,569.jpg,0,hide_craze,hide_craze,5,test,3,400,958,599,956,200,1024,1024,0,0,1024,1024,1024,1.5,64,False,True,True,224,224,images/569_0.png,e829120d08271c6f1f9eb3524304050a2d9625e8cac82d052fafea0e11ba008d,583cf2261ed9c692256210c42b10abe492047872133a89cb81d41e9f5cbb8592,0.182342529297,0.21875
571_0,571,571.jpg,0,hide_craze,hide_craze,5,train,622,133,709,627,88,495,1024,1024,281,8,1024,751,743,1.5,64,False,True,False,224,224,images/571_0.png,9b0a26929029c30202a1764f4650846464ceb097055eb1daa40d2a02d9697bcc,1196c70b453e44546da9b7c91df9864b23b6a17fd80ff0fcbb28c02dc193da4d,0.0789060391378,0.301480484522
572_0,572,572.jpg,0,craze,craze,0,train,30,8,987,505,958,498,1024,1024,0,0,1024,1024,1024,1.5,64,False,True,True,224,224,images/572_0.png,b80d55f04ac171e56f61366810c5d67f344f5d41858b6c84b8bfaf227cb929f4,8bf2470694d0ca718719171214e986f3669116bd35e2edaff503ffda5ab61d40,0.454982757568,0.21875
573_0,573,573.jpg,0,surface_injure,surface_injure,2,train,345,739,592,942,248,204,1024,1024,282,652,654,1024,372,1.5,64,False,True,False,224,224,images/573_0.png,7eb93a056351fef05b3c4c28c10ee2bffca37260646e44b92f987d66837cad1d,802cf254af9a0e256200d80758c996c7810cee6627dac72596e62d7d02cc1866,0.365591397849,0.602150537634
573_1,573,573.jpg,1,surface_injure,surface_injure,2,train,312,295,789,566,478,272,1024,1024,191,71,908,788,717,1.5,64,False,False,False,224,224,images/573_1.png,7eb93a056351fef05b3c4c28c10ee2bffca37260646e44b92f987d66837cad1d,e108686929c62b780cc10bc812b1cb8092a0a3b724e8aacd1299b0d516f042ec,0.252905625291,0.312412831241
574_0,574,574.jpg,0,craze,craze,0,test,237,281,564,602,328,322,1024,1024,154,195,646,687,492,1.5,64,False,False,False,224,224,images/574_0.png,d29e43048f52cbd917795e68cf831ab6cad827036d61ba6e5a0b94bb29a1a4c8,963a9ca6edb6535e979eb7c365b81a8188bd5eb772eedf43ac323031e020f749,0.436314363144,0.455284552846
575_0,575,575.jpg,0,craze,craze,0,train,355,5,645,1016,291,1012,1024,1024,0,0,1024,1024,1024,1.5,64,False,True,True,224,224,images/575_0.png,2278cba2e1ee72a005a13f7a40bc3892b79e88d05e1d20b8d40bc581c8630efd,2ec01ebad9ed0e3fd4b2e44e2df21fa7eaf77197fa3db82c2ae940afff0a1252,0.280849456787,0.21875
576_0,576,576.jpg,0,surface_injure,surface_injure,2,train,348,644,445,752,98,109,1024,1024,314,615,478,779,164,1.5,64,False,False,False,224,224,images/576_0.png,d475a86a62f65e5999aafde5aa4a1bd735eea88f2304d18656d58dcdc8731883,432ab1e8500e52fbb88b9e00f7b846dca24914a69a1b0dde99148d6b0037d37b,0.397159428911,1.36585365854
576_1,576,576.jpg,1,surface_injure,surface_injure,2,train,484,602,633,785,150,184,1024,1024,420,555,696,831,276,1.5,64,False,False,False,224,224,images/576_1.png,d475a86a62f65e5999aafde5aa4a1bd735eea88f2304d18656d58dcdc8731883,86ab98d5d274798455e5208605efde82c0085e7a7c1f2fda254b75d6431cd91b,0.36231884058,0.811594202899
576_2,576,576.jpg,2,surface_injure,surface_injure,2,train,378,311,489,411,112,101,1024,1024,349,276,517,444,168,1.5,64,False,False,False,224,224,images/576_2.png,d475a86a62f65e5999aafde5aa4a1bd735eea88f2304d18656d58dcdc8731883,4fb4fe8e26587e5bcea3db0825f797f653b821b3a66bfd2423429b1e36b5320d,0.400793650794,1.33333333333
577_0,577,577.jpg,0,crack,crack,4,train,498,130,631,445,134,316,1024,1024,327,50,801,524,474,1.5,64,False,False,False,224,224,images/577_0.png,675c3950472423c2b2e82acec85ea1c3a89094107367d81b6dbbc1e84577f041,2fc78356ea96211a940f19373473e5ad571a8e1901d767e865ccd7a716c6775c,0.188466947961,0.472573839662
578_0,578,578.jpg,0,hide_craze,hide_craze,5,train,187,238,742,739,556,502,1024,1024,47,71,881,905,834,1.5,64,False,False,False,224,224,images/578_0.png,d3ce35fa4b36f001a2a41ff04b8036711131b1f6a1656728be1d56ca1c89d413,3ab16f3690a9d6880d2295000a6488c0d8318ad60f1a113edadb5a2add019ca2,0.401278976819,0.268585131894
579_0,579,579.jpg,0,corrosion,corrosion,1,train,411,10,692,1020,282,1011,1024,1024,0,0,1024,1024,1024,1.5,64,False,True,True,224,224,images/579_0.png,01c416f1ceb5942ccb98bd19ab061293af68adc06d9636101931645974497e13,abc48f7250690c9eb9bf4fa9d6bf66a67ceb79b5f6e3162bd3ae03d332755481,0.271894454956,0.21875
580_0,580,580.jpg,0,craze,craze,0,test,194,608,673,930,480,323,1024,1024,73,304,793,1024,720,1.5,64,False,True,False,224,224,images/580_0.png,3b40a7add26cf6a437d451ffe924d824dbcc4fafbad00976a5287c08d61092f3,5b561494e4f7ef6dff024ceccfacbdb35bea11d0ffc32bdbacac53816792221d,0.299074074074,0.311111111111
581_0,581,581.jpg,0,surface_injure,surface_injure,2,train,1,222,577,460,577,239,1024,1024,0,0,866,866,866,1.5,64,False,True,False,224,224,images/581_0.png,da18639d0418ae1abf7c20328686bf3e69e18272426678b6b496895a7ef60c6a,fd0d8844b186881ab58b101b339f899487bd950eae3e1bdc83f92b9944d78637,0.183881454379,0.258660508083
583_0,583,583.jpg,0,corrosion,corrosion,1,train,333,1,459,1022,127,1022,1024,1024,0,0,1024,1024,1024,1.5,64,False,True,True,224,224,images/583_0.png,0a3956b83fb93542f4a8cecbb982af7071c42abb7f1fbbd115e4152e65241376,edf0c07789b7d32e5c571f9963e69887e2b69fb8c35bd60bfbb982cc6b434a6e,0.123781204224,0.21875
584_0,584,584.jpg,0,crack,crack,4,validation,28,149,334,835,307,687,1024,1024,0,0,1024,1024,1024,1.5,64,False,True,True,224,224,images/584_0.png,c965ae7f66959782498ff27d81f691254b9082b069a52609b5feb310b74c6b91,fa48778c0162f45c7d28efa1d8d5c763d890c39150694b7b107a2b1fa123407c,0.201138496399,0.21875
585_0,585,585.jpg,0,crack,crack,4,train,509,239,673,1000,165,762,1024,1024,0,0,1024,1024,1024,1.5,64,False,True,True,224,224,images/585_0.png,b4803ce77faee2834cdd95ce48f8b4057cec38475bb6bab27626b725f4dafe19,d504c752fc2150ef1d6ebc38269d3d40a50ef55e68eabdea47873e713272fcff,0.119905471802,0.21875
587_0,587,587.jpg,0,surface_injure,surface_injure,2,train,16,463,297,708,282,246,1024,1024,0,373,423,796,423,1.5,64,False,True,False,224,224,images/587_0.png,d9e53498477a6f8b4d8ee4f4e9d31fadb77190643841642f62c78797c24f9f29,666be358c15b9375d27597b2ea685769a52ba28b398351f3d0acf9ff35b224f6,0.387706855792,0.529550827423
587_1,587,587.jpg,1,hide_craze,hide_craze,5,train,1,116,287,339,287,224,1024,1024,0,11,431,442,431,1.5,64,False,True,False,224,224,images/587_1.png,d9e53498477a6f8b4d8ee4f4e9d31fadb77190643841642f62c78797c24f9f29,d82274d09a5f0b4fdb128aebed856ad6a823a88b15ab6e8b90685d241670ec43,0.346079101641,0.519721577726
588_0,588,588.jpg,0,corrosion,corrosion,1,train,8,122,1019,417,1012,296,1024,1024,0,0,1024,1024,1024,1.5,64,False,True,True,224,224,images/588_0.png,233efefcf2ecfb353ae506603c1c8569989d8a09c9ae55916a560348b6bbc5de,695c7c170696ee2fff9af039287984a07f42ec81efacedab9986f213df1be21d,0.285675048828,0.21875
589_0,589,589.jpg,0,hide_craze,hide_craze,5,train,586,699,814,794,229,96,1024,1024,527,574,871,918,344,1.5,64,False,False,False,224,224,images/589_0.png,66c26407b26b8b83ae377cc7295f515003eea534ff85e41876358c9b9d6223bb,bd29b2ca13a23aa356dba8871b63e5e2a56d627bc687c1b40e4ba66657cdb7a3,0.185776095187,0.651162790698
590_0,590,590.jpg,0,corrosion,corrosion,1,validation,9,131,1009,258,1001,128,1024,1024,0,0,1024,1024,1024,1.5,64,False,True,True,224,224,images/590_0.png,c78ab248a7e4d61fea3cb5f7f3f4f7d55879881f910ff8474f5a2eeafd0577c2,e1ebccdf36931e8458d53371245614e298a3a4b728601efa3c22b6c66e0d2a8f,0.122192382812,0.21875
591_0,591,591.jpg,0,thunderstrike,thunderstrike,3,test,430,316,777,697,348,382,1024,1024,316,219,889,792,573,1.5,64,False,False,False,224,224,images/591_0.png,e7a506e15642bd32dccb318434cd11ab636215af2d2fc26ee0cb7217aaa74256,404c46e463e8f0357e9816815ffa3a7dc42cbc1d41d998cc4ca6adec4feb28bd,0.404886561955,0.39092495637
591_1,591,591.jpg,1,surface_injure,surface_injure,2,test,284,102,820,250,537,149,1024,1024,148,0,954,806,806,1.5,64,False,True,False,224,224,images/591_1.png,e7a506e15642bd32dccb318434cd11ab636215af2d2fc26ee0cb7217aaa74256,ec40198a01c6e93600ab708da7e0e86cf187ea96f7cdfb6556cc69e2c1290c27,0.123165895979,0.277915632754
591_2,591,591.jpg,2,surface_injure,surface_injure,2,test,284,270,412,749,129,480,1024,1024,0,149,720,869,720,1.5,64,False,True,False,224,224,images/591_2.png,e7a506e15642bd32dccb318434cd11ab636215af2d2fc26ee0cb7217aaa74256,7163cfea1d538fa5d0858c17ab6550227cb39265c5c30a9122119bb0e0636a9a,0.119444444444,0.311111111111
592_0,592,592.jpg,0,craze,craze,0,train,417,449,770,769,354,321,1024,1024,327,343,858,874,531,1.5,64,False,False,False,224,224,images/592_0.png,66e5c5d6eac1bdc105a1af1d8ac11ca275028928331b4fb2f64d1ddf24cc7d9d,1b26cee78ebb13494338e8f51763343dfa79e77245e2d0a321c2dfc6e4512b9e,0.403013182674,0.421845574388
595_0,595,595.jpg,0,surface_injure,surface_injure,2,train,14,420,394,769,381,350,1024,1024,0,308,572,880,572,1.5,64,False,True,False,224,224,images/595_0.png,3169351558e35ca82293af532602205036de529edb02cb378fdcb7d5cc9a0716,edb4ff8b72d391c9a2ddce38d0a5befe91edbfb727ef54b33fb939d7de59ce24,0.407568829772,0.391608391608
595_1,595,595.jpg,1,hide_craze,hide_craze,5,train,333,338,886,511,554,174,1024,1024,193,8,1024,839,831,1.5,64,False,False,False,224,224,images/595_1.png,3169351558e35ca82293af532602205036de529edb02cb378fdcb7d5cc9a0716,04a648cc24e6e9dba2430f69f3e16e5ffe8e203b675c0af0276b4917479cabd2,0.139590854392,0.269554753309
596_0,596,596.jpg,0,crack,crack,4,train,466,185,578,960,113,776,1024,1024,0,0,1024,1024,1024,1.5,64,False,True,True,224,224,images/596_0.png,254d916d8ffd273493a4cb3d0195d845d0aff9ca03b85b5082bbfd44b1e51555,b787d8a1011b81521a7458d99640e001beaaca0de2ec691c6e349b1856953ea5,0.083625793457,0.21875
597_0,597,597.jpg,0,hide_craze,hide_craze,5,test,42,561,614,631,573,71,1024,1024,0,164,860,1024,860,1.5,64,False,True,False,224,224,images/597_0.png,20a7803ca498a8b697804660c40d7adb3f9a91cdf4e38dda0d380206fb2d5fed,d666c65f5c2114b780265b86d7b8ccfd782eb96d643c72fe45ffa9ac5dfeacd4,0.055006760411,0.260465116279
598_0,598,598.jpg,0,corrosion,corrosion,1,test,470,24,547,603,78,580,1024,1024,73,0,943,870,870,1.5,64,False,True,False,224,224,images/598_0.png,d67e52bf6722d6f87af918bd5ed1fefbd8e65f062db68cde735c6dce7a765611,d5bfeb0f18db05fc588f4043afdcbcf7edb7375ddc1fc6dacdd74f55c8121c60,0.0597701149425,0.257471264368
598_1,598,598.jpg,1,corrosion,corrosion,1,test,483,772,558,1017,76,246,1024,1024,335,655,704,1024,369,1.5,64,False,True,False,224,224,images/598_1.png,d67e52bf6722d6f87af918bd5ed1fefbd8e65f062db68cde735c6dce7a765611,5799911d4f429e84fad8c441d8026a724485f9f536366c29dc16649ed65ff45d,0.137308039747,0.607046070461
599_0,599,599.jpg,0,corrosion,corrosion,1,train,1,275,853,710,853,436,1024,1024,0,0,1024,1024,1024,1.5,64,False,True,True,224,224,images/599_0.png,aec52b65117c9e515f335cef6d13e3d1307425751f71f9a9b46dd310a4c6b721,becf933ed1a7822d1646af1b12b1bbaf631d0ae8bedfbf2ac03b57528a79a4bd,0.354679107666,0.21875
600_0,600,600.jpg,0,hide_craze,hide_craze,5,test,242,297,870,422,629,126,1024,1024,80,0,1024,944,944,1.5,64,False,True,False,224,224,images/600_0.png,2e0b8185d4b561ef7297a73fd2e3f1844367f1b247b4afec5d23f69c51f05cd0,ec7997b90da606bee518b80823f984acb956a8b2cdc2fe205b730b40f3e384cc,0.0889359199943,0.237288135593
601_0,601,601.jpg,0,surface_injure,surface_injure,2,train,545,400,739,860,195,461,1024,1024,295,283,987,975,692,1.5,64,False,False,False,224,224,images/601_0.png,65803b8622c73e41637b29c3451e488f2cbc3b9abfde50c035613f31793a280a,331693257d38c569cb618cd73414a665d96c516f391ef0bdba145fc28154e809,0.187725533763,0.323699421965
602_0,602,602.jpg,0,crack,crack,4,validation,139,399,650,745,512,347,1024,1024,10,187,778,955,768,1.5,64,False,False,False,224,224,images/602_0.png,ce95847f31108864d260ec257199861cc108f90d09f00f1457c3ad6baf5ae945,13d24a60a253873e63cafa6d8a4a86df0aeb736c425ee7d944e255214f44ee83,0.301215277778,0.291666666667
603_0,603,603.jpg,0,thunderstrike,thunderstrike,3,train,303,179,695,494,393,316,1024,1024,203,41,793,631,590,1.5,64,False,False,False,224,224,images/603_0.png,7d6f857c123ea2cc5498d72c433493923bae53fb9a6ea241081908f3dba85431,987259534cd6e62438ecebd0fe200420ed54c6de50e720bd5ff69a1709e00536,0.356759551853,0.379661016949
603_1,603,603.jpg,1,surface_injure,surface_injure,2,train,92,120,294,661,203,542,1024,1024,0,0,813,813,813,1.5,64,False,True,False,224,224,images/603_1.png,7d6f857c123ea2cc5498d72c433493923bae53fb9a6ea241081908f3dba85431,a92cc46cdc1000d06023f42a248e82f89b13a5cb0b11291e8767fa823d515ffb,0.166461664617,0.275522755228
603_2,603,603.jpg,2,surface_injure,surface_injure,2,train,309,497,786,641,478,145,1024,1024,188,210,905,927,717,1.5,64,False,False,False,224,224,images/603_2.png,7d6f857c123ea2cc5498d72c433493923bae53fb9a6ea241081908f3dba85431,e00d1a16a8215e0588d5f97f8800abd890d311f1805c10176f61b37b4ba31b5f,0.134821013482,0.312412831241
604_0,604,604.jpg,0,crack,crack,4,train,394,236,548,1006,155,771,1024,1024,0,0,1024,1024,1024,1.5,64,False,True,True,224,224,images/604_0.png,792adac89fcad33503da3dccf444d4685436a8670445948080f31f129b8b511d,99564cc49f783abf3836834d708441a37f5b2980986fb77e8596bf95552e169f,0.113968849182,0.21875
606_0,606,606.jpg,0,surface_injure,surface_injure,2,train,197,519,544,747,348,229,1024,1024,109,371,631,893,522,1.5,64,False,False,False,224,224,images/606_0.png,775c68b321c76937bc7b716c25d19d5c79b91304d1a4bde46c5d970ae47f0717,17b8c5b75a237e0f7e48c3c960959eff266f66392fa6ca16aabe2110de77234b,0.292464878672,0.429118773946
607_0,607,607.jpg,0,hide_craze,hide_craze,5,train,392,80,744,311,353,232,1024,1024,302,0,832,530,530,1.5,64,False,True,False,224,224,images/607_0.png,b51c8cf3f426eecb0579b9f67d0987fa5b3ea46ed2b532b458800c1e7991ca5e,da6ff0357760c8cd57c5e9710ac70fe2d3c84733ed07f357f870a742176a52dc,0.291548593806,0.422641509434
608_0,608,608.jpg,0,crack,crack,4,train,311,224,558,855,248,632,1024,1024,0,65,948,1013,948,1.5,64,False,True,False,224,224,images/608_0.png,11738256f77910d3e71667aad8ecdbc06b143b14627cf589394bc4f85ad912b1,2d7149f6338ae5563acfd784d96d422ef5a9d10f1fb760151d9163b79fcd6238,0.174402250352,0.236286919831
609_0,609,609.jpg,0,craze,craze,0,train,208,330,609,456,402,127,1024,1024,106,91,709,694,603,1.5,64,False,False,False,224,224,images/609_0.png,d8b916f15394d3b9e72e69c0bf97cf3d40730eac4690a99edf999d6cfd44f0ab,3d4e7aba2956be72ac89e766719e2dd580f2d81c82dd119f4d1d1a5284d36339,0.140409065782,0.371475953566
609_1,609,609.jpg,1,surface_injure,surface_injure,2,train,661,317,800,369,140,53,1024,1024,625,237,835,447,210,1.5,64,False,False,False,224,224,images/609_1.png,d8b916f15394d3b9e72e69c0bf97cf3d40730eac4690a99edf999d6cfd44f0ab,315efb9c6738be5821361db7eba29bd002097dd3619cc494bf779ea8bbf22706,0.168253968254,1.06666666667
610_0,610,610.jpg,0,hide_craze,hide_craze,5,test,578,406,681,486,104,81,1024,1024,551,367,707,523,156,1.5,64,False,False,False,224,224,images/610_0.png,66ca5a13ad4e9a73dad42d9e22ee9f11386dd7cd600f71b79f35aa5aa5a75434,3d85a898655bd2f0b94a814e37569a590b9f432d2a26ceddd1bd7a80933ad498,0.346153846154,1.4358974359
611_0,611,611.jpg,0,corrosion,corrosion,1,train,553,11,672,833,120,823,1024,1024,0,0,1024,1024,1024,1.5,64,False,True,True,224,224,images/611_0.png,d6ac8492315aed0d0fbfd2f12722ec59051c3089b5036ce03d70b1613393a4a0,cc8ecd152463b054cd6bb1c91edcb16c109984f5e9b40dcbd105de27a12fc51a,0.0941848754883,0.21875
612_0,612,612.jpg,0,hide_craze,hide_craze,5,train,56,180,809,817,754,638,1024,1024,0,0,1024,1024,1024,1.5,64,False,True,True,224,224,images/612_0.png,15eb9515bb2a320f6679b3645759a5c60c5a740a425bd08a38df0cb035234c68,2e27bcb7372f906987d5fbdd20afa8d67ec8c277fe0b35ffdb3ab61ff6a08474,0.458766937256,0.21875
613_0,613,613.jpg,0,hide_craze,hide_craze,5,validation,139,106,892,964,754,859,1024,1024,0,0,1024,1024,1024,1.5,64,False,True,True,224,224,images/613_0.png,8cb95264b502bf8c0b164b7a8af3d3cd7813c189de6e5d5648dfd1b4a965aa57,c1fc2f9227c5b4f2e33dbab931213dd40dc216c3e5b7d200ab01cbe40c8c5f95,0.617681503296,0.21875
614_0,614,614.jpg,0,hide_craze,hide_craze,5,train,437,360,533,444,97,85,1024,1024,411,328,557,474,146,1.5,64,False,False,False,224,224,images/614_0.png,5917056986d8e5c858868f1fc648801fbed8fd2b60138d71339073d4a429b6ac,3b5bbaade1b91c40040b208f6b3d60766ebae16476959bed315af98555f97785,0.386798648902,1.53424657534
615_0,615,615.jpg,0,hide_craze,hide_craze,5,train,359,241,492,911,134,671,1024,1024,0,17,1007,1024,1007,1.5,64,False,True,False,224,224,images/615_0.png,5d2f2dd57a11a8404aceba8c5be3eefbfcb127afec5838fa112d492d28b35b00,7aa76a9ff1970f6f677d09aa6c0bd2c13e68f82b5b02180b8da0d9b463a28615,0.0886682990664,0.222442899702
615_1,615,615.jpg,1,hide_craze,hide_craze,5,train,545,49,673,870,129,822,1024,1024,0,0,1024,1024,1024,1.5,64,False,True,True,224,224,images/615_1.png,5d2f2dd57a11a8404aceba8c5be3eefbfcb127afec5838fa112d492d28b35b00,41c4cd696613ce9e70b6157dca34768978e0612d134ade76cd345e9033ec6ca4,0.101125717163,0.21875
616_0,616,616.jpg,0,hide_craze,hide_craze,5,train,3,349,934,681,932,333,1024,1024,0,0,1024,1024,1024,1.5,64,False,True,True,224,224,images/616_0.png,c35a829bbbaf25c305255fb293eb240337a1e8b6b3aa9f706acffb5c1faa76a0,f847a8d00fbbec4d4bc282d6bd105085a3003183f5b4f27aff4ee523002d0588,0.295978546143,0.21875
617_0,617,617.jpg,0,hide_craze,hide_craze,5,train,1,214,931,638,931,425,1024,1024,0,0,1024,1024,1024,1.5,64,False,True,True,224,224,images/617_0.png,8cb8050028bc0fa577049e5c7f35d8e9cb1546daadc8d6261258579aca6a37e7,aeb1a81e5bc87a784e4cd1d65cbf44d2d0268e07dfbd08224553d49cfc1ac5e9,0.377345085144,0.21875
618_0,618,618.jpg,0,hide_craze,hide_craze,5,train,387,260,839,861,453,602,1024,1024,121,108,1024,1011,903,1.5,64,False,True,False,224,224,images/618_0.png,5406d139473f9a6e749e732f76511c6f6361113a9431e185ba93999bf12bafe8,355a852d5bd28d30b85cacb4073c2d3abe69b781df21bccb7ea7d3fede5532b3,0.334440753045,0.248062015504
619_0,619,619.jpg,0,hide_craze,hide_craze,5,train,155,406,983,719,829,314,1024,1024,0,0,1024,1024,1024,1.5,64,False,True,True,224,224,images/619_0.png,77f0eb7f608aa83c0d6f5a52a75ec714458da6b17f084122d520c9b478bf45bf,9143a16297da88e9140206b93426c957bf8305df74acc9124eb9cd8432feecfa,0.248247146606,0.21875
620_0,620,620.jpg,0,surface_injure,surface_injure,2,train,445,285,602,450,158,166,1024,1024,398,242,647,491,249,1.5,64,False,False,False,224,224,images/620_0.png,7badc0bf5143a5fba6c862b3b78392531873d3d5c7905c707827f1b1bb3f622e,3e80bdfbd330fe3d9040fe8179a8146f5ea2524e7f0118fd7aa38c1366e99efb,0.423025435074,0.899598393574
621_0,621,621.jpg,0,hide_craze,hide_craze,5,validation,186,381,778,986,593,606,1024,1024,27,115,936,1024,909,1.5,64,False,True,False,224,224,images/621_0.png,d3dab00e76d2eb0a39ea9621f0846ec83a91a846095766661fc954d8e5584593,310ff31b21015fd304183c32d5a341d5b20d60a12992b38f8b68b8befcc81612,0.434910157682,0.246424642464
621_1,621,621.jpg,1,surface_injure,surface_injure,2,validation,725,64,902,213,178,150,1024,1024,679,4,946,271,267,1.5,64,False,False,False,224,224,images/621_1.png,d3dab00e76d2eb0a39ea9621f0846ec83a91a846095766661fc954d8e5584593,927f019f02084605689b2fd22578c8e4732121ff3b6e752b0241fda6bcbb8435,0.374531835206,0.838951310861
621_2,621,621.jpg,2,surface_injure,surface_injure,2,validation,770,238,914,375,145,138,1024,1024,732,197,950,415,218,1.5,64,False,False,False,224,224,images/621_2.png,d3dab00e76d2eb0a39ea9621f0846ec83a91a846095766661fc954d8e5584593,271a0e8f9a31b92ea35012418857973b5ba3df483bc79146e7a4e0bac4618bf0,0.421050416632,1.02752293578
622_0,622,622.jpg,0,hide_craze,hide_craze,5,train,198,299,750,744,553,446,1024,1024,58,106,888,936,830,1.5,64,False,False,False,224,224,images/622_0.png,675e428dfb1eab28840d560aa4c8da2d290c3482242f9c2a487eda4dc61cfcfa,c070f19ba20d0d3186915aece3adc8e1143bedfca411d6ea4fcb1c2347c87844,0.358017128756,0.269879518072
623_0,623,623.jpg,0,hide_craze,hide_craze,5,test,55,511,852,689,798,179,1024,1024,0,0,1024,1024,1024,1.5,64,False,True,True,224,224,images/623_0.png,1710993058ca4b47b51a71abc014301ae21f04c2bde34a4d49f38b1b03b519af,a20ae39eb93bb22942465c3b8d2bfcd7314984b6cd882d4557f3ad0cd83b4277,0.136224746704,0.21875
623_1,623,623.jpg,1,surface_injure,surface_injure,2,test,858,383,902,508,45,126,1024,1024,785,350,974,539,189,1.5,64,False,False,False,224,224,images/623_1.png,1710993058ca4b47b51a71abc014301ae21f04c2bde34a4d49f38b1b03b519af,557e08b5453f09adfc45b7e0b2a359d16ad09a70f6fa864d64dcff4000cca294,0.15873015873,1.18518518519
624_0,624,624.jpg,0,hide_craze,hide_craze,5,train,92,153,944,769,853,617,1024,1024,0,0,1024,1024,1024,1.5,64,False,True,True,224,224,images/624_0.png,0ab9f505bfb3e6425015397fad58ff324a26544292689d10450e059d7a256501,ea16227bdd933a925bb705f839cbc25abaec0f5b10639e864ab5ab7d55b01b71,0.501919746399,0.21875
625_0,625,625.jpg,0,hide_craze,hide_craze,5,train,169,345,773,877,605,533,1024,1024,16,116,924,1024,908,1.5,64,False,True,False,224,224,images/625_0.png,c74fd8c06f05e784fa61add8041cc3ea056445b6e7b0c892730d7a3a0545b764,64c64035bb868cec3603d6d4a66ba72d6f48afd08263700cfefa515f8e7fe13a,0.39112077665,0.246696035242
626_0,626,626.jpg,0,hide_craze,hide_craze,5,train,98,417,827,650,730,234,1024,1024,0,0,1024,1024,1024,1.5,64,False,True,True,224,224,images/626_0.png,ab5c660d8ab95f769c92abd4f040163b407916a0a6d5e6547b16e10227b864e5,50f3c8a33b696ceb1985977611c6f847c7e0280ce9fc132e69d65d77d446fe86,0.162906646729,0.21875
627_0,627,627.jpg,0,surface_injure,surface_injure,2,train,167,285,369,650,203,366,1024,1024,0,192,549,741,549,1.5,64,False,True,False,224,224,images/627_0.png,f534be910526e7661606a9fa7167728bc5d330ab38434a5700ddfebd2d1f657a,8db944b459fdd0cdd2e2c7c1eeb3d3929684f0dbbfde7948a43a431181fbc63d,0.246508803886,0.408014571949
627_1,627,627.jpg,1,surface_injure,surface_injure,2,train,491,261,687,605,197,345,1024,1024,329,173,847,691,518,1.5,64,False,False,False,224,224,images/627_1.png,f534be910526e7661606a9fa7167728bc5d330ab38434a5700ddfebd2d1f657a,74d0908821f0b60d43df713d0e18c52f84f3d3be9219e6d5e7db657c460c3edc,0.25329452453,0.432432432432
628_0,628,628.jpg,0,hide_craze,hide_craze,5,train,155,280,317,314,163,35,1024,1024,113,174,358,419,245,1.5,64,False,False,False,224,224,images/628_0.png,8e99c248a975b8a3135231e6e850ea94a25cdc460748ee5a96b8640c826b6eb9,631e90c71228a2019b30d8f88a314944d3f02e582b3fcd5e3abbe570398efadb,0.0950437317784,0.914285714286
628_1,628,628.jpg,1,hide_craze,hide_craze,5,train,173,805,619,874,447,70,1024,1024,60,353,731,1024,671,1.5,64,False,True,False,224,224,images/628_1.png,8e99c248a975b8a3135231e6e850ea94a25cdc460748ee5a96b8640c826b6eb9,3a3f77d817b5b01ed4825f58f8d3abe08436998562c1bd156ba4a76334441645,0.0694961143032,0.333830104322
629_0,629,629.jpg,0,surface_injure,surface_injure,2,train,328,89,712,558,385,470,1024,1024,167,0,872,705,705,1.5,64,False,True,False,224,224,images/629_0.png,ebed6222f107bc011ede1aa1f72d365b746334faa9f9ecd0c228d699b1f451cd,01ead7f1e0af43b7fc72f0cc1d9e30be0cf0d2016bd2c87a33bb027309893310,0.364066193853,0.317730496454
630_0,630,630.jpg,0,surface_injure,surface_injure,2,train,522,1,784,978,263,978,1024,1024,0,0,1024,1024,1024,1.5,64,False,True,True,224,224,images/630_0.png,bd3ad5d3f46a5486291d98401ea055b4306f42e819c96b0db72e7bb0780cb593,df39a8e1447963eedd513eccfb725be84e1653e8286aa041021e43b62549d955,0.24529838562,0.21875
631_0,631,631.jpg,0,surface_injure,surface_injure,2,train,28,703,181,874,154,172,1024,1024,0,659,258,917,258,1.5,64,False,True,False,224,224,images/631_0.png,15a63298243e3897f0028781ddab8b37c1941410d4866f3d2bb9bd6458bb1322,a15751bf6a72385939e9309b568d438673c11c46c9beabf40d8d2c3deb03cca0,0.397932816537,0.868217054264
632_0,632,632.jpg,0,craze,craze,0,train,367,85,689,1003,323,919,1024,1024,0,0,1024,1024,1024,1.5,64,False,True,True,224,224,images/632_0.png,d32008f58a683a6eb5c0d1819fefc13c9e7fb1377b9a214b66c3e143422f9ebb,96bbf25fbc1d87db56e7394dede8d1eecc5a029bced5f41ea75d1d5ea2d06897,0.283085823059,0.21875
633_0,633,633.jpg,0,hide_craze,hide_craze,5,test,286,463,653,570,368,108,1024,1024,193,240,745,792,552,1.5,64,False,False,False,224,224,images/633_0.png,6a62b6dd863451a6f6aba83095c70692291cf39fa2b9cddebd323040fe755b20,7e52a07494407862e1c7335de7df22a8d86877c7b11bc7a10f12002cbdf37db0,0.130434782609,0.405797101449
634_0,634,634.jpg,0,craze,craze,0,train,603,5,723,964,121,960,1024,1024,0,0,1024,1024,1024,1.5,64,False,True,True,224,224,images/634_0.png,410da92e1eada9f84dd9c2f52edda80161faedc26ae712bce5d6ad58105b75fc,7d4ac995ba040d5469f1fec2fc1e85a8acf2edbe141f9796134c958558e35326,0.110778808594,0.21875
635_0,635,635.jpg,0,surface_injure,surface_injure,2,train,272,461,623,708,352,248,1024,1024,183,320,711,848,528,1.5,64,False,False,False,224,224,images/635_0.png,50b372ddbb5196ddc0b62f01fbffcba6222e82fb247830e7f095727a6db330cb,334ac36b78ecde975e3ba039902422f53a011545065da913106b49df0399aafb,0.313131313131,0.424242424242
636_0,636,636.jpg,0,surface_injure,surface_injure,2,train,494,589,802,899,309,311,1024,1024,414,510,881,977,467,1.5,64,False,False,False,224,224,images/636_0.png,72b1adbf452ae2ffda98dce769bb6de74f81dea00c3867c6ac530e8f8827cf9d,0d729154b04a43762f31d7dacae29db5ce357224e52f2626e8ae38a07b81c428,0.440641206113,0.47965738758
636_1,636,636.jpg,1,surface_injure,surface_injure,2,train,561,133,748,320,188,188,1024,1024,513,85,795,367,282,1.5,64,False,False,False,224,224,images/636_1.png,72b1adbf452ae2ffda98dce769bb6de74f81dea00c3867c6ac530e8f8827cf9d,840863588df5debb7568b0b1997e7459290a17452ac9c293696a9a82487e8a9a,0.444444444444,0.794326241135
637_0,637,637.jpg,0,craze,craze,0,train,473,10,584,1006,112,997,1024,1024,0,0,1024,1024,1024,1.5,64,False,True,True,224,224,images/637_0.png,67d22afb1497f9560dc1dc9625b50e4d1d2ccf5837b53387964dc8bdb5939232,027090784445b3b57e4f1dd5dbb8f64c81dfb607d543cfdcff9222cadebdf9d5,0.106491088867,0.21875
638_0,638,638.jpg,0,hide_craze,hide_craze,5,train,297,453,561,658,265,206,1024,1024,229,356,627,754,398,1.5,64,False,False,False,224,224,images/638_0.png,645b0851aa11fe281eb664a3b8ce1f2ba206c0b5f6375a24f4dd89e952982c46,d62663d82d651612b0dd207b71cc8cf5dba80a6280dabace73b18dced3def4eb,0.344625135729,0.562814070352
639_0,639,639.jpg,0,hide_craze,hide_craze,5,train,348,363,889,411,542,49,1024,1024,211,0,1024,813,813,1.5,64,False,True,False,224,224,images/639_0.png,1000663b5ef5526fd2b2eeb13766d218ab5043458f24ba15b1c1e18a38fcdf46,8a08eb50edb43179f6da14ed025a4f025b336319e255896d95f10a9412eacd5a,0.040180401804,0.275522755228
639_1,639,639.jpg,1,surface_injure,surface_injure,2,train,589,430,644,464,56,35,1024,1024,574,404,658,488,84,1.5,64,False,False,False,224,224,images/639_1.png,1000663b5ef5526fd2b2eeb13766d218ab5043458f24ba15b1c1e18a38fcdf46,e83d673890934262305feb63781e13b60a0f7715db8edf30e564f3c2561d61e6,0.277777777778,2.66666666667
641_0,641,641.jpg,0,hide_craze,hide_craze,5,train,214,467,500,794,287,328,1024,1024,110,384,602,876,492,1.5,64,False,False,False,224,224,images/641_0.png,5b2594866837e9abc9cf642f8ab4a56162e4a1c62065e929959bd8996d9065b5,d4a5519a109d45e6e3e3ae3c99a1d89a09d7de639efeab2192083bd8dfcdd10e,0.388888888889,0.455284552846
641_1,641,641.jpg,1,hide_craze,hide_craze,5,train,322,10,934,285,613,276,1024,1024,104,0,1024,920,920,1.5,64,False,True,False,224,224,images/641_1.png,5b2594866837e9abc9cf642f8ab4a56162e4a1c62065e929959bd8996d9065b5,7e27a38fc0fc7d386383a80b03fb66f31240229c708f4b521d023d0cd50bdc9c,0.199891304348,0.24347826087
641_2,641,641.jpg,2,craze,craze,0,train,836,338,998,981,163,644,1024,1024,58,58,1024,1024,966,1.5,64,False,True,False,224,224,images/641_2.png,5b2594866837e9abc9cf642f8ab4a56162e4a1c62065e929959bd8996d9065b5,6c45325b0a795b1c1e0e4d82b9b0824ce6c5198bbc5e4911eea079796b829e22,0.112491373361,0.231884057971
642_0,642,642.jpg,0,hide_craze,hide_craze,5,test,450,685,870,899,421,215,1024,1024,343,392,975,1024,632,1.5,64,False,True,False,224,224,images/642_0.png,9f597df939ecb936f2a499ca2bed0011dd343417e68bc86dfe206a79d4f6cb79,d6d354d56773736bbddf725e764de4b1eff36b4024e19181130462f1af4fdd8d,0.226613823906,0.354430379747
642_1,642,642.jpg,1,surface_injure,surface_injure,2,test,781,1,839,136,59,136,1024,1024,707,0,911,204,204,1.5,64,False,True,False,224,224,images/642_1.png,9f597df939ecb936f2a499ca2bed0011dd343417e68bc86dfe206a79d4f6cb79,401ffcb7e3d79b032b1cfe7bd9317959d4717557864e229a1d8bc721bea3923a,0.192810457516,1.09803921569
643_0,643,643.jpg,0,hide_craze,hide_craze,5,test,655,69,847,211,193,143,1024,1024,605,0,895,290,290,1.5,64,False,True,False,224,224,images/643_0.png,1bce313b290b241abb9778382c414a36ac5b250f9aac179cd1f18ce4ed52dee7,acfa222c0811d2df157aeb7d470eb1ddb757a34c08b06341bb23843c692e89b1,0.328168846611,0.772413793103
644_0,644,644.jpg,0,hide_craze,hide_craze,5,train,547,588,581,856,35,269,1024,1024,361,519,765,923,404,1.5,64,False,False,False,224,224,images/644_0.png,d4059b20a4f35cfc7eac2f8a9ec7510e3532b8a30066a87e315f22c2f15384a7,9b4a80741956126ea7d6e37d1ece927a49b4c9e1c1eec5fc182c3f9c8bcc6def,0.0576842956573,0.554455445545
645_0,645,645.jpg,0,surface_injure,surface_injure,2,train,727,224,844,397,118,174,1024,1024,654,179,915,440,261,1.5,64,False,False,False,224,224,images/645_0.png,7a1dacd55bebecaa6c2c3ab44bd9c94b67b59718993c4f9c5259f46aa9082ec6,d9ea1ccbf321335b65a9fa19e6f75cc6aa8b9aecc4020741bdb4e5e30a9e321b,0.301404853129,0.858237547893
646_0,646,646.jpg,0,surface_injure,surface_injure,2,validation,528,656,589,741,62,86,1024,1024,493,633,622,762,129,1.5,64,False,False,False,224,224,images/646_0.png,2d8875c4f6f324080e81576767b8b409cd9346f890f401e1d41995856995f5a4,c8e0d58bed190b7c2abb342277127063aac32b4f08f7f1042a4c751a5e7f5bb1,0.320413436693,1.73643410853
647_0,647,647.jpg,0,surface_injure,surface_injure,2,train,219,794,453,878,235,85,1024,1024,159,659,512,1012,353,1.5,64,False,False,False,224,224,images/647_0.png,9e6964829e4545d9cd00df1c8531ea87efb3e11ec45cb56c6dba6e1b8a965f64,f06b6f7436c1d5fa232081cb4919e958b011dc54577296c67ee15bf410276a9b,0.160301422851,0.634560906516
648_0,648,648.jpg,0,hide_craze,hide_craze,5,train,197,405,600,683,404,279,1024,1024,95,240,701,846,606,1.5,64,False,False,False,224,224,images/648_0.png,d4c3a30188f0c73c0bda2de826e6b185437cb64150fb60fbc9e82e940661737c,f5ba86c2ebbf373cd08c547ae5365f8f5f0a457b3db1b03fd0c3bfdcfd5e7c6b,0.306930693069,0.369636963696
648_1,648,648.jpg,1,hide_craze,hide_craze,5,train,570,692,633,1016,64,325,1024,1024,357,536,845,1024,488,1.5,64,False,True,False,224,224,images/648_1.png,d4c3a30188f0c73c0bda2de826e6b185437cb64150fb60fbc9e82e940661737c,4aa3d36b7e892f97df60dcb6e37ec92da80bd46926ae6e8c31761f40c1fa411b,0.0873421123354,0.459016393443
649_0,649,649.jpg,0,corrosion,corrosion,1,train,456,508,662,660,207,153,1024,1024,403,428,714,739,311,1.5,64,False,False,False,224,224,images/649_0.png,2bb53f30be797014ecb3b827a977229fd4758561cf1e59bb43d504cad5fcae19,f24f7202271ce029988dfdcff930fb58e201fa34e2f1cf95cd663f0777569147,0.327446986694,0.720257234727
650_0,650,650.jpg,0,corrosion,corrosion,1,test,533,20,684,941,152,922,1024,1024,0,0,1024,1024,1024,1.5,64,False,True,True,224,224,images/650_0.png,37a4547f801296f7dd9fef068a93e19d8be7a9a33db3c33b437af68708bd22ca,d1bba4ed739e110c78169433ca9084ecb983d7fcf6fce97f4d100a0222d4da96,0.133651733398,0.21875
651_0,651,651.jpg,0,surface_injure,surface_injure,2,train,397,510,511,617,115,108,1024,1024,367,476,540,649,173,1.5,64,False,False,False,224,224,images/651_0.png,f03ce14bf622aa932d68f95b9d4d93079700f20d5ebe1f34aa204da961e45518,eae2979b4103af3a88d8d1664d9a1cc464772be99ba58b9daed3636bb11e432c,0.414982124361,1.29479768786
652_0,652,652.jpg,0,hide_craze,hide_craze,5,train,341,416,650,522,310,107,1024,1024,262,236,727,701,465,1.5,64,False,False,False,224,224,images/652_0.png,ed2bb99075eae8ea25a4b77e4601acdea754672eb8aefd63a875e096a3be748d,a77f6051fde6c789e26d095ef52948f469cf89e68f84234c326e020e72d1c69b,0.153405017921,0.481720430108
652_1,652,652.jpg,1,craze,craze,0,train,661,302,866,600,206,299,1024,1024,538,226,987,675,449,1.5,64,False,False,False,224,224,images/652_1.png,ed2bb99075eae8ea25a4b77e4601acdea754672eb8aefd63a875e096a3be748d,5ad755951b8e2df7dd1aee6f6234becb6f81ac269a93be17066f48ceb1bc9ebb,0.305524278153,0.498886414254
653_0,653,653.jpg,0,surface_injure,surface_injure,2,train,239,256,817,966,579,711,1024,1024,0,0,1024,1024,1024,1.5,64,False,True,True,224,224,images/653_0.png,5417654034eaaff92b0342586e8749925327e8dec060c8e46d42670bd9e19c02,8a4050f0fc38e919348eb91f87981bdbc28401c0fd8f736a58eb6853e03f99d9,0.392598152161,0.21875
654_0,654,654.jpg,0,hide_craze,hide_craze,5,validation,620,594,717,638,98,45,1024,1024,594,542,741,689,147,1.5,64,False,False,False,224,224,images/654_0.png,4ab6444e51b29669f4e44eaa57842c6f311767b80dc1b9662be53fe3f298f7c2,856330fa5153ad367b3585613cff8a92e4492c7e6d0eedcbd4e1f0117490ca3c,0.204081632653,1.52380952381
655_0,655,655.jpg,0,hide_craze,hide_craze,5,test,747,856,845,925,99,70,1024,1024,721,815,870,964,149,1.5,64,False,False,False,224,224,images/655_0.png,620117b81623cc5d0317f175a3c89000198b1345f5fac79d54ae1306b5784ab1,1aaf887458cdbf8da10137fcdd448fb53624958d7d766f4bb30f65efd45c17d5,0.312148101437,1.5033557047
656_0,656,656.jpg,0,surface_injure,surface_injure,2,validation,764,741,822,836,59,96,1024,1024,720,716,864,860,144,1.5,64,False,False,False,224,224,images/656_0.png,d32659c9429b0a5f583c01b16d931f2b68411ff580d7a66f2fffd9a4692a30de,f89afbe3b9bcfad2ca093320813719532d7484cd5b5931e47a811101fb11d6be,0.273148148148,1.55555555556
657_0,657,657.jpg,0,surface_injure,surface_injure,2,train,502,472,558,510,57,39,1024,1024,486,447,572,533,86,1.5,64,False,False,False,224,224,images/657_0.png,b423b5c3937fb22dabf7fa86aebbdbf14776602054eadcaf3d41f3ddf51fbb3a,bdd808a94f430d906f962060cfa37e63a717aec9a14bb190fe08350edfdca8ab,0.300567874527,2.60465116279
658_0,658,658.jpg,0,corrosion,corrosion,1,test,452,16,639,991,188,976,1024,1024,0,0,1024,1024,1024,1.5,64,False,True,True,224,224,images/658_0.png,211cccc8b6f65fef673c8bfbbc3b24921efbbc977b13ef65bcf373ee3bc8bbb5,3a50fdd785cae49401986b2589aac39e39b32bb84fca168fe6e963dfabd29dc2,0.174987792969,0.21875
659_0,659,659.jpg,0,thunderstrike,thunderstrike,3,train,42,702,233,770,192,69,1024,1024,0,591,288,879,288,1.5,64,False,True,False,224,224,images/659_0.png,0776bbfc3dcf39bac05f72614f6c57f1faf960d80684878b3da6787dd9575079,eb63c18b0240b0386a067be7a2f40a2dd1c7f732c734a5be63fabee68d1fef06,0.159722222222,0.777777777778
660_0,660,660.jpg,0,surface_injure,surface_injure,2,train,328,306,550,488,223,183,1024,1024,271,229,606,564,335,1.5,64,False,False,False,224,224,images/660_0.png,5764d39129d4ff2a3309edc37129cbbeaf922beb2f6f4dfa1617d9d2381c05ad,40eb172ff875bc1a07495db9a5716d5ba5fc523d9abd485211966ecd9eca4a4f,0.363635553575,0.668656716418
660_1,660,660.jpg,1,craze,craze,0,train,344,325,427,438,84,114,1024,1024,299,295,470,466,171,1.5,64,False,False,False,224,224,images/660_1.png,5764d39129d4ff2a3309edc37129cbbeaf922beb2f6f4dfa1617d9d2381c05ad,71364f9451361ba782b8a573ef8286ff42b8ba4695fea8a29d011ef7eef34e8a,0.327485380117,1.30994152047
661_0,661,661.jpg,0,surface_injure,surface_injure,2,validation,366,330,494,410,129,81,1024,1024,332,272,526,466,194,1.5,64,False,False,False,224,224,images/661_0.png,af9540c6d463fa98dcdb60a85a936dd8bb65e591fb93b27399c0ce4f04997a14,3fdca4c8566657cbdae429fba8df346a6771b44900e48825b4d43d2ed593c0f0,0.277633117228,1.15463917526
662_0,662,662.jpg,0,surface_injure,surface_injure,2,train,505,436,658,814,154,379,1024,1024,296,340,865,909,569,1.5,64,False,False,False,224,224,images/662_0.png,48243f2abc1525dc256e339ef01f9efde4b45ff7f69a27337c0ea728eafbdf0a,e2b05ae0014eb1db495d5dfc739fa567de310a2b2e429213414abc4aa87a4e1a,0.180274955909,0.393673110721
662_1,662,662.jpg,1,surface_injure,surface_injure,2,train,505,947,564,1014,60,68,1024,1024,483,922,585,1024,102,1.5,64,False,True,False,224,224,images/662_1.png,48243f2abc1525dc256e339ef01f9efde4b45ff7f69a27337c0ea728eafbdf0a,1ff08f8e236ce6c5383ed6e4b00d9e09f2868eec9be9af6df4f66cb958dc20bc,0.392156862745,2.19607843137
663_0,663,663.jpg,0,hide_craze,hide_craze,5,test,787,570,945,724,159,155,1024,1024,746,527,985,766,239,1.5,64,False,False,False,224,224,images/663_0.png,e175a609acd58cfccee2efcb3ed6f352d4b9803ac9a2f76bc1044cbed9af9569,03b201dc4053b1eb4b11d711685c288778e3af0e7b4d57eaae665d094c671a52,0.431452530593,0.937238493724
664_0,664,664.jpg,0,surface_injure,surface_injure,2,train,41,736,400,910,360,175,1024,1024,0,484,540,1024,540,1.5,64,False,True,False,224,224,images/664_0.png,23c3b865f739501fa6cac8bc27f3ed786b9b7aee3920efee994a308379627bb3,c2e975c2e4d6944322a8de94fd40b4307837a7fe23795e6c45dfabe24645b688,0.216049382716,0.414814814815
664_1,664,664.jpg,1,surface_injure,surface_injure,2,train,773,152,1005,328,233,177,1024,1024,674,64,1024,414,350,1.5,64,False,True,False,224,224,images/664_1.png,23c3b865f739501fa6cac8bc27f3ed786b9b7aee3920efee994a308379627bb3,ca812da3e3edf848300faaff64c86b36feaa34280c74ed05455690ca0cb13d28,0.33666122449,0.64
665_0,665,665.jpg,0,hide_craze,hide_craze,5,validation,602,535,673,603,72,69,1024,1024,583,514,691,622,108,1.5,64,False,False,False,224,224,images/665_0.png,32d87dcd2f08fb1fc640ed544c3ce0aa52ec9b515004c65cda771bc648733c54,9e654a18a75b704918b12cd43803abadf6779c81e0521ebb49af2ecb13e06fbb,0.425925925926,2.07407407407
666_0,666,666.jpg,0,hide_craze,hide_craze,5,train,170,645,773,810,604,166,1024,1024,18,118,924,1024,906,1.5,64,False,True,False,224,224,images/666_0.png,67f37e632f3aba18f4de247efb9c27f1a41d7d7dd192e7945aa61ba1ecc16b48,cb9c0f7fec0027a786d7a311cd02d5a0756cb6856ae4e7b885714ebca3fd9902,0.122148638705,0.247240618102
666_1,666,666.jpg,1,hide_craze,hide_craze,5,train,458,53,728,264,271,212,1024,1024,389,0,796,407,407,1.5,64,False,True,False,224,224,images/666_1.png,67f37e632f3aba18f4de247efb9c27f1a41d7d7dd192e7945aa61ba1ecc16b48,740fa8ac8540db486d53c3dfde8cc4047ef3515e057e349f4087fa556961ac63,0.346829742407,0.550368550369
667_0,667,667.jpg,0,hide_craze,hide_craze,5,train,548,411,767,963,220,553,1024,1024,194,194,1024,1024,830,1.5,64,False,True,False,224,224,images/667_0.png,589a2f78f646427edf62f54f832f5efc977ab41325edea5ed14c11834fc0dd13,b8be13c040423dae13560edcd9d0af705e2aeb826e1fe5e823700d1f05a686c1,0.176600377413,0.269879518072
669_0,669,669.jpg,0,surface_injure,surface_injure,2,validation,386,5,555,250,170,246,1024,1024,285,0,654,369,369,1.5,64,False,True,False,224,224,images/669_0.png,a8fd0f265d7c8333323cbb3c0d5e8fe165bf7f6a631782716b1d8b127cc31032,cccb6842b56d063ab7b36520541317b60456d00944209499c76622e9e6100095,0.307136404697,0.607046070461
669_1,669,669.jpg,1,surface_injure,surface_injure,2,validation,422,749,473,845,52,97,1024,1024,374,723,520,869,146,1.5,64,False,False,False,224,224,images/669_1.png,a8fd0f265d7c8333323cbb3c0d5e8fe165bf7f6a631782716b1d8b127cc31032,448c73e11e87b2a7bef6448dc7be589335641482bb2c8839f513c2e10bd39dbf,0.236629761681,1.53424657534
670_0,670,670.jpg,0,hide_craze,hide_craze,5,train,494,369,748,619,255,251,1024,1024,429,302,812,685,383,1.5,64,False,False,False,224,224,images/670_0.png,32868a042d4f9c734730a705e66ae863720f4e54a5eaa5a11606b51cb67fe2b8,3ad00adcb9ebcad7306975894cf1a3cb49ba8c15e2539a39446d565763796bdf,0.436331285918,0.584856396867
670_1,670,670.jpg,1,surface_injure,surface_injure,2,train,469,330,537,367,69,38,1024,1024,450,296,554,400,104,1.5,64,False,False,False,224,224,images/670_1.png,32868a042d4f9c734730a705e66ae863720f4e54a5eaa5a11606b51cb67fe2b8,23cd8890453e48ec8e16e9d984b06635b8fdd6e64558d47b069648e50635ca18,0.242418639053,2.15384615385
671_0,671,671.jpg,0,hide_craze,hide_craze,5,test,228,467,780,935,553,469,1024,1024,88,194,918,1024,830,1.5,64,False,True,False,224,224,images/671_0.png,b1bcccb5e58a0a5f7224852243e9da493af1acb9a346a6dd9abf1c0cb4706686,0cef1713b1562da01686a874140bf3ebb38268fa05da0d512d645448bb89ddbd,0.376479895486,0.269879518072
671_1,671,671.jpg,1,surface_injure,surface_injure,2,test,748,927,947,1020,200,94,1024,1024,697,724,997,1024,300,1.5,64,False,True,False,224,224,images/671_1.png,b1bcccb5e58a0a5f7224852243e9da493af1acb9a346a6dd9abf1c0cb4706686,89a86402be4a3c4651a52ab1b520d6279217e83c5ac19f9e0a0b27553acd8f57,0.208888888889,0.746666666667
672_0,672,672.jpg,0,surface_injure,surface_injure,2,train,375,320,494,372,120,53,1024,1024,344,255,524,435,180,1.5,64,False,False,False,224,224,images/672_0.png,532684c8aee2e04b86842723773f0c1226b5febd256e1ff9cd46ee2aa7421eae,4673decfe4af58f2a73b9699c6c5a6200d5cf55409ccf7b13e2c63df644b325e,0.196296296296,1.24444444444
672_1,672,672.jpg,1,surface_injure,surface_injure,2,train,516,685,575,716,60,32,1024,1024,500,655,590,745,90,1.5,64,False,False,False,224,224,images/672_1.png,532684c8aee2e04b86842723773f0c1226b5febd256e1ff9cd46ee2aa7421eae,1ba4da3854ff0c898da0bc464c3fbee587f4bd133d4eeb8acfcea4ef60444822,0.237037037037,2.48888888889
672_2,672,672.jpg,2,corrosion,corrosion,1,train,570,197,697,319,128,123,1024,1024,537,161,729,353,192,1.5,64,False,False,False,224,224,images/672_2.png,532684c8aee2e04b86842723773f0c1226b5febd256e1ff9cd46ee2aa7421eae,8c6a9bc2fe974cdff6f63b25d1a8a864ec9d38b113de2a13a283d4b7de4cee86,0.427083333333,1.16666666667
673_0,673,673.jpg,0,surface_injure,surface_injure,2,train,231,274,516,592,286,319,1024,1024,133,193,612,672,479,1.5,64,False,False,False,224,224,images/673_0.png,4e701a46f6ee66a81915bd5bb176b0d64914c762227f460318407168d0c73135,f95e8b68c2dea3743a454fd4254977683fd45915d852b94a2c75e1a6215e1048,0.397635993567,0.46764091858
674_0,674,674.jpg,0,surface_injure,surface_injure,2,validation,653,536,747,597,95,62,1024,1024,628,494,771,637,143,1.5,64,False,False,False,224,224,images/674_0.png,22de20e8a5aea6e51655b360ba90c49c2fe8afdebbb1357567c0bf48a60d949f,ad971a9cbe294fa393816fc6cc46f3707ef3ee8fca987e134e7b386194619ed2,0.288033644677,1.56643356643
675_0,675,675.jpg,0,hide_craze,hide_craze,5,validation,358,447,697,844,340,398,1024,1024,228,346,825,943,597,1.5,64,False,False,False,224,224,images/675_0.png,9df30876f54675cb9132570e939293f71327103aaf5647a90cbdc366b54a257d,ab2754ab6230040190404eb9106531978ba95d244c00afb9325ae740276b989e,0.379676158571,0.375209380235
676_0,676,676.jpg,0,hide_craze,hide_craze,5,train,270,130,506,335,237,206,1024,1024,209,54,565,410,356,1.5,64,False,False,False,224,224,images/676_0.png,7527b6d38d74461cabe3271858e7e82cfb2992fd0e92fa71ae0b14f34075437c,ba8f01ddaabdb2f39d3be0f9bf2401efed882d03978cad934c43b5be9880bc7e,0.385225981568,0.629213483146
676_1,676,676.jpg,1,hide_craze,hide_craze,5,train,298,675,612,877,315,203,1024,1024,218,539,691,1012,473,1.5,64,False,False,False,224,224,images/676_1.png,7527b6d38d74461cabe3271858e7e82cfb2992fd0e92fa71ae0b14f34075437c,911b9f4d6c992787f262ccfce0bf969783a63e878907c2767d428c456c95a9cf,0.285814534548,0.473572938689
677_0,677,677.jpg,0,hide_craze,hide_craze,5,test,461,330,917,613,457,284,1024,1024,338,128,1024,814,686,1.5,64,False,True,False,224,224,images/677_0.png,0317aca183eeeda001ec98a1f241518e3ad7bf9690ec47b4edb19676d2e705b7,074cb00c13d952f08b6aefd20bfb2a67379bcb2493e91d56e3760656f95a5932,0.275794949383,0.326530612245
678_0,678,678.jpg,0,hide_craze,hide_craze,5,train,136,347,742,592,607,246,1024,1024,0,13,911,924,911,1.5,64,False,True,False,224,224,images/678_0.png,e0b5eab834d3c4bc73d3ecdcda58bdcdabaf98e57c03c55ce7b7ddebbee65b8e,820938337ef1ec78458a9a4ecec57b8e5d775f61cb3e5f914d0d3c0cc5cdb2f9,0.179923149312,0.245883644347
679_0,679,679.jpg,0,surface_injure,surface_injure,2,train,166,219,855,677,690,459,1024,1024,0,0,1024,1024,1024,1.5,64,False,True,True,224,224,images/679_0.png,fd9eda96f177dae114875c45900655e9d968ef5e84cb516d7abd090836270b9e,1e1f5ed9a192f484bdcf92d4be1607765ab1ff3e5c54849623ffcfb45dd3b823,0.302038192749,0.21875
680_0,680,680.jpg,0,corrosion,corrosion,1,train,402,5,602,1010,201,1006,1024,1024,0,0,1024,1024,1024,1.5,64,False,True,True,224,224,images/680_0.png,e7aa1e2723d420a709d45c556f6f20a9c43cf7352e444dff6bb581696f045267,f6f7031c4dbebf84b755de97b7bec7a1e06dd0d7a6e58933ff3f46dd6e2ae833,0.192838668823,0.21875
681_0,681,681.jpg,0,surface_injure,surface_injure,2,train,612,185,784,320,173,136,1024,1024,567,122,827,382,260,1.5,64,False,False,False,224,224,images/681_0.png,02d8c578ed2408d30f2d7f949f171a458ff16c45c9e8db7cf1b81278ae78571d,f9db28016330ec7fdad9cc0d2e2fdb1f0f5d5ee2f64621ee0a0d83c8f72c5146,0.348047337278,0.861538461538
681_1,681,681.jpg,1,surface_injure,surface_injure,2,train,502,927,706,1022,205,96,1024,1024,449,716,757,1024,308,1.5,64,False,True,False,224,224,images/681_1.png,02d8c578ed2408d30f2d7f949f171a458ff16c45c9e8db7cf1b81278ae78571d,b027259770af2003222ce78bf3f4d911acbb813d7d93042537038cd285f26c51,0.20745488278,0.727272727273
682_0,682,682.jpg,0,hide_craze,hide_craze,5,train,466,799,656,869,191,71,1024,1024,417,690,704,977,287,1.5,64,False,False,False,224,224,images/682_0.png,4aac17a662e99e1bf0ed20606b4ccbef4c22f52cafbd11d614e81eb5c21c6e68,074c3bfd3adc6f36b6dc59e40c06f1f75730126bff0a7980163b2d2c79dd5278,0.164637181464,0.780487804878
682_1,682,682.jpg,1,hide_craze,hide_craze,5,train,644,747,673,941,30,195,1024,1024,511,697,804,990,293,1.5,64,False,False,False,224,224,images/682_1.png,4aac17a662e99e1bf0ed20606b4ccbef4c22f52cafbd11d614e81eb5c21c6e68,eb71fa15d1fdce3a2887d6c6ea05d9a4494ec9e6a47e551735401a223564ae5d,0.0681429020722,0.764505119454
683_0,683,683.jpg,0,surface_injure,surface_injure,2,train,445,855,550,969,106,115,1024,1024,410,825,583,998,173,1.5,64,False,False,False,224,224,images/683_0.png,b1cbbd0bf8a423ac0e8a22c85d17c85e344e60da50599cd468affaf2e502330b,7ad5a9d1e380d7e5310bbdae66355ee73cdd036b9493a94cdc117932ffa469e7,0.407297270206,1.29479768786
683_1,683,683.jpg,1,surface_injure,surface_injure,2,train,547,66,698,203,152,138,1024,1024,508,20,736,248,228,1.5,64,False,False,False,224,224,images/683_1.png,b1cbbd0bf8a423ac0e8a22c85d17c85e344e60da50599cd468affaf2e502330b,f5687c7959e7efbb06fdc2a7e453d73d028b17c52e326cb5c4052f815ca4a5d2,0.40350877193,0.982456140351
683_2,683,683.jpg,2,surface_injure,surface_injure,2,train,444,480,655,644,212,165,1024,1024,390,402,708,720,318,1.5,64,False,False,False,224,224,images/683_2.png,b1cbbd0bf8a423ac0e8a22c85d17c85e344e60da50599cd468affaf2e502330b,4cf89bb30cf368e927aabbbc0dfcde7cb9c6ebf67a138e3996669d4f69857332,0.345911949686,0.704402515723
684_0,684,684.jpg,0,surface_injure,surface_injure,2,train,180,291,806,477,627,187,1024,1024,22,0,963,941,941,1.5,64,False,True,False,224,224,images/684_0.png,05ad8e677cae5aa7bed647c7a1479bb1e510f710ec78ca1d53ab801a3a2e239a,6499662cff41492fff33ddf369e72ec6cf2274b02eb7ad9bc725d2385ca7510b,0.132412779043,0.238044633369
684_1,684,684.jpg,1,surface_injure,surface_injure,2,train,208,728,773,833,566,106,1024,1024,65,175,914,1024,849,1.5,64,False,True,False,224,224,images/684_1.png,05ad8e677cae5aa7bed647c7a1479bb1e510f710ec78ca1d53ab801a3a2e239a,9539ae22f7da848d083dad98b60695bc5f3a76d5224950bb3db580141154f780,0.0832351786415,0.263839811543
685_0,685,685.jpg,0,craze,craze,0,validation,727,3,948,360,222,358,1024,1024,487,0,1024,537,537,1.5,64,False,True,False,224,224,images/685_0.png,9ce88339d972540b34938e57e1eb2b1b299ce60e9faebb2786f7497dbef92b18,7d5304f116b6341b5848f6c229837cdaddde11d630a7713f68b28223adab621d,0.275605214153,0.417132216015
685_1,685,685.jpg,1,craze,craze,0,validation,605,386,914,1024,310,639,1024,1024,65,65,1024,1024,959,1.5,64,False,True,False,224,224,images/685_1.png,9ce88339d972540b34938e57e1eb2b1b299ce60e9faebb2786f7497dbef92b18,985c274cb847ee1f1f75822131b912c06a3a6919b6e3b3124ccb42bff8803ae6,0.215389901498,0.233576642336
686_0,686,686.jpg,0,thunderstrike,thunderstrike,3,test,389,177,777,880,389,704,1024,1024,0,0,1024,1024,1024,1.5,64,False,True,True,224,224,images/686_0.png,bf043de2c8d5db2294adb0159117568aec6b3bd6b7bc786d1b131f814ec23d3a,baaa25f8df237e3d17c556acb093b14193d63543a76d49a67a0d147a3926ee5e,0.261169433594,0.21875
687_0,687,687.jpg,0,surface_injure,surface_injure,2,validation,434,570,620,697,187,128,1024,1024,386,492,667,773,281,1.5,64,False,False,False,224,224,images/687_0.png,4e2dad5175ff52b8817689f08532b25706bb5b6b5fc2fc5f80a756001ea52962,affd29e22ee2ff8324288046b6f02eb8f2fa201ec2fc19f2391809e17ea3d158,0.303136991679,0.797153024911
688_0,688,688.jpg,0,thunderstrike,thunderstrike,3,train,136,522,658,702,523,181,1024,1024,4,219,789,1004,785,1.5,64,False,False,False,224,224,images/688_0.png,48209a9a34edb7d5c67425bf263074f77c65e53aaa792fecdb0109a5667599f3,4afb2667eb247fb20c666d9625ba5fcb34a425ad6ef38cf531ee3f07e21486d8,0.153617590977,0.285350318471
689_0,689,689.jpg,0,surface_injure,surface_injure,2,test,409,108,467,224,59,117,1024,1024,349,77,525,253,176,1.5,64,False,False,False,224,224,images/689_0.png,e60f6175823e878230fdd0dba76b135fbcacc7d185fc87cc4e811bbe305b149d,b2e03441233def5b345cca4dc4af38acbc9575bfc17d9306747dc1a6f76e61ac,0.222849948347,1.27272727273
689_1,689,689.jpg,1,surface_injure,surface_injure,2,test,547,230,672,347,126,118,1024,1024,514,193,703,382,189,1.5,64,False,False,False,224,224,images/689_1.png,e60f6175823e878230fdd0dba76b135fbcacc7d185fc87cc4e811bbe305b149d,2387e7dac1d0f457514c9f3e71a5a22e8bcb84b6f5dd610cfca67fe4883d4898,0.416225749559,1.18518518519
689_2,689,689.jpg,2,surface_injure,surface_injure,2,test,567,549,662,605,96,57,1024,1024,542,504,686,648,144,1.5,64,False,False,False,224,224,images/689_2.png,e60f6175823e878230fdd0dba76b135fbcacc7d185fc87cc4e811bbe305b149d,95413fe8822bfe345a8ababcd57ec822623171a8c9ef77a6507837c94649b32b,0.263888888889,1.55555555556
689_3,689,689.jpg,3,surface_injure,surface_injure,2,test,422,227,481,295,60,69,1024,1024,399,208,503,312,104,1.5,64,False,False,False,224,224,images/689_3.png,e60f6175823e878230fdd0dba76b135fbcacc7d185fc87cc4e811bbe305b149d,03d814d47297eb7f989fd837730c1b1b649a8cf146ceb41251abf544fed7e08c,0.382766272189,2.15384615385
690_0,690,690.jpg,0,thunderstrike,thunderstrike,3,train,56,627,562,797,507,171,1024,1024,0,263,761,1024,761,1.5,64,False,True,False,224,224,images/690_0.png,83b640176014805ada1d7bb9c19410789bcf68913cb8f4572b772262e8501ef1,867d349fa3c8a12659c35f247b31314df5381520a062655f28e465cb10dc3821,0.149704465906,0.294349540079
691_0,691,691.jpg,0,craze,craze,0,train,281,780,727,900,447,121,1024,1024,168,353,839,1024,671,1.5,64,False,True,False,224,224,images/691_0.png,ff72d2206ecfe72a89410cd9716b0215218865d4be965b57b355fcfa6d9e0a49,d5aae85e61d69787061f5dc94377d0e7f5c8ffef482442ae7e93c52ba53a8895,0.120128997581,0.333830104322
692_0,692,692.jpg,0,craze,craze,0,train,31,256,906,599,876,344,1024,1024,0,0,1024,1024,1024,1.5,64,False,True,True,224,224,images/692_0.png,0ff713117e90514f630898185c601501b97e909542b99817e30ca57303d435f7,83dec7574d5827c0e83c9fbff5daf61b078a7b912a1ae14e4956be49bc68de7d,0.287384033203,0.21875
693_0,693,693.jpg,0,hide_craze,hide_craze,5,train,244,158,792,633,549,476,1024,1024,105,0,929,824,824,1.5,64,False,True,False,224,224,images/693_0.png,660ace8605862cd3bb468bd34dde2f803b09816595fe39c541305bd078d15bfc,af303cd54dfa03cdfc560fc1d45f2ef3f6130802a5e286ca956a62a7abc6115b,0.384879583373,0.271844660194
694_0,694,694.jpg,0,hide_craze,hide_craze,5,train,94,197,716,774,623,578,1024,1024,0,17,935,952,935,1.5,64,False,True,False,224,224,images/694_0.png,92ed6eb7d042bfcb158aa118d26d788e6bfb6c38f56b0faa37b7aef3d138facb,cb152ff527c04056e378991b686d6c5ed09cda611e03d8e0aa51d5291848de63,0.411900826446,0.239572192513
695_0,695,695.jpg,0,hide_craze,hide_craze,5,train,70,406,609,550,540,145,1024,1024,0,72,810,882,810,1.5,64,False,True,False,224,224,images/695_0.png,7f32d931c0e26eb5660da319c4e5a37f8ed777d428b82da10d97471a56200712,d0e7e4173520c5312b87d7a7e61f1546c0da0abdb3223512c6c0a27b30af6fe9,0.119341563786,0.276543209877
695_1,695,695.jpg,1,hide_craze,hide_craze,5,train,866,450,1005,550,140,101,1024,1024,814,394,1024,604,210,1.5,64,False,True,False,224,224,images/695_1.png,7f32d931c0e26eb5660da319c4e5a37f8ed777d428b82da10d97471a56200712,84b8a5946bbb8a62cf027e71eb645fa21086009e68b2ed1a6eebb9799c4bce77,0.320634920635,1.06666666667
696_0,696,696.jpg,0,hide_craze,hide_craze,5,test,148,367,567,597,420,231,1024,1024,42,166,672,796,630,1.5,64,False,False,False,224,224,images/696_0.png,e0a9d90478a4e7f94365b148226c7a81b983a80ea3f48567fcdfbe800bc8db4e,3577e9ee694d024b22ca4312a1f0e59a42a2bda982d26bf03e27a38e57828c25,0.244444444444,0.355555555556
696_1,696,696.jpg,1,hide_craze,hide_craze,5,test,583,545,998,670,416,126,1024,1024,400,295,1024,919,624,1.5,64,False,True,False,224,224,images/696_1.png,e0a9d90478a4e7f94365b148226c7a81b983a80ea3f48567fcdfbe800bc8db4e,8f1463a5580e32d41c47a8d33a7ed5198ac3285755b77549e94632c0c1d0c731,0.134615384615,0.358974358974
697_0,697,697.jpg,0,hide_craze,hide_craze,5,train,227,533,609,872,383,340,1024,1024,130,414,705,989,575,1.5,64,False,False,False,224,224,images/697_0.png,bedc00789e00c43b14058fc712337000160eec7beba43bf508432f31c3662ff9,247c049f807731314b31aed553f2947737d2e598f814cb8f65ec894d10ec4ff7,0.393860113422,0.389565217391
697_1,697,697.jpg,1,hide_craze,hide_craze,5,train,628,263,866,555,239,293,1024,1024,526,188,966,628,440,1.5,64,False,False,False,224,224,images/697_1.png,bedc00789e00c43b14058fc712337000160eec7beba43bf508432f31c3662ff9,4fb593a622e231867515a9afa3b0f8b6c0db082bffc15ad47dd3b871cd73d4f0,0.361709710744,0.509090909091
698_0,698,698.jpg,0,hide_craze,hide_craze,5,validation,56,158,681,806,626,649,1024,1024,0,0,974,974,974,1.5,64,False,True,False,224,224,images/698_0.png,504214e67b931c5317b2121c1c406aea0c565c01f7cce097da0f04a776fbe808,2743e9c55e7e05cef4cd8f5c4a35297bdcf48157030cf22fce133052a208e912,0.428253692515,0.229979466119
699_0,699,699.jpg,0,thunderstrike,thunderstrike,3,test,150,578,320,869,171,292,1024,1024,15,504,453,942,438,1.5,64,False,False,False,224,224,images/699_0.png,13cf8c51216e1331100d6d29f6b523a3c26e892d64e6d45774295b83f38b01a2,e5846ad2df5013a4fe4f3f053b279a40bf0b2be379e14f5fd88b43ace9ed70d9,0.260273972603,0.511415525114
701_0,701,701.jpg,0,craze,craze,0,test,227,253,919,1000,693,748,1024,1024,0,0,1024,1024,1024,1.5,64,False,True,True,224,224,images/701_0.png,985ed0f0324f5238f028e3b9f4d662e9888e1d9a361ce06b0a8bc2d91bb5fe18,ea388fa9bb300c63821db06a423bcbc6b3dfe40b2bc857d8913598bfbec00e08,0.49435043335,0.21875
702_0,702,702.jpg,0,surface_injure,surface_injure,2,train,202,525,359,956,158,432,1024,1024,0,376,648,1024,648,1.5,64,False,True,False,224,224,images/702_0.png,043cb1de0cd15c3c63cb75ca7da279ce69922625c9af0340f9b0d82e8e4015a1,1e1623453cf0c1d4f9e6a097e59f21163b6cbebdf51faa89293e753f1d482fe0,0.162551440329,0.345679012346
702_1,702,702.jpg,1,surface_injure,surface_injure,2,train,295,91,411,516,117,426,1024,1024,33,0,672,639,639,1.5,64,False,True,False,224,224,images/702_1.png,043cb1de0cd15c3c63cb75ca7da279ce69922625c9af0340f9b0d82e8e4015a1,dbd61bc6b223891e577a2e222d1a47da6d2ee8dcac3f176c81d4534e9e07efc2,0.1220657277,0.350547730829
703_0,703,703.jpg,0,corrosion,corrosion,1,train,5,397,1008,788,1004,392,1024,1024,0,0,1024,1024,1024,1.5,64,False,True,True,224,224,images/703_0.png,6f873faca28d8ea29c817ad16a75d31ec9f8b32f0621df7a96ff79702772addc,2af80f3767f98505de6de4193b2a1b025ca0abb798e695ab76d1da54f5653f42,0.375335693359,0.21875
704_0,704,704.jpg,0,corrosion,corrosion,1,test,548,30,728,1003,181,974,1024,1024,0,0,1024,1024,1024,1.5,64,False,True,True,224,224,images/704_0.png,b9e0b8c3d2f53622d5a0809371509f45f1546d78a05d9dd4129e392d77749b98,3f8cc68062aa6d67428be66c1134a839925d4e82301959f17d85822ae370d832,0.168127059937,0.21875
705_0,705,705.jpg,0,hide_craze,hide_craze,5,train,412,294,866,642,455,349,1024,1024,297,126,980,809,683,1.5,64,False,False,False,224,224,images/705_0.png,13c10b7c477a3a3dfa7c2a97a13726bc686aac18218ed1d704a61a0f27858697,05b51864dc1ff5c226bf37a80cef192d3c9120b55e226d523d534cc4738f4108,0.340404596893,0.327964860908
706_0,706,706.jpg,0,hide_craze,hide_craze,5,validation,142,303,683,625,542,323,1024,1024,5,57,818,870,813,1.5,64,False,False,False,224,224,images/706_0.png,435a9fd69c2e3ff1f6fe8c09b9ffa98b0ecc7c3ac42630b15a03ce6aa412b7d5,ce6e513dfd0c33a646bd068b69d16b22c9aaa0c70adca906e88670129cfe1b24,0.264862648626,0.275522755228
707_0,707,707.jpg,0,corrosion,corrosion,1,train,387,20,617,947,231,928,1024,1024,0,0,1024,1024,1024,1.5,64,False,True,True,224,224,images/707_0.png,3f37ff92fbfa04fc3ce0ed0859915ec44afca3ee5bdbc57121b29fe9b03fe10a,b947eb16f218a782d42f2a3d6709b2ddad9f7d2b1e498ac5308f8b2c19c48f63,0.204437255859,0.21875
708_0,708,708.jpg,0,thunderstrike,thunderstrike,3,train,270,103,616,281,347,179,1024,1024,182,0,703,521,521,1.5,64,False,True,False,224,224,images/708_0.png,f29f73ba9de0b811e7c484e4a332dd50e29d22aca41ee7044694bdc2abce09d3,1659458fbfcc079b6980bca6952bb6d9f9ec3338988750f8cd80325e8acc9fc5,0.228826890558,0.429942418426
709_0,709,709.jpg,0,hide_craze,hide_craze,5,train,342,300,430,772,89,473,1024,1024,30,180,740,890,710,1.5,64,False,False,False,224,224,images/709_0.png,f620d6e2bec4b214f4f0f5afbbe05fd61a70227450f0936e557c2b7aa2acfe46,325dfe97c7affeb866bffd96008ba97b0161e3b6535a4c04b12efcd8c347cd8f,0.0835092243602,0.315492957746
710_0,710,710.jpg,0,craze,craze,0,train,120,439,917,870,798,432,1024,1024,0,0,1024,1024,1024,1.5,64,False,True,True,224,224,images/710_0.png,40e6a30dead7957340b6c101fb6e4f8e442b3bd60c2c9295f186147b8fec1db4,d1387278d94f049727b4b4da6756c576965a4c0824bc6979a8e91fa43df22dc7,0.328765869141,0.21875
711_0,711,711.jpg,0,surface_injure,surface_injure,2,train,303,494,412,638,110,145,1024,1024,248,456,466,674,218,1.5,64,False,False,False,224,224,images/711_0.png,e80c6bb23251ed92747a504e4bf8aeecfb9e2e394bbed9516318bbd56443a180,02456fc87dfbdd59942fdc18b34a7c699fce0db062540ab2d5986c71e5d2f2f0,0.335619897315,1.02752293578
712_0,712,712.jpg,0,corrosion,corrosion,1,train,467,27,608,1005,142,979,1024,1024,0,0,1024,1024,1024,1.5,64,False,True,True,224,224,images/712_0.png,071abe7e1340c4d56677451f3cfa2d940b0600ed30c8ad5d34fbd0f61764da24,fff406d79c7f6e6b94518aaa90e67b3bf0079c1858829ea11ef4141fa3d96034,0.132577896118,0.21875
713_0,713,713.jpg,0,craze,craze,0,train,281,13,583,780,303,768,1024,1024,0,0,1024,1024,1024,1.5,64,False,True,True,224,224,images/713_0.png,0e3c36c4965ed554e36f49bffb67f34c637068efa0875836cf7401a97d9aee2f,d91a983bf9e4658b6e7d1bb34b4f9ddf5d76f81bce3a7fc3265ddcfa8421ba37,0.221923828125,0.21875
714_0,714,714.jpg,0,craze,craze,0,train,190,1,553,486,364,486,788,788,6,0,735,729,729,1.5,64,False,True,False,224,224,images/714_0.png,35f8d49f90b725844caf28dbbcc9e7c48f128f5c7d030b2c629d64b237655419,b6c8d1d2dc85870837c460839eb70878d60f21b0fb853c071f1c015c7d3cd430,0.332876085963,0.307270233196
715_0,715,715.jpg,0,craze,craze,0,train,413,159,902,989,490,831,1024,1024,0,0,1024,1024,1024,1.5,64,False,True,True,224,224,images/715_0.png,0716e6400ce7983a3094a1937db2923041a38ccab1099a0e032b8fcec839550a,8c6f9d586827d5ade850e72f46c05d19ebdcd50b15d9838f24ae1d8d2c97cfd2,0.388326644897,0.21875
716_0,716,716.jpg,0,craze,craze,0,train,600,114,734,963,135,850,1024,1024,0,0,1024,1024,1024,1.5,64,False,True,True,224,224,images/716_0.png,c46bc15bf1389de14f186769b9a03994d8204a05f9c0ee1a14131a49f6709310,3f0c3f06dc21b60de12180c3625dfc3a863aa07697b8fe90e5f14bd123ddf8bc,0.109434127808,0.21875
716_1,716,716.jpg,1,craze,craze,0,train,761,360,1024,917,264,558,1024,1024,187,187,1024,1024,837,1.5,64,False,True,False,224,224,images/716_1.png,c46bc15bf1389de14f186769b9a03994d8204a05f9c0ee1a14131a49f6709310,cda59e530a800c3ec0a172e13c8c258d8b72ec18e8d1915b062dadb3bcb3e0dc,0.21027479092,0.267622461171
717_0,717,717.jpg,0,craze,craze,0,train,620,114,859,492,240,379,1024,1024,454,18,1023,587,569,1.5,64,False,False,False,224,224,images/717_0.png,2279f69a0b63a0dacd769e58430bab1947b1e6883cf6137e90ab97fd80630217,1feba0323c877a71bc7691df07f9c1b37297dcab1ae0e24641cd2ee47ee669f5,0.280947983235,0.393673110721
717_1,717,717.jpg,1,hide_craze,hide_craze,5,train,478,522,698,835,221,314,1024,1024,352,442,823,913,471,1.5,64,False,False,False,224,224,images/717_1.png,2279f69a0b63a0dacd769e58430bab1947b1e6883cf6137e90ab97fd80630217,3259300b22bf476677dcf2e2034a5b037a1180120368dfa763010ed2adbc361f,0.312809624912,0.475583864119
719_0,719,719.jpg,0,corrosion,corrosion,1,train,558,20,711,547,154,528,1024,1024,232,0,1024,792,792,1.5,64,False,True,False,224,224,images/719_0.png,532350f3ed6a5847d13a2984997e6768300312a36710202d21b8b49b961e3cdf,56b30364f5ef1e105a8109ba50b256d1deafc8809f1e39c8783d8713fceadced,0.12962962963,0.282828282828
719_1,719,719.jpg,1,corrosion,corrosion,1,train,639,570,764,986,126,417,1024,1024,388,398,1014,1024,626,1.5,64,False,True,False,224,224,images/719_1.png,532350f3ed6a5847d13a2984997e6768300312a36710202d21b8b49b961e3cdf,7138aa6f4144116fbf42e9d24fb0de37b8e7f4890acfdf4aac1bbd822afa8aa5,0.134078126754,0.357827476038
720_0,720,720.jpg,0,hide_craze,hide_craze,5,train,464,20,578,991,115,972,1024,1024,0,0,1024,1024,1024,1.5,64,False,True,True,224,224,images/720_0.png,2961defe588ed346782e7d8c94d82fdffe1ce4bb21260adf31b4108dfd4a2ca1,b2306a07ae2f66b2e5f90d7e7da08aeb525d121c805f0284836ee275f646df4e,0.106601715088,0.21875
721_0,721,721.jpg,0,hide_craze,hide_craze,5,test,31,631,944,670,914,40,1024,1024,0,0,1024,1024,1024,1.5,64,False,True,True,224,224,images/721_0.png,a1f21a99d7b8fcf0928ad16de77a5c69c0abe327547d96ad2d0c2d1f54fe28ef,4b10e2a287f97d84d0358a03b00102f1a2bc9b2564870eef435ffd18b0a7fedf,0.0348663330078,0.21875
722_0,722,722.jpg,0,corrosion,corrosion,1,train,116,2,600,1024,485,1023,1024,1024,0,0,1024,1024,1024,1.5,64,False,True,True,224,224,images/722_0.png,2e67e7c5c2a7e3196e8b048949511f8c48fa7f0ddf829afab5447fe2889090eb,01ae884783edb01bf26b3a1946276351ef96aca8c693e9da8f7f9c9acc64ebc9,0.473170280457,0.21875
723_0,723,723.jpg,0,hide_craze,hide_craze,5,train,128,164,445,272,318,109,1024,1024,47,0,524,477,477,1.5,64,False,True,False,224,224,images/723_0.png,c843097150817603ad4a3e90463ef7cdfdb60928ac791acc1504c8795274a675,06084b9eb7f55a714673b32ef2c7cd4329bf70a43a7b148df5a57e487edfa0c5,0.152341020266,0.469601677149
724_0,724,724.jpg,0,corrosion,corrosion,1,validation,316,6,570,1002,255,997,1024,1024,0,0,1024,1024,1024,1.5,64,False,True,True,224,224,images/724_0.png,b20a539435884c060f00f20c30b500b00f8e8601fb9deba0fe2e28b350fe8914,9b99b573c38e569ebe150e44e17164650e451fd505212dbafad7fa9e05ebec04,0.242457389832,0.21875
725_0,725,725.jpg,0,craze,craze,0,train,448,547,984,999,537,453,1024,1024,218,218,1024,1024,806,1.5,64,False,True,False,224,224,images/725_0.png,9758a1151738ec0ac1dc8bc9e7fce840584671bdd803f0fe6511abd5e34d239f,7a14a91ff3ce186e50612f6c2a46761ef1e03306095e82828c0cc1b5a461480a,0.374457388445,0.277915632754
726_0,726,726.jpg,0,surface_injure,surface_injure,2,train,377,180,764,416,388,237,1024,1024,279,6,861,588,582,1.5,64,False,False,False,224,224,images/726_0.png,b6a701deacc6f8541ae469e240716640ae03c74ccbcb2b9440b9b977ae13ad5c,2905d5967eb56b3f99d4ed17e583fc4da37233973386f1ffdfc39aa600e85c14,0.27147766323,0.384879725086
727_0,727,727.jpg,0,corrosion,corrosion,1,train,700,149,833,764,134,616,1024,1024,100,0,1024,924,924,1.5,64,False,True,False,224,224,images/727_0.png,03ce9c7cfb7c7af66b756d8516189652dfae94bc16eb5a127ddbc3d308be1bc3,cacc094cde2dc2823673dfbf47066e9ab9cfe97ee29640078fefe99b6b5c54d4,0.0966810966811,0.242424242424
728_0,728,728.jpg,0,craze,craze,0,train,220,136,717,669,498,534,1024,1024,67,1,868,802,801,1.5,64,False,False,False,224,224,images/728_0.png,7b135728141fc075d8df23fe309272ad07501e68dc0800b505cab76e2cc18d33,a3bd64d487cfad305823eaca4e8177a3dd8742ca9b05e43cb8068f87c83d58e4,0.414481897628,0.279650436954
728_1,728,728.jpg,1,hide_craze,hide_craze,5,train,3,217,217,283,215,67,1024,1024,0,88,323,411,323,1.5,64,False,True,False,224,224,images/728_1.png,7b135728141fc075d8df23fe309272ad07501e68dc0800b505cab76e2cc18d33,9ab54b7ab0874b3f65cc1b2d6974e41589fd26cc729c35011b1f8ef588220e7b,0.138072827306,0.693498452012
729_0,729,729.jpg,0,corrosion,corrosion,1,train,583,539,673,1000,91,462,1024,1024,281,331,974,1024,693,1.5,64,False,True,False,224,224,images/729_0.png,d2ab77c25c6abb2d7800fa0871a074ab667c0ce66575332170dc93abe0682423,ae4d5307853dbc686ead9be9e6a372420ddb78ff8e788075e7ef517ab73b2085,0.0875420875421,0.323232323232
730_0,730,730.jpg,0,hide_craze,hide_craze,5,validation,541,63,566,300,26,238,1024,1024,374,2,731,359,357,1.5,64,False,False,False,224,224,images/730_0.png,fb710f82873af7ac5a97fc392598537c5cf1fe8dda1f51cafa79d2ee6f489b03,803b09175d7c6d8152f476bb98dda4cf25e93f6db6e8c02c9812425f0585ad85,0.0485527544351,0.627450980392
730_1,730,730.jpg,1,craze,craze,0,validation,539,417,603,585,65,169,1024,1024,443,373,697,627,254,1.5,64,False,False,False,224,224,images/730_1.png,fb710f82873af7ac5a97fc392598537c5cf1fe8dda1f51cafa79d2ee6f489b03,ec644bf2094da48752f09fde70b59a5359a91e3f2363fc74768a139d4c04b16e,0.170267840536,0.88188976378
731_0,731,731.jpg,0,craze,craze,0,train,587,6,672,1020,86,1015,1024,1024,0,0,1024,1024,1024,1.5,64,False,True,True,224,224,images/731_0.png,430a9cba51d252dc675d3b60023713c9c3a227103bdc3899cac9264ae8e171dd,8ff47f42e883912ca8c399291366a516421618c764c19adafc66ffd0a979da87,0.0832462310791,0.21875
732_0,732,732.jpg,0,corrosion,corrosion,1,train,483,16,594,995,112,980,1024,1024,0,0,1024,1024,1024,1.5,64,False,True,True,224,224,images/732_0.png,1a1c5dad8503c89da4c3b9e5b074fd3e39d038c78a5a507335a9f4f602f94177,06eb05102d16fbf2f8ef701656df55ef0107bef40e7370ac95efb9f5c7ec88ff,0.104675292969,0.21875
733_0,733,733.jpg,0,corrosion,corrosion,1,train,2,395,489,503,488,109,1024,1024,0,82,732,814,732,1.5,64,False,True,False,224,224,images/733_0.png,0032c85035a4874061556aeac98417edb851152790eeaea86f66e10445bf2d76,7eb3105e4a60a3b3391acd966cd5166a1cd4e441247d4d3d2658be0bae38f35a,0.0992714025501,0.306010928962
733_1,733,733.jpg,1,corrosion,corrosion,1,train,514,422,1022,583,509,162,1024,1024,260,120,1024,884,764,1.5,64,False,True,False,224,224,images/733_1.png,0032c85035a4874061556aeac98417edb851152790eeaea86f66e10445bf2d76,65449bf0f6d9cde38e731e58e574e22f3d5a7043ca4b61e7f60f5e8a7721d839,0.141268742633,0.293193717277
734_0,734,734.jpg,0,crack,crack,4,train,247,395,750,481,504,87,1024,1024,120,59,876,815,756,1.5,64,False,False,False,224,224,images/734_0.png,47d4e5ccbf2a17aea2e3646bf94ed265fede34ef79625b62c877bbae5193e1a3,9aa4234944423792eba8a80bb586e27510503c180705399862acb312f145f8c4,0.0767195767196,0.296296296296
736_0,736,736.jpg,0,craze,craze,0,validation,156,136,508,478,353,343,1024,1024,66,41,596,571,530,1.5,64,False,False,False,224,224,images/736_0.png,a310afd6f5ebb5cd4c4f6b5277b9cd367144c074ddffc4e55275aca50662f45e,eadaf40139214217f69d272e9c0e65383d28de518aad6a012892a0e8ce5b725e,0.431039515842,0.422641509434
737_0,737,737.jpg,0,hide_craze,hide_craze,5,train,77,105,167,535,91,431,1024,1024,0,0,647,647,647,1.5,64,False,True,False,224,224,images/737_0.png,7f0744c682f1cac3f62531df642db23d18a94486151e295411f1304b4f968e24,2025f697ea170f368b3bb3bed4e65bcc7e0b940968b4a9e3ccd5dc0833561ca7,0.0936936377383,0.346213292117
737_1,737,737.jpg,1,hide_craze,hide_craze,5,train,216,310,328,728,113,419,1024,1024,0,204,629,833,629,1.5,64,False,True,False,224,224,images/737_1.png,7f0744c682f1cac3f62531df642db23d18a94486151e295411f1304b4f968e24,670b4c266cedcf2efdd93bf666b4a10a3056e60f1e357108aee7bf02d8a9801a,0.119671621495,0.356120826709
738_0,738,738.jpg,0,crack,crack,4,validation,259,270,362,744,104,475,1024,1024,0,150,713,863,713,1.5,64,False,True,False,224,224,images/738_0.png,18f0ec28c3c5ece1f338f98d25f624acbe29b898bf9d91b44dee0aecffc62b2f,b564e31a3830e660d37abea6525510439a2ac55f710ba0b3115d89b2c24c1aa2,0.0971735097931,0.314165497896
739_0,739,739.jpg,0,crack,crack,4,validation,103,211,284,367,182,157,1024,1024,56,152,329,425,273,1.5,64,False,False,False,224,224,images/739_0.png,cb814ade601a1191a06a77b6db0bd3b822ee950fef3bf0add952dc4d5a506563,dff5ccd77a58d046ff475c56dbcae03aa7f282ee0355a09cf325abd9b2c39c07,0.383394383394,0.820512820513
739_1,739,739.jpg,1,crack,crack,4,validation,584,63,753,228,170,166,1024,1024,540,17,795,272,255,1.5,64,False,False,False,224,224,images/739_1.png,cb814ade601a1191a06a77b6db0bd3b822ee950fef3bf0add952dc4d5a506563,74f3d1731a5f9308245dfbb5e65be8fa4030284c5ee30b4c4df99f8b324ce0ba,0.433986928105,0.878431372549
740_0,740,740.jpg,0,surface_injure,surface_injure,2,validation,545,325,952,491,408,167,1024,1024,412,101,1024,713,612,1.5,64,False,True,False,224,224,images/740_0.png,56cff1b6d20de0e6d40c99dd93d643099db992797bd9cb8849ec59537729093a,d9949869930dd8fd7d129465322111f7d864d5e199227c54bdb3bc3737f54380,0.181917211329,0.366013071895
741_0,741,741.jpg,0,craze,craze,0,train,702,6,834,1010,133,1005,1024,1024,0,0,1024,1024,1024,1.5,64,False,True,True,224,224,images/741_0.png,eab3be4a199113b7fbb42d3ef53a6a2d8b027384da1f3f33053b3cdfbdc86664,a3360b42baf25fe1ca1a561879c041973ee7ba6c6fc567fcaa5e1ed2041923a8,0.127472877502,0.21875
742_0,742,742.jpg,0,craze,craze,0,train,791,419,934,763,144,345,1024,1024,506,331,1024,849,518,1.5,64,False,True,False,224,224,images/742_0.png,b1f53681405ef89c0be46885e8ab50092f5f09843ce68b27805ecb33ed2920a1,e493d53ac3b71624b55bc62b4ce89f1e561282c64338e068012db6ec98848441,0.185149297118,0.432432432432
754_0,754,754.jpg,0,thunderstrike,thunderstrike,3,train,557,456,633,653,77,198,1024,1024,446,405,743,702,297,1.5,64,False,False,False,224,224,images/754_0.png,51039fa10bd96b17f7ce931f104022512c86bd6a2b88cfffd7b7630a868417dd,6b2efd359a523bb1870ce5d3122f7197aa3f854a449d72f4487f9a58a911dc6d,0.172839506173,0.754208754209
754_1,754,754.jpg,1,hide_craze,hide_craze,5,train,594,664,631,991,38,328,1024,1024,366,532,858,1024,492,1.5,64,False,True,False,224,224,images/754_1.png,51039fa10bd96b17f7ce931f104022512c86bd6a2b88cfffd7b7630a868417dd,ca6f332e0177c9135af51afd8ff3a0f7338189a4208d7e2b3e123141fe357509,0.0514905149051,0.455284552846
754_2,754,754.jpg,2,hide_craze,hide_craze,5,train,566,255,606,444,41,190,1024,1024,443,206,728,491,285,1.5,64,False,False,False,224,224,images/754_2.png,51039fa10bd96b17f7ce931f104022512c86bd6a2b88cfffd7b7630a868417dd,dcea7a5d28281afbbd0909b0ccc97cc6eb7857bc930471e4d94e9937406a34bd,0.0959064327485,0.785964912281
756_0,756,756.jpg,0,hide_craze,hide_craze,5,train,723,27,892,231,170,205,1024,1024,653,0,961,308,308,1.5,64,False,True,False,224,224,images/756_0.png,2af56f3a4a85ba0483ce341641b7885e901f421275855f8a54917f86a1395469,e413c19b4ff268d91da49a27457c5d7f95b7d24439d9684ad64140fee67e4efc,0.367368021589,0.727272727273
757_0,757,757.jpg,0,hide_craze,hide_craze,5,train,98,431,330,464,233,34,1024,1024,38,272,388,622,350,1.5,64,False,False,False,224,224,images/757_0.png,11fb9ee28221cccc134c3a927bdd4ab3290cbe9acd2fd8d1d68d7eed7b806c8a,78db6ba283e260447fe873b85833bd3eeaaa959d5a35d79fd98bec9187b22cda,0.0646693877551,0.64
757_1,757,757.jpg,1,hide_craze,hide_craze,5,train,762,281,991,306,230,26,1024,1024,679,120,1024,465,345,1.5,64,False,True,False,224,224,images/757_1.png,11fb9ee28221cccc134c3a927bdd4ab3290cbe9acd2fd8d1d68d7eed7b806c8a,b2e4c5b28757175a84b55b67463d11c8c76b6f9032fa24cd05306dc046702971,0.0502415458937,0.649275362319
765_0,765,765.jpg,0,craze,craze,0,validation,162,308,569,636,408,329,1024,1024,59,165,671,777,612,1.5,64,False,False,False,224,224,images/765_0.png,74b22187e94b355b15a838007b2f36a250212eb4988bcb88b1fb31c7f3daef56,6d886322f99dec91283c5c79f11b48d820bb2444883eb63b9109ed418d01deb5,0.358387799564,0.366013071895
787_0,787,787.jpg,0,craze,craze,0,validation,132,397,1014,734,883,338,1024,1024,0,0,1024,1024,1024,1.5,64,False,True,True,224,224,images/787_0.png,8d367db03c4341c52f5b97659ae3c73ff0d53f42d4ae72500538f49cfac7e404,953884806fc6bad0d2e4da60c1438278632ad8dcad5d5135d6584761d9d843d8,0.284627914429,0.21875
809_0,809,809.jpg,0,surface_injure,surface_injure,2,validation,40,144,888,674,849,531,1024,1024,0,0,1024,1024,1024,1.5,64,False,True,True,224,224,images/809_0.png,86099426a5f04a6ded84b17a277238bca28ae916233cfc6f4e53acd34afc0dee,3386ff69c70116e1abed5f43ceb1c35a9206a6fb17e51425ee941cff1cc36827,0.429934501648,0.21875
818_0,818,818.jpg,0,surface_injure,surface_injure,2,train,336,420,542,639,207,220,1024,1024,273,364,603,694,330,1.5,64,False,False,False,224,224,images/818_0.png,94daeb485a02b120148e69ae3ee665153ec5f499cb2e3357c39dda756fb1e49c,e0a4a6d9e7c55ef7f440ce98e5270a471e7b5407e9137dfe638429abdd0c9214,0.418181818182,0.678787878788
818_1,818,818.jpg,1,hide_craze,hide_craze,5,train,203,283,337,496,135,214,1024,1024,109,228,430,549,321,1.5,64,False,False,False,224,224,images/818_1.png,94daeb485a02b120148e69ae3ee665153ec5f499cb2e3357c39dda756fb1e49c,9e6aa7742d6700fbfddbfb5deca2ad688b8e3648ffd1931722c2273f2176a034,0.280373831776,0.697819314642
818_2,818,818.jpg,2,hide_craze,hide_craze,5,train,253,161,598,366,346,206,1024,1024,165,3,684,522,519,1.5,64,False,False,False,224,224,images/818_2.png,94daeb485a02b120148e69ae3ee665153ec5f499cb2e3357c39dda756fb1e49c,5fac7b5ca48ff03f0fbf50b61c5df6374cc03ccd61aa75cff1bf0c6cf1507561,0.264611432241,0.431599229287
818_3,818,818.jpg,3,hide_craze,hide_craze,5,train,503,645,677,833,175,189,1024,1024,447,596,731,880,284,1.5,64,False,False,False,224,224,images/818_3.png,94daeb485a02b120148e69ae3ee665153ec5f499cb2e3357c39dda756fb1e49c,d1089fc932e636a47ac100d12adf79d57453ee359af231f892ff3ea8217e285b,0.410074885935,0.788732394366
818_4,818,818.jpg,4,hide_craze,hide_craze,5,train,751,454,844,528,94,75,1024,1024,726,420,867,561,141,1.5,64,False,False,False,224,224,images/818_4.png,94daeb485a02b120148e69ae3ee665153ec5f499cb2e3357c39dda756fb1e49c,afc0d2279f9b9a267db860570d2735e56715b4d96ed7ea83151031fb80ac6ee8,0.354609929078,1.58865248227
824_0,824,824.jpg,0,craze,craze,0,test,542,431,653,782,112,352,1024,1024,333,342,861,870,528,1.5,64,False,False,False,224,224,images/824_0.png,19aaa80b7f4f0a5c418e0c5f5d013b888f2eba63c526f51a91805e4495cc1033,e0f15d023c9a39ef3ffd8be54ee893b2421de508fd582568b915c3740e7875ff,0.141414141414,0.424242424242
834_0,834,834.jpg,0,thunderstrike,thunderstrike,3,train,517,527,653,586,137,60,1024,1024,481,453,687,659,206,1.5,64,False,False,False,224,224,images/834_0.png,98718cc78cfec6cbb34246e87b49908c35733e3a2b278f8fa1206ef417205774,d817223a01f0799e2cb95b3272aa201934d0950d877ba342d2ff5e6b1e85da57,0.193703459327,1.08737864078
835_0,835,835.jpg,0,thunderstrike,thunderstrike,3,validation,487,511,600,731,114,221,1024,1024,377,454,709,786,332,1.5,64,False,False,False,224,224,images/835_0.png,214f11fd60295cfda63891a3b7ee4a6b20142d090acb77b061e1577e609c84df,0a4d5e4d77c1a471f3982cf29a0be9e2dcc2fac0e6e73b940bc03204e21fa273,0.228570910147,0.674698795181
839_0,839,839.jpg,0,surface_injure,surface_injure,2,train,677,2,1024,206,348,205,1024,1024,502,0,1024,522,522,1.5,64,False,True,False,224,224,images/839_0.png,c1e06323dfec0d8936fe1dc7022dab881fa5cb2d6e9c9f4bb50f7e2245fc9633,f5a5538fd0111366cadf2370116a57c072a044fff963ef242a67bf6fb9519c75,0.261813537676,0.429118773946
839_1,839,839.jpg,1,surface_injure,surface_injure,2,train,998,664,1024,988,27,325,1024,1024,536,536,1024,1024,488,1.5,64,False,True,False,224,224,images/839_1.png,c1e06323dfec0d8936fe1dc7022dab881fa5cb2d6e9c9f4bb50f7e2245fc9633,4db4fe3fabac347107ff0ebeabbf236e4a29c8228afb86e57f3f10403d779c04,0.0368474536415,0.459016393443
863_0,863,863.jpg,0,thunderstrike,thunderstrike,3,test,103,163,255,441,153,279,1024,1024,0,92,419,511,419,1.5,64,False,True,False,224,224,images/863_0.png,3547d2fe3b92a93d1b5665d8902c04befec21463fe77ba4be12cfd54f4fea5c2,086b5ef16bdf57a6645b709d35e02b8e366401be8f78318f57839b62f129ca82,0.243146256857,0.534606205251
864_0,864,864.jpg,0,surface_injure,surface_injure,2,test,303,20,587,310,285,291,1024,1024,226,0,663,437,437,1.5,64,False,True,False,224,224,images/864_0.png,7ace7e29724c2d46e60a521b1e2e60463ffdc8357db9e6576b9f728b27dd5a56,16f0166230bd2fc96c0aadcfffa0ceae342c5d394625658ca20ac03f0b0df2bf,0.434285145757,0.512585812357
871_0,871,871.jpg,0,hide_craze,hide_craze,5,train,230,713,609,827,380,115,1024,1024,134,454,704,1024,570,1.5,64,False,True,False,224,224,images/871_0.png,02c42c37fcabfe6c02d77b3661fd75b524c2714253a43bad69f420ce3f3f687e,8e6c7da9a7f37fc25d35bef16fea034440bb580bb4a9602a5ddc6e3eeb0cba77,0.134502923977,0.39298245614
871_1,871,871.jpg,1,craze,craze,0,train,642,466,973,925,332,460,1024,1024,334,334,1024,1024,690,1.5,64,False,True,False,224,224,images/871_1.png,02c42c37fcabfe6c02d77b3661fd75b524c2714253a43bad69f420ce3f3f687e,eb3d7b38668e73de650e8af907d93ec17c72e97d0d8e508703eb3ebda3cdab00,0.32077294686,0.324637681159
874_0,874,874.jpg,0,thunderstrike,thunderstrike,3,train,333,735,567,861,235,127,1024,1024,273,621,626,974,353,1.5,64,False,False,False,224,224,images/874_0.png,36496e5966ca114f944a742c5d248c688c09fb03651762dfb124207a146025c9,513735545b5d9d6afdadd50e327554bf880d625d4c8a0a48d2a1f67e0a7f9e95,0.23950918473,0.634560906516
875_0,875,875.jpg,0,hide_craze,hide_craze,5,test,275,20,531,644,257,625,1024,1024,0,0,938,938,938,1.5,64,False,True,False,224,224,images/875_0.png,68228c3d371da451d76b80970ff47c4f2d0f8c23c5f1c8e1b8c57738626ccc38,ebedd122b9057571c477396645a84ebf6e64262ca39c5b1626e3ca88bdc89766,0.182560772137,0.238805970149
875_1,875,875.jpg,1,hide_craze,hide_craze,5,test,695,463,1020,708,326,246,1024,1024,535,340,1024,829,489,1.5,64,False,True,False,224,224,images/875_1.png,68228c3d371da451d76b80970ff47c4f2d0f8c23c5f1c8e1b8c57738626ccc38,3cdd5763523c31a52a817cdee1d16486578f41f246ca2c767779827145769710,0.335378323108,0.458077709611
880_0,880,880.jpg,0,thunderstrike,thunderstrike,3,train,362,303,649,684,288,382,1024,1024,218,206,791,779,573,1.5,64,False,False,False,224,224,images/880_0.png,64f411bc1b2aac960f58cb5e9c9c7fd32049ce921ec3e2e1b4b689a5b666b123,e5b48d6a76e4f6559978468b0d5b2326931420c10c85a83ce914c14910775f50,0.335078534031,0.39092495637
883_0,883,883.jpg,0,hide_craze,hide_craze,5,train,464,460,825,525,362,66,1024,1024,372,220,915,763,543,1.5,64,False,False,False,224,224,images/883_0.png,8e3cc35af1cdd337c7db5c2d5ec7500ffa5e0add6cfd4f404f8e7291d86d2a80,12c616857c4624bc9c310e457d99b2e1f485f357f37cfedd6d4a5c4877c83e77,0.0810313075506,0.412523020258
883_1,883,883.jpg,1,craze,craze,0,train,861,374,1019,514,159,141,1024,1024,785,324,1024,563,239,1.5,64,False,True,False,224,224,images/883_1.png,8e3cc35af1cdd337c7db5c2d5ec7500ffa5e0add6cfd4f404f8e7291d86d2a80,f71252e9badf3cc96e4d57cb9bd4a3caaed0566c0fca0ec57f818d2d1d569bf0,0.392482624604,0.937238493724
885_0,885,885.jpg,0,hide_craze,hide_craze,5,train,412,483,678,560,267,78,1024,1024,344,320,745,721,401,1.5,64,False,False,False,224,224,images/885_0.png,cb3cc801d9d2610cc6f24b820aefacf0be27a239c886121bbbbd0ee1df1eb308,25a99f78fec732b83036adfd70ecc08b681587580046f6c6314f9646fb5f7c18,0.129514119937,0.558603491272
885_1,885,885.jpg,1,craze,craze,0,train,159,431,383,716,225,286,1024,1024,56,358,485,787,429,1.5,64,False,False,False,224,224,images/885_1.png,cb3cc801d9d2610cc6f24b820aefacf0be27a239c886121bbbbd0ee1df1eb308,735f373f61662953bfa06a195c3471fcda0149e79191c65caa73470dd1717cf9,0.34965034965,0.522144522145
893_0,893,893.jpg,0,craze,craze,0,train,84,70,541,475,458,406,1024,1024,0,0,687,687,687,1.5,64,False,True,False,224,224,images/893_0.png,c5507de3280b93434e6225f6c04151727058d7be5b6a8068ad897aca7d141003,87ab4f1ddf61d277ceb245d7386dbad0546726e77c6d2b459413d9dcea0ad089,0.393983503154,0.326055312955
894_0,894,894.jpg,0,thunderstrike,thunderstrike,3,train,283,122,427,216,145,95,1024,1024,245,59,463,277,218,1.5,64,False,False,False,224,224,images/894_0.png,8a6b51eb424296a87dc3c1ea2f83d534c32ccc7312cbf00c98a8b76d20ce9525,59bc7a0d619f9578bcbf8e333e54ad9774189a4c80270daa29f1ed130ebf197a,0.289853547681,1.02752293578
895_0,895,895.jpg,0,hide_craze,hide_craze,5,train,497,358,545,550,49,193,1024,1024,375,308,665,598,290,1.5,64,False,False,False,224,224,images/895_0.png,966d66a31f05e6741970ec53e3ed881192188f1830e7c104f6bfbed10597598c,7f0e8ddb54dc77e2915d5c2fcbe8a44096fd781a593c06d35eebd8d6894651cd,0.112449464923,0.772413793103
895_1,895,895.jpg,1,craze,craze,0,train,536,636,723,864,188,229,1024,1024,457,577,801,921,344,1.5,64,False,False,False,224,224,images/895_1.png,966d66a31f05e6741970ec53e3ed881192188f1830e7c104f6bfbed10597598c,dee87ff23056235470156cf4b6ccb7586cabffcf1dd0059029439b73e7b3f595,0.36381151974,0.651162790698
920_0,920,920.jpg,0,corrosion,corrosion,1,validation,2,602,283,677,282,76,1024,1024,0,427,423,850,423,1.5,64,False,True,False,224,224,images/920_0.png,e889cceb0c1c5f049c769abdb73861de100165d7244d40c100af63c33a60b612,d8f095110aa13b707de2a4a5cc1f0bf1511e124a718ed6d4965294fa349a4b6c,0.119779353822,0.529550827423
932_0,932,932.jpg,0,corrosion,corrosion,1,train,8,294,1017,678,1010,385,1024,1024,0,0,1024,1024,1024,1.5,64,False,True,True,224,224,images/932_0.png,729727373c7442428db7fb9a8420618257f66077f7b6dd2a55beba0718eadce9,be812b3fffb0b7ccf8c9085e4d3b40b3f6ea2e2a6539acc43655ad9ddba9aa01,0.370836257935,0.21875
945_0,945,945.jpg,0,thunderstrike,thunderstrike,3,train,2,10,495,913,494,904,1024,1024,0,0,1024,1024,1024,1.5,64,False,True,True,224,224,images/945_0.png,0137a16f610c4183202434689d5cc68da815d4d0dc05597bc329daffc7c503ae,dfafce53194c1c1de7912a7758cee88ee85bc3118fb77f644c21bb8f9e8e9a4e,0.425888061523,0.21875
955_0,955,955.jpg,0,corrosion,corrosion,1,validation,455,5,730,1016,276,1012,1024,1024,0,0,1024,1024,1024,1.5,64,False,True,True,224,224,images/955_0.png,600b6ba5b6bf0d590d2f602a5d41385f354b96f8e84a9205efb973cf1d3b8dda,a36d862a6c105f8f9ab0232b43384688f0b747c04be7f7675b1478058b6b80e0,0.266372680664,0.21875
963_0,963,963.jpg,0,hide_craze,hide_craze,5,train,1,445,302,511,302,67,1024,1024,0,251,453,704,453,1.5,64,False,True,False,224,224,images/963_0.png,5606a86cfc74473c5663edf3298f2853ef9d00d905edf7a6d7a158efc3ced338,6343e5084cb858fd4d3f5f78912268a7b546cc683b675ae806381ff9796235b9,0.0986019131714,0.494481236203
965_0,965,965.jpg,0,surface_injure,surface_injure,2,train,312,295,789,566,478,272,1024,1024,191,71,908,788,717,1.5,64,False,False,False,224,224,images/965_0.png,45591117a303658b0f72f763a7387ad9b974b1af057dc97b29b4a95bca78953a,fe89ad980ce8e949afd55b9f284c64d3d17b18675f265113b1fb4a1b933b9c61,0.252905625291,0.312412831241
969_0,969,969.jpg,0,hide_craze,hide_craze,5,train,659,449,1024,503,366,55,1024,1024,475,201,1024,750,549,1.5,64,False,True,False,224,224,images/969_0.png,e83d1144757413e8e7248780ddabf69cfc7d5e313316d5712e7622c101fa6b83,b8cb94210db156a30b2b413b03a0854b9257c28976dd562d00105549548365b1,0.066788099575,0.408014571949
980_0,980,980.jpg,0,thunderstrike,thunderstrike,3,train,334,514,783,875,450,362,1024,1024,220,349,895,1024,675,1.5,64,False,True,False,224,224,images/980_0.png,dac3844be2f26254bbf9d8f125e90036f624ce8ad4e5ae2149a9b0e49ddf6d64,f1a169ff50fe94ef0667788c7ef7ecac63a3012f63a37b7b63fc89bac30d26b6,0.357530864198,0.331851851852
980_1,980,980.jpg,1,surface_injure,surface_injure,2,train,797,370,933,897,137,528,1024,1024,232,232,1024,1024,792,1.5,64,False,True,False,224,224,images/980_1.png,dac3844be2f26254bbf9d8f125e90036f624ce8ad4e5ae2149a9b0e49ddf6d64,6101560b6c70ecf57b6a438cba03eec6cbf61c577545e16a0bac421ee851cdda,0.11531986532,0.282828282828
980_2,980,980.jpg,2,surface_injure,surface_injure,2,train,250,381,783,505,534,125,1024,1024,115,42,916,843,801,1.5,64,False,False,False,224,224,images/980_2.png,dac3844be2f26254bbf9d8f125e90036f624ce8ad4e5ae2149a9b0e49ddf6d64,16f70724d783cfff0aa4a410a0308ceb41c5a61cd0d8a1b17db1e5d54d1f16b2,0.104036620891,0.279650436954
984_0,984,984.jpg,0,hide_craze,hide_craze,5,train,1,313,627,633,627,321,1024,1024,0,2,941,943,941,1.5,64,False,True,False,224,224,images/984_0.png,b69f11e3d30ec18fe205ded9dcc97e2d352d117388596b10325ab6189eed1c70,4a6b839e2cd67b2d64ff697b73ef1d29e056b2b7feb252d36f6aca72bb9e5000,0.227296802529,0.238044633369
986_0,986,986.jpg,0,hide_craze,hide_craze,5,train,155,520,642,706,488,187,1024,1024,32,246,764,978,732,1.5,64,False,False,False,224,224,images/986_0.png,8f5bbf6ddae9fda28ec742d3e6eb76c44c3549ba9b6fc4737cfbf3cbfac005b1,3a8766d5356a86d471a5543d64c6f08e1b93ef4903fb63cf4108518295fbbfa9,0.170309653916,0.306010928962
992_0,992,992.jpg,0,surface_injure,surface_injure,2,train,336,110,703,528,368,419,1024,1024,204,4,833,633,629,1.5,64,False,False,False,224,224,images/992_0.png,bb144c229afbdb9166d4deb91744fa763b553270476702a0b205f3794f394dca,9cb2ce550ae49ff6614ee10b2b5d2002b648e741bf7ad00c73c34d4a3a91751e,0.389727050533,0.356120826709
997_0,997,997.jpg,0,hide_craze,hide_craze,5,train,441,363,889,403,449,41,1024,1024,327,45,1001,719,674,1.5,64,False,False,False,224,224,images/997_0.png,5d44e81061f15096419aa6e6b2fa3efeb574ba077a28143171c98b25eb0dda5b,049eee2a77c17a831a219ec8463f0227496d82b2605cedfbfbe9f6db8db8042f,0.040523822522,0.33234421365
998_0,998,998.jpg,0,corrosion,corrosion,1,train,369,442,494,992,126,551,1024,1024,17,197,844,1024,827,1.5,64,False,True,False,224,224,images/998_0.png,a9f201d28eb5c223b8137316366fe20bfb4aa508753041e3fa39f1f6af52a582,434420eb8062adc038931c806e7aeac9b0b59a1ce2e761904544de7bbe664392,0.101510536912,0.270858524788
1002_0,1002,1002.jpg,0,corrosion,corrosion,1,train,519,547,677,664,159,118,1024,1024,478,485,717,724,239,1.5,64,False,False,False,224,224,images/1002_0.png,252de14dd91bbc173d463286209da45658c47adc1b9c9617239959a43303cf67,ec5d5721952605eda99e8e69813da9f101766f69439219a29f8df78b9ec087f2,0.328460636193,0.937238493724
1004_0,1004,1004.jpg,0,hide_craze,hide_craze,5,train,355,474,612,522,258,49,1024,1024,289,304,676,691,387,1.5,64,False,False,False,224,224,images/1004_0.png,795955f9881336078b3fdce3ac508a0ea9cd4927e4539a54d27f2f765f6874ba,89212e08f9d7ff376d5a20b3c36fad355aa9cbc3fbd1117c7bddc7f82c6f76cc,0.0844099913867,0.578811369509
1004_1,1004,1004.jpg,1,craze,craze,0,train,634,302,866,492,233,191,1024,1024,574,221,924,571,350,1.5,64,False,False,False,224,224,images/1004_1.png,795955f9881336078b3fdce3ac508a0ea9cd4927e4539a54d27f2f765f6874ba,7b3b90dcfbd669d7b4cb1255faa8e9f753519bed7f732211c6849c9411500438,0.363289795918,0.64
1007_0,1007,1007.jpg,0,surface_injure,surface_injure,2,train,381,341,545,488,165,148,1024,1024,338,290,586,538,248,1.5,64,False,False,False,224,224,images/1007_0.png,7261bbcf408a42a313a5e7889dd528842324e3995c590e02c5e0decffe2168ac,308492e2eb163f5fbad648c15d9314d4d11a9df3e40b1f7fba51c479982cb48c,0.397047346514,0.903225806452
1008_0,1008,1008.jpg,0,surface_injure,surface_injure,2,train,372,330,478,408,107,79,1024,1024,344,288,505,449,161,1.5,64,False,False,False,224,224,images/1008_0.png,b595f3854c023db1b75cdfbb36a09090c325619643f8eca96794a76344df4b19,b69d4da1febd3f14e260eb90a27daef5ae4bde197eda07c3d43d4be4a6a29e78,0.326106245901,1.39130434783
1010_0,1010,1010.jpg,0,hide_craze,hide_craze,5,train,647,411,767,975,121,565,1024,1024,176,176,1024,1024,848,1.5,64,False,True,False,224,224,images/1010_0.png,7fef20bccf0ad4e6ea05ce158bed33f58897d0063aba4913320cf2de69313833,b4312d77e38e45812c7d797b63bb6a5f9ae7432db8d7e315818b5a6800fea9ba,0.0950696978462,0.264150943396
1017_0,1017,1017.jpg,0,hide_craze,hide_craze,5,test,584,827,656,866,73,40,1024,1024,564,791,674,901,110,1.5,64,False,False,False,224,224,images/1017_0.png,a0f9070920a7b9f5e0ea44cc8ae5eea4b03c7944743c5c9c8a7c9bb5adc1d2e5,ddc20ff121d9ab08d1b7fb1034d498822265eb01cd437822ae9d9190ed4bcbc3,0.24132231405,2.03636363636
1017_1,1017,1017.jpg,1,hide_craze,hide_craze,5,test,644,747,673,941,30,195,1024,1024,511,697,804,990,293,1.5,64,False,False,False,224,224,images/1017_1.png,a0f9070920a7b9f5e0ea44cc8ae5eea4b03c7944743c5c9c8a7c9bb5adc1d2e5,40e04f5332dc5f91131134f67638dc91c6b8bedfbad32df3f0db224e8a4ee4e4,0.0681429020722,0.764505119454
1019_0,1019,1019.jpg,0,thunderstrike,thunderstrike,3,train,420,266,780,883,361,618,1024,1024,97,97,1024,1024,927,1.5,64,False,True,False,224,224,images/1019_0.png,a70e6c4c54dc1e54494dd7589037df32ba249b6d5e7c9b3ede2ff9b1cffb4b4f,c1dea3d09ca1ad253e14f39efe61d5a77ab51aba9843d19021a9e2289fe31ace,0.259618842143,0.24163969795
1046_0,1046,1046.jpg,0,craze,craze,0,train,461,285,767,702,307,418,1024,1024,300,179,927,806,627,1.5,64,False,False,False,224,224,images/1046_0.png,a03c2a484b7b450ecc0e6cdc000f321b61d54426347b43dc80eba8d99c09235e,b0dda1117260aa3864bdf9948cab8c0f70ed6176e4bb5996d181101f952a9d1d,0.326422115896,0.357256778309
1048_0,1048,1048.jpg,0,corrosion,corrosion,1,train,483,241,583,995,101,755,1024,1024,0,0,1024,1024,1024,1.5,64,False,True,True,224,224,images/1048_0.png,f6951b33b4a83088d3eac468463a5c0f0a29671e8cc676afedd0297cf0fc85ba,f2907568c68d0796afda0534500de83ad0fec76e46c8aa3960a1c50dfc83d451,0.0727224349976,0.21875
1060_0,1060,1060.jpg,0,surface_injure,surface_injure,2,train,77,578,134,1017,58,440,1024,1024,0,364,660,1024,660,1.5,64,False,True,False,224,224,images/1060_0.png,c452c0b8c13eb1b29f3edf98da1ed229e24f17ab2b0ad74dfece8ca419b28d2f,90d98aa85897b431cc6c825d7330dfede483fb6fa08eb2e9af7df30f395f50ca,0.0585858585859,0.339393939394
1060_1,1060,1060.jpg,1,surface_injure,surface_injure,2,train,1,1,533,233,533,233,1024,1024,0,0,800,800,800,1.5,64,False,True,False,224,224,images/1060_1.png,c452c0b8c13eb1b29f3edf98da1ed229e24f17ab2b0ad74dfece8ca419b28d2f,742fa6a02338663fc2a3b0b7350f8a953ebbb679dd2c371d04be0a0f814b22f6,0.1940453125,0.28
1060_2,1060,1060.jpg,2,surface_injure,surface_injure,2,train,548,1,994,472,447,472,1024,1024,316,0,1024,708,708,1.5,64,False,True,False,224,224,images/1060_2.png,c452c0b8c13eb1b29f3edf98da1ed229e24f17ab2b0ad74dfece8ca419b28d2f,7d812d1d08272f527790956192702922c4a4a1555d3a0aaa600626f81aa3c250,0.420903954802,0.316384180791
1061_0,1061,1061.jpg,0,craze,craze,0,train,301,456,647,860,347,405,1024,1024,169,353,777,961,608,1.5,64,False,False,False,224,224,images/1061_0.png,ee3874565f086b763b9f40cd8fd3ee6dff1a923be913f7a20daed10e26e4e2e0,ea9a73af96b33595a34c36507280b21962aea7caca769b2ea3d724bdd73de9d6,0.380169559384,0.368421052632
1063_0,1063,1063.jpg,0,corrosion,corrosion,1,train,241,530,323,1011,83,482,1024,1024,0,301,723,1024,723,1.5,64,False,True,False,224,224,images/1063_0.png,df007d073a6f067ca9f3716428c54604fe0e008c8583696e02eb58dc94ff94bd,eb0e9035412a194b33d1d26b94d42e928ab79f36edca992260b3ca979f0cc9d8,0.0765329644998,0.309820193638
1063_1,1063,1063.jpg,1,corrosion,corrosion,1,train,295,13,423,516,129,504,1024,1024,0,0,756,756,756,1.5,64,False,True,False,224,224,images/1063_1.png,df007d073a6f067ca9f3716428c54604fe0e008c8583696e02eb58dc94ff94bd,46528a258b578acb86403fe584e008e52cca4e12c1083e0ca194898836e61b4b,0.113756613757,0.296296296296
1064_0,1064,1064.jpg,0,craze,craze,0,train,322,316,402,555,81,240,1024,1024,181,255,541,615,360,1.5,64,False,False,False,224,224,images/1064_0.png,8db4fec1be6acd35de8d0dc3b1dc7719ca9268ae0f48cf93468ef06fa9879ada,8d089261c5dd5abc597142b148984567c11198925b695f2d87c8c91d9009c11a,0.15,0.622222222222
