selection_event,method,condition_id,corruption_family,severity,instance_id,source_image_id,true_label,eligibility_rule,satisfying_seed_count,seed_predictions
clean_consensus_error,resnet18,clean,clean,clean,48_0,48,surface_injure,consensus,3,17:craze:clean_only|29:craze:clean_only|43:craze:clean_only
seed_disagreement,resnet18,clean,clean,clean,51_0,51,craze,seed_disagreement,3,17:corrosion:clean_only|29:corrosion:clean_only|43:craze:clean_only
seed_disagreement,resnet18,clean,clean,clean,57_1,57,surface_injure,seed_disagreement,3,17:surface_injure:clean_only|29:corrosion:clean_only|43:surface_injure:clean_only
seed_disagreement,resnet18,clean,clean,clean,65_0,65,corrosion,seed_disagreement,3,17:corrosion:clean_only|29:hide_craze:clean_only|43:corrosion:clean_only
seed_disagreement,resnet18,clean,clean,clean,88_0,88,crack,seed_disagreement,3,17:crack:clean_only|29:hide_craze:clean_only|43:hide_craze:clean_only
clean_consensus_error,resnet18,clean,clean,clean,142_0,142,surface_injure,consensus,3,17:corrosion:clean_only|29:corrosion:clean_only|43:corrosion:clean_only
seed_disagreement,resnet18,clean,clean,clean,167_1,167,craze,seed_disagreement,3,17:hide_craze:clean_only|29:craze:clean_only|43:craze:clean_only
seed_disagreement,resnet18,clean,clean,clean,228_0,228,hide_craze,seed_disagreement,3,17:hide_craze:clean_only|29:crack:clean_only|43:crack:clean_only
clean_consensus_error,resnet18,clean,clean,clean,228_1,228,hide_craze,consensus,3,17:craze:clean_only|29:craze:clean_only|43:craze:clean_only
seed_disagreement,resnet18,clean,clean,clean,234_0,234,surface_injure,seed_disagreement,3,17:surface_injure:clean_only|29:hide_craze:clean_only|43:surface_injure:clean_only
seed_disagreement,resnet18,clean,clean,clean,255_0,255,surface_injure,seed_disagreement,3,17:hide_craze:clean_only|29:hide_craze:clean_only|43:surface_injure:clean_only
seed_disagreement,resnet18,clean,clean,clean,257_0,257,surface_injure,seed_disagreement,3,17:surface_injure:clean_only|29:corrosion:clean_only|43:surface_injure:clean_only
clean_consensus_error,resnet18,clean,clean,clean,323_0,323,corrosion,consensus,3,17:surface_injure:clean_only|29:hide_craze:clean_only|43:surface_injure:clean_only
seed_disagreement,resnet18,clean,clean,clean,323_0,323,corrosion,seed_disagreement,3,17:surface_injure:clean_only|29:hide_craze:clean_only|43:surface_injure:clean_only
seed_disagreement,resnet18,clean,clean,clean,390_0,390,corrosion,seed_disagreement,3,17:surface_injure:clean_only|29:corrosion:clean_only|43:surface_injure:clean_only
seed_disagreement,resnet18,clean,clean,clean,410_0,410,corrosion,seed_disagreement,3,17:corrosion:clean_only|29:corrosion:clean_only|43:craze:clean_only
seed_disagreement,resnet18,clean,clean,clean,410_1,410,corrosion,seed_disagreement,3,17:corrosion:clean_only|29:corrosion:clean_only|43:craze:clean_only
seed_disagreement,resnet18,clean,clean,clean,457_2,457,hide_craze,seed_disagreement,3,17:hide_craze:clean_only|29:hide_craze:clean_only|43:thunderstrike:clean_only
seed_disagreement,resnet18,clean,clean,clean,464_1,464,hide_craze,seed_disagreement,3,17:surface_injure:clean_only|29:hide_craze:clean_only|43:thunderstrike:clean_only
clean_consensus_error,resnet18,clean,clean,clean,521_0,521,corrosion,consensus,3,17:surface_injure:clean_only|29:hide_craze:clean_only|43:surface_injure:clean_only
seed_disagreement,resnet18,clean,clean,clean,521_0,521,corrosion,seed_disagreement,3,17:surface_injure:clean_only|29:hide_craze:clean_only|43:surface_injure:clean_only
clean_consensus_error,resnet18,clean,clean,clean,521_1,521,corrosion,consensus,3,17:hide_craze:clean_only|29:hide_craze:clean_only|43:hide_craze:clean_only
clean_consensus_error,resnet18,clean,clean,clean,546_0,546,corrosion,consensus,3,17:surface_injure:clean_only|29:surface_injure:clean_only|43:surface_injure:clean_only
seed_disagreement,resnet18,clean,clean,clean,591_0,591,thunderstrike,seed_disagreement,3,17:thunderstrike:clean_only|29:thunderstrike:clean_only|43:surface_injure:clean_only
seed_disagreement,resnet18,clean,clean,clean,600_0,600,hide_craze,seed_disagreement,3,17:hide_craze:clean_only|29:corrosion:clean_only|43:hide_craze:clean_only
seed_disagreement,resnet18,clean,clean,clean,623_1,623,surface_injure,seed_disagreement,3,17:crack:clean_only|29:hide_craze:clean_only|43:surface_injure:clean_only
seed_disagreement,resnet18,clean,clean,clean,642_1,642,surface_injure,seed_disagreement,3,17:surface_injure:clean_only|29:hide_craze:clean_only|43:surface_injure:clean_only
seed_disagreement,resnet18,clean,clean,clean,655_0,655,hide_craze,seed_disagreement,3,17:crack:clean_only|29:hide_craze:clean_only|43:hide_craze:clean_only
seed_disagreement,resnet18,clean,clean,clean,658_0,658,corrosion,seed_disagreement,3,17:corrosion:clean_only|29:hide_craze:clean_only|43:corrosion:clean_only
seed_disagreement,resnet18,clean,clean,clean,663_0,663,hide_craze,seed_disagreement,3,17:hide_craze:clean_only|29:craze:clean_only|43:hide_craze:clean_only
seed_disagreement,resnet18,clean,clean,clean,671_1,671,surface_injure,seed_disagreement,3,17:hide_craze:clean_only|29:hide_craze:clean_only|43:surface_injure:clean_only
seed_disagreement,resnet18,clean,clean,clean,689_0,689,surface_injure,seed_disagreement,3,17:crack:clean_only|29:crack:clean_only|43:surface_injure:clean_only
seed_disagreement,resnet18,clean,clean,clean,875_1,875,hide_craze,seed_disagreement,3,17:hide_craze:clean_only|29:hide_craze:clean_only|43:crack:clean_only
beneficial_flip,resnet18,gaussian_blur_mild,gaussian_blur,mild,48_0,48,surface_injure,majority,2,17:craze:stable_wrong|29:surface_injure:beneficial_flip|43:surface_injure:beneficial_flip
seed_disagreement,resnet18,gaussian_blur_mild,gaussian_blur,mild,48_0,48,surface_injure,seed_disagreement,3,17:craze:stable_wrong|29:surface_injure:beneficial_flip|43:surface_injure:beneficial_flip
seed_disagreement,resnet18,gaussian_blur_mild,gaussian_blur,mild,51_0,51,craze,seed_disagreement,3,17:corrosion:stable_wrong|29:corrosion:stable_wrong|43:craze:stable_correct
seed_disagreement,resnet18,gaussian_blur_mild,gaussian_blur,mild,57_1,57,surface_injure,seed_disagreement,3,17:surface_injure:stable_correct|29:corrosion:stable_wrong|43:surface_injure:stable_correct
seed_disagreement,resnet18,gaussian_blur_mild,gaussian_blur,mild,65_0,65,corrosion,seed_disagreement,3,17:corrosion:stable_correct|29:hide_craze:stable_wrong|43:corrosion:stable_correct
seed_disagreement,resnet18,gaussian_blur_mild,gaussian_blur,mild,71_0,71,craze,seed_disagreement,3,17:thunderstrike:harmful_flip|29:craze:stable_correct|43:craze:stable_correct
seed_disagreement,resnet18,gaussian_blur_mild,gaussian_blur,mild,88_0,88,crack,seed_disagreement,3,17:crack:stable_correct|29:hide_craze:stable_wrong|43:hide_craze:stable_wrong
seed_disagreement,resnet18,gaussian_blur_mild,gaussian_blur,mild,142_0,142,surface_injure,seed_disagreement,3,17:surface_injure:beneficial_flip|29:hide_craze:changed_wrong|43:corrosion:stable_wrong
seed_disagreement,resnet18,gaussian_blur_mild,gaussian_blur,mild,161_0,161,corrosion,seed_disagreement,3,17:corrosion:stable_correct|29:corrosion:stable_correct|43:surface_injure:harmful_flip
seed_disagreement,resnet18,gaussian_blur_mild,gaussian_blur,mild,166_0,166,craze,seed_disagreement,3,17:craze:stable_correct|29:crack:harmful_flip|43:craze:stable_correct
seed_disagreement,resnet18,gaussian_blur_mild,gaussian_blur,mild,167_1,167,craze,seed_disagreement,3,17:hide_craze:stable_wrong|29:craze:stable_correct|43:craze:stable_correct
seed_disagreement,resnet18,gaussian_blur_mild,gaussian_blur,mild,198_0,198,craze,seed_disagreement,3,17:craze:stable_correct|29:craze:stable_correct|43:surface_injure:harmful_flip
seed_disagreement,resnet18,gaussian_blur_mild,gaussian_blur,mild,209_0,209,hide_craze,seed_disagreement,3,17:surface_injure:harmful_flip|29:hide_craze:stable_correct|43:hide_craze:stable_correct
seed_disagreement,resnet18,gaussian_blur_mild,gaussian_blur,mild,228_0,228,hide_craze,seed_disagreement,3,17:hide_craze:stable_correct|29:crack:stable_wrong|43:crack:stable_wrong
seed_disagreement,resnet18,gaussian_blur_mild,gaussian_blur,mild,228_1,228,hide_craze,seed_disagreement,3,17:hide_craze:beneficial_flip|29:craze:stable_wrong|43:crack:changed_wrong
seed_disagreement,resnet18,gaussian_blur_mild,gaussian_blur,mild,255_0,255,surface_injure,seed_disagreement,3,17:hide_craze:stable_wrong|29:surface_injure:beneficial_flip|43:surface_injure:stable_correct
seed_disagreement,resnet18,gaussian_blur_mild,gaussian_blur,mild,323_0,323,corrosion,seed_disagreement,3,17:surface_injure:stable_wrong|29:hide_craze:stable_wrong|43:hide_craze:changed_wrong
seed_disagreement,resnet18,gaussian_blur_mild,gaussian_blur,mild,326_1,326,craze,seed_disagreement,3,17:surface_injure:harmful_flip|29:craze:stable_correct|43:craze:stable_correct
seed_disagreement,resnet18,gaussian_blur_mild,gaussian_blur,mild,390_0,390,corrosion,seed_disagreement,3,17:surface_injure:stable_wrong|29:corrosion:stable_correct|43:surface_injure:stable_wrong
seed_disagreement,resnet18,gaussian_blur_mild,gaussian_blur,mild,410_0,410,corrosion,seed_disagreement,3,17:corrosion:stable_correct|29:corrosion:stable_correct|43:craze:stable_wrong
seed_disagreement,resnet18,gaussian_blur_mild,gaussian_blur,mild,410_1,410,corrosion,seed_disagreement,3,17:corrosion:stable_correct|29:corrosion:stable_correct|43:craze:stable_wrong
seed_disagreement,resnet18,gaussian_blur_mild,gaussian_blur,mild,457_2,457,hide_craze,seed_disagreement,3,17:hide_craze:stable_correct|29:hide_craze:stable_correct|43:thunderstrike:stable_wrong
seed_disagreement,resnet18,gaussian_blur_mild,gaussian_blur,mild,464_0,464,craze,seed_disagreement,3,17:surface_injure:harmful_flip|29:craze:stable_correct|43:craze:stable_correct
seed_disagreement,resnet18,gaussian_blur_mild,gaussian_blur,mild,464_1,464,hide_craze,seed_disagreement,3,17:surface_injure:stable_wrong|29:hide_craze:stable_correct|43:thunderstrike:stable_wrong
seed_disagreement,resnet18,gaussian_blur_mild,gaussian_blur,mild,476_0,476,surface_injure,seed_disagreement,3,17:surface_injure:stable_correct|29:surface_injure:stable_correct|43:hide_craze:harmful_flip
seed_disagreement,resnet18,gaussian_blur_mild,gaussian_blur,mild,521_0,521,corrosion,seed_disagreement,3,17:surface_injure:stable_wrong|29:hide_craze:stable_wrong|43:surface_injure:stable_wrong
seed_disagreement,resnet18,gaussian_blur_mild,gaussian_blur,mild,591_0,591,thunderstrike,seed_disagreement,3,17:thunderstrike:stable_correct|29:thunderstrike:stable_correct|43:surface_injure:stable_wrong
seed_disagreement,resnet18,gaussian_blur_mild,gaussian_blur,mild,623_1,623,surface_injure,seed_disagreement,3,17:crack:stable_wrong|29:hide_craze:stable_wrong|43:surface_injure:stable_correct
seed_disagreement,resnet18,gaussian_blur_mild,gaussian_blur,mild,642_1,642,surface_injure,seed_disagreement,3,17:surface_injure:stable_correct|29:hide_craze:stable_wrong|43:surface_injure:stable_correct
seed_disagreement,resnet18,gaussian_blur_mild,gaussian_blur,mild,655_0,655,hide_craze,seed_disagreement,3,17:crack:stable_wrong|29:hide_craze:stable_correct|43:hide_craze:stable_correct
seed_disagreement,resnet18,gaussian_blur_mild,gaussian_blur,mild,658_0,658,corrosion,seed_disagreement,3,17:hide_craze:harmful_flip|29:hide_craze:stable_wrong|43:corrosion:stable_correct
seed_disagreement,resnet18,gaussian_blur_mild,gaussian_blur,mild,671_1,671,surface_injure,seed_disagreement,3,17:hide_craze:stable_wrong|29:hide_craze:stable_wrong|43:surface_injure:stable_correct
seed_disagreement,resnet18,gaussian_blur_mild,gaussian_blur,mild,689_0,689,surface_injure,seed_disagreement,3,17:crack:stable_wrong|29:surface_injure:beneficial_flip|43:surface_injure:stable_correct
seed_disagreement,resnet18,gaussian_blur_mild,gaussian_blur,mild,824_0,824,craze,seed_disagreement,3,17:surface_injure:harmful_flip|29:craze:stable_correct|43:craze:stable_correct
seed_disagreement,resnet18,gaussian_blur_mild,gaussian_blur,mild,864_0,864,surface_injure,seed_disagreement,3,17:surface_injure:stable_correct|29:surface_injure:stable_correct|43:hide_craze:harmful_flip
seed_disagreement,resnet18,gaussian_blur_mild,gaussian_blur,mild,875_1,875,hide_craze,seed_disagreement,3,17:hide_craze:stable_correct|29:hide_craze:stable_correct|43:crack:stable_wrong
beneficial_flip,resnet18,gaussian_blur_moderate,gaussian_blur,moderate,48_0,48,surface_injure,majority,2,17:craze:stable_wrong|29:surface_injure:beneficial_flip|43:surface_injure:beneficial_flip
seed_disagreement,resnet18,gaussian_blur_moderate,gaussian_blur,moderate,48_0,48,surface_injure,seed_disagreement,3,17:craze:stable_wrong|29:surface_injure:beneficial_flip|43:surface_injure:beneficial_flip
seed_disagreement,resnet18,gaussian_blur_moderate,gaussian_blur,moderate,51_0,51,craze,seed_disagreement,3,17:craze:beneficial_flip|29:surface_injure:changed_wrong|43:craze:stable_correct
seed_disagreement,resnet18,gaussian_blur_moderate,gaussian_blur,moderate,57_0,57,craze,seed_disagreement,3,17:craze:stable_correct|29:hide_craze:harmful_flip|43:hide_craze:harmful_flip
seed_disagreement,resnet18,gaussian_blur_moderate,gaussian_blur,moderate,65_0,65,corrosion,seed_disagreement,3,17:corrosion:stable_correct|29:hide_craze:stable_wrong|43:corrosion:stable_correct
seed_disagreement,resnet18,gaussian_blur_moderate,gaussian_blur,moderate,71_0,71,craze,seed_disagreement,3,17:thunderstrike:harmful_flip|29:craze:stable_correct|43:craze:stable_correct
seed_disagreement,resnet18,gaussian_blur_moderate,gaussian_blur,moderate,73_0,73,craze,seed_disagreement,3,17:surface_injure:harmful_flip|29:craze:stable_correct|43:surface_injure:harmful_flip
beneficial_flip,resnet18,gaussian_blur_moderate,gaussian_blur,moderate,88_0,88,crack,majority,2,17:crack:stable_correct|29:crack:beneficial_flip|43:crack:beneficial_flip
seed_disagreement,resnet18,gaussian_blur_moderate,gaussian_blur,moderate,93_0,93,craze,seed_disagreement,3,17:craze:stable_correct|29:craze:stable_correct|43:hide_craze:harmful_flip
beneficial_flip,resnet18,gaussian_blur_moderate,gaussian_blur,moderate,142_0,142,surface_injure,consensus,3,17:surface_injure:beneficial_flip|29:surface_injure:beneficial_flip|43:surface_injure:beneficial_flip
seed_disagreement,resnet18,gaussian_blur_moderate,gaussian_blur,moderate,166_0,166,craze,seed_disagreement,3,17:craze:stable_correct|29:crack:harmful_flip|43:craze:stable_correct
seed_disagreement,resnet18,gaussian_blur_moderate,gaussian_blur,moderate,167_0,167,craze,seed_disagreement,3,17:hide_craze:harmful_flip|29:craze:stable_correct|43:craze:stable_correct
seed_disagreement,resnet18,gaussian_blur_moderate,gaussian_blur,moderate,167_1,167,craze,seed_disagreement,3,17:hide_craze:stable_wrong|29:craze:stable_correct|43:craze:stable_correct
seed_disagreement,resnet18,gaussian_blur_moderate,gaussian_blur,moderate,209_0,209,hide_craze,seed_disagreement,3,17:surface_injure:harmful_flip|29:hide_craze:stable_correct|43:hide_craze:stable_correct
seed_disagreement,resnet18,gaussian_blur_moderate,gaussian_blur,moderate,228_0,228,hide_craze,seed_disagreement,3,17:hide_craze:stable_correct|29:crack:stable_wrong|43:crack:stable_wrong
seed_disagreement,resnet18,gaussian_blur_moderate,gaussian_blur,moderate,228_1,228,hide_craze,seed_disagreement,3,17:hide_craze:beneficial_flip|29:craze:stable_wrong|43:crack:changed_wrong
beneficial_flip,resnet18,gaussian_blur_moderate,gaussian_blur,moderate,255_0,255,surface_injure,majority,2,17:surface_injure:beneficial_flip|29:surface_injure:beneficial_flip|43:surface_injure:stable_correct
seed_disagreement,resnet18,gaussian_blur_moderate,gaussian_blur,moderate,323_0,323,corrosion,seed_disagreement,3,17:surface_injure:stable_wrong|29:hide_craze:stable_wrong|43:hide_craze:changed_wrong
seed_disagreement,resnet18,gaussian_blur_moderate,gaussian_blur,moderate,326_1,326,craze,seed_disagreement,3,17:surface_injure:harmful_flip|29:surface_injure:harmful_flip|43:craze:stable_correct
seed_disagreement,resnet18,gaussian_blur_moderate,gaussian_blur,moderate,332_0,332,surface_injure,seed_disagreement,3,17:surface_injure:stable_correct|29:surface_injure:stable_correct|43:hide_craze:harmful_flip
seed_disagreement,resnet18,gaussian_blur_moderate,gaussian_blur,moderate,370_2,370,corrosion,seed_disagreement,3,17:corrosion:stable_correct|29:corrosion:stable_correct|43:craze:harmful_flip
seed_disagreement,resnet18,gaussian_blur_moderate,gaussian_blur,moderate,405_0,405,corrosion,seed_disagreement,3,17:corrosion:stable_correct|29:hide_craze:harmful_flip|43:hide_craze:harmful_flip
seed_disagreement,resnet18,gaussian_blur_moderate,gaussian_blur,moderate,408_0,408,corrosion,seed_disagreement,3,17:corrosion:stable_correct|29:corrosion:stable_correct|43:craze:harmful_flip
seed_disagreement,resnet18,gaussian_blur_moderate,gaussian_blur,moderate,408_1,408,corrosion,seed_disagreement,3,17:corrosion:stable_correct|29:surface_injure:harmful_flip|43:corrosion:stable_correct
seed_disagreement,resnet18,gaussian_blur_moderate,gaussian_blur,moderate,410_0,410,corrosion,seed_disagreement,3,17:corrosion:stable_correct|29:corrosion:stable_correct|43:craze:stable_wrong
seed_disagreement,resnet18,gaussian_blur_moderate,gaussian_blur,moderate,410_1,410,corrosion,seed_disagreement,3,17:craze:harmful_flip|29:corrosion:stable_correct|43:craze:stable_wrong
seed_disagreement,resnet18,gaussian_blur_moderate,gaussian_blur,moderate,464_1,464,hide_craze,seed_disagreement,3,17:surface_injure:stable_wrong|29:hide_craze:stable_correct|43:surface_injure:changed_wrong
seed_disagreement,resnet18,gaussian_blur_moderate,gaussian_blur,moderate,476_0,476,surface_injure,seed_disagreement,3,17:surface_injure:stable_correct|29:surface_injure:stable_correct|43:hide_craze:harmful_flip
seed_disagreement,resnet18,gaussian_blur_moderate,gaussian_blur,moderate,521_0,521,corrosion,seed_disagreement,3,17:surface_injure:stable_wrong|29:hide_craze:stable_wrong|43:surface_injure:stable_wrong
seed_disagreement,resnet18,gaussian_blur_moderate,gaussian_blur,moderate,546_1,546,corrosion,seed_disagreement,3,17:surface_injure:harmful_flip|29:hide_craze:harmful_flip|43:hide_craze:harmful_flip
seed_disagreement,resnet18,gaussian_blur_moderate,gaussian_blur,moderate,546_2,546,corrosion,seed_disagreement,3,17:surface_injure:harmful_flip|29:hide_craze:harmful_flip|43:hide_craze:harmful_flip
seed_disagreement,resnet18,gaussian_blur_moderate,gaussian_blur,moderate,563_0,563,craze,seed_disagreement,3,17:surface_injure:harmful_flip|29:craze:stable_correct|43:craze:stable_correct
seed_disagreement,resnet18,gaussian_blur_moderate,gaussian_blur,moderate,597_0,597,hide_craze,seed_disagreement,3,17:surface_injure:harmful_flip|29:hide_craze:stable_correct|43:hide_craze:stable_correct
seed_disagreement,resnet18,gaussian_blur_moderate,gaussian_blur,moderate,598_0,598,corrosion,seed_disagreement,3,17:crack:harmful_flip|29:corrosion:stable_correct|43:corrosion:stable_correct
seed_disagreement,resnet18,gaussian_blur_moderate,gaussian_blur,moderate,598_1,598,corrosion,seed_disagreement,3,17:thunderstrike:harmful_flip|29:surface_injure:harmful_flip|43:corrosion:stable_correct
seed_disagreement,resnet18,gaussian_blur_moderate,gaussian_blur,moderate,623_1,623,surface_injure,seed_disagreement,3,17:crack:stable_wrong|29:hide_craze:stable_wrong|43:surface_injure:stable_correct
seed_disagreement,resnet18,gaussian_blur_moderate,gaussian_blur,moderate,642_0,642,hide_craze,seed_disagreement,3,17:surface_injure:harmful_flip|29:hide_craze:stable_correct|43:hide_craze:stable_correct
seed_disagreement,resnet18,gaussian_blur_moderate,gaussian_blur,moderate,642_1,642,surface_injure,seed_disagreement,3,17:surface_injure:stable_correct|29:hide_craze:stable_wrong|43:surface_injure:stable_correct
seed_disagreement,resnet18,gaussian_blur_moderate,gaussian_blur,moderate,655_0,655,hide_craze,seed_disagreement,3,17:crack:stable_wrong|29:hide_craze:stable_correct|43:hide_craze:stable_correct
seed_disagreement,resnet18,gaussian_blur_moderate,gaussian_blur,moderate,689_0,689,surface_injure,seed_disagreement,3,17:crack:stable_wrong|29:surface_injure:beneficial_flip|43:surface_injure:stable_correct
seed_disagreement,resnet18,gaussian_blur_moderate,gaussian_blur,moderate,824_0,824,craze,seed_disagreement,3,17:surface_injure:harmful_flip|29:crack:harmful_flip|43:crack:harmful_flip
seed_disagreement,resnet18,gaussian_blur_moderate,gaussian_blur,moderate,864_0,864,surface_injure,seed_disagreement,3,17:surface_injure:stable_correct|29:surface_injure:stable_correct|43:hide_craze:harmful_flip
seed_disagreement,resnet18,gaussian_blur_moderate,gaussian_blur,moderate,875_1,875,hide_craze,seed_disagreement,3,17:hide_craze:stable_correct|29:surface_injure:harmful_flip|43:crack:stable_wrong
severe_stable_correct,resnet18,gaussian_blur_severe,gaussian_blur,severe,13_0,13,hide_craze,consensus,3,17:hide_craze:stable_correct|29:hide_craze:stable_correct|43:hide_craze:stable_correct
severe_stable_correct,resnet18,gaussian_blur_severe,gaussian_blur,severe,13_1,13,hide_craze,consensus,3,17:hide_craze:stable_correct|29:hide_craze:stable_correct|43:hide_craze:stable_correct
severe_harmful_flip,resnet18,gaussian_blur_severe,gaussian_blur,severe,32_0,32,thunderstrike,consensus,3,17:surface_injure:harmful_flip|29:surface_injure:harmful_flip|43:surface_injure:harmful_flip
severe_stable_correct,resnet18,gaussian_blur_severe,gaussian_blur,severe,32_1,32,thunderstrike,majority,2,17:thunderstrike:stable_correct|29:surface_injure:harmful_flip|43:thunderstrike:stable_correct
seed_disagreement,resnet18,gaussian_blur_severe,gaussian_blur,severe,32_1,32,thunderstrike,seed_disagreement,3,17:thunderstrike:stable_correct|29:surface_injure:harmful_flip|43:thunderstrike:stable_correct
severe_harmful_flip,resnet18,gaussian_blur_severe,gaussian_blur,severe,46_0,46,corrosion,consensus,3,17:hide_craze:harmful_flip|29:hide_craze:harmful_flip|43:hide_craze:harmful_flip
severe_harmful_flip,resnet18,gaussian_blur_severe,gaussian_blur,severe,46_1,46,corrosion,consensus,3,17:hide_craze:harmful_flip|29:surface_injure:harmful_flip|43:hide_craze:harmful_flip
seed_disagreement,resnet18,gaussian_blur_severe,gaussian_blur,severe,46_1,46,corrosion,seed_disagreement,3,17:hide_craze:harmful_flip|29:surface_injure:harmful_flip|43:hide_craze:harmful_flip
beneficial_flip,resnet18,gaussian_blur_severe,gaussian_blur,severe,48_0,48,surface_injure,majority,2,17:thunderstrike:changed_wrong|29:surface_injure:beneficial_flip|43:surface_injure:beneficial_flip
seed_disagreement,resnet18,gaussian_blur_severe,gaussian_blur,severe,48_0,48,surface_injure,seed_disagreement,3,17:thunderstrike:changed_wrong|29:surface_injure:beneficial_flip|43:surface_injure:beneficial_flip
seed_disagreement,resnet18,gaussian_blur_severe,gaussian_blur,severe,51_0,51,craze,seed_disagreement,3,17:corrosion:stable_wrong|29:surface_injure:changed_wrong|43:surface_injure:harmful_flip
severe_harmful_flip,resnet18,gaussian_blur_severe,gaussian_blur,severe,51_1,51,craze,consensus,3,17:hide_craze:harmful_flip|29:surface_injure:harmful_flip|43:hide_craze:harmful_flip
seed_disagreement,resnet18,gaussian_blur_severe,gaussian_blur,severe,51_1,51,craze,seed_disagreement,3,17:hide_craze:harmful_flip|29:surface_injure:harmful_flip|43:hide_craze:harmful_flip
severe_stable_correct,resnet18,gaussian_blur_severe,gaussian_blur,severe,54_0,54,hide_craze,consensus,3,17:hide_craze:stable_correct|29:hide_craze:stable_correct|43:hide_craze:stable_correct
severe_stable_correct,resnet18,gaussian_blur_severe,gaussian_blur,severe,54_1,54,hide_craze,consensus,3,17:hide_craze:stable_correct|29:hide_craze:stable_correct|43:hide_craze:stable_correct
severe_harmful_flip,resnet18,gaussian_blur_severe,gaussian_blur,severe,57_0,57,craze,consensus,3,17:hide_craze:harmful_flip|29:hide_craze:harmful_flip|43:hide_craze:harmful_flip
seed_disagreement,resnet18,gaussian_blur_severe,gaussian_blur,severe,57_1,57,surface_injure,seed_disagreement,3,17:corrosion:harmful_flip|29:surface_injure:beneficial_flip|43:surface_injure:stable_correct
severe_harmful_flip,resnet18,gaussian_blur_severe,gaussian_blur,severe,61_0,61,craze,majority,2,17:surface_injure:harmful_flip|29:craze:stable_correct|43:hide_craze:harmful_flip
seed_disagreement,resnet18,gaussian_blur_severe,gaussian_blur,severe,61_0,61,craze,seed_disagreement,3,17:surface_injure:harmful_flip|29:craze:stable_correct|43:hide_craze:harmful_flip
severe_harmful_flip,resnet18,gaussian_blur_severe,gaussian_blur,severe,61_1,61,craze,majority,2,17:hide_craze:harmful_flip|29:craze:stable_correct|43:hide_craze:harmful_flip
seed_disagreement,resnet18,gaussian_blur_severe,gaussian_blur,severe,61_1,61,craze,seed_disagreement,3,17:hide_craze:harmful_flip|29:craze:stable_correct|43:hide_craze:harmful_flip
severe_harmful_flip,resnet18,gaussian_blur_severe,gaussian_blur,severe,61_2,61,craze,majority,2,17:hide_craze:harmful_flip|29:craze:stable_correct|43:hide_craze:harmful_flip
seed_disagreement,resnet18,gaussian_blur_severe,gaussian_blur,severe,61_2,61,craze,seed_disagreement,3,17:hide_craze:harmful_flip|29:craze:stable_correct|43:hide_craze:harmful_flip
seed_disagreement,resnet18,gaussian_blur_severe,gaussian_blur,severe,65_0,65,corrosion,seed_disagreement,3,17:corrosion:stable_correct|29:hide_craze:stable_wrong|43:hide_craze:harmful_flip
severe_stable_correct,resnet18,gaussian_blur_severe,gaussian_blur,severe,67_0,67,hide_craze,consensus,3,17:hide_craze:stable_correct|29:hide_craze:stable_correct|43:hide_craze:stable_correct
severe_harmful_flip,resnet18,gaussian_blur_severe,gaussian_blur,severe,71_0,71,craze,majority,2,17:thunderstrike:harmful_flip|29:craze:stable_correct|43:thunderstrike:harmful_flip
seed_disagreement,resnet18,gaussian_blur_severe,gaussian_blur,severe,71_0,71,craze,seed_disagreement,3,17:thunderstrike:harmful_flip|29:craze:stable_correct|43:thunderstrike:harmful_flip
severe_harmful_flip,resnet18,gaussian_blur_severe,gaussian_blur,severe,73_0,73,craze,consensus,3,17:surface_injure:harmful_flip|29:surface_injure:harmful_flip|43:surface_injure:harmful_flip
severe_stable_correct,resnet18,gaussian_blur_severe,gaussian_blur,severe,81_0,81,craze,consensus,3,17:craze:stable_correct|29:craze:stable_correct|43:craze:stable_correct
severe_stable_correct,resnet18,gaussian_blur_severe,gaussian_blur,severe,81_1,81,craze,consensus,3,17:craze:stable_correct|29:craze:stable_correct|43:craze:stable_correct
severe_stable_correct,resnet18,gaussian_blur_severe,gaussian_blur,severe,81_2,81,craze,consensus,3,17:craze:stable_correct|29:craze:stable_correct|43:craze:stable_correct
seed_disagreement,resnet18,gaussian_blur_severe,gaussian_blur,severe,88_0,88,crack,seed_disagreement,3,17:crack:stable_correct|29:crack:beneficial_flip|43:hide_craze:stable_wrong
severe_harmful_flip,resnet18,gaussian_blur_severe,gaussian_blur,severe,93_0,93,craze,majority,2,17:thunderstrike:harmful_flip|29:craze:stable_correct|43:hide_craze:harmful_flip
seed_disagreement,resnet18,gaussian_blur_severe,gaussian_blur,severe,93_0,93,craze,seed_disagreement,3,17:thunderstrike:harmful_flip|29:craze:stable_correct|43:hide_craze:harmful_flip
severe_stable_correct,resnet18,gaussian_blur_severe,gaussian_blur,severe,103_0,103,craze,majority,2,17:hide_craze:harmful_flip|29:craze:stable_correct|43:craze:stable_correct
seed_disagreement,resnet18,gaussian_blur_severe,gaussian_blur,severe,103_0,103,craze,seed_disagreement,3,17:hide_craze:harmful_flip|29:craze:stable_correct|43:craze:stable_correct
severe_harmful_flip,resnet18,gaussian_blur_severe,gaussian_blur,severe,112_0,112,thunderstrike,consensus,3,17:surface_injure:harmful_flip|29:surface_injure:harmful_flip|43:surface_injure:harmful_flip
severe_stable_correct,resnet18,gaussian_blur_severe,gaussian_blur,severe,112_1,112,surface_injure,consensus,3,17:surface_injure:stable_correct|29:surface_injure:stable_correct|43:surface_injure:stable_correct
beneficial_flip,resnet18,gaussian_blur_severe,gaussian_blur,severe,142_0,142,surface_injure,consensus,3,17:surface_injure:beneficial_flip|29:surface_injure:beneficial_flip|43:surface_injure:beneficial_flip
severe_stable_correct,resnet18,gaussian_blur_severe,gaussian_blur,severe,146_0,146,hide_craze,consensus,3,17:hide_craze:stable_correct|29:hide_craze:stable_correct|43:hide_craze:stable_correct
severe_stable_correct,resnet18,gaussian_blur_severe,gaussian_blur,severe,156_0,156,craze,consensus,3,17:craze:stable_correct|29:craze:stable_correct|43:craze:stable_correct
severe_harmful_flip,resnet18,gaussian_blur_severe,gaussian_blur,severe,161_0,161,corrosion,consensus,3,17:surface_injure:harmful_flip|29:surface_injure:harmful_flip|43:surface_injure:harmful_flip
severe_stable_correct,resnet18,gaussian_blur_severe,gaussian_blur,severe,163_0,163,hide_craze,consensus,3,17:hide_craze:stable_correct|29:hide_craze:stable_correct|43:hide_craze:stable_correct
severe_harmful_flip,resnet18,gaussian_blur_severe,gaussian_blur,severe,166_0,166,craze,majority,2,17:hide_craze:harmful_flip|29:crack:harmful_flip|43:craze:stable_correct
seed_disagreement,resnet18,gaussian_blur_severe,gaussian_blur,severe,166_0,166,craze,seed_disagreement,3,17:hide_craze:harmful_flip|29:crack:harmful_flip|43:craze:stable_correct
severe_stable_correct,resnet18,gaussian_blur_severe,gaussian_blur,severe,167_0,167,craze,majority,2,17:hide_craze:harmful_flip|29:craze:stable_correct|43:craze:stable_correct
seed_disagreement,resnet18,gaussian_blur_severe,gaussian_blur,severe,167_0,167,craze,seed_disagreement,3,17:hide_craze:harmful_flip|29:craze:stable_correct|43:craze:stable_correct
seed_disagreement,resnet18,gaussian_blur_severe,gaussian_blur,severe,167_1,167,craze,seed_disagreement,3,17:hide_craze:stable_wrong|29:craze:stable_correct|43:hide_craze:harmful_flip
severe_stable_correct,resnet18,gaussian_blur_severe,gaussian_blur,severe,178_0,178,surface_injure,consensus,3,17:surface_injure:stable_correct|29:surface_injure:stable_correct|43:surface_injure:stable_correct
severe_stable_correct,resnet18,gaussian_blur_severe,gaussian_blur,severe,178_1,178,surface_injure,consensus,3,17:surface_injure:stable_correct|29:surface_injure:stable_correct|43:surface_injure:stable_correct
severe_stable_correct,resnet18,gaussian_blur_severe,gaussian_blur,severe,178_2,178,surface_injure,consensus,3,17:surface_injure:stable_correct|29:surface_injure:stable_correct|43:surface_injure:stable_correct
severe_harmful_flip,resnet18,gaussian_blur_severe,gaussian_blur,severe,198_0,198,craze,consensus,3,17:surface_injure:harmful_flip|29:surface_injure:harmful_flip|43:surface_injure:harmful_flip
severe_stable_correct,resnet18,gaussian_blur_severe,gaussian_blur,severe,198_1,198,hide_craze,consensus,3,17:hide_craze:stable_correct|29:hide_craze:stable_correct|43:hide_craze:stable_correct
severe_harmful_flip,resnet18,gaussian_blur_severe,gaussian_blur,severe,209_0,209,hide_craze,majority,2,17:surface_injure:harmful_flip|29:surface_injure:harmful_flip|43:hide_craze:stable_correct
seed_disagreement,resnet18,gaussian_blur_severe,gaussian_blur,severe,209_0,209,hide_craze,seed_disagreement,3,17:surface_injure:harmful_flip|29:surface_injure:harmful_flip|43:hide_craze:stable_correct
severe_stable_correct,resnet18,gaussian_blur_severe,gaussian_blur,severe,214_0,214,craze,majority,2,17:corrosion:harmful_flip|29:craze:stable_correct|43:craze:stable_correct
seed_disagreement,resnet18,gaussian_blur_severe,gaussian_blur,severe,214_0,214,craze,seed_disagreement,3,17:corrosion:harmful_flip|29:craze:stable_correct|43:craze:stable_correct
severe_stable_correct,resnet18,gaussian_blur_severe,gaussian_blur,severe,216_0,216,crack,consensus,3,17:crack:stable_correct|29:crack:stable_correct|43:crack:stable_correct
severe_stable_correct,resnet18,gaussian_blur_severe,gaussian_blur,severe,217_0,217,surface_injure,consensus,3,17:surface_injure:stable_correct|29:surface_injure:stable_correct|43:surface_injure:stable_correct
severe_stable_correct,resnet18,gaussian_blur_severe,gaussian_blur,severe,224_0,224,hide_craze,consensus,3,17:hide_craze:stable_correct|29:hide_craze:stable_correct|43:hide_craze:stable_correct
beneficial_flip,resnet18,gaussian_blur_severe,gaussian_blur,severe,228_0,228,hide_craze,majority,2,17:hide_craze:stable_correct|29:hide_craze:beneficial_flip|43:hide_craze:beneficial_flip
beneficial_flip,resnet18,gaussian_blur_severe,gaussian_blur,severe,228_1,228,hide_craze,consensus,3,17:hide_craze:beneficial_flip|29:hide_craze:beneficial_flip|43:hide_craze:beneficial_flip
severe_stable_correct,resnet18,gaussian_blur_severe,gaussian_blur,severe,234_0,234,surface_injure,majority,2,17:surface_injure:stable_correct|29:surface_injure:beneficial_flip|43:surface_injure:stable_correct
severe_stable_correct,resnet18,gaussian_blur_severe,gaussian_blur,severe,234_1,234,hide_craze,consensus,3,17:hide_craze:stable_correct|29:hide_craze:stable_correct|43:hide_craze:stable_correct
severe_stable_correct,resnet18,gaussian_blur_severe,gaussian_blur,severe,234_2,234,hide_craze,consensus,3,17:hide_craze:stable_correct|29:hide_craze:stable_correct|43:hide_craze:stable_correct
severe_stable_correct,resnet18,gaussian_blur_severe,gaussian_blur,severe,234_3,234,hide_craze,consensus,3,17:hide_craze:stable_correct|29:hide_craze:stable_correct|43:hide_craze:stable_correct
severe_harmful_flip,resnet18,gaussian_blur_severe,gaussian_blur,severe,234_4,234,hide_craze,majority,2,17:surface_injure:harmful_flip|29:surface_injure:harmful_flip|43:hide_craze:stable_correct
seed_disagreement,resnet18,gaussian_blur_severe,gaussian_blur,severe,234_4,234,hide_craze,seed_disagreement,3,17:surface_injure:harmful_flip|29:surface_injure:harmful_flip|43:hide_craze:stable_correct
severe_stable_correct,resnet18,gaussian_blur_severe,gaussian_blur,severe,238_0,238,crack,majority,2,17:crack:stable_correct|29:surface_injure:harmful_flip|43:crack:stable_correct
seed_disagreement,resnet18,gaussian_blur_severe,gaussian_blur,severe,238_0,238,crack,seed_disagreement,3,17:crack:stable_correct|29:surface_injure:harmful_flip|43:crack:stable_correct
severe_stable_correct,resnet18,gaussian_blur_severe,gaussian_blur,severe,238_1,238,crack,majority,2,17:hide_craze:harmful_flip|29:crack:stable_correct|43:crack:stable_correct
seed_disagreement,resnet18,gaussian_blur_severe,gaussian_blur,severe,238_1,238,crack,seed_disagreement,3,17:hide_craze:harmful_flip|29:crack:stable_correct|43:crack:stable_correct
severe_stable_correct,resnet18,gaussian_blur_severe,gaussian_blur,severe,250_0,250,crack,consensus,3,17:crack:stable_correct|29:crack:stable_correct|43:crack:stable_correct
severe_stable_correct,resnet18,gaussian_blur_severe,gaussian_blur,severe,252_0,252,crack,consensus,3,17:crack:stable_correct|29:crack:stable_correct|43:crack:stable_correct
seed_disagreement,resnet18,gaussian_blur_severe,gaussian_blur,severe,255_0,255,surface_injure,seed_disagreement,3,17:surface_injure:beneficial_flip|29:hide_craze:stable_wrong|43:hide_craze:harmful_flip
severe_stable_correct,resnet18,gaussian_blur_severe,gaussian_blur,severe,255_1,255,surface_injure,consensus,3,17:surface_injure:stable_correct|29:surface_injure:stable_correct|43:surface_injure:stable_correct
severe_stable_correct,resnet18,gaussian_blur_severe,gaussian_blur,severe,257_0,257,surface_injure,majority,2,17:surface_injure:stable_correct|29:surface_injure:beneficial_flip|43:surface_injure:stable_correct
severe_stable_correct,resnet18,gaussian_blur_severe,gaussian_blur,severe,257_1,257,surface_injure,consensus,3,17:surface_injure:stable_correct|29:surface_injure:stable_correct|43:surface_injure:stable_correct
severe_stable_correct,resnet18,gaussian_blur_severe,gaussian_blur,severe,269_0,269,crack,consensus,3,17:crack:stable_correct|29:crack:stable_correct|43:crack:stable_correct
severe_harmful_flip,resnet18,gaussian_blur_severe,gaussian_blur,severe,273_0,273,thunderstrike,consensus,3,17:hide_craze:harmful_flip|29:surface_injure:harmful_flip|43:surface_injure:harmful_flip
seed_disagreement,resnet18,gaussian_blur_severe,gaussian_blur,severe,273_0,273,thunderstrike,seed_disagreement,3,17:hide_craze:harmful_flip|29:surface_injure:harmful_flip|43:surface_injure:harmful_flip
severe_stable_correct,resnet18,gaussian_blur_severe,gaussian_blur,severe,273_1,273,surface_injure,consensus,3,17:surface_injure:stable_correct|29:surface_injure:stable_correct|43:surface_injure:stable_correct
severe_stable_correct,resnet18,gaussian_blur_severe,gaussian_blur,severe,276_0,276,hide_craze,consensus,3,17:hide_craze:stable_correct|29:hide_craze:stable_correct|43:hide_craze:stable_correct
severe_stable_correct,resnet18,gaussian_blur_severe,gaussian_blur,severe,276_1,276,hide_craze,consensus,3,17:hide_craze:stable_correct|29:hide_craze:stable_correct|43:hide_craze:stable_correct
severe_stable_correct,resnet18,gaussian_blur_severe,gaussian_blur,severe,284_0,284,hide_craze,consensus,3,17:hide_craze:stable_correct|29:hide_craze:stable_correct|43:hide_craze:stable_correct
severe_stable_correct,resnet18,gaussian_blur_severe,gaussian_blur,severe,285_0,285,surface_injure,consensus,3,17:surface_injure:stable_correct|29:surface_injure:stable_correct|43:surface_injure:stable_correct
severe_stable_correct,resnet18,gaussian_blur_severe,gaussian_blur,severe,285_1,285,surface_injure,consensus,3,17:surface_injure:stable_correct|29:surface_injure:stable_correct|43:surface_injure:stable_correct
severe_stable_correct,resnet18,gaussian_blur_severe,gaussian_blur,severe,318_0,318,crack,consensus,3,17:crack:stable_correct|29:crack:stable_correct|43:crack:stable_correct
severe_stable_correct,resnet18,gaussian_blur_severe,gaussian_blur,severe,322_0,322,corrosion,consensus,3,17:corrosion:stable_correct|29:corrosion:stable_correct|43:corrosion:stable_correct
seed_disagreement,resnet18,gaussian_blur_severe,gaussian_blur,severe,323_0,323,corrosion,seed_disagreement,3,17:surface_injure:stable_wrong|29:surface_injure:changed_wrong|43:hide_craze:changed_wrong
severe_stable_correct,resnet18,gaussian_blur_severe,gaussian_blur,severe,326_0,326,surface_injure,consensus,3,17:surface_injure:stable_correct|29:surface_injure:stable_correct|43:surface_injure:stable_correct
severe_harmful_flip,resnet18,gaussian_blur_severe,gaussian_blur,severe,326_1,326,craze,consensus,3,17:surface_injure:harmful_flip|29:surface_injure:harmful_flip|43:surface_injure:harmful_flip
severe_stable_correct,resnet18,gaussian_blur_severe,gaussian_blur,severe,332_0,332,surface_injure,majority,2,17:surface_injure:stable_correct|29:surface_injure:stable_correct|43:hide_craze:harmful_flip
seed_disagreement,resnet18,gaussian_blur_severe,gaussian_blur,severe,332_0,332,surface_injure,seed_disagreement,3,17:surface_injure:stable_correct|29:surface_injure:stable_correct|43:hide_craze:harmful_flip
severe_stable_correct,resnet18,gaussian_blur_severe,gaussian_blur,severe,363_0,363,surface_injure,consensus,3,17:surface_injure:stable_correct|29:surface_injure:stable_correct|43:surface_injure:stable_correct
severe_stable_correct,resnet18,gaussian_blur_severe,gaussian_blur,severe,370_0,370,corrosion,majority,2,17:corrosion:stable_correct|29:corrosion:stable_correct|43:hide_craze:harmful_flip
seed_disagreement,resnet18,gaussian_blur_severe,gaussian_blur,severe,370_0,370,corrosion,seed_disagreement,3,17:corrosion:stable_correct|29:corrosion:stable_correct|43:hide_craze:harmful_flip
severe_harmful_flip,resnet18,gaussian_blur_severe,gaussian_blur,severe,370_1,370,corrosion,consensus,3,17:hide_craze:harmful_flip|29:hide_craze:harmful_flip|43:hide_craze:harmful_flip
severe_harmful_flip,resnet18,gaussian_blur_severe,gaussian_blur,severe,370_2,370,corrosion,consensus,3,17:hide_craze:harmful_flip|29:surface_injure:harmful_flip|43:surface_injure:harmful_flip
seed_disagreement,resnet18,gaussian_blur_severe,gaussian_blur,severe,370_2,370,corrosion,seed_disagreement,3,17:hide_craze:harmful_flip|29:surface_injure:harmful_flip|43:surface_injure:harmful_flip
severe_stable_correct,resnet18,gaussian_blur_severe,gaussian_blur,severe,373_0,373,corrosion,consensus,3,17:corrosion:stable_correct|29:corrosion:stable_correct|43:corrosion:stable_correct
severe_stable_correct,resnet18,gaussian_blur_severe,gaussian_blur,severe,379_0,379,hide_craze,consensus,3,17:hide_craze:stable_correct|29:hide_craze:stable_correct|43:hide_craze:stable_correct
severe_stable_correct,resnet18,gaussian_blur_severe,gaussian_blur,severe,379_1,379,hide_craze,consensus,3,17:hide_craze:stable_correct|29:hide_craze:stable_correct|43:hide_craze:stable_correct
severe_stable_correct,resnet18,gaussian_blur_severe,gaussian_blur,severe,388_0,388,hide_craze,consensus,3,17:hide_craze:stable_correct|29:hide_craze:stable_correct|43:hide_craze:stable_correct
severe_stable_correct,resnet18,gaussian_blur_severe,gaussian_blur,severe,389_0,389,crack,consensus,3,17:crack:stable_correct|29:crack:stable_correct|43:crack:stable_correct
severe_stable_wrong,resnet18,gaussian_blur_severe,gaussian_blur,severe,390_0,390,corrosion,majority,2,17:surface_injure:stable_wrong|29:surface_injure:harmful_flip|43:surface_injure:stable_wrong
severe_stable_correct,resnet18,gaussian_blur_severe,gaussian_blur,severe,394_0,394,crack,consensus,3,17:crack:stable_correct|29:crack:stable_correct|43:crack:stable_correct
severe_harmful_flip,resnet18,gaussian_blur_severe,gaussian_blur,severe,405_0,405,corrosion,consensus,3,17:hide_craze:harmful_flip|29:hide_craze:harmful_flip|43:hide_craze:harmful_flip
severe_stable_correct,resnet18,gaussian_blur_severe,gaussian_blur,severe,407_0,407,surface_injure,consensus,3,17:surface_injure:stable_correct|29:surface_injure:stable_correct|43:surface_injure:stable_correct
severe_harmful_flip,resnet18,gaussian_blur_severe,gaussian_blur,severe,408_0,408,corrosion,consensus,3,17:hide_craze:harmful_flip|29:surface_injure:harmful_flip|43:surface_injure:harmful_flip
seed_disagreement,resnet18,gaussian_blur_severe,gaussian_blur,severe,408_0,408,corrosion,seed_disagreement,3,17:hide_craze:harmful_flip|29:surface_injure:harmful_flip|43:surface_injure:harmful_flip
severe_harmful_flip,resnet18,gaussian_blur_severe,gaussian_blur,severe,408_1,408,corrosion,consensus,3,17:surface_injure:harmful_flip|29:surface_injure:harmful_flip|43:surface_injure:harmful_flip
severe_harmful_flip,resnet18,gaussian_blur_severe,gaussian_blur,severe,410_0,410,corrosion,majority,2,17:surface_injure:harmful_flip|29:surface_injure:harmful_flip|43:hide_craze:changed_wrong
seed_disagreement,resnet18,gaussian_blur_severe,gaussian_blur,severe,410_0,410,corrosion,seed_disagreement,3,17:surface_injure:harmful_flip|29:surface_injure:harmful_flip|43:hide_craze:changed_wrong
seed_disagreement,resnet18,gaussian_blur_severe,gaussian_blur,severe,410_1,410,corrosion,seed_disagreement,3,17:surface_injure:harmful_flip|29:corrosion:stable_correct|43:hide_craze:changed_wrong
severe_stable_correct,resnet18,gaussian_blur_severe,gaussian_blur,severe,432_0,432,surface_injure,consensus,3,17:surface_injure:stable_correct|29:surface_injure:stable_correct|43:surface_injure:stable_correct
severe_stable_correct,resnet18,gaussian_blur_severe,gaussian_blur,severe,438_0,438,hide_craze,consensus,3,17:hide_craze:stable_correct|29:hide_craze:stable_correct|43:hide_craze:stable_correct
severe_stable_correct,resnet18,gaussian_blur_severe,gaussian_blur,severe,440_0,440,crack,majority,2,17:crack:stable_correct|29:crack:stable_correct|43:hide_craze:harmful_flip
seed_disagreement,resnet18,gaussian_blur_severe,gaussian_blur,severe,440_0,440,crack,seed_disagreement,3,17:crack:stable_correct|29:crack:stable_correct|43:hide_craze:harmful_flip
severe_stable_correct,resnet18,gaussian_blur_severe,gaussian_blur,severe,447_0,447,crack,consensus,3,17:crack:stable_correct|29:crack:stable_correct|43:crack:stable_correct
severe_stable_correct,resnet18,gaussian_blur_severe,gaussian_blur,severe,447_1,447,crack,consensus,3,17:crack:stable_correct|29:crack:stable_correct|43:crack:stable_correct
severe_stable_correct,resnet18,gaussian_blur_severe,gaussian_blur,severe,451_0,451,corrosion,majority,2,17:corrosion:stable_correct|29:crack:harmful_flip|43:corrosion:stable_correct
seed_disagreement,resnet18,gaussian_blur_severe,gaussian_blur,severe,451_0,451,corrosion,seed_disagreement,3,17:corrosion:stable_correct|29:crack:harmful_flip|43:corrosion:stable_correct
severe_stable_correct,resnet18,gaussian_blur_severe,gaussian_blur,severe,457_0,457,hide_craze,consensus,3,17:hide_craze:stable_correct|29:hide_craze:stable_correct|43:hide_craze:stable_correct
severe_stable_correct,resnet18,gaussian_blur_severe,gaussian_blur,severe,457_1,457,hide_craze,consensus,3,17:hide_craze:stable_correct|29:hide_craze:stable_correct|43:hide_craze:stable_correct
severe_stable_correct,resnet18,gaussian_blur_severe,gaussian_blur,severe,457_2,457,hide_craze,majority,2,17:hide_craze:stable_correct|29:hide_craze:stable_correct|43:hide_craze:beneficial_flip
severe_harmful_flip,resnet18,gaussian_blur_severe,gaussian_blur,severe,464_0,464,craze,consensus,3,17:surface_injure:harmful_flip|29:surface_injure:harmful_flip|43:surface_injure:harmful_flip
severe_stable_correct,resnet18,gaussian_blur_severe,gaussian_blur,severe,469_0,469,craze,consensus,3,17:craze:stable_correct|29:craze:stable_correct|43:craze:stable_correct
severe_stable_correct,resnet18,gaussian_blur_severe,gaussian_blur,severe,473_0,473,crack,consensus,3,17:crack:stable_correct|29:crack:stable_correct|43:crack:stable_correct
severe_stable_correct,resnet18,gaussian_blur_severe,gaussian_blur,severe,476_0,476,surface_injure,consensus,3,17:surface_injure:stable_correct|29:surface_injure:stable_correct|43:surface_injure:stable_correct
severe_stable_correct,resnet18,gaussian_blur_severe,gaussian_blur,severe,479_0,479,surface_injure,consensus,3,17:surface_injure:stable_correct|29:surface_injure:stable_correct|43:surface_injure:stable_correct
severe_stable_correct,resnet18,gaussian_blur_severe,gaussian_blur,severe,479_1,479,thunderstrike,consensus,3,17:thunderstrike:stable_correct|29:thunderstrike:stable_correct|43:thunderstrike:stable_correct
severe_stable_correct,resnet18,gaussian_blur_severe,gaussian_blur,severe,501_0,501,corrosion,majority,2,17:surface_injure:harmful_flip|29:corrosion:stable_correct|43:corrosion:stable_correct
seed_disagreement,resnet18,gaussian_blur_severe,gaussian_blur,severe,501_0,501,corrosion,seed_disagreement,3,17:surface_injure:harmful_flip|29:corrosion:stable_correct|43:corrosion:stable_correct
severe_harmful_flip,resnet18,gaussian_blur_severe,gaussian_blur,severe,505_0,505,corrosion,consensus,3,17:surface_injure:harmful_flip|29:surface_injure:harmful_flip|43:surface_injure:harmful_flip
severe_stable_correct,resnet18,gaussian_blur_severe,gaussian_blur,severe,511_0,511,hide_craze,consensus,3,17:hide_craze:stable_correct|29:hide_craze:stable_correct|43:hide_craze:stable_correct
severe_stable_correct,resnet18,gaussian_blur_severe,gaussian_blur,severe,511_1,511,hide_craze,consensus,3,17:hide_craze:stable_correct|29:hide_craze:stable_correct|43:hide_craze:stable_correct
severe_stable_wrong,resnet18,gaussian_blur_severe,gaussian_blur,severe,521_0,521,corrosion,majority,2,17:surface_injure:stable_wrong|29:hide_craze:stable_wrong|43:hide_craze:changed_wrong
seed_disagreement,resnet18,gaussian_blur_severe,gaussian_blur,severe,521_0,521,corrosion,seed_disagreement,3,17:surface_injure:stable_wrong|29:hide_craze:stable_wrong|43:hide_craze:changed_wrong
severe_stable_wrong,resnet18,gaussian_blur_severe,gaussian_blur,severe,521_1,521,corrosion,majority,2,17:surface_injure:changed_wrong|29:hide_craze:stable_wrong|43:hide_craze:stable_wrong
seed_disagreement,resnet18,gaussian_blur_severe,gaussian_blur,severe,521_1,521,corrosion,seed_disagreement,3,17:surface_injure:changed_wrong|29:hide_craze:stable_wrong|43:hide_craze:stable_wrong
severe_stable_correct,resnet18,gaussian_blur_severe,gaussian_blur,severe,541_0,541,hide_craze,consensus,3,17:hide_craze:stable_correct|29:hide_craze:stable_correct|43:hide_craze:stable_correct
severe_stable_wrong,resnet18,gaussian_blur_severe,gaussian_blur,severe,546_0,546,corrosion,consensus,3,17:surface_injure:stable_wrong|29:surface_injure:stable_wrong|43:surface_injure:stable_wrong
severe_harmful_flip,resnet18,gaussian_blur_severe,gaussian_blur,severe,546_1,546,corrosion,consensus,3,17:surface_injure:harmful_flip|29:hide_craze:harmful_flip|43:hide_craze:harmful_flip
seed_disagreement,resnet18,gaussian_blur_severe,gaussian_blur,severe,546_1,546,corrosion,seed_disagreement,3,17:surface_injure:harmful_flip|29:hide_craze:harmful_flip|43:hide_craze:harmful_flip
severe_harmful_flip,resnet18,gaussian_blur_severe,gaussian_blur,severe,546_2,546,corrosion,consensus,3,17:surface_injure:harmful_flip|29:hide_craze:harmful_flip|43:hide_craze:harmful_flip
seed_disagreement,resnet18,gaussian_blur_severe,gaussian_blur,severe,546_2,546,corrosion,seed_disagreement,3,17:surface_injure:harmful_flip|29:hide_craze:harmful_flip|43:hide_craze:harmful_flip
severe_harmful_flip,resnet18,gaussian_blur_severe,gaussian_blur,severe,563_0,563,craze,consensus,3,17:surface_injure:harmful_flip|29:surface_injure:harmful_flip|43:surface_injure:harmful_flip
severe_stable_correct,resnet18,gaussian_blur_severe,gaussian_blur,severe,566_0,566,corrosion,majority,2,17:surface_injure:harmful_flip|29:corrosion:stable_correct|43:corrosion:stable_correct
seed_disagreement,resnet18,gaussian_blur_severe,gaussian_blur,severe,566_0,566,corrosion,seed_disagreement,3,17:surface_injure:harmful_flip|29:corrosion:stable_correct|43:corrosion:stable_correct
severe_stable_correct,resnet18,gaussian_blur_severe,gaussian_blur,severe,569_0,569,hide_craze,consensus,3,17:hide_craze:stable_correct|29:hide_craze:stable_correct|43:hide_craze:stable_correct
severe_stable_correct,resnet18,gaussian_blur_severe,gaussian_blur,severe,574_0,574,craze,consensus,3,17:craze:stable_correct|29:craze:stable_correct|43:craze:stable_correct
severe_stable_correct,resnet18,gaussian_blur_severe,gaussian_blur,severe,580_0,580,craze,majority,2,17:craze:stable_correct|29:surface_injure:harmful_flip|43:craze:stable_correct
seed_disagreement,resnet18,gaussian_blur_severe,gaussian_blur,severe,580_0,580,craze,seed_disagreement,3,17:craze:stable_correct|29:surface_injure:harmful_flip|43:craze:stable_correct
severe_harmful_flip,resnet18,gaussian_blur_severe,gaussian_blur,severe,591_0,591,thunderstrike,majority,2,17:surface_injure:harmful_flip|29:surface_injure:harmful_flip|43:surface_injure:stable_wrong
severe_stable_correct,resnet18,gaussian_blur_severe,gaussian_blur,severe,591_1,591,surface_injure,consensus,3,17:surface_injure:stable_correct|29:surface_injure:stable_correct|43:surface_injure:stable_correct
severe_stable_correct,resnet18,gaussian_blur_severe,gaussian_blur,severe,591_2,591,surface_injure,consensus,3,17:surface_injure:stable_correct|29:surface_injure:stable_correct|43:surface_injure:stable_correct
severe_harmful_flip,resnet18,gaussian_blur_severe,gaussian_blur,severe,597_0,597,hide_craze,consensus,3,17:surface_injure:harmful_flip|29:surface_injure:harmful_flip|43:surface_injure:harmful_flip
severe_stable_correct,resnet18,gaussian_blur_severe,gaussian_blur,severe,598_0,598,corrosion,majority,2,17:crack:harmful_flip|29:corrosion:stable_correct|43:corrosion:stable_correct
seed_disagreement,resnet18,gaussian_blur_severe,gaussian_blur,severe,598_0,598,corrosion,seed_disagreement,3,17:crack:harmful_flip|29:corrosion:stable_correct|43:corrosion:stable_correct
severe_stable_correct,resnet18,gaussian_blur_severe,gaussian_blur,severe,598_1,598,corrosion,majority,2,17:corrosion:stable_correct|29:surface_injure:harmful_flip|43:corrosion:stable_correct
seed_disagreement,resnet18,gaussian_blur_severe,gaussian_blur,severe,598_1,598,corrosion,seed_disagreement,3,17:corrosion:stable_correct|29:surface_injure:harmful_flip|43:corrosion:stable_correct
severe_stable_correct,resnet18,gaussian_blur_severe,gaussian_blur,severe,600_0,600,hide_craze,majority,2,17:hide_craze:stable_correct|29:hide_craze:beneficial_flip|43:hide_craze:stable_correct
severe_stable_correct,resnet18,gaussian_blur_severe,gaussian_blur,severe,610_0,610,hide_craze,consensus,3,17:hide_craze:stable_correct|29:hide_craze:stable_correct|43:hide_craze:stable_correct
severe_stable_correct,resnet18,gaussian_blur_severe,gaussian_blur,severe,623_0,623,hide_craze,consensus,3,17:hide_craze:stable_correct|29:hide_craze:stable_correct|43:hide_craze:stable_correct
beneficial_flip,resnet18,gaussian_blur_severe,gaussian_blur,severe,623_1,623,surface_injure,majority,2,17:surface_injure:beneficial_flip|29:surface_injure:beneficial_flip|43:surface_injure:stable_correct
severe_stable_correct,resnet18,gaussian_blur_severe,gaussian_blur,severe,633_0,633,hide_craze,consensus,3,17:hide_craze:stable_correct|29:hide_craze:stable_correct|43:hide_craze:stable_correct
severe_stable_correct,resnet18,gaussian_blur_severe,gaussian_blur,severe,642_0,642,hide_craze,majority,2,17:surface_injure:harmful_flip|29:hide_craze:stable_correct|43:hide_craze:stable_correct
seed_disagreement,resnet18,gaussian_blur_severe,gaussian_blur,severe,642_0,642,hide_craze,seed_disagreement,3,17:surface_injure:harmful_flip|29:hide_craze:stable_correct|43:hide_craze:stable_correct
severe_stable_correct,resnet18,gaussian_blur_severe,gaussian_blur,severe,642_1,642,surface_injure,majority,2,17:surface_injure:stable_correct|29:surface_injure:beneficial_flip|43:surface_injure:stable_correct
severe_stable_correct,resnet18,gaussian_blur_severe,gaussian_blur,severe,643_0,643,hide_craze,majority,2,17:surface_injure:harmful_flip|29:hide_craze:stable_correct|43:hide_craze:stable_correct
seed_disagreement,resnet18,gaussian_blur_severe,gaussian_blur,severe,643_0,643,hide_craze,seed_disagreement,3,17:surface_injure:harmful_flip|29:hide_craze:stable_correct|43:hide_craze:stable_correct
severe_stable_correct,resnet18,gaussian_blur_severe,gaussian_blur,severe,650_0,650,corrosion,majority,2,17:corrosion:stable_correct|29:hide_craze:harmful_flip|43:corrosion:stable_correct
seed_disagreement,resnet18,gaussian_blur_severe,gaussian_blur,severe,650_0,650,corrosion,seed_disagreement,3,17:corrosion:stable_correct|29:hide_craze:harmful_flip|43:corrosion:stable_correct
severe_stable_correct,resnet18,gaussian_blur_severe,gaussian_blur,severe,655_0,655,hide_craze,majority,2,17:crack:stable_wrong|29:hide_craze:stable_correct|43:hide_craze:stable_correct
seed_disagreement,resnet18,gaussian_blur_severe,gaussian_blur,severe,655_0,655,hide_craze,seed_disagreement,3,17:crack:stable_wrong|29:hide_craze:stable_correct|43:hide_craze:stable_correct
severe_harmful_flip,resnet18,gaussian_blur_severe,gaussian_blur,severe,658_0,658,corrosion,majority,2,17:hide_craze:harmful_flip|29:hide_craze:stable_wrong|43:hide_craze:harmful_flip
severe_stable_correct,resnet18,gaussian_blur_severe,gaussian_blur,severe,663_0,663,hide_craze,majority,2,17:hide_craze:stable_correct|29:surface_injure:changed_wrong|43:hide_craze:stable_correct
seed_disagreement,resnet18,gaussian_blur_severe,gaussian_blur,severe,663_0,663,hide_craze,seed_disagreement,3,17:hide_craze:stable_correct|29:surface_injure:changed_wrong|43:hide_craze:stable_correct
severe_stable_correct,resnet18,gaussian_blur_severe,gaussian_blur,severe,671_0,671,hide_craze,consensus,3,17:hide_craze:stable_correct|29:hide_craze:stable_correct|43:hide_craze:stable_correct
beneficial_flip,resnet18,gaussian_blur_severe,gaussian_blur,severe,671_1,671,surface_injure,majority,2,17:surface_injure:beneficial_flip|29:surface_injure:beneficial_flip|43:surface_injure:stable_correct
severe_stable_correct,resnet18,gaussian_blur_severe,gaussian_blur,severe,677_0,677,hide_craze,consensus,3,17:hide_craze:stable_correct|29:hide_craze:stable_correct|43:hide_craze:stable_correct
severe_harmful_flip,resnet18,gaussian_blur_severe,gaussian_blur,severe,686_0,686,thunderstrike,consensus,3,17:surface_injure:harmful_flip|29:surface_injure:harmful_flip|43:surface_injure:harmful_flip
seed_disagreement,resnet18,gaussian_blur_severe,gaussian_blur,severe,689_0,689,surface_injure,seed_disagreement,3,17:crack:stable_wrong|29:surface_injure:beneficial_flip|43:surface_injure:stable_correct
severe_stable_correct,resnet18,gaussian_blur_severe,gaussian_blur,severe,689_1,689,surface_injure,consensus,3,17:surface_injure:stable_correct|29:surface_injure:stable_correct|43:surface_injure:stable_correct
severe_stable_correct,resnet18,gaussian_blur_severe,gaussian_blur,severe,689_2,689,surface_injure,consensus,3,17:surface_injure:stable_correct|29:surface_injure:stable_correct|43:surface_injure:stable_correct
severe_stable_correct,resnet18,gaussian_blur_severe,gaussian_blur,severe,689_3,689,surface_injure,consensus,3,17:surface_injure:stable_correct|29:surface_injure:stable_correct|43:surface_injure:stable_correct
severe_stable_correct,resnet18,gaussian_blur_severe,gaussian_blur,severe,696_0,696,hide_craze,consensus,3,17:hide_craze:stable_correct|29:hide_craze:stable_correct|43:hide_craze:stable_correct
severe_stable_correct,resnet18,gaussian_blur_severe,gaussian_blur,severe,696_1,696,hide_craze,consensus,3,17:hide_craze:stable_correct|29:hide_craze:stable_correct|43:hide_craze:stable_correct
severe_stable_correct,resnet18,gaussian_blur_severe,gaussian_blur,severe,699_0,699,thunderstrike,consensus,3,17:thunderstrike:stable_correct|29:thunderstrike:stable_correct|43:thunderstrike:stable_correct
severe_stable_correct,resnet18,gaussian_blur_severe,gaussian_blur,severe,701_0,701,craze,majority,2,17:craze:stable_correct|29:craze:stable_correct|43:hide_craze:harmful_flip
seed_disagreement,resnet18,gaussian_blur_severe,gaussian_blur,severe,701_0,701,craze,seed_disagreement,3,17:craze:stable_correct|29:craze:stable_correct|43:hide_craze:harmful_flip
severe_stable_correct,resnet18,gaussian_blur_severe,gaussian_blur,severe,704_0,704,corrosion,majority,2,17:corrosion:stable_correct|29:corrosion:stable_correct|43:hide_craze:harmful_flip
seed_disagreement,resnet18,gaussian_blur_severe,gaussian_blur,severe,704_0,704,corrosion,seed_disagreement,3,17:corrosion:stable_correct|29:corrosion:stable_correct|43:hide_craze:harmful_flip
severe_stable_correct,resnet18,gaussian_blur_severe,gaussian_blur,severe,721_0,721,hide_craze,consensus,3,17:hide_craze:stable_correct|29:hide_craze:stable_correct|43:hide_craze:stable_correct
severe_harmful_flip,resnet18,gaussian_blur_severe,gaussian_blur,severe,824_0,824,craze,consensus,3,17:crack:harmful_flip|29:surface_injure:harmful_flip|43:hide_craze:harmful_flip
seed_disagreement,resnet18,gaussian_blur_severe,gaussian_blur,severe,824_0,824,craze,seed_disagreement,3,17:crack:harmful_flip|29:surface_injure:harmful_flip|43:hide_craze:harmful_flip
severe_stable_correct,resnet18,gaussian_blur_severe,gaussian_blur,severe,863_0,863,thunderstrike,majority,2,17:thunderstrike:stable_correct|29:crack:harmful_flip|43:thunderstrike:stable_correct
seed_disagreement,resnet18,gaussian_blur_severe,gaussian_blur,severe,863_0,863,thunderstrike,seed_disagreement,3,17:thunderstrike:stable_correct|29:crack:harmful_flip|43:thunderstrike:stable_correct
severe_harmful_flip,resnet18,gaussian_blur_severe,gaussian_blur,severe,864_0,864,surface_injure,consensus,3,17:corrosion:harmful_flip|29:hide_craze:harmful_flip|43:hide_craze:harmful_flip
seed_disagreement,resnet18,gaussian_blur_severe,gaussian_blur,severe,864_0,864,surface_injure,seed_disagreement,3,17:corrosion:harmful_flip|29:hide_craze:harmful_flip|43:hide_craze:harmful_flip
severe_stable_correct,resnet18,gaussian_blur_severe,gaussian_blur,severe,875_0,875,hide_craze,consensus,3,17:hide_craze:stable_correct|29:hide_craze:stable_correct|43:hide_craze:stable_correct
seed_disagreement,resnet18,gaussian_blur_severe,gaussian_blur,severe,875_1,875,hide_craze,seed_disagreement,3,17:hide_craze:stable_correct|29:surface_injure:harmful_flip|43:hide_craze:beneficial_flip
severe_stable_correct,resnet18,gaussian_blur_severe,gaussian_blur,severe,1017_0,1017,hide_craze,consensus,3,17:hide_craze:stable_correct|29:hide_craze:stable_correct|43:hide_craze:stable_correct
severe_stable_correct,resnet18,gaussian_blur_severe,gaussian_blur,severe,1017_1,1017,hide_craze,consensus,3,17:hide_craze:stable_correct|29:hide_craze:stable_correct|43:hide_craze:stable_correct
beneficial_flip,resnet18,resolution_mild,resolution,mild,48_0,48,surface_injure,majority,2,17:craze:stable_wrong|29:surface_injure:beneficial_flip|43:surface_injure:beneficial_flip
seed_disagreement,resnet18,resolution_mild,resolution,mild,48_0,48,surface_injure,seed_disagreement,3,17:craze:stable_wrong|29:surface_injure:beneficial_flip|43:surface_injure:beneficial_flip
seed_disagreement,resnet18,resolution_mild,resolution,mild,51_0,51,craze,seed_disagreement,3,17:corrosion:stable_wrong|29:corrosion:stable_wrong|43:craze:stable_correct
seed_disagreement,resnet18,resolution_mild,resolution,mild,57_1,57,surface_injure,seed_disagreement,3,17:surface_injure:stable_correct|29:corrosion:stable_wrong|43:surface_injure:stable_correct
seed_disagreement,resnet18,resolution_mild,resolution,mild,65_0,65,corrosion,seed_disagreement,3,17:corrosion:stable_correct|29:hide_craze:stable_wrong|43:corrosion:stable_correct
seed_disagreement,resnet18,resolution_mild,resolution,mild,71_0,71,craze,seed_disagreement,3,17:thunderstrike:harmful_flip|29:craze:stable_correct|43:craze:stable_correct
seed_disagreement,resnet18,resolution_mild,resolution,mild,73_0,73,craze,seed_disagreement,3,17:surface_injure:harmful_flip|29:craze:stable_correct|43:craze:stable_correct
seed_disagreement,resnet18,resolution_mild,resolution,mild,88_0,88,crack,seed_disagreement,3,17:crack:stable_correct|29:hide_craze:stable_wrong|43:hide_craze:stable_wrong
seed_disagreement,resnet18,resolution_mild,resolution,mild,112_0,112,thunderstrike,seed_disagreement,3,17:thunderstrike:stable_correct|29:thunderstrike:stable_correct|43:surface_injure:harmful_flip
seed_disagreement,resnet18,resolution_mild,resolution,mild,142_0,142,surface_injure,seed_disagreement,3,17:surface_injure:beneficial_flip|29:corrosion:stable_wrong|43:corrosion:stable_wrong
seed_disagreement,resnet18,resolution_mild,resolution,mild,161_0,161,corrosion,seed_disagreement,3,17:corrosion:stable_correct|29:corrosion:stable_correct|43:surface_injure:harmful_flip
seed_disagreement,resnet18,resolution_mild,resolution,mild,166_0,166,craze,seed_disagreement,3,17:craze:stable_correct|29:crack:harmful_flip|43:craze:stable_correct
seed_disagreement,resnet18,resolution_mild,resolution,mild,167_1,167,craze,seed_disagreement,3,17:hide_craze:stable_wrong|29:craze:stable_correct|43:craze:stable_correct
seed_disagreement,resnet18,resolution_mild,resolution,mild,198_0,198,craze,seed_disagreement,3,17:craze:stable_correct|29:craze:stable_correct|43:surface_injure:harmful_flip
seed_disagreement,resnet18,resolution_mild,resolution,mild,209_0,209,hide_craze,seed_disagreement,3,17:surface_injure:harmful_flip|29:hide_craze:stable_correct|43:hide_craze:stable_correct
seed_disagreement,resnet18,resolution_mild,resolution,mild,228_0,228,hide_craze,seed_disagreement,3,17:hide_craze:stable_correct|29:crack:stable_wrong|43:crack:stable_wrong
seed_disagreement,resnet18,resolution_mild,resolution,mild,228_1,228,hide_craze,seed_disagreement,3,17:hide_craze:beneficial_flip|29:craze:stable_wrong|43:crack:changed_wrong
beneficial_flip,resnet18,resolution_mild,resolution,mild,255_0,255,surface_injure,majority,2,17:surface_injure:beneficial_flip|29:surface_injure:beneficial_flip|43:surface_injure:stable_correct
seed_disagreement,resnet18,resolution_mild,resolution,mild,323_0,323,corrosion,seed_disagreement,3,17:surface_injure:stable_wrong|29:hide_craze:stable_wrong|43:hide_craze:changed_wrong
seed_disagreement,resnet18,resolution_mild,resolution,mild,326_1,326,craze,seed_disagreement,3,17:surface_injure:harmful_flip|29:craze:stable_correct|43:craze:stable_correct
seed_disagreement,resnet18,resolution_mild,resolution,mild,390_0,390,corrosion,seed_disagreement,3,17:surface_injure:stable_wrong|29:corrosion:stable_correct|43:surface_injure:stable_wrong
seed_disagreement,resnet18,resolution_mild,resolution,mild,410_0,410,corrosion,seed_disagreement,3,17:corrosion:stable_correct|29:corrosion:stable_correct|43:craze:stable_wrong
seed_disagreement,resnet18,resolution_mild,resolution,mild,410_1,410,corrosion,seed_disagreement,3,17:corrosion:stable_correct|29:corrosion:stable_correct|43:craze:stable_wrong
seed_disagreement,resnet18,resolution_mild,resolution,mild,464_0,464,craze,seed_disagreement,3,17:surface_injure:harmful_flip|29:craze:stable_correct|43:craze:stable_correct
seed_disagreement,resnet18,resolution_mild,resolution,mild,464_1,464,hide_craze,seed_disagreement,3,17:surface_injure:stable_wrong|29:hide_craze:stable_correct|43:thunderstrike:stable_wrong
seed_disagreement,resnet18,resolution_mild,resolution,mild,476_0,476,surface_injure,seed_disagreement,3,17:surface_injure:stable_correct|29:surface_injure:stable_correct|43:hide_craze:harmful_flip
seed_disagreement,resnet18,resolution_mild,resolution,mild,521_0,521,corrosion,seed_disagreement,3,17:surface_injure:stable_wrong|29:hide_craze:stable_wrong|43:surface_injure:stable_wrong
seed_disagreement,resnet18,resolution_mild,resolution,mild,546_1,546,corrosion,seed_disagreement,3,17:corrosion:stable_correct|29:corrosion:stable_correct|43:hide_craze:harmful_flip
seed_disagreement,resnet18,resolution_mild,resolution,mild,546_2,546,corrosion,seed_disagreement,3,17:hide_craze:harmful_flip|29:corrosion:stable_correct|43:corrosion:stable_correct
seed_disagreement,resnet18,resolution_mild,resolution,mild,623_1,623,surface_injure,seed_disagreement,3,17:crack:stable_wrong|29:hide_craze:stable_wrong|43:surface_injure:stable_correct
seed_disagreement,resnet18,resolution_mild,resolution,mild,642_0,642,hide_craze,seed_disagreement,3,17:surface_injure:harmful_flip|29:hide_craze:stable_correct|43:hide_craze:stable_correct
seed_disagreement,resnet18,resolution_mild,resolution,mild,642_1,642,surface_injure,seed_disagreement,3,17:surface_injure:stable_correct|29:hide_craze:stable_wrong|43:surface_injure:stable_correct
seed_disagreement,resnet18,resolution_mild,resolution,mild,655_0,655,hide_craze,seed_disagreement,3,17:crack:stable_wrong|29:hide_craze:stable_correct|43:hide_craze:stable_correct
seed_disagreement,resnet18,resolution_mild,resolution,mild,658_0,658,corrosion,seed_disagreement,3,17:hide_craze:harmful_flip|29:hide_craze:stable_wrong|43:corrosion:stable_correct
seed_disagreement,resnet18,resolution_mild,resolution,mild,671_1,671,surface_injure,seed_disagreement,3,17:hide_craze:stable_wrong|29:hide_craze:stable_wrong|43:surface_injure:stable_correct
seed_disagreement,resnet18,resolution_mild,resolution,mild,689_0,689,surface_injure,seed_disagreement,3,17:crack:stable_wrong|29:surface_injure:beneficial_flip|43:surface_injure:stable_correct
seed_disagreement,resnet18,resolution_mild,resolution,mild,824_0,824,craze,seed_disagreement,3,17:surface_injure:harmful_flip|29:craze:stable_correct|43:craze:stable_correct
seed_disagreement,resnet18,resolution_mild,resolution,mild,864_0,864,surface_injure,seed_disagreement,3,17:surface_injure:stable_correct|29:surface_injure:stable_correct|43:hide_craze:harmful_flip
seed_disagreement,resnet18,resolution_mild,resolution,mild,875_1,875,hide_craze,seed_disagreement,3,17:hide_craze:stable_correct|29:hide_craze:stable_correct|43:crack:stable_wrong
beneficial_flip,resnet18,resolution_moderate,resolution,moderate,48_0,48,surface_injure,majority,2,17:craze:stable_wrong|29:surface_injure:beneficial_flip|43:surface_injure:beneficial_flip
seed_disagreement,resnet18,resolution_moderate,resolution,moderate,48_0,48,surface_injure,seed_disagreement,3,17:craze:stable_wrong|29:surface_injure:beneficial_flip|43:surface_injure:beneficial_flip
seed_disagreement,resnet18,resolution_moderate,resolution,moderate,51_0,51,craze,seed_disagreement,3,17:craze:beneficial_flip|29:corrosion:stable_wrong|43:craze:stable_correct
seed_disagreement,resnet18,resolution_moderate,resolution,moderate,57_0,57,craze,seed_disagreement,3,17:craze:stable_correct|29:hide_craze:harmful_flip|43:craze:stable_correct
seed_disagreement,resnet18,resolution_moderate,resolution,moderate,57_1,57,surface_injure,seed_disagreement,3,17:surface_injure:stable_correct|29:corrosion:stable_wrong|43:surface_injure:stable_correct
seed_disagreement,resnet18,resolution_moderate,resolution,moderate,65_0,65,corrosion,seed_disagreement,3,17:corrosion:stable_correct|29:hide_craze:stable_wrong|43:corrosion:stable_correct
seed_disagreement,resnet18,resolution_moderate,resolution,moderate,71_0,71,craze,seed_disagreement,3,17:thunderstrike:harmful_flip|29:craze:stable_correct|43:craze:stable_correct
seed_disagreement,resnet18,resolution_moderate,resolution,moderate,73_0,73,craze,seed_disagreement,3,17:surface_injure:harmful_flip|29:craze:stable_correct|43:craze:stable_correct
beneficial_flip,resnet18,resolution_moderate,resolution,moderate,88_0,88,crack,majority,2,17:crack:stable_correct|29:crack:beneficial_flip|43:crack:beneficial_flip
seed_disagreement,resnet18,resolution_moderate,resolution,moderate,112_0,112,thunderstrike,seed_disagreement,3,17:thunderstrike:stable_correct|29:thunderstrike:stable_correct|43:surface_injure:harmful_flip
beneficial_flip,resnet18,resolution_moderate,resolution,moderate,142_0,142,surface_injure,majority,2,17:surface_injure:beneficial_flip|29:surface_injure:beneficial_flip|43:corrosion:stable_wrong
seed_disagreement,resnet18,resolution_moderate,resolution,moderate,142_0,142,surface_injure,seed_disagreement,3,17:surface_injure:beneficial_flip|29:surface_injure:beneficial_flip|43:corrosion:stable_wrong
seed_disagreement,resnet18,resolution_moderate,resolution,moderate,166_0,166,craze,seed_disagreement,3,17:craze:stable_correct|29:crack:harmful_flip|43:craze:stable_correct
seed_disagreement,resnet18,resolution_moderate,resolution,moderate,167_0,167,craze,seed_disagreement,3,17:hide_craze:harmful_flip|29:craze:stable_correct|43:craze:stable_correct
seed_disagreement,resnet18,resolution_moderate,resolution,moderate,167_1,167,craze,seed_disagreement,3,17:hide_craze:stable_wrong|29:craze:stable_correct|43:craze:stable_correct
seed_disagreement,resnet18,resolution_moderate,resolution,moderate,209_0,209,hide_craze,seed_disagreement,3,17:surface_injure:harmful_flip|29:hide_craze:stable_correct|43:hide_craze:stable_correct
seed_disagreement,resnet18,resolution_moderate,resolution,moderate,228_0,228,hide_craze,seed_disagreement,3,17:hide_craze:stable_correct|29:crack:stable_wrong|43:crack:stable_wrong
seed_disagreement,resnet18,resolution_moderate,resolution,moderate,228_1,228,hide_craze,seed_disagreement,3,17:hide_craze:beneficial_flip|29:craze:stable_wrong|43:crack:changed_wrong
beneficial_flip,resnet18,resolution_moderate,resolution,moderate,255_0,255,surface_injure,majority,2,17:surface_injure:beneficial_flip|29:surface_injure:beneficial_flip|43:surface_injure:stable_correct
seed_disagreement,resnet18,resolution_moderate,resolution,moderate,323_0,323,corrosion,seed_disagreement,3,17:surface_injure:stable_wrong|29:hide_craze:stable_wrong|43:hide_craze:changed_wrong
seed_disagreement,resnet18,resolution_moderate,resolution,moderate,326_1,326,craze,seed_disagreement,3,17:surface_injure:harmful_flip|29:craze:stable_correct|43:craze:stable_correct
seed_disagreement,resnet18,resolution_moderate,resolution,moderate,405_0,405,corrosion,seed_disagreement,3,17:corrosion:stable_correct|29:hide_craze:harmful_flip|43:hide_craze:harmful_flip
seed_disagreement,resnet18,resolution_moderate,resolution,moderate,408_0,408,corrosion,seed_disagreement,3,17:corrosion:stable_correct|29:corrosion:stable_correct|43:craze:harmful_flip
seed_disagreement,resnet18,resolution_moderate,resolution,moderate,410_0,410,corrosion,seed_disagreement,3,17:corrosion:stable_correct|29:corrosion:stable_correct|43:craze:stable_wrong
seed_disagreement,resnet18,resolution_moderate,resolution,moderate,410_1,410,corrosion,seed_disagreement,3,17:craze:harmful_flip|29:corrosion:stable_correct|43:craze:stable_wrong
seed_disagreement,resnet18,resolution_moderate,resolution,moderate,464_0,464,craze,seed_disagreement,3,17:surface_injure:harmful_flip|29:craze:stable_correct|43:craze:stable_correct
seed_disagreement,resnet18,resolution_moderate,resolution,moderate,464_1,464,hide_craze,seed_disagreement,3,17:surface_injure:stable_wrong|29:hide_craze:stable_correct|43:surface_injure:changed_wrong
seed_disagreement,resnet18,resolution_moderate,resolution,moderate,476_0,476,surface_injure,seed_disagreement,3,17:surface_injure:stable_correct|29:surface_injure:stable_correct|43:hide_craze:harmful_flip
seed_disagreement,resnet18,resolution_moderate,resolution,moderate,521_0,521,corrosion,seed_disagreement,3,17:surface_injure:stable_wrong|29:hide_craze:stable_wrong|43:surface_injure:stable_wrong
seed_disagreement,resnet18,resolution_moderate,resolution,moderate,546_1,546,corrosion,seed_disagreement,3,17:surface_injure:harmful_flip|29:hide_craze:harmful_flip|43:hide_craze:harmful_flip
seed_disagreement,resnet18,resolution_moderate,resolution,moderate,546_2,546,corrosion,seed_disagreement,3,17:surface_injure:harmful_flip|29:hide_craze:harmful_flip|43:hide_craze:harmful_flip
seed_disagreement,resnet18,resolution_moderate,resolution,moderate,563_0,563,craze,seed_disagreement,3,17:surface_injure:harmful_flip|29:craze:stable_correct|43:craze:stable_correct
seed_disagreement,resnet18,resolution_moderate,resolution,moderate,597_0,597,hide_craze,seed_disagreement,3,17:surface_injure:harmful_flip|29:hide_craze:stable_correct|43:hide_craze:stable_correct
seed_disagreement,resnet18,resolution_moderate,resolution,moderate,598_0,598,corrosion,seed_disagreement,3,17:crack:harmful_flip|29:corrosion:stable_correct|43:corrosion:stable_correct
seed_disagreement,resnet18,resolution_moderate,resolution,moderate,623_1,623,surface_injure,seed_disagreement,3,17:crack:stable_wrong|29:hide_craze:stable_wrong|43:surface_injure:stable_correct
seed_disagreement,resnet18,resolution_moderate,resolution,moderate,642_0,642,hide_craze,seed_disagreement,3,17:surface_injure:harmful_flip|29:hide_craze:stable_correct|43:hide_craze:stable_correct
seed_disagreement,resnet18,resolution_moderate,resolution,moderate,642_1,642,surface_injure,seed_disagreement,3,17:surface_injure:stable_correct|29:hide_craze:stable_wrong|43:surface_injure:stable_correct
seed_disagreement,resnet18,resolution_moderate,resolution,moderate,655_0,655,hide_craze,seed_disagreement,3,17:crack:stable_wrong|29:hide_craze:stable_correct|43:hide_craze:stable_correct
seed_disagreement,resnet18,resolution_moderate,resolution,moderate,689_0,689,surface_injure,seed_disagreement,3,17:crack:stable_wrong|29:surface_injure:beneficial_flip|43:surface_injure:stable_correct
seed_disagreement,resnet18,resolution_moderate,resolution,moderate,824_0,824,craze,seed_disagreement,3,17:surface_injure:harmful_flip|29:craze:stable_correct|43:crack:harmful_flip
seed_disagreement,resnet18,resolution_moderate,resolution,moderate,864_0,864,surface_injure,seed_disagreement,3,17:surface_injure:stable_correct|29:surface_injure:stable_correct|43:hide_craze:harmful_flip
seed_disagreement,resnet18,resolution_moderate,resolution,moderate,875_1,875,hide_craze,seed_disagreement,3,17:hide_craze:stable_correct|29:hide_craze:stable_correct|43:crack:stable_wrong
severe_stable_correct,resnet18,resolution_severe,resolution,severe,13_0,13,hide_craze,consensus,3,17:hide_craze:stable_correct|29:hide_craze:stable_correct|43:hide_craze:stable_correct
severe_stable_correct,resnet18,resolution_severe,resolution,severe,13_1,13,hide_craze,consensus,3,17:hide_craze:stable_correct|29:hide_craze:stable_correct|43:hide_craze:stable_correct
severe_stable_correct,resnet18,resolution_severe,resolution,severe,32_0,32,thunderstrike,majority,2,17:thunderstrike:stable_correct|29:thunderstrike:stable_correct|43:surface_injure:harmful_flip
seed_disagreement,resnet18,resolution_severe,resolution,severe,32_0,32,thunderstrike,seed_disagreement,3,17:thunderstrike:stable_correct|29:thunderstrike:stable_correct|43:surface_injure:harmful_flip
severe_stable_correct,resnet18,resolution_severe,resolution,severe,32_1,32,thunderstrike,consensus,3,17:thunderstrike:stable_correct|29:thunderstrike:stable_correct|43:thunderstrike:stable_correct
severe_harmful_flip,resnet18,resolution_severe,resolution,severe,46_0,46,corrosion,consensus,3,17:hide_craze:harmful_flip|29:crack:harmful_flip|43:hide_craze:harmful_flip
seed_disagreement,resnet18,resolution_severe,resolution,severe,46_0,46,corrosion,seed_disagreement,3,17:hide_craze:harmful_flip|29:crack:harmful_flip|43:hide_craze:harmful_flip
severe_stable_correct,resnet18,resolution_severe,resolution,severe,46_1,46,corrosion,majority,2,17:hide_craze:harmful_flip|29:corrosion:stable_correct|43:corrosion:stable_correct
seed_disagreement,resnet18,resolution_severe,resolution,severe,46_1,46,corrosion,seed_disagreement,3,17:hide_craze:harmful_flip|29:corrosion:stable_correct|43:corrosion:stable_correct
beneficial_flip,resnet18,resolution_severe,resolution,severe,48_0,48,surface_injure,majority,2,17:thunderstrike:changed_wrong|29:surface_injure:beneficial_flip|43:surface_injure:beneficial_flip
seed_disagreement,resnet18,resolution_severe,resolution,severe,48_0,48,surface_injure,seed_disagreement,3,17:thunderstrike:changed_wrong|29:surface_injure:beneficial_flip|43:surface_injure:beneficial_flip
seed_disagreement,resnet18,resolution_severe,resolution,severe,51_0,51,craze,seed_disagreement,3,17:crack:changed_wrong|29:surface_injure:changed_wrong|43:surface_injure:harmful_flip
severe_harmful_flip,resnet18,resolution_severe,resolution,severe,51_1,51,craze,consensus,3,17:hide_craze:harmful_flip|29:surface_injure:harmful_flip|43:hide_craze:harmful_flip
seed_disagreement,resnet18,resolution_severe,resolution,severe,51_1,51,craze,seed_disagreement,3,17:hide_craze:harmful_flip|29:surface_injure:harmful_flip|43:hide_craze:harmful_flip
severe_stable_correct,resnet18,resolution_severe,resolution,severe,54_0,54,hide_craze,consensus,3,17:hide_craze:stable_correct|29:hide_craze:stable_correct|43:hide_craze:stable_correct
severe_stable_correct,resnet18,resolution_severe,resolution,severe,54_1,54,hide_craze,consensus,3,17:hide_craze:stable_correct|29:hide_craze:stable_correct|43:hide_craze:stable_correct
severe_harmful_flip,resnet18,resolution_severe,resolution,severe,57_0,57,craze,consensus,3,17:hide_craze:harmful_flip|29:hide_craze:harmful_flip|43:hide_craze:harmful_flip
severe_stable_correct,resnet18,resolution_severe,resolution,severe,57_1,57,surface_injure,majority,2,17:surface_injure:stable_correct|29:corrosion:stable_wrong|43:surface_injure:stable_correct
seed_disagreement,resnet18,resolution_severe,resolution,severe,57_1,57,surface_injure,seed_disagreement,3,17:surface_injure:stable_correct|29:corrosion:stable_wrong|43:surface_injure:stable_correct
severe_stable_correct,resnet18,resolution_severe,resolution,severe,61_0,61,craze,majority,2,17:craze:stable_correct|29:craze:stable_correct|43:hide_craze:harmful_flip
seed_disagreement,resnet18,resolution_severe,resolution,severe,61_0,61,craze,seed_disagreement,3,17:craze:stable_correct|29:craze:stable_correct|43:hide_craze:harmful_flip
severe_harmful_flip,resnet18,resolution_severe,resolution,severe,61_1,61,craze,majority,2,17:hide_craze:harmful_flip|29:craze:stable_correct|43:hide_craze:harmful_flip
seed_disagreement,resnet18,resolution_severe,resolution,severe,61_1,61,craze,seed_disagreement,3,17:hide_craze:harmful_flip|29:craze:stable_correct|43:hide_craze:harmful_flip
severe_harmful_flip,resnet18,resolution_severe,resolution,severe,61_2,61,craze,majority,2,17:hide_craze:harmful_flip|29:craze:stable_correct|43:hide_craze:harmful_flip
seed_disagreement,resnet18,resolution_severe,resolution,severe,61_2,61,craze,seed_disagreement,3,17:hide_craze:harmful_flip|29:craze:stable_correct|43:hide_craze:harmful_flip
seed_disagreement,resnet18,resolution_severe,resolution,severe,65_0,65,corrosion,seed_disagreement,3,17:corrosion:stable_correct|29:hide_craze:stable_wrong|43:hide_craze:harmful_flip
severe_stable_correct,resnet18,resolution_severe,resolution,severe,67_0,67,hide_craze,consensus,3,17:hide_craze:stable_correct|29:hide_craze:stable_correct|43:hide_craze:stable_correct
severe_harmful_flip,resnet18,resolution_severe,resolution,severe,71_0,71,craze,majority,2,17:thunderstrike:harmful_flip|29:craze:stable_correct|43:thunderstrike:harmful_flip
seed_disagreement,resnet18,resolution_severe,resolution,severe,71_0,71,craze,seed_disagreement,3,17:thunderstrike:harmful_flip|29:craze:stable_correct|43:thunderstrike:harmful_flip
severe_harmful_flip,resnet18,resolution_severe,resolution,severe,73_0,73,craze,consensus,3,17:surface_injure:harmful_flip|29:surface_injure:harmful_flip|43:surface_injure:harmful_flip
severe_stable_correct,resnet18,resolution_severe,resolution,severe,81_0,81,craze,consensus,3,17:craze:stable_correct|29:craze:stable_correct|43:craze:stable_correct
severe_stable_correct,resnet18,resolution_severe,resolution,severe,81_1,81,craze,consensus,3,17:craze:stable_correct|29:craze:stable_correct|43:craze:stable_correct
severe_stable_correct,resnet18,resolution_severe,resolution,severe,81_2,81,craze,consensus,3,17:craze:stable_correct|29:craze:stable_correct|43:craze:stable_correct
seed_disagreement,resnet18,resolution_severe,resolution,severe,88_0,88,crack,seed_disagreement,3,17:crack:stable_correct|29:crack:beneficial_flip|43:hide_craze:stable_wrong
severe_stable_correct,resnet18,resolution_severe,resolution,severe,93_0,93,craze,majority,2,17:craze:stable_correct|29:craze:stable_correct|43:hide_craze:harmful_flip
seed_disagreement,resnet18,resolution_severe,resolution,severe,93_0,93,craze,seed_disagreement,3,17:craze:stable_correct|29:craze:stable_correct|43:hide_craze:harmful_flip
severe_stable_correct,resnet18,resolution_severe,resolution,severe,103_0,103,craze,majority,2,17:hide_craze:harmful_flip|29:craze:stable_correct|43:craze:stable_correct
seed_disagreement,resnet18,resolution_severe,resolution,severe,103_0,103,craze,seed_disagreement,3,17:hide_craze:harmful_flip|29:craze:stable_correct|43:craze:stable_correct
severe_harmful_flip,resnet18,resolution_severe,resolution,severe,112_0,112,thunderstrike,consensus,3,17:surface_injure:harmful_flip|29:surface_injure:harmful_flip|43:surface_injure:harmful_flip
severe_stable_correct,resnet18,resolution_severe,resolution,severe,112_1,112,surface_injure,consensus,3,17:surface_injure:stable_correct|29:surface_injure:stable_correct|43:surface_injure:stable_correct
beneficial_flip,resnet18,resolution_severe,resolution,severe,142_0,142,surface_injure,consensus,3,17:surface_injure:beneficial_flip|29:surface_injure:beneficial_flip|43:surface_injure:beneficial_flip
severe_stable_correct,resnet18,resolution_severe,resolution,severe,146_0,146,hide_craze,consensus,3,17:hide_craze:stable_correct|29:hide_craze:stable_correct|43:hide_craze:stable_correct
severe_stable_correct,resnet18,resolution_severe,resolution,severe,156_0,156,craze,consensus,3,17:craze:stable_correct|29:craze:stable_correct|43:craze:stable_correct
severe_stable_correct,resnet18,resolution_severe,resolution,severe,161_0,161,corrosion,majority,2,17:surface_injure:harmful_flip|29:corrosion:stable_correct|43:corrosion:stable_correct
seed_disagreement,resnet18,resolution_severe,resolution,severe,161_0,161,corrosion,seed_disagreement,3,17:surface_injure:harmful_flip|29:corrosion:stable_correct|43:corrosion:stable_correct
severe_stable_correct,resnet18,resolution_severe,resolution,severe,163_0,163,hide_craze,consensus,3,17:hide_craze:stable_correct|29:hide_craze:stable_correct|43:hide_craze:stable_correct
severe_stable_correct,resnet18,resolution_severe,resolution,severe,166_0,166,craze,majority,2,17:craze:stable_correct|29:crack:harmful_flip|43:craze:stable_correct
seed_disagreement,resnet18,resolution_severe,resolution,severe,166_0,166,craze,seed_disagreement,3,17:craze:stable_correct|29:crack:harmful_flip|43:craze:stable_correct
severe_stable_correct,resnet18,resolution_severe,resolution,severe,167_0,167,craze,majority,2,17:hide_craze:harmful_flip|29:craze:stable_correct|43:craze:stable_correct
seed_disagreement,resnet18,resolution_severe,resolution,severe,167_0,167,craze,seed_disagreement,3,17:hide_craze:harmful_flip|29:craze:stable_correct|43:craze:stable_correct
seed_disagreement,resnet18,resolution_severe,resolution,severe,167_1,167,craze,seed_disagreement,3,17:hide_craze:stable_wrong|29:craze:stable_correct|43:hide_craze:harmful_flip
severe_stable_correct,resnet18,resolution_severe,resolution,severe,178_0,178,surface_injure,consensus,3,17:surface_injure:stable_correct|29:surface_injure:stable_correct|43:surface_injure:stable_correct
severe_stable_correct,resnet18,resolution_severe,resolution,severe,178_1,178,surface_injure,consensus,3,17:surface_injure:stable_correct|29:surface_injure:stable_correct|43:surface_injure:stable_correct
severe_stable_correct,resnet18,resolution_severe,resolution,severe,178_2,178,surface_injure,consensus,3,17:surface_injure:stable_correct|29:surface_injure:stable_correct|43:surface_injure:stable_correct
severe_harmful_flip,resnet18,resolution_severe,resolution,severe,198_0,198,craze,consensus,3,17:surface_injure:harmful_flip|29:surface_injure:harmful_flip|43:surface_injure:harmful_flip
severe_stable_correct,resnet18,resolution_severe,resolution,severe,198_1,198,hide_craze,consensus,3,17:hide_craze:stable_correct|29:hide_craze:stable_correct|43:hide_craze:stable_correct
severe_stable_correct,resnet18,resolution_severe,resolution,severe,209_0,209,hide_craze,majority,2,17:surface_injure:harmful_flip|29:hide_craze:stable_correct|43:hide_craze:stable_correct
seed_disagreement,resnet18,resolution_severe,resolution,severe,209_0,209,hide_craze,seed_disagreement,3,17:surface_injure:harmful_flip|29:hide_craze:stable_correct|43:hide_craze:stable_correct
severe_stable_correct,resnet18,resolution_severe,resolution,severe,214_0,214,craze,consensus,3,17:craze:stable_correct|29:craze:stable_correct|43:craze:stable_correct
severe_stable_correct,resnet18,resolution_severe,resolution,severe,216_0,216,crack,consensus,3,17:crack:stable_correct|29:crack:stable_correct|43:crack:stable_correct
severe_stable_correct,resnet18,resolution_severe,resolution,severe,217_0,217,surface_injure,consensus,3,17:surface_injure:stable_correct|29:surface_injure:stable_correct|43:surface_injure:stable_correct
severe_stable_correct,resnet18,resolution_severe,resolution,severe,224_0,224,hide_craze,consensus,3,17:hide_craze:stable_correct|29:hide_craze:stable_correct|43:hide_craze:stable_correct
seed_disagreement,resnet18,resolution_severe,resolution,severe,228_0,228,hide_craze,seed_disagreement,3,17:hide_craze:stable_correct|29:crack:stable_wrong|43:hide_craze:beneficial_flip
beneficial_flip,resnet18,resolution_severe,resolution,severe,228_1,228,hide_craze,majority,2,17:hide_craze:beneficial_flip|29:craze:stable_wrong|43:hide_craze:beneficial_flip
seed_disagreement,resnet18,resolution_severe,resolution,severe,228_1,228,hide_craze,seed_disagreement,3,17:hide_craze:beneficial_flip|29:craze:stable_wrong|43:hide_craze:beneficial_flip
severe_stable_correct,resnet18,resolution_severe,resolution,severe,234_0,234,surface_injure,majority,2,17:surface_injure:stable_correct|29:surface_injure:beneficial_flip|43:surface_injure:stable_correct
severe_stable_correct,resnet18,resolution_severe,resolution,severe,234_1,234,hide_craze,consensus,3,17:hide_craze:stable_correct|29:hide_craze:stable_correct|43:hide_craze:stable_correct
severe_stable_correct,resnet18,resolution_severe,resolution,severe,234_2,234,hide_craze,consensus,3,17:hide_craze:stable_correct|29:hide_craze:stable_correct|43:hide_craze:stable_correct
severe_stable_correct,resnet18,resolution_severe,resolution,severe,234_3,234,hide_craze,consensus,3,17:hide_craze:stable_correct|29:hide_craze:stable_correct|43:hide_craze:stable_correct
severe_stable_correct,resnet18,resolution_severe,resolution,severe,234_4,234,hide_craze,majority,2,17:surface_injure:harmful_flip|29:hide_craze:stable_correct|43:hide_craze:stable_correct
seed_disagreement,resnet18,resolution_severe,resolution,severe,234_4,234,hide_craze,seed_disagreement,3,17:surface_injure:harmful_flip|29:hide_craze:stable_correct|43:hide_craze:stable_correct
severe_stable_correct,resnet18,resolution_severe,resolution,severe,238_0,238,crack,consensus,3,17:crack:stable_correct|29:crack:stable_correct|43:crack:stable_correct
severe_stable_correct,resnet18,resolution_severe,resolution,severe,238_1,238,crack,consensus,3,17:crack:stable_correct|29:crack:stable_correct|43:crack:stable_correct
severe_stable_correct,resnet18,resolution_severe,resolution,severe,250_0,250,crack,consensus,3,17:crack:stable_correct|29:crack:stable_correct|43:crack:stable_correct
severe_stable_correct,resnet18,resolution_severe,resolution,severe,252_0,252,crack,consensus,3,17:crack:stable_correct|29:crack:stable_correct|43:crack:stable_correct
seed_disagreement,resnet18,resolution_severe,resolution,severe,255_0,255,surface_injure,seed_disagreement,3,17:surface_injure:beneficial_flip|29:hide_craze:stable_wrong|43:hide_craze:harmful_flip
severe_stable_correct,resnet18,resolution_severe,resolution,severe,255_1,255,surface_injure,consensus,3,17:surface_injure:stable_correct|29:surface_injure:stable_correct|43:surface_injure:stable_correct
severe_stable_correct,resnet18,resolution_severe,resolution,severe,257_0,257,surface_injure,majority,2,17:surface_injure:stable_correct|29:surface_injure:beneficial_flip|43:surface_injure:stable_correct
severe_stable_correct,resnet18,resolution_severe,resolution,severe,257_1,257,surface_injure,consensus,3,17:surface_injure:stable_correct|29:surface_injure:stable_correct|43:surface_injure:stable_correct
severe_stable_correct,resnet18,resolution_severe,resolution,severe,269_0,269,crack,consensus,3,17:crack:stable_correct|29:crack:stable_correct|43:crack:stable_correct
severe_stable_correct,resnet18,resolution_severe,resolution,severe,273_0,273,thunderstrike,consensus,3,17:thunderstrike:stable_correct|29:thunderstrike:stable_correct|43:thunderstrike:stable_correct
severe_stable_correct,resnet18,resolution_severe,resolution,severe,273_1,273,surface_injure,consensus,3,17:surface_injure:stable_correct|29:surface_injure:stable_correct|43:surface_injure:stable_correct
severe_stable_correct,resnet18,resolution_severe,resolution,severe,276_0,276,hide_craze,consensus,3,17:hide_craze:stable_correct|29:hide_craze:stable_correct|43:hide_craze:stable_correct
severe_stable_correct,resnet18,resolution_severe,resolution,severe,276_1,276,hide_craze,consensus,3,17:hide_craze:stable_correct|29:hide_craze:stable_correct|43:hide_craze:stable_correct
severe_stable_correct,resnet18,resolution_severe,resolution,severe,284_0,284,hide_craze,consensus,3,17:hide_craze:stable_correct|29:hide_craze:stable_correct|43:hide_craze:stable_correct
severe_stable_correct,resnet18,resolution_severe,resolution,severe,285_0,285,surface_injure,consensus,3,17:surface_injure:stable_correct|29:surface_injure:stable_correct|43:surface_injure:stable_correct
severe_stable_correct,resnet18,resolution_severe,resolution,severe,285_1,285,surface_injure,consensus,3,17:surface_injure:stable_correct|29:surface_injure:stable_correct|43:surface_injure:stable_correct
severe_stable_correct,resnet18,resolution_severe,resolution,severe,318_0,318,crack,consensus,3,17:crack:stable_correct|29:crack:stable_correct|43:crack:stable_correct
severe_stable_correct,resnet18,resolution_severe,resolution,severe,322_0,322,corrosion,consensus,3,17:corrosion:stable_correct|29:corrosion:stable_correct|43:corrosion:stable_correct
severe_stable_wrong,resnet18,resolution_severe,resolution,severe,323_0,323,corrosion,majority,2,17:surface_injure:stable_wrong|29:hide_craze:stable_wrong|43:hide_craze:changed_wrong
seed_disagreement,resnet18,resolution_severe,resolution,severe,323_0,323,corrosion,seed_disagreement,3,17:surface_injure:stable_wrong|29:hide_craze:stable_wrong|43:hide_craze:changed_wrong
severe_stable_correct,resnet18,resolution_severe,resolution,severe,326_0,326,surface_injure,consensus,3,17:surface_injure:stable_correct|29:surface_injure:stable_correct|43:surface_injure:stable_correct
severe_harmful_flip,resnet18,resolution_severe,resolution,severe,326_1,326,craze,consensus,3,17:surface_injure:harmful_flip|29:surface_injure:harmful_flip|43:surface_injure:harmful_flip
severe_stable_correct,resnet18,resolution_severe,resolution,severe,332_0,332,surface_injure,majority,2,17:surface_injure:stable_correct|29:surface_injure:stable_correct|43:hide_craze:harmful_flip
seed_disagreement,resnet18,resolution_severe,resolution,severe,332_0,332,surface_injure,seed_disagreement,3,17:surface_injure:stable_correct|29:surface_injure:stable_correct|43:hide_craze:harmful_flip
severe_stable_correct,resnet18,resolution_severe,resolution,severe,363_0,363,surface_injure,consensus,3,17:surface_injure:stable_correct|29:surface_injure:stable_correct|43:surface_injure:stable_correct
severe_stable_correct,resnet18,resolution_severe,resolution,severe,370_0,370,corrosion,majority,2,17:corrosion:stable_correct|29:corrosion:stable_correct|43:hide_craze:harmful_flip
seed_disagreement,resnet18,resolution_severe,resolution,severe,370_0,370,corrosion,seed_disagreement,3,17:corrosion:stable_correct|29:corrosion:stable_correct|43:hide_craze:harmful_flip
severe_stable_correct,resnet18,resolution_severe,resolution,severe,370_1,370,corrosion,majority,2,17:corrosion:stable_correct|29:corrosion:stable_correct|43:hide_craze:harmful_flip
seed_disagreement,resnet18,resolution_severe,resolution,severe,370_1,370,corrosion,seed_disagreement,3,17:corrosion:stable_correct|29:corrosion:stable_correct|43:hide_craze:harmful_flip
severe_harmful_flip,resnet18,resolution_severe,resolution,severe,370_2,370,corrosion,majority,2,17:corrosion:stable_correct|29:hide_craze:harmful_flip|43:hide_craze:harmful_flip
seed_disagreement,resnet18,resolution_severe,resolution,severe,370_2,370,corrosion,seed_disagreement,3,17:corrosion:stable_correct|29:hide_craze:harmful_flip|43:hide_craze:harmful_flip
severe_stable_correct,resnet18,resolution_severe,resolution,severe,373_0,373,corrosion,consensus,3,17:corrosion:stable_correct|29:corrosion:stable_correct|43:corrosion:stable_correct
severe_stable_correct,resnet18,resolution_severe,resolution,severe,379_0,379,hide_craze,consensus,3,17:hide_craze:stable_correct|29:hide_craze:stable_correct|43:hide_craze:stable_correct
severe_stable_correct,resnet18,resolution_severe,resolution,severe,379_1,379,hide_craze,consensus,3,17:hide_craze:stable_correct|29:hide_craze:stable_correct|43:hide_craze:stable_correct
severe_stable_correct,resnet18,resolution_severe,resolution,severe,388_0,388,hide_craze,consensus,3,17:hide_craze:stable_correct|29:hide_craze:stable_correct|43:hide_craze:stable_correct
severe_stable_correct,resnet18,resolution_severe,resolution,severe,389_0,389,crack,consensus,3,17:crack:stable_correct|29:crack:stable_correct|43:crack:stable_correct
severe_stable_wrong,resnet18,resolution_severe,resolution,severe,390_0,390,corrosion,majority,2,17:surface_injure:stable_wrong|29:surface_injure:harmful_flip|43:surface_injure:stable_wrong
severe_stable_correct,resnet18,resolution_severe,resolution,severe,394_0,394,crack,consensus,3,17:crack:stable_correct|29:crack:stable_correct|43:crack:stable_correct
severe_harmful_flip,resnet18,resolution_severe,resolution,severe,405_0,405,corrosion,consensus,3,17:hide_craze:harmful_flip|29:hide_craze:harmful_flip|43:hide_craze:harmful_flip
severe_stable_correct,resnet18,resolution_severe,resolution,severe,407_0,407,surface_injure,consensus,3,17:surface_injure:stable_correct|29:surface_injure:stable_correct|43:surface_injure:stable_correct
severe_harmful_flip,resnet18,resolution_severe,resolution,severe,408_0,408,corrosion,majority,2,17:hide_craze:harmful_flip|29:corrosion:stable_correct|43:craze:harmful_flip
seed_disagreement,resnet18,resolution_severe,resolution,severe,408_0,408,corrosion,seed_disagreement,3,17:hide_craze:harmful_flip|29:corrosion:stable_correct|43:craze:harmful_flip
severe_harmful_flip,resnet18,resolution_severe,resolution,severe,408_1,408,corrosion,consensus,3,17:hide_craze:harmful_flip|29:hide_craze:harmful_flip|43:hide_craze:harmful_flip
severe_stable_correct,resnet18,resolution_severe,resolution,severe,410_0,410,corrosion,majority,2,17:corrosion:stable_correct|29:corrosion:stable_correct|43:craze:stable_wrong
seed_disagreement,resnet18,resolution_severe,resolution,severe,410_0,410,corrosion,seed_disagreement,3,17:corrosion:stable_correct|29:corrosion:stable_correct|43:craze:stable_wrong
seed_disagreement,resnet18,resolution_severe,resolution,severe,410_1,410,corrosion,seed_disagreement,3,17:surface_injure:harmful_flip|29:corrosion:stable_correct|43:surface_injure:changed_wrong
severe_stable_correct,resnet18,resolution_severe,resolution,severe,432_0,432,surface_injure,consensus,3,17:surface_injure:stable_correct|29:surface_injure:stable_correct|43:surface_injure:stable_correct
severe_stable_correct,resnet18,resolution_severe,resolution,severe,438_0,438,hide_craze,consensus,3,17:hide_craze:stable_correct|29:hide_craze:stable_correct|43:hide_craze:stable_correct
severe_stable_correct,resnet18,resolution_severe,resolution,severe,440_0,440,crack,majority,2,17:crack:stable_correct|29:crack:stable_correct|43:hide_craze:harmful_flip
seed_disagreement,resnet18,resolution_severe,resolution,severe,440_0,440,crack,seed_disagreement,3,17:crack:stable_correct|29:crack:stable_correct|43:hide_craze:harmful_flip
severe_stable_correct,resnet18,resolution_severe,resolution,severe,447_0,447,crack,consensus,3,17:crack:stable_correct|29:crack:stable_correct|43:crack:stable_correct
severe_stable_correct,resnet18,resolution_severe,resolution,severe,447_1,447,crack,consensus,3,17:crack:stable_correct|29:crack:stable_correct|43:crack:stable_correct
severe_stable_correct,resnet18,resolution_severe,resolution,severe,451_0,451,corrosion,majority,2,17:corrosion:stable_correct|29:crack:harmful_flip|43:corrosion:stable_correct
seed_disagreement,resnet18,resolution_severe,resolution,severe,451_0,451,corrosion,seed_disagreement,3,17:corrosion:stable_correct|29:crack:harmful_flip|43:corrosion:stable_correct
severe_stable_correct,resnet18,resolution_severe,resolution,severe,457_0,457,hide_craze,consensus,3,17:hide_craze:stable_correct|29:hide_craze:stable_correct|43:hide_craze:stable_correct
severe_stable_correct,resnet18,resolution_severe,resolution,severe,457_1,457,hide_craze,consensus,3,17:hide_craze:stable_correct|29:hide_craze:stable_correct|43:hide_craze:stable_correct
severe_stable_correct,resnet18,resolution_severe,resolution,severe,457_2,457,hide_craze,majority,2,17:hide_craze:stable_correct|29:hide_craze:stable_correct|43:hide_craze:beneficial_flip
severe_harmful_flip,resnet18,resolution_severe,resolution,severe,464_0,464,craze,consensus,3,17:surface_injure:harmful_flip|29:surface_injure:harmful_flip|43:surface_injure:harmful_flip
seed_disagreement,resnet18,resolution_severe,resolution,severe,464_1,464,hide_craze,seed_disagreement,3,17:surface_injure:stable_wrong|29:crack:harmful_flip|43:surface_injure:changed_wrong
severe_stable_correct,resnet18,resolution_severe,resolution,severe,469_0,469,craze,consensus,3,17:craze:stable_correct|29:craze:stable_correct|43:craze:stable_correct
severe_stable_correct,resnet18,resolution_severe,resolution,severe,473_0,473,crack,consensus,3,17:crack:stable_correct|29:crack:stable_correct|43:crack:stable_correct
severe_stable_correct,resnet18,resolution_severe,resolution,severe,476_0,476,surface_injure,consensus,3,17:surface_injure:stable_correct|29:surface_injure:stable_correct|43:surface_injure:stable_correct
severe_stable_correct,resnet18,resolution_severe,resolution,severe,479_0,479,surface_injure,consensus,3,17:surface_injure:stable_correct|29:surface_injure:stable_correct|43:surface_injure:stable_correct
severe_stable_correct,resnet18,resolution_severe,resolution,severe,479_1,479,thunderstrike,consensus,3,17:thunderstrike:stable_correct|29:thunderstrike:stable_correct|43:thunderstrike:stable_correct
severe_stable_correct,resnet18,resolution_severe,resolution,severe,501_0,501,corrosion,majority,2,17:surface_injure:harmful_flip|29:corrosion:stable_correct|43:corrosion:stable_correct
seed_disagreement,resnet18,resolution_severe,resolution,severe,501_0,501,corrosion,seed_disagreement,3,17:surface_injure:harmful_flip|29:corrosion:stable_correct|43:corrosion:stable_correct
severe_stable_correct,resnet18,resolution_severe,resolution,severe,505_0,505,corrosion,majority,2,17:surface_injure:harmful_flip|29:corrosion:stable_correct|43:corrosion:stable_correct
seed_disagreement,resnet18,resolution_severe,resolution,severe,505_0,505,corrosion,seed_disagreement,3,17:surface_injure:harmful_flip|29:corrosion:stable_correct|43:corrosion:stable_correct
severe_stable_correct,resnet18,resolution_severe,resolution,severe,511_0,511,hide_craze,consensus,3,17:hide_craze:stable_correct|29:hide_craze:stable_correct|43:hide_craze:stable_correct
severe_stable_correct,resnet18,resolution_severe,resolution,severe,511_1,511,hide_craze,consensus,3,17:hide_craze:stable_correct|29:hide_craze:stable_correct|43:hide_craze:stable_correct
severe_stable_wrong,resnet18,resolution_severe,resolution,severe,521_0,521,corrosion,majority,2,17:surface_injure:stable_wrong|29:hide_craze:stable_wrong|43:hide_craze:changed_wrong
seed_disagreement,resnet18,resolution_severe,resolution,severe,521_0,521,corrosion,seed_disagreement,3,17:surface_injure:stable_wrong|29:hide_craze:stable_wrong|43:hide_craze:changed_wrong
severe_stable_wrong,resnet18,resolution_severe,resolution,severe,521_1,521,corrosion,majority,2,17:surface_injure:changed_wrong|29:hide_craze:stable_wrong|43:hide_craze:stable_wrong
seed_disagreement,resnet18,resolution_severe,resolution,severe,521_1,521,corrosion,seed_disagreement,3,17:surface_injure:changed_wrong|29:hide_craze:stable_wrong|43:hide_craze:stable_wrong
severe_stable_correct,resnet18,resolution_severe,resolution,severe,541_0,541,hide_craze,consensus,3,17:hide_craze:stable_correct|29:hide_craze:stable_correct|43:hide_craze:stable_correct
severe_stable_wrong,resnet18,resolution_severe,resolution,severe,546_0,546,corrosion,consensus,3,17:surface_injure:stable_wrong|29:surface_injure:stable_wrong|43:surface_injure:stable_wrong
severe_harmful_flip,resnet18,resolution_severe,resolution,severe,546_1,546,corrosion,consensus,3,17:surface_injure:harmful_flip|29:hide_craze:harmful_flip|43:hide_craze:harmful_flip
seed_disagreement,resnet18,resolution_severe,resolution,severe,546_1,546,corrosion,seed_disagreement,3,17:surface_injure:harmful_flip|29:hide_craze:harmful_flip|43:hide_craze:harmful_flip
severe_harmful_flip,resnet18,resolution_severe,resolution,severe,546_2,546,corrosion,consensus,3,17:surface_injure:harmful_flip|29:hide_craze:harmful_flip|43:hide_craze:harmful_flip
seed_disagreement,resnet18,resolution_severe,resolution,severe,546_2,546,corrosion,seed_disagreement,3,17:surface_injure:harmful_flip|29:hide_craze:harmful_flip|43:hide_craze:harmful_flip
severe_harmful_flip,resnet18,resolution_severe,resolution,severe,563_0,563,craze,consensus,3,17:surface_injure:harmful_flip|29:surface_injure:harmful_flip|43:surface_injure:harmful_flip
severe_stable_correct,resnet18,resolution_severe,resolution,severe,566_0,566,corrosion,consensus,3,17:corrosion:stable_correct|29:corrosion:stable_correct|43:corrosion:stable_correct
severe_stable_correct,resnet18,resolution_severe,resolution,severe,569_0,569,hide_craze,consensus,3,17:hide_craze:stable_correct|29:hide_craze:stable_correct|43:hide_craze:stable_correct
severe_stable_correct,resnet18,resolution_severe,resolution,severe,574_0,574,craze,consensus,3,17:craze:stable_correct|29:craze:stable_correct|43:craze:stable_correct
severe_stable_correct,resnet18,resolution_severe,resolution,severe,580_0,580,craze,majority,2,17:craze:stable_correct|29:surface_injure:harmful_flip|43:craze:stable_correct
seed_disagreement,resnet18,resolution_severe,resolution,severe,580_0,580,craze,seed_disagreement,3,17:craze:stable_correct|29:surface_injure:harmful_flip|43:craze:stable_correct
severe_harmful_flip,resnet18,resolution_severe,resolution,severe,591_0,591,thunderstrike,majority,2,17:surface_injure:harmful_flip|29:surface_injure:harmful_flip|43:surface_injure:stable_wrong
severe_stable_correct,resnet18,resolution_severe,resolution,severe,591_1,591,surface_injure,consensus,3,17:surface_injure:stable_correct|29:surface_injure:stable_correct|43:surface_injure:stable_correct
severe_stable_correct,resnet18,resolution_severe,resolution,severe,591_2,591,surface_injure,consensus,3,17:surface_injure:stable_correct|29:surface_injure:stable_correct|43:surface_injure:stable_correct
severe_harmful_flip,resnet18,resolution_severe,resolution,severe,597_0,597,hide_craze,majority,2,17:surface_injure:harmful_flip|29:surface_injure:harmful_flip|43:hide_craze:stable_correct
seed_disagreement,resnet18,resolution_severe,resolution,severe,597_0,597,hide_craze,seed_disagreement,3,17:surface_injure:harmful_flip|29:surface_injure:harmful_flip|43:hide_craze:stable_correct
severe_stable_correct,resnet18,resolution_severe,resolution,severe,598_0,598,corrosion,majority,2,17:crack:harmful_flip|29:corrosion:stable_correct|43:corrosion:stable_correct
seed_disagreement,resnet18,resolution_severe,resolution,severe,598_0,598,corrosion,seed_disagreement,3,17:crack:harmful_flip|29:corrosion:stable_correct|43:corrosion:stable_correct
severe_harmful_flip,resnet18,resolution_severe,resolution,severe,598_1,598,corrosion,majority,2,17:thunderstrike:harmful_flip|29:surface_injure:harmful_flip|43:corrosion:stable_correct
seed_disagreement,resnet18,resolution_severe,resolution,severe,598_1,598,corrosion,seed_disagreement,3,17:thunderstrike:harmful_flip|29:surface_injure:harmful_flip|43:corrosion:stable_correct
severe_stable_correct,resnet18,resolution_severe,resolution,severe,600_0,600,hide_craze,majority,2,17:hide_craze:stable_correct|29:hide_craze:beneficial_flip|43:hide_craze:stable_correct
severe_stable_correct,resnet18,resolution_severe,resolution,severe,610_0,610,hide_craze,consensus,3,17:hide_craze:stable_correct|29:hide_craze:stable_correct|43:hide_craze:stable_correct
severe_stable_correct,resnet18,resolution_severe,resolution,severe,623_0,623,hide_craze,consensus,3,17:hide_craze:stable_correct|29:hide_craze:stable_correct|43:hide_craze:stable_correct
severe_stable_wrong,resnet18,resolution_severe,resolution,severe,623_1,623,surface_injure,majority,2,17:crack:stable_wrong|29:hide_craze:stable_wrong|43:crack:harmful_flip
seed_disagreement,resnet18,resolution_severe,resolution,severe,623_1,623,surface_injure,seed_disagreement,3,17:crack:stable_wrong|29:hide_craze:stable_wrong|43:crack:harmful_flip
severe_stable_correct,resnet18,resolution_severe,resolution,severe,633_0,633,hide_craze,consensus,3,17:hide_craze:stable_correct|29:hide_craze:stable_correct|43:hide_craze:stable_correct
severe_stable_correct,resnet18,resolution_severe,resolution,severe,642_0,642,hide_craze,majority,2,17:surface_injure:harmful_flip|29:hide_craze:stable_correct|43:hide_craze:stable_correct
seed_disagreement,resnet18,resolution_severe,resolution,severe,642_0,642,hide_craze,seed_disagreement,3,17:surface_injure:harmful_flip|29:hide_craze:stable_correct|43:hide_craze:stable_correct
severe_stable_correct,resnet18,resolution_severe,resolution,severe,642_1,642,surface_injure,majority,2,17:surface_injure:stable_correct|29:surface_injure:beneficial_flip|43:surface_injure:stable_correct
severe_stable_correct,resnet18,resolution_severe,resolution,severe,643_0,643,hide_craze,consensus,3,17:hide_craze:stable_correct|29:hide_craze:stable_correct|43:hide_craze:stable_correct
severe_stable_correct,resnet18,resolution_severe,resolution,severe,650_0,650,corrosion,consensus,3,17:corrosion:stable_correct|29:corrosion:stable_correct|43:corrosion:stable_correct
severe_stable_correct,resnet18,resolution_severe,resolution,severe,655_0,655,hide_craze,majority,2,17:crack:stable_wrong|29:hide_craze:stable_correct|43:hide_craze:stable_correct
seed_disagreement,resnet18,resolution_severe,resolution,severe,655_0,655,hide_craze,seed_disagreement,3,17:crack:stable_wrong|29:hide_craze:stable_correct|43:hide_craze:stable_correct
severe_harmful_flip,resnet18,resolution_severe,resolution,severe,658_0,658,corrosion,majority,2,17:hide_craze:harmful_flip|29:hide_craze:stable_wrong|43:hide_craze:harmful_flip
severe_stable_correct,resnet18,resolution_severe,resolution,severe,663_0,663,hide_craze,majority,2,17:hide_craze:stable_correct|29:surface_injure:changed_wrong|43:hide_craze:stable_correct
seed_disagreement,resnet18,resolution_severe,resolution,severe,663_0,663,hide_craze,seed_disagreement,3,17:hide_craze:stable_correct|29:surface_injure:changed_wrong|43:hide_craze:stable_correct
severe_stable_correct,resnet18,resolution_severe,resolution,severe,671_0,671,hide_craze,consensus,3,17:hide_craze:stable_correct|29:hide_craze:stable_correct|43:hide_craze:stable_correct
severe_stable_wrong,resnet18,resolution_severe,resolution,severe,671_1,671,surface_injure,majority,2,17:hide_craze:stable_wrong|29:hide_craze:stable_wrong|43:hide_craze:harmful_flip
severe_stable_correct,resnet18,resolution_severe,resolution,severe,677_0,677,hide_craze,consensus,3,17:hide_craze:stable_correct|29:hide_craze:stable_correct|43:hide_craze:stable_correct
severe_stable_correct,resnet18,resolution_severe,resolution,severe,686_0,686,thunderstrike,consensus,3,17:thunderstrike:stable_correct|29:thunderstrike:stable_correct|43:thunderstrike:stable_correct
seed_disagreement,resnet18,resolution_severe,resolution,severe,689_0,689,surface_injure,seed_disagreement,3,17:crack:stable_wrong|29:surface_injure:beneficial_flip|43:surface_injure:stable_correct
severe_stable_correct,resnet18,resolution_severe,resolution,severe,689_1,689,surface_injure,consensus,3,17:surface_injure:stable_correct|29:surface_injure:stable_correct|43:surface_injure:stable_correct
severe_stable_correct,resnet18,resolution_severe,resolution,severe,689_2,689,surface_injure,consensus,3,17:surface_injure:stable_correct|29:surface_injure:stable_correct|43:surface_injure:stable_correct
severe_stable_correct,resnet18,resolution_severe,resolution,severe,689_3,689,surface_injure,consensus,3,17:surface_injure:stable_correct|29:surface_injure:stable_correct|43:surface_injure:stable_correct
severe_stable_correct,resnet18,resolution_severe,resolution,severe,696_0,696,hide_craze,consensus,3,17:hide_craze:stable_correct|29:hide_craze:stable_correct|43:hide_craze:stable_correct
severe_stable_correct,resnet18,resolution_severe,resolution,severe,696_1,696,hide_craze,consensus,3,17:hide_craze:stable_correct|29:hide_craze:stable_correct|43:hide_craze:stable_correct
severe_stable_correct,resnet18,resolution_severe,resolution,severe,699_0,699,thunderstrike,consensus,3,17:thunderstrike:stable_correct|29:thunderstrike:stable_correct|43:thunderstrike:stable_correct
severe_stable_correct,resnet18,resolution_severe,resolution,severe,701_0,701,craze,consensus,3,17:craze:stable_correct|29:craze:stable_correct|43:craze:stable_correct
severe_stable_correct,resnet18,resolution_severe,resolution,severe,704_0,704,corrosion,consensus,3,17:corrosion:stable_correct|29:corrosion:stable_correct|43:corrosion:stable_correct
severe_stable_correct,resnet18,resolution_severe,resolution,severe,721_0,721,hide_craze,consensus,3,17:hide_craze:stable_correct|29:hide_craze:stable_correct|43:hide_craze:stable_correct
severe_harmful_flip,resnet18,resolution_severe,resolution,severe,824_0,824,craze,consensus,3,17:crack:harmful_flip|29:crack:harmful_flip|43:crack:harmful_flip
severe_stable_correct,resnet18,resolution_severe,resolution,severe,863_0,863,thunderstrike,majority,2,17:thunderstrike:stable_correct|29:crack:harmful_flip|43:thunderstrike:stable_correct
seed_disagreement,resnet18,resolution_severe,resolution,severe,863_0,863,thunderstrike,seed_disagreement,3,17:thunderstrike:stable_correct|29:crack:harmful_flip|43:thunderstrike:stable_correct
severe_harmful_flip,resnet18,resolution_severe,resolution,severe,864_0,864,surface_injure,majority,2,17:surface_injure:stable_correct|29:hide_craze:harmful_flip|43:hide_craze:harmful_flip
seed_disagreement,resnet18,resolution_severe,resolution,severe,864_0,864,surface_injure,seed_disagreement,3,17:surface_injure:stable_correct|29:hide_craze:harmful_flip|43:hide_craze:harmful_flip
severe_stable_correct,resnet18,resolution_severe,resolution,severe,875_0,875,hide_craze,consensus,3,17:hide_craze:stable_correct|29:hide_craze:stable_correct|43:hide_craze:stable_correct
seed_disagreement,resnet18,resolution_severe,resolution,severe,875_1,875,hide_craze,seed_disagreement,3,17:hide_craze:stable_correct|29:surface_injure:harmful_flip|43:hide_craze:beneficial_flip
severe_stable_correct,resnet18,resolution_severe,resolution,severe,1017_0,1017,hide_craze,consensus,3,17:hide_craze:stable_correct|29:hide_craze:stable_correct|43:hide_craze:stable_correct
severe_stable_correct,resnet18,resolution_severe,resolution,severe,1017_1,1017,hide_craze,consensus,3,17:hide_craze:stable_correct|29:hide_craze:stable_correct|43:hide_craze:stable_correct
seed_disagreement,resnet18,brightness_mild,brightness,mild,48_0,48,surface_injure,seed_disagreement,3,17:craze:stable_wrong|29:surface_injure:beneficial_flip|43:craze:stable_wrong
seed_disagreement,resnet18,brightness_mild,brightness,mild,51_0,51,craze,seed_disagreement,3,17:corrosion:stable_wrong|29:corrosion:stable_wrong|43:craze:stable_correct
seed_disagreement,resnet18,brightness_mild,brightness,mild,57_0,57,craze,seed_disagreement,3,17:craze:stable_correct|29:corrosion:harmful_flip|43:craze:stable_correct
seed_disagreement,resnet18,brightness_mild,brightness,mild,57_1,57,surface_injure,seed_disagreement,3,17:surface_injure:stable_correct|29:corrosion:stable_wrong|43:surface_injure:stable_correct
seed_disagreement,resnet18,brightness_mild,brightness,mild,65_0,65,corrosion,seed_disagreement,3,17:corrosion:stable_correct|29:hide_craze:stable_wrong|43:corrosion:stable_correct
seed_disagreement,resnet18,brightness_mild,brightness,mild,88_0,88,crack,seed_disagreement,3,17:surface_injure:harmful_flip|29:hide_craze:stable_wrong|43:hide_craze:stable_wrong
seed_disagreement,resnet18,brightness_mild,brightness,mild,112_0,112,thunderstrike,seed_disagreement,3,17:thunderstrike:stable_correct|29:thunderstrike:stable_correct|43:surface_injure:harmful_flip
seed_disagreement,resnet18,brightness_mild,brightness,mild,142_0,142,surface_injure,seed_disagreement,3,17:corrosion:stable_wrong|29:hide_craze:changed_wrong|43:corrosion:stable_wrong
seed_disagreement,resnet18,brightness_mild,brightness,mild,167_1,167,craze,seed_disagreement,3,17:hide_craze:stable_wrong|29:craze:stable_correct|43:craze:stable_correct
seed_disagreement,resnet18,brightness_mild,brightness,mild,178_2,178,surface_injure,seed_disagreement,3,17:surface_injure:stable_correct|29:hide_craze:harmful_flip|43:surface_injure:stable_correct
seed_disagreement,resnet18,brightness_mild,brightness,mild,198_0,198,craze,seed_disagreement,3,17:craze:stable_correct|29:craze:stable_correct|43:surface_injure:harmful_flip
seed_disagreement,resnet18,brightness_mild,brightness,mild,228_0,228,hide_craze,seed_disagreement,3,17:craze:harmful_flip|29:craze:changed_wrong|43:hide_craze:beneficial_flip
seed_disagreement,resnet18,brightness_mild,brightness,mild,234_0,234,surface_injure,seed_disagreement,3,17:surface_injure:stable_correct|29:hide_craze:stable_wrong|43:surface_injure:stable_correct
seed_disagreement,resnet18,brightness_mild,brightness,mild,238_0,238,crack,seed_disagreement,3,17:crack:stable_correct|29:surface_injure:harmful_flip|43:crack:stable_correct
seed_disagreement,resnet18,brightness_mild,brightness,mild,238_1,238,crack,seed_disagreement,3,17:craze:harmful_flip|29:crack:stable_correct|43:crack:stable_correct
seed_disagreement,resnet18,brightness_mild,brightness,mild,255_0,255,surface_injure,seed_disagreement,3,17:surface_injure:beneficial_flip|29:hide_craze:stable_wrong|43:surface_injure:stable_correct
seed_disagreement,resnet18,brightness_mild,brightness,mild,323_0,323,corrosion,seed_disagreement,3,17:surface_injure:stable_wrong|29:hide_craze:stable_wrong|43:hide_craze:changed_wrong
seed_disagreement,resnet18,brightness_mild,brightness,mild,326_1,326,craze,seed_disagreement,3,17:surface_injure:harmful_flip|29:craze:stable_correct|43:surface_injure:harmful_flip
seed_disagreement,resnet18,brightness_mild,brightness,mild,363_0,363,surface_injure,seed_disagreement,3,17:surface_injure:stable_correct|29:hide_craze:harmful_flip|43:surface_injure:stable_correct
seed_disagreement,resnet18,brightness_mild,brightness,mild,389_0,389,crack,seed_disagreement,3,17:crack:stable_correct|29:craze:harmful_flip|43:crack:stable_correct
seed_disagreement,resnet18,brightness_mild,brightness,mild,464_1,464,hide_craze,seed_disagreement,3,17:surface_injure:stable_wrong|29:hide_craze:stable_correct|43:surface_injure:changed_wrong
seed_disagreement,resnet18,brightness_mild,brightness,mild,511_1,511,hide_craze,seed_disagreement,3,17:hide_craze:stable_correct|29:craze:harmful_flip|43:hide_craze:stable_correct
seed_disagreement,resnet18,brightness_mild,brightness,mild,521_0,521,corrosion,seed_disagreement,3,17:corrosion:beneficial_flip|29:hide_craze:stable_wrong|43:surface_injure:stable_wrong
seed_disagreement,resnet18,brightness_mild,brightness,mild,546_1,546,corrosion,seed_disagreement,3,17:corrosion:stable_correct|29:corrosion:stable_correct|43:hide_craze:harmful_flip
seed_disagreement,resnet18,brightness_mild,brightness,mild,591_0,591,thunderstrike,seed_disagreement,3,17:thunderstrike:stable_correct|29:thunderstrike:stable_correct|43:surface_injure:stable_wrong
seed_disagreement,resnet18,brightness_mild,brightness,mild,591_2,591,surface_injure,seed_disagreement,3,17:surface_injure:stable_correct|29:hide_craze:harmful_flip|43:surface_injure:stable_correct
seed_disagreement,resnet18,brightness_mild,brightness,mild,600_0,600,hide_craze,seed_disagreement,3,17:hide_craze:stable_correct|29:corrosion:stable_wrong|43:hide_craze:stable_correct
seed_disagreement,resnet18,brightness_mild,brightness,mild,623_1,623,surface_injure,seed_disagreement,3,17:crack:stable_wrong|29:hide_craze:stable_wrong|43:surface_injure:stable_correct
seed_disagreement,resnet18,brightness_mild,brightness,mild,655_0,655,hide_craze,seed_disagreement,3,17:corrosion:changed_wrong|29:hide_craze:stable_correct|43:hide_craze:stable_correct
seed_disagreement,resnet18,brightness_mild,brightness,mild,658_0,658,corrosion,seed_disagreement,3,17:hide_craze:harmful_flip|29:hide_craze:stable_wrong|43:corrosion:stable_correct
seed_disagreement,resnet18,brightness_mild,brightness,mild,671_1,671,surface_injure,seed_disagreement,3,17:hide_craze:stable_wrong|29:hide_craze:stable_wrong|43:surface_injure:stable_correct
seed_disagreement,resnet18,brightness_mild,brightness,mild,689_0,689,surface_injure,seed_disagreement,3,17:thunderstrike:changed_wrong|29:hide_craze:changed_wrong|43:surface_injure:stable_correct
seed_disagreement,resnet18,brightness_mild,brightness,mild,824_0,824,craze,seed_disagreement,3,17:surface_injure:harmful_flip|29:craze:stable_correct|43:craze:stable_correct
seed_disagreement,resnet18,brightness_mild,brightness,mild,864_0,864,surface_injure,seed_disagreement,3,17:surface_injure:stable_correct|29:surface_injure:stable_correct|43:hide_craze:harmful_flip
seed_disagreement,resnet18,brightness_moderate,brightness,moderate,51_0,51,craze,seed_disagreement,3,17:corrosion:stable_wrong|29:corrosion:stable_wrong|43:surface_injure:harmful_flip
seed_disagreement,resnet18,brightness_moderate,brightness,moderate,51_1,51,craze,seed_disagreement,3,17:craze:stable_correct|29:craze:stable_correct|43:hide_craze:harmful_flip
seed_disagreement,resnet18,brightness_moderate,brightness,moderate,54_1,54,hide_craze,seed_disagreement,3,17:hide_craze:stable_correct|29:hide_craze:stable_correct|43:surface_injure:harmful_flip
seed_disagreement,resnet18,brightness_moderate,brightness,moderate,57_0,57,craze,seed_disagreement,3,17:craze:stable_correct|29:hide_craze:harmful_flip|43:hide_craze:harmful_flip
seed_disagreement,resnet18,brightness_moderate,brightness,moderate,61_1,61,craze,seed_disagreement,3,17:craze:stable_correct|29:surface_injure:harmful_flip|43:craze:stable_correct
seed_disagreement,resnet18,brightness_moderate,brightness,moderate,61_2,61,craze,seed_disagreement,3,17:thunderstrike:harmful_flip|29:hide_craze:harmful_flip|43:hide_craze:harmful_flip
seed_disagreement,resnet18,brightness_moderate,brightness,moderate,65_0,65,corrosion,seed_disagreement,3,17:craze:harmful_flip|29:hide_craze:stable_wrong|43:hide_craze:harmful_flip
seed_disagreement,resnet18,brightness_moderate,brightness,moderate,88_0,88,crack,seed_disagreement,3,17:corrosion:harmful_flip|29:hide_craze:stable_wrong|43:hide_craze:stable_wrong
seed_disagreement,resnet18,brightness_moderate,brightness,moderate,93_0,93,craze,seed_disagreement,3,17:craze:stable_correct|29:craze:stable_correct|43:hide_craze:harmful_flip
seed_disagreement,resnet18,brightness_moderate,brightness,moderate,112_0,112,thunderstrike,seed_disagreement,3,17:thunderstrike:stable_correct|29:thunderstrike:stable_correct|43:surface_injure:harmful_flip
seed_disagreement,resnet18,brightness_moderate,brightness,moderate,142_0,142,surface_injure,seed_disagreement,3,17:corrosion:stable_wrong|29:hide_craze:changed_wrong|43:corrosion:stable_wrong
seed_disagreement,resnet18,brightness_moderate,brightness,moderate,146_0,146,hide_craze,seed_disagreement,3,17:craze:harmful_flip|29:hide_craze:stable_correct|43:hide_craze:stable_correct
seed_disagreement,resnet18,brightness_moderate,brightness,moderate,167_1,167,craze,seed_disagreement,3,17:hide_craze:stable_wrong|29:hide_craze:harmful_flip|43:craze:stable_correct
seed_disagreement,resnet18,brightness_moderate,brightness,moderate,198_0,198,craze,seed_disagreement,3,17:craze:stable_correct|29:surface_injure:harmful_flip|43:surface_injure:harmful_flip
seed_disagreement,resnet18,brightness_moderate,brightness,moderate,209_0,209,hide_craze,seed_disagreement,3,17:surface_injure:harmful_flip|29:hide_craze:stable_correct|43:hide_craze:stable_correct
seed_disagreement,resnet18,brightness_moderate,brightness,moderate,228_0,228,hide_craze,seed_disagreement,3,17:craze:harmful_flip|29:craze:changed_wrong|43:hide_craze:beneficial_flip
beneficial_flip,resnet18,brightness_moderate,brightness,moderate,228_1,228,hide_craze,majority,2,17:hide_craze:beneficial_flip|29:craze:stable_wrong|43:hide_craze:beneficial_flip
seed_disagreement,resnet18,brightness_moderate,brightness,moderate,228_1,228,hide_craze,seed_disagreement,3,17:hide_craze:beneficial_flip|29:craze:stable_wrong|43:hide_craze:beneficial_flip
seed_disagreement,resnet18,brightness_moderate,brightness,moderate,238_0,238,crack,seed_disagreement,3,17:surface_injure:harmful_flip|29:surface_injure:harmful_flip|43:crack:stable_correct
seed_disagreement,resnet18,brightness_moderate,brightness,moderate,238_1,238,crack,seed_disagreement,3,17:craze:harmful_flip|29:craze:harmful_flip|43:crack:stable_correct
beneficial_flip,resnet18,brightness_moderate,brightness,moderate,255_0,255,surface_injure,majority,2,17:surface_injure:beneficial_flip|29:surface_injure:beneficial_flip|43:surface_injure:stable_correct
seed_disagreement,resnet18,brightness_moderate,brightness,moderate,323_0,323,corrosion,seed_disagreement,3,17:surface_injure:stable_wrong|29:surface_injure:changed_wrong|43:hide_craze:changed_wrong
seed_disagreement,resnet18,brightness_moderate,brightness,moderate,326_1,326,craze,seed_disagreement,3,17:craze:stable_correct|29:hide_craze:harmful_flip|43:surface_injure:harmful_flip
seed_disagreement,resnet18,brightness_moderate,brightness,moderate,332_0,332,surface_injure,seed_disagreement,3,17:surface_injure:stable_correct|29:surface_injure:stable_correct|43:hide_craze:harmful_flip
seed_disagreement,resnet18,brightness_moderate,brightness,moderate,370_0,370,corrosion,seed_disagreement,3,17:corrosion:stable_correct|29:corrosion:stable_correct|43:thunderstrike:harmful_flip
seed_disagreement,resnet18,brightness_moderate,brightness,moderate,370_1,370,corrosion,seed_disagreement,3,17:corrosion:stable_correct|29:corrosion:stable_correct|43:thunderstrike:harmful_flip
seed_disagreement,resnet18,brightness_moderate,brightness,moderate,370_2,370,corrosion,seed_disagreement,3,17:corrosion:stable_correct|29:corrosion:stable_correct|43:hide_craze:harmful_flip
seed_disagreement,resnet18,brightness_moderate,brightness,moderate,389_0,389,crack,seed_disagreement,3,17:surface_injure:harmful_flip|29:craze:harmful_flip|43:crack:stable_correct
seed_disagreement,resnet18,brightness_moderate,brightness,moderate,390_0,390,corrosion,seed_disagreement,3,17:surface_injure:stable_wrong|29:surface_injure:harmful_flip|43:hide_craze:changed_wrong
seed_disagreement,resnet18,brightness_moderate,brightness,moderate,394_0,394,crack,seed_disagreement,3,17:crack:stable_correct|29:hide_craze:harmful_flip|43:crack:stable_correct
seed_disagreement,resnet18,brightness_moderate,brightness,moderate,408_0,408,corrosion,seed_disagreement,3,17:corrosion:stable_correct|29:corrosion:stable_correct|43:hide_craze:harmful_flip
seed_disagreement,resnet18,brightness_moderate,brightness,moderate,408_1,408,corrosion,seed_disagreement,3,17:corrosion:stable_correct|29:corrosion:stable_correct|43:craze:harmful_flip
seed_disagreement,resnet18,brightness_moderate,brightness,moderate,440_0,440,crack,seed_disagreement,3,17:crack:stable_correct|29:hide_craze:harmful_flip|43:hide_craze:harmful_flip
seed_disagreement,resnet18,brightness_moderate,brightness,moderate,447_0,447,crack,seed_disagreement,3,17:crack:stable_correct|29:craze:harmful_flip|43:crack:stable_correct
seed_disagreement,resnet18,brightness_moderate,brightness,moderate,457_0,457,hide_craze,seed_disagreement,3,17:thunderstrike:harmful_flip|29:hide_craze:stable_correct|43:hide_craze:stable_correct
seed_disagreement,resnet18,brightness_moderate,brightness,moderate,464_1,464,hide_craze,seed_disagreement,3,17:surface_injure:stable_wrong|29:hide_craze:stable_correct|43:surface_injure:changed_wrong
seed_disagreement,resnet18,brightness_moderate,brightness,moderate,479_1,479,thunderstrike,seed_disagreement,3,17:thunderstrike:stable_correct|29:surface_injure:harmful_flip|43:thunderstrike:stable_correct
seed_disagreement,resnet18,brightness_moderate,brightness,moderate,521_0,521,corrosion,seed_disagreement,3,17:corrosion:beneficial_flip|29:hide_craze:stable_wrong|43:hide_craze:changed_wrong
seed_disagreement,resnet18,brightness_moderate,brightness,moderate,541_0,541,hide_craze,seed_disagreement,3,17:craze:harmful_flip|29:hide_craze:stable_correct|43:hide_craze:stable_correct
seed_disagreement,resnet18,brightness_moderate,brightness,moderate,546_1,546,corrosion,seed_disagreement,3,17:corrosion:stable_correct|29:corrosion:stable_correct|43:hide_craze:harmful_flip
seed_disagreement,resnet18,brightness_moderate,brightness,moderate,591_0,591,thunderstrike,seed_disagreement,3,17:thunderstrike:stable_correct|29:thunderstrike:stable_correct|43:surface_injure:stable_wrong
seed_disagreement,resnet18,brightness_moderate,brightness,moderate,591_2,591,surface_injure,seed_disagreement,3,17:craze:harmful_flip|29:surface_injure:stable_correct|43:surface_injure:stable_correct
seed_disagreement,resnet18,brightness_moderate,brightness,moderate,598_1,598,corrosion,seed_disagreement,3,17:corrosion:stable_correct|29:surface_injure:harmful_flip|43:corrosion:stable_correct
seed_disagreement,resnet18,brightness_moderate,brightness,moderate,623_1,623,surface_injure,seed_disagreement,3,17:crack:stable_wrong|29:surface_injure:beneficial_flip|43:surface_injure:stable_correct
seed_disagreement,resnet18,brightness_moderate,brightness,moderate,643_0,643,hide_craze,seed_disagreement,3,17:surface_injure:harmful_flip|29:hide_craze:stable_correct|43:hide_craze:stable_correct
seed_disagreement,resnet18,brightness_moderate,brightness,moderate,655_0,655,hide_craze,seed_disagreement,3,17:corrosion:changed_wrong|29:hide_craze:stable_correct|43:hide_craze:stable_correct
seed_disagreement,resnet18,brightness_moderate,brightness,moderate,658_0,658,corrosion,seed_disagreement,3,17:craze:harmful_flip|29:hide_craze:stable_wrong|43:corrosion:stable_correct
seed_disagreement,resnet18,brightness_moderate,brightness,moderate,663_0,663,hide_craze,seed_disagreement,3,17:craze:harmful_flip|29:hide_craze:beneficial_flip|43:hide_craze:stable_correct
seed_disagreement,resnet18,brightness_moderate,brightness,moderate,671_1,671,surface_injure,seed_disagreement,3,17:hide_craze:stable_wrong|29:surface_injure:beneficial_flip|43:hide_craze:harmful_flip
seed_disagreement,resnet18,brightness_moderate,brightness,moderate,689_0,689,surface_injure,seed_disagreement,3,17:craze:changed_wrong|29:surface_injure:beneficial_flip|43:surface_injure:stable_correct
seed_disagreement,resnet18,brightness_moderate,brightness,moderate,721_0,721,hide_craze,seed_disagreement,3,17:corrosion:harmful_flip|29:hide_craze:stable_correct|43:hide_craze:stable_correct
seed_disagreement,resnet18,brightness_moderate,brightness,moderate,824_0,824,craze,seed_disagreement,3,17:hide_craze:harmful_flip|29:craze:stable_correct|43:craze:stable_correct
seed_disagreement,resnet18,brightness_moderate,brightness,moderate,864_0,864,surface_injure,seed_disagreement,3,17:corrosion:harmful_flip|29:craze:harmful_flip|43:hide_craze:harmful_flip
severe_stable_correct,resnet18,brightness_severe,brightness,severe,13_0,13,hide_craze,consensus,3,17:hide_craze:stable_correct|29:hide_craze:stable_correct|43:hide_craze:stable_correct
severe_stable_correct,resnet18,brightness_severe,brightness,severe,13_1,13,hide_craze,consensus,3,17:hide_craze:stable_correct|29:hide_craze:stable_correct|43:hide_craze:stable_correct
severe_harmful_flip,resnet18,brightness_severe,brightness,severe,32_0,32,thunderstrike,consensus,3,17:craze:harmful_flip|29:surface_injure:harmful_flip|43:hide_craze:harmful_flip
seed_disagreement,resnet18,brightness_severe,brightness,severe,32_0,32,thunderstrike,seed_disagreement,3,17:craze:harmful_flip|29:surface_injure:harmful_flip|43:hide_craze:harmful_flip
severe_harmful_flip,resnet18,brightness_severe,brightness,severe,32_1,32,thunderstrike,consensus,3,17:craze:harmful_flip|29:surface_injure:harmful_flip|43:hide_craze:harmful_flip
seed_disagreement,resnet18,brightness_severe,brightness,severe,32_1,32,thunderstrike,seed_disagreement,3,17:craze:harmful_flip|29:surface_injure:harmful_flip|43:hide_craze:harmful_flip
severe_harmful_flip,resnet18,brightness_severe,brightness,severe,46_0,46,corrosion,majority,2,17:corrosion:stable_correct|29:hide_craze:harmful_flip|43:hide_craze:harmful_flip
seed_disagreement,resnet18,brightness_severe,brightness,severe,46_0,46,corrosion,seed_disagreement,3,17:corrosion:stable_correct|29:hide_craze:harmful_flip|43:hide_craze:harmful_flip
severe_stable_correct,resnet18,brightness_severe,brightness,severe,46_1,46,corrosion,majority,2,17:corrosion:stable_correct|29:corrosion:stable_correct|43:hide_craze:harmful_flip
seed_disagreement,resnet18,brightness_severe,brightness,severe,46_1,46,corrosion,seed_disagreement,3,17:corrosion:stable_correct|29:corrosion:stable_correct|43:hide_craze:harmful_flip
severe_stable_wrong,resnet18,brightness_severe,brightness,severe,48_0,48,surface_injure,consensus,3,17:craze:stable_wrong|29:craze:stable_wrong|43:craze:stable_wrong
seed_disagreement,resnet18,brightness_severe,brightness,severe,51_0,51,craze,seed_disagreement,3,17:corrosion:stable_wrong|29:hide_craze:changed_wrong|43:hide_craze:harmful_flip
severe_harmful_flip,resnet18,brightness_severe,brightness,severe,51_1,51,craze,majority,2,17:craze:stable_correct|29:corrosion:harmful_flip|43:corrosion:harmful_flip
seed_disagreement,resnet18,brightness_severe,brightness,severe,51_1,51,craze,seed_disagreement,3,17:craze:stable_correct|29:corrosion:harmful_flip|43:corrosion:harmful_flip
severe_harmful_flip,resnet18,brightness_severe,brightness,severe,54_0,54,hide_craze,majority,2,17:corrosion:harmful_flip|29:surface_injure:harmful_flip|43:hide_craze:stable_correct
seed_disagreement,resnet18,brightness_severe,brightness,severe,54_0,54,hide_craze,seed_disagreement,3,17:corrosion:harmful_flip|29:surface_injure:harmful_flip|43:hide_craze:stable_correct
severe_harmful_flip,resnet18,brightness_severe,brightness,severe,54_1,54,hide_craze,majority,2,17:corrosion:harmful_flip|29:surface_injure:harmful_flip|43:hide_craze:stable_correct
seed_disagreement,resnet18,brightness_severe,brightness,severe,54_1,54,hide_craze,seed_disagreement,3,17:corrosion:harmful_flip|29:surface_injure:harmful_flip|43:hide_craze:stable_correct
severe_harmful_flip,resnet18,brightness_severe,brightness,severe,57_0,57,craze,majority,2,17:craze:stable_correct|29:hide_craze:harmful_flip|43:hide_craze:harmful_flip
seed_disagreement,resnet18,brightness_severe,brightness,severe,57_0,57,craze,seed_disagreement,3,17:craze:stable_correct|29:hide_craze:harmful_flip|43:hide_craze:harmful_flip
severe_harmful_flip,resnet18,brightness_severe,brightness,severe,57_1,57,surface_injure,majority,2,17:corrosion:harmful_flip|29:surface_injure:beneficial_flip|43:hide_craze:harmful_flip
seed_disagreement,resnet18,brightness_severe,brightness,severe,57_1,57,surface_injure,seed_disagreement,3,17:corrosion:harmful_flip|29:surface_injure:beneficial_flip|43:hide_craze:harmful_flip
severe_stable_correct,resnet18,brightness_severe,brightness,severe,61_0,61,craze,majority,2,17:craze:stable_correct|29:craze:stable_correct|43:hide_craze:harmful_flip
seed_disagreement,resnet18,brightness_severe,brightness,severe,61_0,61,craze,seed_disagreement,3,17:craze:stable_correct|29:craze:stable_correct|43:hide_craze:harmful_flip
severe_harmful_flip,resnet18,brightness_severe,brightness,severe,61_1,61,craze,majority,2,17:craze:stable_correct|29:hide_craze:harmful_flip|43:hide_craze:harmful_flip
seed_disagreement,resnet18,brightness_severe,brightness,severe,61_1,61,craze,seed_disagreement,3,17:craze:stable_correct|29:hide_craze:harmful_flip|43:hide_craze:harmful_flip
severe_harmful_flip,resnet18,brightness_severe,brightness,severe,61_2,61,craze,majority,2,17:craze:stable_correct|29:hide_craze:harmful_flip|43:hide_craze:harmful_flip
seed_disagreement,resnet18,brightness_severe,brightness,severe,61_2,61,craze,seed_disagreement,3,17:craze:stable_correct|29:hide_craze:harmful_flip|43:hide_craze:harmful_flip
severe_harmful_flip,resnet18,brightness_severe,brightness,severe,65_0,65,corrosion,majority,2,17:craze:harmful_flip|29:hide_craze:stable_wrong|43:hide_craze:harmful_flip
seed_disagreement,resnet18,brightness_severe,brightness,severe,65_0,65,corrosion,seed_disagreement,3,17:craze:harmful_flip|29:hide_craze:stable_wrong|43:hide_craze:harmful_flip
severe_stable_correct,resnet18,brightness_severe,brightness,severe,67_0,67,hide_craze,consensus,3,17:hide_craze:stable_correct|29:hide_craze:stable_correct|43:hide_craze:stable_correct
severe_stable_correct,resnet18,brightness_severe,brightness,severe,71_0,71,craze,consensus,3,17:craze:stable_correct|29:craze:stable_correct|43:craze:stable_correct
severe_harmful_flip,resnet18,brightness_severe,brightness,severe,73_0,73,craze,majority,2,17:craze:stable_correct|29:surface_injure:harmful_flip|43:surface_injure:harmful_flip
seed_disagreement,resnet18,brightness_severe,brightness,severe,73_0,73,craze,seed_disagreement,3,17:craze:stable_correct|29:surface_injure:harmful_flip|43:surface_injure:harmful_flip
severe_harmful_flip,resnet18,brightness_severe,brightness,severe,81_0,81,craze,majority,2,17:craze:stable_correct|29:surface_injure:harmful_flip|43:thunderstrike:harmful_flip
seed_disagreement,resnet18,brightness_severe,brightness,severe,81_0,81,craze,seed_disagreement,3,17:craze:stable_correct|29:surface_injure:harmful_flip|43:thunderstrike:harmful_flip
severe_harmful_flip,resnet18,brightness_severe,brightness,severe,81_1,81,craze,majority,2,17:craze:stable_correct|29:corrosion:harmful_flip|43:thunderstrike:harmful_flip
seed_disagreement,resnet18,brightness_severe,brightness,severe,81_1,81,craze,seed_disagreement,3,17:craze:stable_correct|29:corrosion:harmful_flip|43:thunderstrike:harmful_flip
severe_stable_correct,resnet18,brightness_severe,brightness,severe,81_2,81,craze,majority,2,17:craze:stable_correct|29:craze:stable_correct|43:hide_craze:harmful_flip
seed_disagreement,resnet18,brightness_severe,brightness,severe,81_2,81,craze,seed_disagreement,3,17:craze:stable_correct|29:craze:stable_correct|43:hide_craze:harmful_flip
severe_stable_wrong,resnet18,brightness_severe,brightness,severe,88_0,88,crack,majority,2,17:craze:harmful_flip|29:hide_craze:stable_wrong|43:hide_craze:stable_wrong
seed_disagreement,resnet18,brightness_severe,brightness,severe,88_0,88,crack,seed_disagreement,3,17:craze:harmful_flip|29:hide_craze:stable_wrong|43:hide_craze:stable_wrong
severe_stable_correct,resnet18,brightness_severe,brightness,severe,93_0,93,craze,majority,2,17:craze:stable_correct|29:craze:stable_correct|43:hide_craze:harmful_flip
seed_disagreement,resnet18,brightness_severe,brightness,severe,93_0,93,craze,seed_disagreement,3,17:craze:stable_correct|29:craze:stable_correct|43:hide_craze:harmful_flip
severe_stable_correct,resnet18,brightness_severe,brightness,severe,103_0,103,craze,consensus,3,17:craze:stable_correct|29:craze:stable_correct|43:craze:stable_correct
severe_harmful_flip,resnet18,brightness_severe,brightness,severe,112_0,112,thunderstrike,consensus,3,17:craze:harmful_flip|29:surface_injure:harmful_flip|43:surface_injure:harmful_flip
seed_disagreement,resnet18,brightness_severe,brightness,severe,112_0,112,thunderstrike,seed_disagreement,3,17:craze:harmful_flip|29:surface_injure:harmful_flip|43:surface_injure:harmful_flip
severe_stable_correct,resnet18,brightness_severe,brightness,severe,112_1,112,surface_injure,consensus,3,17:surface_injure:stable_correct|29:surface_injure:stable_correct|43:surface_injure:stable_correct
beneficial_flip,resnet18,brightness_severe,brightness,severe,142_0,142,surface_injure,majority,2,17:surface_injure:beneficial_flip|29:surface_injure:beneficial_flip|43:hide_craze:changed_wrong
seed_disagreement,resnet18,brightness_severe,brightness,severe,142_0,142,surface_injure,seed_disagreement,3,17:surface_injure:beneficial_flip|29:surface_injure:beneficial_flip|43:hide_craze:changed_wrong
severe_stable_correct,resnet18,brightness_severe,brightness,severe,146_0,146,hide_craze,majority,2,17:craze:harmful_flip|29:hide_craze:stable_correct|43:hide_craze:stable_correct
seed_disagreement,resnet18,brightness_severe,brightness,severe,146_0,146,hide_craze,seed_disagreement,3,17:craze:harmful_flip|29:hide_craze:stable_correct|43:hide_craze:stable_correct
severe_stable_correct,resnet18,brightness_severe,brightness,severe,156_0,156,craze,consensus,3,17:craze:stable_correct|29:craze:stable_correct|43:craze:stable_correct
severe_stable_correct,resnet18,brightness_severe,brightness,severe,161_0,161,corrosion,consensus,3,17:corrosion:stable_correct|29:corrosion:stable_correct|43:corrosion:stable_correct
severe_stable_correct,resnet18,brightness_severe,brightness,severe,163_0,163,hide_craze,majority,2,17:corrosion:harmful_flip|29:hide_craze:stable_correct|43:hide_craze:stable_correct
seed_disagreement,resnet18,brightness_severe,brightness,severe,163_0,163,hide_craze,seed_disagreement,3,17:corrosion:harmful_flip|29:hide_craze:stable_correct|43:hide_craze:stable_correct
severe_harmful_flip,resnet18,brightness_severe,brightness,severe,166_0,166,craze,majority,2,17:craze:stable_correct|29:hide_craze:harmful_flip|43:hide_craze:harmful_flip
seed_disagreement,resnet18,brightness_severe,brightness,severe,166_0,166,craze,seed_disagreement,3,17:craze:stable_correct|29:hide_craze:harmful_flip|43:hide_craze:harmful_flip
severe_stable_correct,resnet18,brightness_severe,brightness,severe,167_0,167,craze,consensus,3,17:craze:stable_correct|29:craze:stable_correct|43:craze:stable_correct
severe_harmful_flip,resnet18,brightness_severe,brightness,severe,167_1,167,craze,majority,2,17:craze:beneficial_flip|29:hide_craze:harmful_flip|43:hide_craze:harmful_flip
seed_disagreement,resnet18,brightness_severe,brightness,severe,167_1,167,craze,seed_disagreement,3,17:craze:beneficial_flip|29:hide_craze:harmful_flip|43:hide_craze:harmful_flip
severe_stable_correct,resnet18,brightness_severe,brightness,severe,178_0,178,surface_injure,consensus,3,17:surface_injure:stable_correct|29:surface_injure:stable_correct|43:surface_injure:stable_correct
severe_stable_correct,resnet18,brightness_severe,brightness,severe,178_1,178,surface_injure,consensus,3,17:surface_injure:stable_correct|29:surface_injure:stable_correct|43:surface_injure:stable_correct
severe_stable_correct,resnet18,brightness_severe,brightness,severe,178_2,178,surface_injure,consensus,3,17:surface_injure:stable_correct|29:surface_injure:stable_correct|43:surface_injure:stable_correct
severe_harmful_flip,resnet18,brightness_severe,brightness,severe,198_0,198,craze,majority,2,17:craze:stable_correct|29:surface_injure:harmful_flip|43:surface_injure:harmful_flip
seed_disagreement,resnet18,brightness_severe,brightness,severe,198_0,198,craze,seed_disagreement,3,17:craze:stable_correct|29:surface_injure:harmful_flip|43:surface_injure:harmful_flip
severe_stable_correct,resnet18,brightness_severe,brightness,severe,198_1,198,hide_craze,consensus,3,17:hide_craze:stable_correct|29:hide_craze:stable_correct|43:hide_craze:stable_correct
severe_harmful_flip,resnet18,brightness_severe,brightness,severe,209_0,209,hide_craze,consensus,3,17:surface_injure:harmful_flip|29:surface_injure:harmful_flip|43:surface_injure:harmful_flip
severe_stable_correct,resnet18,brightness_severe,brightness,severe,214_0,214,craze,consensus,3,17:craze:stable_correct|29:craze:stable_correct|43:craze:stable_correct
severe_harmful_flip,resnet18,brightness_severe,brightness,severe,216_0,216,crack,majority,2,17:crack:stable_correct|29:surface_injure:harmful_flip|43:hide_craze:harmful_flip
seed_disagreement,resnet18,brightness_severe,brightness,severe,216_0,216,crack,seed_disagreement,3,17:crack:stable_correct|29:surface_injure:harmful_flip|43:hide_craze:harmful_flip
severe_stable_correct,resnet18,brightness_severe,brightness,severe,217_0,217,surface_injure,consensus,3,17:surface_injure:stable_correct|29:surface_injure:stable_correct|43:surface_injure:stable_correct
severe_stable_correct,resnet18,brightness_severe,brightness,severe,224_0,224,hide_craze,consensus,3,17:hide_craze:stable_correct|29:hide_craze:stable_correct|43:hide_craze:stable_correct
beneficial_flip,resnet18,brightness_severe,brightness,severe,228_0,228,hide_craze,majority,2,17:craze:harmful_flip|29:hide_craze:beneficial_flip|43:hide_craze:beneficial_flip
seed_disagreement,resnet18,brightness_severe,brightness,severe,228_0,228,hide_craze,seed_disagreement,3,17:craze:harmful_flip|29:hide_craze:beneficial_flip|43:hide_craze:beneficial_flip
beneficial_flip,resnet18,brightness_severe,brightness,severe,228_1,228,hide_craze,consensus,3,17:hide_craze:beneficial_flip|29:hide_craze:beneficial_flip|43:hide_craze:beneficial_flip
severe_harmful_flip,resnet18,brightness_severe,brightness,severe,234_0,234,surface_injure,majority,2,17:craze:harmful_flip|29:surface_injure:beneficial_flip|43:hide_craze:harmful_flip
seed_disagreement,resnet18,brightness_severe,brightness,severe,234_0,234,surface_injure,seed_disagreement,3,17:craze:harmful_flip|29:surface_injure:beneficial_flip|43:hide_craze:harmful_flip
severe_stable_correct,resnet18,brightness_severe,brightness,severe,234_1,234,hide_craze,consensus,3,17:hide_craze:stable_correct|29:hide_craze:stable_correct|43:hide_craze:stable_correct
severe_stable_correct,resnet18,brightness_severe,brightness,severe,234_2,234,hide_craze,consensus,3,17:hide_craze:stable_correct|29:hide_craze:stable_correct|43:hide_craze:stable_correct
severe_stable_correct,resnet18,brightness_severe,brightness,severe,234_3,234,hide_craze,consensus,3,17:hide_craze:stable_correct|29:hide_craze:stable_correct|43:hide_craze:stable_correct
severe_stable_correct,resnet18,brightness_severe,brightness,severe,234_4,234,hide_craze,consensus,3,17:hide_craze:stable_correct|29:hide_craze:stable_correct|43:hide_craze:stable_correct
severe_harmful_flip,resnet18,brightness_severe,brightness,severe,238_0,238,crack,consensus,3,17:corrosion:harmful_flip|29:surface_injure:harmful_flip|43:hide_craze:harmful_flip
seed_disagreement,resnet18,brightness_severe,brightness,severe,238_0,238,crack,seed_disagreement,3,17:corrosion:harmful_flip|29:surface_injure:harmful_flip|43:hide_craze:harmful_flip
severe_harmful_flip,resnet18,brightness_severe,brightness,severe,238_1,238,crack,consensus,3,17:corrosion:harmful_flip|29:craze:harmful_flip|43:hide_craze:harmful_flip
seed_disagreement,resnet18,brightness_severe,brightness,severe,238_1,238,crack,seed_disagreement,3,17:corrosion:harmful_flip|29:craze:harmful_flip|43:hide_craze:harmful_flip
severe_stable_correct,resnet18,brightness_severe,brightness,severe,250_0,250,crack,consensus,3,17:crack:stable_correct|29:crack:stable_correct|43:crack:stable_correct
severe_harmful_flip,resnet18,brightness_severe,brightness,severe,252_0,252,crack,consensus,3,17:craze:harmful_flip|29:craze:harmful_flip|43:hide_craze:harmful_flip
seed_disagreement,resnet18,brightness_severe,brightness,severe,252_0,252,crack,seed_disagreement,3,17:craze:harmful_flip|29:craze:harmful_flip|43:hide_craze:harmful_flip
seed_disagreement,resnet18,brightness_severe,brightness,severe,255_0,255,surface_injure,seed_disagreement,3,17:corrosion:changed_wrong|29:surface_injure:beneficial_flip|43:hide_craze:harmful_flip
severe_harmful_flip,resnet18,brightness_severe,brightness,severe,255_1,255,surface_injure,consensus,3,17:corrosion:harmful_flip|29:hide_craze:harmful_flip|43:hide_craze:harmful_flip
seed_disagreement,resnet18,brightness_severe,brightness,severe,255_1,255,surface_injure,seed_disagreement,3,17:corrosion:harmful_flip|29:hide_craze:harmful_flip|43:hide_craze:harmful_flip
seed_disagreement,resnet18,brightness_severe,brightness,severe,257_0,257,surface_injure,seed_disagreement,3,17:craze:harmful_flip|29:surface_injure:beneficial_flip|43:surface_injure:stable_correct
severe_stable_correct,resnet18,brightness_severe,brightness,severe,257_1,257,surface_injure,consensus,3,17:surface_injure:stable_correct|29:surface_injure:stable_correct|43:surface_injure:stable_correct
severe_stable_correct,resnet18,brightness_severe,brightness,severe,269_0,269,crack,consensus,3,17:crack:stable_correct|29:crack:stable_correct|43:crack:stable_correct
severe_harmful_flip,resnet18,brightness_severe,brightness,severe,273_0,273,thunderstrike,majority,2,17:thunderstrike:stable_correct|29:surface_injure:harmful_flip|43:hide_craze:harmful_flip
seed_disagreement,resnet18,brightness_severe,brightness,severe,273_0,273,thunderstrike,seed_disagreement,3,17:thunderstrike:stable_correct|29:surface_injure:harmful_flip|43:hide_craze:harmful_flip
severe_stable_correct,resnet18,brightness_severe,brightness,severe,273_1,273,surface_injure,consensus,3,17:surface_injure:stable_correct|29:surface_injure:stable_correct|43:surface_injure:stable_correct
severe_stable_correct,resnet18,brightness_severe,brightness,severe,276_0,276,hide_craze,majority,2,17:corrosion:harmful_flip|29:hide_craze:stable_correct|43:hide_craze:stable_correct
seed_disagreement,resnet18,brightness_severe,brightness,severe,276_0,276,hide_craze,seed_disagreement,3,17:corrosion:harmful_flip|29:hide_craze:stable_correct|43:hide_craze:stable_correct
severe_stable_correct,resnet18,brightness_severe,brightness,severe,276_1,276,hide_craze,majority,2,17:corrosion:harmful_flip|29:hide_craze:stable_correct|43:hide_craze:stable_correct
seed_disagreement,resnet18,brightness_severe,brightness,severe,276_1,276,hide_craze,seed_disagreement,3,17:corrosion:harmful_flip|29:hide_craze:stable_correct|43:hide_craze:stable_correct
severe_stable_correct,resnet18,brightness_severe,brightness,severe,284_0,284,hide_craze,consensus,3,17:hide_craze:stable_correct|29:hide_craze:stable_correct|43:hide_craze:stable_correct
severe_stable_correct,resnet18,brightness_severe,brightness,severe,285_0,285,surface_injure,consensus,3,17:surface_injure:stable_correct|29:surface_injure:stable_correct|43:surface_injure:stable_correct
severe_stable_correct,resnet18,brightness_severe,brightness,severe,285_1,285,surface_injure,consensus,3,17:surface_injure:stable_correct|29:surface_injure:stable_correct|43:surface_injure:stable_correct
severe_harmful_flip,resnet18,brightness_severe,brightness,severe,318_0,318,crack,majority,2,17:crack:stable_correct|29:hide_craze:harmful_flip|43:hide_craze:harmful_flip
seed_disagreement,resnet18,brightness_severe,brightness,severe,318_0,318,crack,seed_disagreement,3,17:crack:stable_correct|29:hide_craze:harmful_flip|43:hide_craze:harmful_flip
severe_stable_correct,resnet18,brightness_severe,brightness,severe,322_0,322,corrosion,consensus,3,17:corrosion:stable_correct|29:corrosion:stable_correct|43:corrosion:stable_correct
severe_stable_wrong,resnet18,brightness_severe,brightness,severe,323_0,323,corrosion,majority,2,17:surface_injure:stable_wrong|29:hide_craze:stable_wrong|43:hide_craze:changed_wrong
seed_disagreement,resnet18,brightness_severe,brightness,severe,323_0,323,corrosion,seed_disagreement,3,17:surface_injure:stable_wrong|29:hide_craze:stable_wrong|43:hide_craze:changed_wrong
severe_harmful_flip,resnet18,brightness_severe,brightness,severe,326_0,326,surface_injure,consensus,3,17:corrosion:harmful_flip|29:hide_craze:harmful_flip|43:hide_craze:harmful_flip
seed_disagreement,resnet18,brightness_severe,brightness,severe,326_0,326,surface_injure,seed_disagreement,3,17:corrosion:harmful_flip|29:hide_craze:harmful_flip|43:hide_craze:harmful_flip
severe_harmful_flip,resnet18,brightness_severe,brightness,severe,326_1,326,craze,consensus,3,17:corrosion:harmful_flip|29:hide_craze:harmful_flip|43:hide_craze:harmful_flip
seed_disagreement,resnet18,brightness_severe,brightness,severe,326_1,326,craze,seed_disagreement,3,17:corrosion:harmful_flip|29:hide_craze:harmful_flip|43:hide_craze:harmful_flip
severe_stable_correct,resnet18,brightness_severe,brightness,severe,332_0,332,surface_injure,majority,2,17:surface_injure:stable_correct|29:surface_injure:stable_correct|43:hide_craze:harmful_flip
seed_disagreement,resnet18,brightness_severe,brightness,severe,332_0,332,surface_injure,seed_disagreement,3,17:surface_injure:stable_correct|29:surface_injure:stable_correct|43:hide_craze:harmful_flip
severe_stable_correct,resnet18,brightness_severe,brightness,severe,363_0,363,surface_injure,consensus,3,17:surface_injure:stable_correct|29:surface_injure:stable_correct|43:surface_injure:stable_correct
severe_stable_correct,resnet18,brightness_severe,brightness,severe,370_0,370,corrosion,majority,2,17:corrosion:stable_correct|29:corrosion:stable_correct|43:hide_craze:harmful_flip
seed_disagreement,resnet18,brightness_severe,brightness,severe,370_0,370,corrosion,seed_disagreement,3,17:corrosion:stable_correct|29:corrosion:stable_correct|43:hide_craze:harmful_flip
severe_harmful_flip,resnet18,brightness_severe,brightness,severe,370_1,370,corrosion,majority,2,17:corrosion:stable_correct|29:hide_craze:harmful_flip|43:hide_craze:harmful_flip
seed_disagreement,resnet18,brightness_severe,brightness,severe,370_1,370,corrosion,seed_disagreement,3,17:corrosion:stable_correct|29:hide_craze:harmful_flip|43:hide_craze:harmful_flip
severe_harmful_flip,resnet18,brightness_severe,brightness,severe,370_2,370,corrosion,majority,2,17:corrosion:stable_correct|29:hide_craze:harmful_flip|43:hide_craze:harmful_flip
seed_disagreement,resnet18,brightness_severe,brightness,severe,370_2,370,corrosion,seed_disagreement,3,17:corrosion:stable_correct|29:hide_craze:harmful_flip|43:hide_craze:harmful_flip
severe_stable_correct,resnet18,brightness_severe,brightness,severe,373_0,373,corrosion,consensus,3,17:corrosion:stable_correct|29:corrosion:stable_correct|43:corrosion:stable_correct
severe_stable_correct,resnet18,brightness_severe,brightness,severe,379_0,379,hide_craze,consensus,3,17:hide_craze:stable_correct|29:hide_craze:stable_correct|43:hide_craze:stable_correct
severe_stable_correct,resnet18,brightness_severe,brightness,severe,379_1,379,hide_craze,consensus,3,17:hide_craze:stable_correct|29:hide_craze:stable_correct|43:hide_craze:stable_correct
severe_stable_correct,resnet18,brightness_severe,brightness,severe,388_0,388,hide_craze,consensus,3,17:hide_craze:stable_correct|29:hide_craze:stable_correct|43:hide_craze:stable_correct
severe_harmful_flip,resnet18,brightness_severe,brightness,severe,389_0,389,crack,consensus,3,17:surface_injure:harmful_flip|29:craze:harmful_flip|43:hide_craze:harmful_flip
seed_disagreement,resnet18,brightness_severe,brightness,severe,389_0,389,crack,seed_disagreement,3,17:surface_injure:harmful_flip|29:craze:harmful_flip|43:hide_craze:harmful_flip
seed_disagreement,resnet18,brightness_severe,brightness,severe,390_0,390,corrosion,seed_disagreement,3,17:surface_injure:stable_wrong|29:surface_injure:harmful_flip|43:hide_craze:changed_wrong
severe_harmful_flip,resnet18,brightness_severe,brightness,severe,394_0,394,crack,majority,2,17:crack:stable_correct|29:hide_craze:harmful_flip|43:hide_craze:harmful_flip
seed_disagreement,resnet18,brightness_severe,brightness,severe,394_0,394,crack,seed_disagreement,3,17:crack:stable_correct|29:hide_craze:harmful_flip|43:hide_craze:harmful_flip
severe_harmful_flip,resnet18,brightness_severe,brightness,severe,405_0,405,corrosion,majority,2,17:corrosion:stable_correct|29:surface_injure:harmful_flip|43:hide_craze:harmful_flip
seed_disagreement,resnet18,brightness_severe,brightness,severe,405_0,405,corrosion,seed_disagreement,3,17:corrosion:stable_correct|29:surface_injure:harmful_flip|43:hide_craze:harmful_flip
severe_stable_correct,resnet18,brightness_severe,brightness,severe,407_0,407,surface_injure,consensus,3,17:surface_injure:stable_correct|29:surface_injure:stable_correct|43:surface_injure:stable_correct
severe_harmful_flip,resnet18,brightness_severe,brightness,severe,408_0,408,corrosion,majority,2,17:corrosion:stable_correct|29:surface_injure:harmful_flip|43:hide_craze:harmful_flip
seed_disagreement,resnet18,brightness_severe,brightness,severe,408_0,408,corrosion,seed_disagreement,3,17:corrosion:stable_correct|29:surface_injure:harmful_flip|43:hide_craze:harmful_flip
severe_harmful_flip,resnet18,brightness_severe,brightness,severe,408_1,408,corrosion,majority,2,17:corrosion:stable_correct|29:hide_craze:harmful_flip|43:hide_craze:harmful_flip
seed_disagreement,resnet18,brightness_severe,brightness,severe,408_1,408,corrosion,seed_disagreement,3,17:corrosion:stable_correct|29:hide_craze:harmful_flip|43:hide_craze:harmful_flip
severe_stable_correct,resnet18,brightness_severe,brightness,severe,410_0,410,corrosion,majority,2,17:corrosion:stable_correct|29:corrosion:stable_correct|43:hide_craze:changed_wrong
seed_disagreement,resnet18,brightness_severe,brightness,severe,410_0,410,corrosion,seed_disagreement,3,17:corrosion:stable_correct|29:corrosion:stable_correct|43:hide_craze:changed_wrong
severe_stable_correct,resnet18,brightness_severe,brightness,severe,410_1,410,corrosion,majority,2,17:corrosion:stable_correct|29:corrosion:stable_correct|43:hide_craze:changed_wrong
seed_disagreement,resnet18,brightness_severe,brightness,severe,410_1,410,corrosion,seed_disagreement,3,17:corrosion:stable_correct|29:corrosion:stable_correct|43:hide_craze:changed_wrong
severe_stable_correct,resnet18,brightness_severe,brightness,severe,432_0,432,surface_injure,consensus,3,17:surface_injure:stable_correct|29:surface_injure:stable_correct|43:surface_injure:stable_correct
severe_stable_correct,resnet18,brightness_severe,brightness,severe,438_0,438,hide_craze,majority,2,17:corrosion:harmful_flip|29:hide_craze:stable_correct|43:hide_craze:stable_correct
seed_disagreement,resnet18,brightness_severe,brightness,severe,438_0,438,hide_craze,seed_disagreement,3,17:corrosion:harmful_flip|29:hide_craze:stable_correct|43:hide_craze:stable_correct
severe_harmful_flip,resnet18,brightness_severe,brightness,severe,440_0,440,crack,consensus,3,17:craze:harmful_flip|29:hide_craze:harmful_flip|43:hide_craze:harmful_flip
seed_disagreement,resnet18,brightness_severe,brightness,severe,440_0,440,crack,seed_disagreement,3,17:craze:harmful_flip|29:hide_craze:harmful_flip|43:hide_craze:harmful_flip
severe_harmful_flip,resnet18,brightness_severe,brightness,severe,447_0,447,crack,majority,2,17:craze:harmful_flip|29:craze:harmful_flip|43:crack:stable_correct
seed_disagreement,resnet18,brightness_severe,brightness,severe,447_0,447,crack,seed_disagreement,3,17:craze:harmful_flip|29:craze:harmful_flip|43:crack:stable_correct
severe_harmful_flip,resnet18,brightness_severe,brightness,severe,447_1,447,crack,consensus,3,17:craze:harmful_flip|29:surface_injure:harmful_flip|43:hide_craze:harmful_flip
seed_disagreement,resnet18,brightness_severe,brightness,severe,447_1,447,crack,seed_disagreement,3,17:craze:harmful_flip|29:surface_injure:harmful_flip|43:hide_craze:harmful_flip
severe_stable_correct,resnet18,brightness_severe,brightness,severe,451_0,451,corrosion,consensus,3,17:corrosion:stable_correct|29:corrosion:stable_correct|43:corrosion:stable_correct
severe_stable_correct,resnet18,brightness_severe,brightness,severe,457_0,457,hide_craze,majority,2,17:craze:harmful_flip|29:hide_craze:stable_correct|43:hide_craze:stable_correct
seed_disagreement,resnet18,brightness_severe,brightness,severe,457_0,457,hide_craze,seed_disagreement,3,17:craze:harmful_flip|29:hide_craze:stable_correct|43:hide_craze:stable_correct
severe_stable_correct,resnet18,brightness_severe,brightness,severe,457_1,457,hide_craze,majority,2,17:corrosion:harmful_flip|29:hide_craze:stable_correct|43:hide_craze:stable_correct
seed_disagreement,resnet18,brightness_severe,brightness,severe,457_1,457,hide_craze,seed_disagreement,3,17:corrosion:harmful_flip|29:hide_craze:stable_correct|43:hide_craze:stable_correct
seed_disagreement,resnet18,brightness_severe,brightness,severe,457_2,457,hide_craze,seed_disagreement,3,17:craze:harmful_flip|29:hide_craze:stable_correct|43:hide_craze:beneficial_flip
severe_harmful_flip,resnet18,brightness_severe,brightness,severe,464_0,464,craze,consensus,3,17:surface_injure:harmful_flip|29:surface_injure:harmful_flip|43:surface_injure:harmful_flip
seed_disagreement,resnet18,brightness_severe,brightness,severe,464_1,464,hide_craze,seed_disagreement,3,17:surface_injure:stable_wrong|29:hide_craze:stable_correct|43:hide_craze:beneficial_flip
severe_stable_correct,resnet18,brightness_severe,brightness,severe,469_0,469,craze,consensus,3,17:craze:stable_correct|29:craze:stable_correct|43:craze:stable_correct
severe_harmful_flip,resnet18,brightness_severe,brightness,severe,473_0,473,crack,consensus,3,17:craze:harmful_flip|29:hide_craze:harmful_flip|43:hide_craze:harmful_flip
seed_disagreement,resnet18,brightness_severe,brightness,severe,473_0,473,crack,seed_disagreement,3,17:craze:harmful_flip|29:hide_craze:harmful_flip|43:hide_craze:harmful_flip
severe_stable_correct,resnet18,brightness_severe,brightness,severe,476_0,476,surface_injure,majority,2,17:surface_injure:stable_correct|29:surface_injure:stable_correct|43:hide_craze:harmful_flip
seed_disagreement,resnet18,brightness_severe,brightness,severe,476_0,476,surface_injure,seed_disagreement,3,17:surface_injure:stable_correct|29:surface_injure:stable_correct|43:hide_craze:harmful_flip
severe_stable_correct,resnet18,brightness_severe,brightness,severe,479_0,479,surface_injure,consensus,3,17:surface_injure:stable_correct|29:surface_injure:stable_correct|43:surface_injure:stable_correct
severe_harmful_flip,resnet18,brightness_severe,brightness,severe,479_1,479,thunderstrike,consensus,3,17:surface_injure:harmful_flip|29:hide_craze:harmful_flip|43:hide_craze:harmful_flip
seed_disagreement,resnet18,brightness_severe,brightness,severe,479_1,479,thunderstrike,seed_disagreement,3,17:surface_injure:harmful_flip|29:hide_craze:harmful_flip|43:hide_craze:harmful_flip
severe_stable_correct,resnet18,brightness_severe,brightness,severe,501_0,501,corrosion,consensus,3,17:corrosion:stable_correct|29:corrosion:stable_correct|43:corrosion:stable_correct
severe_harmful_flip,resnet18,brightness_severe,brightness,severe,505_0,505,corrosion,majority,2,17:corrosion:stable_correct|29:surface_injure:harmful_flip|43:hide_craze:harmful_flip
seed_disagreement,resnet18,brightness_severe,brightness,severe,505_0,505,corrosion,seed_disagreement,3,17:corrosion:stable_correct|29:surface_injure:harmful_flip|43:hide_craze:harmful_flip
severe_stable_correct,resnet18,brightness_severe,brightness,severe,511_0,511,hide_craze,majority,2,17:craze:harmful_flip|29:hide_craze:stable_correct|43:hide_craze:stable_correct
seed_disagreement,resnet18,brightness_severe,brightness,severe,511_0,511,hide_craze,seed_disagreement,3,17:craze:harmful_flip|29:hide_craze:stable_correct|43:hide_craze:stable_correct
severe_stable_correct,resnet18,brightness_severe,brightness,severe,511_1,511,hide_craze,majority,2,17:corrosion:harmful_flip|29:hide_craze:stable_correct|43:hide_craze:stable_correct
seed_disagreement,resnet18,brightness_severe,brightness,severe,511_1,511,hide_craze,seed_disagreement,3,17:corrosion:harmful_flip|29:hide_craze:stable_correct|43:hide_craze:stable_correct
seed_disagreement,resnet18,brightness_severe,brightness,severe,521_0,521,corrosion,seed_disagreement,3,17:corrosion:beneficial_flip|29:hide_craze:stable_wrong|43:hide_craze:changed_wrong
severe_stable_wrong,resnet18,brightness_severe,brightness,severe,521_1,521,corrosion,majority,2,17:corrosion:beneficial_flip|29:hide_craze:stable_wrong|43:hide_craze:stable_wrong
seed_disagreement,resnet18,brightness_severe,brightness,severe,521_1,521,corrosion,seed_disagreement,3,17:corrosion:beneficial_flip|29:hide_craze:stable_wrong|43:hide_craze:stable_wrong
severe_stable_correct,resnet18,brightness_severe,brightness,severe,541_0,541,hide_craze,majority,2,17:craze:harmful_flip|29:hide_craze:stable_correct|43:hide_craze:stable_correct
seed_disagreement,resnet18,brightness_severe,brightness,severe,541_0,541,hide_craze,seed_disagreement,3,17:craze:harmful_flip|29:hide_craze:stable_correct|43:hide_craze:stable_correct
severe_stable_wrong,resnet18,brightness_severe,brightness,severe,546_0,546,corrosion,majority,2,17:surface_injure:stable_wrong|29:surface_injure:stable_wrong|43:hide_craze:changed_wrong
seed_disagreement,resnet18,brightness_severe,brightness,severe,546_0,546,corrosion,seed_disagreement,3,17:surface_injure:stable_wrong|29:surface_injure:stable_wrong|43:hide_craze:changed_wrong
severe_harmful_flip,resnet18,brightness_severe,brightness,severe,546_1,546,corrosion,majority,2,17:corrosion:stable_correct|29:hide_craze:harmful_flip|43:hide_craze:harmful_flip
seed_disagreement,resnet18,brightness_severe,brightness,severe,546_1,546,corrosion,seed_disagreement,3,17:corrosion:stable_correct|29:hide_craze:harmful_flip|43:hide_craze:harmful_flip
severe_harmful_flip,resnet18,brightness_severe,brightness,severe,546_2,546,corrosion,majority,2,17:corrosion:stable_correct|29:surface_injure:harmful_flip|43:hide_craze:harmful_flip
seed_disagreement,resnet18,brightness_severe,brightness,severe,546_2,546,corrosion,seed_disagreement,3,17:corrosion:stable_correct|29:surface_injure:harmful_flip|43:hide_craze:harmful_flip
severe_harmful_flip,resnet18,brightness_severe,brightness,severe,563_0,563,craze,majority,2,17:craze:stable_correct|29:surface_injure:harmful_flip|43:hide_craze:harmful_flip
seed_disagreement,resnet18,brightness_severe,brightness,severe,563_0,563,craze,seed_disagreement,3,17:craze:stable_correct|29:surface_injure:harmful_flip|43:hide_craze:harmful_flip
severe_stable_correct,resnet18,brightness_severe,brightness,severe,566_0,566,corrosion,consensus,3,17:corrosion:stable_correct|29:corrosion:stable_correct|43:corrosion:stable_correct
severe_stable_correct,resnet18,brightness_severe,brightness,severe,569_0,569,hide_craze,consensus,3,17:hide_craze:stable_correct|29:hide_craze:stable_correct|43:hide_craze:stable_correct
severe_stable_correct,resnet18,brightness_severe,brightness,severe,574_0,574,craze,majority,2,17:craze:stable_correct|29:craze:stable_correct|43:hide_craze:harmful_flip
seed_disagreement,resnet18,brightness_severe,brightness,severe,574_0,574,craze,seed_disagreement,3,17:craze:stable_correct|29:craze:stable_correct|43:hide_craze:harmful_flip
severe_stable_correct,resnet18,brightness_severe,brightness,severe,580_0,580,craze,consensus,3,17:craze:stable_correct|29:craze:stable_correct|43:craze:stable_correct
severe_harmful_flip,resnet18,brightness_severe,brightness,severe,591_0,591,thunderstrike,majority,2,17:craze:harmful_flip|29:surface_injure:harmful_flip|43:surface_injure:stable_wrong
seed_disagreement,resnet18,brightness_severe,brightness,severe,591_0,591,thunderstrike,seed_disagreement,3,17:craze:harmful_flip|29:surface_injure:harmful_flip|43:surface_injure:stable_wrong
severe_stable_correct,resnet18,brightness_severe,brightness,severe,591_1,591,surface_injure,majority,2,17:craze:harmful_flip|29:surface_injure:stable_correct|43:surface_injure:stable_correct
seed_disagreement,resnet18,brightness_severe,brightness,severe,591_1,591,surface_injure,seed_disagreement,3,17:craze:harmful_flip|29:surface_injure:stable_correct|43:surface_injure:stable_correct
severe_stable_correct,resnet18,brightness_severe,brightness,severe,591_2,591,surface_injure,majority,2,17:craze:harmful_flip|29:surface_injure:stable_correct|43:surface_injure:stable_correct
seed_disagreement,resnet18,brightness_severe,brightness,severe,591_2,591,surface_injure,seed_disagreement,3,17:craze:harmful_flip|29:surface_injure:stable_correct|43:surface_injure:stable_correct
severe_stable_correct,resnet18,brightness_severe,brightness,severe,597_0,597,hide_craze,majority,2,17:surface_injure:harmful_flip|29:hide_craze:stable_correct|43:hide_craze:stable_correct
seed_disagreement,resnet18,brightness_severe,brightness,severe,597_0,597,hide_craze,seed_disagreement,3,17:surface_injure:harmful_flip|29:hide_craze:stable_correct|43:hide_craze:stable_correct
severe_stable_correct,resnet18,brightness_severe,brightness,severe,598_0,598,corrosion,consensus,3,17:corrosion:stable_correct|29:corrosion:stable_correct|43:corrosion:stable_correct
severe_harmful_flip,resnet18,brightness_severe,brightness,severe,598_1,598,corrosion,majority,2,17:corrosion:stable_correct|29:surface_injure:harmful_flip|43:surface_injure:harmful_flip
seed_disagreement,resnet18,brightness_severe,brightness,severe,598_1,598,corrosion,seed_disagreement,3,17:corrosion:stable_correct|29:surface_injure:harmful_flip|43:surface_injure:harmful_flip
severe_stable_correct,resnet18,brightness_severe,brightness,severe,600_0,600,hide_craze,majority,2,17:hide_craze:stable_correct|29:hide_craze:beneficial_flip|43:hide_craze:stable_correct
severe_stable_correct,resnet18,brightness_severe,brightness,severe,610_0,610,hide_craze,majority,2,17:corrosion:harmful_flip|29:hide_craze:stable_correct|43:hide_craze:stable_correct
seed_disagreement,resnet18,brightness_severe,brightness,severe,610_0,610,hide_craze,seed_disagreement,3,17:corrosion:harmful_flip|29:hide_craze:stable_correct|43:hide_craze:stable_correct
severe_stable_correct,resnet18,brightness_severe,brightness,severe,623_0,623,hide_craze,consensus,3,17:hide_craze:stable_correct|29:hide_craze:stable_correct|43:hide_craze:stable_correct
seed_disagreement,resnet18,brightness_severe,brightness,severe,623_1,623,surface_injure,seed_disagreement,3,17:craze:changed_wrong|29:hide_craze:stable_wrong|43:hide_craze:harmful_flip
severe_stable_correct,resnet18,brightness_severe,brightness,severe,633_0,633,hide_craze,consensus,3,17:hide_craze:stable_correct|29:hide_craze:stable_correct|43:hide_craze:stable_correct
severe_stable_correct,resnet18,brightness_severe,brightness,severe,642_0,642,hide_craze,consensus,3,17:hide_craze:stable_correct|29:hide_craze:stable_correct|43:hide_craze:stable_correct
severe_stable_correct,resnet18,brightness_severe,brightness,severe,642_1,642,surface_injure,majority,2,17:surface_injure:stable_correct|29:surface_injure:beneficial_flip|43:surface_injure:stable_correct
severe_stable_correct,resnet18,brightness_severe,brightness,severe,643_0,643,hide_craze,majority,2,17:surface_injure:harmful_flip|29:hide_craze:stable_correct|43:hide_craze:stable_correct
seed_disagreement,resnet18,brightness_severe,brightness,severe,643_0,643,hide_craze,seed_disagreement,3,17:surface_injure:harmful_flip|29:hide_craze:stable_correct|43:hide_craze:stable_correct
severe_stable_correct,resnet18,brightness_severe,brightness,severe,650_0,650,corrosion,majority,2,17:corrosion:stable_correct|29:corrosion:stable_correct|43:hide_craze:harmful_flip
seed_disagreement,resnet18,brightness_severe,brightness,severe,650_0,650,corrosion,seed_disagreement,3,17:corrosion:stable_correct|29:corrosion:stable_correct|43:hide_craze:harmful_flip
severe_stable_correct,resnet18,brightness_severe,brightness,severe,655_0,655,hide_craze,majority,2,17:corrosion:changed_wrong|29:hide_craze:stable_correct|43:hide_craze:stable_correct
seed_disagreement,resnet18,brightness_severe,brightness,severe,655_0,655,hide_craze,seed_disagreement,3,17:corrosion:changed_wrong|29:hide_craze:stable_correct|43:hide_craze:stable_correct
seed_disagreement,resnet18,brightness_severe,brightness,severe,658_0,658,corrosion,seed_disagreement,3,17:corrosion:stable_correct|29:corrosion:beneficial_flip|43:hide_craze:harmful_flip
seed_disagreement,resnet18,brightness_severe,brightness,severe,663_0,663,hide_craze,seed_disagreement,3,17:craze:harmful_flip|29:hide_craze:beneficial_flip|43:hide_craze:stable_correct
severe_stable_correct,resnet18,brightness_severe,brightness,severe,671_0,671,hide_craze,consensus,3,17:hide_craze:stable_correct|29:hide_craze:stable_correct|43:hide_craze:stable_correct
seed_disagreement,resnet18,brightness_severe,brightness,severe,671_1,671,surface_injure,seed_disagreement,3,17:hide_craze:stable_wrong|29:surface_injure:beneficial_flip|43:hide_craze:harmful_flip
severe_stable_correct,resnet18,brightness_severe,brightness,severe,677_0,677,hide_craze,consensus,3,17:hide_craze:stable_correct|29:hide_craze:stable_correct|43:hide_craze:stable_correct
severe_stable_correct,resnet18,brightness_severe,brightness,severe,686_0,686,thunderstrike,consensus,3,17:thunderstrike:stable_correct|29:thunderstrike:stable_correct|43:thunderstrike:stable_correct
seed_disagreement,resnet18,brightness_severe,brightness,severe,689_0,689,surface_injure,seed_disagreement,3,17:craze:changed_wrong|29:surface_injure:beneficial_flip|43:hide_craze:harmful_flip
severe_stable_correct,resnet18,brightness_severe,brightness,severe,689_1,689,surface_injure,consensus,3,17:surface_injure:stable_correct|29:surface_injure:stable_correct|43:surface_injure:stable_correct
severe_stable_correct,resnet18,brightness_severe,brightness,severe,689_2,689,surface_injure,consensus,3,17:surface_injure:stable_correct|29:surface_injure:stable_correct|43:surface_injure:stable_correct
severe_harmful_flip,resnet18,brightness_severe,brightness,severe,689_3,689,surface_injure,majority,2,17:craze:harmful_flip|29:surface_injure:stable_correct|43:hide_craze:harmful_flip
seed_disagreement,resnet18,brightness_severe,brightness,severe,689_3,689,surface_injure,seed_disagreement,3,17:craze:harmful_flip|29:surface_injure:stable_correct|43:hide_craze:harmful_flip
severe_stable_correct,resnet18,brightness_severe,brightness,severe,696_0,696,hide_craze,consensus,3,17:hide_craze:stable_correct|29:hide_craze:stable_correct|43:hide_craze:stable_correct
severe_stable_correct,resnet18,brightness_severe,brightness,severe,696_1,696,hide_craze,consensus,3,17:hide_craze:stable_correct|29:hide_craze:stable_correct|43:hide_craze:stable_correct
severe_harmful_flip,resnet18,brightness_severe,brightness,severe,699_0,699,thunderstrike,majority,2,17:craze:harmful_flip|29:craze:harmful_flip|43:thunderstrike:stable_correct
seed_disagreement,resnet18,brightness_severe,brightness,severe,699_0,699,thunderstrike,seed_disagreement,3,17:craze:harmful_flip|29:craze:harmful_flip|43:thunderstrike:stable_correct
severe_stable_correct,resnet18,brightness_severe,brightness,severe,701_0,701,craze,majority,2,17:craze:stable_correct|29:craze:stable_correct|43:hide_craze:harmful_flip
seed_disagreement,resnet18,brightness_severe,brightness,severe,701_0,701,craze,seed_disagreement,3,17:craze:stable_correct|29:craze:stable_correct|43:hide_craze:harmful_flip
severe_stable_correct,resnet18,brightness_severe,brightness,severe,704_0,704,corrosion,majority,2,17:corrosion:stable_correct|29:corrosion:stable_correct|43:hide_craze:harmful_flip
seed_disagreement,resnet18,brightness_severe,brightness,severe,704_0,704,corrosion,seed_disagreement,3,17:corrosion:stable_correct|29:corrosion:stable_correct|43:hide_craze:harmful_flip
severe_stable_correct,resnet18,brightness_severe,brightness,severe,721_0,721,hide_craze,majority,2,17:corrosion:harmful_flip|29:hide_craze:stable_correct|43:hide_craze:stable_correct
seed_disagreement,resnet18,brightness_severe,brightness,severe,721_0,721,hide_craze,seed_disagreement,3,17:corrosion:harmful_flip|29:hide_craze:stable_correct|43:hide_craze:stable_correct
severe_stable_correct,resnet18,brightness_severe,brightness,severe,824_0,824,craze,majority,2,17:craze:stable_correct|29:craze:stable_correct|43:hide_craze:harmful_flip
seed_disagreement,resnet18,brightness_severe,brightness,severe,824_0,824,craze,seed_disagreement,3,17:craze:stable_correct|29:craze:stable_correct|43:hide_craze:harmful_flip
severe_stable_correct,resnet18,brightness_severe,brightness,severe,863_0,863,thunderstrike,majority,2,17:thunderstrike:stable_correct|29:surface_injure:harmful_flip|43:thunderstrike:stable_correct
seed_disagreement,resnet18,brightness_severe,brightness,severe,863_0,863,thunderstrike,seed_disagreement,3,17:thunderstrike:stable_correct|29:surface_injure:harmful_flip|43:thunderstrike:stable_correct
severe_harmful_flip,resnet18,brightness_severe,brightness,severe,864_0,864,surface_injure,consensus,3,17:corrosion:harmful_flip|29:hide_craze:harmful_flip|43:hide_craze:harmful_flip
seed_disagreement,resnet18,brightness_severe,brightness,severe,864_0,864,surface_injure,seed_disagreement,3,17:corrosion:harmful_flip|29:hide_craze:harmful_flip|43:hide_craze:harmful_flip
severe_stable_correct,resnet18,brightness_severe,brightness,severe,875_0,875,hide_craze,consensus,3,17:hide_craze:stable_correct|29:hide_craze:stable_correct|43:hide_craze:stable_correct
severe_stable_correct,resnet18,brightness_severe,brightness,severe,875_1,875,hide_craze,majority,2,17:hide_craze:stable_correct|29:hide_craze:stable_correct|43:hide_craze:beneficial_flip
severe_stable_correct,resnet18,brightness_severe,brightness,severe,1017_0,1017,hide_craze,consensus,3,17:hide_craze:stable_correct|29:hide_craze:stable_correct|43:hide_craze:stable_correct
severe_stable_correct,resnet18,brightness_severe,brightness,severe,1017_1,1017,hide_craze,consensus,3,17:hide_craze:stable_correct|29:hide_craze:stable_correct|43:hide_craze:stable_correct
seed_disagreement,resnet18,jpeg_mild,jpeg,mild,48_0,48,surface_injure,seed_disagreement,3,17:craze:stable_wrong|29:craze:stable_wrong|43:surface_injure:beneficial_flip
seed_disagreement,resnet18,jpeg_mild,jpeg,mild,51_0,51,craze,seed_disagreement,3,17:corrosion:stable_wrong|29:corrosion:stable_wrong|43:craze:stable_correct
seed_disagreement,resnet18,jpeg_mild,jpeg,mild,57_0,57,craze,seed_disagreement,3,17:craze:stable_correct|29:corrosion:harmful_flip|43:craze:stable_correct
seed_disagreement,resnet18,jpeg_mild,jpeg,mild,57_1,57,surface_injure,seed_disagreement,3,17:surface_injure:stable_correct|29:corrosion:stable_wrong|43:surface_injure:stable_correct
seed_disagreement,resnet18,jpeg_mild,jpeg,mild,65_0,65,corrosion,seed_disagreement,3,17:corrosion:stable_correct|29:hide_craze:stable_wrong|43:corrosion:stable_correct
seed_disagreement,resnet18,jpeg_mild,jpeg,mild,73_0,73,craze,seed_disagreement,3,17:surface_injure:harmful_flip|29:craze:stable_correct|43:craze:stable_correct
seed_disagreement,resnet18,jpeg_mild,jpeg,mild,88_0,88,crack,seed_disagreement,3,17:crack:stable_correct|29:hide_craze:stable_wrong|43:hide_craze:stable_wrong
seed_disagreement,resnet18,jpeg_mild,jpeg,mild,112_0,112,thunderstrike,seed_disagreement,3,17:thunderstrike:stable_correct|29:thunderstrike:stable_correct|43:surface_injure:harmful_flip
seed_disagreement,resnet18,jpeg_mild,jpeg,mild,166_0,166,craze,seed_disagreement,3,17:craze:stable_correct|29:crack:harmful_flip|43:craze:stable_correct
seed_disagreement,resnet18,jpeg_mild,jpeg,mild,167_0,167,craze,seed_disagreement,3,17:hide_craze:harmful_flip|29:craze:stable_correct|43:craze:stable_correct
seed_disagreement,resnet18,jpeg_mild,jpeg,mild,167_1,167,craze,seed_disagreement,3,17:hide_craze:stable_wrong|29:craze:stable_correct|43:craze:stable_correct
seed_disagreement,resnet18,jpeg_mild,jpeg,mild,228_0,228,hide_craze,seed_disagreement,3,17:hide_craze:stable_correct|29:crack:stable_wrong|43:crack:stable_wrong
seed_disagreement,resnet18,jpeg_mild,jpeg,mild,228_1,228,hide_craze,seed_disagreement,3,17:hide_craze:beneficial_flip|29:craze:stable_wrong|43:crack:changed_wrong
seed_disagreement,resnet18,jpeg_mild,jpeg,mild,255_0,255,surface_injure,seed_disagreement,3,17:hide_craze:stable_wrong|29:hide_craze:stable_wrong|43:surface_injure:stable_correct
seed_disagreement,resnet18,jpeg_mild,jpeg,mild,257_0,257,surface_injure,seed_disagreement,3,17:surface_injure:stable_correct|29:corrosion:stable_wrong|43:surface_injure:stable_correct
seed_disagreement,resnet18,jpeg_mild,jpeg,mild,323_0,323,corrosion,seed_disagreement,3,17:surface_injure:stable_wrong|29:hide_craze:stable_wrong|43:thunderstrike:changed_wrong
seed_disagreement,resnet18,jpeg_mild,jpeg,mild,363_0,363,surface_injure,seed_disagreement,3,17:surface_injure:stable_correct|29:hide_craze:harmful_flip|43:surface_injure:stable_correct
seed_disagreement,resnet18,jpeg_mild,jpeg,mild,390_0,390,corrosion,seed_disagreement,3,17:surface_injure:stable_wrong|29:corrosion:stable_correct|43:surface_injure:stable_wrong
seed_disagreement,resnet18,jpeg_mild,jpeg,mild,410_0,410,corrosion,seed_disagreement,3,17:corrosion:stable_correct|29:corrosion:stable_correct|43:craze:stable_wrong
seed_disagreement,resnet18,jpeg_mild,jpeg,mild,464_0,464,craze,seed_disagreement,3,17:surface_injure:harmful_flip|29:craze:stable_correct|43:craze:stable_correct
seed_disagreement,resnet18,jpeg_mild,jpeg,mild,464_1,464,hide_craze,seed_disagreement,3,17:surface_injure:stable_wrong|29:hide_craze:stable_correct|43:thunderstrike:stable_wrong
seed_disagreement,resnet18,jpeg_mild,jpeg,mild,476_0,476,surface_injure,seed_disagreement,3,17:surface_injure:stable_correct|29:surface_injure:stable_correct|43:hide_craze:harmful_flip
seed_disagreement,resnet18,jpeg_mild,jpeg,mild,521_0,521,corrosion,seed_disagreement,3,17:corrosion:beneficial_flip|29:hide_craze:stable_wrong|43:surface_injure:stable_wrong
seed_disagreement,resnet18,jpeg_mild,jpeg,mild,591_0,591,thunderstrike,seed_disagreement,3,17:thunderstrike:stable_correct|29:thunderstrike:stable_correct|43:surface_injure:stable_wrong
seed_disagreement,resnet18,jpeg_mild,jpeg,mild,591_2,591,surface_injure,seed_disagreement,3,17:surface_injure:stable_correct|29:hide_craze:harmful_flip|43:surface_injure:stable_correct
seed_disagreement,resnet18,jpeg_mild,jpeg,mild,600_0,600,hide_craze,seed_disagreement,3,17:hide_craze:stable_correct|29:corrosion:stable_wrong|43:hide_craze:stable_correct
seed_disagreement,resnet18,jpeg_mild,jpeg,mild,623_1,623,surface_injure,seed_disagreement,3,17:crack:stable_wrong|29:hide_craze:stable_wrong|43:crack:harmful_flip
seed_disagreement,resnet18,jpeg_mild,jpeg,mild,642_1,642,surface_injure,seed_disagreement,3,17:surface_injure:stable_correct|29:hide_craze:stable_wrong|43:surface_injure:stable_correct
seed_disagreement,resnet18,jpeg_mild,jpeg,mild,655_0,655,hide_craze,seed_disagreement,3,17:crack:stable_wrong|29:hide_craze:stable_correct|43:hide_craze:stable_correct
seed_disagreement,resnet18,jpeg_mild,jpeg,mild,658_0,658,corrosion,seed_disagreement,3,17:hide_craze:harmful_flip|29:hide_craze:stable_wrong|43:corrosion:stable_correct
seed_disagreement,resnet18,jpeg_mild,jpeg,mild,671_1,671,surface_injure,seed_disagreement,3,17:hide_craze:stable_wrong|29:hide_craze:stable_wrong|43:surface_injure:stable_correct
seed_disagreement,resnet18,jpeg_mild,jpeg,mild,689_0,689,surface_injure,seed_disagreement,3,17:crack:stable_wrong|29:hide_craze:changed_wrong|43:surface_injure:stable_correct
seed_disagreement,resnet18,jpeg_mild,jpeg,mild,864_0,864,surface_injure,seed_disagreement,3,17:surface_injure:stable_correct|29:surface_injure:stable_correct|43:hide_craze:harmful_flip
seed_disagreement,resnet18,jpeg_moderate,jpeg,moderate,46_0,46,corrosion,seed_disagreement,3,17:hide_craze:harmful_flip|29:hide_craze:harmful_flip|43:corrosion:stable_correct
seed_disagreement,resnet18,jpeg_moderate,jpeg,moderate,51_0,51,craze,seed_disagreement,3,17:corrosion:stable_wrong|29:corrosion:stable_wrong|43:craze:stable_correct
seed_disagreement,resnet18,jpeg_moderate,jpeg,moderate,57_0,57,craze,seed_disagreement,3,17:craze:stable_correct|29:corrosion:harmful_flip|43:craze:stable_correct
seed_disagreement,resnet18,jpeg_moderate,jpeg,moderate,57_1,57,surface_injure,seed_disagreement,3,17:surface_injure:stable_correct|29:corrosion:stable_wrong|43:surface_injure:stable_correct
seed_disagreement,resnet18,jpeg_moderate,jpeg,moderate,61_2,61,craze,seed_disagreement,3,17:hide_craze:harmful_flip|29:craze:stable_correct|43:craze:stable_correct
seed_disagreement,resnet18,jpeg_moderate,jpeg,moderate,65_0,65,corrosion,seed_disagreement,3,17:corrosion:stable_correct|29:hide_craze:stable_wrong|43:corrosion:stable_correct
seed_disagreement,resnet18,jpeg_moderate,jpeg,moderate,73_0,73,craze,seed_disagreement,3,17:surface_injure:harmful_flip|29:craze:stable_correct|43:craze:stable_correct
seed_disagreement,resnet18,jpeg_moderate,jpeg,moderate,88_0,88,crack,seed_disagreement,3,17:crack:stable_correct|29:hide_craze:stable_wrong|43:hide_craze:stable_wrong
seed_disagreement,resnet18,jpeg_moderate,jpeg,moderate,93_0,93,craze,seed_disagreement,3,17:craze:stable_correct|29:craze:stable_correct|43:crack:harmful_flip
seed_disagreement,resnet18,jpeg_moderate,jpeg,moderate,103_0,103,craze,seed_disagreement,3,17:hide_craze:harmful_flip|29:craze:stable_correct|43:craze:stable_correct
seed_disagreement,resnet18,jpeg_moderate,jpeg,moderate,112_0,112,thunderstrike,seed_disagreement,3,17:thunderstrike:stable_correct|29:thunderstrike:stable_correct|43:surface_injure:harmful_flip
seed_disagreement,resnet18,jpeg_moderate,jpeg,moderate,166_0,166,craze,seed_disagreement,3,17:craze:stable_correct|29:crack:harmful_flip|43:craze:stable_correct
seed_disagreement,resnet18,jpeg_moderate,jpeg,moderate,167_0,167,craze,seed_disagreement,3,17:hide_craze:harmful_flip|29:craze:stable_correct|43:craze:stable_correct
seed_disagreement,resnet18,jpeg_moderate,jpeg,moderate,167_1,167,craze,seed_disagreement,3,17:hide_craze:stable_wrong|29:craze:stable_correct|43:craze:stable_correct
seed_disagreement,resnet18,jpeg_moderate,jpeg,moderate,198_0,198,craze,seed_disagreement,3,17:craze:stable_correct|29:hide_craze:harmful_flip|43:craze:stable_correct
seed_disagreement,resnet18,jpeg_moderate,jpeg,moderate,209_0,209,hide_craze,seed_disagreement,3,17:surface_injure:harmful_flip|29:hide_craze:stable_correct|43:hide_craze:stable_correct
seed_disagreement,resnet18,jpeg_moderate,jpeg,moderate,228_0,228,hide_craze,seed_disagreement,3,17:hide_craze:stable_correct|29:crack:stable_wrong|43:crack:stable_wrong
seed_disagreement,resnet18,jpeg_moderate,jpeg,moderate,228_1,228,hide_craze,seed_disagreement,3,17:hide_craze:beneficial_flip|29:craze:stable_wrong|43:crack:changed_wrong
seed_disagreement,resnet18,jpeg_moderate,jpeg,moderate,255_0,255,surface_injure,seed_disagreement,3,17:surface_injure:beneficial_flip|29:hide_craze:stable_wrong|43:surface_injure:stable_correct
seed_disagreement,resnet18,jpeg_moderate,jpeg,moderate,257_0,257,surface_injure,seed_disagreement,3,17:surface_injure:stable_correct|29:corrosion:stable_wrong|43:surface_injure:stable_correct
seed_disagreement,resnet18,jpeg_moderate,jpeg,moderate,323_0,323,corrosion,seed_disagreement,3,17:surface_injure:stable_wrong|29:hide_craze:stable_wrong|43:thunderstrike:changed_wrong
seed_disagreement,resnet18,jpeg_moderate,jpeg,moderate,326_1,326,craze,seed_disagreement,3,17:surface_injure:harmful_flip|29:craze:stable_correct|43:craze:stable_correct
seed_disagreement,resnet18,jpeg_moderate,jpeg,moderate,457_2,457,hide_craze,seed_disagreement,3,17:hide_craze:stable_correct|29:hide_craze:stable_correct|43:thunderstrike:stable_wrong
seed_disagreement,resnet18,jpeg_moderate,jpeg,moderate,464_1,464,hide_craze,seed_disagreement,3,17:surface_injure:stable_wrong|29:hide_craze:stable_correct|43:surface_injure:changed_wrong
seed_disagreement,resnet18,jpeg_moderate,jpeg,moderate,476_0,476,surface_injure,seed_disagreement,3,17:surface_injure:stable_correct|29:surface_injure:stable_correct|43:hide_craze:harmful_flip
seed_disagreement,resnet18,jpeg_moderate,jpeg,moderate,521_0,521,corrosion,seed_disagreement,3,17:surface_injure:stable_wrong|29:hide_craze:stable_wrong|43:surface_injure:stable_wrong
seed_disagreement,resnet18,jpeg_moderate,jpeg,moderate,591_0,591,thunderstrike,seed_disagreement,3,17:surface_injure:harmful_flip|29:thunderstrike:stable_correct|43:surface_injure:stable_wrong
seed_disagreement,resnet18,jpeg_moderate,jpeg,moderate,591_2,591,surface_injure,seed_disagreement,3,17:surface_injure:stable_correct|29:hide_craze:harmful_flip|43:surface_injure:stable_correct
seed_disagreement,resnet18,jpeg_moderate,jpeg,moderate,623_1,623,surface_injure,seed_disagreement,3,17:crack:stable_wrong|29:hide_craze:stable_wrong|43:crack:harmful_flip
seed_disagreement,resnet18,jpeg_moderate,jpeg,moderate,642_0,642,hide_craze,seed_disagreement,3,17:surface_injure:harmful_flip|29:hide_craze:stable_correct|43:hide_craze:stable_correct
seed_disagreement,resnet18,jpeg_moderate,jpeg,moderate,642_1,642,surface_injure,seed_disagreement,3,17:surface_injure:stable_correct|29:hide_craze:stable_wrong|43:surface_injure:stable_correct
seed_disagreement,resnet18,jpeg_moderate,jpeg,moderate,655_0,655,hide_craze,seed_disagreement,3,17:crack:stable_wrong|29:hide_craze:stable_correct|43:hide_craze:stable_correct
seed_disagreement,resnet18,jpeg_moderate,jpeg,moderate,658_0,658,corrosion,seed_disagreement,3,17:hide_craze:harmful_flip|29:hide_craze:stable_wrong|43:corrosion:stable_correct
seed_disagreement,resnet18,jpeg_moderate,jpeg,moderate,689_0,689,surface_injure,seed_disagreement,3,17:crack:stable_wrong|29:hide_craze:changed_wrong|43:surface_injure:stable_correct
seed_disagreement,resnet18,jpeg_moderate,jpeg,moderate,824_0,824,craze,seed_disagreement,3,17:craze:stable_correct|29:craze:stable_correct|43:crack:harmful_flip
seed_disagreement,resnet18,jpeg_moderate,jpeg,moderate,864_0,864,surface_injure,seed_disagreement,3,17:surface_injure:stable_correct|29:surface_injure:stable_correct|43:hide_craze:harmful_flip
severe_stable_correct,resnet18,jpeg_severe,jpeg,severe,13_0,13,hide_craze,consensus,3,17:hide_craze:stable_correct|29:hide_craze:stable_correct|43:hide_craze:stable_correct
severe_stable_correct,resnet18,jpeg_severe,jpeg,severe,13_1,13,hide_craze,consensus,3,17:hide_craze:stable_correct|29:hide_craze:stable_correct|43:hide_craze:stable_correct
severe_stable_correct,resnet18,jpeg_severe,jpeg,severe,32_0,32,thunderstrike,consensus,3,17:thunderstrike:stable_correct|29:thunderstrike:stable_correct|43:thunderstrike:stable_correct
severe_stable_correct,resnet18,jpeg_severe,jpeg,severe,32_1,32,thunderstrike,consensus,3,17:thunderstrike:stable_correct|29:thunderstrike:stable_correct|43:thunderstrike:stable_correct
severe_harmful_flip,resnet18,jpeg_severe,jpeg,severe,46_0,46,corrosion,majority,2,17:hide_craze:harmful_flip|29:hide_craze:harmful_flip|43:corrosion:stable_correct
seed_disagreement,resnet18,jpeg_severe,jpeg,severe,46_0,46,corrosion,seed_disagreement,3,17:hide_craze:harmful_flip|29:hide_craze:harmful_flip|43:corrosion:stable_correct
severe_stable_correct,resnet18,jpeg_severe,jpeg,severe,46_1,46,corrosion,consensus,3,17:corrosion:stable_correct|29:corrosion:stable_correct|43:corrosion:stable_correct
severe_stable_wrong,resnet18,jpeg_severe,jpeg,severe,48_0,48,surface_injure,majority,2,17:craze:stable_wrong|29:craze:stable_wrong|43:surface_injure:beneficial_flip
seed_disagreement,resnet18,jpeg_severe,jpeg,severe,48_0,48,surface_injure,seed_disagreement,3,17:craze:stable_wrong|29:craze:stable_wrong|43:surface_injure:beneficial_flip
severe_stable_wrong,resnet18,jpeg_severe,jpeg,severe,51_0,51,craze,majority,2,17:corrosion:stable_wrong|29:corrosion:stable_wrong|43:craze:stable_correct
seed_disagreement,resnet18,jpeg_severe,jpeg,severe,51_0,51,craze,seed_disagreement,3,17:corrosion:stable_wrong|29:corrosion:stable_wrong|43:craze:stable_correct
severe_stable_correct,resnet18,jpeg_severe,jpeg,severe,51_1,51,craze,consensus,3,17:craze:stable_correct|29:craze:stable_correct|43:craze:stable_correct
severe_stable_correct,resnet18,jpeg_severe,jpeg,severe,54_0,54,hide_craze,consensus,3,17:hide_craze:stable_correct|29:hide_craze:stable_correct|43:hide_craze:stable_correct
severe_stable_correct,resnet18,jpeg_severe,jpeg,severe,54_1,54,hide_craze,consensus,3,17:hide_craze:stable_correct|29:hide_craze:stable_correct|43:hide_craze:stable_correct
severe_harmful_flip,resnet18,jpeg_severe,jpeg,severe,57_0,57,craze,consensus,3,17:hide_craze:harmful_flip|29:corrosion:harmful_flip|43:hide_craze:harmful_flip
seed_disagreement,resnet18,jpeg_severe,jpeg,severe,57_0,57,craze,seed_disagreement,3,17:hide_craze:harmful_flip|29:corrosion:harmful_flip|43:hide_craze:harmful_flip
seed_disagreement,resnet18,jpeg_severe,jpeg,severe,57_1,57,surface_injure,seed_disagreement,3,17:surface_injure:stable_correct|29:corrosion:stable_wrong|43:corrosion:harmful_flip
severe_stable_correct,resnet18,jpeg_severe,jpeg,severe,61_0,61,craze,consensus,3,17:craze:stable_correct|29:craze:stable_correct|43:craze:stable_correct
severe_harmful_flip,resnet18,jpeg_severe,jpeg,severe,61_1,61,craze,majority,2,17:hide_craze:harmful_flip|29:craze:stable_correct|43:hide_craze:harmful_flip
seed_disagreement,resnet18,jpeg_severe,jpeg,severe,61_1,61,craze,seed_disagreement,3,17:hide_craze:harmful_flip|29:craze:stable_correct|43:hide_craze:harmful_flip
severe_harmful_flip,resnet18,jpeg_severe,jpeg,severe,61_2,61,craze,majority,2,17:thunderstrike:harmful_flip|29:craze:stable_correct|43:hide_craze:harmful_flip
seed_disagreement,resnet18,jpeg_severe,jpeg,severe,61_2,61,craze,seed_disagreement,3,17:thunderstrike:harmful_flip|29:craze:stable_correct|43:hide_craze:harmful_flip
severe_stable_correct,resnet18,jpeg_severe,jpeg,severe,65_0,65,corrosion,majority,2,17:corrosion:stable_correct|29:hide_craze:stable_wrong|43:corrosion:stable_correct
seed_disagreement,resnet18,jpeg_severe,jpeg,severe,65_0,65,corrosion,seed_disagreement,3,17:corrosion:stable_correct|29:hide_craze:stable_wrong|43:corrosion:stable_correct
severe_stable_correct,resnet18,jpeg_severe,jpeg,severe,67_0,67,hide_craze,consensus,3,17:hide_craze:stable_correct|29:hide_craze:stable_correct|43:hide_craze:stable_correct
severe_stable_correct,resnet18,jpeg_severe,jpeg,severe,71_0,71,craze,consensus,3,17:craze:stable_correct|29:craze:stable_correct|43:craze:stable_correct
severe_stable_correct,resnet18,jpeg_severe,jpeg,severe,73_0,73,craze,majority,2,17:surface_injure:harmful_flip|29:craze:stable_correct|43:craze:stable_correct
seed_disagreement,resnet18,jpeg_severe,jpeg,severe,73_0,73,craze,seed_disagreement,3,17:surface_injure:harmful_flip|29:craze:stable_correct|43:craze:stable_correct
severe_stable_correct,resnet18,jpeg_severe,jpeg,severe,81_0,81,craze,consensus,3,17:craze:stable_correct|29:craze:stable_correct|43:craze:stable_correct
severe_stable_correct,resnet18,jpeg_severe,jpeg,severe,81_1,81,craze,consensus,3,17:craze:stable_correct|29:craze:stable_correct|43:craze:stable_correct
severe_stable_correct,resnet18,jpeg_severe,jpeg,severe,81_2,81,craze,consensus,3,17:craze:stable_correct|29:craze:stable_correct|43:craze:stable_correct
severe_stable_wrong,resnet18,jpeg_severe,jpeg,severe,88_0,88,crack,majority,2,17:crack:stable_correct|29:hide_craze:stable_wrong|43:hide_craze:stable_wrong
seed_disagreement,resnet18,jpeg_severe,jpeg,severe,88_0,88,crack,seed_disagreement,3,17:crack:stable_correct|29:hide_craze:stable_wrong|43:hide_craze:stable_wrong
severe_stable_correct,resnet18,jpeg_severe,jpeg,severe,93_0,93,craze,consensus,3,17:craze:stable_correct|29:craze:stable_correct|43:craze:stable_correct
severe_stable_correct,resnet18,jpeg_severe,jpeg,severe,103_0,103,craze,majority,2,17:hide_craze:harmful_flip|29:craze:stable_correct|43:craze:stable_correct
seed_disagreement,resnet18,jpeg_severe,jpeg,severe,103_0,103,craze,seed_disagreement,3,17:hide_craze:harmful_flip|29:craze:stable_correct|43:craze:stable_correct
severe_stable_correct,resnet18,jpeg_severe,jpeg,severe,112_0,112,thunderstrike,majority,2,17:thunderstrike:stable_correct|29:thunderstrike:stable_correct|43:surface_injure:harmful_flip
seed_disagreement,resnet18,jpeg_severe,jpeg,severe,112_0,112,thunderstrike,seed_disagreement,3,17:thunderstrike:stable_correct|29:thunderstrike:stable_correct|43:surface_injure:harmful_flip
severe_stable_correct,resnet18,jpeg_severe,jpeg,severe,112_1,112,surface_injure,consensus,3,17:surface_injure:stable_correct|29:surface_injure:stable_correct|43:surface_injure:stable_correct
severe_stable_wrong,resnet18,jpeg_severe,jpeg,severe,142_0,142,surface_injure,consensus,3,17:corrosion:stable_wrong|29:corrosion:stable_wrong|43:corrosion:stable_wrong
severe_stable_correct,resnet18,jpeg_severe,jpeg,severe,146_0,146,hide_craze,consensus,3,17:hide_craze:stable_correct|29:hide_craze:stable_correct|43:hide_craze:stable_correct
severe_stable_correct,resnet18,jpeg_severe,jpeg,severe,156_0,156,craze,consensus,3,17:craze:stable_correct|29:craze:stable_correct|43:craze:stable_correct
severe_stable_correct,resnet18,jpeg_severe,jpeg,severe,161_0,161,corrosion,consensus,3,17:corrosion:stable_correct|29:corrosion:stable_correct|43:corrosion:stable_correct
severe_stable_correct,resnet18,jpeg_severe,jpeg,severe,163_0,163,hide_craze,consensus,3,17:hide_craze:stable_correct|29:hide_craze:stable_correct|43:hide_craze:stable_correct
severe_stable_correct,resnet18,jpeg_severe,jpeg,severe,166_0,166,craze,majority,2,17:craze:stable_correct|29:crack:harmful_flip|43:craze:stable_correct
seed_disagreement,resnet18,jpeg_severe,jpeg,severe,166_0,166,craze,seed_disagreement,3,17:craze:stable_correct|29:crack:harmful_flip|43:craze:stable_correct
severe_stable_correct,resnet18,jpeg_severe,jpeg,severe,167_0,167,craze,majority,2,17:hide_craze:harmful_flip|29:craze:stable_correct|43:craze:stable_correct
seed_disagreement,resnet18,jpeg_severe,jpeg,severe,167_0,167,craze,seed_disagreement,3,17:hide_craze:harmful_flip|29:craze:stable_correct|43:craze:stable_correct
seed_disagreement,resnet18,jpeg_severe,jpeg,severe,167_1,167,craze,seed_disagreement,3,17:hide_craze:stable_wrong|29:craze:stable_correct|43:hide_craze:harmful_flip
severe_stable_correct,resnet18,jpeg_severe,jpeg,severe,178_0,178,surface_injure,consensus,3,17:surface_injure:stable_correct|29:surface_injure:stable_correct|43:surface_injure:stable_correct
severe_stable_correct,resnet18,jpeg_severe,jpeg,severe,178_1,178,surface_injure,consensus,3,17:surface_injure:stable_correct|29:surface_injure:stable_correct|43:surface_injure:stable_correct
severe_stable_correct,resnet18,jpeg_severe,jpeg,severe,178_2,178,surface_injure,majority,2,17:surface_injure:stable_correct|29:hide_craze:harmful_flip|43:surface_injure:stable_correct
seed_disagreement,resnet18,jpeg_severe,jpeg,severe,178_2,178,surface_injure,seed_disagreement,3,17:surface_injure:stable_correct|29:hide_craze:harmful_flip|43:surface_injure:stable_correct
severe_harmful_flip,resnet18,jpeg_severe,jpeg,severe,198_0,198,craze,consensus,3,17:hide_craze:harmful_flip|29:hide_craze:harmful_flip|43:surface_injure:harmful_flip
seed_disagreement,resnet18,jpeg_severe,jpeg,severe,198_0,198,craze,seed_disagreement,3,17:hide_craze:harmful_flip|29:hide_craze:harmful_flip|43:surface_injure:harmful_flip
severe_stable_correct,resnet18,jpeg_severe,jpeg,severe,198_1,198,hide_craze,consensus,3,17:hide_craze:stable_correct|29:hide_craze:stable_correct|43:hide_craze:stable_correct
severe_stable_correct,resnet18,jpeg_severe,jpeg,severe,209_0,209,hide_craze,majority,2,17:surface_injure:harmful_flip|29:hide_craze:stable_correct|43:hide_craze:stable_correct
seed_disagreement,resnet18,jpeg_severe,jpeg,severe,209_0,209,hide_craze,seed_disagreement,3,17:surface_injure:harmful_flip|29:hide_craze:stable_correct|43:hide_craze:stable_correct
severe_stable_correct,resnet18,jpeg_severe,jpeg,severe,214_0,214,craze,consensus,3,17:craze:stable_correct|29:craze:stable_correct|43:craze:stable_correct
severe_stable_correct,resnet18,jpeg_severe,jpeg,severe,216_0,216,crack,consensus,3,17:crack:stable_correct|29:crack:stable_correct|43:crack:stable_correct
severe_stable_correct,resnet18,jpeg_severe,jpeg,severe,217_0,217,surface_injure,consensus,3,17:surface_injure:stable_correct|29:surface_injure:stable_correct|43:surface_injure:stable_correct
severe_stable_correct,resnet18,jpeg_severe,jpeg,severe,224_0,224,hide_craze,consensus,3,17:hide_craze:stable_correct|29:hide_craze:stable_correct|43:hide_craze:stable_correct
seed_disagreement,resnet18,jpeg_severe,jpeg,severe,228_0,228,hide_craze,seed_disagreement,3,17:hide_craze:stable_correct|29:hide_craze:beneficial_flip|43:crack:stable_wrong
beneficial_flip,resnet18,jpeg_severe,jpeg,severe,228_1,228,hide_craze,majority,2,17:hide_craze:beneficial_flip|29:hide_craze:beneficial_flip|43:crack:changed_wrong
seed_disagreement,resnet18,jpeg_severe,jpeg,severe,228_1,228,hide_craze,seed_disagreement,3,17:hide_craze:beneficial_flip|29:hide_craze:beneficial_flip|43:crack:changed_wrong
severe_stable_correct,resnet18,jpeg_severe,jpeg,severe,234_0,234,surface_injure,majority,2,17:surface_injure:stable_correct|29:surface_injure:beneficial_flip|43:surface_injure:stable_correct
severe_stable_correct,resnet18,jpeg_severe,jpeg,severe,234_1,234,hide_craze,consensus,3,17:hide_craze:stable_correct|29:hide_craze:stable_correct|43:hide_craze:stable_correct
severe_stable_correct,resnet18,jpeg_severe,jpeg,severe,234_2,234,hide_craze,consensus,3,17:hide_craze:stable_correct|29:hide_craze:stable_correct|43:hide_craze:stable_correct
severe_stable_correct,resnet18,jpeg_severe,jpeg,severe,234_3,234,hide_craze,consensus,3,17:hide_craze:stable_correct|29:hide_craze:stable_correct|43:hide_craze:stable_correct
severe_stable_correct,resnet18,jpeg_severe,jpeg,severe,234_4,234,hide_craze,consensus,3,17:hide_craze:stable_correct|29:hide_craze:stable_correct|43:hide_craze:stable_correct
severe_harmful_flip,resnet18,jpeg_severe,jpeg,severe,238_0,238,crack,consensus,3,17:surface_injure:harmful_flip|29:surface_injure:harmful_flip|43:surface_injure:harmful_flip
severe_stable_correct,resnet18,jpeg_severe,jpeg,severe,238_1,238,crack,majority,2,17:surface_injure:harmful_flip|29:crack:stable_correct|43:crack:stable_correct
seed_disagreement,resnet18,jpeg_severe,jpeg,severe,238_1,238,crack,seed_disagreement,3,17:surface_injure:harmful_flip|29:crack:stable_correct|43:crack:stable_correct
severe_stable_correct,resnet18,jpeg_severe,jpeg,severe,250_0,250,crack,consensus,3,17:crack:stable_correct|29:crack:stable_correct|43:crack:stable_correct
severe_stable_correct,resnet18,jpeg_severe,jpeg,severe,252_0,252,crack,consensus,3,17:crack:stable_correct|29:crack:stable_correct|43:crack:stable_correct
severe_stable_wrong,resnet18,jpeg_severe,jpeg,severe,255_0,255,surface_injure,majority,2,17:hide_craze:stable_wrong|29:hide_craze:stable_wrong|43:surface_injure:stable_correct
seed_disagreement,resnet18,jpeg_severe,jpeg,severe,255_0,255,surface_injure,seed_disagreement,3,17:hide_craze:stable_wrong|29:hide_craze:stable_wrong|43:surface_injure:stable_correct
severe_stable_correct,resnet18,jpeg_severe,jpeg,severe,255_1,255,surface_injure,consensus,3,17:surface_injure:stable_correct|29:surface_injure:stable_correct|43:surface_injure:stable_correct
seed_disagreement,resnet18,jpeg_severe,jpeg,severe,257_0,257,surface_injure,seed_disagreement,3,17:surface_injure:stable_correct|29:corrosion:stable_wrong|43:corrosion:harmful_flip
severe_stable_correct,resnet18,jpeg_severe,jpeg,severe,257_1,257,surface_injure,consensus,3,17:surface_injure:stable_correct|29:surface_injure:stable_correct|43:surface_injure:stable_correct
severe_stable_correct,resnet18,jpeg_severe,jpeg,severe,269_0,269,crack,consensus,3,17:crack:stable_correct|29:crack:stable_correct|43:crack:stable_correct
severe_stable_correct,resnet18,jpeg_severe,jpeg,severe,273_0,273,thunderstrike,consensus,3,17:thunderstrike:stable_correct|29:thunderstrike:stable_correct|43:thunderstrike:stable_correct
severe_stable_correct,resnet18,jpeg_severe,jpeg,severe,273_1,273,surface_injure,consensus,3,17:surface_injure:stable_correct|29:surface_injure:stable_correct|43:surface_injure:stable_correct
severe_stable_correct,resnet18,jpeg_severe,jpeg,severe,276_0,276,hide_craze,consensus,3,17:hide_craze:stable_correct|29:hide_craze:stable_correct|43:hide_craze:stable_correct
severe_stable_correct,resnet18,jpeg_severe,jpeg,severe,276_1,276,hide_craze,consensus,3,17:hide_craze:stable_correct|29:hide_craze:stable_correct|43:hide_craze:stable_correct
severe_stable_correct,resnet18,jpeg_severe,jpeg,severe,284_0,284,hide_craze,consensus,3,17:hide_craze:stable_correct|29:hide_craze:stable_correct|43:hide_craze:stable_correct
severe_stable_correct,resnet18,jpeg_severe,jpeg,severe,285_0,285,surface_injure,consensus,3,17:surface_injure:stable_correct|29:surface_injure:stable_correct|43:surface_injure:stable_correct
severe_stable_correct,resnet18,jpeg_severe,jpeg,severe,285_1,285,surface_injure,consensus,3,17:surface_injure:stable_correct|29:surface_injure:stable_correct|43:surface_injure:stable_correct
severe_stable_correct,resnet18,jpeg_severe,jpeg,severe,318_0,318,crack,consensus,3,17:crack:stable_correct|29:crack:stable_correct|43:crack:stable_correct
severe_stable_correct,resnet18,jpeg_severe,jpeg,severe,322_0,322,corrosion,consensus,3,17:corrosion:stable_correct|29:corrosion:stable_correct|43:corrosion:stable_correct
severe_stable_wrong,resnet18,jpeg_severe,jpeg,severe,323_0,323,corrosion,consensus,3,17:surface_injure:stable_wrong|29:hide_craze:stable_wrong|43:surface_injure:stable_wrong
seed_disagreement,resnet18,jpeg_severe,jpeg,severe,323_0,323,corrosion,seed_disagreement,3,17:surface_injure:stable_wrong|29:hide_craze:stable_wrong|43:surface_injure:stable_wrong
severe_stable_correct,resnet18,jpeg_severe,jpeg,severe,326_0,326,surface_injure,consensus,3,17:surface_injure:stable_correct|29:surface_injure:stable_correct|43:surface_injure:stable_correct
severe_harmful_flip,resnet18,jpeg_severe,jpeg,severe,326_1,326,craze,majority,2,17:surface_injure:harmful_flip|29:craze:stable_correct|43:surface_injure:harmful_flip
seed_disagreement,resnet18,jpeg_severe,jpeg,severe,326_1,326,craze,seed_disagreement,3,17:surface_injure:harmful_flip|29:craze:stable_correct|43:surface_injure:harmful_flip
severe_stable_correct,resnet18,jpeg_severe,jpeg,severe,332_0,332,surface_injure,consensus,3,17:surface_injure:stable_correct|29:surface_injure:stable_correct|43:surface_injure:stable_correct
severe_stable_correct,resnet18,jpeg_severe,jpeg,severe,363_0,363,surface_injure,majority,2,17:surface_injure:stable_correct|29:hide_craze:harmful_flip|43:surface_injure:stable_correct
seed_disagreement,resnet18,jpeg_severe,jpeg,severe,363_0,363,surface_injure,seed_disagreement,3,17:surface_injure:stable_correct|29:hide_craze:harmful_flip|43:surface_injure:stable_correct
severe_stable_correct,resnet18,jpeg_severe,jpeg,severe,370_0,370,corrosion,consensus,3,17:corrosion:stable_correct|29:corrosion:stable_correct|43:corrosion:stable_correct
severe_stable_correct,resnet18,jpeg_severe,jpeg,severe,370_1,370,corrosion,consensus,3,17:corrosion:stable_correct|29:corrosion:stable_correct|43:corrosion:stable_correct
severe_stable_correct,resnet18,jpeg_severe,jpeg,severe,370_2,370,corrosion,consensus,3,17:corrosion:stable_correct|29:corrosion:stable_correct|43:corrosion:stable_correct
severe_stable_correct,resnet18,jpeg_severe,jpeg,severe,373_0,373,corrosion,consensus,3,17:corrosion:stable_correct|29:corrosion:stable_correct|43:corrosion:stable_correct
severe_stable_correct,resnet18,jpeg_severe,jpeg,severe,379_0,379,hide_craze,consensus,3,17:hide_craze:stable_correct|29:hide_craze:stable_correct|43:hide_craze:stable_correct
severe_stable_correct,resnet18,jpeg_severe,jpeg,severe,379_1,379,hide_craze,consensus,3,17:hide_craze:stable_correct|29:hide_craze:stable_correct|43:hide_craze:stable_correct
severe_stable_correct,resnet18,jpeg_severe,jpeg,severe,388_0,388,hide_craze,consensus,3,17:hide_craze:stable_correct|29:hide_craze:stable_correct|43:hide_craze:stable_correct
severe_stable_correct,resnet18,jpeg_severe,jpeg,severe,389_0,389,crack,consensus,3,17:crack:stable_correct|29:crack:stable_correct|43:crack:stable_correct
seed_disagreement,resnet18,jpeg_severe,jpeg,severe,390_0,390,corrosion,seed_disagreement,3,17:surface_injure:stable_wrong|29:corrosion:stable_correct|43:corrosion:beneficial_flip
severe_stable_correct,resnet18,jpeg_severe,jpeg,severe,394_0,394,crack,consensus,3,17:crack:stable_correct|29:crack:stable_correct|43:crack:stable_correct
severe_stable_correct,resnet18,jpeg_severe,jpeg,severe,405_0,405,corrosion,consensus,3,17:corrosion:stable_correct|29:corrosion:stable_correct|43:corrosion:stable_correct
severe_stable_correct,resnet18,jpeg_severe,jpeg,severe,407_0,407,surface_injure,consensus,3,17:surface_injure:stable_correct|29:surface_injure:stable_correct|43:surface_injure:stable_correct
severe_stable_correct,resnet18,jpeg_severe,jpeg,severe,408_0,408,corrosion,majority,2,17:hide_craze:harmful_flip|29:corrosion:stable_correct|43:corrosion:stable_correct
seed_disagreement,resnet18,jpeg_severe,jpeg,severe,408_0,408,corrosion,seed_disagreement,3,17:hide_craze:harmful_flip|29:corrosion:stable_correct|43:corrosion:stable_correct
severe_stable_correct,resnet18,jpeg_severe,jpeg,severe,408_1,408,corrosion,consensus,3,17:corrosion:stable_correct|29:corrosion:stable_correct|43:corrosion:stable_correct
severe_stable_correct,resnet18,jpeg_severe,jpeg,severe,410_0,410,corrosion,majority,2,17:corrosion:stable_correct|29:corrosion:stable_correct|43:corrosion:beneficial_flip
seed_disagreement,resnet18,jpeg_severe,jpeg,severe,410_1,410,corrosion,seed_disagreement,3,17:hide_craze:harmful_flip|29:corrosion:stable_correct|43:hide_craze:changed_wrong
severe_stable_correct,resnet18,jpeg_severe,jpeg,severe,432_0,432,surface_injure,consensus,3,17:surface_injure:stable_correct|29:surface_injure:stable_correct|43:surface_injure:stable_correct
severe_stable_correct,resnet18,jpeg_severe,jpeg,severe,438_0,438,hide_craze,consensus,3,17:hide_craze:stable_correct|29:hide_craze:stable_correct|43:hide_craze:stable_correct
severe_stable_correct,resnet18,jpeg_severe,jpeg,severe,440_0,440,crack,majority,2,17:crack:stable_correct|29:crack:stable_correct|43:hide_craze:harmful_flip
seed_disagreement,resnet18,jpeg_severe,jpeg,severe,440_0,440,crack,seed_disagreement,3,17:crack:stable_correct|29:crack:stable_correct|43:hide_craze:harmful_flip
severe_stable_correct,resnet18,jpeg_severe,jpeg,severe,447_0,447,crack,consensus,3,17:crack:stable_correct|29:crack:stable_correct|43:crack:stable_correct
severe_stable_correct,resnet18,jpeg_severe,jpeg,severe,447_1,447,crack,consensus,3,17:crack:stable_correct|29:crack:stable_correct|43:crack:stable_correct
severe_stable_correct,resnet18,jpeg_severe,jpeg,severe,451_0,451,corrosion,consensus,3,17:corrosion:stable_correct|29:corrosion:stable_correct|43:corrosion:stable_correct
severe_stable_correct,resnet18,jpeg_severe,jpeg,severe,457_0,457,hide_craze,consensus,3,17:hide_craze:stable_correct|29:hide_craze:stable_correct|43:hide_craze:stable_correct
severe_stable_correct,resnet18,jpeg_severe,jpeg,severe,457_1,457,hide_craze,majority,2,17:hide_craze:stable_correct|29:hide_craze:stable_correct|43:surface_injure:harmful_flip
seed_disagreement,resnet18,jpeg_severe,jpeg,severe,457_1,457,hide_craze,seed_disagreement,3,17:hide_craze:stable_correct|29:hide_craze:stable_correct|43:surface_injure:harmful_flip
severe_stable_correct,resnet18,jpeg_severe,jpeg,severe,457_2,457,hide_craze,majority,2,17:hide_craze:stable_correct|29:hide_craze:stable_correct|43:hide_craze:beneficial_flip
severe_harmful_flip,resnet18,jpeg_severe,jpeg,severe,464_0,464,craze,consensus,3,17:surface_injure:harmful_flip|29:hide_craze:harmful_flip|43:surface_injure:harmful_flip
seed_disagreement,resnet18,jpeg_severe,jpeg,severe,464_0,464,craze,seed_disagreement,3,17:surface_injure:harmful_flip|29:hide_craze:harmful_flip|43:surface_injure:harmful_flip
seed_disagreement,resnet18,jpeg_severe,jpeg,severe,464_1,464,hide_craze,seed_disagreement,3,17:surface_injure:stable_wrong|29:hide_craze:stable_correct|43:surface_injure:changed_wrong
severe_stable_correct,resnet18,jpeg_severe,jpeg,severe,469_0,469,craze,consensus,3,17:craze:stable_correct|29:craze:stable_correct|43:craze:stable_correct
severe_stable_correct,resnet18,jpeg_severe,jpeg,severe,473_0,473,crack,consensus,3,17:crack:stable_correct|29:crack:stable_correct|43:crack:stable_correct
severe_stable_correct,resnet18,jpeg_severe,jpeg,severe,476_0,476,surface_injure,majority,2,17:surface_injure:stable_correct|29:surface_injure:stable_correct|43:hide_craze:harmful_flip
seed_disagreement,resnet18,jpeg_severe,jpeg,severe,476_0,476,surface_injure,seed_disagreement,3,17:surface_injure:stable_correct|29:surface_injure:stable_correct|43:hide_craze:harmful_flip
severe_stable_correct,resnet18,jpeg_severe,jpeg,severe,479_0,479,surface_injure,consensus,3,17:surface_injure:stable_correct|29:surface_injure:stable_correct|43:surface_injure:stable_correct
severe_stable_correct,resnet18,jpeg_severe,jpeg,severe,479_1,479,thunderstrike,consensus,3,17:thunderstrike:stable_correct|29:thunderstrike:stable_correct|43:thunderstrike:stable_correct
severe_stable_correct,resnet18,jpeg_severe,jpeg,severe,501_0,501,corrosion,consensus,3,17:corrosion:stable_correct|29:corrosion:stable_correct|43:corrosion:stable_correct
severe_stable_correct,resnet18,jpeg_severe,jpeg,severe,505_0,505,corrosion,consensus,3,17:corrosion:stable_correct|29:corrosion:stable_correct|43:corrosion:stable_correct
severe_stable_correct,resnet18,jpeg_severe,jpeg,severe,511_0,511,hide_craze,consensus,3,17:hide_craze:stable_correct|29:hide_craze:stable_correct|43:hide_craze:stable_correct
severe_stable_correct,resnet18,jpeg_severe,jpeg,severe,511_1,511,hide_craze,consensus,3,17:hide_craze:stable_correct|29:hide_craze:stable_correct|43:hide_craze:stable_correct
beneficial_flip,resnet18,jpeg_severe,jpeg,severe,521_0,521,corrosion,majority,2,17:corrosion:beneficial_flip|29:corrosion:beneficial_flip|43:hide_craze:changed_wrong
seed_disagreement,resnet18,jpeg_severe,jpeg,severe,521_0,521,corrosion,seed_disagreement,3,17:corrosion:beneficial_flip|29:corrosion:beneficial_flip|43:hide_craze:changed_wrong
severe_stable_wrong,resnet18,jpeg_severe,jpeg,severe,521_1,521,corrosion,majority,2,17:corrosion:beneficial_flip|29:hide_craze:stable_wrong|43:hide_craze:stable_wrong
seed_disagreement,resnet18,jpeg_severe,jpeg,severe,521_1,521,corrosion,seed_disagreement,3,17:corrosion:beneficial_flip|29:hide_craze:stable_wrong|43:hide_craze:stable_wrong
severe_stable_correct,resnet18,jpeg_severe,jpeg,severe,541_0,541,hide_craze,consensus,3,17:hide_craze:stable_correct|29:hide_craze:stable_correct|43:hide_craze:stable_correct
severe_stable_wrong,resnet18,jpeg_severe,jpeg,severe,546_0,546,corrosion,consensus,3,17:surface_injure:stable_wrong|29:surface_injure:stable_wrong|43:surface_injure:stable_wrong
severe_harmful_flip,resnet18,jpeg_severe,jpeg,severe,546_1,546,corrosion,consensus,3,17:hide_craze:harmful_flip|29:hide_craze:harmful_flip|43:hide_craze:harmful_flip
severe_stable_correct,resnet18,jpeg_severe,jpeg,severe,546_2,546,corrosion,consensus,3,17:corrosion:stable_correct|29:corrosion:stable_correct|43:corrosion:stable_correct
severe_harmful_flip,resnet18,jpeg_severe,jpeg,severe,563_0,563,craze,majority,2,17:surface_injure:harmful_flip|29:hide_craze:harmful_flip|43:craze:stable_correct
seed_disagreement,resnet18,jpeg_severe,jpeg,severe,563_0,563,craze,seed_disagreement,3,17:surface_injure:harmful_flip|29:hide_craze:harmful_flip|43:craze:stable_correct
severe_stable_correct,resnet18,jpeg_severe,jpeg,severe,566_0,566,corrosion,consensus,3,17:corrosion:stable_correct|29:corrosion:stable_correct|43:corrosion:stable_correct
severe_stable_correct,resnet18,jpeg_severe,jpeg,severe,569_0,569,hide_craze,consensus,3,17:hide_craze:stable_correct|29:hide_craze:stable_correct|43:hide_craze:stable_correct
severe_stable_correct,resnet18,jpeg_severe,jpeg,severe,574_0,574,craze,consensus,3,17:craze:stable_correct|29:craze:stable_correct|43:craze:stable_correct
severe_stable_correct,resnet18,jpeg_severe,jpeg,severe,580_0,580,craze,consensus,3,17:craze:stable_correct|29:craze:stable_correct|43:craze:stable_correct
severe_harmful_flip,resnet18,jpeg_severe,jpeg,severe,591_0,591,thunderstrike,majority,2,17:surface_injure:harmful_flip|29:surface_injure:harmful_flip|43:surface_injure:stable_wrong
severe_stable_correct,resnet18,jpeg_severe,jpeg,severe,591_1,591,surface_injure,consensus,3,17:surface_injure:stable_correct|29:surface_injure:stable_correct|43:surface_injure:stable_correct
severe_stable_correct,resnet18,jpeg_severe,jpeg,severe,591_2,591,surface_injure,majority,2,17:surface_injure:stable_correct|29:hide_craze:harmful_flip|43:surface_injure:stable_correct
seed_disagreement,resnet18,jpeg_severe,jpeg,severe,591_2,591,surface_injure,seed_disagreement,3,17:surface_injure:stable_correct|29:hide_craze:harmful_flip|43:surface_injure:stable_correct
severe_stable_correct,resnet18,jpeg_severe,jpeg,severe,597_0,597,hide_craze,majority,2,17:surface_injure:harmful_flip|29:hide_craze:stable_correct|43:hide_craze:stable_correct
seed_disagreement,resnet18,jpeg_severe,jpeg,severe,597_0,597,hide_craze,seed_disagreement,3,17:surface_injure:harmful_flip|29:hide_craze:stable_correct|43:hide_craze:stable_correct
severe_stable_correct,resnet18,jpeg_severe,jpeg,severe,598_0,598,corrosion,consensus,3,17:corrosion:stable_correct|29:corrosion:stable_correct|43:corrosion:stable_correct
severe_stable_correct,resnet18,jpeg_severe,jpeg,severe,598_1,598,corrosion,consensus,3,17:corrosion:stable_correct|29:corrosion:stable_correct|43:corrosion:stable_correct
severe_stable_correct,resnet18,jpeg_severe,jpeg,severe,600_0,600,hide_craze,majority,2,17:hide_craze:stable_correct|29:hide_craze:beneficial_flip|43:hide_craze:stable_correct
severe_stable_correct,resnet18,jpeg_severe,jpeg,severe,610_0,610,hide_craze,consensus,3,17:hide_craze:stable_correct|29:hide_craze:stable_correct|43:hide_craze:stable_correct
severe_stable_correct,resnet18,jpeg_severe,jpeg,severe,623_0,623,hide_craze,consensus,3,17:hide_craze:stable_correct|29:hide_craze:stable_correct|43:hide_craze:stable_correct
seed_disagreement,resnet18,jpeg_severe,jpeg,severe,623_1,623,surface_injure,seed_disagreement,3,17:hide_craze:changed_wrong|29:hide_craze:stable_wrong|43:crack:harmful_flip
severe_stable_correct,resnet18,jpeg_severe,jpeg,severe,633_0,633,hide_craze,consensus,3,17:hide_craze:stable_correct|29:hide_craze:stable_correct|43:hide_craze:stable_correct
severe_stable_correct,resnet18,jpeg_severe,jpeg,severe,642_0,642,hide_craze,majority,2,17:surface_injure:harmful_flip|29:hide_craze:stable_correct|43:hide_craze:stable_correct
seed_disagreement,resnet18,jpeg_severe,jpeg,severe,642_0,642,hide_craze,seed_disagreement,3,17:surface_injure:harmful_flip|29:hide_craze:stable_correct|43:hide_craze:stable_correct
severe_stable_correct,resnet18,jpeg_severe,jpeg,severe,642_1,642,surface_injure,majority,2,17:surface_injure:stable_correct|29:hide_craze:stable_wrong|43:surface_injure:stable_correct
seed_disagreement,resnet18,jpeg_severe,jpeg,severe,642_1,642,surface_injure,seed_disagreement,3,17:surface_injure:stable_correct|29:hide_craze:stable_wrong|43:surface_injure:stable_correct
severe_stable_correct,resnet18,jpeg_severe,jpeg,severe,643_0,643,hide_craze,majority,2,17:hide_craze:stable_correct|29:hide_craze:stable_correct|43:surface_injure:harmful_flip
seed_disagreement,resnet18,jpeg_severe,jpeg,severe,643_0,643,hide_craze,seed_disagreement,3,17:hide_craze:stable_correct|29:hide_craze:stable_correct|43:surface_injure:harmful_flip
severe_stable_correct,resnet18,jpeg_severe,jpeg,severe,650_0,650,corrosion,consensus,3,17:corrosion:stable_correct|29:corrosion:stable_correct|43:corrosion:stable_correct
severe_stable_correct,resnet18,jpeg_severe,jpeg,severe,655_0,655,hide_craze,majority,2,17:thunderstrike:changed_wrong|29:hide_craze:stable_correct|43:hide_craze:stable_correct
seed_disagreement,resnet18,jpeg_severe,jpeg,severe,655_0,655,hide_craze,seed_disagreement,3,17:thunderstrike:changed_wrong|29:hide_craze:stable_correct|43:hide_craze:stable_correct
seed_disagreement,resnet18,jpeg_severe,jpeg,severe,658_0,658,corrosion,seed_disagreement,3,17:hide_craze:harmful_flip|29:hide_craze:stable_wrong|43:corrosion:stable_correct
severe_stable_correct,resnet18,jpeg_severe,jpeg,severe,663_0,663,hide_craze,majority,2,17:hide_craze:stable_correct|29:hide_craze:beneficial_flip|43:hide_craze:stable_correct
severe_stable_correct,resnet18,jpeg_severe,jpeg,severe,671_0,671,hide_craze,consensus,3,17:hide_craze:stable_correct|29:hide_craze:stable_correct|43:hide_craze:stable_correct
severe_stable_wrong,resnet18,jpeg_severe,jpeg,severe,671_1,671,surface_injure,majority,2,17:hide_craze:stable_wrong|29:hide_craze:stable_wrong|43:hide_craze:harmful_flip
severe_stable_correct,resnet18,jpeg_severe,jpeg,severe,677_0,677,hide_craze,consensus,3,17:hide_craze:stable_correct|29:hide_craze:stable_correct|43:hide_craze:stable_correct
severe_stable_correct,resnet18,jpeg_severe,jpeg,severe,686_0,686,thunderstrike,consensus,3,17:thunderstrike:stable_correct|29:thunderstrike:stable_correct|43:thunderstrike:stable_correct
seed_disagreement,resnet18,jpeg_severe,jpeg,severe,689_0,689,surface_injure,seed_disagreement,3,17:corrosion:changed_wrong|29:hide_craze:changed_wrong|43:surface_injure:stable_correct
severe_stable_correct,resnet18,jpeg_severe,jpeg,severe,689_1,689,surface_injure,consensus,3,17:surface_injure:stable_correct|29:surface_injure:stable_correct|43:surface_injure:stable_correct
severe_stable_correct,resnet18,jpeg_severe,jpeg,severe,689_2,689,surface_injure,consensus,3,17:surface_injure:stable_correct|29:surface_injure:stable_correct|43:surface_injure:stable_correct
severe_stable_correct,resnet18,jpeg_severe,jpeg,severe,689_3,689,surface_injure,consensus,3,17:surface_injure:stable_correct|29:surface_injure:stable_correct|43:surface_injure:stable_correct
severe_stable_correct,resnet18,jpeg_severe,jpeg,severe,696_0,696,hide_craze,consensus,3,17:hide_craze:stable_correct|29:hide_craze:stable_correct|43:hide_craze:stable_correct
severe_stable_correct,resnet18,jpeg_severe,jpeg,severe,696_1,696,hide_craze,consensus,3,17:hide_craze:stable_correct|29:hide_craze:stable_correct|43:hide_craze:stable_correct
severe_stable_correct,resnet18,jpeg_severe,jpeg,severe,699_0,699,thunderstrike,consensus,3,17:thunderstrike:stable_correct|29:thunderstrike:stable_correct|43:thunderstrike:stable_correct
severe_stable_correct,resnet18,jpeg_severe,jpeg,severe,701_0,701,craze,consensus,3,17:craze:stable_correct|29:craze:stable_correct|43:craze:stable_correct
severe_stable_correct,resnet18,jpeg_severe,jpeg,severe,704_0,704,corrosion,consensus,3,17:corrosion:stable_correct|29:corrosion:stable_correct|43:corrosion:stable_correct
severe_stable_correct,resnet18,jpeg_severe,jpeg,severe,721_0,721,hide_craze,consensus,3,17:hide_craze:stable_correct|29:hide_craze:stable_correct|43:hide_craze:stable_correct
severe_stable_correct,resnet18,jpeg_severe,jpeg,severe,824_0,824,craze,consensus,3,17:craze:stable_correct|29:craze:stable_correct|43:craze:stable_correct
severe_stable_correct,resnet18,jpeg_severe,jpeg,severe,863_0,863,thunderstrike,consensus,3,17:thunderstrike:stable_correct|29:thunderstrike:stable_correct|43:thunderstrike:stable_correct
severe_stable_correct,resnet18,jpeg_severe,jpeg,severe,864_0,864,surface_injure,majority,2,17:surface_injure:stable_correct|29:surface_injure:stable_correct|43:hide_craze:harmful_flip
seed_disagreement,resnet18,jpeg_severe,jpeg,severe,864_0,864,surface_injure,seed_disagreement,3,17:surface_injure:stable_correct|29:surface_injure:stable_correct|43:hide_craze:harmful_flip
severe_stable_correct,resnet18,jpeg_severe,jpeg,severe,875_0,875,hide_craze,consensus,3,17:hide_craze:stable_correct|29:hide_craze:stable_correct|43:hide_craze:stable_correct
severe_stable_correct,resnet18,jpeg_severe,jpeg,severe,875_1,875,hide_craze,majority,2,17:hide_craze:stable_correct|29:hide_craze:stable_correct|43:hide_craze:beneficial_flip
severe_stable_correct,resnet18,jpeg_severe,jpeg,severe,1017_0,1017,hide_craze,consensus,3,17:hide_craze:stable_correct|29:hide_craze:stable_correct|43:hide_craze:stable_correct
severe_stable_correct,resnet18,jpeg_severe,jpeg,severe,1017_1,1017,hide_craze,consensus,3,17:hide_craze:stable_correct|29:hide_craze:stable_correct|43:hide_craze:stable_correct
seed_disagreement,mobilenet_v3_small,clean,clean,clean,48_0,48,surface_injure,seed_disagreement,3,17:surface_injure:clean_only|29:surface_injure:clean_only|43:craze:clean_only
clean_consensus_error,mobilenet_v3_small,clean,clean,clean,51_0,51,craze,consensus,3,17:surface_injure:clean_only|29:corrosion:clean_only|43:corrosion:clean_only
seed_disagreement,mobilenet_v3_small,clean,clean,clean,51_0,51,craze,seed_disagreement,3,17:surface_injure:clean_only|29:corrosion:clean_only|43:corrosion:clean_only
clean_consensus_error,mobilenet_v3_small,clean,clean,clean,57_0,57,craze,consensus,3,17:corrosion:clean_only|29:corrosion:clean_only|43:corrosion:clean_only
seed_disagreement,mobilenet_v3_small,clean,clean,clean,57_1,57,surface_injure,seed_disagreement,3,17:corrosion:clean_only|29:surface_injure:clean_only|43:surface_injure:clean_only
clean_consensus_error,mobilenet_v3_small,clean,clean,clean,142_0,142,surface_injure,consensus,3,17:hide_craze:clean_only|29:corrosion:clean_only|43:corrosion:clean_only
seed_disagreement,mobilenet_v3_small,clean,clean,clean,142_0,142,surface_injure,seed_disagreement,3,17:hide_craze:clean_only|29:corrosion:clean_only|43:corrosion:clean_only
seed_disagreement,mobilenet_v3_small,clean,clean,clean,228_0,228,hide_craze,seed_disagreement,3,17:craze:clean_only|29:craze:clean_only|43:hide_craze:clean_only
clean_consensus_error,mobilenet_v3_small,clean,clean,clean,255_0,255,surface_injure,consensus,3,17:corrosion:clean_only|29:corrosion:clean_only|43:corrosion:clean_only
seed_disagreement,mobilenet_v3_small,clean,clean,clean,276_0,276,hide_craze,seed_disagreement,3,17:hide_craze:clean_only|29:corrosion:clean_only|43:hide_craze:clean_only
seed_disagreement,mobilenet_v3_small,clean,clean,clean,276_1,276,hide_craze,seed_disagreement,3,17:hide_craze:clean_only|29:corrosion:clean_only|43:hide_craze:clean_only
clean_consensus_error,mobilenet_v3_small,clean,clean,clean,323_0,323,corrosion,consensus,3,17:surface_injure:clean_only|29:hide_craze:clean_only|43:surface_injure:clean_only
seed_disagreement,mobilenet_v3_small,clean,clean,clean,323_0,323,corrosion,seed_disagreement,3,17:surface_injure:clean_only|29:hide_craze:clean_only|43:surface_injure:clean_only
seed_disagreement,mobilenet_v3_small,clean,clean,clean,326_1,326,craze,seed_disagreement,3,17:craze:clean_only|29:craze:clean_only|43:surface_injure:clean_only
seed_disagreement,mobilenet_v3_small,clean,clean,clean,379_1,379,hide_craze,seed_disagreement,3,17:hide_craze:clean_only|29:hide_craze:clean_only|43:craze:clean_only
seed_disagreement,mobilenet_v3_small,clean,clean,clean,410_0,410,corrosion,seed_disagreement,3,17:corrosion:clean_only|29:corrosion:clean_only|43:craze:clean_only
seed_disagreement,mobilenet_v3_small,clean,clean,clean,410_1,410,corrosion,seed_disagreement,3,17:corrosion:clean_only|29:corrosion:clean_only|43:craze:clean_only
clean_consensus_error,mobilenet_v3_small,clean,clean,clean,464_1,464,hide_craze,consensus,3,17:surface_injure:clean_only|29:surface_injure:clean_only|43:surface_injure:clean_only
seed_disagreement,mobilenet_v3_small,clean,clean,clean,479_0,479,surface_injure,seed_disagreement,3,17:thunderstrike:clean_only|29:surface_injure:clean_only|43:thunderstrike:clean_only
seed_disagreement,mobilenet_v3_small,clean,clean,clean,511_1,511,hide_craze,seed_disagreement,3,17:hide_craze:clean_only|29:crack:clean_only|43:hide_craze:clean_only
clean_consensus_error,mobilenet_v3_small,clean,clean,clean,521_0,521,corrosion,consensus,3,17:hide_craze:clean_only|29:hide_craze:clean_only|43:hide_craze:clean_only
clean_consensus_error,mobilenet_v3_small,clean,clean,clean,521_1,521,corrosion,consensus,3,17:hide_craze:clean_only|29:hide_craze:clean_only|43:hide_craze:clean_only
clean_consensus_error,mobilenet_v3_small,clean,clean,clean,546_0,546,corrosion,consensus,3,17:surface_injure:clean_only|29:surface_injure:clean_only|43:surface_injure:clean_only
clean_consensus_error,mobilenet_v3_small,clean,clean,clean,546_1,546,corrosion,consensus,3,17:hide_craze:clean_only|29:hide_craze:clean_only|43:hide_craze:clean_only
seed_disagreement,mobilenet_v3_small,clean,clean,clean,546_2,546,corrosion,seed_disagreement,3,17:hide_craze:clean_only|29:hide_craze:clean_only|43:corrosion:clean_only
clean_consensus_error,mobilenet_v3_small,clean,clean,clean,623_1,623,surface_injure,consensus,3,17:hide_craze:clean_only|29:corrosion:clean_only|43:crack:clean_only
seed_disagreement,mobilenet_v3_small,clean,clean,clean,623_1,623,surface_injure,seed_disagreement,3,17:hide_craze:clean_only|29:corrosion:clean_only|43:crack:clean_only
seed_disagreement,mobilenet_v3_small,clean,clean,clean,643_0,643,hide_craze,seed_disagreement,3,17:surface_injure:clean_only|29:surface_injure:clean_only|43:hide_craze:clean_only
clean_consensus_error,mobilenet_v3_small,clean,clean,clean,658_0,658,corrosion,consensus,3,17:crack:clean_only|29:crack:clean_only|43:craze:clean_only
seed_disagreement,mobilenet_v3_small,clean,clean,clean,658_0,658,corrosion,seed_disagreement,3,17:crack:clean_only|29:crack:clean_only|43:craze:clean_only
clean_consensus_error,mobilenet_v3_small,clean,clean,clean,671_1,671,surface_injure,consensus,3,17:hide_craze:clean_only|29:hide_craze:clean_only|43:hide_craze:clean_only
seed_disagreement,mobilenet_v3_small,clean,clean,clean,689_0,689,surface_injure,seed_disagreement,3,17:surface_injure:clean_only|29:crack:clean_only|43:surface_injure:clean_only
seed_disagreement,mobilenet_v3_small,gaussian_blur_mild,gaussian_blur,mild,51_0,51,craze,seed_disagreement,3,17:surface_injure:stable_wrong|29:corrosion:stable_wrong|43:corrosion:stable_wrong
seed_disagreement,mobilenet_v3_small,gaussian_blur_mild,gaussian_blur,mild,51_1,51,craze,seed_disagreement,3,17:craze:stable_correct|29:hide_craze:harmful_flip|43:craze:stable_correct
seed_disagreement,mobilenet_v3_small,gaussian_blur_mild,gaussian_blur,mild,57_1,57,surface_injure,seed_disagreement,3,17:corrosion:stable_wrong|29:surface_injure:stable_correct|43:surface_injure:stable_correct
seed_disagreement,mobilenet_v3_small,gaussian_blur_mild,gaussian_blur,mild,61_2,61,craze,seed_disagreement,3,17:craze:stable_correct|29:corrosion:harmful_flip|43:corrosion:harmful_flip
seed_disagreement,mobilenet_v3_small,gaussian_blur_mild,gaussian_blur,mild,73_0,73,craze,seed_disagreement,3,17:craze:stable_correct|29:craze:stable_correct|43:surface_injure:harmful_flip
seed_disagreement,mobilenet_v3_small,gaussian_blur_mild,gaussian_blur,mild,112_0,112,thunderstrike,seed_disagreement,3,17:thunderstrike:stable_correct|29:thunderstrike:stable_correct|43:surface_injure:harmful_flip
seed_disagreement,mobilenet_v3_small,gaussian_blur_mild,gaussian_blur,mild,142_0,142,surface_injure,seed_disagreement,3,17:hide_craze:stable_wrong|29:hide_craze:changed_wrong|43:corrosion:stable_wrong
seed_disagreement,mobilenet_v3_small,gaussian_blur_mild,gaussian_blur,mild,198_0,198,craze,seed_disagreement,3,17:craze:stable_correct|29:surface_injure:harmful_flip|43:craze:stable_correct
seed_disagreement,mobilenet_v3_small,gaussian_blur_mild,gaussian_blur,mild,228_0,228,hide_craze,seed_disagreement,3,17:craze:stable_wrong|29:craze:stable_wrong|43:hide_craze:stable_correct
seed_disagreement,mobilenet_v3_small,gaussian_blur_mild,gaussian_blur,mild,255_0,255,surface_injure,seed_disagreement,3,17:corrosion:stable_wrong|29:corrosion:stable_wrong|43:surface_injure:beneficial_flip
seed_disagreement,mobilenet_v3_small,gaussian_blur_mild,gaussian_blur,mild,276_0,276,hide_craze,seed_disagreement,3,17:hide_craze:stable_correct|29:corrosion:stable_wrong|43:hide_craze:stable_correct
seed_disagreement,mobilenet_v3_small,gaussian_blur_mild,gaussian_blur,mild,276_1,276,hide_craze,seed_disagreement,3,17:hide_craze:stable_correct|29:corrosion:stable_wrong|43:hide_craze:stable_correct
seed_disagreement,mobilenet_v3_small,gaussian_blur_mild,gaussian_blur,mild,323_0,323,corrosion,seed_disagreement,3,17:surface_injure:stable_wrong|29:hide_craze:stable_wrong|43:surface_injure:stable_wrong
seed_disagreement,mobilenet_v3_small,gaussian_blur_mild,gaussian_blur,mild,326_1,326,craze,seed_disagreement,3,17:craze:stable_correct|29:craze:stable_correct|43:surface_injure:stable_wrong
seed_disagreement,mobilenet_v3_small,gaussian_blur_mild,gaussian_blur,mild,379_1,379,hide_craze,seed_disagreement,3,17:hide_craze:stable_correct|29:hide_craze:stable_correct|43:surface_injure:changed_wrong
seed_disagreement,mobilenet_v3_small,gaussian_blur_mild,gaussian_blur,mild,408_0,408,corrosion,seed_disagreement,3,17:corrosion:stable_correct|29:hide_craze:harmful_flip|43:corrosion:stable_correct
seed_disagreement,mobilenet_v3_small,gaussian_blur_mild,gaussian_blur,mild,410_0,410,corrosion,seed_disagreement,3,17:corrosion:stable_correct|29:craze:harmful_flip|43:craze:stable_wrong
seed_disagreement,mobilenet_v3_small,gaussian_blur_mild,gaussian_blur,mild,410_1,410,corrosion,seed_disagreement,3,17:craze:harmful_flip|29:corrosion:stable_correct|43:corrosion:beneficial_flip
seed_disagreement,mobilenet_v3_small,gaussian_blur_mild,gaussian_blur,mild,511_1,511,hide_craze,seed_disagreement,3,17:hide_craze:stable_correct|29:crack:stable_wrong|43:hide_craze:stable_correct
seed_disagreement,mobilenet_v3_small,gaussian_blur_mild,gaussian_blur,mild,521_1,521,corrosion,seed_disagreement,3,17:hide_craze:stable_wrong|29:hide_craze:stable_wrong|43:corrosion:beneficial_flip
seed_disagreement,mobilenet_v3_small,gaussian_blur_mild,gaussian_blur,mild,546_2,546,corrosion,seed_disagreement,3,17:corrosion:beneficial_flip|29:hide_craze:stable_wrong|43:corrosion:stable_correct
seed_disagreement,mobilenet_v3_small,gaussian_blur_mild,gaussian_blur,mild,563_0,563,craze,seed_disagreement,3,17:craze:stable_correct|29:surface_injure:harmful_flip|43:surface_injure:harmful_flip
seed_disagreement,mobilenet_v3_small,gaussian_blur_mild,gaussian_blur,mild,623_1,623,surface_injure,seed_disagreement,3,17:hide_craze:stable_wrong|29:crack:changed_wrong|43:crack:stable_wrong
seed_disagreement,mobilenet_v3_small,gaussian_blur_mild,gaussian_blur,mild,643_0,643,hide_craze,seed_disagreement,3,17:surface_injure:stable_wrong|29:surface_injure:stable_wrong|43:hide_craze:stable_correct
seed_disagreement,mobilenet_v3_small,gaussian_blur_moderate,gaussian_blur,moderate,46_0,46,corrosion,seed_disagreement,3,17:corrosion:stable_correct|29:surface_injure:harmful_flip|43:corrosion:stable_correct
seed_disagreement,mobilenet_v3_small,gaussian_blur_moderate,gaussian_blur,moderate,51_0,51,craze,seed_disagreement,3,17:surface_injure:stable_wrong|29:corrosion:stable_wrong|43:corrosion:stable_wrong
seed_disagreement,mobilenet_v3_small,gaussian_blur_moderate,gaussian_blur,moderate,51_1,51,craze,seed_disagreement,3,17:hide_craze:harmful_flip|29:craze:stable_correct|43:hide_craze:harmful_flip
seed_disagreement,mobilenet_v3_small,gaussian_blur_moderate,gaussian_blur,moderate,57_0,57,craze,seed_disagreement,3,17:corrosion:stable_wrong|29:corrosion:stable_wrong|43:surface_injure:changed_wrong
seed_disagreement,mobilenet_v3_small,gaussian_blur_moderate,gaussian_blur,moderate,61_1,61,craze,seed_disagreement,3,17:craze:stable_correct|29:surface_injure:harmful_flip|43:craze:stable_correct
seed_disagreement,mobilenet_v3_small,gaussian_blur_moderate,gaussian_blur,moderate,61_2,61,craze,seed_disagreement,3,17:craze:stable_correct|29:corrosion:harmful_flip|43:corrosion:harmful_flip
seed_disagreement,mobilenet_v3_small,gaussian_blur_moderate,gaussian_blur,moderate,65_0,65,corrosion,seed_disagreement,3,17:hide_craze:harmful_flip|29:crack:harmful_flip|43:corrosion:stable_correct
seed_disagreement,mobilenet_v3_small,gaussian_blur_moderate,gaussian_blur,moderate,73_0,73,craze,seed_disagreement,3,17:surface_injure:harmful_flip|29:craze:stable_correct|43:surface_injure:harmful_flip
seed_disagreement,mobilenet_v3_small,gaussian_blur_moderate,gaussian_blur,moderate,142_0,142,surface_injure,seed_disagreement,3,17:hide_craze:stable_wrong|29:hide_craze:changed_wrong|43:surface_injure:beneficial_flip
seed_disagreement,mobilenet_v3_small,gaussian_blur_moderate,gaussian_blur,moderate,167_1,167,craze,seed_disagreement,3,17:craze:stable_correct|29:hide_craze:harmful_flip|43:craze:stable_correct
seed_disagreement,mobilenet_v3_small,gaussian_blur_moderate,gaussian_blur,moderate,228_0,228,hide_craze,seed_disagreement,3,17:craze:stable_wrong|29:hide_craze:beneficial_flip|43:hide_craze:stable_correct
seed_disagreement,mobilenet_v3_small,gaussian_blur_moderate,gaussian_blur,moderate,238_0,238,crack,seed_disagreement,3,17:crack:stable_correct|29:crack:stable_correct|43:surface_injure:harmful_flip
beneficial_flip,mobilenet_v3_small,gaussian_blur_moderate,gaussian_blur,moderate,255_0,255,surface_injure,consensus,3,17:surface_injure:beneficial_flip|29:surface_injure:beneficial_flip|43:surface_injure:beneficial_flip
seed_disagreement,mobilenet_v3_small,gaussian_blur_moderate,gaussian_blur,moderate,276_0,276,hide_craze,seed_disagreement,3,17:hide_craze:stable_correct|29:corrosion:stable_wrong|43:hide_craze:stable_correct
seed_disagreement,mobilenet_v3_small,gaussian_blur_moderate,gaussian_blur,moderate,323_0,323,corrosion,seed_disagreement,3,17:surface_injure:stable_wrong|29:hide_craze:stable_wrong|43:surface_injure:stable_wrong
seed_disagreement,mobilenet_v3_small,gaussian_blur_moderate,gaussian_blur,moderate,326_1,326,craze,seed_disagreement,3,17:hide_craze:harmful_flip|29:craze:stable_correct|43:surface_injure:stable_wrong
seed_disagreement,mobilenet_v3_small,gaussian_blur_moderate,gaussian_blur,moderate,332_0,332,surface_injure,seed_disagreement,3,17:surface_injure:stable_correct|29:surface_injure:stable_correct|43:craze:harmful_flip
seed_disagreement,mobilenet_v3_small,gaussian_blur_moderate,gaussian_blur,moderate,370_2,370,corrosion,seed_disagreement,3,17:hide_craze:harmful_flip|29:corrosion:stable_correct|43:corrosion:stable_correct
seed_disagreement,mobilenet_v3_small,gaussian_blur_moderate,gaussian_blur,moderate,408_0,408,corrosion,seed_disagreement,3,17:corrosion:stable_correct|29:hide_craze:harmful_flip|43:corrosion:stable_correct
seed_disagreement,mobilenet_v3_small,gaussian_blur_moderate,gaussian_blur,moderate,410_0,410,corrosion,seed_disagreement,3,17:corrosion:stable_correct|29:surface_injure:harmful_flip|43:surface_injure:changed_wrong
seed_disagreement,mobilenet_v3_small,gaussian_blur_moderate,gaussian_blur,moderate,410_1,410,corrosion,seed_disagreement,3,17:corrosion:stable_correct|29:surface_injure:harmful_flip|43:corrosion:beneficial_flip
seed_disagreement,mobilenet_v3_small,gaussian_blur_moderate,gaussian_blur,moderate,464_0,464,craze,seed_disagreement,3,17:surface_injure:harmful_flip|29:surface_injure:harmful_flip|43:craze:stable_correct
seed_disagreement,mobilenet_v3_small,gaussian_blur_moderate,gaussian_blur,moderate,479_0,479,surface_injure,seed_disagreement,3,17:thunderstrike:stable_wrong|29:surface_injure:stable_correct|43:surface_injure:beneficial_flip
seed_disagreement,mobilenet_v3_small,gaussian_blur_moderate,gaussian_blur,moderate,511_0,511,hide_craze,seed_disagreement,3,17:hide_craze:stable_correct|29:crack:harmful_flip|43:hide_craze:stable_correct
seed_disagreement,mobilenet_v3_small,gaussian_blur_moderate,gaussian_blur,moderate,511_1,511,hide_craze,seed_disagreement,3,17:hide_craze:stable_correct|29:crack:stable_wrong|43:hide_craze:stable_correct
seed_disagreement,mobilenet_v3_small,gaussian_blur_moderate,gaussian_blur,moderate,521_1,521,corrosion,seed_disagreement,3,17:hide_craze:stable_wrong|29:hide_craze:stable_wrong|43:corrosion:beneficial_flip
seed_disagreement,mobilenet_v3_small,gaussian_blur_moderate,gaussian_blur,moderate,546_2,546,corrosion,seed_disagreement,3,17:hide_craze:stable_wrong|29:hide_craze:stable_wrong|43:corrosion:stable_correct
seed_disagreement,mobilenet_v3_small,gaussian_blur_moderate,gaussian_blur,moderate,591_0,591,thunderstrike,seed_disagreement,3,17:surface_injure:harmful_flip|29:thunderstrike:stable_correct|43:surface_injure:harmful_flip
seed_disagreement,mobilenet_v3_small,gaussian_blur_moderate,gaussian_blur,moderate,598_0,598,corrosion,seed_disagreement,3,17:hide_craze:harmful_flip|29:corrosion:stable_correct|43:corrosion:stable_correct
seed_disagreement,mobilenet_v3_small,gaussian_blur_moderate,gaussian_blur,moderate,623_1,623,surface_injure,seed_disagreement,3,17:hide_craze:stable_wrong|29:crack:changed_wrong|43:crack:stable_wrong
seed_disagreement,mobilenet_v3_small,gaussian_blur_moderate,gaussian_blur,moderate,643_0,643,hide_craze,seed_disagreement,3,17:surface_injure:stable_wrong|29:surface_injure:stable_wrong|43:hide_craze:stable_correct
seed_disagreement,mobilenet_v3_small,gaussian_blur_moderate,gaussian_blur,moderate,671_1,671,surface_injure,seed_disagreement,3,17:hide_craze:stable_wrong|29:surface_injure:beneficial_flip|43:hide_craze:stable_wrong
seed_disagreement,mobilenet_v3_small,gaussian_blur_moderate,gaussian_blur,moderate,824_0,824,craze,seed_disagreement,3,17:hide_craze:harmful_flip|29:crack:harmful_flip|43:craze:stable_correct
seed_disagreement,mobilenet_v3_small,gaussian_blur_moderate,gaussian_blur,moderate,863_0,863,thunderstrike,seed_disagreement,3,17:thunderstrike:stable_correct|29:thunderstrike:stable_correct|43:surface_injure:harmful_flip
severe_stable_correct,mobilenet_v3_small,gaussian_blur_severe,gaussian_blur,severe,13_0,13,hide_craze,consensus,3,17:hide_craze:stable_correct|29:hide_craze:stable_correct|43:hide_craze:stable_correct
severe_stable_correct,mobilenet_v3_small,gaussian_blur_severe,gaussian_blur,severe,13_1,13,hide_craze,majority,2,17:hide_craze:stable_correct|29:hide_craze:stable_correct|43:crack:harmful_flip
seed_disagreement,mobilenet_v3_small,gaussian_blur_severe,gaussian_blur,severe,13_1,13,hide_craze,seed_disagreement,3,17:hide_craze:stable_correct|29:hide_craze:stable_correct|43:crack:harmful_flip
severe_harmful_flip,mobilenet_v3_small,gaussian_blur_severe,gaussian_blur,severe,32_0,32,thunderstrike,majority,2,17:craze:harmful_flip|29:thunderstrike:stable_correct|43:hide_craze:harmful_flip
seed_disagreement,mobilenet_v3_small,gaussian_blur_severe,gaussian_blur,severe,32_0,32,thunderstrike,seed_disagreement,3,17:craze:harmful_flip|29:thunderstrike:stable_correct|43:hide_craze:harmful_flip
severe_stable_correct,mobilenet_v3_small,gaussian_blur_severe,gaussian_blur,severe,32_1,32,thunderstrike,consensus,3,17:thunderstrike:stable_correct|29:thunderstrike:stable_correct|43:thunderstrike:stable_correct
severe_harmful_flip,mobilenet_v3_small,gaussian_blur_severe,gaussian_blur,severe,46_0,46,corrosion,majority,2,17:corrosion:stable_correct|29:surface_injure:harmful_flip|43:surface_injure:harmful_flip
seed_disagreement,mobilenet_v3_small,gaussian_blur_severe,gaussian_blur,severe,46_0,46,corrosion,seed_disagreement,3,17:corrosion:stable_correct|29:surface_injure:harmful_flip|43:surface_injure:harmful_flip
severe_stable_correct,mobilenet_v3_small,gaussian_blur_severe,gaussian_blur,severe,46_1,46,corrosion,majority,2,17:corrosion:stable_correct|29:surface_injure:harmful_flip|43:corrosion:stable_correct
seed_disagreement,mobilenet_v3_small,gaussian_blur_severe,gaussian_blur,severe,46_1,46,corrosion,seed_disagreement,3,17:corrosion:stable_correct|29:surface_injure:harmful_flip|43:corrosion:stable_correct
severe_stable_correct,mobilenet_v3_small,gaussian_blur_severe,gaussian_blur,severe,48_0,48,surface_injure,majority,2,17:surface_injure:stable_correct|29:surface_injure:stable_correct|43:surface_injure:beneficial_flip
severe_harmful_flip,mobilenet_v3_small,gaussian_blur_severe,gaussian_blur,severe,51_1,51,craze,consensus,3,17:hide_craze:harmful_flip|29:hide_craze:harmful_flip|43:hide_craze:harmful_flip
severe_stable_correct,mobilenet_v3_small,gaussian_blur_severe,gaussian_blur,severe,54_0,54,hide_craze,consensus,3,17:hide_craze:stable_correct|29:hide_craze:stable_correct|43:hide_craze:stable_correct
severe_stable_correct,mobilenet_v3_small,gaussian_blur_severe,gaussian_blur,severe,54_1,54,hide_craze,majority,2,17:hide_craze:stable_correct|29:corrosion:harmful_flip|43:hide_craze:stable_correct
seed_disagreement,mobilenet_v3_small,gaussian_blur_severe,gaussian_blur,severe,54_1,54,hide_craze,seed_disagreement,3,17:hide_craze:stable_correct|29:corrosion:harmful_flip|43:hide_craze:stable_correct
severe_stable_correct,mobilenet_v3_small,gaussian_blur_severe,gaussian_blur,severe,57_1,57,surface_injure,majority,2,17:surface_injure:beneficial_flip|29:surface_injure:stable_correct|43:surface_injure:stable_correct
severe_harmful_flip,mobilenet_v3_small,gaussian_blur_severe,gaussian_blur,severe,61_0,61,craze,majority,2,17:craze:stable_correct|29:hide_craze:harmful_flip|43:hide_craze:harmful_flip
seed_disagreement,mobilenet_v3_small,gaussian_blur_severe,gaussian_blur,severe,61_0,61,craze,seed_disagreement,3,17:craze:stable_correct|29:hide_craze:harmful_flip|43:hide_craze:harmful_flip
severe_harmful_flip,mobilenet_v3_small,gaussian_blur_severe,gaussian_blur,severe,61_1,61,craze,majority,2,17:craze:stable_correct|29:hide_craze:harmful_flip|43:hide_craze:harmful_flip
seed_disagreement,mobilenet_v3_small,gaussian_blur_severe,gaussian_blur,severe,61_1,61,craze,seed_disagreement,3,17:craze:stable_correct|29:hide_craze:harmful_flip|43:hide_craze:harmful_flip
severe_harmful_flip,mobilenet_v3_small,gaussian_blur_severe,gaussian_blur,severe,61_2,61,craze,consensus,3,17:hide_craze:harmful_flip|29:corrosion:harmful_flip|43:corrosion:harmful_flip
seed_disagreement,mobilenet_v3_small,gaussian_blur_severe,gaussian_blur,severe,61_2,61,craze,seed_disagreement,3,17:hide_craze:harmful_flip|29:corrosion:harmful_flip|43:corrosion:harmful_flip
severe_harmful_flip,mobilenet_v3_small,gaussian_blur_severe,gaussian_blur,severe,65_0,65,corrosion,majority,2,17:corrosion:stable_correct|29:crack:harmful_flip|43:crack:harmful_flip
seed_disagreement,mobilenet_v3_small,gaussian_blur_severe,gaussian_blur,severe,65_0,65,corrosion,seed_disagreement,3,17:corrosion:stable_correct|29:crack:harmful_flip|43:crack:harmful_flip
severe_stable_correct,mobilenet_v3_small,gaussian_blur_severe,gaussian_blur,severe,67_0,67,hide_craze,consensus,3,17:hide_craze:stable_correct|29:hide_craze:stable_correct|43:hide_craze:stable_correct
severe_stable_correct,mobilenet_v3_small,gaussian_blur_severe,gaussian_blur,severe,71_0,71,craze,consensus,3,17:craze:stable_correct|29:craze:stable_correct|43:craze:stable_correct
severe_harmful_flip,mobilenet_v3_small,gaussian_blur_severe,gaussian_blur,severe,73_0,73,craze,consensus,3,17:surface_injure:harmful_flip|29:surface_injure:harmful_flip|43:surface_injure:harmful_flip
severe_stable_correct,mobilenet_v3_small,gaussian_blur_severe,gaussian_blur,severe,81_0,81,craze,majority,2,17:craze:stable_correct|29:craze:stable_correct|43:hide_craze:harmful_flip
seed_disagreement,mobilenet_v3_small,gaussian_blur_severe,gaussian_blur,severe,81_0,81,craze,seed_disagreement,3,17:craze:stable_correct|29:craze:stable_correct|43:hide_craze:harmful_flip
severe_stable_correct,mobilenet_v3_small,gaussian_blur_severe,gaussian_blur,severe,81_1,81,craze,majority,2,17:craze:stable_correct|29:craze:stable_correct|43:hide_craze:harmful_flip
seed_disagreement,mobilenet_v3_small,gaussian_blur_severe,gaussian_blur,severe,81_1,81,craze,seed_disagreement,3,17:craze:stable_correct|29:craze:stable_correct|43:hide_craze:harmful_flip
severe_stable_correct,mobilenet_v3_small,gaussian_blur_severe,gaussian_blur,severe,81_2,81,craze,majority,2,17:craze:stable_correct|29:craze:stable_correct|43:hide_craze:harmful_flip
seed_disagreement,mobilenet_v3_small,gaussian_blur_severe,gaussian_blur,severe,81_2,81,craze,seed_disagreement,3,17:craze:stable_correct|29:craze:stable_correct|43:hide_craze:harmful_flip
severe_stable_correct,mobilenet_v3_small,gaussian_blur_severe,gaussian_blur,severe,88_0,88,crack,consensus,3,17:crack:stable_correct|29:crack:stable_correct|43:crack:stable_correct
severe_stable_correct,mobilenet_v3_small,gaussian_blur_severe,gaussian_blur,severe,93_0,93,craze,consensus,3,17:craze:stable_correct|29:craze:stable_correct|43:craze:stable_correct
severe_harmful_flip,mobilenet_v3_small,gaussian_blur_severe,gaussian_blur,severe,103_0,103,craze,majority,2,17:hide_craze:harmful_flip|29:craze:stable_correct|43:hide_craze:harmful_flip
seed_disagreement,mobilenet_v3_small,gaussian_blur_severe,gaussian_blur,severe,103_0,103,craze,seed_disagreement,3,17:hide_craze:harmful_flip|29:craze:stable_correct|43:hide_craze:harmful_flip
severe_harmful_flip,mobilenet_v3_small,gaussian_blur_severe,gaussian_blur,severe,112_0,112,thunderstrike,consensus,3,17:surface_injure:harmful_flip|29:surface_injure:harmful_flip|43:surface_injure:harmful_flip
severe_stable_correct,mobilenet_v3_small,gaussian_blur_severe,gaussian_blur,severe,112_1,112,surface_injure,consensus,3,17:surface_injure:stable_correct|29:surface_injure:stable_correct|43:surface_injure:stable_correct
beneficial_flip,mobilenet_v3_small,gaussian_blur_severe,gaussian_blur,severe,142_0,142,surface_injure,majority,2,17:surface_injure:beneficial_flip|29:corrosion:stable_wrong|43:surface_injure:beneficial_flip
seed_disagreement,mobilenet_v3_small,gaussian_blur_severe,gaussian_blur,severe,142_0,142,surface_injure,seed_disagreement,3,17:surface_injure:beneficial_flip|29:corrosion:stable_wrong|43:surface_injure:beneficial_flip
severe_stable_correct,mobilenet_v3_small,gaussian_blur_severe,gaussian_blur,severe,146_0,146,hide_craze,majority,2,17:hide_craze:stable_correct|29:hide_craze:stable_correct|43:crack:harmful_flip
seed_disagreement,mobilenet_v3_small,gaussian_blur_severe,gaussian_blur,severe,146_0,146,hide_craze,seed_disagreement,3,17:hide_craze:stable_correct|29:hide_craze:stable_correct|43:crack:harmful_flip
severe_stable_correct,mobilenet_v3_small,gaussian_blur_severe,gaussian_blur,severe,156_0,156,craze,majority,2,17:craze:stable_correct|29:craze:stable_correct|43:surface_injure:harmful_flip
seed_disagreement,mobilenet_v3_small,gaussian_blur_severe,gaussian_blur,severe,156_0,156,craze,seed_disagreement,3,17:craze:stable_correct|29:craze:stable_correct|43:surface_injure:harmful_flip
severe_stable_correct,mobilenet_v3_small,gaussian_blur_severe,gaussian_blur,severe,161_0,161,corrosion,consensus,3,17:corrosion:stable_correct|29:corrosion:stable_correct|43:corrosion:stable_correct
severe_stable_correct,mobilenet_v3_small,gaussian_blur_severe,gaussian_blur,severe,163_0,163,hide_craze,consensus,3,17:hide_craze:stable_correct|29:hide_craze:stable_correct|43:hide_craze:stable_correct
severe_stable_correct,mobilenet_v3_small,gaussian_blur_severe,gaussian_blur,severe,166_0,166,craze,consensus,3,17:craze:stable_correct|29:craze:stable_correct|43:craze:stable_correct
severe_harmful_flip,mobilenet_v3_small,gaussian_blur_severe,gaussian_blur,severe,167_0,167,craze,majority,2,17:craze:stable_correct|29:crack:harmful_flip|43:crack:harmful_flip
seed_disagreement,mobilenet_v3_small,gaussian_blur_severe,gaussian_blur,severe,167_0,167,craze,seed_disagreement,3,17:craze:stable_correct|29:crack:harmful_flip|43:crack:harmful_flip
severe_harmful_flip,mobilenet_v3_small,gaussian_blur_severe,gaussian_blur,severe,167_1,167,craze,majority,2,17:craze:stable_correct|29:hide_craze:harmful_flip|43:surface_injure:harmful_flip
seed_disagreement,mobilenet_v3_small,gaussian_blur_severe,gaussian_blur,severe,167_1,167,craze,seed_disagreement,3,17:craze:stable_correct|29:hide_craze:harmful_flip|43:surface_injure:harmful_flip
severe_stable_correct,mobilenet_v3_small,gaussian_blur_severe,gaussian_blur,severe,178_0,178,surface_injure,consensus,3,17:surface_injure:stable_correct|29:surface_injure:stable_correct|43:surface_injure:stable_correct
severe_stable_correct,mobilenet_v3_small,gaussian_blur_severe,gaussian_blur,severe,178_1,178,surface_injure,consensus,3,17:surface_injure:stable_correct|29:surface_injure:stable_correct|43:surface_injure:stable_correct
severe_stable_correct,mobilenet_v3_small,gaussian_blur_severe,gaussian_blur,severe,178_2,178,surface_injure,consensus,3,17:surface_injure:stable_correct|29:surface_injure:stable_correct|43:surface_injure:stable_correct
severe_harmful_flip,mobilenet_v3_small,gaussian_blur_severe,gaussian_blur,severe,198_0,198,craze,consensus,3,17:surface_injure:harmful_flip|29:surface_injure:harmful_flip|43:surface_injure:harmful_flip
severe_stable_correct,mobilenet_v3_small,gaussian_blur_severe,gaussian_blur,severe,198_1,198,hide_craze,consensus,3,17:hide_craze:stable_correct|29:hide_craze:stable_correct|43:hide_craze:stable_correct
severe_harmful_flip,mobilenet_v3_small,gaussian_blur_severe,gaussian_blur,severe,209_0,209,hide_craze,consensus,3,17:surface_injure:harmful_flip|29:surface_injure:harmful_flip|43:surface_injure:harmful_flip
severe_harmful_flip,mobilenet_v3_small,gaussian_blur_severe,gaussian_blur,severe,214_0,214,craze,majority,2,17:craze:stable_correct|29:surface_injure:harmful_flip|43:surface_injure:harmful_flip
seed_disagreement,mobilenet_v3_small,gaussian_blur_severe,gaussian_blur,severe,214_0,214,craze,seed_disagreement,3,17:craze:stable_correct|29:surface_injure:harmful_flip|43:surface_injure:harmful_flip
severe_stable_correct,mobilenet_v3_small,gaussian_blur_severe,gaussian_blur,severe,216_0,216,crack,consensus,3,17:crack:stable_correct|29:crack:stable_correct|43:crack:stable_correct
severe_stable_correct,mobilenet_v3_small,gaussian_blur_severe,gaussian_blur,severe,217_0,217,surface_injure,consensus,3,17:surface_injure:stable_correct|29:surface_injure:stable_correct|43:surface_injure:stable_correct
severe_stable_correct,mobilenet_v3_small,gaussian_blur_severe,gaussian_blur,severe,224_0,224,hide_craze,consensus,3,17:hide_craze:stable_correct|29:hide_craze:stable_correct|43:hide_craze:stable_correct
severe_stable_wrong,mobilenet_v3_small,gaussian_blur_severe,gaussian_blur,severe,228_0,228,hide_craze,majority,2,17:craze:stable_wrong|29:craze:stable_wrong|43:hide_craze:stable_correct
seed_disagreement,mobilenet_v3_small,gaussian_blur_severe,gaussian_blur,severe,228_0,228,hide_craze,seed_disagreement,3,17:craze:stable_wrong|29:craze:stable_wrong|43:hide_craze:stable_correct
severe_stable_correct,mobilenet_v3_small,gaussian_blur_severe,gaussian_blur,severe,228_1,228,hide_craze,consensus,3,17:hide_craze:stable_correct|29:hide_craze:stable_correct|43:hide_craze:stable_correct
severe_stable_correct,mobilenet_v3_small,gaussian_blur_severe,gaussian_blur,severe,234_0,234,surface_injure,consensus,3,17:surface_injure:stable_correct|29:surface_injure:stable_correct|43:surface_injure:stable_correct
severe_stable_correct,mobilenet_v3_small,gaussian_blur_severe,gaussian_blur,severe,234_1,234,hide_craze,consensus,3,17:hide_craze:stable_correct|29:hide_craze:stable_correct|43:hide_craze:stable_correct
severe_stable_correct,mobilenet_v3_small,gaussian_blur_severe,gaussian_blur,severe,234_2,234,hide_craze,consensus,3,17:hide_craze:stable_correct|29:hide_craze:stable_correct|43:hide_craze:stable_correct
severe_stable_correct,mobilenet_v3_small,gaussian_blur_severe,gaussian_blur,severe,234_3,234,hide_craze,consensus,3,17:hide_craze:stable_correct|29:hide_craze:stable_correct|43:hide_craze:stable_correct
severe_stable_correct,mobilenet_v3_small,gaussian_blur_severe,gaussian_blur,severe,234_4,234,hide_craze,consensus,3,17:hide_craze:stable_correct|29:hide_craze:stable_correct|43:hide_craze:stable_correct
severe_harmful_flip,mobilenet_v3_small,gaussian_blur_severe,gaussian_blur,severe,238_0,238,crack,majority,2,17:surface_injure:harmful_flip|29:crack:stable_correct|43:surface_injure:harmful_flip
seed_disagreement,mobilenet_v3_small,gaussian_blur_severe,gaussian_blur,severe,238_0,238,crack,seed_disagreement,3,17:surface_injure:harmful_flip|29:crack:stable_correct|43:surface_injure:harmful_flip
severe_stable_correct,mobilenet_v3_small,gaussian_blur_severe,gaussian_blur,severe,238_1,238,crack,consensus,3,17:crack:stable_correct|29:crack:stable_correct|43:crack:stable_correct
severe_stable_correct,mobilenet_v3_small,gaussian_blur_severe,gaussian_blur,severe,250_0,250,crack,consensus,3,17:crack:stable_correct|29:crack:stable_correct|43:crack:stable_correct
severe_stable_correct,mobilenet_v3_small,gaussian_blur_severe,gaussian_blur,severe,252_0,252,crack,consensus,3,17:crack:stable_correct|29:crack:stable_correct|43:crack:stable_correct
beneficial_flip,mobilenet_v3_small,gaussian_blur_severe,gaussian_blur,severe,255_0,255,surface_injure,majority,2,17:hide_craze:changed_wrong|29:surface_injure:beneficial_flip|43:surface_injure:beneficial_flip
seed_disagreement,mobilenet_v3_small,gaussian_blur_severe,gaussian_blur,severe,255_0,255,surface_injure,seed_disagreement,3,17:hide_craze:changed_wrong|29:surface_injure:beneficial_flip|43:surface_injure:beneficial_flip
severe_stable_correct,mobilenet_v3_small,gaussian_blur_severe,gaussian_blur,severe,255_1,255,surface_injure,consensus,3,17:surface_injure:stable_correct|29:surface_injure:stable_correct|43:surface_injure:stable_correct
severe_stable_correct,mobilenet_v3_small,gaussian_blur_severe,gaussian_blur,severe,257_0,257,surface_injure,consensus,3,17:surface_injure:stable_correct|29:surface_injure:stable_correct|43:surface_injure:stable_correct
severe_stable_correct,mobilenet_v3_small,gaussian_blur_severe,gaussian_blur,severe,257_1,257,surface_injure,consensus,3,17:surface_injure:stable_correct|29:surface_injure:stable_correct|43:surface_injure:stable_correct
severe_stable_correct,mobilenet_v3_small,gaussian_blur_severe,gaussian_blur,severe,269_0,269,crack,consensus,3,17:crack:stable_correct|29:crack:stable_correct|43:crack:stable_correct
severe_stable_correct,mobilenet_v3_small,gaussian_blur_severe,gaussian_blur,severe,273_0,273,thunderstrike,majority,2,17:surface_injure:harmful_flip|29:thunderstrike:stable_correct|43:thunderstrike:stable_correct
seed_disagreement,mobilenet_v3_small,gaussian_blur_severe,gaussian_blur,severe,273_0,273,thunderstrike,seed_disagreement,3,17:surface_injure:harmful_flip|29:thunderstrike:stable_correct|43:thunderstrike:stable_correct
severe_stable_correct,mobilenet_v3_small,gaussian_blur_severe,gaussian_blur,severe,273_1,273,surface_injure,consensus,3,17:surface_injure:stable_correct|29:surface_injure:stable_correct|43:surface_injure:stable_correct
severe_stable_correct,mobilenet_v3_small,gaussian_blur_severe,gaussian_blur,severe,276_0,276,hide_craze,majority,2,17:hide_craze:stable_correct|29:corrosion:stable_wrong|43:hide_craze:stable_correct
seed_disagreement,mobilenet_v3_small,gaussian_blur_severe,gaussian_blur,severe,276_0,276,hide_craze,seed_disagreement,3,17:hide_craze:stable_correct|29:corrosion:stable_wrong|43:hide_craze:stable_correct
severe_stable_correct,mobilenet_v3_small,gaussian_blur_severe,gaussian_blur,severe,276_1,276,hide_craze,majority,2,17:hide_craze:stable_correct|29:corrosion:stable_wrong|43:hide_craze:stable_correct
seed_disagreement,mobilenet_v3_small,gaussian_blur_severe,gaussian_blur,severe,276_1,276,hide_craze,seed_disagreement,3,17:hide_craze:stable_correct|29:corrosion:stable_wrong|43:hide_craze:stable_correct
severe_stable_correct,mobilenet_v3_small,gaussian_blur_severe,gaussian_blur,severe,284_0,284,hide_craze,consensus,3,17:hide_craze:stable_correct|29:hide_craze:stable_correct|43:hide_craze:stable_correct
severe_stable_correct,mobilenet_v3_small,gaussian_blur_severe,gaussian_blur,severe,285_0,285,surface_injure,consensus,3,17:surface_injure:stable_correct|29:surface_injure:stable_correct|43:surface_injure:stable_correct
severe_stable_correct,mobilenet_v3_small,gaussian_blur_severe,gaussian_blur,severe,285_1,285,surface_injure,consensus,3,17:surface_injure:stable_correct|29:surface_injure:stable_correct|43:surface_injure:stable_correct
severe_stable_correct,mobilenet_v3_small,gaussian_blur_severe,gaussian_blur,severe,318_0,318,crack,consensus,3,17:crack:stable_correct|29:crack:stable_correct|43:crack:stable_correct
severe_stable_correct,mobilenet_v3_small,gaussian_blur_severe,gaussian_blur,severe,322_0,322,corrosion,consensus,3,17:corrosion:stable_correct|29:corrosion:stable_correct|43:corrosion:stable_correct
seed_disagreement,mobilenet_v3_small,gaussian_blur_severe,gaussian_blur,severe,323_0,323,corrosion,seed_disagreement,3,17:surface_injure:stable_wrong|29:surface_injure:changed_wrong|43:hide_craze:changed_wrong
severe_stable_correct,mobilenet_v3_small,gaussian_blur_severe,gaussian_blur,severe,326_0,326,surface_injure,consensus,3,17:surface_injure:stable_correct|29:surface_injure:stable_correct|43:surface_injure:stable_correct
severe_harmful_flip,mobilenet_v3_small,gaussian_blur_severe,gaussian_blur,severe,326_1,326,craze,majority,2,17:surface_injure:harmful_flip|29:surface_injure:harmful_flip|43:surface_injure:stable_wrong
severe_harmful_flip,mobilenet_v3_small,gaussian_blur_severe,gaussian_blur,severe,332_0,332,surface_injure,majority,2,17:hide_craze:harmful_flip|29:surface_injure:stable_correct|43:hide_craze:harmful_flip
seed_disagreement,mobilenet_v3_small,gaussian_blur_severe,gaussian_blur,severe,332_0,332,surface_injure,seed_disagreement,3,17:hide_craze:harmful_flip|29:surface_injure:stable_correct|43:hide_craze:harmful_flip
severe_stable_correct,mobilenet_v3_small,gaussian_blur_severe,gaussian_blur,severe,363_0,363,surface_injure,consensus,3,17:surface_injure:stable_correct|29:surface_injure:stable_correct|43:surface_injure:stable_correct
severe_stable_correct,mobilenet_v3_small,gaussian_blur_severe,gaussian_blur,severe,370_0,370,corrosion,majority,2,17:hide_craze:harmful_flip|29:corrosion:stable_correct|43:corrosion:stable_correct
seed_disagreement,mobilenet_v3_small,gaussian_blur_severe,gaussian_blur,severe,370_0,370,corrosion,seed_disagreement,3,17:hide_craze:harmful_flip|29:corrosion:stable_correct|43:corrosion:stable_correct
severe_stable_correct,mobilenet_v3_small,gaussian_blur_severe,gaussian_blur,severe,370_1,370,corrosion,majority,2,17:craze:harmful_flip|29:corrosion:stable_correct|43:corrosion:stable_correct
seed_disagreement,mobilenet_v3_small,gaussian_blur_severe,gaussian_blur,severe,370_1,370,corrosion,seed_disagreement,3,17:craze:harmful_flip|29:corrosion:stable_correct|43:corrosion:stable_correct
severe_harmful_flip,mobilenet_v3_small,gaussian_blur_severe,gaussian_blur,severe,370_2,370,corrosion,consensus,3,17:hide_craze:harmful_flip|29:hide_craze:harmful_flip|43:hide_craze:harmful_flip
severe_stable_correct,mobilenet_v3_small,gaussian_blur_severe,gaussian_blur,severe,373_0,373,corrosion,consensus,3,17:corrosion:stable_correct|29:corrosion:stable_correct|43:corrosion:stable_correct
severe_stable_correct,mobilenet_v3_small,gaussian_blur_severe,gaussian_blur,severe,379_0,379,hide_craze,majority,2,17:craze:harmful_flip|29:hide_craze:stable_correct|43:hide_craze:stable_correct
seed_disagreement,mobilenet_v3_small,gaussian_blur_severe,gaussian_blur,severe,379_0,379,hide_craze,seed_disagreement,3,17:craze:harmful_flip|29:hide_craze:stable_correct|43:hide_craze:stable_correct
seed_disagreement,mobilenet_v3_small,gaussian_blur_severe,gaussian_blur,severe,379_1,379,hide_craze,seed_disagreement,3,17:craze:harmful_flip|29:hide_craze:stable_correct|43:crack:changed_wrong
severe_stable_correct,mobilenet_v3_small,gaussian_blur_severe,gaussian_blur,severe,388_0,388,hide_craze,consensus,3,17:hide_craze:stable_correct|29:hide_craze:stable_correct|43:hide_craze:stable_correct
severe_stable_correct,mobilenet_v3_small,gaussian_blur_severe,gaussian_blur,severe,389_0,389,crack,consensus,3,17:crack:stable_correct|29:crack:stable_correct|43:crack:stable_correct
severe_harmful_flip,mobilenet_v3_small,gaussian_blur_severe,gaussian_blur,severe,390_0,390,corrosion,consensus,3,17:surface_injure:harmful_flip|29:surface_injure:harmful_flip|43:surface_injure:harmful_flip
severe_stable_correct,mobilenet_v3_small,gaussian_blur_severe,gaussian_blur,severe,394_0,394,crack,consensus,3,17:crack:stable_correct|29:crack:stable_correct|43:crack:stable_correct
severe_stable_correct,mobilenet_v3_small,gaussian_blur_severe,gaussian_blur,severe,405_0,405,corrosion,majority,2,17:hide_craze:harmful_flip|29:corrosion:stable_correct|43:corrosion:stable_correct
seed_disagreement,mobilenet_v3_small,gaussian_blur_severe,gaussian_blur,severe,405_0,405,corrosion,seed_disagreement,3,17:hide_craze:harmful_flip|29:corrosion:stable_correct|43:corrosion:stable_correct
severe_stable_correct,mobilenet_v3_small,gaussian_blur_severe,gaussian_blur,severe,407_0,407,surface_injure,consensus,3,17:surface_injure:stable_correct|29:surface_injure:stable_correct|43:surface_injure:stable_correct
severe_stable_correct,mobilenet_v3_small,gaussian_blur_severe,gaussian_blur,severe,408_0,408,corrosion,consensus,3,17:corrosion:stable_correct|29:corrosion:stable_correct|43:corrosion:stable_correct
severe_harmful_flip,mobilenet_v3_small,gaussian_blur_severe,gaussian_blur,severe,408_1,408,corrosion,consensus,3,17:surface_injure:harmful_flip|29:surface_injure:harmful_flip|43:surface_injure:harmful_flip
severe_stable_correct,mobilenet_v3_small,gaussian_blur_severe,gaussian_blur,severe,410_0,410,corrosion,majority,2,17:corrosion:stable_correct|29:corrosion:stable_correct|43:corrosion:beneficial_flip
seed_disagreement,mobilenet_v3_small,gaussian_blur_severe,gaussian_blur,severe,410_1,410,corrosion,seed_disagreement,3,17:corrosion:stable_correct|29:surface_injure:harmful_flip|43:corrosion:beneficial_flip
severe_stable_correct,mobilenet_v3_small,gaussian_blur_severe,gaussian_blur,severe,432_0,432,surface_injure,consensus,3,17:surface_injure:stable_correct|29:surface_injure:stable_correct|43:surface_injure:stable_correct
severe_harmful_flip,mobilenet_v3_small,gaussian_blur_severe,gaussian_blur,severe,438_0,438,hide_craze,majority,2,17:hide_craze:stable_correct|29:corrosion:harmful_flip|43:corrosion:harmful_flip
seed_disagreement,mobilenet_v3_small,gaussian_blur_severe,gaussian_blur,severe,438_0,438,hide_craze,seed_disagreement,3,17:hide_craze:stable_correct|29:corrosion:harmful_flip|43:corrosion:harmful_flip
severe_stable_correct,mobilenet_v3_small,gaussian_blur_severe,gaussian_blur,severe,440_0,440,crack,consensus,3,17:crack:stable_correct|29:crack:stable_correct|43:crack:stable_correct
severe_stable_correct,mobilenet_v3_small,gaussian_blur_severe,gaussian_blur,severe,447_0,447,crack,consensus,3,17:crack:stable_correct|29:crack:stable_correct|43:crack:stable_correct
severe_stable_correct,mobilenet_v3_small,gaussian_blur_severe,gaussian_blur,severe,447_1,447,crack,consensus,3,17:crack:stable_correct|29:crack:stable_correct|43:crack:stable_correct
severe_stable_correct,mobilenet_v3_small,gaussian_blur_severe,gaussian_blur,severe,451_0,451,corrosion,consensus,3,17:corrosion:stable_correct|29:corrosion:stable_correct|43:corrosion:stable_correct
severe_stable_correct,mobilenet_v3_small,gaussian_blur_severe,gaussian_blur,severe,457_0,457,hide_craze,consensus,3,17:hide_craze:stable_correct|29:hide_craze:stable_correct|43:hide_craze:stable_correct
severe_stable_correct,mobilenet_v3_small,gaussian_blur_severe,gaussian_blur,severe,457_1,457,hide_craze,consensus,3,17:hide_craze:stable_correct|29:hide_craze:stable_correct|43:hide_craze:stable_correct
severe_stable_correct,mobilenet_v3_small,gaussian_blur_severe,gaussian_blur,severe,457_2,457,hide_craze,consensus,3,17:hide_craze:stable_correct|29:hide_craze:stable_correct|43:hide_craze:stable_correct
severe_harmful_flip,mobilenet_v3_small,gaussian_blur_severe,gaussian_blur,severe,464_0,464,craze,consensus,3,17:surface_injure:harmful_flip|29:surface_injure:harmful_flip|43:surface_injure:harmful_flip
severe_stable_wrong,mobilenet_v3_small,gaussian_blur_severe,gaussian_blur,severe,464_1,464,hide_craze,consensus,3,17:surface_injure:stable_wrong|29:surface_injure:stable_wrong|43:surface_injure:stable_wrong
severe_stable_correct,mobilenet_v3_small,gaussian_blur_severe,gaussian_blur,severe,469_0,469,craze,consensus,3,17:craze:stable_correct|29:craze:stable_correct|43:craze:stable_correct
severe_stable_correct,mobilenet_v3_small,gaussian_blur_severe,gaussian_blur,severe,473_0,473,crack,consensus,3,17:crack:stable_correct|29:crack:stable_correct|43:crack:stable_correct
severe_stable_correct,mobilenet_v3_small,gaussian_blur_severe,gaussian_blur,severe,476_0,476,surface_injure,consensus,3,17:surface_injure:stable_correct|29:surface_injure:stable_correct|43:surface_injure:stable_correct
beneficial_flip,mobilenet_v3_small,gaussian_blur_severe,gaussian_blur,severe,479_0,479,surface_injure,majority,2,17:surface_injure:beneficial_flip|29:surface_injure:stable_correct|43:surface_injure:beneficial_flip
severe_stable_correct,mobilenet_v3_small,gaussian_blur_severe,gaussian_blur,severe,479_1,479,thunderstrike,consensus,3,17:thunderstrike:stable_correct|29:thunderstrike:stable_correct|43:thunderstrike:stable_correct
severe_harmful_flip,mobilenet_v3_small,gaussian_blur_severe,gaussian_blur,severe,501_0,501,corrosion,majority,2,17:surface_injure:harmful_flip|29:surface_injure:harmful_flip|43:corrosion:stable_correct
seed_disagreement,mobilenet_v3_small,gaussian_blur_severe,gaussian_blur,severe,501_0,501,corrosion,seed_disagreement,3,17:surface_injure:harmful_flip|29:surface_injure:harmful_flip|43:corrosion:stable_correct
severe_stable_correct,mobilenet_v3_small,gaussian_blur_severe,gaussian_blur,severe,505_0,505,corrosion,consensus,3,17:corrosion:stable_correct|29:corrosion:stable_correct|43:corrosion:stable_correct
severe_stable_correct,mobilenet_v3_small,gaussian_blur_severe,gaussian_blur,severe,511_0,511,hide_craze,consensus,3,17:hide_craze:stable_correct|29:hide_craze:stable_correct|43:hide_craze:stable_correct
severe_stable_correct,mobilenet_v3_small,gaussian_blur_severe,gaussian_blur,severe,511_1,511,hide_craze,majority,2,17:hide_craze:stable_correct|29:hide_craze:beneficial_flip|43:hide_craze:stable_correct
severe_stable_wrong,mobilenet_v3_small,gaussian_blur_severe,gaussian_blur,severe,521_0,521,corrosion,consensus,3,17:hide_craze:stable_wrong|29:hide_craze:stable_wrong|43:hide_craze:stable_wrong
beneficial_flip,mobilenet_v3_small,gaussian_blur_severe,gaussian_blur,severe,521_1,521,corrosion,majority,2,17:hide_craze:stable_wrong|29:corrosion:beneficial_flip|43:corrosion:beneficial_flip
seed_disagreement,mobilenet_v3_small,gaussian_blur_severe,gaussian_blur,severe,521_1,521,corrosion,seed_disagreement,3,17:hide_craze:stable_wrong|29:corrosion:beneficial_flip|43:corrosion:beneficial_flip
severe_stable_correct,mobilenet_v3_small,gaussian_blur_severe,gaussian_blur,severe,541_0,541,hide_craze,consensus,3,17:hide_craze:stable_correct|29:hide_craze:stable_correct|43:hide_craze:stable_correct
severe_stable_wrong,mobilenet_v3_small,gaussian_blur_severe,gaussian_blur,severe,546_0,546,corrosion,consensus,3,17:surface_injure:stable_wrong|29:surface_injure:stable_wrong|43:surface_injure:stable_wrong
severe_stable_wrong,mobilenet_v3_small,gaussian_blur_severe,gaussian_blur,severe,546_1,546,corrosion,consensus,3,17:hide_craze:stable_wrong|29:hide_craze:stable_wrong|43:hide_craze:stable_wrong
severe_stable_wrong,mobilenet_v3_small,gaussian_blur_severe,gaussian_blur,severe,546_2,546,corrosion,majority,2,17:hide_craze:stable_wrong|29:hide_craze:stable_wrong|43:surface_injure:harmful_flip
seed_disagreement,mobilenet_v3_small,gaussian_blur_severe,gaussian_blur,severe,546_2,546,corrosion,seed_disagreement,3,17:hide_craze:stable_wrong|29:hide_craze:stable_wrong|43:surface_injure:harmful_flip
severe_harmful_flip,mobilenet_v3_small,gaussian_blur_severe,gaussian_blur,severe,563_0,563,craze,consensus,3,17:surface_injure:harmful_flip|29:surface_injure:harmful_flip|43:surface_injure:harmful_flip
severe_stable_correct,mobilenet_v3_small,gaussian_blur_severe,gaussian_blur,severe,566_0,566,corrosion,majority,2,17:hide_craze:harmful_flip|29:corrosion:stable_correct|43:corrosion:stable_correct
seed_disagreement,mobilenet_v3_small,gaussian_blur_severe,gaussian_blur,severe,566_0,566,corrosion,seed_disagreement,3,17:hide_craze:harmful_flip|29:corrosion:stable_correct|43:corrosion:stable_correct
severe_stable_correct,mobilenet_v3_small,gaussian_blur_severe,gaussian_blur,severe,569_0,569,hide_craze,consensus,3,17:hide_craze:stable_correct|29:hide_craze:stable_correct|43:hide_craze:stable_correct
severe_stable_correct,mobilenet_v3_small,gaussian_blur_severe,gaussian_blur,severe,574_0,574,craze,majority,2,17:craze:stable_correct|29:craze:stable_correct|43:hide_craze:harmful_flip
seed_disagreement,mobilenet_v3_small,gaussian_blur_severe,gaussian_blur,severe,574_0,574,craze,seed_disagreement,3,17:craze:stable_correct|29:craze:stable_correct|43:hide_craze:harmful_flip
severe_harmful_flip,mobilenet_v3_small,gaussian_blur_severe,gaussian_blur,severe,580_0,580,craze,consensus,3,17:surface_injure:harmful_flip|29:surface_injure:harmful_flip|43:corrosion:harmful_flip
seed_disagreement,mobilenet_v3_small,gaussian_blur_severe,gaussian_blur,severe,580_0,580,craze,seed_disagreement,3,17:surface_injure:harmful_flip|29:surface_injure:harmful_flip|43:corrosion:harmful_flip
severe_harmful_flip,mobilenet_v3_small,gaussian_blur_severe,gaussian_blur,severe,591_0,591,thunderstrike,consensus,3,17:surface_injure:harmful_flip|29:surface_injure:harmful_flip|43:surface_injure:harmful_flip
severe_stable_correct,mobilenet_v3_small,gaussian_blur_severe,gaussian_blur,severe,591_1,591,surface_injure,consensus,3,17:surface_injure:stable_correct|29:surface_injure:stable_correct|43:surface_injure:stable_correct
severe_stable_correct,mobilenet_v3_small,gaussian_blur_severe,gaussian_blur,severe,591_2,591,surface_injure,consensus,3,17:surface_injure:stable_correct|29:surface_injure:stable_correct|43:surface_injure:stable_correct
severe_stable_correct,mobilenet_v3_small,gaussian_blur_severe,gaussian_blur,severe,597_0,597,hide_craze,majority,2,17:hide_craze:stable_correct|29:surface_injure:harmful_flip|43:hide_craze:stable_correct
seed_disagreement,mobilenet_v3_small,gaussian_blur_severe,gaussian_blur,severe,597_0,597,hide_craze,seed_disagreement,3,17:hide_craze:stable_correct|29:surface_injure:harmful_flip|43:hide_craze:stable_correct
severe_harmful_flip,mobilenet_v3_small,gaussian_blur_severe,gaussian_blur,severe,598_0,598,corrosion,majority,2,17:hide_craze:harmful_flip|29:corrosion:stable_correct|43:crack:harmful_flip
seed_disagreement,mobilenet_v3_small,gaussian_blur_severe,gaussian_blur,severe,598_0,598,corrosion,seed_disagreement,3,17:hide_craze:harmful_flip|29:corrosion:stable_correct|43:crack:harmful_flip
severe_stable_correct,mobilenet_v3_small,gaussian_blur_severe,gaussian_blur,severe,598_1,598,corrosion,majority,2,17:surface_injure:harmful_flip|29:corrosion:stable_correct|43:corrosion:stable_correct
seed_disagreement,mobilenet_v3_small,gaussian_blur_severe,gaussian_blur,severe,598_1,598,corrosion,seed_disagreement,3,17:surface_injure:harmful_flip|29:corrosion:stable_correct|43:corrosion:stable_correct
severe_stable_correct,mobilenet_v3_small,gaussian_blur_severe,gaussian_blur,severe,600_0,600,hide_craze,consensus,3,17:hide_craze:stable_correct|29:hide_craze:stable_correct|43:hide_craze:stable_correct
severe_stable_correct,mobilenet_v3_small,gaussian_blur_severe,gaussian_blur,severe,610_0,610,hide_craze,consensus,3,17:hide_craze:stable_correct|29:hide_craze:stable_correct|43:hide_craze:stable_correct
severe_stable_correct,mobilenet_v3_small,gaussian_blur_severe,gaussian_blur,severe,623_0,623,hide_craze,consensus,3,17:hide_craze:stable_correct|29:hide_craze:stable_correct|43:hide_craze:stable_correct
severe_stable_wrong,mobilenet_v3_small,gaussian_blur_severe,gaussian_blur,severe,623_1,623,surface_injure,majority,2,17:hide_craze:stable_wrong|29:crack:changed_wrong|43:crack:stable_wrong
seed_disagreement,mobilenet_v3_small,gaussian_blur_severe,gaussian_blur,severe,623_1,623,surface_injure,seed_disagreement,3,17:hide_craze:stable_wrong|29:crack:changed_wrong|43:crack:stable_wrong
severe_stable_correct,mobilenet_v3_small,gaussian_blur_severe,gaussian_blur,severe,633_0,633,hide_craze,consensus,3,17:hide_craze:stable_correct|29:hide_craze:stable_correct|43:hide_craze:stable_correct
severe_stable_correct,mobilenet_v3_small,gaussian_blur_severe,gaussian_blur,severe,642_0,642,hide_craze,consensus,3,17:hide_craze:stable_correct|29:hide_craze:stable_correct|43:hide_craze:stable_correct
severe_stable_correct,mobilenet_v3_small,gaussian_blur_severe,gaussian_blur,severe,642_1,642,surface_injure,consensus,3,17:surface_injure:stable_correct|29:surface_injure:stable_correct|43:surface_injure:stable_correct
seed_disagreement,mobilenet_v3_small,gaussian_blur_severe,gaussian_blur,severe,643_0,643,hide_craze,seed_disagreement,3,17:surface_injure:stable_wrong|29:hide_craze:beneficial_flip|43:hide_craze:stable_correct
severe_harmful_flip,mobilenet_v3_small,gaussian_blur_severe,gaussian_blur,severe,650_0,650,corrosion,majority,2,17:corrosion:stable_correct|29:crack:harmful_flip|43:crack:harmful_flip
seed_disagreement,mobilenet_v3_small,gaussian_blur_severe,gaussian_blur,severe,650_0,650,corrosion,seed_disagreement,3,17:corrosion:stable_correct|29:crack:harmful_flip|43:crack:harmful_flip
severe_stable_correct,mobilenet_v3_small,gaussian_blur_severe,gaussian_blur,severe,655_0,655,hide_craze,majority,2,17:hide_craze:stable_correct|29:hide_craze:stable_correct|43:crack:harmful_flip
seed_disagreement,mobilenet_v3_small,gaussian_blur_severe,gaussian_blur,severe,655_0,655,hide_craze,seed_disagreement,3,17:hide_craze:stable_correct|29:hide_craze:stable_correct|43:crack:harmful_flip
severe_stable_wrong,mobilenet_v3_small,gaussian_blur_severe,gaussian_blur,severe,658_0,658,corrosion,majority,2,17:crack:stable_wrong|29:crack:stable_wrong|43:crack:changed_wrong
severe_stable_correct,mobilenet_v3_small,gaussian_blur_severe,gaussian_blur,severe,663_0,663,hide_craze,consensus,3,17:hide_craze:stable_correct|29:hide_craze:stable_correct|43:hide_craze:stable_correct
severe_stable_correct,mobilenet_v3_small,gaussian_blur_severe,gaussian_blur,severe,671_0,671,hide_craze,consensus,3,17:hide_craze:stable_correct|29:hide_craze:stable_correct|43:hide_craze:stable_correct
severe_stable_wrong,mobilenet_v3_small,gaussian_blur_severe,gaussian_blur,severe,671_1,671,surface_injure,consensus,3,17:hide_craze:stable_wrong|29:hide_craze:stable_wrong|43:hide_craze:stable_wrong
severe_stable_correct,mobilenet_v3_small,gaussian_blur_severe,gaussian_blur,severe,677_0,677,hide_craze,consensus,3,17:hide_craze:stable_correct|29:hide_craze:stable_correct|43:hide_craze:stable_correct
severe_harmful_flip,mobilenet_v3_small,gaussian_blur_severe,gaussian_blur,severe,686_0,686,thunderstrike,majority,2,17:surface_injure:harmful_flip|29:thunderstrike:stable_correct|43:surface_injure:harmful_flip
seed_disagreement,mobilenet_v3_small,gaussian_blur_severe,gaussian_blur,severe,686_0,686,thunderstrike,seed_disagreement,3,17:surface_injure:harmful_flip|29:thunderstrike:stable_correct|43:surface_injure:harmful_flip
severe_stable_correct,mobilenet_v3_small,gaussian_blur_severe,gaussian_blur,severe,689_0,689,surface_injure,majority,2,17:surface_injure:stable_correct|29:surface_injure:beneficial_flip|43:surface_injure:stable_correct
severe_stable_correct,mobilenet_v3_small,gaussian_blur_severe,gaussian_blur,severe,689_1,689,surface_injure,consensus,3,17:surface_injure:stable_correct|29:surface_injure:stable_correct|43:surface_injure:stable_correct
severe_stable_correct,mobilenet_v3_small,gaussian_blur_severe,gaussian_blur,severe,689_2,689,surface_injure,consensus,3,17:surface_injure:stable_correct|29:surface_injure:stable_correct|43:surface_injure:stable_correct
severe_stable_correct,mobilenet_v3_small,gaussian_blur_severe,gaussian_blur,severe,689_3,689,surface_injure,consensus,3,17:surface_injure:stable_correct|29:surface_injure:stable_correct|43:surface_injure:stable_correct
severe_stable_correct,mobilenet_v3_small,gaussian_blur_severe,gaussian_blur,severe,696_0,696,hide_craze,consensus,3,17:hide_craze:stable_correct|29:hide_craze:stable_correct|43:hide_craze:stable_correct
severe_stable_correct,mobilenet_v3_small,gaussian_blur_severe,gaussian_blur,severe,696_1,696,hide_craze,consensus,3,17:hide_craze:stable_correct|29:hide_craze:stable_correct|43:hide_craze:stable_correct
severe_harmful_flip,mobilenet_v3_small,gaussian_blur_severe,gaussian_blur,severe,699_0,699,thunderstrike,majority,2,17:thunderstrike:stable_correct|29:craze:harmful_flip|43:surface_injure:harmful_flip
seed_disagreement,mobilenet_v3_small,gaussian_blur_severe,gaussian_blur,severe,699_0,699,thunderstrike,seed_disagreement,3,17:thunderstrike:stable_correct|29:craze:harmful_flip|43:surface_injure:harmful_flip
severe_harmful_flip,mobilenet_v3_small,gaussian_blur_severe,gaussian_blur,severe,701_0,701,craze,consensus,3,17:crack:harmful_flip|29:hide_craze:harmful_flip|43:hide_craze:harmful_flip
seed_disagreement,mobilenet_v3_small,gaussian_blur_severe,gaussian_blur,severe,701_0,701,craze,seed_disagreement,3,17:crack:harmful_flip|29:hide_craze:harmful_flip|43:hide_craze:harmful_flip
severe_stable_correct,mobilenet_v3_small,gaussian_blur_severe,gaussian_blur,severe,704_0,704,corrosion,majority,2,17:hide_craze:harmful_flip|29:corrosion:stable_correct|43:corrosion:stable_correct
seed_disagreement,mobilenet_v3_small,gaussian_blur_severe,gaussian_blur,severe,704_0,704,corrosion,seed_disagreement,3,17:hide_craze:harmful_flip|29:corrosion:stable_correct|43:corrosion:stable_correct
severe_harmful_flip,mobilenet_v3_small,gaussian_blur_severe,gaussian_blur,severe,721_0,721,hide_craze,consensus,3,17:surface_injure:harmful_flip|29:surface_injure:harmful_flip|43:surface_injure:harmful_flip
severe_harmful_flip,mobilenet_v3_small,gaussian_blur_severe,gaussian_blur,severe,824_0,824,craze,majority,2,17:corrosion:harmful_flip|29:surface_injure:harmful_flip|43:craze:stable_correct
seed_disagreement,mobilenet_v3_small,gaussian_blur_severe,gaussian_blur,severe,824_0,824,craze,seed_disagreement,3,17:corrosion:harmful_flip|29:surface_injure:harmful_flip|43:craze:stable_correct
severe_harmful_flip,mobilenet_v3_small,gaussian_blur_severe,gaussian_blur,severe,863_0,863,thunderstrike,consensus,3,17:crack:harmful_flip|29:crack:harmful_flip|43:crack:harmful_flip
severe_stable_correct,mobilenet_v3_small,gaussian_blur_severe,gaussian_blur,severe,864_0,864,surface_injure,consensus,3,17:surface_injure:stable_correct|29:surface_injure:stable_correct|43:surface_injure:stable_correct
severe_stable_correct,mobilenet_v3_small,gaussian_blur_severe,gaussian_blur,severe,875_0,875,hide_craze,consensus,3,17:hide_craze:stable_correct|29:hide_craze:stable_correct|43:hide_craze:stable_correct
severe_stable_correct,mobilenet_v3_small,gaussian_blur_severe,gaussian_blur,severe,875_1,875,hide_craze,consensus,3,17:hide_craze:stable_correct|29:hide_craze:stable_correct|43:hide_craze:stable_correct
severe_stable_correct,mobilenet_v3_small,gaussian_blur_severe,gaussian_blur,severe,1017_0,1017,hide_craze,consensus,3,17:hide_craze:stable_correct|29:hide_craze:stable_correct|43:hide_craze:stable_correct
severe_stable_correct,mobilenet_v3_small,gaussian_blur_severe,gaussian_blur,severe,1017_1,1017,hide_craze,consensus,3,17:hide_craze:stable_correct|29:hide_craze:stable_correct|43:hide_craze:stable_correct
seed_disagreement,mobilenet_v3_small,resolution_mild,resolution,mild,51_0,51,craze,seed_disagreement,3,17:surface_injure:stable_wrong|29:corrosion:stable_wrong|43:corrosion:stable_wrong
seed_disagreement,mobilenet_v3_small,resolution_mild,resolution,mild,57_0,57,craze,seed_disagreement,3,17:corrosion:stable_wrong|29:corrosion:stable_wrong|43:surface_injure:changed_wrong
seed_disagreement,mobilenet_v3_small,resolution_mild,resolution,mild,57_1,57,surface_injure,seed_disagreement,3,17:corrosion:stable_wrong|29:surface_injure:stable_correct|43:surface_injure:stable_correct
seed_disagreement,mobilenet_v3_small,resolution_mild,resolution,mild,61_2,61,craze,seed_disagreement,3,17:craze:stable_correct|29:corrosion:harmful_flip|43:craze:stable_correct
seed_disagreement,mobilenet_v3_small,resolution_mild,resolution,mild,65_0,65,corrosion,seed_disagreement,3,17:corrosion:stable_correct|29:crack:harmful_flip|43:corrosion:stable_correct
seed_disagreement,mobilenet_v3_small,resolution_mild,resolution,mild,73_0,73,craze,seed_disagreement,3,17:craze:stable_correct|29:craze:stable_correct|43:surface_injure:harmful_flip
seed_disagreement,mobilenet_v3_small,resolution_mild,resolution,mild,142_0,142,surface_injure,seed_disagreement,3,17:hide_craze:stable_wrong|29:hide_craze:changed_wrong|43:corrosion:stable_wrong
seed_disagreement,mobilenet_v3_small,resolution_mild,resolution,mild,228_0,228,hide_craze,seed_disagreement,3,17:craze:stable_wrong|29:craze:stable_wrong|43:hide_craze:stable_correct
seed_disagreement,mobilenet_v3_small,resolution_mild,resolution,mild,238_0,238,crack,seed_disagreement,3,17:crack:stable_correct|29:crack:stable_correct|43:surface_injure:harmful_flip
seed_disagreement,mobilenet_v3_small,resolution_mild,resolution,mild,255_0,255,surface_injure,seed_disagreement,3,17:corrosion:stable_wrong|29:corrosion:stable_wrong|43:surface_injure:beneficial_flip
seed_disagreement,mobilenet_v3_small,resolution_mild,resolution,mild,276_0,276,hide_craze,seed_disagreement,3,17:hide_craze:stable_correct|29:corrosion:stable_wrong|43:hide_craze:stable_correct
seed_disagreement,mobilenet_v3_small,resolution_mild,resolution,mild,276_1,276,hide_craze,seed_disagreement,3,17:hide_craze:stable_correct|29:corrosion:stable_wrong|43:hide_craze:stable_correct
seed_disagreement,mobilenet_v3_small,resolution_mild,resolution,mild,323_0,323,corrosion,seed_disagreement,3,17:surface_injure:stable_wrong|29:hide_craze:stable_wrong|43:surface_injure:stable_wrong
seed_disagreement,mobilenet_v3_small,resolution_mild,resolution,mild,326_1,326,craze,seed_disagreement,3,17:craze:stable_correct|29:craze:stable_correct|43:surface_injure:stable_wrong
seed_disagreement,mobilenet_v3_small,resolution_mild,resolution,mild,390_0,390,corrosion,seed_disagreement,3,17:surface_injure:harmful_flip|29:corrosion:stable_correct|43:surface_injure:harmful_flip
seed_disagreement,mobilenet_v3_small,resolution_mild,resolution,mild,408_0,408,corrosion,seed_disagreement,3,17:corrosion:stable_correct|29:hide_craze:harmful_flip|43:corrosion:stable_correct
seed_disagreement,mobilenet_v3_small,resolution_mild,resolution,mild,410_0,410,corrosion,seed_disagreement,3,17:corrosion:stable_correct|29:craze:harmful_flip|43:craze:stable_wrong
seed_disagreement,mobilenet_v3_small,resolution_mild,resolution,mild,479_0,479,surface_injure,seed_disagreement,3,17:thunderstrike:stable_wrong|29:surface_injure:stable_correct|43:surface_injure:beneficial_flip
seed_disagreement,mobilenet_v3_small,resolution_mild,resolution,mild,511_0,511,hide_craze,seed_disagreement,3,17:hide_craze:stable_correct|29:crack:harmful_flip|43:hide_craze:stable_correct
seed_disagreement,mobilenet_v3_small,resolution_mild,resolution,mild,511_1,511,hide_craze,seed_disagreement,3,17:hide_craze:stable_correct|29:crack:stable_wrong|43:hide_craze:stable_correct
seed_disagreement,mobilenet_v3_small,resolution_mild,resolution,mild,521_1,521,corrosion,seed_disagreement,3,17:hide_craze:stable_wrong|29:hide_craze:stable_wrong|43:corrosion:beneficial_flip
beneficial_flip,mobilenet_v3_small,resolution_mild,resolution,mild,546_2,546,corrosion,majority,2,17:corrosion:beneficial_flip|29:corrosion:beneficial_flip|43:corrosion:stable_correct
seed_disagreement,mobilenet_v3_small,resolution_mild,resolution,mild,563_0,563,craze,seed_disagreement,3,17:craze:stable_correct|29:surface_injure:harmful_flip|43:surface_injure:harmful_flip
seed_disagreement,mobilenet_v3_small,resolution_mild,resolution,mild,623_1,623,surface_injure,seed_disagreement,3,17:hide_craze:stable_wrong|29:crack:changed_wrong|43:crack:stable_wrong
seed_disagreement,mobilenet_v3_small,resolution_mild,resolution,mild,643_0,643,hide_craze,seed_disagreement,3,17:surface_injure:stable_wrong|29:surface_injure:stable_wrong|43:hide_craze:stable_correct
seed_disagreement,mobilenet_v3_small,resolution_moderate,resolution,moderate,51_0,51,craze,seed_disagreement,3,17:surface_injure:stable_wrong|29:corrosion:stable_wrong|43:corrosion:stable_wrong
seed_disagreement,mobilenet_v3_small,resolution_moderate,resolution,moderate,51_1,51,craze,seed_disagreement,3,17:hide_craze:harmful_flip|29:craze:stable_correct|43:hide_craze:harmful_flip
seed_disagreement,mobilenet_v3_small,resolution_moderate,resolution,moderate,57_0,57,craze,seed_disagreement,3,17:corrosion:stable_wrong|29:corrosion:stable_wrong|43:surface_injure:changed_wrong
seed_disagreement,mobilenet_v3_small,resolution_moderate,resolution,moderate,61_1,61,craze,seed_disagreement,3,17:craze:stable_correct|29:surface_injure:harmful_flip|43:craze:stable_correct
seed_disagreement,mobilenet_v3_small,resolution_moderate,resolution,moderate,65_0,65,corrosion,seed_disagreement,3,17:hide_craze:harmful_flip|29:crack:harmful_flip|43:corrosion:stable_correct
seed_disagreement,mobilenet_v3_small,resolution_moderate,resolution,moderate,73_0,73,craze,seed_disagreement,3,17:craze:stable_correct|29:craze:stable_correct|43:surface_injure:harmful_flip
seed_disagreement,mobilenet_v3_small,resolution_moderate,resolution,moderate,142_0,142,surface_injure,seed_disagreement,3,17:hide_craze:stable_wrong|29:hide_craze:changed_wrong|43:corrosion:stable_wrong
seed_disagreement,mobilenet_v3_small,resolution_moderate,resolution,moderate,167_1,167,craze,seed_disagreement,3,17:hide_craze:harmful_flip|29:hide_craze:harmful_flip|43:craze:stable_correct
seed_disagreement,mobilenet_v3_small,resolution_moderate,resolution,moderate,228_0,228,hide_craze,seed_disagreement,3,17:craze:stable_wrong|29:hide_craze:beneficial_flip|43:hide_craze:stable_correct
seed_disagreement,mobilenet_v3_small,resolution_moderate,resolution,moderate,238_0,238,crack,seed_disagreement,3,17:crack:stable_correct|29:crack:stable_correct|43:surface_injure:harmful_flip
beneficial_flip,mobilenet_v3_small,resolution_moderate,resolution,moderate,255_0,255,surface_injure,majority,2,17:surface_injure:beneficial_flip|29:hide_craze:changed_wrong|43:surface_injure:beneficial_flip
seed_disagreement,mobilenet_v3_small,resolution_moderate,resolution,moderate,255_0,255,surface_injure,seed_disagreement,3,17:surface_injure:beneficial_flip|29:hide_craze:changed_wrong|43:surface_injure:beneficial_flip
seed_disagreement,mobilenet_v3_small,resolution_moderate,resolution,moderate,326_1,326,craze,seed_disagreement,3,17:hide_craze:harmful_flip|29:craze:stable_correct|43:surface_injure:stable_wrong
seed_disagreement,mobilenet_v3_small,resolution_moderate,resolution,moderate,332_0,332,surface_injure,seed_disagreement,3,17:surface_injure:stable_correct|29:surface_injure:stable_correct|43:craze:harmful_flip
seed_disagreement,mobilenet_v3_small,resolution_moderate,resolution,moderate,408_0,408,corrosion,seed_disagreement,3,17:corrosion:stable_correct|29:hide_craze:harmful_flip|43:corrosion:stable_correct
seed_disagreement,mobilenet_v3_small,resolution_moderate,resolution,moderate,410_0,410,corrosion,seed_disagreement,3,17:corrosion:stable_correct|29:surface_injure:harmful_flip|43:corrosion:beneficial_flip
seed_disagreement,mobilenet_v3_small,resolution_moderate,resolution,moderate,410_1,410,corrosion,seed_disagreement,3,17:corrosion:stable_correct|29:surface_injure:harmful_flip|43:corrosion:beneficial_flip
seed_disagreement,mobilenet_v3_small,resolution_moderate,resolution,moderate,464_0,464,craze,seed_disagreement,3,17:surface_injure:harmful_flip|29:surface_injure:harmful_flip|43:craze:stable_correct
seed_disagreement,mobilenet_v3_small,resolution_moderate,resolution,moderate,479_0,479,surface_injure,seed_disagreement,3,17:thunderstrike:stable_wrong|29:surface_injure:stable_correct|43:surface_injure:beneficial_flip
seed_disagreement,mobilenet_v3_small,resolution_moderate,resolution,moderate,511_1,511,hide_craze,seed_disagreement,3,17:hide_craze:stable_correct|29:crack:stable_wrong|43:hide_craze:stable_correct
seed_disagreement,mobilenet_v3_small,resolution_moderate,resolution,moderate,521_1,521,corrosion,seed_disagreement,3,17:hide_craze:stable_wrong|29:hide_craze:stable_wrong|43:corrosion:beneficial_flip
seed_disagreement,mobilenet_v3_small,resolution_moderate,resolution,moderate,546_2,546,corrosion,seed_disagreement,3,17:hide_craze:stable_wrong|29:hide_craze:stable_wrong|43:surface_injure:harmful_flip
seed_disagreement,mobilenet_v3_small,resolution_moderate,resolution,moderate,591_0,591,thunderstrike,seed_disagreement,3,17:thunderstrike:stable_correct|29:thunderstrike:stable_correct|43:surface_injure:harmful_flip
seed_disagreement,mobilenet_v3_small,resolution_moderate,resolution,moderate,623_1,623,surface_injure,seed_disagreement,3,17:hide_craze:stable_wrong|29:crack:changed_wrong|43:crack:stable_wrong
seed_disagreement,mobilenet_v3_small,resolution_moderate,resolution,moderate,824_0,824,craze,seed_disagreement,3,17:craze:stable_correct|29:crack:harmful_flip|43:craze:stable_correct
severe_stable_correct,mobilenet_v3_small,resolution_severe,resolution,severe,13_0,13,hide_craze,consensus,3,17:hide_craze:stable_correct|29:hide_craze:stable_correct|43:hide_craze:stable_correct
severe_stable_correct,mobilenet_v3_small,resolution_severe,resolution,severe,13_1,13,hide_craze,consensus,3,17:hide_craze:stable_correct|29:hide_craze:stable_correct|43:hide_craze:stable_correct
severe_stable_correct,mobilenet_v3_small,resolution_severe,resolution,severe,32_0,32,thunderstrike,majority,2,17:surface_injure:harmful_flip|29:thunderstrike:stable_correct|43:thunderstrike:stable_correct
seed_disagreement,mobilenet_v3_small,resolution_severe,resolution,severe,32_0,32,thunderstrike,seed_disagreement,3,17:surface_injure:harmful_flip|29:thunderstrike:stable_correct|43:thunderstrike:stable_correct
severe_stable_correct,mobilenet_v3_small,resolution_severe,resolution,severe,32_1,32,thunderstrike,consensus,3,17:thunderstrike:stable_correct|29:thunderstrike:stable_correct|43:thunderstrike:stable_correct
severe_harmful_flip,mobilenet_v3_small,resolution_severe,resolution,severe,46_0,46,corrosion,majority,2,17:corrosion:stable_correct|29:surface_injure:harmful_flip|43:surface_injure:harmful_flip
seed_disagreement,mobilenet_v3_small,resolution_severe,resolution,severe,46_0,46,corrosion,seed_disagreement,3,17:corrosion:stable_correct|29:surface_injure:harmful_flip|43:surface_injure:harmful_flip
severe_stable_correct,mobilenet_v3_small,resolution_severe,resolution,severe,46_1,46,corrosion,majority,2,17:corrosion:stable_correct|29:surface_injure:harmful_flip|43:corrosion:stable_correct
seed_disagreement,mobilenet_v3_small,resolution_severe,resolution,severe,46_1,46,corrosion,seed_disagreement,3,17:corrosion:stable_correct|29:surface_injure:harmful_flip|43:corrosion:stable_correct
severe_stable_correct,mobilenet_v3_small,resolution_severe,resolution,severe,48_0,48,surface_injure,majority,2,17:surface_injure:stable_correct|29:surface_injure:stable_correct|43:surface_injure:beneficial_flip
severe_harmful_flip,mobilenet_v3_small,resolution_severe,resolution,severe,51_1,51,craze,consensus,3,17:hide_craze:harmful_flip|29:hide_craze:harmful_flip|43:hide_craze:harmful_flip
severe_stable_correct,mobilenet_v3_small,resolution_severe,resolution,severe,54_0,54,hide_craze,consensus,3,17:hide_craze:stable_correct|29:hide_craze:stable_correct|43:hide_craze:stable_correct
severe_stable_correct,mobilenet_v3_small,resolution_severe,resolution,severe,54_1,54,hide_craze,consensus,3,17:hide_craze:stable_correct|29:hide_craze:stable_correct|43:hide_craze:stable_correct
seed_disagreement,mobilenet_v3_small,resolution_severe,resolution,severe,57_0,57,craze,seed_disagreement,3,17:craze:beneficial_flip|29:surface_injure:changed_wrong|43:surface_injure:changed_wrong
severe_stable_correct,mobilenet_v3_small,resolution_severe,resolution,severe,57_1,57,surface_injure,majority,2,17:surface_injure:beneficial_flip|29:surface_injure:stable_correct|43:surface_injure:stable_correct
severe_stable_correct,mobilenet_v3_small,resolution_severe,resolution,severe,61_0,61,craze,majority,2,17:craze:stable_correct|29:hide_craze:harmful_flip|43:craze:stable_correct
seed_disagreement,mobilenet_v3_small,resolution_severe,resolution,severe,61_0,61,craze,seed_disagreement,3,17:craze:stable_correct|29:hide_craze:harmful_flip|43:craze:stable_correct
severe_stable_correct,mobilenet_v3_small,resolution_severe,resolution,severe,61_1,61,craze,majority,2,17:craze:stable_correct|29:surface_injure:harmful_flip|43:craze:stable_correct
seed_disagreement,mobilenet_v3_small,resolution_severe,resolution,severe,61_1,61,craze,seed_disagreement,3,17:craze:stable_correct|29:surface_injure:harmful_flip|43:craze:stable_correct
severe_harmful_flip,mobilenet_v3_small,resolution_severe,resolution,severe,61_2,61,craze,consensus,3,17:surface_injure:harmful_flip|29:surface_injure:harmful_flip|43:corrosion:harmful_flip
seed_disagreement,mobilenet_v3_small,resolution_severe,resolution,severe,61_2,61,craze,seed_disagreement,3,17:surface_injure:harmful_flip|29:surface_injure:harmful_flip|43:corrosion:harmful_flip
severe_harmful_flip,mobilenet_v3_small,resolution_severe,resolution,severe,65_0,65,corrosion,majority,2,17:hide_craze:harmful_flip|29:crack:harmful_flip|43:corrosion:stable_correct
seed_disagreement,mobilenet_v3_small,resolution_severe,resolution,severe,65_0,65,corrosion,seed_disagreement,3,17:hide_craze:harmful_flip|29:crack:harmful_flip|43:corrosion:stable_correct
severe_stable_correct,mobilenet_v3_small,resolution_severe,resolution,severe,67_0,67,hide_craze,consensus,3,17:hide_craze:stable_correct|29:hide_craze:stable_correct|43:hide_craze:stable_correct
severe_stable_correct,mobilenet_v3_small,resolution_severe,resolution,severe,71_0,71,craze,consensus,3,17:craze:stable_correct|29:craze:stable_correct|43:craze:stable_correct
severe_harmful_flip,mobilenet_v3_small,resolution_severe,resolution,severe,73_0,73,craze,consensus,3,17:surface_injure:harmful_flip|29:surface_injure:harmful_flip|43:surface_injure:harmful_flip
severe_stable_correct,mobilenet_v3_small,resolution_severe,resolution,severe,81_0,81,craze,consensus,3,17:craze:stable_correct|29:craze:stable_correct|43:craze:stable_correct
severe_stable_correct,mobilenet_v3_small,resolution_severe,resolution,severe,81_1,81,craze,majority,2,17:craze:stable_correct|29:craze:stable_correct|43:hide_craze:harmful_flip
seed_disagreement,mobilenet_v3_small,resolution_severe,resolution,severe,81_1,81,craze,seed_disagreement,3,17:craze:stable_correct|29:craze:stable_correct|43:hide_craze:harmful_flip
severe_stable_correct,mobilenet_v3_small,resolution_severe,resolution,severe,81_2,81,craze,consensus,3,17:craze:stable_correct|29:craze:stable_correct|43:craze:stable_correct
severe_stable_correct,mobilenet_v3_small,resolution_severe,resolution,severe,88_0,88,crack,consensus,3,17:crack:stable_correct|29:crack:stable_correct|43:crack:stable_correct
severe_stable_correct,mobilenet_v3_small,resolution_severe,resolution,severe,93_0,93,craze,consensus,3,17:craze:stable_correct|29:craze:stable_correct|43:craze:stable_correct
severe_stable_correct,mobilenet_v3_small,resolution_severe,resolution,severe,103_0,103,craze,consensus,3,17:craze:stable_correct|29:craze:stable_correct|43:craze:stable_correct
severe_harmful_flip,mobilenet_v3_small,resolution_severe,resolution,severe,112_0,112,thunderstrike,consensus,3,17:surface_injure:harmful_flip|29:surface_injure:harmful_flip|43:surface_injure:harmful_flip
severe_stable_correct,mobilenet_v3_small,resolution_severe,resolution,severe,112_1,112,surface_injure,consensus,3,17:surface_injure:stable_correct|29:surface_injure:stable_correct|43:surface_injure:stable_correct
seed_disagreement,mobilenet_v3_small,resolution_severe,resolution,severe,142_0,142,surface_injure,seed_disagreement,3,17:hide_craze:stable_wrong|29:hide_craze:changed_wrong|43:surface_injure:beneficial_flip
severe_stable_correct,mobilenet_v3_small,resolution_severe,resolution,severe,146_0,146,hide_craze,consensus,3,17:hide_craze:stable_correct|29:hide_craze:stable_correct|43:hide_craze:stable_correct
severe_stable_correct,mobilenet_v3_small,resolution_severe,resolution,severe,156_0,156,craze,consensus,3,17:craze:stable_correct|29:craze:stable_correct|43:craze:stable_correct
severe_stable_correct,mobilenet_v3_small,resolution_severe,resolution,severe,161_0,161,corrosion,consensus,3,17:corrosion:stable_correct|29:corrosion:stable_correct|43:corrosion:stable_correct
severe_stable_correct,mobilenet_v3_small,resolution_severe,resolution,severe,163_0,163,hide_craze,consensus,3,17:hide_craze:stable_correct|29:hide_craze:stable_correct|43:hide_craze:stable_correct
severe_stable_correct,mobilenet_v3_small,resolution_severe,resolution,severe,166_0,166,craze,consensus,3,17:craze:stable_correct|29:craze:stable_correct|43:craze:stable_correct
severe_stable_correct,mobilenet_v3_small,resolution_severe,resolution,severe,167_0,167,craze,consensus,3,17:craze:stable_correct|29:craze:stable_correct|43:craze:stable_correct
severe_stable_correct,mobilenet_v3_small,resolution_severe,resolution,severe,167_1,167,craze,majority,2,17:craze:stable_correct|29:hide_craze:harmful_flip|43:craze:stable_correct
seed_disagreement,mobilenet_v3_small,resolution_severe,resolution,severe,167_1,167,craze,seed_disagreement,3,17:craze:stable_correct|29:hide_craze:harmful_flip|43:craze:stable_correct
severe_stable_correct,mobilenet_v3_small,resolution_severe,resolution,severe,178_0,178,surface_injure,consensus,3,17:surface_injure:stable_correct|29:surface_injure:stable_correct|43:surface_injure:stable_correct
severe_stable_correct,mobilenet_v3_small,resolution_severe,resolution,severe,178_1,178,surface_injure,consensus,3,17:surface_injure:stable_correct|29:surface_injure:stable_correct|43:surface_injure:stable_correct
severe_stable_correct,mobilenet_v3_small,resolution_severe,resolution,severe,178_2,178,surface_injure,majority,2,17:surface_injure:stable_correct|29:hide_craze:harmful_flip|43:surface_injure:stable_correct
seed_disagreement,mobilenet_v3_small,resolution_severe,resolution,severe,178_2,178,surface_injure,seed_disagreement,3,17:surface_injure:stable_correct|29:hide_craze:harmful_flip|43:surface_injure:stable_correct
severe_harmful_flip,mobilenet_v3_small,resolution_severe,resolution,severe,198_0,198,craze,consensus,3,17:surface_injure:harmful_flip|29:surface_injure:harmful_flip|43:surface_injure:harmful_flip
severe_stable_correct,mobilenet_v3_small,resolution_severe,resolution,severe,198_1,198,hide_craze,consensus,3,17:hide_craze:stable_correct|29:hide_craze:stable_correct|43:hide_craze:stable_correct
severe_harmful_flip,mobilenet_v3_small,resolution_severe,resolution,severe,209_0,209,hide_craze,consensus,3,17:surface_injure:harmful_flip|29:surface_injure:harmful_flip|43:surface_injure:harmful_flip
severe_stable_correct,mobilenet_v3_small,resolution_severe,resolution,severe,214_0,214,craze,majority,2,17:craze:stable_correct|29:surface_injure:harmful_flip|43:craze:stable_correct
seed_disagreement,mobilenet_v3_small,resolution_severe,resolution,severe,214_0,214,craze,seed_disagreement,3,17:craze:stable_correct|29:surface_injure:harmful_flip|43:craze:stable_correct
severe_stable_correct,mobilenet_v3_small,resolution_severe,resolution,severe,216_0,216,crack,consensus,3,17:crack:stable_correct|29:crack:stable_correct|43:crack:stable_correct
severe_stable_correct,mobilenet_v3_small,resolution_severe,resolution,severe,217_0,217,surface_injure,majority,2,17:surface_injure:stable_correct|29:surface_injure:stable_correct|43:crack:harmful_flip
seed_disagreement,mobilenet_v3_small,resolution_severe,resolution,severe,217_0,217,surface_injure,seed_disagreement,3,17:surface_injure:stable_correct|29:surface_injure:stable_correct|43:crack:harmful_flip
severe_stable_correct,mobilenet_v3_small,resolution_severe,resolution,severe,224_0,224,hide_craze,consensus,3,17:hide_craze:stable_correct|29:hide_craze:stable_correct|43:hide_craze:stable_correct
seed_disagreement,mobilenet_v3_small,resolution_severe,resolution,severe,228_0,228,hide_craze,seed_disagreement,3,17:craze:stable_wrong|29:hide_craze:beneficial_flip|43:hide_craze:stable_correct
severe_stable_correct,mobilenet_v3_small,resolution_severe,resolution,severe,228_1,228,hide_craze,consensus,3,17:hide_craze:stable_correct|29:hide_craze:stable_correct|43:hide_craze:stable_correct
severe_stable_correct,mobilenet_v3_small,resolution_severe,resolution,severe,234_0,234,surface_injure,consensus,3,17:surface_injure:stable_correct|29:surface_injure:stable_correct|43:surface_injure:stable_correct
severe_stable_correct,mobilenet_v3_small,resolution_severe,resolution,severe,234_1,234,hide_craze,consensus,3,17:hide_craze:stable_correct|29:hide_craze:stable_correct|43:hide_craze:stable_correct
severe_stable_correct,mobilenet_v3_small,resolution_severe,resolution,severe,234_2,234,hide_craze,consensus,3,17:hide_craze:stable_correct|29:hide_craze:stable_correct|43:hide_craze:stable_correct
severe_stable_correct,mobilenet_v3_small,resolution_severe,resolution,severe,234_3,234,hide_craze,consensus,3,17:hide_craze:stable_correct|29:hide_craze:stable_correct|43:hide_craze:stable_correct
severe_stable_correct,mobilenet_v3_small,resolution_severe,resolution,severe,234_4,234,hide_craze,consensus,3,17:hide_craze:stable_correct|29:hide_craze:stable_correct|43:hide_craze:stable_correct
severe_harmful_flip,mobilenet_v3_small,resolution_severe,resolution,severe,238_0,238,crack,majority,2,17:surface_injure:harmful_flip|29:crack:stable_correct|43:surface_injure:harmful_flip
seed_disagreement,mobilenet_v3_small,resolution_severe,resolution,severe,238_0,238,crack,seed_disagreement,3,17:surface_injure:harmful_flip|29:crack:stable_correct|43:surface_injure:harmful_flip
severe_stable_correct,mobilenet_v3_small,resolution_severe,resolution,severe,238_1,238,crack,consensus,3,17:crack:stable_correct|29:crack:stable_correct|43:crack:stable_correct
severe_stable_correct,mobilenet_v3_small,resolution_severe,resolution,severe,250_0,250,crack,consensus,3,17:crack:stable_correct|29:crack:stable_correct|43:crack:stable_correct
severe_stable_correct,mobilenet_v3_small,resolution_severe,resolution,severe,252_0,252,crack,consensus,3,17:crack:stable_correct|29:crack:stable_correct|43:crack:stable_correct
beneficial_flip,mobilenet_v3_small,resolution_severe,resolution,severe,255_0,255,surface_injure,consensus,3,17:surface_injure:beneficial_flip|29:surface_injure:beneficial_flip|43:surface_injure:beneficial_flip
severe_stable_correct,mobilenet_v3_small,resolution_severe,resolution,severe,255_1,255,surface_injure,consensus,3,17:surface_injure:stable_correct|29:surface_injure:stable_correct|43:surface_injure:stable_correct
severe_stable_correct,mobilenet_v3_small,resolution_severe,resolution,severe,257_0,257,surface_injure,consensus,3,17:surface_injure:stable_correct|29:surface_injure:stable_correct|43:surface_injure:stable_correct
severe_stable_correct,mobilenet_v3_small,resolution_severe,resolution,severe,257_1,257,surface_injure,consensus,3,17:surface_injure:stable_correct|29:surface_injure:stable_correct|43:surface_injure:stable_correct
severe_stable_correct,mobilenet_v3_small,resolution_severe,resolution,severe,269_0,269,crack,consensus,3,17:crack:stable_correct|29:crack:stable_correct|43:crack:stable_correct
severe_harmful_flip,mobilenet_v3_small,resolution_severe,resolution,severe,273_0,273,thunderstrike,consensus,3,17:surface_injure:harmful_flip|29:surface_injure:harmful_flip|43:surface_injure:harmful_flip
severe_stable_correct,mobilenet_v3_small,resolution_severe,resolution,severe,273_1,273,surface_injure,consensus,3,17:surface_injure:stable_correct|29:surface_injure:stable_correct|43:surface_injure:stable_correct
severe_stable_correct,mobilenet_v3_small,resolution_severe,resolution,severe,276_0,276,hide_craze,majority,2,17:hide_craze:stable_correct|29:hide_craze:beneficial_flip|43:hide_craze:stable_correct
severe_stable_correct,mobilenet_v3_small,resolution_severe,resolution,severe,276_1,276,hide_craze,majority,2,17:hide_craze:stable_correct|29:hide_craze:beneficial_flip|43:hide_craze:stable_correct
severe_stable_correct,mobilenet_v3_small,resolution_severe,resolution,severe,284_0,284,hide_craze,consensus,3,17:hide_craze:stable_correct|29:hide_craze:stable_correct|43:hide_craze:stable_correct
severe_stable_correct,mobilenet_v3_small,resolution_severe,resolution,severe,285_0,285,surface_injure,consensus,3,17:surface_injure:stable_correct|29:surface_injure:stable_correct|43:surface_injure:stable_correct
severe_stable_correct,mobilenet_v3_small,resolution_severe,resolution,severe,285_1,285,surface_injure,consensus,3,17:surface_injure:stable_correct|29:surface_injure:stable_correct|43:surface_injure:stable_correct
severe_stable_correct,mobilenet_v3_small,resolution_severe,resolution,severe,318_0,318,crack,consensus,3,17:crack:stable_correct|29:crack:stable_correct|43:crack:stable_correct
severe_stable_correct,mobilenet_v3_small,resolution_severe,resolution,severe,322_0,322,corrosion,consensus,3,17:corrosion:stable_correct|29:corrosion:stable_correct|43:corrosion:stable_correct
severe_stable_wrong,mobilenet_v3_small,resolution_severe,resolution,severe,323_0,323,corrosion,majority,2,17:surface_injure:stable_wrong|29:surface_injure:changed_wrong|43:surface_injure:stable_wrong
severe_stable_correct,mobilenet_v3_small,resolution_severe,resolution,severe,326_0,326,surface_injure,consensus,3,17:surface_injure:stable_correct|29:surface_injure:stable_correct|43:surface_injure:stable_correct
severe_harmful_flip,mobilenet_v3_small,resolution_severe,resolution,severe,326_1,326,craze,majority,2,17:surface_injure:harmful_flip|29:surface_injure:harmful_flip|43:surface_injure:stable_wrong
severe_stable_correct,mobilenet_v3_small,resolution_severe,resolution,severe,332_0,332,surface_injure,majority,2,17:thunderstrike:harmful_flip|29:surface_injure:stable_correct|43:surface_injure:stable_correct
seed_disagreement,mobilenet_v3_small,resolution_severe,resolution,severe,332_0,332,surface_injure,seed_disagreement,3,17:thunderstrike:harmful_flip|29:surface_injure:stable_correct|43:surface_injure:stable_correct
severe_stable_correct,mobilenet_v3_small,resolution_severe,resolution,severe,363_0,363,surface_injure,consensus,3,17:surface_injure:stable_correct|29:surface_injure:stable_correct|43:surface_injure:stable_correct
severe_stable_correct,mobilenet_v3_small,resolution_severe,resolution,severe,370_0,370,corrosion,consensus,3,17:corrosion:stable_correct|29:corrosion:stable_correct|43:corrosion:stable_correct
severe_stable_correct,mobilenet_v3_small,resolution_severe,resolution,severe,370_1,370,corrosion,majority,2,17:craze:harmful_flip|29:corrosion:stable_correct|43:corrosion:stable_correct
seed_disagreement,mobilenet_v3_small,resolution_severe,resolution,severe,370_1,370,corrosion,seed_disagreement,3,17:craze:harmful_flip|29:corrosion:stable_correct|43:corrosion:stable_correct
severe_harmful_flip,mobilenet_v3_small,resolution_severe,resolution,severe,370_2,370,corrosion,majority,2,17:hide_craze:harmful_flip|29:corrosion:stable_correct|43:hide_craze:harmful_flip
seed_disagreement,mobilenet_v3_small,resolution_severe,resolution,severe,370_2,370,corrosion,seed_disagreement,3,17:hide_craze:harmful_flip|29:corrosion:stable_correct|43:hide_craze:harmful_flip
severe_stable_correct,mobilenet_v3_small,resolution_severe,resolution,severe,373_0,373,corrosion,consensus,3,17:corrosion:stable_correct|29:corrosion:stable_correct|43:corrosion:stable_correct
severe_stable_correct,mobilenet_v3_small,resolution_severe,resolution,severe,379_0,379,hide_craze,consensus,3,17:hide_craze:stable_correct|29:hide_craze:stable_correct|43:hide_craze:stable_correct
seed_disagreement,mobilenet_v3_small,resolution_severe,resolution,severe,379_1,379,hide_craze,seed_disagreement,3,17:craze:harmful_flip|29:hide_craze:stable_correct|43:hide_craze:beneficial_flip
severe_stable_correct,mobilenet_v3_small,resolution_severe,resolution,severe,388_0,388,hide_craze,consensus,3,17:hide_craze:stable_correct|29:hide_craze:stable_correct|43:hide_craze:stable_correct
severe_stable_correct,mobilenet_v3_small,resolution_severe,resolution,severe,389_0,389,crack,consensus,3,17:crack:stable_correct|29:crack:stable_correct|43:crack:stable_correct
severe_harmful_flip,mobilenet_v3_small,resolution_severe,resolution,severe,390_0,390,corrosion,consensus,3,17:surface_injure:harmful_flip|29:hide_craze:harmful_flip|43:surface_injure:harmful_flip
seed_disagreement,mobilenet_v3_small,resolution_severe,resolution,severe,390_0,390,corrosion,seed_disagreement,3,17:surface_injure:harmful_flip|29:hide_craze:harmful_flip|43:surface_injure:harmful_flip
severe_stable_correct,mobilenet_v3_small,resolution_severe,resolution,severe,394_0,394,crack,consensus,3,17:crack:stable_correct|29:crack:stable_correct|43:crack:stable_correct
severe_harmful_flip,mobilenet_v3_small,resolution_severe,resolution,severe,405_0,405,corrosion,consensus,3,17:hide_craze:harmful_flip|29:hide_craze:harmful_flip|43:hide_craze:harmful_flip
severe_stable_correct,mobilenet_v3_small,resolution_severe,resolution,severe,407_0,407,surface_injure,consensus,3,17:surface_injure:stable_correct|29:surface_injure:stable_correct|43:surface_injure:stable_correct
severe_stable_correct,mobilenet_v3_small,resolution_severe,resolution,severe,408_0,408,corrosion,consensus,3,17:corrosion:stable_correct|29:corrosion:stable_correct|43:corrosion:stable_correct
severe_harmful_flip,mobilenet_v3_small,resolution_severe,resolution,severe,408_1,408,corrosion,consensus,3,17:surface_injure:harmful_flip|29:surface_injure:harmful_flip|43:surface_injure:harmful_flip
seed_disagreement,mobilenet_v3_small,resolution_severe,resolution,severe,410_0,410,corrosion,seed_disagreement,3,17:corrosion:stable_correct|29:surface_injure:harmful_flip|43:surface_injure:changed_wrong
seed_disagreement,mobilenet_v3_small,resolution_severe,resolution,severe,410_1,410,corrosion,seed_disagreement,3,17:corrosion:stable_correct|29:surface_injure:harmful_flip|43:surface_injure:changed_wrong
severe_stable_correct,mobilenet_v3_small,resolution_severe,resolution,severe,432_0,432,surface_injure,consensus,3,17:surface_injure:stable_correct|29:surface_injure:stable_correct|43:surface_injure:stable_correct
severe_stable_correct,mobilenet_v3_small,resolution_severe,resolution,severe,438_0,438,hide_craze,consensus,3,17:hide_craze:stable_correct|29:hide_craze:stable_correct|43:hide_craze:stable_correct
severe_stable_correct,mobilenet_v3_small,resolution_severe,resolution,severe,440_0,440,crack,consensus,3,17:crack:stable_correct|29:crack:stable_correct|43:crack:stable_correct
severe_stable_correct,mobilenet_v3_small,resolution_severe,resolution,severe,447_0,447,crack,consensus,3,17:crack:stable_correct|29:crack:stable_correct|43:crack:stable_correct
severe_stable_correct,mobilenet_v3_small,resolution_severe,resolution,severe,447_1,447,crack,consensus,3,17:crack:stable_correct|29:crack:stable_correct|43:crack:stable_correct
severe_stable_correct,mobilenet_v3_small,resolution_severe,resolution,severe,451_0,451,corrosion,consensus,3,17:corrosion:stable_correct|29:corrosion:stable_correct|43:corrosion:stable_correct
severe_stable_correct,mobilenet_v3_small,resolution_severe,resolution,severe,457_0,457,hide_craze,consensus,3,17:hide_craze:stable_correct|29:hide_craze:stable_correct|43:hide_craze:stable_correct
severe_stable_correct,mobilenet_v3_small,resolution_severe,resolution,severe,457_1,457,hide_craze,consensus,3,17:hide_craze:stable_correct|29:hide_craze:stable_correct|43:hide_craze:stable_correct
severe_stable_correct,mobilenet_v3_small,resolution_severe,resolution,severe,457_2,457,hide_craze,consensus,3,17:hide_craze:stable_correct|29:hide_craze:stable_correct|43:hide_craze:stable_correct
severe_harmful_flip,mobilenet_v3_small,resolution_severe,resolution,severe,464_0,464,craze,consensus,3,17:surface_injure:harmful_flip|29:surface_injure:harmful_flip|43:surface_injure:harmful_flip
severe_stable_wrong,mobilenet_v3_small,resolution_severe,resolution,severe,464_1,464,hide_craze,consensus,3,17:surface_injure:stable_wrong|29:surface_injure:stable_wrong|43:surface_injure:stable_wrong
severe_stable_correct,mobilenet_v3_small,resolution_severe,resolution,severe,469_0,469,craze,consensus,3,17:craze:stable_correct|29:craze:stable_correct|43:craze:stable_correct
severe_stable_correct,mobilenet_v3_small,resolution_severe,resolution,severe,473_0,473,crack,consensus,3,17:crack:stable_correct|29:crack:stable_correct|43:crack:stable_correct
severe_stable_correct,mobilenet_v3_small,resolution_severe,resolution,severe,476_0,476,surface_injure,consensus,3,17:surface_injure:stable_correct|29:surface_injure:stable_correct|43:surface_injure:stable_correct
beneficial_flip,mobilenet_v3_small,resolution_severe,resolution,severe,479_0,479,surface_injure,majority,2,17:surface_injure:beneficial_flip|29:surface_injure:stable_correct|43:surface_injure:beneficial_flip
severe_stable_correct,mobilenet_v3_small,resolution_severe,resolution,severe,479_1,479,thunderstrike,consensus,3,17:thunderstrike:stable_correct|29:thunderstrike:stable_correct|43:thunderstrike:stable_correct
severe_stable_correct,mobilenet_v3_small,resolution_severe,resolution,severe,501_0,501,corrosion,majority,2,17:hide_craze:harmful_flip|29:corrosion:stable_correct|43:corrosion:stable_correct
seed_disagreement,mobilenet_v3_small,resolution_severe,resolution,severe,501_0,501,corrosion,seed_disagreement,3,17:hide_craze:harmful_flip|29:corrosion:stable_correct|43:corrosion:stable_correct
severe_stable_correct,mobilenet_v3_small,resolution_severe,resolution,severe,505_0,505,corrosion,majority,2,17:corrosion:stable_correct|29:corrosion:stable_correct|43:surface_injure:harmful_flip
seed_disagreement,mobilenet_v3_small,resolution_severe,resolution,severe,505_0,505,corrosion,seed_disagreement,3,17:corrosion:stable_correct|29:corrosion:stable_correct|43:surface_injure:harmful_flip
severe_stable_correct,mobilenet_v3_small,resolution_severe,resolution,severe,511_0,511,hide_craze,consensus,3,17:hide_craze:stable_correct|29:hide_craze:stable_correct|43:hide_craze:stable_correct
severe_stable_correct,mobilenet_v3_small,resolution_severe,resolution,severe,511_1,511,hide_craze,majority,2,17:hide_craze:stable_correct|29:hide_craze:beneficial_flip|43:hide_craze:stable_correct
severe_stable_wrong,mobilenet_v3_small,resolution_severe,resolution,severe,521_0,521,corrosion,consensus,3,17:hide_craze:stable_wrong|29:hide_craze:stable_wrong|43:hide_craze:stable_wrong
severe_stable_wrong,mobilenet_v3_small,resolution_severe,resolution,severe,521_1,521,corrosion,consensus,3,17:hide_craze:stable_wrong|29:hide_craze:stable_wrong|43:hide_craze:stable_wrong
severe_stable_correct,mobilenet_v3_small,resolution_severe,resolution,severe,541_0,541,hide_craze,consensus,3,17:hide_craze:stable_correct|29:hide_craze:stable_correct|43:hide_craze:stable_correct
severe_stable_wrong,mobilenet_v3_small,resolution_severe,resolution,severe,546_0,546,corrosion,consensus,3,17:surface_injure:stable_wrong|29:surface_injure:stable_wrong|43:surface_injure:stable_wrong
severe_stable_wrong,mobilenet_v3_small,resolution_severe,resolution,severe,546_1,546,corrosion,majority,2,17:hide_craze:stable_wrong|29:hide_craze:stable_wrong|43:surface_injure:changed_wrong
seed_disagreement,mobilenet_v3_small,resolution_severe,resolution,severe,546_1,546,corrosion,seed_disagreement,3,17:hide_craze:stable_wrong|29:hide_craze:stable_wrong|43:surface_injure:changed_wrong
severe_stable_wrong,mobilenet_v3_small,resolution_severe,resolution,severe,546_2,546,corrosion,majority,2,17:hide_craze:stable_wrong|29:hide_craze:stable_wrong|43:surface_injure:harmful_flip
seed_disagreement,mobilenet_v3_small,resolution_severe,resolution,severe,546_2,546,corrosion,seed_disagreement,3,17:hide_craze:stable_wrong|29:hide_craze:stable_wrong|43:surface_injure:harmful_flip
severe_harmful_flip,mobilenet_v3_small,resolution_severe,resolution,severe,563_0,563,craze,consensus,3,17:surface_injure:harmful_flip|29:surface_injure:harmful_flip|43:surface_injure:harmful_flip
severe_stable_correct,mobilenet_v3_small,resolution_severe,resolution,severe,566_0,566,corrosion,consensus,3,17:corrosion:stable_correct|29:corrosion:stable_correct|43:corrosion:stable_correct
severe_stable_correct,mobilenet_v3_small,resolution_severe,resolution,severe,569_0,569,hide_craze,consensus,3,17:hide_craze:stable_correct|29:hide_craze:stable_correct|43:hide_craze:stable_correct
severe_stable_correct,mobilenet_v3_small,resolution_severe,resolution,severe,574_0,574,craze,consensus,3,17:craze:stable_correct|29:craze:stable_correct|43:craze:stable_correct
severe_harmful_flip,mobilenet_v3_small,resolution_severe,resolution,severe,580_0,580,craze,consensus,3,17:surface_injure:harmful_flip|29:surface_injure:harmful_flip|43:surface_injure:harmful_flip
severe_harmful_flip,mobilenet_v3_small,resolution_severe,resolution,severe,591_0,591,thunderstrike,consensus,3,17:surface_injure:harmful_flip|29:surface_injure:harmful_flip|43:surface_injure:harmful_flip
severe_stable_correct,mobilenet_v3_small,resolution_severe,resolution,severe,591_1,591,surface_injure,consensus,3,17:surface_injure:stable_correct|29:surface_injure:stable_correct|43:surface_injure:stable_correct
severe_stable_correct,mobilenet_v3_small,resolution_severe,resolution,severe,591_2,591,surface_injure,consensus,3,17:surface_injure:stable_correct|29:surface_injure:stable_correct|43:surface_injure:stable_correct
severe_stable_correct,mobilenet_v3_small,resolution_severe,resolution,severe,597_0,597,hide_craze,consensus,3,17:hide_craze:stable_correct|29:hide_craze:stable_correct|43:hide_craze:stable_correct
severe_harmful_flip,mobilenet_v3_small,resolution_severe,resolution,severe,598_0,598,corrosion,majority,2,17:hide_craze:harmful_flip|29:corrosion:stable_correct|43:crack:harmful_flip
seed_disagreement,mobilenet_v3_small,resolution_severe,resolution,severe,598_0,598,corrosion,seed_disagreement,3,17:hide_craze:harmful_flip|29:corrosion:stable_correct|43:crack:harmful_flip
severe_stable_correct,mobilenet_v3_small,resolution_severe,resolution,severe,598_1,598,corrosion,consensus,3,17:corrosion:stable_correct|29:corrosion:stable_correct|43:corrosion:stable_correct
severe_stable_correct,mobilenet_v3_small,resolution_severe,resolution,severe,600_0,600,hide_craze,consensus,3,17:hide_craze:stable_correct|29:hide_craze:stable_correct|43:hide_craze:stable_correct
severe_stable_correct,mobilenet_v3_small,resolution_severe,resolution,severe,610_0,610,hide_craze,consensus,3,17:hide_craze:stable_correct|29:hide_craze:stable_correct|43:hide_craze:stable_correct
severe_stable_correct,mobilenet_v3_small,resolution_severe,resolution,severe,623_0,623,hide_craze,consensus,3,17:hide_craze:stable_correct|29:hide_craze:stable_correct|43:hide_craze:stable_correct
severe_stable_wrong,mobilenet_v3_small,resolution_severe,resolution,severe,623_1,623,surface_injure,majority,2,17:hide_craze:stable_wrong|29:crack:changed_wrong|43:crack:stable_wrong
seed_disagreement,mobilenet_v3_small,resolution_severe,resolution,severe,623_1,623,surface_injure,seed_disagreement,3,17:hide_craze:stable_wrong|29:crack:changed_wrong|43:crack:stable_wrong
severe_stable_correct,mobilenet_v3_small,resolution_severe,resolution,severe,633_0,633,hide_craze,consensus,3,17:hide_craze:stable_correct|29:hide_craze:stable_correct|43:hide_craze:stable_correct
severe_stable_correct,mobilenet_v3_small,resolution_severe,resolution,severe,642_0,642,hide_craze,consensus,3,17:hide_craze:stable_correct|29:hide_craze:stable_correct|43:hide_craze:stable_correct
severe_stable_correct,mobilenet_v3_small,resolution_severe,resolution,severe,642_1,642,surface_injure,consensus,3,17:surface_injure:stable_correct|29:surface_injure:stable_correct|43:surface_injure:stable_correct
seed_disagreement,mobilenet_v3_small,resolution_severe,resolution,severe,643_0,643,hide_craze,seed_disagreement,3,17:hide_craze:beneficial_flip|29:surface_injure:stable_wrong|43:hide_craze:stable_correct
severe_stable_correct,mobilenet_v3_small,resolution_severe,resolution,severe,650_0,650,corrosion,consensus,3,17:corrosion:stable_correct|29:corrosion:stable_correct|43:corrosion:stable_correct
severe_stable_correct,mobilenet_v3_small,resolution_severe,resolution,severe,655_0,655,hide_craze,consensus,3,17:hide_craze:stable_correct|29:hide_craze:stable_correct|43:hide_craze:stable_correct
severe_stable_wrong,mobilenet_v3_small,resolution_severe,resolution,severe,658_0,658,corrosion,majority,2,17:crack:stable_wrong|29:crack:stable_wrong|43:crack:changed_wrong
severe_stable_correct,mobilenet_v3_small,resolution_severe,resolution,severe,663_0,663,hide_craze,consensus,3,17:hide_craze:stable_correct|29:hide_craze:stable_correct|43:hide_craze:stable_correct
severe_stable_correct,mobilenet_v3_small,resolution_severe,resolution,severe,671_0,671,hide_craze,consensus,3,17:hide_craze:stable_correct|29:hide_craze:stable_correct|43:hide_craze:stable_correct
severe_stable_wrong,mobilenet_v3_small,resolution_severe,resolution,severe,671_1,671,surface_injure,majority,2,17:surface_injure:beneficial_flip|29:hide_craze:stable_wrong|43:hide_craze:stable_wrong
seed_disagreement,mobilenet_v3_small,resolution_severe,resolution,severe,671_1,671,surface_injure,seed_disagreement,3,17:surface_injure:beneficial_flip|29:hide_craze:stable_wrong|43:hide_craze:stable_wrong
severe_stable_correct,mobilenet_v3_small,resolution_severe,resolution,severe,677_0,677,hide_craze,consensus,3,17:hide_craze:stable_correct|29:hide_craze:stable_correct|43:hide_craze:stable_correct
severe_harmful_flip,mobilenet_v3_small,resolution_severe,resolution,severe,686_0,686,thunderstrike,majority,2,17:surface_injure:harmful_flip|29:thunderstrike:stable_correct|43:surface_injure:harmful_flip
seed_disagreement,mobilenet_v3_small,resolution_severe,resolution,severe,686_0,686,thunderstrike,seed_disagreement,3,17:surface_injure:harmful_flip|29:thunderstrike:stable_correct|43:surface_injure:harmful_flip
seed_disagreement,mobilenet_v3_small,resolution_severe,resolution,severe,689_0,689,surface_injure,seed_disagreement,3,17:surface_injure:stable_correct|29:surface_injure:beneficial_flip|43:crack:harmful_flip
severe_stable_correct,mobilenet_v3_small,resolution_severe,resolution,severe,689_1,689,surface_injure,consensus,3,17:surface_injure:stable_correct|29:surface_injure:stable_correct|43:surface_injure:stable_correct
severe_stable_correct,mobilenet_v3_small,resolution_severe,resolution,severe,689_2,689,surface_injure,consensus,3,17:surface_injure:stable_correct|29:surface_injure:stable_correct|43:surface_injure:stable_correct
severe_stable_correct,mobilenet_v3_small,resolution_severe,resolution,severe,689_3,689,surface_injure,consensus,3,17:surface_injure:stable_correct|29:surface_injure:stable_correct|43:surface_injure:stable_correct
severe_stable_correct,mobilenet_v3_small,resolution_severe,resolution,severe,696_0,696,hide_craze,consensus,3,17:hide_craze:stable_correct|29:hide_craze:stable_correct|43:hide_craze:stable_correct
severe_stable_correct,mobilenet_v3_small,resolution_severe,resolution,severe,696_1,696,hide_craze,consensus,3,17:hide_craze:stable_correct|29:hide_craze:stable_correct|43:hide_craze:stable_correct
severe_stable_correct,mobilenet_v3_small,resolution_severe,resolution,severe,699_0,699,thunderstrike,consensus,3,17:thunderstrike:stable_correct|29:thunderstrike:stable_correct|43:thunderstrike:stable_correct
severe_stable_correct,mobilenet_v3_small,resolution_severe,resolution,severe,701_0,701,craze,consensus,3,17:craze:stable_correct|29:craze:stable_correct|43:craze:stable_correct
severe_stable_correct,mobilenet_v3_small,resolution_severe,resolution,severe,704_0,704,corrosion,majority,2,17:hide_craze:harmful_flip|29:corrosion:stable_correct|43:corrosion:stable_correct
seed_disagreement,mobilenet_v3_small,resolution_severe,resolution,severe,704_0,704,corrosion,seed_disagreement,3,17:hide_craze:harmful_flip|29:corrosion:stable_correct|43:corrosion:stable_correct
severe_stable_correct,mobilenet_v3_small,resolution_severe,resolution,severe,721_0,721,hide_craze,majority,2,17:hide_craze:stable_correct|29:hide_craze:stable_correct|43:surface_injure:harmful_flip
seed_disagreement,mobilenet_v3_small,resolution_severe,resolution,severe,721_0,721,hide_craze,seed_disagreement,3,17:hide_craze:stable_correct|29:hide_craze:stable_correct|43:surface_injure:harmful_flip
severe_harmful_flip,mobilenet_v3_small,resolution_severe,resolution,severe,824_0,824,craze,consensus,3,17:hide_craze:harmful_flip|29:crack:harmful_flip|43:crack:harmful_flip
seed_disagreement,mobilenet_v3_small,resolution_severe,resolution,severe,824_0,824,craze,seed_disagreement,3,17:hide_craze:harmful_flip|29:crack:harmful_flip|43:crack:harmful_flip
severe_stable_correct,mobilenet_v3_small,resolution_severe,resolution,severe,863_0,863,thunderstrike,majority,2,17:thunderstrike:stable_correct|29:thunderstrike:stable_correct|43:surface_injure:harmful_flip
seed_disagreement,mobilenet_v3_small,resolution_severe,resolution,severe,863_0,863,thunderstrike,seed_disagreement,3,17:thunderstrike:stable_correct|29:thunderstrike:stable_correct|43:surface_injure:harmful_flip
severe_stable_correct,mobilenet_v3_small,resolution_severe,resolution,severe,864_0,864,surface_injure,consensus,3,17:surface_injure:stable_correct|29:surface_injure:stable_correct|43:surface_injure:stable_correct
severe_stable_correct,mobilenet_v3_small,resolution_severe,resolution,severe,875_0,875,hide_craze,consensus,3,17:hide_craze:stable_correct|29:hide_craze:stable_correct|43:hide_craze:stable_correct
severe_stable_correct,mobilenet_v3_small,resolution_severe,resolution,severe,875_1,875,hide_craze,consensus,3,17:hide_craze:stable_correct|29:hide_craze:stable_correct|43:hide_craze:stable_correct
severe_stable_correct,mobilenet_v3_small,resolution_severe,resolution,severe,1017_0,1017,hide_craze,consensus,3,17:hide_craze:stable_correct|29:hide_craze:stable_correct|43:hide_craze:stable_correct
severe_stable_correct,mobilenet_v3_small,resolution_severe,resolution,severe,1017_1,1017,hide_craze,consensus,3,17:hide_craze:stable_correct|29:hide_craze:stable_correct|43:hide_craze:stable_correct
seed_disagreement,mobilenet_v3_small,brightness_mild,brightness,mild,48_0,48,surface_injure,seed_disagreement,3,17:surface_injure:stable_correct|29:surface_injure:stable_correct|43:craze:stable_wrong
seed_disagreement,mobilenet_v3_small,brightness_mild,brightness,mild,51_0,51,craze,seed_disagreement,3,17:thunderstrike:changed_wrong|29:corrosion:stable_wrong|43:corrosion:stable_wrong
seed_disagreement,mobilenet_v3_small,brightness_mild,brightness,mild,51_1,51,craze,seed_disagreement,3,17:craze:stable_correct|29:hide_craze:harmful_flip|43:hide_craze:harmful_flip
seed_disagreement,mobilenet_v3_small,brightness_mild,brightness,mild,57_1,57,surface_injure,seed_disagreement,3,17:corrosion:stable_wrong|29:surface_injure:stable_correct|43:surface_injure:stable_correct
seed_disagreement,mobilenet_v3_small,brightness_mild,brightness,mild,61_2,61,craze,seed_disagreement,3,17:craze:stable_correct|29:craze:stable_correct|43:corrosion:harmful_flip
seed_disagreement,mobilenet_v3_small,brightness_mild,brightness,mild,142_0,142,surface_injure,seed_disagreement,3,17:hide_craze:stable_wrong|29:hide_craze:changed_wrong|43:corrosion:stable_wrong
seed_disagreement,mobilenet_v3_small,brightness_mild,brightness,mild,167_1,167,craze,seed_disagreement,3,17:craze:stable_correct|29:hide_craze:harmful_flip|43:craze:stable_correct
seed_disagreement,mobilenet_v3_small,brightness_mild,brightness,mild,228_0,228,hide_craze,seed_disagreement,3,17:craze:stable_wrong|29:craze:stable_wrong|43:hide_craze:stable_correct
seed_disagreement,mobilenet_v3_small,brightness_mild,brightness,mild,228_1,228,hide_craze,seed_disagreement,3,17:craze:harmful_flip|29:hide_craze:stable_correct|43:hide_craze:stable_correct
seed_disagreement,mobilenet_v3_small,brightness_mild,brightness,mild,238_0,238,crack,seed_disagreement,3,17:surface_injure:harmful_flip|29:thunderstrike:harmful_flip|43:surface_injure:harmful_flip
seed_disagreement,mobilenet_v3_small,brightness_mild,brightness,mild,323_0,323,corrosion,seed_disagreement,3,17:surface_injure:stable_wrong|29:hide_craze:stable_wrong|43:thunderstrike:changed_wrong
seed_disagreement,mobilenet_v3_small,brightness_mild,brightness,mild,326_1,326,craze,seed_disagreement,3,17:craze:stable_correct|29:craze:stable_correct|43:surface_injure:stable_wrong
seed_disagreement,mobilenet_v3_small,brightness_mild,brightness,mild,379_1,379,hide_craze,seed_disagreement,3,17:hide_craze:stable_correct|29:hide_craze:stable_correct|43:surface_injure:changed_wrong
seed_disagreement,mobilenet_v3_small,brightness_mild,brightness,mild,408_0,408,corrosion,seed_disagreement,3,17:corrosion:stable_correct|29:corrosion:stable_correct|43:craze:harmful_flip
seed_disagreement,mobilenet_v3_small,brightness_mild,brightness,mild,410_0,410,corrosion,seed_disagreement,3,17:corrosion:stable_correct|29:corrosion:stable_correct|43:craze:stable_wrong
seed_disagreement,mobilenet_v3_small,brightness_mild,brightness,mild,410_1,410,corrosion,seed_disagreement,3,17:craze:harmful_flip|29:corrosion:stable_correct|43:craze:stable_wrong
seed_disagreement,mobilenet_v3_small,brightness_mild,brightness,mild,479_0,479,surface_injure,seed_disagreement,3,17:thunderstrike:stable_wrong|29:surface_injure:stable_correct|43:thunderstrike:stable_wrong
seed_disagreement,mobilenet_v3_small,brightness_mild,brightness,mild,546_1,546,corrosion,seed_disagreement,3,17:hide_craze:stable_wrong|29:hide_craze:stable_wrong|43:corrosion:beneficial_flip
seed_disagreement,mobilenet_v3_small,brightness_mild,brightness,mild,546_2,546,corrosion,seed_disagreement,3,17:hide_craze:stable_wrong|29:hide_craze:stable_wrong|43:corrosion:stable_correct
seed_disagreement,mobilenet_v3_small,brightness_mild,brightness,mild,623_1,623,surface_injure,seed_disagreement,3,17:hide_craze:stable_wrong|29:corrosion:stable_wrong|43:hide_craze:changed_wrong
seed_disagreement,mobilenet_v3_small,brightness_mild,brightness,mild,658_0,658,corrosion,seed_disagreement,3,17:hide_craze:changed_wrong|29:crack:stable_wrong|43:craze:stable_wrong
seed_disagreement,mobilenet_v3_small,brightness_mild,brightness,mild,721_0,721,hide_craze,seed_disagreement,3,17:hide_craze:stable_correct|29:hide_craze:stable_correct|43:surface_injure:harmful_flip
seed_disagreement,mobilenet_v3_small,brightness_moderate,brightness,moderate,48_0,48,surface_injure,seed_disagreement,3,17:surface_injure:stable_correct|29:surface_injure:stable_correct|43:craze:stable_wrong
seed_disagreement,mobilenet_v3_small,brightness_moderate,brightness,moderate,51_0,51,craze,seed_disagreement,3,17:surface_injure:stable_wrong|29:corrosion:stable_wrong|43:corrosion:stable_wrong
seed_disagreement,mobilenet_v3_small,brightness_moderate,brightness,moderate,51_1,51,craze,seed_disagreement,3,17:corrosion:harmful_flip|29:hide_craze:harmful_flip|43:hide_craze:harmful_flip
seed_disagreement,mobilenet_v3_small,brightness_moderate,brightness,moderate,54_1,54,hide_craze,seed_disagreement,3,17:corrosion:harmful_flip|29:hide_craze:stable_correct|43:hide_craze:stable_correct
seed_disagreement,mobilenet_v3_small,brightness_moderate,brightness,moderate,57_0,57,craze,seed_disagreement,3,17:corrosion:stable_wrong|29:corrosion:stable_wrong|43:surface_injure:changed_wrong
seed_disagreement,mobilenet_v3_small,brightness_moderate,brightness,moderate,57_1,57,surface_injure,seed_disagreement,3,17:corrosion:stable_wrong|29:corrosion:harmful_flip|43:surface_injure:stable_correct
seed_disagreement,mobilenet_v3_small,brightness_moderate,brightness,moderate,61_2,61,craze,seed_disagreement,3,17:craze:stable_correct|29:corrosion:harmful_flip|43:corrosion:harmful_flip
seed_disagreement,mobilenet_v3_small,brightness_moderate,brightness,moderate,65_0,65,corrosion,seed_disagreement,3,17:hide_craze:harmful_flip|29:hide_craze:harmful_flip|43:corrosion:stable_correct
seed_disagreement,mobilenet_v3_small,brightness_moderate,brightness,moderate,73_0,73,craze,seed_disagreement,3,17:craze:stable_correct|29:craze:stable_correct|43:surface_injure:harmful_flip
seed_disagreement,mobilenet_v3_small,brightness_moderate,brightness,moderate,88_0,88,crack,seed_disagreement,3,17:crack:stable_correct|29:crack:stable_correct|43:craze:harmful_flip
seed_disagreement,mobilenet_v3_small,brightness_moderate,brightness,moderate,198_0,198,craze,seed_disagreement,3,17:craze:stable_correct|29:surface_injure:harmful_flip|43:surface_injure:harmful_flip
seed_disagreement,mobilenet_v3_small,brightness_moderate,brightness,moderate,228_0,228,hide_craze,seed_disagreement,3,17:craze:stable_wrong|29:hide_craze:beneficial_flip|43:hide_craze:stable_correct
seed_disagreement,mobilenet_v3_small,brightness_moderate,brightness,moderate,238_0,238,crack,seed_disagreement,3,17:surface_injure:harmful_flip|29:thunderstrike:harmful_flip|43:surface_injure:harmful_flip
seed_disagreement,mobilenet_v3_small,brightness_moderate,brightness,moderate,238_1,238,crack,seed_disagreement,3,17:craze:harmful_flip|29:crack:stable_correct|43:crack:stable_correct
seed_disagreement,mobilenet_v3_small,brightness_moderate,brightness,moderate,323_0,323,corrosion,seed_disagreement,3,17:surface_injure:stable_wrong|29:hide_craze:stable_wrong|43:hide_craze:changed_wrong
seed_disagreement,mobilenet_v3_small,brightness_moderate,brightness,moderate,326_1,326,craze,seed_disagreement,3,17:corrosion:harmful_flip|29:surface_injure:harmful_flip|43:surface_injure:stable_wrong
seed_disagreement,mobilenet_v3_small,brightness_moderate,brightness,moderate,379_1,379,hide_craze,seed_disagreement,3,17:hide_craze:stable_correct|29:hide_craze:stable_correct|43:surface_injure:changed_wrong
seed_disagreement,mobilenet_v3_small,brightness_moderate,brightness,moderate,408_0,408,corrosion,seed_disagreement,3,17:corrosion:stable_correct|29:corrosion:stable_correct|43:craze:harmful_flip
seed_disagreement,mobilenet_v3_small,brightness_moderate,brightness,moderate,410_0,410,corrosion,seed_disagreement,3,17:corrosion:stable_correct|29:corrosion:stable_correct|43:craze:stable_wrong
seed_disagreement,mobilenet_v3_small,brightness_moderate,brightness,moderate,479_0,479,surface_injure,seed_disagreement,3,17:thunderstrike:stable_wrong|29:surface_injure:stable_correct|43:surface_injure:beneficial_flip
beneficial_flip,mobilenet_v3_small,brightness_moderate,brightness,moderate,546_1,546,corrosion,majority,2,17:corrosion:beneficial_flip|29:hide_craze:stable_wrong|43:corrosion:beneficial_flip
seed_disagreement,mobilenet_v3_small,brightness_moderate,brightness,moderate,546_1,546,corrosion,seed_disagreement,3,17:corrosion:beneficial_flip|29:hide_craze:stable_wrong|43:corrosion:beneficial_flip
beneficial_flip,mobilenet_v3_small,brightness_moderate,brightness,moderate,546_2,546,corrosion,majority,2,17:corrosion:beneficial_flip|29:corrosion:beneficial_flip|43:corrosion:stable_correct
seed_disagreement,mobilenet_v3_small,brightness_moderate,brightness,moderate,563_0,563,craze,seed_disagreement,3,17:craze:stable_correct|29:surface_injure:harmful_flip|43:surface_injure:harmful_flip
seed_disagreement,mobilenet_v3_small,brightness_moderate,brightness,moderate,600_0,600,hide_craze,seed_disagreement,3,17:hide_craze:stable_correct|29:craze:harmful_flip|43:hide_craze:stable_correct
seed_disagreement,mobilenet_v3_small,brightness_moderate,brightness,moderate,623_1,623,surface_injure,seed_disagreement,3,17:hide_craze:stable_wrong|29:corrosion:stable_wrong|43:surface_injure:beneficial_flip
seed_disagreement,mobilenet_v3_small,brightness_moderate,brightness,moderate,643_0,643,hide_craze,seed_disagreement,3,17:hide_craze:beneficial_flip|29:surface_injure:stable_wrong|43:hide_craze:stable_correct
seed_disagreement,mobilenet_v3_small,brightness_moderate,brightness,moderate,658_0,658,corrosion,seed_disagreement,3,17:hide_craze:changed_wrong|29:hide_craze:changed_wrong|43:craze:stable_wrong
severe_stable_correct,mobilenet_v3_small,brightness_severe,brightness,severe,13_0,13,hide_craze,consensus,3,17:hide_craze:stable_correct|29:hide_craze:stable_correct|43:hide_craze:stable_correct
severe_stable_correct,mobilenet_v3_small,brightness_severe,brightness,severe,13_1,13,hide_craze,consensus,3,17:hide_craze:stable_correct|29:hide_craze:stable_correct|43:hide_craze:stable_correct
severe_harmful_flip,mobilenet_v3_small,brightness_severe,brightness,severe,32_0,32,thunderstrike,consensus,3,17:hide_craze:harmful_flip|29:hide_craze:harmful_flip|43:corrosion:harmful_flip
seed_disagreement,mobilenet_v3_small,brightness_severe,brightness,severe,32_0,32,thunderstrike,seed_disagreement,3,17:hide_craze:harmful_flip|29:hide_craze:harmful_flip|43:corrosion:harmful_flip
severe_harmful_flip,mobilenet_v3_small,brightness_severe,brightness,severe,32_1,32,thunderstrike,consensus,3,17:corrosion:harmful_flip|29:corrosion:harmful_flip|43:corrosion:harmful_flip
severe_stable_correct,mobilenet_v3_small,brightness_severe,brightness,severe,46_0,46,corrosion,consensus,3,17:corrosion:stable_correct|29:corrosion:stable_correct|43:corrosion:stable_correct
severe_stable_correct,mobilenet_v3_small,brightness_severe,brightness,severe,46_1,46,corrosion,consensus,3,17:corrosion:stable_correct|29:corrosion:stable_correct|43:corrosion:stable_correct
seed_disagreement,mobilenet_v3_small,brightness_severe,brightness,severe,48_0,48,surface_injure,seed_disagreement,3,17:craze:harmful_flip|29:surface_injure:stable_correct|43:craze:stable_wrong
severe_stable_wrong,mobilenet_v3_small,brightness_severe,brightness,severe,51_0,51,craze,consensus,3,17:surface_injure:stable_wrong|29:corrosion:stable_wrong|43:corrosion:stable_wrong
seed_disagreement,mobilenet_v3_small,brightness_severe,brightness,severe,51_0,51,craze,seed_disagreement,3,17:surface_injure:stable_wrong|29:corrosion:stable_wrong|43:corrosion:stable_wrong
severe_harmful_flip,mobilenet_v3_small,brightness_severe,brightness,severe,51_1,51,craze,consensus,3,17:hide_craze:harmful_flip|29:hide_craze:harmful_flip|43:hide_craze:harmful_flip
severe_stable_correct,mobilenet_v3_small,brightness_severe,brightness,severe,54_0,54,hide_craze,consensus,3,17:hide_craze:stable_correct|29:hide_craze:stable_correct|43:hide_craze:stable_correct
severe_harmful_flip,mobilenet_v3_small,brightness_severe,brightness,severe,54_1,54,hide_craze,majority,2,17:hide_craze:stable_correct|29:corrosion:harmful_flip|43:corrosion:harmful_flip
seed_disagreement,mobilenet_v3_small,brightness_severe,brightness,severe,54_1,54,hide_craze,seed_disagreement,3,17:hide_craze:stable_correct|29:corrosion:harmful_flip|43:corrosion:harmful_flip
seed_disagreement,mobilenet_v3_small,brightness_severe,brightness,severe,57_0,57,craze,seed_disagreement,3,17:hide_craze:changed_wrong|29:surface_injure:changed_wrong|43:surface_injure:changed_wrong
severe_harmful_flip,mobilenet_v3_small,brightness_severe,brightness,severe,57_1,57,surface_injure,majority,2,17:corrosion:stable_wrong|29:corrosion:harmful_flip|43:hide_craze:harmful_flip
seed_disagreement,mobilenet_v3_small,brightness_severe,brightness,severe,57_1,57,surface_injure,seed_disagreement,3,17:corrosion:stable_wrong|29:corrosion:harmful_flip|43:hide_craze:harmful_flip
severe_harmful_flip,mobilenet_v3_small,brightness_severe,brightness,severe,61_0,61,craze,majority,2,17:corrosion:harmful_flip|29:corrosion:harmful_flip|43:craze:stable_correct
seed_disagreement,mobilenet_v3_small,brightness_severe,brightness,severe,61_0,61,craze,seed_disagreement,3,17:corrosion:harmful_flip|29:corrosion:harmful_flip|43:craze:stable_correct
severe_harmful_flip,mobilenet_v3_small,brightness_severe,brightness,severe,61_1,61,craze,consensus,3,17:corrosion:harmful_flip|29:corrosion:harmful_flip|43:corrosion:harmful_flip
severe_harmful_flip,mobilenet_v3_small,brightness_severe,brightness,severe,61_2,61,craze,consensus,3,17:hide_craze:harmful_flip|29:corrosion:harmful_flip|43:hide_craze:harmful_flip
seed_disagreement,mobilenet_v3_small,brightness_severe,brightness,severe,61_2,61,craze,seed_disagreement,3,17:hide_craze:harmful_flip|29:corrosion:harmful_flip|43:hide_craze:harmful_flip
severe_harmful_flip,mobilenet_v3_small,brightness_severe,brightness,severe,65_0,65,corrosion,consensus,3,17:hide_craze:harmful_flip|29:hide_craze:harmful_flip|43:hide_craze:harmful_flip
severe_stable_correct,mobilenet_v3_small,brightness_severe,brightness,severe,67_0,67,hide_craze,consensus,3,17:hide_craze:stable_correct|29:hide_craze:stable_correct|43:hide_craze:stable_correct
severe_stable_correct,mobilenet_v3_small,brightness_severe,brightness,severe,71_0,71,craze,consensus,3,17:craze:stable_correct|29:craze:stable_correct|43:craze:stable_correct
severe_harmful_flip,mobilenet_v3_small,brightness_severe,brightness,severe,73_0,73,craze,majority,2,17:craze:stable_correct|29:corrosion:harmful_flip|43:corrosion:harmful_flip
seed_disagreement,mobilenet_v3_small,brightness_severe,brightness,severe,73_0,73,craze,seed_disagreement,3,17:craze:stable_correct|29:corrosion:harmful_flip|43:corrosion:harmful_flip
severe_stable_correct,mobilenet_v3_small,brightness_severe,brightness,severe,81_0,81,craze,consensus,3,17:craze:stable_correct|29:craze:stable_correct|43:craze:stable_correct
severe_stable_correct,mobilenet_v3_small,brightness_severe,brightness,severe,81_1,81,craze,consensus,3,17:craze:stable_correct|29:craze:stable_correct|43:craze:stable_correct
severe_stable_correct,mobilenet_v3_small,brightness_severe,brightness,severe,81_2,81,craze,majority,2,17:hide_craze:harmful_flip|29:craze:stable_correct|43:craze:stable_correct
seed_disagreement,mobilenet_v3_small,brightness_severe,brightness,severe,81_2,81,craze,seed_disagreement,3,17:hide_craze:harmful_flip|29:craze:stable_correct|43:craze:stable_correct
severe_harmful_flip,mobilenet_v3_small,brightness_severe,brightness,severe,88_0,88,crack,majority,2,17:hide_craze:harmful_flip|29:crack:stable_correct|43:hide_craze:harmful_flip
seed_disagreement,mobilenet_v3_small,brightness_severe,brightness,severe,88_0,88,crack,seed_disagreement,3,17:hide_craze:harmful_flip|29:crack:stable_correct|43:hide_craze:harmful_flip
severe_stable_correct,mobilenet_v3_small,brightness_severe,brightness,severe,93_0,93,craze,consensus,3,17:craze:stable_correct|29:craze:stable_correct|43:craze:stable_correct
severe_stable_correct,mobilenet_v3_small,brightness_severe,brightness,severe,103_0,103,craze,consensus,3,17:craze:stable_correct|29:craze:stable_correct|43:craze:stable_correct
severe_harmful_flip,mobilenet_v3_small,brightness_severe,brightness,severe,112_0,112,thunderstrike,consensus,3,17:surface_injure:harmful_flip|29:corrosion:harmful_flip|43:surface_injure:harmful_flip
seed_disagreement,mobilenet_v3_small,brightness_severe,brightness,severe,112_0,112,thunderstrike,seed_disagreement,3,17:surface_injure:harmful_flip|29:corrosion:harmful_flip|43:surface_injure:harmful_flip
severe_stable_correct,mobilenet_v3_small,brightness_severe,brightness,severe,112_1,112,surface_injure,consensus,3,17:surface_injure:stable_correct|29:surface_injure:stable_correct|43:surface_injure:stable_correct
seed_disagreement,mobilenet_v3_small,brightness_severe,brightness,severe,142_0,142,surface_injure,seed_disagreement,3,17:corrosion:changed_wrong|29:hide_craze:changed_wrong|43:corrosion:stable_wrong
severe_stable_correct,mobilenet_v3_small,brightness_severe,brightness,severe,146_0,146,hide_craze,consensus,3,17:hide_craze:stable_correct|29:hide_craze:stable_correct|43:hide_craze:stable_correct
severe_stable_correct,mobilenet_v3_small,brightness_severe,brightness,severe,156_0,156,craze,consensus,3,17:craze:stable_correct|29:craze:stable_correct|43:craze:stable_correct
severe_stable_correct,mobilenet_v3_small,brightness_severe,brightness,severe,161_0,161,corrosion,consensus,3,17:corrosion:stable_correct|29:corrosion:stable_correct|43:corrosion:stable_correct
severe_stable_correct,mobilenet_v3_small,brightness_severe,brightness,severe,163_0,163,hide_craze,consensus,3,17:hide_craze:stable_correct|29:hide_craze:stable_correct|43:hide_craze:stable_correct
severe_stable_correct,mobilenet_v3_small,brightness_severe,brightness,severe,166_0,166,craze,majority,2,17:craze:stable_correct|29:surface_injure:harmful_flip|43:craze:stable_correct
seed_disagreement,mobilenet_v3_small,brightness_severe,brightness,severe,166_0,166,craze,seed_disagreement,3,17:craze:stable_correct|29:surface_injure:harmful_flip|43:craze:stable_correct
severe_harmful_flip,mobilenet_v3_small,brightness_severe,brightness,severe,167_0,167,craze,majority,2,17:hide_craze:harmful_flip|29:craze:stable_correct|43:hide_craze:harmful_flip
seed_disagreement,mobilenet_v3_small,brightness_severe,brightness,severe,167_0,167,craze,seed_disagreement,3,17:hide_craze:harmful_flip|29:craze:stable_correct|43:hide_craze:harmful_flip
severe_harmful_flip,mobilenet_v3_small,brightness_severe,brightness,severe,167_1,167,craze,consensus,3,17:hide_craze:harmful_flip|29:hide_craze:harmful_flip|43:hide_craze:harmful_flip
severe_stable_correct,mobilenet_v3_small,brightness_severe,brightness,severe,178_0,178,surface_injure,consensus,3,17:surface_injure:stable_correct|29:surface_injure:stable_correct|43:surface_injure:stable_correct
severe_stable_correct,mobilenet_v3_small,brightness_severe,brightness,severe,178_1,178,surface_injure,consensus,3,17:surface_injure:stable_correct|29:surface_injure:stable_correct|43:surface_injure:stable_correct
severe_stable_correct,mobilenet_v3_small,brightness_severe,brightness,severe,178_2,178,surface_injure,consensus,3,17:surface_injure:stable_correct|29:surface_injure:stable_correct|43:surface_injure:stable_correct
severe_harmful_flip,mobilenet_v3_small,brightness_severe,brightness,severe,198_0,198,craze,majority,2,17:craze:stable_correct|29:surface_injure:harmful_flip|43:surface_injure:harmful_flip
seed_disagreement,mobilenet_v3_small,brightness_severe,brightness,severe,198_0,198,craze,seed_disagreement,3,17:craze:stable_correct|29:surface_injure:harmful_flip|43:surface_injure:harmful_flip
severe_stable_correct,mobilenet_v3_small,brightness_severe,brightness,severe,198_1,198,hide_craze,consensus,3,17:hide_craze:stable_correct|29:hide_craze:stable_correct|43:hide_craze:stable_correct
severe_stable_correct,mobilenet_v3_small,brightness_severe,brightness,severe,209_0,209,hide_craze,consensus,3,17:hide_craze:stable_correct|29:hide_craze:stable_correct|43:hide_craze:stable_correct
severe_stable_correct,mobilenet_v3_small,brightness_severe,brightness,severe,214_0,214,craze,consensus,3,17:craze:stable_correct|29:craze:stable_correct|43:craze:stable_correct
severe_stable_correct,mobilenet_v3_small,brightness_severe,brightness,severe,216_0,216,crack,consensus,3,17:crack:stable_correct|29:crack:stable_correct|43:crack:stable_correct
severe_harmful_flip,mobilenet_v3_small,brightness_severe,brightness,severe,217_0,217,surface_injure,majority,2,17:surface_injure:stable_correct|29:craze:harmful_flip|43:hide_craze:harmful_flip
seed_disagreement,mobilenet_v3_small,brightness_severe,brightness,severe,217_0,217,surface_injure,seed_disagreement,3,17:surface_injure:stable_correct|29:craze:harmful_flip|43:hide_craze:harmful_flip
severe_stable_correct,mobilenet_v3_small,brightness_severe,brightness,severe,224_0,224,hide_craze,majority,2,17:hide_craze:stable_correct|29:corrosion:harmful_flip|43:hide_craze:stable_correct
seed_disagreement,mobilenet_v3_small,brightness_severe,brightness,severe,224_0,224,hide_craze,seed_disagreement,3,17:hide_craze:stable_correct|29:corrosion:harmful_flip|43:hide_craze:stable_correct
beneficial_flip,mobilenet_v3_small,brightness_severe,brightness,severe,228_0,228,hide_craze,majority,2,17:hide_craze:beneficial_flip|29:hide_craze:beneficial_flip|43:hide_craze:stable_correct
severe_stable_correct,mobilenet_v3_small,brightness_severe,brightness,severe,228_1,228,hide_craze,consensus,3,17:hide_craze:stable_correct|29:hide_craze:stable_correct|43:hide_craze:stable_correct
severe_harmful_flip,mobilenet_v3_small,brightness_severe,brightness,severe,234_0,234,surface_injure,majority,2,17:hide_craze:harmful_flip|29:hide_craze:harmful_flip|43:surface_injure:stable_correct
seed_disagreement,mobilenet_v3_small,brightness_severe,brightness,severe,234_0,234,surface_injure,seed_disagreement,3,17:hide_craze:harmful_flip|29:hide_craze:harmful_flip|43:surface_injure:stable_correct
severe_stable_correct,mobilenet_v3_small,brightness_severe,brightness,severe,234_1,234,hide_craze,consensus,3,17:hide_craze:stable_correct|29:hide_craze:stable_correct|43:hide_craze:stable_correct
severe_stable_correct,mobilenet_v3_small,brightness_severe,brightness,severe,234_2,234,hide_craze,consensus,3,17:hide_craze:stable_correct|29:hide_craze:stable_correct|43:hide_craze:stable_correct
severe_stable_correct,mobilenet_v3_small,brightness_severe,brightness,severe,234_3,234,hide_craze,consensus,3,17:hide_craze:stable_correct|29:hide_craze:stable_correct|43:hide_craze:stable_correct
severe_stable_correct,mobilenet_v3_small,brightness_severe,brightness,severe,234_4,234,hide_craze,consensus,3,17:hide_craze:stable_correct|29:hide_craze:stable_correct|43:hide_craze:stable_correct
severe_harmful_flip,mobilenet_v3_small,brightness_severe,brightness,severe,238_0,238,crack,consensus,3,17:surface_injure:harmful_flip|29:surface_injure:harmful_flip|43:surface_injure:harmful_flip
severe_harmful_flip,mobilenet_v3_small,brightness_severe,brightness,severe,238_1,238,crack,consensus,3,17:craze:harmful_flip|29:hide_craze:harmful_flip|43:hide_craze:harmful_flip
seed_disagreement,mobilenet_v3_small,brightness_severe,brightness,severe,238_1,238,crack,seed_disagreement,3,17:craze:harmful_flip|29:hide_craze:harmful_flip|43:hide_craze:harmful_flip
severe_stable_correct,mobilenet_v3_small,brightness_severe,brightness,severe,250_0,250,crack,consensus,3,17:crack:stable_correct|29:crack:stable_correct|43:crack:stable_correct
severe_harmful_flip,mobilenet_v3_small,brightness_severe,brightness,severe,252_0,252,crack,consensus,3,17:surface_injure:harmful_flip|29:surface_injure:harmful_flip|43:surface_injure:harmful_flip
severe_stable_wrong,mobilenet_v3_small,brightness_severe,brightness,severe,255_0,255,surface_injure,consensus,3,17:corrosion:stable_wrong|29:corrosion:stable_wrong|43:corrosion:stable_wrong
severe_stable_correct,mobilenet_v3_small,brightness_severe,brightness,severe,255_1,255,surface_injure,majority,2,17:surface_injure:stable_correct|29:corrosion:harmful_flip|43:surface_injure:stable_correct
seed_disagreement,mobilenet_v3_small,brightness_severe,brightness,severe,255_1,255,surface_injure,seed_disagreement,3,17:surface_injure:stable_correct|29:corrosion:harmful_flip|43:surface_injure:stable_correct
severe_harmful_flip,mobilenet_v3_small,brightness_severe,brightness,severe,257_0,257,surface_injure,majority,2,17:corrosion:harmful_flip|29:corrosion:harmful_flip|43:surface_injure:stable_correct
seed_disagreement,mobilenet_v3_small,brightness_severe,brightness,severe,257_0,257,surface_injure,seed_disagreement,3,17:corrosion:harmful_flip|29:corrosion:harmful_flip|43:surface_injure:stable_correct
severe_stable_correct,mobilenet_v3_small,brightness_severe,brightness,severe,257_1,257,surface_injure,majority,2,17:surface_injure:stable_correct|29:corrosion:harmful_flip|43:surface_injure:stable_correct
seed_disagreement,mobilenet_v3_small,brightness_severe,brightness,severe,257_1,257,surface_injure,seed_disagreement,3,17:surface_injure:stable_correct|29:corrosion:harmful_flip|43:surface_injure:stable_correct
severe_stable_correct,mobilenet_v3_small,brightness_severe,brightness,severe,269_0,269,crack,consensus,3,17:crack:stable_correct|29:crack:stable_correct|43:crack:stable_correct
severe_stable_correct,mobilenet_v3_small,brightness_severe,brightness,severe,273_0,273,thunderstrike,consensus,3,17:thunderstrike:stable_correct|29:thunderstrike:stable_correct|43:thunderstrike:stable_correct
severe_stable_correct,mobilenet_v3_small,brightness_severe,brightness,severe,273_1,273,surface_injure,consensus,3,17:surface_injure:stable_correct|29:surface_injure:stable_correct|43:surface_injure:stable_correct
severe_stable_correct,mobilenet_v3_small,brightness_severe,brightness,severe,276_0,276,hide_craze,majority,2,17:hide_craze:stable_correct|29:hide_craze:beneficial_flip|43:hide_craze:stable_correct
severe_stable_correct,mobilenet_v3_small,brightness_severe,brightness,severe,276_1,276,hide_craze,majority,2,17:hide_craze:stable_correct|29:hide_craze:beneficial_flip|43:hide_craze:stable_correct
severe_stable_correct,mobilenet_v3_small,brightness_severe,brightness,severe,284_0,284,hide_craze,consensus,3,17:hide_craze:stable_correct|29:hide_craze:stable_correct|43:hide_craze:stable_correct
severe_stable_correct,mobilenet_v3_small,brightness_severe,brightness,severe,285_0,285,surface_injure,consensus,3,17:surface_injure:stable_correct|29:surface_injure:stable_correct|43:surface_injure:stable_correct
severe_stable_correct,mobilenet_v3_small,brightness_severe,brightness,severe,285_1,285,surface_injure,consensus,3,17:surface_injure:stable_correct|29:surface_injure:stable_correct|43:surface_injure:stable_correct
severe_stable_correct,mobilenet_v3_small,brightness_severe,brightness,severe,318_0,318,crack,majority,2,17:crack:stable_correct|29:crack:stable_correct|43:hide_craze:harmful_flip
seed_disagreement,mobilenet_v3_small,brightness_severe,brightness,severe,318_0,318,crack,seed_disagreement,3,17:crack:stable_correct|29:crack:stable_correct|43:hide_craze:harmful_flip
severe_stable_correct,mobilenet_v3_small,brightness_severe,brightness,severe,322_0,322,corrosion,consensus,3,17:corrosion:stable_correct|29:corrosion:stable_correct|43:corrosion:stable_correct
beneficial_flip,mobilenet_v3_small,brightness_severe,brightness,severe,323_0,323,corrosion,majority,2,17:hide_craze:changed_wrong|29:corrosion:beneficial_flip|43:corrosion:beneficial_flip
seed_disagreement,mobilenet_v3_small,brightness_severe,brightness,severe,323_0,323,corrosion,seed_disagreement,3,17:hide_craze:changed_wrong|29:corrosion:beneficial_flip|43:corrosion:beneficial_flip
severe_harmful_flip,mobilenet_v3_small,brightness_severe,brightness,severe,326_0,326,surface_injure,consensus,3,17:corrosion:harmful_flip|29:corrosion:harmful_flip|43:corrosion:harmful_flip
severe_harmful_flip,mobilenet_v3_small,brightness_severe,brightness,severe,326_1,326,craze,majority,2,17:hide_craze:harmful_flip|29:surface_injure:harmful_flip|43:hide_craze:changed_wrong
seed_disagreement,mobilenet_v3_small,brightness_severe,brightness,severe,326_1,326,craze,seed_disagreement,3,17:hide_craze:harmful_flip|29:surface_injure:harmful_flip|43:hide_craze:changed_wrong
severe_harmful_flip,mobilenet_v3_small,brightness_severe,brightness,severe,332_0,332,surface_injure,consensus,3,17:hide_craze:harmful_flip|29:hide_craze:harmful_flip|43:hide_craze:harmful_flip
severe_stable_correct,mobilenet_v3_small,brightness_severe,brightness,severe,363_0,363,surface_injure,consensus,3,17:surface_injure:stable_correct|29:surface_injure:stable_correct|43:surface_injure:stable_correct
severe_harmful_flip,mobilenet_v3_small,brightness_severe,brightness,severe,370_0,370,corrosion,majority,2,17:hide_craze:harmful_flip|29:corrosion:stable_correct|43:hide_craze:harmful_flip
seed_disagreement,mobilenet_v3_small,brightness_severe,brightness,severe,370_0,370,corrosion,seed_disagreement,3,17:hide_craze:harmful_flip|29:corrosion:stable_correct|43:hide_craze:harmful_flip
severe_stable_correct,mobilenet_v3_small,brightness_severe,brightness,severe,370_1,370,corrosion,majority,2,17:hide_craze:harmful_flip|29:corrosion:stable_correct|43:corrosion:stable_correct
seed_disagreement,mobilenet_v3_small,brightness_severe,brightness,severe,370_1,370,corrosion,seed_disagreement,3,17:hide_craze:harmful_flip|29:corrosion:stable_correct|43:corrosion:stable_correct
severe_harmful_flip,mobilenet_v3_small,brightness_severe,brightness,severe,370_2,370,corrosion,majority,2,17:hide_craze:harmful_flip|29:corrosion:stable_correct|43:hide_craze:harmful_flip
seed_disagreement,mobilenet_v3_small,brightness_severe,brightness,severe,370_2,370,corrosion,seed_disagreement,3,17:hide_craze:harmful_flip|29:corrosion:stable_correct|43:hide_craze:harmful_flip
severe_stable_correct,mobilenet_v3_small,brightness_severe,brightness,severe,373_0,373,corrosion,consensus,3,17:corrosion:stable_correct|29:corrosion:stable_correct|43:corrosion:stable_correct
severe_stable_correct,mobilenet_v3_small,brightness_severe,brightness,severe,379_0,379,hide_craze,consensus,3,17:hide_craze:stable_correct|29:hide_craze:stable_correct|43:hide_craze:stable_correct
severe_stable_correct,mobilenet_v3_small,brightness_severe,brightness,severe,379_1,379,hide_craze,majority,2,17:hide_craze:stable_correct|29:hide_craze:stable_correct|43:hide_craze:beneficial_flip
severe_stable_correct,mobilenet_v3_small,brightness_severe,brightness,severe,388_0,388,hide_craze,consensus,3,17:hide_craze:stable_correct|29:hide_craze:stable_correct|43:hide_craze:stable_correct
severe_harmful_flip,mobilenet_v3_small,brightness_severe,brightness,severe,389_0,389,crack,majority,2,17:crack:stable_correct|29:surface_injure:harmful_flip|43:surface_injure:harmful_flip
seed_disagreement,mobilenet_v3_small,brightness_severe,brightness,severe,389_0,389,crack,seed_disagreement,3,17:crack:stable_correct|29:surface_injure:harmful_flip|43:surface_injure:harmful_flip
severe_harmful_flip,mobilenet_v3_small,brightness_severe,brightness,severe,390_0,390,corrosion,majority,2,17:hide_craze:harmful_flip|29:corrosion:stable_correct|43:hide_craze:harmful_flip
seed_disagreement,mobilenet_v3_small,brightness_severe,brightness,severe,390_0,390,corrosion,seed_disagreement,3,17:hide_craze:harmful_flip|29:corrosion:stable_correct|43:hide_craze:harmful_flip
severe_harmful_flip,mobilenet_v3_small,brightness_severe,brightness,severe,394_0,394,crack,majority,2,17:crack:stable_correct|29:craze:harmful_flip|43:craze:harmful_flip
seed_disagreement,mobilenet_v3_small,brightness_severe,brightness,severe,394_0,394,crack,seed_disagreement,3,17:crack:stable_correct|29:craze:harmful_flip|43:craze:harmful_flip
severe_stable_correct,mobilenet_v3_small,brightness_severe,brightness,severe,405_0,405,corrosion,consensus,3,17:corrosion:stable_correct|29:corrosion:stable_correct|43:corrosion:stable_correct
severe_stable_correct,mobilenet_v3_small,brightness_severe,brightness,severe,407_0,407,surface_injure,consensus,3,17:surface_injure:stable_correct|29:surface_injure:stable_correct|43:surface_injure:stable_correct
severe_stable_correct,mobilenet_v3_small,brightness_severe,brightness,severe,408_0,408,corrosion,majority,2,17:corrosion:stable_correct|29:corrosion:stable_correct|43:hide_craze:harmful_flip
seed_disagreement,mobilenet_v3_small,brightness_severe,brightness,severe,408_0,408,corrosion,seed_disagreement,3,17:corrosion:stable_correct|29:corrosion:stable_correct|43:hide_craze:harmful_flip
severe_stable_correct,mobilenet_v3_small,brightness_severe,brightness,severe,408_1,408,corrosion,consensus,3,17:corrosion:stable_correct|29:corrosion:stable_correct|43:corrosion:stable_correct
severe_stable_correct,mobilenet_v3_small,brightness_severe,brightness,severe,410_0,410,corrosion,majority,2,17:corrosion:stable_correct|29:corrosion:stable_correct|43:corrosion:beneficial_flip
severe_harmful_flip,mobilenet_v3_small,brightness_severe,brightness,severe,410_1,410,corrosion,majority,2,17:hide_craze:harmful_flip|29:craze:harmful_flip|43:hide_craze:changed_wrong
seed_disagreement,mobilenet_v3_small,brightness_severe,brightness,severe,410_1,410,corrosion,seed_disagreement,3,17:hide_craze:harmful_flip|29:craze:harmful_flip|43:hide_craze:changed_wrong
severe_stable_correct,mobilenet_v3_small,brightness_severe,brightness,severe,432_0,432,surface_injure,consensus,3,17:surface_injure:stable_correct|29:surface_injure:stable_correct|43:surface_injure:stable_correct
severe_stable_correct,mobilenet_v3_small,brightness_severe,brightness,severe,438_0,438,hide_craze,consensus,3,17:hide_craze:stable_correct|29:hide_craze:stable_correct|43:hide_craze:stable_correct
severe_stable_correct,mobilenet_v3_small,brightness_severe,brightness,severe,440_0,440,crack,majority,2,17:crack:stable_correct|29:crack:stable_correct|43:hide_craze:harmful_flip
seed_disagreement,mobilenet_v3_small,brightness_severe,brightness,severe,440_0,440,crack,seed_disagreement,3,17:crack:stable_correct|29:crack:stable_correct|43:hide_craze:harmful_flip
severe_stable_correct,mobilenet_v3_small,brightness_severe,brightness,severe,447_0,447,crack,majority,2,17:crack:stable_correct|29:crack:stable_correct|43:craze:harmful_flip
seed_disagreement,mobilenet_v3_small,brightness_severe,brightness,severe,447_0,447,crack,seed_disagreement,3,17:crack:stable_correct|29:crack:stable_correct|43:craze:harmful_flip
severe_stable_correct,mobilenet_v3_small,brightness_severe,brightness,severe,447_1,447,crack,consensus,3,17:crack:stable_correct|29:crack:stable_correct|43:crack:stable_correct
severe_stable_correct,mobilenet_v3_small,brightness_severe,brightness,severe,451_0,451,corrosion,consensus,3,17:corrosion:stable_correct|29:corrosion:stable_correct|43:corrosion:stable_correct
severe_stable_correct,mobilenet_v3_small,brightness_severe,brightness,severe,457_0,457,hide_craze,consensus,3,17:hide_craze:stable_correct|29:hide_craze:stable_correct|43:hide_craze:stable_correct
severe_stable_correct,mobilenet_v3_small,brightness_severe,brightness,severe,457_1,457,hide_craze,consensus,3,17:hide_craze:stable_correct|29:hide_craze:stable_correct|43:hide_craze:stable_correct
severe_stable_correct,mobilenet_v3_small,brightness_severe,brightness,severe,457_2,457,hide_craze,consensus,3,17:hide_craze:stable_correct|29:hide_craze:stable_correct|43:hide_craze:stable_correct
severe_harmful_flip,mobilenet_v3_small,brightness_severe,brightness,severe,464_0,464,craze,consensus,3,17:hide_craze:harmful_flip|29:surface_injure:harmful_flip|43:hide_craze:harmful_flip
seed_disagreement,mobilenet_v3_small,brightness_severe,brightness,severe,464_0,464,craze,seed_disagreement,3,17:hide_craze:harmful_flip|29:surface_injure:harmful_flip|43:hide_craze:harmful_flip
severe_stable_wrong,mobilenet_v3_small,brightness_severe,brightness,severe,464_1,464,hide_craze,majority,2,17:surface_injure:stable_wrong|29:surface_injure:stable_wrong|43:hide_craze:beneficial_flip
seed_disagreement,mobilenet_v3_small,brightness_severe,brightness,severe,464_1,464,hide_craze,seed_disagreement,3,17:surface_injure:stable_wrong|29:surface_injure:stable_wrong|43:hide_craze:beneficial_flip
severe_stable_correct,mobilenet_v3_small,brightness_severe,brightness,severe,469_0,469,craze,consensus,3,17:craze:stable_correct|29:craze:stable_correct|43:craze:stable_correct
severe_stable_correct,mobilenet_v3_small,brightness_severe,brightness,severe,473_0,473,crack,consensus,3,17:crack:stable_correct|29:crack:stable_correct|43:crack:stable_correct
severe_stable_correct,mobilenet_v3_small,brightness_severe,brightness,severe,476_0,476,surface_injure,consensus,3,17:surface_injure:stable_correct|29:surface_injure:stable_correct|43:surface_injure:stable_correct
seed_disagreement,mobilenet_v3_small,brightness_severe,brightness,severe,479_0,479,surface_injure,seed_disagreement,3,17:corrosion:changed_wrong|29:surface_injure:stable_correct|43:surface_injure:beneficial_flip
severe_harmful_flip,mobilenet_v3_small,brightness_severe,brightness,severe,479_1,479,thunderstrike,consensus,3,17:surface_injure:harmful_flip|29:surface_injure:harmful_flip|43:surface_injure:harmful_flip
severe_stable_correct,mobilenet_v3_small,brightness_severe,brightness,severe,501_0,501,corrosion,consensus,3,17:corrosion:stable_correct|29:corrosion:stable_correct|43:corrosion:stable_correct
severe_stable_correct,mobilenet_v3_small,brightness_severe,brightness,severe,505_0,505,corrosion,consensus,3,17:corrosion:stable_correct|29:corrosion:stable_correct|43:corrosion:stable_correct
severe_stable_correct,mobilenet_v3_small,brightness_severe,brightness,severe,511_0,511,hide_craze,consensus,3,17:hide_craze:stable_correct|29:hide_craze:stable_correct|43:hide_craze:stable_correct
severe_stable_correct,mobilenet_v3_small,brightness_severe,brightness,severe,511_1,511,hide_craze,majority,2,17:hide_craze:stable_correct|29:hide_craze:beneficial_flip|43:hide_craze:stable_correct
beneficial_flip,mobilenet_v3_small,brightness_severe,brightness,severe,521_0,521,corrosion,majority,2,17:hide_craze:stable_wrong|29:corrosion:beneficial_flip|43:corrosion:beneficial_flip
seed_disagreement,mobilenet_v3_small,brightness_severe,brightness,severe,521_0,521,corrosion,seed_disagreement,3,17:hide_craze:stable_wrong|29:corrosion:beneficial_flip|43:corrosion:beneficial_flip
severe_stable_wrong,mobilenet_v3_small,brightness_severe,brightness,severe,521_1,521,corrosion,majority,2,17:hide_craze:stable_wrong|29:corrosion:beneficial_flip|43:hide_craze:stable_wrong
seed_disagreement,mobilenet_v3_small,brightness_severe,brightness,severe,521_1,521,corrosion,seed_disagreement,3,17:hide_craze:stable_wrong|29:corrosion:beneficial_flip|43:hide_craze:stable_wrong
severe_stable_correct,mobilenet_v3_small,brightness_severe,brightness,severe,541_0,541,hide_craze,consensus,3,17:hide_craze:stable_correct|29:hide_craze:stable_correct|43:hide_craze:stable_correct
beneficial_flip,mobilenet_v3_small,brightness_severe,brightness,severe,546_0,546,corrosion,consensus,3,17:corrosion:beneficial_flip|29:corrosion:beneficial_flip|43:corrosion:beneficial_flip
beneficial_flip,mobilenet_v3_small,brightness_severe,brightness,severe,546_1,546,corrosion,consensus,3,17:corrosion:beneficial_flip|29:corrosion:beneficial_flip|43:corrosion:beneficial_flip
beneficial_flip,mobilenet_v3_small,brightness_severe,brightness,severe,546_2,546,corrosion,majority,2,17:corrosion:beneficial_flip|29:corrosion:beneficial_flip|43:corrosion:stable_correct
severe_harmful_flip,mobilenet_v3_small,brightness_severe,brightness,severe,563_0,563,craze,consensus,3,17:hide_craze:harmful_flip|29:hide_craze:harmful_flip|43:surface_injure:harmful_flip
seed_disagreement,mobilenet_v3_small,brightness_severe,brightness,severe,563_0,563,craze,seed_disagreement,3,17:hide_craze:harmful_flip|29:hide_craze:harmful_flip|43:surface_injure:harmful_flip
severe_stable_correct,mobilenet_v3_small,brightness_severe,brightness,severe,566_0,566,corrosion,consensus,3,17:corrosion:stable_correct|29:corrosion:stable_correct|43:corrosion:stable_correct
severe_stable_correct,mobilenet_v3_small,brightness_severe,brightness,severe,569_0,569,hide_craze,consensus,3,17:hide_craze:stable_correct|29:hide_craze:stable_correct|43:hide_craze:stable_correct
severe_stable_correct,mobilenet_v3_small,brightness_severe,brightness,severe,574_0,574,craze,consensus,3,17:craze:stable_correct|29:craze:stable_correct|43:craze:stable_correct
severe_stable_correct,mobilenet_v3_small,brightness_severe,brightness,severe,580_0,580,craze,consensus,3,17:craze:stable_correct|29:craze:stable_correct|43:craze:stable_correct
severe_harmful_flip,mobilenet_v3_small,brightness_severe,brightness,severe,591_0,591,thunderstrike,majority,2,17:corrosion:harmful_flip|29:thunderstrike:stable_correct|43:surface_injure:harmful_flip
seed_disagreement,mobilenet_v3_small,brightness_severe,brightness,severe,591_0,591,thunderstrike,seed_disagreement,3,17:corrosion:harmful_flip|29:thunderstrike:stable_correct|43:surface_injure:harmful_flip
severe_stable_correct,mobilenet_v3_small,brightness_severe,brightness,severe,591_1,591,surface_injure,consensus,3,17:surface_injure:stable_correct|29:surface_injure:stable_correct|43:surface_injure:stable_correct
severe_stable_correct,mobilenet_v3_small,brightness_severe,brightness,severe,591_2,591,surface_injure,consensus,3,17:surface_injure:stable_correct|29:surface_injure:stable_correct|43:surface_injure:stable_correct
severe_stable_correct,mobilenet_v3_small,brightness_severe,brightness,severe,597_0,597,hide_craze,consensus,3,17:hide_craze:stable_correct|29:hide_craze:stable_correct|43:hide_craze:stable_correct
severe_stable_correct,mobilenet_v3_small,brightness_severe,brightness,severe,598_0,598,corrosion,majority,2,17:corrosion:stable_correct|29:corrosion:stable_correct|43:craze:harmful_flip
seed_disagreement,mobilenet_v3_small,brightness_severe,brightness,severe,598_0,598,corrosion,seed_disagreement,3,17:corrosion:stable_correct|29:corrosion:stable_correct|43:craze:harmful_flip
severe_harmful_flip,mobilenet_v3_small,brightness_severe,brightness,severe,598_1,598,corrosion,majority,2,17:hide_craze:harmful_flip|29:corrosion:stable_correct|43:hide_craze:harmful_flip
seed_disagreement,mobilenet_v3_small,brightness_severe,brightness,severe,598_1,598,corrosion,seed_disagreement,3,17:hide_craze:harmful_flip|29:corrosion:stable_correct|43:hide_craze:harmful_flip
severe_harmful_flip,mobilenet_v3_small,brightness_severe,brightness,severe,600_0,600,hide_craze,majority,2,17:hide_craze:stable_correct|29:surface_injure:harmful_flip|43:craze:harmful_flip
seed_disagreement,mobilenet_v3_small,brightness_severe,brightness,severe,600_0,600,hide_craze,seed_disagreement,3,17:hide_craze:stable_correct|29:surface_injure:harmful_flip|43:craze:harmful_flip
severe_stable_correct,mobilenet_v3_small,brightness_severe,brightness,severe,610_0,610,hide_craze,consensus,3,17:hide_craze:stable_correct|29:hide_craze:stable_correct|43:hide_craze:stable_correct
severe_stable_correct,mobilenet_v3_small,brightness_severe,brightness,severe,623_0,623,hide_craze,consensus,3,17:hide_craze:stable_correct|29:hide_craze:stable_correct|43:hide_craze:stable_correct
severe_stable_correct,mobilenet_v3_small,brightness_severe,brightness,severe,633_0,633,hide_craze,majority,2,17:hide_craze:stable_correct|29:surface_injure:harmful_flip|43:hide_craze:stable_correct
seed_disagreement,mobilenet_v3_small,brightness_severe,brightness,severe,633_0,633,hide_craze,seed_disagreement,3,17:hide_craze:stable_correct|29:surface_injure:harmful_flip|43:hide_craze:stable_correct
severe_harmful_flip,mobilenet_v3_small,brightness_severe,brightness,severe,642_0,642,hide_craze,majority,2,17:hide_craze:stable_correct|29:corrosion:harmful_flip|43:surface_injure:harmful_flip
seed_disagreement,mobilenet_v3_small,brightness_severe,brightness,severe,642_0,642,hide_craze,seed_disagreement,3,17:hide_craze:stable_correct|29:corrosion:harmful_flip|43:surface_injure:harmful_flip
severe_stable_correct,mobilenet_v3_small,brightness_severe,brightness,severe,642_1,642,surface_injure,majority,2,17:surface_injure:stable_correct|29:corrosion:harmful_flip|43:surface_injure:stable_correct
seed_disagreement,mobilenet_v3_small,brightness_severe,brightness,severe,642_1,642,surface_injure,seed_disagreement,3,17:surface_injure:stable_correct|29:corrosion:harmful_flip|43:surface_injure:stable_correct
beneficial_flip,mobilenet_v3_small,brightness_severe,brightness,severe,643_0,643,hide_craze,majority,2,17:hide_craze:beneficial_flip|29:hide_craze:beneficial_flip|43:hide_craze:stable_correct
severe_stable_correct,mobilenet_v3_small,brightness_severe,brightness,severe,650_0,650,corrosion,consensus,3,17:corrosion:stable_correct|29:corrosion:stable_correct|43:corrosion:stable_correct
severe_stable_correct,mobilenet_v3_small,brightness_severe,brightness,severe,655_0,655,hide_craze,consensus,3,17:hide_craze:stable_correct|29:hide_craze:stable_correct|43:hide_craze:stable_correct
seed_disagreement,mobilenet_v3_small,brightness_severe,brightness,severe,658_0,658,corrosion,seed_disagreement,3,17:hide_craze:changed_wrong|29:hide_craze:changed_wrong|43:craze:stable_wrong
severe_stable_correct,mobilenet_v3_small,brightness_severe,brightness,severe,663_0,663,hide_craze,consensus,3,17:hide_craze:stable_correct|29:hide_craze:stable_correct|43:hide_craze:stable_correct
severe_stable_correct,mobilenet_v3_small,brightness_severe,brightness,severe,671_0,671,hide_craze,consensus,3,17:hide_craze:stable_correct|29:hide_craze:stable_correct|43:hide_craze:stable_correct
seed_disagreement,mobilenet_v3_small,brightness_severe,brightness,severe,671_1,671,surface_injure,seed_disagreement,3,17:hide_craze:stable_wrong|29:surface_injure:beneficial_flip|43:corrosion:changed_wrong
severe_stable_correct,mobilenet_v3_small,brightness_severe,brightness,severe,677_0,677,hide_craze,consensus,3,17:hide_craze:stable_correct|29:hide_craze:stable_correct|43:hide_craze:stable_correct
severe_stable_correct,mobilenet_v3_small,brightness_severe,brightness,severe,686_0,686,thunderstrike,consensus,3,17:thunderstrike:stable_correct|29:thunderstrike:stable_correct|43:thunderstrike:stable_correct
severe_stable_correct,mobilenet_v3_small,brightness_severe,brightness,severe,689_0,689,surface_injure,majority,2,17:surface_injure:stable_correct|29:surface_injure:beneficial_flip|43:surface_injure:stable_correct
severe_stable_correct,mobilenet_v3_small,brightness_severe,brightness,severe,689_1,689,surface_injure,consensus,3,17:surface_injure:stable_correct|29:surface_injure:stable_correct|43:surface_injure:stable_correct
severe_stable_correct,mobilenet_v3_small,brightness_severe,brightness,severe,689_2,689,surface_injure,consensus,3,17:surface_injure:stable_correct|29:surface_injure:stable_correct|43:surface_injure:stable_correct
severe_stable_correct,mobilenet_v3_small,brightness_severe,brightness,severe,689_3,689,surface_injure,consensus,3,17:surface_injure:stable_correct|29:surface_injure:stable_correct|43:surface_injure:stable_correct
severe_stable_correct,mobilenet_v3_small,brightness_severe,brightness,severe,696_0,696,hide_craze,consensus,3,17:hide_craze:stable_correct|29:hide_craze:stable_correct|43:hide_craze:stable_correct
severe_stable_correct,mobilenet_v3_small,brightness_severe,brightness,severe,696_1,696,hide_craze,consensus,3,17:hide_craze:stable_correct|29:hide_craze:stable_correct|43:hide_craze:stable_correct
severe_harmful_flip,mobilenet_v3_small,brightness_severe,brightness,severe,699_0,699,thunderstrike,consensus,3,17:craze:harmful_flip|29:craze:harmful_flip|43:craze:harmful_flip
severe_stable_correct,mobilenet_v3_small,brightness_severe,brightness,severe,701_0,701,craze,consensus,3,17:craze:stable_correct|29:craze:stable_correct|43:craze:stable_correct
severe_stable_correct,mobilenet_v3_small,brightness_severe,brightness,severe,704_0,704,corrosion,consensus,3,17:corrosion:stable_correct|29:corrosion:stable_correct|43:corrosion:stable_correct
severe_stable_correct,mobilenet_v3_small,brightness_severe,brightness,severe,721_0,721,hide_craze,majority,2,17:hide_craze:stable_correct|29:surface_injure:harmful_flip|43:hide_craze:stable_correct
seed_disagreement,mobilenet_v3_small,brightness_severe,brightness,severe,721_0,721,hide_craze,seed_disagreement,3,17:hide_craze:stable_correct|29:surface_injure:harmful_flip|43:hide_craze:stable_correct
severe_harmful_flip,mobilenet_v3_small,brightness_severe,brightness,severe,824_0,824,craze,consensus,3,17:hide_craze:harmful_flip|29:hide_craze:harmful_flip|43:surface_injure:harmful_flip
seed_disagreement,mobilenet_v3_small,brightness_severe,brightness,severe,824_0,824,craze,seed_disagreement,3,17:hide_craze:harmful_flip|29:hide_craze:harmful_flip|43:surface_injure:harmful_flip
severe_stable_correct,mobilenet_v3_small,brightness_severe,brightness,severe,863_0,863,thunderstrike,majority,2,17:thunderstrike:stable_correct|29:thunderstrike:stable_correct|43:surface_injure:harmful_flip
seed_disagreement,mobilenet_v3_small,brightness_severe,brightness,severe,863_0,863,thunderstrike,seed_disagreement,3,17:thunderstrike:stable_correct|29:thunderstrike:stable_correct|43:surface_injure:harmful_flip
severe_stable_correct,mobilenet_v3_small,brightness_severe,brightness,severe,864_0,864,surface_injure,majority,2,17:surface_injure:stable_correct|29:hide_craze:harmful_flip|43:surface_injure:stable_correct
seed_disagreement,mobilenet_v3_small,brightness_severe,brightness,severe,864_0,864,surface_injure,seed_disagreement,3,17:surface_injure:stable_correct|29:hide_craze:harmful_flip|43:surface_injure:stable_correct
severe_stable_correct,mobilenet_v3_small,brightness_severe,brightness,severe,875_0,875,hide_craze,consensus,3,17:hide_craze:stable_correct|29:hide_craze:stable_correct|43:hide_craze:stable_correct
severe_stable_correct,mobilenet_v3_small,brightness_severe,brightness,severe,875_1,875,hide_craze,consensus,3,17:hide_craze:stable_correct|29:hide_craze:stable_correct|43:hide_craze:stable_correct
severe_stable_correct,mobilenet_v3_small,brightness_severe,brightness,severe,1017_0,1017,hide_craze,consensus,3,17:hide_craze:stable_correct|29:hide_craze:stable_correct|43:hide_craze:stable_correct
severe_stable_correct,mobilenet_v3_small,brightness_severe,brightness,severe,1017_1,1017,hide_craze,consensus,3,17:hide_craze:stable_correct|29:hide_craze:stable_correct|43:hide_craze:stable_correct
seed_disagreement,mobilenet_v3_small,jpeg_mild,jpeg,mild,48_0,48,surface_injure,seed_disagreement,3,17:surface_injure:stable_correct|29:surface_injure:stable_correct|43:craze:stable_wrong
seed_disagreement,mobilenet_v3_small,jpeg_mild,jpeg,mild,51_1,51,craze,seed_disagreement,3,17:craze:stable_correct|29:craze:stable_correct|43:hide_craze:harmful_flip
seed_disagreement,mobilenet_v3_small,jpeg_mild,jpeg,mild,54_1,54,hide_craze,seed_disagreement,3,17:corrosion:harmful_flip|29:hide_craze:stable_correct|43:corrosion:harmful_flip
seed_disagreement,mobilenet_v3_small,jpeg_mild,jpeg,mild,57_1,57,surface_injure,seed_disagreement,3,17:corrosion:stable_wrong|29:surface_injure:stable_correct|43:surface_injure:stable_correct
seed_disagreement,mobilenet_v3_small,jpeg_mild,jpeg,mild,61_2,61,craze,seed_disagreement,3,17:craze:stable_correct|29:craze:stable_correct|43:corrosion:harmful_flip
seed_disagreement,mobilenet_v3_small,jpeg_mild,jpeg,mild,112_0,112,thunderstrike,seed_disagreement,3,17:thunderstrike:stable_correct|29:thunderstrike:stable_correct|43:surface_injure:harmful_flip
seed_disagreement,mobilenet_v3_small,jpeg_mild,jpeg,mild,142_0,142,surface_injure,seed_disagreement,3,17:hide_craze:stable_wrong|29:hide_craze:changed_wrong|43:corrosion:stable_wrong
seed_disagreement,mobilenet_v3_small,jpeg_mild,jpeg,mild,198_0,198,craze,seed_disagreement,3,17:craze:stable_correct|29:surface_injure:harmful_flip|43:craze:stable_correct
seed_disagreement,mobilenet_v3_small,jpeg_mild,jpeg,mild,228_0,228,hide_craze,seed_disagreement,3,17:craze:stable_wrong|29:crack:changed_wrong|43:hide_craze:stable_correct
seed_disagreement,mobilenet_v3_small,jpeg_mild,jpeg,mild,228_1,228,hide_craze,seed_disagreement,3,17:craze:harmful_flip|29:hide_craze:stable_correct|43:craze:harmful_flip
seed_disagreement,mobilenet_v3_small,jpeg_mild,jpeg,mild,255_0,255,surface_injure,seed_disagreement,3,17:corrosion:stable_wrong|29:hide_craze:changed_wrong|43:corrosion:stable_wrong
seed_disagreement,mobilenet_v3_small,jpeg_mild,jpeg,mild,276_1,276,hide_craze,seed_disagreement,3,17:hide_craze:stable_correct|29:corrosion:stable_wrong|43:hide_craze:stable_correct
seed_disagreement,mobilenet_v3_small,jpeg_mild,jpeg,mild,323_0,323,corrosion,seed_disagreement,3,17:surface_injure:stable_wrong|29:hide_craze:stable_wrong|43:surface_injure:stable_wrong
seed_disagreement,mobilenet_v3_small,jpeg_mild,jpeg,mild,326_1,326,craze,seed_disagreement,3,17:craze:stable_correct|29:craze:stable_correct|43:surface_injure:stable_wrong
seed_disagreement,mobilenet_v3_small,jpeg_mild,jpeg,mild,332_0,332,surface_injure,seed_disagreement,3,17:hide_craze:harmful_flip|29:corrosion:harmful_flip|43:corrosion:harmful_flip
seed_disagreement,mobilenet_v3_small,jpeg_mild,jpeg,mild,390_0,390,corrosion,seed_disagreement,3,17:corrosion:stable_correct|29:corrosion:stable_correct|43:surface_injure:harmful_flip
seed_disagreement,mobilenet_v3_small,jpeg_mild,jpeg,mild,410_0,410,corrosion,seed_disagreement,3,17:corrosion:stable_correct|29:corrosion:stable_correct|43:craze:stable_wrong
seed_disagreement,mobilenet_v3_small,jpeg_mild,jpeg,mild,457_1,457,hide_craze,seed_disagreement,3,17:hide_craze:stable_correct|29:thunderstrike:harmful_flip|43:hide_craze:stable_correct
seed_disagreement,mobilenet_v3_small,jpeg_mild,jpeg,mild,457_2,457,hide_craze,seed_disagreement,3,17:hide_craze:stable_correct|29:thunderstrike:harmful_flip|43:hide_craze:stable_correct
seed_disagreement,mobilenet_v3_small,jpeg_mild,jpeg,mild,479_0,479,surface_injure,seed_disagreement,3,17:thunderstrike:stable_wrong|29:surface_injure:stable_correct|43:surface_injure:beneficial_flip
seed_disagreement,mobilenet_v3_small,jpeg_mild,jpeg,mild,511_0,511,hide_craze,seed_disagreement,3,17:hide_craze:stable_correct|29:craze:harmful_flip|43:hide_craze:stable_correct
seed_disagreement,mobilenet_v3_small,jpeg_mild,jpeg,mild,521_0,521,corrosion,seed_disagreement,3,17:hide_craze:stable_wrong|29:hide_craze:stable_wrong|43:corrosion:beneficial_flip
seed_disagreement,mobilenet_v3_small,jpeg_mild,jpeg,mild,546_2,546,corrosion,seed_disagreement,3,17:hide_craze:stable_wrong|29:corrosion:beneficial_flip|43:corrosion:stable_correct
seed_disagreement,mobilenet_v3_small,jpeg_mild,jpeg,mild,623_1,623,surface_injure,seed_disagreement,3,17:hide_craze:stable_wrong|29:crack:changed_wrong|43:crack:stable_wrong
seed_disagreement,mobilenet_v3_small,jpeg_mild,jpeg,mild,643_0,643,hide_craze,seed_disagreement,3,17:surface_injure:stable_wrong|29:surface_injure:stable_wrong|43:hide_craze:stable_correct
seed_disagreement,mobilenet_v3_small,jpeg_mild,jpeg,mild,658_0,658,corrosion,seed_disagreement,3,17:crack:stable_wrong|29:crack:stable_wrong|43:craze:stable_wrong
seed_disagreement,mobilenet_v3_small,jpeg_moderate,jpeg,moderate,46_1,46,corrosion,seed_disagreement,3,17:corrosion:stable_correct|29:corrosion:stable_correct|43:hide_craze:harmful_flip
seed_disagreement,mobilenet_v3_small,jpeg_moderate,jpeg,moderate,48_0,48,surface_injure,seed_disagreement,3,17:surface_injure:stable_correct|29:surface_injure:stable_correct|43:craze:stable_wrong
seed_disagreement,mobilenet_v3_small,jpeg_moderate,jpeg,moderate,57_1,57,surface_injure,seed_disagreement,3,17:corrosion:stable_wrong|29:surface_injure:stable_correct|43:surface_injure:stable_correct
seed_disagreement,mobilenet_v3_small,jpeg_moderate,jpeg,moderate,112_0,112,thunderstrike,seed_disagreement,3,17:thunderstrike:stable_correct|29:surface_injure:harmful_flip|43:surface_injure:harmful_flip
seed_disagreement,mobilenet_v3_small,jpeg_moderate,jpeg,moderate,142_0,142,surface_injure,seed_disagreement,3,17:hide_craze:stable_wrong|29:hide_craze:changed_wrong|43:corrosion:stable_wrong
seed_disagreement,mobilenet_v3_small,jpeg_moderate,jpeg,moderate,198_0,198,craze,seed_disagreement,3,17:craze:stable_correct|29:surface_injure:harmful_flip|43:craze:stable_correct
seed_disagreement,mobilenet_v3_small,jpeg_moderate,jpeg,moderate,209_0,209,hide_craze,seed_disagreement,3,17:hide_craze:stable_correct|29:surface_injure:harmful_flip|43:hide_craze:stable_correct
seed_disagreement,mobilenet_v3_small,jpeg_moderate,jpeg,moderate,255_0,255,surface_injure,seed_disagreement,3,17:surface_injure:beneficial_flip|29:hide_craze:changed_wrong|43:corrosion:stable_wrong
seed_disagreement,mobilenet_v3_small,jpeg_moderate,jpeg,moderate,257_0,257,surface_injure,seed_disagreement,3,17:surface_injure:stable_correct|29:surface_injure:stable_correct|43:corrosion:harmful_flip
seed_disagreement,mobilenet_v3_small,jpeg_moderate,jpeg,moderate,276_1,276,hide_craze,seed_disagreement,3,17:hide_craze:stable_correct|29:corrosion:stable_wrong|43:hide_craze:stable_correct
seed_disagreement,mobilenet_v3_small,jpeg_moderate,jpeg,moderate,323_0,323,corrosion,seed_disagreement,3,17:surface_injure:stable_wrong|29:hide_craze:stable_wrong|43:surface_injure:stable_wrong
seed_disagreement,mobilenet_v3_small,jpeg_moderate,jpeg,moderate,326_1,326,craze,seed_disagreement,3,17:corrosion:harmful_flip|29:surface_injure:harmful_flip|43:surface_injure:stable_wrong
seed_disagreement,mobilenet_v3_small,jpeg_moderate,jpeg,moderate,332_0,332,surface_injure,seed_disagreement,3,17:hide_craze:harmful_flip|29:hide_craze:harmful_flip|43:craze:harmful_flip
seed_disagreement,mobilenet_v3_small,jpeg_moderate,jpeg,moderate,408_0,408,corrosion,seed_disagreement,3,17:corrosion:stable_correct|29:craze:harmful_flip|43:corrosion:stable_correct
seed_disagreement,mobilenet_v3_small,jpeg_moderate,jpeg,moderate,410_0,410,corrosion,seed_disagreement,3,17:corrosion:stable_correct|29:corrosion:stable_correct|43:craze:stable_wrong
seed_disagreement,mobilenet_v3_small,jpeg_moderate,jpeg,moderate,410_1,410,corrosion,seed_disagreement,3,17:corrosion:stable_correct|29:corrosion:stable_correct|43:craze:stable_wrong
seed_disagreement,mobilenet_v3_small,jpeg_moderate,jpeg,moderate,457_1,457,hide_craze,seed_disagreement,3,17:hide_craze:stable_correct|29:surface_injure:harmful_flip|43:hide_craze:stable_correct
seed_disagreement,mobilenet_v3_small,jpeg_moderate,jpeg,moderate,476_0,476,surface_injure,seed_disagreement,3,17:surface_injure:stable_correct|29:hide_craze:harmful_flip|43:hide_craze:harmful_flip
seed_disagreement,mobilenet_v3_small,jpeg_moderate,jpeg,moderate,479_0,479,surface_injure,seed_disagreement,3,17:thunderstrike:stable_wrong|29:surface_injure:stable_correct|43:thunderstrike:stable_wrong
seed_disagreement,mobilenet_v3_small,jpeg_moderate,jpeg,moderate,511_0,511,hide_craze,seed_disagreement,3,17:crack:harmful_flip|29:craze:harmful_flip|43:hide_craze:stable_correct
seed_disagreement,mobilenet_v3_small,jpeg_moderate,jpeg,moderate,521_0,521,corrosion,seed_disagreement,3,17:hide_craze:stable_wrong|29:hide_craze:stable_wrong|43:corrosion:beneficial_flip
beneficial_flip,mobilenet_v3_small,jpeg_moderate,jpeg,moderate,546_0,546,corrosion,majority,2,17:surface_injure:stable_wrong|29:corrosion:beneficial_flip|43:corrosion:beneficial_flip
seed_disagreement,mobilenet_v3_small,jpeg_moderate,jpeg,moderate,546_0,546,corrosion,seed_disagreement,3,17:surface_injure:stable_wrong|29:corrosion:beneficial_flip|43:corrosion:beneficial_flip
seed_disagreement,mobilenet_v3_small,jpeg_moderate,jpeg,moderate,546_2,546,corrosion,seed_disagreement,3,17:hide_craze:stable_wrong|29:corrosion:beneficial_flip|43:corrosion:stable_correct
seed_disagreement,mobilenet_v3_small,jpeg_moderate,jpeg,moderate,623_1,623,surface_injure,seed_disagreement,3,17:hide_craze:stable_wrong|29:crack:changed_wrong|43:crack:stable_wrong
seed_disagreement,mobilenet_v3_small,jpeg_moderate,jpeg,moderate,643_0,643,hide_craze,seed_disagreement,3,17:hide_craze:beneficial_flip|29:surface_injure:stable_wrong|43:hide_craze:stable_correct
seed_disagreement,mobilenet_v3_small,jpeg_moderate,jpeg,moderate,658_0,658,corrosion,seed_disagreement,3,17:crack:stable_wrong|29:crack:stable_wrong|43:craze:stable_wrong
seed_disagreement,mobilenet_v3_small,jpeg_moderate,jpeg,moderate,704_0,704,corrosion,seed_disagreement,3,17:hide_craze:harmful_flip|29:corrosion:stable_correct|43:corrosion:stable_correct
severe_stable_correct,mobilenet_v3_small,jpeg_severe,jpeg,severe,13_0,13,hide_craze,consensus,3,17:hide_craze:stable_correct|29:hide_craze:stable_correct|43:hide_craze:stable_correct
severe_stable_correct,mobilenet_v3_small,jpeg_severe,jpeg,severe,13_1,13,hide_craze,consensus,3,17:hide_craze:stable_correct|29:hide_craze:stable_correct|43:hide_craze:stable_correct
severe_stable_correct,mobilenet_v3_small,jpeg_severe,jpeg,severe,32_0,32,thunderstrike,consensus,3,17:thunderstrike:stable_correct|29:thunderstrike:stable_correct|43:thunderstrike:stable_correct
severe_stable_correct,mobilenet_v3_small,jpeg_severe,jpeg,severe,32_1,32,thunderstrike,consensus,3,17:thunderstrike:stable_correct|29:thunderstrike:stable_correct|43:thunderstrike:stable_correct
severe_harmful_flip,mobilenet_v3_small,jpeg_severe,jpeg,severe,46_0,46,corrosion,majority,2,17:corrosion:stable_correct|29:surface_injure:harmful_flip|43:hide_craze:harmful_flip
seed_disagreement,mobilenet_v3_small,jpeg_severe,jpeg,severe,46_0,46,corrosion,seed_disagreement,3,17:corrosion:stable_correct|29:surface_injure:harmful_flip|43:hide_craze:harmful_flip
severe_stable_correct,mobilenet_v3_small,jpeg_severe,jpeg,severe,46_1,46,corrosion,majority,2,17:corrosion:stable_correct|29:corrosion:stable_correct|43:hide_craze:harmful_flip
seed_disagreement,mobilenet_v3_small,jpeg_severe,jpeg,severe,46_1,46,corrosion,seed_disagreement,3,17:corrosion:stable_correct|29:corrosion:stable_correct|43:hide_craze:harmful_flip
severe_stable_correct,mobilenet_v3_small,jpeg_severe,jpeg,severe,48_0,48,surface_injure,majority,2,17:surface_injure:stable_correct|29:surface_injure:stable_correct|43:craze:stable_wrong
seed_disagreement,mobilenet_v3_small,jpeg_severe,jpeg,severe,48_0,48,surface_injure,seed_disagreement,3,17:surface_injure:stable_correct|29:surface_injure:stable_correct|43:craze:stable_wrong
severe_stable_wrong,mobilenet_v3_small,jpeg_severe,jpeg,severe,51_0,51,craze,majority,2,17:corrosion:changed_wrong|29:corrosion:stable_wrong|43:corrosion:stable_wrong
severe_harmful_flip,mobilenet_v3_small,jpeg_severe,jpeg,severe,51_1,51,craze,consensus,3,17:hide_craze:harmful_flip|29:hide_craze:harmful_flip|43:hide_craze:harmful_flip
severe_harmful_flip,mobilenet_v3_small,jpeg_severe,jpeg,severe,54_0,54,hide_craze,consensus,3,17:corrosion:harmful_flip|29:corrosion:harmful_flip|43:corrosion:harmful_flip
severe_harmful_flip,mobilenet_v3_small,jpeg_severe,jpeg,severe,54_1,54,hide_craze,majority,2,17:hide_craze:stable_correct|29:corrosion:harmful_flip|43:corrosion:harmful_flip
seed_disagreement,mobilenet_v3_small,jpeg_severe,jpeg,severe,54_1,54,hide_craze,seed_disagreement,3,17:hide_craze:stable_correct|29:corrosion:harmful_flip|43:corrosion:harmful_flip
severe_stable_wrong,mobilenet_v3_small,jpeg_severe,jpeg,severe,57_0,57,craze,majority,2,17:corrosion:stable_wrong|29:corrosion:stable_wrong|43:surface_injure:changed_wrong
seed_disagreement,mobilenet_v3_small,jpeg_severe,jpeg,severe,57_0,57,craze,seed_disagreement,3,17:corrosion:stable_wrong|29:corrosion:stable_wrong|43:surface_injure:changed_wrong
severe_stable_correct,mobilenet_v3_small,jpeg_severe,jpeg,severe,57_1,57,surface_injure,majority,2,17:surface_injure:beneficial_flip|29:surface_injure:stable_correct|43:surface_injure:stable_correct
severe_stable_correct,mobilenet_v3_small,jpeg_severe,jpeg,severe,61_0,61,craze,consensus,3,17:craze:stable_correct|29:craze:stable_correct|43:craze:stable_correct
severe_stable_correct,mobilenet_v3_small,jpeg_severe,jpeg,severe,61_1,61,craze,consensus,3,17:craze:stable_correct|29:craze:stable_correct|43:craze:stable_correct
severe_harmful_flip,mobilenet_v3_small,jpeg_severe,jpeg,severe,61_2,61,craze,majority,2,17:craze:stable_correct|29:corrosion:harmful_flip|43:surface_injure:harmful_flip
seed_disagreement,mobilenet_v3_small,jpeg_severe,jpeg,severe,61_2,61,craze,seed_disagreement,3,17:craze:stable_correct|29:corrosion:harmful_flip|43:surface_injure:harmful_flip
severe_stable_correct,mobilenet_v3_small,jpeg_severe,jpeg,severe,65_0,65,corrosion,consensus,3,17:corrosion:stable_correct|29:corrosion:stable_correct|43:corrosion:stable_correct
severe_stable_correct,mobilenet_v3_small,jpeg_severe,jpeg,severe,67_0,67,hide_craze,consensus,3,17:hide_craze:stable_correct|29:hide_craze:stable_correct|43:hide_craze:stable_correct
severe_stable_correct,mobilenet_v3_small,jpeg_severe,jpeg,severe,71_0,71,craze,consensus,3,17:craze:stable_correct|29:craze:stable_correct|43:craze:stable_correct
severe_stable_correct,mobilenet_v3_small,jpeg_severe,jpeg,severe,73_0,73,craze,consensus,3,17:craze:stable_correct|29:craze:stable_correct|43:craze:stable_correct
severe_stable_correct,mobilenet_v3_small,jpeg_severe,jpeg,severe,81_0,81,craze,consensus,3,17:craze:stable_correct|29:craze:stable_correct|43:craze:stable_correct
severe_stable_correct,mobilenet_v3_small,jpeg_severe,jpeg,severe,81_1,81,craze,consensus,3,17:craze:stable_correct|29:craze:stable_correct|43:craze:stable_correct
severe_stable_correct,mobilenet_v3_small,jpeg_severe,jpeg,severe,81_2,81,craze,consensus,3,17:craze:stable_correct|29:craze:stable_correct|43:craze:stable_correct
severe_stable_correct,mobilenet_v3_small,jpeg_severe,jpeg,severe,88_0,88,crack,consensus,3,17:crack:stable_correct|29:crack:stable_correct|43:crack:stable_correct
severe_stable_correct,mobilenet_v3_small,jpeg_severe,jpeg,severe,93_0,93,craze,consensus,3,17:craze:stable_correct|29:craze:stable_correct|43:craze:stable_correct
severe_stable_correct,mobilenet_v3_small,jpeg_severe,jpeg,severe,103_0,103,craze,consensus,3,17:craze:stable_correct|29:craze:stable_correct|43:craze:stable_correct
severe_harmful_flip,mobilenet_v3_small,jpeg_severe,jpeg,severe,112_0,112,thunderstrike,consensus,3,17:surface_injure:harmful_flip|29:surface_injure:harmful_flip|43:surface_injure:harmful_flip
severe_stable_correct,mobilenet_v3_small,jpeg_severe,jpeg,severe,112_1,112,surface_injure,consensus,3,17:surface_injure:stable_correct|29:surface_injure:stable_correct|43:surface_injure:stable_correct
severe_stable_wrong,mobilenet_v3_small,jpeg_severe,jpeg,severe,142_0,142,surface_injure,majority,2,17:corrosion:changed_wrong|29:corrosion:stable_wrong|43:corrosion:stable_wrong
severe_stable_correct,mobilenet_v3_small,jpeg_severe,jpeg,severe,146_0,146,hide_craze,consensus,3,17:hide_craze:stable_correct|29:hide_craze:stable_correct|43:hide_craze:stable_correct
severe_stable_correct,mobilenet_v3_small,jpeg_severe,jpeg,severe,156_0,156,craze,consensus,3,17:craze:stable_correct|29:craze:stable_correct|43:craze:stable_correct
severe_stable_correct,mobilenet_v3_small,jpeg_severe,jpeg,severe,161_0,161,corrosion,consensus,3,17:corrosion:stable_correct|29:corrosion:stable_correct|43:corrosion:stable_correct
severe_stable_correct,mobilenet_v3_small,jpeg_severe,jpeg,severe,163_0,163,hide_craze,consensus,3,17:hide_craze:stable_correct|29:hide_craze:stable_correct|43:hide_craze:stable_correct
severe_stable_correct,mobilenet_v3_small,jpeg_severe,jpeg,severe,166_0,166,craze,consensus,3,17:craze:stable_correct|29:craze:stable_correct|43:craze:stable_correct
severe_stable_correct,mobilenet_v3_small,jpeg_severe,jpeg,severe,167_0,167,craze,consensus,3,17:craze:stable_correct|29:craze:stable_correct|43:craze:stable_correct
severe_harmful_flip,mobilenet_v3_small,jpeg_severe,jpeg,severe,167_1,167,craze,majority,2,17:hide_craze:harmful_flip|29:hide_craze:harmful_flip|43:craze:stable_correct
seed_disagreement,mobilenet_v3_small,jpeg_severe,jpeg,severe,167_1,167,craze,seed_disagreement,3,17:hide_craze:harmful_flip|29:hide_craze:harmful_flip|43:craze:stable_correct
severe_stable_correct,mobilenet_v3_small,jpeg_severe,jpeg,severe,178_0,178,surface_injure,consensus,3,17:surface_injure:stable_correct|29:surface_injure:stable_correct|43:surface_injure:stable_correct
severe_stable_correct,mobilenet_v3_small,jpeg_severe,jpeg,severe,178_1,178,surface_injure,consensus,3,17:surface_injure:stable_correct|29:surface_injure:stable_correct|43:surface_injure:stable_correct
severe_stable_correct,mobilenet_v3_small,jpeg_severe,jpeg,severe,178_2,178,surface_injure,consensus,3,17:surface_injure:stable_correct|29:surface_injure:stable_correct|43:surface_injure:stable_correct
severe_stable_correct,mobilenet_v3_small,jpeg_severe,jpeg,severe,198_0,198,craze,majority,2,17:craze:stable_correct|29:surface_injure:harmful_flip|43:craze:stable_correct
seed_disagreement,mobilenet_v3_small,jpeg_severe,jpeg,severe,198_0,198,craze,seed_disagreement,3,17:craze:stable_correct|29:surface_injure:harmful_flip|43:craze:stable_correct
severe_stable_correct,mobilenet_v3_small,jpeg_severe,jpeg,severe,198_1,198,hide_craze,consensus,3,17:hide_craze:stable_correct|29:hide_craze:stable_correct|43:hide_craze:stable_correct
severe_stable_correct,mobilenet_v3_small,jpeg_severe,jpeg,severe,209_0,209,hide_craze,majority,2,17:hide_craze:stable_correct|29:surface_injure:harmful_flip|43:hide_craze:stable_correct
seed_disagreement,mobilenet_v3_small,jpeg_severe,jpeg,severe,209_0,209,hide_craze,seed_disagreement,3,17:hide_craze:stable_correct|29:surface_injure:harmful_flip|43:hide_craze:stable_correct
severe_stable_correct,mobilenet_v3_small,jpeg_severe,jpeg,severe,214_0,214,craze,consensus,3,17:craze:stable_correct|29:craze:stable_correct|43:craze:stable_correct
severe_stable_correct,mobilenet_v3_small,jpeg_severe,jpeg,severe,216_0,216,crack,consensus,3,17:crack:stable_correct|29:crack:stable_correct|43:crack:stable_correct
severe_stable_correct,mobilenet_v3_small,jpeg_severe,jpeg,severe,217_0,217,surface_injure,consensus,3,17:surface_injure:stable_correct|29:surface_injure:stable_correct|43:surface_injure:stable_correct
severe_stable_correct,mobilenet_v3_small,jpeg_severe,jpeg,severe,224_0,224,hide_craze,consensus,3,17:hide_craze:stable_correct|29:hide_craze:stable_correct|43:hide_craze:stable_correct
severe_stable_correct,mobilenet_v3_small,jpeg_severe,jpeg,severe,228_1,228,hide_craze,consensus,3,17:hide_craze:stable_correct|29:hide_craze:stable_correct|43:hide_craze:stable_correct
severe_stable_correct,mobilenet_v3_small,jpeg_severe,jpeg,severe,234_0,234,surface_injure,majority,2,17:hide_craze:harmful_flip|29:surface_injure:stable_correct|43:surface_injure:stable_correct
seed_disagreement,mobilenet_v3_small,jpeg_severe,jpeg,severe,234_0,234,surface_injure,seed_disagreement,3,17:hide_craze:harmful_flip|29:surface_injure:stable_correct|43:surface_injure:stable_correct
severe_stable_correct,mobilenet_v3_small,jpeg_severe,jpeg,severe,234_1,234,hide_craze,consensus,3,17:hide_craze:stable_correct|29:hide_craze:stable_correct|43:hide_craze:stable_correct
severe_stable_correct,mobilenet_v3_small,jpeg_severe,jpeg,severe,234_2,234,hide_craze,consensus,3,17:hide_craze:stable_correct|29:hide_craze:stable_correct|43:hide_craze:stable_correct
severe_stable_correct,mobilenet_v3_small,jpeg_severe,jpeg,severe,234_3,234,hide_craze,consensus,3,17:hide_craze:stable_correct|29:hide_craze:stable_correct|43:hide_craze:stable_correct
severe_stable_correct,mobilenet_v3_small,jpeg_severe,jpeg,severe,234_4,234,hide_craze,consensus,3,17:hide_craze:stable_correct|29:hide_craze:stable_correct|43:hide_craze:stable_correct
severe_harmful_flip,mobilenet_v3_small,jpeg_severe,jpeg,severe,238_0,238,crack,consensus,3,17:surface_injure:harmful_flip|29:thunderstrike:harmful_flip|43:surface_injure:harmful_flip
seed_disagreement,mobilenet_v3_small,jpeg_severe,jpeg,severe,238_0,238,crack,seed_disagreement,3,17:surface_injure:harmful_flip|29:thunderstrike:harmful_flip|43:surface_injure:harmful_flip
severe_stable_correct,mobilenet_v3_small,jpeg_severe,jpeg,severe,238_1,238,crack,consensus,3,17:crack:stable_correct|29:crack:stable_correct|43:crack:stable_correct
severe_stable_correct,mobilenet_v3_small,jpeg_severe,jpeg,severe,250_0,250,crack,consensus,3,17:crack:stable_correct|29:crack:stable_correct|43:crack:stable_correct
severe_stable_correct,mobilenet_v3_small,jpeg_severe,jpeg,severe,252_0,252,crack,majority,2,17:crack:stable_correct|29:craze:harmful_flip|43:crack:stable_correct
seed_disagreement,mobilenet_v3_small,jpeg_severe,jpeg,severe,252_0,252,crack,seed_disagreement,3,17:crack:stable_correct|29:craze:harmful_flip|43:crack:stable_correct
seed_disagreement,mobilenet_v3_small,jpeg_severe,jpeg,severe,255_0,255,surface_injure,seed_disagreement,3,17:surface_injure:beneficial_flip|29:hide_craze:changed_wrong|43:corrosion:stable_wrong
severe_stable_correct,mobilenet_v3_small,jpeg_severe,jpeg,severe,255_1,255,surface_injure,consensus,3,17:surface_injure:stable_correct|29:surface_injure:stable_correct|43:surface_injure:stable_correct
severe_stable_correct,mobilenet_v3_small,jpeg_severe,jpeg,severe,257_0,257,surface_injure,consensus,3,17:surface_injure:stable_correct|29:surface_injure:stable_correct|43:surface_injure:stable_correct
severe_stable_correct,mobilenet_v3_small,jpeg_severe,jpeg,severe,257_1,257,surface_injure,majority,2,17:surface_injure:stable_correct|29:surface_injure:stable_correct|43:hide_craze:harmful_flip
seed_disagreement,mobilenet_v3_small,jpeg_severe,jpeg,severe,257_1,257,surface_injure,seed_disagreement,3,17:surface_injure:stable_correct|29:surface_injure:stable_correct|43:hide_craze:harmful_flip
severe_stable_correct,mobilenet_v3_small,jpeg_severe,jpeg,severe,269_0,269,crack,consensus,3,17:crack:stable_correct|29:crack:stable_correct|43:crack:stable_correct
severe_stable_correct,mobilenet_v3_small,jpeg_severe,jpeg,severe,273_0,273,thunderstrike,consensus,3,17:thunderstrike:stable_correct|29:thunderstrike:stable_correct|43:thunderstrike:stable_correct
severe_stable_correct,mobilenet_v3_small,jpeg_severe,jpeg,severe,273_1,273,surface_injure,consensus,3,17:surface_injure:stable_correct|29:surface_injure:stable_correct|43:surface_injure:stable_correct
seed_disagreement,mobilenet_v3_small,jpeg_severe,jpeg,severe,276_0,276,hide_craze,seed_disagreement,3,17:hide_craze:stable_correct|29:corrosion:stable_wrong|43:corrosion:harmful_flip
severe_stable_correct,mobilenet_v3_small,jpeg_severe,jpeg,severe,276_1,276,hide_craze,majority,2,17:hide_craze:stable_correct|29:hide_craze:beneficial_flip|43:hide_craze:stable_correct
severe_stable_correct,mobilenet_v3_small,jpeg_severe,jpeg,severe,284_0,284,hide_craze,consensus,3,17:hide_craze:stable_correct|29:hide_craze:stable_correct|43:hide_craze:stable_correct
severe_stable_correct,mobilenet_v3_small,jpeg_severe,jpeg,severe,285_0,285,surface_injure,consensus,3,17:surface_injure:stable_correct|29:surface_injure:stable_correct|43:surface_injure:stable_correct
severe_stable_correct,mobilenet_v3_small,jpeg_severe,jpeg,severe,285_1,285,surface_injure,consensus,3,17:surface_injure:stable_correct|29:surface_injure:stable_correct|43:surface_injure:stable_correct
severe_stable_correct,mobilenet_v3_small,jpeg_severe,jpeg,severe,318_0,318,crack,consensus,3,17:crack:stable_correct|29:crack:stable_correct|43:crack:stable_correct
severe_stable_correct,mobilenet_v3_small,jpeg_severe,jpeg,severe,322_0,322,corrosion,consensus,3,17:corrosion:stable_correct|29:corrosion:stable_correct|43:corrosion:stable_correct
severe_stable_wrong,mobilenet_v3_small,jpeg_severe,jpeg,severe,323_0,323,corrosion,consensus,3,17:surface_injure:stable_wrong|29:hide_craze:stable_wrong|43:surface_injure:stable_wrong
seed_disagreement,mobilenet_v3_small,jpeg_severe,jpeg,severe,323_0,323,corrosion,seed_disagreement,3,17:surface_injure:stable_wrong|29:hide_craze:stable_wrong|43:surface_injure:stable_wrong
severe_stable_correct,mobilenet_v3_small,jpeg_severe,jpeg,severe,326_0,326,surface_injure,consensus,3,17:surface_injure:stable_correct|29:surface_injure:stable_correct|43:surface_injure:stable_correct
severe_harmful_flip,mobilenet_v3_small,jpeg_severe,jpeg,severe,326_1,326,craze,majority,2,17:hide_craze:harmful_flip|29:surface_injure:harmful_flip|43:surface_injure:stable_wrong
seed_disagreement,mobilenet_v3_small,jpeg_severe,jpeg,severe,326_1,326,craze,seed_disagreement,3,17:hide_craze:harmful_flip|29:surface_injure:harmful_flip|43:surface_injure:stable_wrong
severe_harmful_flip,mobilenet_v3_small,jpeg_severe,jpeg,severe,332_0,332,surface_injure,majority,2,17:hide_craze:harmful_flip|29:surface_injure:stable_correct|43:hide_craze:harmful_flip
seed_disagreement,mobilenet_v3_small,jpeg_severe,jpeg,severe,332_0,332,surface_injure,seed_disagreement,3,17:hide_craze:harmful_flip|29:surface_injure:stable_correct|43:hide_craze:harmful_flip
severe_stable_correct,mobilenet_v3_small,jpeg_severe,jpeg,severe,363_0,363,surface_injure,consensus,3,17:surface_injure:stable_correct|29:surface_injure:stable_correct|43:surface_injure:stable_correct
severe_stable_correct,mobilenet_v3_small,jpeg_severe,jpeg,severe,370_0,370,corrosion,consensus,3,17:corrosion:stable_correct|29:corrosion:stable_correct|43:corrosion:stable_correct
severe_stable_correct,mobilenet_v3_small,jpeg_severe,jpeg,severe,370_1,370,corrosion,majority,2,17:hide_craze:harmful_flip|29:corrosion:stable_correct|43:corrosion:stable_correct
seed_disagreement,mobilenet_v3_small,jpeg_severe,jpeg,severe,370_1,370,corrosion,seed_disagreement,3,17:hide_craze:harmful_flip|29:corrosion:stable_correct|43:corrosion:stable_correct
severe_stable_correct,mobilenet_v3_small,jpeg_severe,jpeg,severe,370_2,370,corrosion,consensus,3,17:corrosion:stable_correct|29:corrosion:stable_correct|43:corrosion:stable_correct
severe_stable_correct,mobilenet_v3_small,jpeg_severe,jpeg,severe,373_0,373,corrosion,consensus,3,17:corrosion:stable_correct|29:corrosion:stable_correct|43:corrosion:stable_correct
severe_stable_correct,mobilenet_v3_small,jpeg_severe,jpeg,severe,379_0,379,hide_craze,consensus,3,17:hide_craze:stable_correct|29:hide_craze:stable_correct|43:hide_craze:stable_correct
severe_stable_correct,mobilenet_v3_small,jpeg_severe,jpeg,severe,379_1,379,hide_craze,majority,2,17:hide_craze:stable_correct|29:hide_craze:stable_correct|43:hide_craze:beneficial_flip
severe_stable_correct,mobilenet_v3_small,jpeg_severe,jpeg,severe,388_0,388,hide_craze,consensus,3,17:hide_craze:stable_correct|29:hide_craze:stable_correct|43:hide_craze:stable_correct
severe_stable_correct,mobilenet_v3_small,jpeg_severe,jpeg,severe,389_0,389,crack,consensus,3,17:crack:stable_correct|29:crack:stable_correct|43:crack:stable_correct
severe_harmful_flip,mobilenet_v3_small,jpeg_severe,jpeg,severe,390_0,390,corrosion,majority,2,17:surface_injure:harmful_flip|29:surface_injure:harmful_flip|43:corrosion:stable_correct
seed_disagreement,mobilenet_v3_small,jpeg_severe,jpeg,severe,390_0,390,corrosion,seed_disagreement,3,17:surface_injure:harmful_flip|29:surface_injure:harmful_flip|43:corrosion:stable_correct
severe_stable_correct,mobilenet_v3_small,jpeg_severe,jpeg,severe,394_0,394,crack,consensus,3,17:crack:stable_correct|29:crack:stable_correct|43:crack:stable_correct
severe_stable_correct,mobilenet_v3_small,jpeg_severe,jpeg,severe,405_0,405,corrosion,consensus,3,17:corrosion:stable_correct|29:corrosion:stable_correct|43:corrosion:stable_correct
severe_stable_correct,mobilenet_v3_small,jpeg_severe,jpeg,severe,407_0,407,surface_injure,consensus,3,17:surface_injure:stable_correct|29:surface_injure:stable_correct|43:surface_injure:stable_correct
severe_stable_correct,mobilenet_v3_small,jpeg_severe,jpeg,severe,408_0,408,corrosion,consensus,3,17:corrosion:stable_correct|29:corrosion:stable_correct|43:corrosion:stable_correct
severe_stable_correct,mobilenet_v3_small,jpeg_severe,jpeg,severe,408_1,408,corrosion,consensus,3,17:corrosion:stable_correct|29:corrosion:stable_correct|43:corrosion:stable_correct
seed_disagreement,mobilenet_v3_small,jpeg_severe,jpeg,severe,410_0,410,corrosion,seed_disagreement,3,17:corrosion:stable_correct|29:craze:harmful_flip|43:corrosion:beneficial_flip
seed_disagreement,mobilenet_v3_small,jpeg_severe,jpeg,severe,410_1,410,corrosion,seed_disagreement,3,17:corrosion:stable_correct|29:craze:harmful_flip|43:craze:stable_wrong
severe_stable_correct,mobilenet_v3_small,jpeg_severe,jpeg,severe,432_0,432,surface_injure,consensus,3,17:surface_injure:stable_correct|29:surface_injure:stable_correct|43:surface_injure:stable_correct
severe_stable_correct,mobilenet_v3_small,jpeg_severe,jpeg,severe,438_0,438,hide_craze,consensus,3,17:hide_craze:stable_correct|29:hide_craze:stable_correct|43:hide_craze:stable_correct
severe_stable_correct,mobilenet_v3_small,jpeg_severe,jpeg,severe,440_0,440,crack,consensus,3,17:crack:stable_correct|29:crack:stable_correct|43:crack:stable_correct
severe_stable_correct,mobilenet_v3_small,jpeg_severe,jpeg,severe,447_0,447,crack,consensus,3,17:crack:stable_correct|29:crack:stable_correct|43:crack:stable_correct
severe_stable_correct,mobilenet_v3_small,jpeg_severe,jpeg,severe,447_1,447,crack,consensus,3,17:crack:stable_correct|29:crack:stable_correct|43:crack:stable_correct
severe_stable_correct,mobilenet_v3_small,jpeg_severe,jpeg,severe,451_0,451,corrosion,consensus,3,17:corrosion:stable_correct|29:corrosion:stable_correct|43:corrosion:stable_correct
severe_harmful_flip,mobilenet_v3_small,jpeg_severe,jpeg,severe,457_0,457,hide_craze,consensus,3,17:corrosion:harmful_flip|29:surface_injure:harmful_flip|43:thunderstrike:harmful_flip
seed_disagreement,mobilenet_v3_small,jpeg_severe,jpeg,severe,457_0,457,hide_craze,seed_disagreement,3,17:corrosion:harmful_flip|29:surface_injure:harmful_flip|43:thunderstrike:harmful_flip
severe_stable_correct,mobilenet_v3_small,jpeg_severe,jpeg,severe,457_1,457,hide_craze,consensus,3,17:hide_craze:stable_correct|29:hide_craze:stable_correct|43:hide_craze:stable_correct
severe_stable_correct,mobilenet_v3_small,jpeg_severe,jpeg,severe,457_2,457,hide_craze,consensus,3,17:hide_craze:stable_correct|29:hide_craze:stable_correct|43:hide_craze:stable_correct
severe_stable_correct,mobilenet_v3_small,jpeg_severe,jpeg,severe,464_0,464,craze,consensus,3,17:craze:stable_correct|29:craze:stable_correct|43:craze:stable_correct
severe_stable_wrong,mobilenet_v3_small,jpeg_severe,jpeg,severe,464_1,464,hide_craze,consensus,3,17:surface_injure:stable_wrong|29:surface_injure:stable_wrong|43:surface_injure:stable_wrong
severe_stable_correct,mobilenet_v3_small,jpeg_severe,jpeg,severe,469_0,469,craze,consensus,3,17:craze:stable_correct|29:craze:stable_correct|43:craze:stable_correct
severe_stable_correct,mobilenet_v3_small,jpeg_severe,jpeg,severe,473_0,473,crack,consensus,3,17:crack:stable_correct|29:crack:stable_correct|43:crack:stable_correct
severe_harmful_flip,mobilenet_v3_small,jpeg_severe,jpeg,severe,476_0,476,surface_injure,majority,2,17:surface_injure:stable_correct|29:hide_craze:harmful_flip|43:hide_craze:harmful_flip
seed_disagreement,mobilenet_v3_small,jpeg_severe,jpeg,severe,476_0,476,surface_injure,seed_disagreement,3,17:surface_injure:stable_correct|29:hide_craze:harmful_flip|43:hide_craze:harmful_flip
beneficial_flip,mobilenet_v3_small,jpeg_severe,jpeg,severe,479_0,479,surface_injure,majority,2,17:surface_injure:beneficial_flip|29:surface_injure:stable_correct|43:surface_injure:beneficial_flip
severe_harmful_flip,mobilenet_v3_small,jpeg_severe,jpeg,severe,479_1,479,thunderstrike,majority,2,17:surface_injure:harmful_flip|29:surface_injure:harmful_flip|43:thunderstrike:stable_correct
seed_disagreement,mobilenet_v3_small,jpeg_severe,jpeg,severe,479_1,479,thunderstrike,seed_disagreement,3,17:surface_injure:harmful_flip|29:surface_injure:harmful_flip|43:thunderstrike:stable_correct
severe_stable_correct,mobilenet_v3_small,jpeg_severe,jpeg,severe,501_0,501,corrosion,consensus,3,17:corrosion:stable_correct|29:corrosion:stable_correct|43:corrosion:stable_correct
severe_stable_correct,mobilenet_v3_small,jpeg_severe,jpeg,severe,505_0,505,corrosion,consensus,3,17:corrosion:stable_correct|29:corrosion:stable_correct|43:corrosion:stable_correct
severe_harmful_flip,mobilenet_v3_small,jpeg_severe,jpeg,severe,511_0,511,hide_craze,majority,2,17:crack:harmful_flip|29:crack:harmful_flip|43:hide_craze:stable_correct
seed_disagreement,mobilenet_v3_small,jpeg_severe,jpeg,severe,511_0,511,hide_craze,seed_disagreement,3,17:crack:harmful_flip|29:crack:harmful_flip|43:hide_craze:stable_correct
severe_stable_correct,mobilenet_v3_small,jpeg_severe,jpeg,severe,511_1,511,hide_craze,majority,2,17:hide_craze:stable_correct|29:crack:stable_wrong|43:hide_craze:stable_correct
seed_disagreement,mobilenet_v3_small,jpeg_severe,jpeg,severe,511_1,511,hide_craze,seed_disagreement,3,17:hide_craze:stable_correct|29:crack:stable_wrong|43:hide_craze:stable_correct
severe_stable_wrong,mobilenet_v3_small,jpeg_severe,jpeg,severe,521_0,521,corrosion,consensus,3,17:hide_craze:stable_wrong|29:hide_craze:stable_wrong|43:hide_craze:stable_wrong
severe_stable_wrong,mobilenet_v3_small,jpeg_severe,jpeg,severe,521_1,521,corrosion,consensus,3,17:hide_craze:stable_wrong|29:hide_craze:stable_wrong|43:hide_craze:stable_wrong
severe_stable_correct,mobilenet_v3_small,jpeg_severe,jpeg,severe,541_0,541,hide_craze,consensus,3,17:hide_craze:stable_correct|29:hide_craze:stable_correct|43:hide_craze:stable_correct
severe_stable_wrong,mobilenet_v3_small,jpeg_severe,jpeg,severe,546_0,546,corrosion,majority,2,17:surface_injure:stable_wrong|29:surface_injure:stable_wrong|43:corrosion:beneficial_flip
seed_disagreement,mobilenet_v3_small,jpeg_severe,jpeg,severe,546_0,546,corrosion,seed_disagreement,3,17:surface_injure:stable_wrong|29:surface_injure:stable_wrong|43:corrosion:beneficial_flip
severe_stable_wrong,mobilenet_v3_small,jpeg_severe,jpeg,severe,546_1,546,corrosion,consensus,3,17:hide_craze:stable_wrong|29:hide_craze:stable_wrong|43:hide_craze:stable_wrong
seed_disagreement,mobilenet_v3_small,jpeg_severe,jpeg,severe,546_2,546,corrosion,seed_disagreement,3,17:hide_craze:stable_wrong|29:corrosion:beneficial_flip|43:corrosion:stable_correct
severe_stable_correct,mobilenet_v3_small,jpeg_severe,jpeg,severe,563_0,563,craze,consensus,3,17:craze:stable_correct|29:craze:stable_correct|43:craze:stable_correct
severe_stable_correct,mobilenet_v3_small,jpeg_severe,jpeg,severe,566_0,566,corrosion,consensus,3,17:corrosion:stable_correct|29:corrosion:stable_correct|43:corrosion:stable_correct
severe_stable_correct,mobilenet_v3_small,jpeg_severe,jpeg,severe,569_0,569,hide_craze,consensus,3,17:hide_craze:stable_correct|29:hide_craze:stable_correct|43:hide_craze:stable_correct
severe_stable_correct,mobilenet_v3_small,jpeg_severe,jpeg,severe,574_0,574,craze,consensus,3,17:craze:stable_correct|29:craze:stable_correct|43:craze:stable_correct
severe_stable_correct,mobilenet_v3_small,jpeg_severe,jpeg,severe,580_0,580,craze,consensus,3,17:craze:stable_correct|29:craze:stable_correct|43:craze:stable_correct
severe_harmful_flip,mobilenet_v3_small,jpeg_severe,jpeg,severe,591_0,591,thunderstrike,consensus,3,17:surface_injure:harmful_flip|29:surface_injure:harmful_flip|43:surface_injure:harmful_flip
severe_stable_correct,mobilenet_v3_small,jpeg_severe,jpeg,severe,591_1,591,surface_injure,consensus,3,17:surface_injure:stable_correct|29:surface_injure:stable_correct|43:surface_injure:stable_correct
severe_stable_correct,mobilenet_v3_small,jpeg_severe,jpeg,severe,591_2,591,surface_injure,consensus,3,17:surface_injure:stable_correct|29:surface_injure:stable_correct|43:surface_injure:stable_correct
severe_stable_correct,mobilenet_v3_small,jpeg_severe,jpeg,severe,597_0,597,hide_craze,consensus,3,17:hide_craze:stable_correct|29:hide_craze:stable_correct|43:hide_craze:stable_correct
severe_stable_correct,mobilenet_v3_small,jpeg_severe,jpeg,severe,598_0,598,corrosion,consensus,3,17:corrosion:stable_correct|29:corrosion:stable_correct|43:corrosion:stable_correct
severe_stable_correct,mobilenet_v3_small,jpeg_severe,jpeg,severe,598_1,598,corrosion,consensus,3,17:corrosion:stable_correct|29:corrosion:stable_correct|43:corrosion:stable_correct
severe_stable_correct,mobilenet_v3_small,jpeg_severe,jpeg,severe,600_0,600,hide_craze,consensus,3,17:hide_craze:stable_correct|29:hide_craze:stable_correct|43:hide_craze:stable_correct
severe_stable_correct,mobilenet_v3_small,jpeg_severe,jpeg,severe,610_0,610,hide_craze,consensus,3,17:hide_craze:stable_correct|29:hide_craze:stable_correct|43:hide_craze:stable_correct
severe_stable_correct,mobilenet_v3_small,jpeg_severe,jpeg,severe,623_0,623,hide_craze,consensus,3,17:hide_craze:stable_correct|29:hide_craze:stable_correct|43:hide_craze:stable_correct
severe_stable_wrong,mobilenet_v3_small,jpeg_severe,jpeg,severe,623_1,623,surface_injure,majority,2,17:hide_craze:stable_wrong|29:crack:changed_wrong|43:crack:stable_wrong
seed_disagreement,mobilenet_v3_small,jpeg_severe,jpeg,severe,623_1,623,surface_injure,seed_disagreement,3,17:hide_craze:stable_wrong|29:crack:changed_wrong|43:crack:stable_wrong
severe_stable_correct,mobilenet_v3_small,jpeg_severe,jpeg,severe,633_0,633,hide_craze,consensus,3,17:hide_craze:stable_correct|29:hide_craze:stable_correct|43:hide_craze:stable_correct
severe_stable_correct,mobilenet_v3_small,jpeg_severe,jpeg,severe,642_0,642,hide_craze,consensus,3,17:hide_craze:stable_correct|29:hide_craze:stable_correct|43:hide_craze:stable_correct
severe_stable_correct,mobilenet_v3_small,jpeg_severe,jpeg,severe,642_1,642,surface_injure,consensus,3,17:surface_injure:stable_correct|29:surface_injure:stable_correct|43:surface_injure:stable_correct
seed_disagreement,mobilenet_v3_small,jpeg_severe,jpeg,severe,643_0,643,hide_craze,seed_disagreement,3,17:hide_craze:beneficial_flip|29:surface_injure:stable_wrong|43:hide_craze:stable_correct
severe_stable_correct,mobilenet_v3_small,jpeg_severe,jpeg,severe,650_0,650,corrosion,consensus,3,17:corrosion:stable_correct|29:corrosion:stable_correct|43:corrosion:stable_correct
severe_stable_correct,mobilenet_v3_small,jpeg_severe,jpeg,severe,655_0,655,hide_craze,consensus,3,17:hide_craze:stable_correct|29:hide_craze:stable_correct|43:hide_craze:stable_correct
seed_disagreement,mobilenet_v3_small,jpeg_severe,jpeg,severe,658_0,658,corrosion,seed_disagreement,3,17:hide_craze:changed_wrong|29:hide_craze:changed_wrong|43:craze:stable_wrong
severe_stable_correct,mobilenet_v3_small,jpeg_severe,jpeg,severe,663_0,663,hide_craze,consensus,3,17:hide_craze:stable_correct|29:hide_craze:stable_correct|43:hide_craze:stable_correct
severe_stable_correct,mobilenet_v3_small,jpeg_severe,jpeg,severe,671_0,671,hide_craze,consensus,3,17:hide_craze:stable_correct|29:hide_craze:stable_correct|43:hide_craze:stable_correct
severe_stable_wrong,mobilenet_v3_small,jpeg_severe,jpeg,severe,671_1,671,surface_injure,consensus,3,17:hide_craze:stable_wrong|29:hide_craze:stable_wrong|43:hide_craze:stable_wrong
severe_stable_correct,mobilenet_v3_small,jpeg_severe,jpeg,severe,677_0,677,hide_craze,consensus,3,17:hide_craze:stable_correct|29:hide_craze:stable_correct|43:hide_craze:stable_correct
severe_stable_correct,mobilenet_v3_small,jpeg_severe,jpeg,severe,686_0,686,thunderstrike,consensus,3,17:thunderstrike:stable_correct|29:thunderstrike:stable_correct|43:thunderstrike:stable_correct
severe_stable_correct,mobilenet_v3_small,jpeg_severe,jpeg,severe,689_0,689,surface_injure,majority,2,17:surface_injure:stable_correct|29:surface_injure:beneficial_flip|43:surface_injure:stable_correct
severe_stable_correct,mobilenet_v3_small,jpeg_severe,jpeg,severe,689_1,689,surface_injure,consensus,3,17:surface_injure:stable_correct|29:surface_injure:stable_correct|43:surface_injure:stable_correct
severe_stable_correct,mobilenet_v3_small,jpeg_severe,jpeg,severe,689_2,689,surface_injure,consensus,3,17:surface_injure:stable_correct|29:surface_injure:stable_correct|43:surface_injure:stable_correct
severe_stable_correct,mobilenet_v3_small,jpeg_severe,jpeg,severe,689_3,689,surface_injure,consensus,3,17:surface_injure:stable_correct|29:surface_injure:stable_correct|43:surface_injure:stable_correct
severe_stable_correct,mobilenet_v3_small,jpeg_severe,jpeg,severe,696_0,696,hide_craze,consensus,3,17:hide_craze:stable_correct|29:hide_craze:stable_correct|43:hide_craze:stable_correct
severe_stable_correct,mobilenet_v3_small,jpeg_severe,jpeg,severe,696_1,696,hide_craze,consensus,3,17:hide_craze:stable_correct|29:hide_craze:stable_correct|43:hide_craze:stable_correct
severe_stable_correct,mobilenet_v3_small,jpeg_severe,jpeg,severe,699_0,699,thunderstrike,consensus,3,17:thunderstrike:stable_correct|29:thunderstrike:stable_correct|43:thunderstrike:stable_correct
severe_stable_correct,mobilenet_v3_small,jpeg_severe,jpeg,severe,701_0,701,craze,consensus,3,17:craze:stable_correct|29:craze:stable_correct|43:craze:stable_correct
severe_harmful_flip,mobilenet_v3_small,jpeg_severe,jpeg,severe,704_0,704,corrosion,majority,2,17:hide_craze:harmful_flip|29:corrosion:stable_correct|43:hide_craze:harmful_flip
seed_disagreement,mobilenet_v3_small,jpeg_severe,jpeg,severe,704_0,704,corrosion,seed_disagreement,3,17:hide_craze:harmful_flip|29:corrosion:stable_correct|43:hide_craze:harmful_flip
severe_stable_correct,mobilenet_v3_small,jpeg_severe,jpeg,severe,721_0,721,hide_craze,consensus,3,17:hide_craze:stable_correct|29:hide_craze:stable_correct|43:hide_craze:stable_correct
severe_stable_correct,mobilenet_v3_small,jpeg_severe,jpeg,severe,824_0,824,craze,consensus,3,17:craze:stable_correct|29:craze:stable_correct|43:craze:stable_correct
severe_stable_correct,mobilenet_v3_small,jpeg_severe,jpeg,severe,863_0,863,thunderstrike,consensus,3,17:thunderstrike:stable_correct|29:thunderstrike:stable_correct|43:thunderstrike:stable_correct
severe_stable_correct,mobilenet_v3_small,jpeg_severe,jpeg,severe,864_0,864,surface_injure,consensus,3,17:surface_injure:stable_correct|29:surface_injure:stable_correct|43:surface_injure:stable_correct
severe_stable_correct,mobilenet_v3_small,jpeg_severe,jpeg,severe,875_0,875,hide_craze,consensus,3,17:hide_craze:stable_correct|29:hide_craze:stable_correct|43:hide_craze:stable_correct
severe_stable_correct,mobilenet_v3_small,jpeg_severe,jpeg,severe,875_1,875,hide_craze,consensus,3,17:hide_craze:stable_correct|29:hide_craze:stable_correct|43:hide_craze:stable_correct
severe_stable_correct,mobilenet_v3_small,jpeg_severe,jpeg,severe,1017_0,1017,hide_craze,consensus,3,17:hide_craze:stable_correct|29:hide_craze:stable_correct|43:hide_craze:stable_correct
severe_stable_correct,mobilenet_v3_small,jpeg_severe,jpeg,severe,1017_1,1017,hide_craze,consensus,3,17:hide_craze:stable_correct|29:hide_craze:stable_correct|43:hide_craze:stable_correct
