method,seed,condition_id,true_class_id,true_label,predicted_class_id,predicted_label,count,row_normalized,true_class_support
hog,not_applicable,clean,0,craze,0,craze,17,0.6296296296296297,27
hog,not_applicable,clean,0,craze,1,corrosion,4,0.14814814814814814,27
hog,not_applicable,clean,0,craze,2,surface_injure,2,0.07407407407407407,27
hog,not_applicable,clean,0,craze,3,thunderstrike,0,0.0,27
hog,not_applicable,clean,0,craze,4,crack,0,0.0,27
hog,not_applicable,clean,0,craze,5,hide_craze,4,0.14814814814814814,27
hog,not_applicable,clean,1,corrosion,0,craze,2,0.06666666666666667,30
hog,not_applicable,clean,1,corrosion,1,corrosion,12,0.4,30
hog,not_applicable,clean,1,corrosion,2,surface_injure,6,0.2,30
hog,not_applicable,clean,1,corrosion,3,thunderstrike,0,0.0,30
hog,not_applicable,clean,1,corrosion,4,crack,1,0.03333333333333333,30
hog,not_applicable,clean,1,corrosion,5,hide_craze,9,0.3,30
hog,not_applicable,clean,2,surface_injure,0,craze,2,0.06060606060606061,33
hog,not_applicable,clean,2,surface_injure,1,corrosion,2,0.06060606060606061,33
hog,not_applicable,clean,2,surface_injure,2,surface_injure,17,0.5151515151515151,33
hog,not_applicable,clean,2,surface_injure,3,thunderstrike,0,0.0,33
hog,not_applicable,clean,2,surface_injure,4,crack,2,0.06060606060606061,33
hog,not_applicable,clean,2,surface_injure,5,hide_craze,10,0.30303030303030304,33
hog,not_applicable,clean,3,thunderstrike,0,craze,1,0.1111111111111111,9
hog,not_applicable,clean,3,thunderstrike,1,corrosion,1,0.1111111111111111,9
hog,not_applicable,clean,3,thunderstrike,2,surface_injure,3,0.3333333333333333,9
hog,not_applicable,clean,3,thunderstrike,3,thunderstrike,2,0.2222222222222222,9
hog,not_applicable,clean,3,thunderstrike,4,crack,0,0.0,9
hog,not_applicable,clean,3,thunderstrike,5,hide_craze,2,0.2222222222222222,9
hog,not_applicable,clean,4,crack,0,craze,3,0.21428571428571427,14
hog,not_applicable,clean,4,crack,1,corrosion,0,0.0,14
hog,not_applicable,clean,4,crack,2,surface_injure,3,0.21428571428571427,14
hog,not_applicable,clean,4,crack,3,thunderstrike,0,0.0,14
hog,not_applicable,clean,4,crack,4,crack,4,0.2857142857142857,14
hog,not_applicable,clean,4,crack,5,hide_craze,4,0.2857142857142857,14
hog,not_applicable,clean,5,hide_craze,0,craze,5,0.10204081632653061,49
hog,not_applicable,clean,5,hide_craze,1,corrosion,4,0.08163265306122448,49
hog,not_applicable,clean,5,hide_craze,2,surface_injure,4,0.08163265306122448,49
hog,not_applicable,clean,5,hide_craze,3,thunderstrike,0,0.0,49
hog,not_applicable,clean,5,hide_craze,4,crack,2,0.04081632653061224,49
hog,not_applicable,clean,5,hide_craze,5,hide_craze,34,0.6938775510204082,49
hog,not_applicable,gaussian_blur_mild,0,craze,0,craze,19,0.7037037037037037,27
hog,not_applicable,gaussian_blur_mild,0,craze,1,corrosion,4,0.14814814814814814,27
hog,not_applicable,gaussian_blur_mild,0,craze,2,surface_injure,2,0.07407407407407407,27
hog,not_applicable,gaussian_blur_mild,0,craze,3,thunderstrike,0,0.0,27
hog,not_applicable,gaussian_blur_mild,0,craze,4,crack,0,0.0,27
hog,not_applicable,gaussian_blur_mild,0,craze,5,hide_craze,2,0.07407407407407407,27
hog,not_applicable,gaussian_blur_mild,1,corrosion,0,craze,2,0.06666666666666667,30
hog,not_applicable,gaussian_blur_mild,1,corrosion,1,corrosion,11,0.36666666666666664,30
hog,not_applicable,gaussian_blur_mild,1,corrosion,2,surface_injure,6,0.2,30
hog,not_applicable,gaussian_blur_mild,1,corrosion,3,thunderstrike,0,0.0,30
hog,not_applicable,gaussian_blur_mild,1,corrosion,4,crack,2,0.06666666666666667,30
hog,not_applicable,gaussian_blur_mild,1,corrosion,5,hide_craze,9,0.3,30
hog,not_applicable,gaussian_blur_mild,2,surface_injure,0,craze,2,0.06060606060606061,33
hog,not_applicable,gaussian_blur_mild,2,surface_injure,1,corrosion,3,0.09090909090909091,33
hog,not_applicable,gaussian_blur_mild,2,surface_injure,2,surface_injure,17,0.5151515151515151,33
hog,not_applicable,gaussian_blur_mild,2,surface_injure,3,thunderstrike,0,0.0,33
hog,not_applicable,gaussian_blur_mild,2,surface_injure,4,crack,2,0.06060606060606061,33
hog,not_applicable,gaussian_blur_mild,2,surface_injure,5,hide_craze,9,0.2727272727272727,33
hog,not_applicable,gaussian_blur_mild,3,thunderstrike,0,craze,1,0.1111111111111111,9
hog,not_applicable,gaussian_blur_mild,3,thunderstrike,1,corrosion,1,0.1111111111111111,9
hog,not_applicable,gaussian_blur_mild,3,thunderstrike,2,surface_injure,4,0.4444444444444444,9
hog,not_applicable,gaussian_blur_mild,3,thunderstrike,3,thunderstrike,1,0.1111111111111111,9
hog,not_applicable,gaussian_blur_mild,3,thunderstrike,4,crack,0,0.0,9
hog,not_applicable,gaussian_blur_mild,3,thunderstrike,5,hide_craze,2,0.2222222222222222,9
hog,not_applicable,gaussian_blur_mild,4,crack,0,craze,3,0.21428571428571427,14
hog,not_applicable,gaussian_blur_mild,4,crack,1,corrosion,0,0.0,14
hog,not_applicable,gaussian_blur_mild,4,crack,2,surface_injure,3,0.21428571428571427,14
hog,not_applicable,gaussian_blur_mild,4,crack,3,thunderstrike,0,0.0,14
hog,not_applicable,gaussian_blur_mild,4,crack,4,crack,4,0.2857142857142857,14
hog,not_applicable,gaussian_blur_mild,4,crack,5,hide_craze,4,0.2857142857142857,14
hog,not_applicable,gaussian_blur_mild,5,hide_craze,0,craze,6,0.12244897959183673,49
hog,not_applicable,gaussian_blur_mild,5,hide_craze,1,corrosion,3,0.061224489795918366,49
hog,not_applicable,gaussian_blur_mild,5,hide_craze,2,surface_injure,3,0.061224489795918366,49
hog,not_applicable,gaussian_blur_mild,5,hide_craze,3,thunderstrike,0,0.0,49
hog,not_applicable,gaussian_blur_mild,5,hide_craze,4,crack,2,0.04081632653061224,49
hog,not_applicable,gaussian_blur_mild,5,hide_craze,5,hide_craze,35,0.7142857142857143,49
hog,not_applicable,gaussian_blur_moderate,0,craze,0,craze,23,0.8518518518518519,27
hog,not_applicable,gaussian_blur_moderate,0,craze,1,corrosion,1,0.037037037037037035,27
hog,not_applicable,gaussian_blur_moderate,0,craze,2,surface_injure,1,0.037037037037037035,27
hog,not_applicable,gaussian_blur_moderate,0,craze,3,thunderstrike,0,0.0,27
hog,not_applicable,gaussian_blur_moderate,0,craze,4,crack,1,0.037037037037037035,27
hog,not_applicable,gaussian_blur_moderate,0,craze,5,hide_craze,1,0.037037037037037035,27
hog,not_applicable,gaussian_blur_moderate,1,corrosion,0,craze,5,0.16666666666666666,30
hog,not_applicable,gaussian_blur_moderate,1,corrosion,1,corrosion,6,0.2,30
hog,not_applicable,gaussian_blur_moderate,1,corrosion,2,surface_injure,7,0.23333333333333334,30
hog,not_applicable,gaussian_blur_moderate,1,corrosion,3,thunderstrike,0,0.0,30
hog,not_applicable,gaussian_blur_moderate,1,corrosion,4,crack,3,0.1,30
hog,not_applicable,gaussian_blur_moderate,1,corrosion,5,hide_craze,9,0.3,30
hog,not_applicable,gaussian_blur_moderate,2,surface_injure,0,craze,3,0.09090909090909091,33
hog,not_applicable,gaussian_blur_moderate,2,surface_injure,1,corrosion,1,0.030303030303030304,33
hog,not_applicable,gaussian_blur_moderate,2,surface_injure,2,surface_injure,17,0.5151515151515151,33
hog,not_applicable,gaussian_blur_moderate,2,surface_injure,3,thunderstrike,0,0.0,33
hog,not_applicable,gaussian_blur_moderate,2,surface_injure,4,crack,3,0.09090909090909091,33
hog,not_applicable,gaussian_blur_moderate,2,surface_injure,5,hide_craze,9,0.2727272727272727,33
hog,not_applicable,gaussian_blur_moderate,3,thunderstrike,0,craze,2,0.2222222222222222,9
hog,not_applicable,gaussian_blur_moderate,3,thunderstrike,1,corrosion,0,0.0,9
hog,not_applicable,gaussian_blur_moderate,3,thunderstrike,2,surface_injure,4,0.4444444444444444,9
hog,not_applicable,gaussian_blur_moderate,3,thunderstrike,3,thunderstrike,1,0.1111111111111111,9
hog,not_applicable,gaussian_blur_moderate,3,thunderstrike,4,crack,0,0.0,9
hog,not_applicable,gaussian_blur_moderate,3,thunderstrike,5,hide_craze,2,0.2222222222222222,9
hog,not_applicable,gaussian_blur_moderate,4,crack,0,craze,3,0.21428571428571427,14
hog,not_applicable,gaussian_blur_moderate,4,crack,1,corrosion,0,0.0,14
hog,not_applicable,gaussian_blur_moderate,4,crack,2,surface_injure,2,0.14285714285714285,14
hog,not_applicable,gaussian_blur_moderate,4,crack,3,thunderstrike,0,0.0,14
hog,not_applicable,gaussian_blur_moderate,4,crack,4,crack,6,0.42857142857142855,14
hog,not_applicable,gaussian_blur_moderate,4,crack,5,hide_craze,3,0.21428571428571427,14
hog,not_applicable,gaussian_blur_moderate,5,hide_craze,0,craze,9,0.1836734693877551,49
hog,not_applicable,gaussian_blur_moderate,5,hide_craze,1,corrosion,0,0.0,49
hog,not_applicable,gaussian_blur_moderate,5,hide_craze,2,surface_injure,4,0.08163265306122448,49
hog,not_applicable,gaussian_blur_moderate,5,hide_craze,3,thunderstrike,0,0.0,49
hog,not_applicable,gaussian_blur_moderate,5,hide_craze,4,crack,2,0.04081632653061224,49
hog,not_applicable,gaussian_blur_moderate,5,hide_craze,5,hide_craze,34,0.6938775510204082,49
hog,not_applicable,gaussian_blur_severe,0,craze,0,craze,24,0.8888888888888888,27
hog,not_applicable,gaussian_blur_severe,0,craze,1,corrosion,0,0.0,27
hog,not_applicable,gaussian_blur_severe,0,craze,2,surface_injure,1,0.037037037037037035,27
hog,not_applicable,gaussian_blur_severe,0,craze,3,thunderstrike,0,0.0,27
hog,not_applicable,gaussian_blur_severe,0,craze,4,crack,1,0.037037037037037035,27
hog,not_applicable,gaussian_blur_severe,0,craze,5,hide_craze,1,0.037037037037037035,27
hog,not_applicable,gaussian_blur_severe,1,corrosion,0,craze,7,0.23333333333333334,30
hog,not_applicable,gaussian_blur_severe,1,corrosion,1,corrosion,1,0.03333333333333333,30
hog,not_applicable,gaussian_blur_severe,1,corrosion,2,surface_injure,8,0.26666666666666666,30
hog,not_applicable,gaussian_blur_severe,1,corrosion,3,thunderstrike,0,0.0,30
hog,not_applicable,gaussian_blur_severe,1,corrosion,4,crack,8,0.26666666666666666,30
hog,not_applicable,gaussian_blur_severe,1,corrosion,5,hide_craze,6,0.2,30
hog,not_applicable,gaussian_blur_severe,2,surface_injure,0,craze,4,0.12121212121212122,33
hog,not_applicable,gaussian_blur_severe,2,surface_injure,1,corrosion,0,0.0,33
hog,not_applicable,gaussian_blur_severe,2,surface_injure,2,surface_injure,18,0.5454545454545454,33
hog,not_applicable,gaussian_blur_severe,2,surface_injure,3,thunderstrike,0,0.0,33
hog,not_applicable,gaussian_blur_severe,2,surface_injure,4,crack,6,0.18181818181818182,33
hog,not_applicable,gaussian_blur_severe,2,surface_injure,5,hide_craze,5,0.15151515151515152,33
hog,not_applicable,gaussian_blur_severe,3,thunderstrike,0,craze,5,0.5555555555555556,9
hog,not_applicable,gaussian_blur_severe,3,thunderstrike,1,corrosion,0,0.0,9
hog,not_applicable,gaussian_blur_severe,3,thunderstrike,2,surface_injure,4,0.4444444444444444,9
hog,not_applicable,gaussian_blur_severe,3,thunderstrike,3,thunderstrike,0,0.0,9
hog,not_applicable,gaussian_blur_severe,3,thunderstrike,4,crack,0,0.0,9
hog,not_applicable,gaussian_blur_severe,3,thunderstrike,5,hide_craze,0,0.0,9
hog,not_applicable,gaussian_blur_severe,4,crack,0,craze,4,0.2857142857142857,14
hog,not_applicable,gaussian_blur_severe,4,crack,1,corrosion,0,0.0,14
hog,not_applicable,gaussian_blur_severe,4,crack,2,surface_injure,2,0.14285714285714285,14
hog,not_applicable,gaussian_blur_severe,4,crack,3,thunderstrike,0,0.0,14
hog,not_applicable,gaussian_blur_severe,4,crack,4,crack,5,0.35714285714285715,14
hog,not_applicable,gaussian_blur_severe,4,crack,5,hide_craze,3,0.21428571428571427,14
hog,not_applicable,gaussian_blur_severe,5,hide_craze,0,craze,11,0.22448979591836735,49
hog,not_applicable,gaussian_blur_severe,5,hide_craze,1,corrosion,0,0.0,49
hog,not_applicable,gaussian_blur_severe,5,hide_craze,2,surface_injure,4,0.08163265306122448,49
hog,not_applicable,gaussian_blur_severe,5,hide_craze,3,thunderstrike,0,0.0,49
hog,not_applicable,gaussian_blur_severe,5,hide_craze,4,crack,2,0.04081632653061224,49
hog,not_applicable,gaussian_blur_severe,5,hide_craze,5,hide_craze,32,0.6530612244897959,49
hog,not_applicable,resolution_mild,0,craze,0,craze,21,0.7777777777777778,27
hog,not_applicable,resolution_mild,0,craze,1,corrosion,3,0.1111111111111111,27
hog,not_applicable,resolution_mild,0,craze,2,surface_injure,1,0.037037037037037035,27
hog,not_applicable,resolution_mild,0,craze,3,thunderstrike,0,0.0,27
hog,not_applicable,resolution_mild,0,craze,4,crack,1,0.037037037037037035,27
hog,not_applicable,resolution_mild,0,craze,5,hide_craze,1,0.037037037037037035,27
hog,not_applicable,resolution_mild,1,corrosion,0,craze,4,0.13333333333333333,30
hog,not_applicable,resolution_mild,1,corrosion,1,corrosion,9,0.3,30
hog,not_applicable,resolution_mild,1,corrosion,2,surface_injure,6,0.2,30
hog,not_applicable,resolution_mild,1,corrosion,3,thunderstrike,0,0.0,30
hog,not_applicable,resolution_mild,1,corrosion,4,crack,3,0.1,30
hog,not_applicable,resolution_mild,1,corrosion,5,hide_craze,8,0.26666666666666666,30
hog,not_applicable,resolution_mild,2,surface_injure,0,craze,2,0.06060606060606061,33
hog,not_applicable,resolution_mild,2,surface_injure,1,corrosion,0,0.0,33
hog,not_applicable,resolution_mild,2,surface_injure,2,surface_injure,19,0.5757575757575758,33
hog,not_applicable,resolution_mild,2,surface_injure,3,thunderstrike,0,0.0,33
hog,not_applicable,resolution_mild,2,surface_injure,4,crack,3,0.09090909090909091,33
hog,not_applicable,resolution_mild,2,surface_injure,5,hide_craze,9,0.2727272727272727,33
hog,not_applicable,resolution_mild,3,thunderstrike,0,craze,2,0.2222222222222222,9
hog,not_applicable,resolution_mild,3,thunderstrike,1,corrosion,1,0.1111111111111111,9
hog,not_applicable,resolution_mild,3,thunderstrike,2,surface_injure,3,0.3333333333333333,9
hog,not_applicable,resolution_mild,3,thunderstrike,3,thunderstrike,1,0.1111111111111111,9
hog,not_applicable,resolution_mild,3,thunderstrike,4,crack,0,0.0,9
hog,not_applicable,resolution_mild,3,thunderstrike,5,hide_craze,2,0.2222222222222222,9
hog,not_applicable,resolution_mild,4,crack,0,craze,3,0.21428571428571427,14
hog,not_applicable,resolution_mild,4,crack,1,corrosion,0,0.0,14
hog,not_applicable,resolution_mild,4,crack,2,surface_injure,3,0.21428571428571427,14
hog,not_applicable,resolution_mild,4,crack,3,thunderstrike,0,0.0,14
hog,not_applicable,resolution_mild,4,crack,4,crack,4,0.2857142857142857,14
hog,not_applicable,resolution_mild,4,crack,5,hide_craze,4,0.2857142857142857,14
hog,not_applicable,resolution_mild,5,hide_craze,0,craze,5,0.10204081632653061,49
hog,not_applicable,resolution_mild,5,hide_craze,1,corrosion,0,0.0,49
hog,not_applicable,resolution_mild,5,hide_craze,2,surface_injure,3,0.061224489795918366,49
hog,not_applicable,resolution_mild,5,hide_craze,3,thunderstrike,0,0.0,49
hog,not_applicable,resolution_mild,5,hide_craze,4,crack,3,0.061224489795918366,49
hog,not_applicable,resolution_mild,5,hide_craze,5,hide_craze,38,0.7755102040816326,49
hog,not_applicable,resolution_moderate,0,craze,0,craze,24,0.8888888888888888,27
hog,not_applicable,resolution_moderate,0,craze,1,corrosion,1,0.037037037037037035,27
hog,not_applicable,resolution_moderate,0,craze,2,surface_injure,1,0.037037037037037035,27
hog,not_applicable,resolution_moderate,0,craze,3,thunderstrike,0,0.0,27
hog,not_applicable,resolution_moderate,0,craze,4,crack,1,0.037037037037037035,27
hog,not_applicable,resolution_moderate,0,craze,5,hide_craze,0,0.0,27
hog,not_applicable,resolution_moderate,1,corrosion,0,craze,5,0.16666666666666666,30
hog,not_applicable,resolution_moderate,1,corrosion,1,corrosion,6,0.2,30
hog,not_applicable,resolution_moderate,1,corrosion,2,surface_injure,7,0.23333333333333334,30
hog,not_applicable,resolution_moderate,1,corrosion,3,thunderstrike,0,0.0,30
hog,not_applicable,resolution_moderate,1,corrosion,4,crack,3,0.1,30
hog,not_applicable,resolution_moderate,1,corrosion,5,hide_craze,9,0.3,30
hog,not_applicable,resolution_moderate,2,surface_injure,0,craze,2,0.06060606060606061,33
hog,not_applicable,resolution_moderate,2,surface_injure,1,corrosion,0,0.0,33
hog,not_applicable,resolution_moderate,2,surface_injure,2,surface_injure,19,0.5757575757575758,33
hog,not_applicable,resolution_moderate,2,surface_injure,3,thunderstrike,0,0.0,33
hog,not_applicable,resolution_moderate,2,surface_injure,4,crack,3,0.09090909090909091,33
hog,not_applicable,resolution_moderate,2,surface_injure,5,hide_craze,9,0.2727272727272727,33
hog,not_applicable,resolution_moderate,3,thunderstrike,0,craze,3,0.3333333333333333,9
hog,not_applicable,resolution_moderate,3,thunderstrike,1,corrosion,0,0.0,9
hog,not_applicable,resolution_moderate,3,thunderstrike,2,surface_injure,3,0.3333333333333333,9
hog,not_applicable,resolution_moderate,3,thunderstrike,3,thunderstrike,1,0.1111111111111111,9
hog,not_applicable,resolution_moderate,3,thunderstrike,4,crack,0,0.0,9
hog,not_applicable,resolution_moderate,3,thunderstrike,5,hide_craze,2,0.2222222222222222,9
hog,not_applicable,resolution_moderate,4,crack,0,craze,4,0.2857142857142857,14
hog,not_applicable,resolution_moderate,4,crack,1,corrosion,0,0.0,14
hog,not_applicable,resolution_moderate,4,crack,2,surface_injure,2,0.14285714285714285,14
hog,not_applicable,resolution_moderate,4,crack,3,thunderstrike,0,0.0,14
hog,not_applicable,resolution_moderate,4,crack,4,crack,5,0.35714285714285715,14
hog,not_applicable,resolution_moderate,4,crack,5,hide_craze,3,0.21428571428571427,14
hog,not_applicable,resolution_moderate,5,hide_craze,0,craze,7,0.14285714285714285,49
hog,not_applicable,resolution_moderate,5,hide_craze,1,corrosion,0,0.0,49
hog,not_applicable,resolution_moderate,5,hide_craze,2,surface_injure,4,0.08163265306122448,49
hog,not_applicable,resolution_moderate,5,hide_craze,3,thunderstrike,0,0.0,49
hog,not_applicable,resolution_moderate,5,hide_craze,4,crack,1,0.02040816326530612,49
hog,not_applicable,resolution_moderate,5,hide_craze,5,hide_craze,37,0.7551020408163265,49
hog,not_applicable,resolution_severe,0,craze,0,craze,20,0.7407407407407407,27
hog,not_applicable,resolution_severe,0,craze,1,corrosion,1,0.037037037037037035,27
hog,not_applicable,resolution_severe,0,craze,2,surface_injure,1,0.037037037037037035,27
hog,not_applicable,resolution_severe,0,craze,3,thunderstrike,0,0.0,27
hog,not_applicable,resolution_severe,0,craze,4,crack,1,0.037037037037037035,27
hog,not_applicable,resolution_severe,0,craze,5,hide_craze,4,0.14814814814814814,27
hog,not_applicable,resolution_severe,1,corrosion,0,craze,3,0.1,30
hog,not_applicable,resolution_severe,1,corrosion,1,corrosion,4,0.13333333333333333,30
hog,not_applicable,resolution_severe,1,corrosion,2,surface_injure,8,0.26666666666666666,30
hog,not_applicable,resolution_severe,1,corrosion,3,thunderstrike,0,0.0,30
hog,not_applicable,resolution_severe,1,corrosion,4,crack,5,0.16666666666666666,30
hog,not_applicable,resolution_severe,1,corrosion,5,hide_craze,10,0.3333333333333333,30
hog,not_applicable,resolution_severe,2,surface_injure,0,craze,2,0.06060606060606061,33
hog,not_applicable,resolution_severe,2,surface_injure,1,corrosion,0,0.0,33
hog,not_applicable,resolution_severe,2,surface_injure,2,surface_injure,18,0.5454545454545454,33
hog,not_applicable,resolution_severe,2,surface_injure,3,thunderstrike,0,0.0,33
hog,not_applicable,resolution_severe,2,surface_injure,4,crack,4,0.12121212121212122,33
hog,not_applicable,resolution_severe,2,surface_injure,5,hide_craze,9,0.2727272727272727,33
hog,not_applicable,resolution_severe,3,thunderstrike,0,craze,3,0.3333333333333333,9
hog,not_applicable,resolution_severe,3,thunderstrike,1,corrosion,0,0.0,9
hog,not_applicable,resolution_severe,3,thunderstrike,2,surface_injure,5,0.5555555555555556,9
hog,not_applicable,resolution_severe,3,thunderstrike,3,thunderstrike,0,0.0,9
hog,not_applicable,resolution_severe,3,thunderstrike,4,crack,0,0.0,9
hog,not_applicable,resolution_severe,3,thunderstrike,5,hide_craze,1,0.1111111111111111,9
hog,not_applicable,resolution_severe,4,crack,0,craze,3,0.21428571428571427,14
hog,not_applicable,resolution_severe,4,crack,1,corrosion,0,0.0,14
hog,not_applicable,resolution_severe,4,crack,2,surface_injure,1,0.07142857142857142,14
hog,not_applicable,resolution_severe,4,crack,3,thunderstrike,0,0.0,14
hog,not_applicable,resolution_severe,4,crack,4,crack,5,0.35714285714285715,14
hog,not_applicable,resolution_severe,4,crack,5,hide_craze,5,0.35714285714285715,14
hog,not_applicable,resolution_severe,5,hide_craze,0,craze,6,0.12244897959183673,49
hog,not_applicable,resolution_severe,5,hide_craze,1,corrosion,0,0.0,49
hog,not_applicable,resolution_severe,5,hide_craze,2,surface_injure,3,0.061224489795918366,49
hog,not_applicable,resolution_severe,5,hide_craze,3,thunderstrike,0,0.0,49
hog,not_applicable,resolution_severe,5,hide_craze,4,crack,1,0.02040816326530612,49
hog,not_applicable,resolution_severe,5,hide_craze,5,hide_craze,39,0.7959183673469388,49
hog,not_applicable,brightness_mild,0,craze,0,craze,17,0.6296296296296297,27
hog,not_applicable,brightness_mild,0,craze,1,corrosion,4,0.14814814814814814,27
hog,not_applicable,brightness_mild,0,craze,2,surface_injure,2,0.07407407407407407,27
hog,not_applicable,brightness_mild,0,craze,3,thunderstrike,0,0.0,27
hog,not_applicable,brightness_mild,0,craze,4,crack,0,0.0,27
hog,not_applicable,brightness_mild,0,craze,5,hide_craze,4,0.14814814814814814,27
hog,not_applicable,brightness_mild,1,corrosion,0,craze,3,0.1,30
hog,not_applicable,brightness_mild,1,corrosion,1,corrosion,9,0.3,30
hog,not_applicable,brightness_mild,1,corrosion,2,surface_injure,6,0.2,30
hog,not_applicable,brightness_mild,1,corrosion,3,thunderstrike,0,0.0,30
hog,not_applicable,brightness_mild,1,corrosion,4,crack,1,0.03333333333333333,30
hog,not_applicable,brightness_mild,1,corrosion,5,hide_craze,11,0.36666666666666664,30
hog,not_applicable,brightness_mild,2,surface_injure,0,craze,2,0.06060606060606061,33
hog,not_applicable,brightness_mild,2,surface_injure,1,corrosion,1,0.030303030303030304,33
hog,not_applicable,brightness_mild,2,surface_injure,2,surface_injure,18,0.5454545454545454,33
hog,not_applicable,brightness_mild,2,surface_injure,3,thunderstrike,0,0.0,33
hog,not_applicable,brightness_mild,2,surface_injure,4,crack,2,0.06060606060606061,33
hog,not_applicable,brightness_mild,2,surface_injure,5,hide_craze,10,0.30303030303030304,33
hog,not_applicable,brightness_mild,3,thunderstrike,0,craze,0,0.0,9
hog,not_applicable,brightness_mild,3,thunderstrike,1,corrosion,0,0.0,9
hog,not_applicable,brightness_mild,3,thunderstrike,2,surface_injure,5,0.5555555555555556,9
hog,not_applicable,brightness_mild,3,thunderstrike,3,thunderstrike,1,0.1111111111111111,9
hog,not_applicable,brightness_mild,3,thunderstrike,4,crack,0,0.0,9
hog,not_applicable,brightness_mild,3,thunderstrike,5,hide_craze,3,0.3333333333333333,9
hog,not_applicable,brightness_mild,4,crack,0,craze,1,0.07142857142857142,14
hog,not_applicable,brightness_mild,4,crack,1,corrosion,0,0.0,14
hog,not_applicable,brightness_mild,4,crack,2,surface_injure,6,0.42857142857142855,14
hog,not_applicable,brightness_mild,4,crack,3,thunderstrike,0,0.0,14
hog,not_applicable,brightness_mild,4,crack,4,crack,2,0.14285714285714285,14
hog,not_applicable,brightness_mild,4,crack,5,hide_craze,5,0.35714285714285715,14
hog,not_applicable,brightness_mild,5,hide_craze,0,craze,5,0.10204081632653061,49
hog,not_applicable,brightness_mild,5,hide_craze,1,corrosion,0,0.0,49
hog,not_applicable,brightness_mild,5,hide_craze,2,surface_injure,3,0.061224489795918366,49
hog,not_applicable,brightness_mild,5,hide_craze,3,thunderstrike,0,0.0,49
hog,not_applicable,brightness_mild,5,hide_craze,4,crack,2,0.04081632653061224,49
hog,not_applicable,brightness_mild,5,hide_craze,5,hide_craze,39,0.7959183673469388,49
hog,not_applicable,brightness_moderate,0,craze,0,craze,16,0.5925925925925926,27
hog,not_applicable,brightness_moderate,0,craze,1,corrosion,1,0.037037037037037035,27
hog,not_applicable,brightness_moderate,0,craze,2,surface_injure,3,0.1111111111111111,27
hog,not_applicable,brightness_moderate,0,craze,3,thunderstrike,0,0.0,27
hog,not_applicable,brightness_moderate,0,craze,4,crack,0,0.0,27
hog,not_applicable,brightness_moderate,0,craze,5,hide_craze,7,0.25925925925925924,27
hog,not_applicable,brightness_moderate,1,corrosion,0,craze,4,0.13333333333333333,30
hog,not_applicable,brightness_moderate,1,corrosion,1,corrosion,6,0.2,30
hog,not_applicable,brightness_moderate,1,corrosion,2,surface_injure,8,0.26666666666666666,30
hog,not_applicable,brightness_moderate,1,corrosion,3,thunderstrike,0,0.0,30
hog,not_applicable,brightness_moderate,1,corrosion,4,crack,0,0.0,30
hog,not_applicable,brightness_moderate,1,corrosion,5,hide_craze,12,0.4,30
hog,not_applicable,brightness_moderate,2,surface_injure,0,craze,2,0.06060606060606061,33
hog,not_applicable,brightness_moderate,2,surface_injure,1,corrosion,1,0.030303030303030304,33
hog,not_applicable,brightness_moderate,2,surface_injure,2,surface_injure,18,0.5454545454545454,33
hog,not_applicable,brightness_moderate,2,surface_injure,3,thunderstrike,0,0.0,33
hog,not_applicable,brightness_moderate,2,surface_injure,4,crack,2,0.06060606060606061,33
hog,not_applicable,brightness_moderate,2,surface_injure,5,hide_craze,10,0.30303030303030304,33
hog,not_applicable,brightness_moderate,3,thunderstrike,0,craze,0,0.0,9
hog,not_applicable,brightness_moderate,3,thunderstrike,1,corrosion,0,0.0,9
hog,not_applicable,brightness_moderate,3,thunderstrike,2,surface_injure,5,0.5555555555555556,9
hog,not_applicable,brightness_moderate,3,thunderstrike,3,thunderstrike,1,0.1111111111111111,9
hog,not_applicable,brightness_moderate,3,thunderstrike,4,crack,0,0.0,9
hog,not_applicable,brightness_moderate,3,thunderstrike,5,hide_craze,3,0.3333333333333333,9
hog,not_applicable,brightness_moderate,4,crack,0,craze,1,0.07142857142857142,14
hog,not_applicable,brightness_moderate,4,crack,1,corrosion,1,0.07142857142857142,14
hog,not_applicable,brightness_moderate,4,crack,2,surface_injure,4,0.2857142857142857,14
hog,not_applicable,brightness_moderate,4,crack,3,thunderstrike,0,0.0,14
hog,not_applicable,brightness_moderate,4,crack,4,crack,2,0.14285714285714285,14
hog,not_applicable,brightness_moderate,4,crack,5,hide_craze,6,0.42857142857142855,14
hog,not_applicable,brightness_moderate,5,hide_craze,0,craze,5,0.10204081632653061,49
hog,not_applicable,brightness_moderate,5,hide_craze,1,corrosion,0,0.0,49
hog,not_applicable,brightness_moderate,5,hide_craze,2,surface_injure,3,0.061224489795918366,49
hog,not_applicable,brightness_moderate,5,hide_craze,3,thunderstrike,0,0.0,49
hog,not_applicable,brightness_moderate,5,hide_craze,4,crack,2,0.04081632653061224,49
hog,not_applicable,brightness_moderate,5,hide_craze,5,hide_craze,39,0.7959183673469388,49
hog,not_applicable,brightness_severe,0,craze,0,craze,14,0.5185185185185185,27
hog,not_applicable,brightness_severe,0,craze,1,corrosion,1,0.037037037037037035,27
hog,not_applicable,brightness_severe,0,craze,2,surface_injure,3,0.1111111111111111,27
hog,not_applicable,brightness_severe,0,craze,3,thunderstrike,0,0.0,27
hog,not_applicable,brightness_severe,0,craze,4,crack,1,0.037037037037037035,27
hog,not_applicable,brightness_severe,0,craze,5,hide_craze,8,0.2962962962962963,27
hog,not_applicable,brightness_severe,1,corrosion,0,craze,3,0.1,30
hog,not_applicable,brightness_severe,1,corrosion,1,corrosion,1,0.03333333333333333,30
hog,not_applicable,brightness_severe,1,corrosion,2,surface_injure,12,0.4,30
hog,not_applicable,brightness_severe,1,corrosion,3,thunderstrike,0,0.0,30
hog,not_applicable,brightness_severe,1,corrosion,4,crack,0,0.0,30
hog,not_applicable,brightness_severe,1,corrosion,5,hide_craze,14,0.4666666666666667,30
hog,not_applicable,brightness_severe,2,surface_injure,0,craze,2,0.06060606060606061,33
hog,not_applicable,brightness_severe,2,surface_injure,1,corrosion,0,0.0,33
hog,not_applicable,brightness_severe,2,surface_injure,2,surface_injure,21,0.6363636363636364,33
hog,not_applicable,brightness_severe,2,surface_injure,3,thunderstrike,0,0.0,33
hog,not_applicable,brightness_severe,2,surface_injure,4,crack,0,0.0,33
hog,not_applicable,brightness_severe,2,surface_injure,5,hide_craze,10,0.30303030303030304,33
hog,not_applicable,brightness_severe,3,thunderstrike,0,craze,0,0.0,9
hog,not_applicable,brightness_severe,3,thunderstrike,1,corrosion,0,0.0,9
hog,not_applicable,brightness_severe,3,thunderstrike,2,surface_injure,6,0.6666666666666666,9
hog,not_applicable,brightness_severe,3,thunderstrike,3,thunderstrike,0,0.0,9
hog,not_applicable,brightness_severe,3,thunderstrike,4,crack,0,0.0,9
hog,not_applicable,brightness_severe,3,thunderstrike,5,hide_craze,3,0.3333333333333333,9
hog,not_applicable,brightness_severe,4,crack,0,craze,1,0.07142857142857142,14
hog,not_applicable,brightness_severe,4,crack,1,corrosion,0,0.0,14
hog,not_applicable,brightness_severe,4,crack,2,surface_injure,7,0.5,14
hog,not_applicable,brightness_severe,4,crack,3,thunderstrike,0,0.0,14
hog,not_applicable,brightness_severe,4,crack,4,crack,2,0.14285714285714285,14
hog,not_applicable,brightness_severe,4,crack,5,hide_craze,4,0.2857142857142857,14
hog,not_applicable,brightness_severe,5,hide_craze,0,craze,5,0.10204081632653061,49
hog,not_applicable,brightness_severe,5,hide_craze,1,corrosion,0,0.0,49
hog,not_applicable,brightness_severe,5,hide_craze,2,surface_injure,5,0.10204081632653061,49
hog,not_applicable,brightness_severe,5,hide_craze,3,thunderstrike,0,0.0,49
hog,not_applicable,brightness_severe,5,hide_craze,4,crack,1,0.02040816326530612,49
hog,not_applicable,brightness_severe,5,hide_craze,5,hide_craze,38,0.7755102040816326,49
hog,not_applicable,jpeg_mild,0,craze,0,craze,16,0.5925925925925926,27
hog,not_applicable,jpeg_mild,0,craze,1,corrosion,4,0.14814814814814814,27
hog,not_applicable,jpeg_mild,0,craze,2,surface_injure,3,0.1111111111111111,27
hog,not_applicable,jpeg_mild,0,craze,3,thunderstrike,0,0.0,27
hog,not_applicable,jpeg_mild,0,craze,4,crack,0,0.0,27
hog,not_applicable,jpeg_mild,0,craze,5,hide_craze,4,0.14814814814814814,27
hog,not_applicable,jpeg_mild,1,corrosion,0,craze,5,0.16666666666666666,30
hog,not_applicable,jpeg_mild,1,corrosion,1,corrosion,10,0.3333333333333333,30
hog,not_applicable,jpeg_mild,1,corrosion,2,surface_injure,7,0.23333333333333334,30
hog,not_applicable,jpeg_mild,1,corrosion,3,thunderstrike,0,0.0,30
hog,not_applicable,jpeg_mild,1,corrosion,4,crack,1,0.03333333333333333,30
hog,not_applicable,jpeg_mild,1,corrosion,5,hide_craze,7,0.23333333333333334,30
hog,not_applicable,jpeg_mild,2,surface_injure,0,craze,2,0.06060606060606061,33
hog,not_applicable,jpeg_mild,2,surface_injure,1,corrosion,1,0.030303030303030304,33
hog,not_applicable,jpeg_mild,2,surface_injure,2,surface_injure,20,0.6060606060606061,33
hog,not_applicable,jpeg_mild,2,surface_injure,3,thunderstrike,0,0.0,33
hog,not_applicable,jpeg_mild,2,surface_injure,4,crack,2,0.06060606060606061,33
hog,not_applicable,jpeg_mild,2,surface_injure,5,hide_craze,8,0.24242424242424243,33
hog,not_applicable,jpeg_mild,3,thunderstrike,0,craze,0,0.0,9
hog,not_applicable,jpeg_mild,3,thunderstrike,1,corrosion,1,0.1111111111111111,9
hog,not_applicable,jpeg_mild,3,thunderstrike,2,surface_injure,4,0.4444444444444444,9
hog,not_applicable,jpeg_mild,3,thunderstrike,3,thunderstrike,1,0.1111111111111111,9
hog,not_applicable,jpeg_mild,3,thunderstrike,4,crack,0,0.0,9
hog,not_applicable,jpeg_mild,3,thunderstrike,5,hide_craze,3,0.3333333333333333,9
hog,not_applicable,jpeg_mild,4,crack,0,craze,1,0.07142857142857142,14
hog,not_applicable,jpeg_mild,4,crack,1,corrosion,1,0.07142857142857142,14
hog,not_applicable,jpeg_mild,4,crack,2,surface_injure,4,0.2857142857142857,14
hog,not_applicable,jpeg_mild,4,crack,3,thunderstrike,0,0.0,14
hog,not_applicable,jpeg_mild,4,crack,4,crack,3,0.21428571428571427,14
hog,not_applicable,jpeg_mild,4,crack,5,hide_craze,5,0.35714285714285715,14
hog,not_applicable,jpeg_mild,5,hide_craze,0,craze,3,0.061224489795918366,49
hog,not_applicable,jpeg_mild,5,hide_craze,1,corrosion,4,0.08163265306122448,49
hog,not_applicable,jpeg_mild,5,hide_craze,2,surface_injure,5,0.10204081632653061,49
hog,not_applicable,jpeg_mild,5,hide_craze,3,thunderstrike,0,0.0,49
hog,not_applicable,jpeg_mild,5,hide_craze,4,crack,1,0.02040816326530612,49
hog,not_applicable,jpeg_mild,5,hide_craze,5,hide_craze,36,0.7346938775510204,49
hog,not_applicable,jpeg_moderate,0,craze,0,craze,12,0.4444444444444444,27
hog,not_applicable,jpeg_moderate,0,craze,1,corrosion,4,0.14814814814814814,27
hog,not_applicable,jpeg_moderate,0,craze,2,surface_injure,6,0.2222222222222222,27
hog,not_applicable,jpeg_moderate,0,craze,3,thunderstrike,0,0.0,27
hog,not_applicable,jpeg_moderate,0,craze,4,crack,0,0.0,27
hog,not_applicable,jpeg_moderate,0,craze,5,hide_craze,5,0.18518518518518517,27
hog,not_applicable,jpeg_moderate,1,corrosion,0,craze,1,0.03333333333333333,30
hog,not_applicable,jpeg_moderate,1,corrosion,1,corrosion,9,0.3,30
hog,not_applicable,jpeg_moderate,1,corrosion,2,surface_injure,8,0.26666666666666666,30
hog,not_applicable,jpeg_moderate,1,corrosion,3,thunderstrike,0,0.0,30
hog,not_applicable,jpeg_moderate,1,corrosion,4,crack,1,0.03333333333333333,30
hog,not_applicable,jpeg_moderate,1,corrosion,5,hide_craze,11,0.36666666666666664,30
hog,not_applicable,jpeg_moderate,2,surface_injure,0,craze,2,0.06060606060606061,33
hog,not_applicable,jpeg_moderate,2,surface_injure,1,corrosion,0,0.0,33
hog,not_applicable,jpeg_moderate,2,surface_injure,2,surface_injure,20,0.6060606060606061,33
hog,not_applicable,jpeg_moderate,2,surface_injure,3,thunderstrike,0,0.0,33
hog,not_applicable,jpeg_moderate,2,surface_injure,4,crack,1,0.030303030303030304,33
hog,not_applicable,jpeg_moderate,2,surface_injure,5,hide_craze,10,0.30303030303030304,33
hog,not_applicable,jpeg_moderate,3,thunderstrike,0,craze,0,0.0,9
hog,not_applicable,jpeg_moderate,3,thunderstrike,1,corrosion,2,0.2222222222222222,9
hog,not_applicable,jpeg_moderate,3,thunderstrike,2,surface_injure,4,0.4444444444444444,9
hog,not_applicable,jpeg_moderate,3,thunderstrike,3,thunderstrike,1,0.1111111111111111,9
hog,not_applicable,jpeg_moderate,3,thunderstrike,4,crack,0,0.0,9
hog,not_applicable,jpeg_moderate,3,thunderstrike,5,hide_craze,2,0.2222222222222222,9
hog,not_applicable,jpeg_moderate,4,crack,0,craze,1,0.07142857142857142,14
hog,not_applicable,jpeg_moderate,4,crack,1,corrosion,0,0.0,14
hog,not_applicable,jpeg_moderate,4,crack,2,surface_injure,4,0.2857142857142857,14
hog,not_applicable,jpeg_moderate,4,crack,3,thunderstrike,0,0.0,14
hog,not_applicable,jpeg_moderate,4,crack,4,crack,5,0.35714285714285715,14
hog,not_applicable,jpeg_moderate,4,crack,5,hide_craze,4,0.2857142857142857,14
hog,not_applicable,jpeg_moderate,5,hide_craze,0,craze,2,0.04081632653061224,49
hog,not_applicable,jpeg_moderate,5,hide_craze,1,corrosion,1,0.02040816326530612,49
hog,not_applicable,jpeg_moderate,5,hide_craze,2,surface_injure,4,0.08163265306122448,49
hog,not_applicable,jpeg_moderate,5,hide_craze,3,thunderstrike,0,0.0,49
hog,not_applicable,jpeg_moderate,5,hide_craze,4,crack,2,0.04081632653061224,49
hog,not_applicable,jpeg_moderate,5,hide_craze,5,hide_craze,40,0.8163265306122449,49
hog,not_applicable,jpeg_severe,0,craze,0,craze,6,0.2222222222222222,27
hog,not_applicable,jpeg_severe,0,craze,1,corrosion,3,0.1111111111111111,27
hog,not_applicable,jpeg_severe,0,craze,2,surface_injure,12,0.4444444444444444,27
hog,not_applicable,jpeg_severe,0,craze,3,thunderstrike,0,0.0,27
hog,not_applicable,jpeg_severe,0,craze,4,crack,1,0.037037037037037035,27
hog,not_applicable,jpeg_severe,0,craze,5,hide_craze,5,0.18518518518518517,27
hog,not_applicable,jpeg_severe,1,corrosion,0,craze,0,0.0,30
hog,not_applicable,jpeg_severe,1,corrosion,1,corrosion,3,0.1,30
hog,not_applicable,jpeg_severe,1,corrosion,2,surface_injure,11,0.36666666666666664,30
hog,not_applicable,jpeg_severe,1,corrosion,3,thunderstrike,0,0.0,30
hog,not_applicable,jpeg_severe,1,corrosion,4,crack,2,0.06666666666666667,30
hog,not_applicable,jpeg_severe,1,corrosion,5,hide_craze,14,0.4666666666666667,30
hog,not_applicable,jpeg_severe,2,surface_injure,0,craze,2,0.06060606060606061,33
hog,not_applicable,jpeg_severe,2,surface_injure,1,corrosion,0,0.0,33
hog,not_applicable,jpeg_severe,2,surface_injure,2,surface_injure,18,0.5454545454545454,33
hog,not_applicable,jpeg_severe,2,surface_injure,3,thunderstrike,0,0.0,33
hog,not_applicable,jpeg_severe,2,surface_injure,4,crack,2,0.06060606060606061,33
hog,not_applicable,jpeg_severe,2,surface_injure,5,hide_craze,11,0.3333333333333333,33
hog,not_applicable,jpeg_severe,3,thunderstrike,0,craze,0,0.0,9
hog,not_applicable,jpeg_severe,3,thunderstrike,1,corrosion,1,0.1111111111111111,9
hog,not_applicable,jpeg_severe,3,thunderstrike,2,surface_injure,5,0.5555555555555556,9
hog,not_applicable,jpeg_severe,3,thunderstrike,3,thunderstrike,0,0.0,9
hog,not_applicable,jpeg_severe,3,thunderstrike,4,crack,0,0.0,9
hog,not_applicable,jpeg_severe,3,thunderstrike,5,hide_craze,3,0.3333333333333333,9
hog,not_applicable,jpeg_severe,4,crack,0,craze,0,0.0,14
hog,not_applicable,jpeg_severe,4,crack,1,corrosion,0,0.0,14
hog,not_applicable,jpeg_severe,4,crack,2,surface_injure,4,0.2857142857142857,14
hog,not_applicable,jpeg_severe,4,crack,3,thunderstrike,0,0.0,14
hog,not_applicable,jpeg_severe,4,crack,4,crack,4,0.2857142857142857,14
hog,not_applicable,jpeg_severe,4,crack,5,hide_craze,6,0.42857142857142855,14
hog,not_applicable,jpeg_severe,5,hide_craze,0,craze,3,0.061224489795918366,49
hog,not_applicable,jpeg_severe,5,hide_craze,1,corrosion,0,0.0,49
hog,not_applicable,jpeg_severe,5,hide_craze,2,surface_injure,7,0.14285714285714285,49
hog,not_applicable,jpeg_severe,5,hide_craze,3,thunderstrike,0,0.0,49
hog,not_applicable,jpeg_severe,5,hide_craze,4,crack,2,0.04081632653061224,49
hog,not_applicable,jpeg_severe,5,hide_craze,5,hide_craze,37,0.7551020408163265,49
lbp,not_applicable,clean,0,craze,0,craze,20,0.7407407407407407,27
lbp,not_applicable,clean,0,craze,1,corrosion,4,0.14814814814814814,27
lbp,not_applicable,clean,0,craze,2,surface_injure,3,0.1111111111111111,27
lbp,not_applicable,clean,0,craze,3,thunderstrike,0,0.0,27
lbp,not_applicable,clean,0,craze,4,crack,0,0.0,27
lbp,not_applicable,clean,0,craze,5,hide_craze,0,0.0,27
lbp,not_applicable,clean,1,corrosion,0,craze,3,0.1,30
lbp,not_applicable,clean,1,corrosion,1,corrosion,15,0.5,30
lbp,not_applicable,clean,1,corrosion,2,surface_injure,4,0.13333333333333333,30
lbp,not_applicable,clean,1,corrosion,3,thunderstrike,0,0.0,30
lbp,not_applicable,clean,1,corrosion,4,crack,2,0.06666666666666667,30
lbp,not_applicable,clean,1,corrosion,5,hide_craze,6,0.2,30
lbp,not_applicable,clean,2,surface_injure,0,craze,4,0.12121212121212122,33
lbp,not_applicable,clean,2,surface_injure,1,corrosion,5,0.15151515151515152,33
lbp,not_applicable,clean,2,surface_injure,2,surface_injure,16,0.48484848484848486,33
lbp,not_applicable,clean,2,surface_injure,3,thunderstrike,0,0.0,33
lbp,not_applicable,clean,2,surface_injure,4,crack,2,0.06060606060606061,33
lbp,not_applicable,clean,2,surface_injure,5,hide_craze,6,0.18181818181818182,33
lbp,not_applicable,clean,3,thunderstrike,0,craze,2,0.2222222222222222,9
lbp,not_applicable,clean,3,thunderstrike,1,corrosion,1,0.1111111111111111,9
lbp,not_applicable,clean,3,thunderstrike,2,surface_injure,2,0.2222222222222222,9
lbp,not_applicable,clean,3,thunderstrike,3,thunderstrike,3,0.3333333333333333,9
lbp,not_applicable,clean,3,thunderstrike,4,crack,0,0.0,9
lbp,not_applicable,clean,3,thunderstrike,5,hide_craze,1,0.1111111111111111,9
lbp,not_applicable,clean,4,crack,0,craze,0,0.0,14
lbp,not_applicable,clean,4,crack,1,corrosion,0,0.0,14
lbp,not_applicable,clean,4,crack,2,surface_injure,2,0.14285714285714285,14
lbp,not_applicable,clean,4,crack,3,thunderstrike,0,0.0,14
lbp,not_applicable,clean,4,crack,4,crack,9,0.6428571428571429,14
lbp,not_applicable,clean,4,crack,5,hide_craze,3,0.21428571428571427,14
lbp,not_applicable,clean,5,hide_craze,0,craze,3,0.061224489795918366,49
lbp,not_applicable,clean,5,hide_craze,1,corrosion,2,0.04081632653061224,49
lbp,not_applicable,clean,5,hide_craze,2,surface_injure,8,0.16326530612244897,49
lbp,not_applicable,clean,5,hide_craze,3,thunderstrike,0,0.0,49
lbp,not_applicable,clean,5,hide_craze,4,crack,0,0.0,49
lbp,not_applicable,clean,5,hide_craze,5,hide_craze,36,0.7346938775510204,49
lbp,not_applicable,gaussian_blur_mild,0,craze,0,craze,21,0.7777777777777778,27
lbp,not_applicable,gaussian_blur_mild,0,craze,1,corrosion,3,0.1111111111111111,27
lbp,not_applicable,gaussian_blur_mild,0,craze,2,surface_injure,3,0.1111111111111111,27
lbp,not_applicable,gaussian_blur_mild,0,craze,3,thunderstrike,0,0.0,27
lbp,not_applicable,gaussian_blur_mild,0,craze,4,crack,0,0.0,27
lbp,not_applicable,gaussian_blur_mild,0,craze,5,hide_craze,0,0.0,27
lbp,not_applicable,gaussian_blur_mild,1,corrosion,0,craze,4,0.13333333333333333,30
lbp,not_applicable,gaussian_blur_mild,1,corrosion,1,corrosion,14,0.4666666666666667,30
lbp,not_applicable,gaussian_blur_mild,1,corrosion,2,surface_injure,4,0.13333333333333333,30
lbp,not_applicable,gaussian_blur_mild,1,corrosion,3,thunderstrike,0,0.0,30
lbp,not_applicable,gaussian_blur_mild,1,corrosion,4,crack,4,0.13333333333333333,30
lbp,not_applicable,gaussian_blur_mild,1,corrosion,5,hide_craze,4,0.13333333333333333,30
lbp,not_applicable,gaussian_blur_mild,2,surface_injure,0,craze,5,0.15151515151515152,33
lbp,not_applicable,gaussian_blur_mild,2,surface_injure,1,corrosion,4,0.12121212121212122,33
lbp,not_applicable,gaussian_blur_mild,2,surface_injure,2,surface_injure,15,0.45454545454545453,33
lbp,not_applicable,gaussian_blur_mild,2,surface_injure,3,thunderstrike,0,0.0,33
lbp,not_applicable,gaussian_blur_mild,2,surface_injure,4,crack,1,0.030303030303030304,33
lbp,not_applicable,gaussian_blur_mild,2,surface_injure,5,hide_craze,8,0.24242424242424243,33
lbp,not_applicable,gaussian_blur_mild,3,thunderstrike,0,craze,0,0.0,9
lbp,not_applicable,gaussian_blur_mild,3,thunderstrike,1,corrosion,3,0.3333333333333333,9
lbp,not_applicable,gaussian_blur_mild,3,thunderstrike,2,surface_injure,2,0.2222222222222222,9
lbp,not_applicable,gaussian_blur_mild,3,thunderstrike,3,thunderstrike,2,0.2222222222222222,9
lbp,not_applicable,gaussian_blur_mild,3,thunderstrike,4,crack,0,0.0,9
lbp,not_applicable,gaussian_blur_mild,3,thunderstrike,5,hide_craze,2,0.2222222222222222,9
lbp,not_applicable,gaussian_blur_mild,4,crack,0,craze,0,0.0,14
lbp,not_applicable,gaussian_blur_mild,4,crack,1,corrosion,0,0.0,14
lbp,not_applicable,gaussian_blur_mild,4,crack,2,surface_injure,2,0.14285714285714285,14
lbp,not_applicable,gaussian_blur_mild,4,crack,3,thunderstrike,0,0.0,14
lbp,not_applicable,gaussian_blur_mild,4,crack,4,crack,10,0.7142857142857143,14
lbp,not_applicable,gaussian_blur_mild,4,crack,5,hide_craze,2,0.14285714285714285,14
lbp,not_applicable,gaussian_blur_mild,5,hide_craze,0,craze,4,0.08163265306122448,49
lbp,not_applicable,gaussian_blur_mild,5,hide_craze,1,corrosion,2,0.04081632653061224,49
lbp,not_applicable,gaussian_blur_mild,5,hide_craze,2,surface_injure,11,0.22448979591836735,49
lbp,not_applicable,gaussian_blur_mild,5,hide_craze,3,thunderstrike,0,0.0,49
lbp,not_applicable,gaussian_blur_mild,5,hide_craze,4,crack,0,0.0,49
lbp,not_applicable,gaussian_blur_mild,5,hide_craze,5,hide_craze,32,0.6530612244897959,49
lbp,not_applicable,gaussian_blur_moderate,0,craze,0,craze,4,0.14814814814814814,27
lbp,not_applicable,gaussian_blur_moderate,0,craze,1,corrosion,1,0.037037037037037035,27
lbp,not_applicable,gaussian_blur_moderate,0,craze,2,surface_injure,19,0.7037037037037037,27
lbp,not_applicable,gaussian_blur_moderate,0,craze,3,thunderstrike,0,0.0,27
lbp,not_applicable,gaussian_blur_moderate,0,craze,4,crack,0,0.0,27
lbp,not_applicable,gaussian_blur_moderate,0,craze,5,hide_craze,3,0.1111111111111111,27
lbp,not_applicable,gaussian_blur_moderate,1,corrosion,0,craze,0,0.0,30
lbp,not_applicable,gaussian_blur_moderate,1,corrosion,1,corrosion,8,0.26666666666666666,30
lbp,not_applicable,gaussian_blur_moderate,1,corrosion,2,surface_injure,10,0.3333333333333333,30
lbp,not_applicable,gaussian_blur_moderate,1,corrosion,3,thunderstrike,2,0.06666666666666667,30
lbp,not_applicable,gaussian_blur_moderate,1,corrosion,4,crack,2,0.06666666666666667,30
lbp,not_applicable,gaussian_blur_moderate,1,corrosion,5,hide_craze,8,0.26666666666666666,30
lbp,not_applicable,gaussian_blur_moderate,2,surface_injure,0,craze,1,0.030303030303030304,33
lbp,not_applicable,gaussian_blur_moderate,2,surface_injure,1,corrosion,0,0.0,33
lbp,not_applicable,gaussian_blur_moderate,2,surface_injure,2,surface_injure,22,0.6666666666666666,33
lbp,not_applicable,gaussian_blur_moderate,2,surface_injure,3,thunderstrike,2,0.06060606060606061,33
lbp,not_applicable,gaussian_blur_moderate,2,surface_injure,4,crack,1,0.030303030303030304,33
lbp,not_applicable,gaussian_blur_moderate,2,surface_injure,5,hide_craze,7,0.21212121212121213,33
lbp,not_applicable,gaussian_blur_moderate,3,thunderstrike,0,craze,0,0.0,9
lbp,not_applicable,gaussian_blur_moderate,3,thunderstrike,1,corrosion,2,0.2222222222222222,9
lbp,not_applicable,gaussian_blur_moderate,3,thunderstrike,2,surface_injure,4,0.4444444444444444,9
lbp,not_applicable,gaussian_blur_moderate,3,thunderstrike,3,thunderstrike,1,0.1111111111111111,9
lbp,not_applicable,gaussian_blur_moderate,3,thunderstrike,4,crack,0,0.0,9
lbp,not_applicable,gaussian_blur_moderate,3,thunderstrike,5,hide_craze,2,0.2222222222222222,9
lbp,not_applicable,gaussian_blur_moderate,4,crack,0,craze,1,0.07142857142857142,14
lbp,not_applicable,gaussian_blur_moderate,4,crack,1,corrosion,0,0.0,14
lbp,not_applicable,gaussian_blur_moderate,4,crack,2,surface_injure,4,0.2857142857142857,14
lbp,not_applicable,gaussian_blur_moderate,4,crack,3,thunderstrike,0,0.0,14
lbp,not_applicable,gaussian_blur_moderate,4,crack,4,crack,6,0.42857142857142855,14
lbp,not_applicable,gaussian_blur_moderate,4,crack,5,hide_craze,3,0.21428571428571427,14
lbp,not_applicable,gaussian_blur_moderate,5,hide_craze,0,craze,1,0.02040816326530612,49
lbp,not_applicable,gaussian_blur_moderate,5,hide_craze,1,corrosion,2,0.04081632653061224,49
lbp,not_applicable,gaussian_blur_moderate,5,hide_craze,2,surface_injure,16,0.32653061224489793,49
lbp,not_applicable,gaussian_blur_moderate,5,hide_craze,3,thunderstrike,0,0.0,49
lbp,not_applicable,gaussian_blur_moderate,5,hide_craze,4,crack,1,0.02040816326530612,49
lbp,not_applicable,gaussian_blur_moderate,5,hide_craze,5,hide_craze,29,0.5918367346938775,49
lbp,not_applicable,gaussian_blur_severe,0,craze,0,craze,2,0.07407407407407407,27
lbp,not_applicable,gaussian_blur_severe,0,craze,1,corrosion,0,0.0,27
lbp,not_applicable,gaussian_blur_severe,0,craze,2,surface_injure,23,0.8518518518518519,27
lbp,not_applicable,gaussian_blur_severe,0,craze,3,thunderstrike,0,0.0,27
lbp,not_applicable,gaussian_blur_severe,0,craze,4,crack,0,0.0,27
lbp,not_applicable,gaussian_blur_severe,0,craze,5,hide_craze,2,0.07407407407407407,27
lbp,not_applicable,gaussian_blur_severe,1,corrosion,0,craze,0,0.0,30
lbp,not_applicable,gaussian_blur_severe,1,corrosion,1,corrosion,0,0.0,30
lbp,not_applicable,gaussian_blur_severe,1,corrosion,2,surface_injure,20,0.6666666666666666,30
lbp,not_applicable,gaussian_blur_severe,1,corrosion,3,thunderstrike,0,0.0,30
lbp,not_applicable,gaussian_blur_severe,1,corrosion,4,crack,0,0.0,30
lbp,not_applicable,gaussian_blur_severe,1,corrosion,5,hide_craze,10,0.3333333333333333,30
lbp,not_applicable,gaussian_blur_severe,2,surface_injure,0,craze,0,0.0,33
lbp,not_applicable,gaussian_blur_severe,2,surface_injure,1,corrosion,0,0.0,33
lbp,not_applicable,gaussian_blur_severe,2,surface_injure,2,surface_injure,21,0.6363636363636364,33
lbp,not_applicable,gaussian_blur_severe,2,surface_injure,3,thunderstrike,0,0.0,33
lbp,not_applicable,gaussian_blur_severe,2,surface_injure,4,crack,6,0.18181818181818182,33
lbp,not_applicable,gaussian_blur_severe,2,surface_injure,5,hide_craze,6,0.18181818181818182,33
lbp,not_applicable,gaussian_blur_severe,3,thunderstrike,0,craze,0,0.0,9
lbp,not_applicable,gaussian_blur_severe,3,thunderstrike,1,corrosion,0,0.0,9
lbp,not_applicable,gaussian_blur_severe,3,thunderstrike,2,surface_injure,8,0.8888888888888888,9
lbp,not_applicable,gaussian_blur_severe,3,thunderstrike,3,thunderstrike,0,0.0,9
lbp,not_applicable,gaussian_blur_severe,3,thunderstrike,4,crack,0,0.0,9
lbp,not_applicable,gaussian_blur_severe,3,thunderstrike,5,hide_craze,1,0.1111111111111111,9
lbp,not_applicable,gaussian_blur_severe,4,crack,0,craze,0,0.0,14
lbp,not_applicable,gaussian_blur_severe,4,crack,1,corrosion,0,0.0,14
lbp,not_applicable,gaussian_blur_severe,4,crack,2,surface_injure,9,0.6428571428571429,14
lbp,not_applicable,gaussian_blur_severe,4,crack,3,thunderstrike,0,0.0,14
lbp,not_applicable,gaussian_blur_severe,4,crack,4,crack,3,0.21428571428571427,14
lbp,not_applicable,gaussian_blur_severe,4,crack,5,hide_craze,2,0.14285714285714285,14
lbp,not_applicable,gaussian_blur_severe,5,hide_craze,0,craze,1,0.02040816326530612,49
lbp,not_applicable,gaussian_blur_severe,5,hide_craze,1,corrosion,0,0.0,49
lbp,not_applicable,gaussian_blur_severe,5,hide_craze,2,surface_injure,22,0.4489795918367347,49
lbp,not_applicable,gaussian_blur_severe,5,hide_craze,3,thunderstrike,0,0.0,49
lbp,not_applicable,gaussian_blur_severe,5,hide_craze,4,crack,1,0.02040816326530612,49
lbp,not_applicable,gaussian_blur_severe,5,hide_craze,5,hide_craze,25,0.5102040816326531,49
lbp,not_applicable,resolution_mild,0,craze,0,craze,16,0.5925925925925926,27
lbp,not_applicable,resolution_mild,0,craze,1,corrosion,3,0.1111111111111111,27
lbp,not_applicable,resolution_mild,0,craze,2,surface_injure,7,0.25925925925925924,27
lbp,not_applicable,resolution_mild,0,craze,3,thunderstrike,1,0.037037037037037035,27
lbp,not_applicable,resolution_mild,0,craze,4,crack,0,0.0,27
lbp,not_applicable,resolution_mild,0,craze,5,hide_craze,0,0.0,27
lbp,not_applicable,resolution_mild,1,corrosion,0,craze,2,0.06666666666666667,30
lbp,not_applicable,resolution_mild,1,corrosion,1,corrosion,15,0.5,30
lbp,not_applicable,resolution_mild,1,corrosion,2,surface_injure,6,0.2,30
lbp,not_applicable,resolution_mild,1,corrosion,3,thunderstrike,0,0.0,30
lbp,not_applicable,resolution_mild,1,corrosion,4,crack,3,0.1,30
lbp,not_applicable,resolution_mild,1,corrosion,5,hide_craze,4,0.13333333333333333,30
lbp,not_applicable,resolution_mild,2,surface_injure,0,craze,3,0.09090909090909091,33
lbp,not_applicable,resolution_mild,2,surface_injure,1,corrosion,1,0.030303030303030304,33
lbp,not_applicable,resolution_mild,2,surface_injure,2,surface_injure,18,0.5454545454545454,33
lbp,not_applicable,resolution_mild,2,surface_injure,3,thunderstrike,2,0.06060606060606061,33
lbp,not_applicable,resolution_mild,2,surface_injure,4,crack,2,0.06060606060606061,33
lbp,not_applicable,resolution_mild,2,surface_injure,5,hide_craze,7,0.21212121212121213,33
lbp,not_applicable,resolution_mild,3,thunderstrike,0,craze,1,0.1111111111111111,9
lbp,not_applicable,resolution_mild,3,thunderstrike,1,corrosion,3,0.3333333333333333,9
lbp,not_applicable,resolution_mild,3,thunderstrike,2,surface_injure,2,0.2222222222222222,9
lbp,not_applicable,resolution_mild,3,thunderstrike,3,thunderstrike,2,0.2222222222222222,9
lbp,not_applicable,resolution_mild,3,thunderstrike,4,crack,0,0.0,9
lbp,not_applicable,resolution_mild,3,thunderstrike,5,hide_craze,1,0.1111111111111111,9
lbp,not_applicable,resolution_mild,4,crack,0,craze,0,0.0,14
lbp,not_applicable,resolution_mild,4,crack,1,corrosion,0,0.0,14
lbp,not_applicable,resolution_mild,4,crack,2,surface_injure,3,0.21428571428571427,14
lbp,not_applicable,resolution_mild,4,crack,3,thunderstrike,0,0.0,14
lbp,not_applicable,resolution_mild,4,crack,4,crack,9,0.6428571428571429,14
lbp,not_applicable,resolution_mild,4,crack,5,hide_craze,2,0.14285714285714285,14
lbp,not_applicable,resolution_mild,5,hide_craze,0,craze,2,0.04081632653061224,49
lbp,not_applicable,resolution_mild,5,hide_craze,1,corrosion,2,0.04081632653061224,49
lbp,not_applicable,resolution_mild,5,hide_craze,2,surface_injure,15,0.30612244897959184,49
lbp,not_applicable,resolution_mild,5,hide_craze,3,thunderstrike,0,0.0,49
lbp,not_applicable,resolution_mild,5,hide_craze,4,crack,0,0.0,49
lbp,not_applicable,resolution_mild,5,hide_craze,5,hide_craze,30,0.6122448979591837,49
lbp,not_applicable,resolution_moderate,0,craze,0,craze,4,0.14814814814814814,27
lbp,not_applicable,resolution_moderate,0,craze,1,corrosion,0,0.0,27
lbp,not_applicable,resolution_moderate,0,craze,2,surface_injure,19,0.7037037037037037,27
lbp,not_applicable,resolution_moderate,0,craze,3,thunderstrike,0,0.0,27
lbp,not_applicable,resolution_moderate,0,craze,4,crack,0,0.0,27
lbp,not_applicable,resolution_moderate,0,craze,5,hide_craze,4,0.14814814814814814,27
lbp,not_applicable,resolution_moderate,1,corrosion,0,craze,0,0.0,30
lbp,not_applicable,resolution_moderate,1,corrosion,1,corrosion,6,0.2,30
lbp,not_applicable,resolution_moderate,1,corrosion,2,surface_injure,10,0.3333333333333333,30
lbp,not_applicable,resolution_moderate,1,corrosion,3,thunderstrike,0,0.0,30
lbp,not_applicable,resolution_moderate,1,corrosion,4,crack,1,0.03333333333333333,30
lbp,not_applicable,resolution_moderate,1,corrosion,5,hide_craze,13,0.43333333333333335,30
lbp,not_applicable,resolution_moderate,2,surface_injure,0,craze,0,0.0,33
lbp,not_applicable,resolution_moderate,2,surface_injure,1,corrosion,0,0.0,33
lbp,not_applicable,resolution_moderate,2,surface_injure,2,surface_injure,24,0.7272727272727273,33
lbp,not_applicable,resolution_moderate,2,surface_injure,3,thunderstrike,2,0.06060606060606061,33
lbp,not_applicable,resolution_moderate,2,surface_injure,4,crack,0,0.0,33
lbp,not_applicable,resolution_moderate,2,surface_injure,5,hide_craze,7,0.21212121212121213,33
lbp,not_applicable,resolution_moderate,3,thunderstrike,0,craze,0,0.0,9
lbp,not_applicable,resolution_moderate,3,thunderstrike,1,corrosion,2,0.2222222222222222,9
lbp,not_applicable,resolution_moderate,3,thunderstrike,2,surface_injure,4,0.4444444444444444,9
lbp,not_applicable,resolution_moderate,3,thunderstrike,3,thunderstrike,1,0.1111111111111111,9
lbp,not_applicable,resolution_moderate,3,thunderstrike,4,crack,0,0.0,9
lbp,not_applicable,resolution_moderate,3,thunderstrike,5,hide_craze,2,0.2222222222222222,9
lbp,not_applicable,resolution_moderate,4,crack,0,craze,0,0.0,14
lbp,not_applicable,resolution_moderate,4,crack,1,corrosion,0,0.0,14
lbp,not_applicable,resolution_moderate,4,crack,2,surface_injure,5,0.35714285714285715,14
lbp,not_applicable,resolution_moderate,4,crack,3,thunderstrike,0,0.0,14
lbp,not_applicable,resolution_moderate,4,crack,4,crack,5,0.35714285714285715,14
lbp,not_applicable,resolution_moderate,4,crack,5,hide_craze,4,0.2857142857142857,14
lbp,not_applicable,resolution_moderate,5,hide_craze,0,craze,0,0.0,49
lbp,not_applicable,resolution_moderate,5,hide_craze,1,corrosion,2,0.04081632653061224,49
lbp,not_applicable,resolution_moderate,5,hide_craze,2,surface_injure,18,0.3673469387755102,49
lbp,not_applicable,resolution_moderate,5,hide_craze,3,thunderstrike,0,0.0,49
lbp,not_applicable,resolution_moderate,5,hide_craze,4,crack,0,0.0,49
lbp,not_applicable,resolution_moderate,5,hide_craze,5,hide_craze,29,0.5918367346938775,49
lbp,not_applicable,resolution_severe,0,craze,0,craze,0,0.0,27
lbp,not_applicable,resolution_severe,0,craze,1,corrosion,0,0.0,27
lbp,not_applicable,resolution_severe,0,craze,2,surface_injure,25,0.9259259259259259,27
lbp,not_applicable,resolution_severe,0,craze,3,thunderstrike,0,0.0,27
lbp,not_applicable,resolution_severe,0,craze,4,crack,0,0.0,27
lbp,not_applicable,resolution_severe,0,craze,5,hide_craze,2,0.07407407407407407,27
lbp,not_applicable,resolution_severe,1,corrosion,0,craze,0,0.0,30
lbp,not_applicable,resolution_severe,1,corrosion,1,corrosion,0,0.0,30
lbp,not_applicable,resolution_severe,1,corrosion,2,surface_injure,24,0.8,30
lbp,not_applicable,resolution_severe,1,corrosion,3,thunderstrike,0,0.0,30
lbp,not_applicable,resolution_severe,1,corrosion,4,crack,0,0.0,30
lbp,not_applicable,resolution_severe,1,corrosion,5,hide_craze,6,0.2,30
lbp,not_applicable,resolution_severe,2,surface_injure,0,craze,0,0.0,33
lbp,not_applicable,resolution_severe,2,surface_injure,1,corrosion,0,0.0,33
lbp,not_applicable,resolution_severe,2,surface_injure,2,surface_injure,26,0.7878787878787878,33
lbp,not_applicable,resolution_severe,2,surface_injure,3,thunderstrike,0,0.0,33
lbp,not_applicable,resolution_severe,2,surface_injure,4,crack,0,0.0,33
lbp,not_applicable,resolution_severe,2,surface_injure,5,hide_craze,7,0.21212121212121213,33
lbp,not_applicable,resolution_severe,3,thunderstrike,0,craze,0,0.0,9
lbp,not_applicable,resolution_severe,3,thunderstrike,1,corrosion,0,0.0,9
lbp,not_applicable,resolution_severe,3,thunderstrike,2,surface_injure,9,1.0,9
lbp,not_applicable,resolution_severe,3,thunderstrike,3,thunderstrike,0,0.0,9
lbp,not_applicable,resolution_severe,3,thunderstrike,4,crack,0,0.0,9
lbp,not_applicable,resolution_severe,3,thunderstrike,5,hide_craze,0,0.0,9
lbp,not_applicable,resolution_severe,4,crack,0,craze,0,0.0,14
lbp,not_applicable,resolution_severe,4,crack,1,corrosion,0,0.0,14
lbp,not_applicable,resolution_severe,4,crack,2,surface_injure,10,0.7142857142857143,14
lbp,not_applicable,resolution_severe,4,crack,3,thunderstrike,0,0.0,14
lbp,not_applicable,resolution_severe,4,crack,4,crack,2,0.14285714285714285,14
lbp,not_applicable,resolution_severe,4,crack,5,hide_craze,2,0.14285714285714285,14
lbp,not_applicable,resolution_severe,5,hide_craze,0,craze,0,0.0,49
lbp,not_applicable,resolution_severe,5,hide_craze,1,corrosion,0,0.0,49
lbp,not_applicable,resolution_severe,5,hide_craze,2,surface_injure,28,0.5714285714285714,49
lbp,not_applicable,resolution_severe,5,hide_craze,3,thunderstrike,1,0.02040816326530612,49
lbp,not_applicable,resolution_severe,5,hide_craze,4,crack,0,0.0,49
lbp,not_applicable,resolution_severe,5,hide_craze,5,hide_craze,20,0.40816326530612246,49
lbp,not_applicable,brightness_mild,0,craze,0,craze,19,0.7037037037037037,27
lbp,not_applicable,brightness_mild,0,craze,1,corrosion,4,0.14814814814814814,27
lbp,not_applicable,brightness_mild,0,craze,2,surface_injure,2,0.07407407407407407,27
lbp,not_applicable,brightness_mild,0,craze,3,thunderstrike,0,0.0,27
lbp,not_applicable,brightness_mild,0,craze,4,crack,1,0.037037037037037035,27
lbp,not_applicable,brightness_mild,0,craze,5,hide_craze,1,0.037037037037037035,27
lbp,not_applicable,brightness_mild,1,corrosion,0,craze,1,0.03333333333333333,30
lbp,not_applicable,brightness_mild,1,corrosion,1,corrosion,12,0.4,30
lbp,not_applicable,brightness_mild,1,corrosion,2,surface_injure,5,0.16666666666666666,30
lbp,not_applicable,brightness_mild,1,corrosion,3,thunderstrike,0,0.0,30
lbp,not_applicable,brightness_mild,1,corrosion,4,crack,3,0.1,30
lbp,not_applicable,brightness_mild,1,corrosion,5,hide_craze,9,0.3,30
lbp,not_applicable,brightness_mild,2,surface_injure,0,craze,6,0.18181818181818182,33
lbp,not_applicable,brightness_mild,2,surface_injure,1,corrosion,2,0.06060606060606061,33
lbp,not_applicable,brightness_mild,2,surface_injure,2,surface_injure,14,0.42424242424242425,33
lbp,not_applicable,brightness_mild,2,surface_injure,3,thunderstrike,0,0.0,33
lbp,not_applicable,brightness_mild,2,surface_injure,4,crack,1,0.030303030303030304,33
lbp,not_applicable,brightness_mild,2,surface_injure,5,hide_craze,10,0.30303030303030304,33
lbp,not_applicable,brightness_mild,3,thunderstrike,0,craze,1,0.1111111111111111,9
lbp,not_applicable,brightness_mild,3,thunderstrike,1,corrosion,1,0.1111111111111111,9
lbp,not_applicable,brightness_mild,3,thunderstrike,2,surface_injure,3,0.3333333333333333,9
lbp,not_applicable,brightness_mild,3,thunderstrike,3,thunderstrike,3,0.3333333333333333,9
lbp,not_applicable,brightness_mild,3,thunderstrike,4,crack,0,0.0,9
lbp,not_applicable,brightness_mild,3,thunderstrike,5,hide_craze,1,0.1111111111111111,9
lbp,not_applicable,brightness_mild,4,crack,0,craze,0,0.0,14
lbp,not_applicable,brightness_mild,4,crack,1,corrosion,0,0.0,14
lbp,not_applicable,brightness_mild,4,crack,2,surface_injure,2,0.14285714285714285,14
lbp,not_applicable,brightness_mild,4,crack,3,thunderstrike,0,0.0,14
lbp,not_applicable,brightness_mild,4,crack,4,crack,9,0.6428571428571429,14
lbp,not_applicable,brightness_mild,4,crack,5,hide_craze,3,0.21428571428571427,14
lbp,not_applicable,brightness_mild,5,hide_craze,0,craze,3,0.061224489795918366,49
lbp,not_applicable,brightness_mild,5,hide_craze,1,corrosion,0,0.0,49
lbp,not_applicable,brightness_mild,5,hide_craze,2,surface_injure,8,0.16326530612244897,49
lbp,not_applicable,brightness_mild,5,hide_craze,3,thunderstrike,0,0.0,49
lbp,not_applicable,brightness_mild,5,hide_craze,4,crack,1,0.02040816326530612,49
lbp,not_applicable,brightness_mild,5,hide_craze,5,hide_craze,37,0.7551020408163265,49
lbp,not_applicable,brightness_moderate,0,craze,0,craze,18,0.6666666666666666,27
lbp,not_applicable,brightness_moderate,0,craze,1,corrosion,1,0.037037037037037035,27
lbp,not_applicable,brightness_moderate,0,craze,2,surface_injure,5,0.18518518518518517,27
lbp,not_applicable,brightness_moderate,0,craze,3,thunderstrike,0,0.0,27
lbp,not_applicable,brightness_moderate,0,craze,4,crack,0,0.0,27
lbp,not_applicable,brightness_moderate,0,craze,5,hide_craze,3,0.1111111111111111,27
lbp,not_applicable,brightness_moderate,1,corrosion,0,craze,2,0.06666666666666667,30
lbp,not_applicable,brightness_moderate,1,corrosion,1,corrosion,6,0.2,30
lbp,not_applicable,brightness_moderate,1,corrosion,2,surface_injure,5,0.16666666666666666,30
lbp,not_applicable,brightness_moderate,1,corrosion,3,thunderstrike,0,0.0,30
lbp,not_applicable,brightness_moderate,1,corrosion,4,crack,3,0.1,30
lbp,not_applicable,brightness_moderate,1,corrosion,5,hide_craze,14,0.4666666666666667,30
lbp,not_applicable,brightness_moderate,2,surface_injure,0,craze,6,0.18181818181818182,33
lbp,not_applicable,brightness_moderate,2,surface_injure,1,corrosion,0,0.0,33
lbp,not_applicable,brightness_moderate,2,surface_injure,2,surface_injure,15,0.45454545454545453,33
lbp,not_applicable,brightness_moderate,2,surface_injure,3,thunderstrike,0,0.0,33
lbp,not_applicable,brightness_moderate,2,surface_injure,4,crack,0,0.0,33
lbp,not_applicable,brightness_moderate,2,surface_injure,5,hide_craze,12,0.36363636363636365,33
lbp,not_applicable,brightness_moderate,3,thunderstrike,0,craze,0,0.0,9
lbp,not_applicable,brightness_moderate,3,thunderstrike,1,corrosion,3,0.3333333333333333,9
lbp,not_applicable,brightness_moderate,3,thunderstrike,2,surface_injure,2,0.2222222222222222,9
lbp,not_applicable,brightness_moderate,3,thunderstrike,3,thunderstrike,1,0.1111111111111111,9
lbp,not_applicable,brightness_moderate,3,thunderstrike,4,crack,1,0.1111111111111111,9
lbp,not_applicable,brightness_moderate,3,thunderstrike,5,hide_craze,2,0.2222222222222222,9
lbp,not_applicable,brightness_moderate,4,crack,0,craze,1,0.07142857142857142,14
lbp,not_applicable,brightness_moderate,4,crack,1,corrosion,0,0.0,14
lbp,not_applicable,brightness_moderate,4,crack,2,surface_injure,1,0.07142857142857142,14
lbp,not_applicable,brightness_moderate,4,crack,3,thunderstrike,0,0.0,14
lbp,not_applicable,brightness_moderate,4,crack,4,crack,5,0.35714285714285715,14
lbp,not_applicable,brightness_moderate,4,crack,5,hide_craze,7,0.5,14
lbp,not_applicable,brightness_moderate,5,hide_craze,0,craze,2,0.04081632653061224,49
lbp,not_applicable,brightness_moderate,5,hide_craze,1,corrosion,0,0.0,49
lbp,not_applicable,brightness_moderate,5,hide_craze,2,surface_injure,6,0.12244897959183673,49
lbp,not_applicable,brightness_moderate,5,hide_craze,3,thunderstrike,0,0.0,49
lbp,not_applicable,brightness_moderate,5,hide_craze,4,crack,0,0.0,49
lbp,not_applicable,brightness_moderate,5,hide_craze,5,hide_craze,41,0.8367346938775511,49
lbp,not_applicable,brightness_severe,0,craze,0,craze,14,0.5185185185185185,27
lbp,not_applicable,brightness_severe,0,craze,1,corrosion,0,0.0,27
lbp,not_applicable,brightness_severe,0,craze,2,surface_injure,2,0.07407407407407407,27
lbp,not_applicable,brightness_severe,0,craze,3,thunderstrike,0,0.0,27
lbp,not_applicable,brightness_severe,0,craze,4,crack,0,0.0,27
lbp,not_applicable,brightness_severe,0,craze,5,hide_craze,11,0.4074074074074074,27
lbp,not_applicable,brightness_severe,1,corrosion,0,craze,4,0.13333333333333333,30
lbp,not_applicable,brightness_severe,1,corrosion,1,corrosion,2,0.06666666666666667,30
lbp,not_applicable,brightness_severe,1,corrosion,2,surface_injure,3,0.1,30
lbp,not_applicable,brightness_severe,1,corrosion,3,thunderstrike,0,0.0,30
lbp,not_applicable,brightness_severe,1,corrosion,4,crack,1,0.03333333333333333,30
lbp,not_applicable,brightness_severe,1,corrosion,5,hide_craze,20,0.6666666666666666,30
lbp,not_applicable,brightness_severe,2,surface_injure,0,craze,4,0.12121212121212122,33
lbp,not_applicable,brightness_severe,2,surface_injure,1,corrosion,0,0.0,33
lbp,not_applicable,brightness_severe,2,surface_injure,2,surface_injure,9,0.2727272727272727,33
lbp,not_applicable,brightness_severe,2,surface_injure,3,thunderstrike,0,0.0,33
lbp,not_applicable,brightness_severe,2,surface_injure,4,crack,0,0.0,33
lbp,not_applicable,brightness_severe,2,surface_injure,5,hide_craze,20,0.6060606060606061,33
lbp,not_applicable,brightness_severe,3,thunderstrike,0,craze,0,0.0,9
lbp,not_applicable,brightness_severe,3,thunderstrike,1,corrosion,0,0.0,9
lbp,not_applicable,brightness_severe,3,thunderstrike,2,surface_injure,2,0.2222222222222222,9
lbp,not_applicable,brightness_severe,3,thunderstrike,3,thunderstrike,0,0.0,9
lbp,not_applicable,brightness_severe,3,thunderstrike,4,crack,0,0.0,9
lbp,not_applicable,brightness_severe,3,thunderstrike,5,hide_craze,7,0.7777777777777778,9
lbp,not_applicable,brightness_severe,4,crack,0,craze,3,0.21428571428571427,14
lbp,not_applicable,brightness_severe,4,crack,1,corrosion,0,0.0,14
lbp,not_applicable,brightness_severe,4,crack,2,surface_injure,2,0.14285714285714285,14
lbp,not_applicable,brightness_severe,4,crack,3,thunderstrike,0,0.0,14
lbp,not_applicable,brightness_severe,4,crack,4,crack,1,0.07142857142857142,14
lbp,not_applicable,brightness_severe,4,crack,5,hide_craze,8,0.5714285714285714,14
lbp,not_applicable,brightness_severe,5,hide_craze,0,craze,4,0.08163265306122448,49
lbp,not_applicable,brightness_severe,5,hide_craze,1,corrosion,0,0.0,49
lbp,not_applicable,brightness_severe,5,hide_craze,2,surface_injure,6,0.12244897959183673,49
lbp,not_applicable,brightness_severe,5,hide_craze,3,thunderstrike,0,0.0,49
lbp,not_applicable,brightness_severe,5,hide_craze,4,crack,0,0.0,49
lbp,not_applicable,brightness_severe,5,hide_craze,5,hide_craze,39,0.7959183673469388,49
lbp,not_applicable,jpeg_mild,0,craze,0,craze,12,0.4444444444444444,27
lbp,not_applicable,jpeg_mild,0,craze,1,corrosion,6,0.2222222222222222,27
lbp,not_applicable,jpeg_mild,0,craze,2,surface_injure,6,0.2222222222222222,27
lbp,not_applicable,jpeg_mild,0,craze,3,thunderstrike,0,0.0,27
lbp,not_applicable,jpeg_mild,0,craze,4,crack,1,0.037037037037037035,27
lbp,not_applicable,jpeg_mild,0,craze,5,hide_craze,2,0.07407407407407407,27
lbp,not_applicable,jpeg_mild,1,corrosion,0,craze,0,0.0,30
lbp,not_applicable,jpeg_mild,1,corrosion,1,corrosion,12,0.4,30
lbp,not_applicable,jpeg_mild,1,corrosion,2,surface_injure,5,0.16666666666666666,30
lbp,not_applicable,jpeg_mild,1,corrosion,3,thunderstrike,0,0.0,30
lbp,not_applicable,jpeg_mild,1,corrosion,4,crack,5,0.16666666666666666,30
lbp,not_applicable,jpeg_mild,1,corrosion,5,hide_craze,8,0.26666666666666666,30
lbp,not_applicable,jpeg_mild,2,surface_injure,0,craze,0,0.0,33
lbp,not_applicable,jpeg_mild,2,surface_injure,1,corrosion,5,0.15151515151515152,33
lbp,not_applicable,jpeg_mild,2,surface_injure,2,surface_injure,17,0.5151515151515151,33
lbp,not_applicable,jpeg_mild,2,surface_injure,3,thunderstrike,0,0.0,33
lbp,not_applicable,jpeg_mild,2,surface_injure,4,crack,1,0.030303030303030304,33
lbp,not_applicable,jpeg_mild,2,surface_injure,5,hide_craze,10,0.30303030303030304,33
lbp,not_applicable,jpeg_mild,3,thunderstrike,0,craze,0,0.0,9
lbp,not_applicable,jpeg_mild,3,thunderstrike,1,corrosion,2,0.2222222222222222,9
lbp,not_applicable,jpeg_mild,3,thunderstrike,2,surface_injure,3,0.3333333333333333,9
lbp,not_applicable,jpeg_mild,3,thunderstrike,3,thunderstrike,3,0.3333333333333333,9
lbp,not_applicable,jpeg_mild,3,thunderstrike,4,crack,0,0.0,9
lbp,not_applicable,jpeg_mild,3,thunderstrike,5,hide_craze,1,0.1111111111111111,9
lbp,not_applicable,jpeg_mild,4,crack,0,craze,0,0.0,14
lbp,not_applicable,jpeg_mild,4,crack,1,corrosion,0,0.0,14
lbp,not_applicable,jpeg_mild,4,crack,2,surface_injure,2,0.14285714285714285,14
lbp,not_applicable,jpeg_mild,4,crack,3,thunderstrike,0,0.0,14
lbp,not_applicable,jpeg_mild,4,crack,4,crack,6,0.42857142857142855,14
lbp,not_applicable,jpeg_mild,4,crack,5,hide_craze,6,0.42857142857142855,14
lbp,not_applicable,jpeg_mild,5,hide_craze,0,craze,1,0.02040816326530612,49
lbp,not_applicable,jpeg_mild,5,hide_craze,1,corrosion,2,0.04081632653061224,49
lbp,not_applicable,jpeg_mild,5,hide_craze,2,surface_injure,9,0.1836734693877551,49
lbp,not_applicable,jpeg_mild,5,hide_craze,3,thunderstrike,0,0.0,49
lbp,not_applicable,jpeg_mild,5,hide_craze,4,crack,0,0.0,49
lbp,not_applicable,jpeg_mild,5,hide_craze,5,hide_craze,37,0.7551020408163265,49
lbp,not_applicable,jpeg_moderate,0,craze,0,craze,4,0.14814814814814814,27
lbp,not_applicable,jpeg_moderate,0,craze,1,corrosion,6,0.2222222222222222,27
lbp,not_applicable,jpeg_moderate,0,craze,2,surface_injure,11,0.4074074074074074,27
lbp,not_applicable,jpeg_moderate,0,craze,3,thunderstrike,0,0.0,27
lbp,not_applicable,jpeg_moderate,0,craze,4,crack,1,0.037037037037037035,27
lbp,not_applicable,jpeg_moderate,0,craze,5,hide_craze,5,0.18518518518518517,27
lbp,not_applicable,jpeg_moderate,1,corrosion,0,craze,0,0.0,30
lbp,not_applicable,jpeg_moderate,1,corrosion,1,corrosion,10,0.3333333333333333,30
lbp,not_applicable,jpeg_moderate,1,corrosion,2,surface_injure,5,0.16666666666666666,30
lbp,not_applicable,jpeg_moderate,1,corrosion,3,thunderstrike,0,0.0,30
lbp,not_applicable,jpeg_moderate,1,corrosion,4,crack,4,0.13333333333333333,30
lbp,not_applicable,jpeg_moderate,1,corrosion,5,hide_craze,11,0.36666666666666664,30
lbp,not_applicable,jpeg_moderate,2,surface_injure,0,craze,0,0.0,33
lbp,not_applicable,jpeg_moderate,2,surface_injure,1,corrosion,2,0.06060606060606061,33
lbp,not_applicable,jpeg_moderate,2,surface_injure,2,surface_injure,24,0.7272727272727273,33
lbp,not_applicable,jpeg_moderate,2,surface_injure,3,thunderstrike,0,0.0,33
lbp,not_applicable,jpeg_moderate,2,surface_injure,4,crack,0,0.0,33
lbp,not_applicable,jpeg_moderate,2,surface_injure,5,hide_craze,7,0.21212121212121213,33
lbp,not_applicable,jpeg_moderate,3,thunderstrike,0,craze,0,0.0,9
lbp,not_applicable,jpeg_moderate,3,thunderstrike,1,corrosion,3,0.3333333333333333,9
lbp,not_applicable,jpeg_moderate,3,thunderstrike,2,surface_injure,3,0.3333333333333333,9
lbp,not_applicable,jpeg_moderate,3,thunderstrike,3,thunderstrike,1,0.1111111111111111,9
lbp,not_applicable,jpeg_moderate,3,thunderstrike,4,crack,0,0.0,9
lbp,not_applicable,jpeg_moderate,3,thunderstrike,5,hide_craze,2,0.2222222222222222,9
lbp,not_applicable,jpeg_moderate,4,crack,0,craze,0,0.0,14
lbp,not_applicable,jpeg_moderate,4,crack,1,corrosion,0,0.0,14
lbp,not_applicable,jpeg_moderate,4,crack,2,surface_injure,2,0.14285714285714285,14
lbp,not_applicable,jpeg_moderate,4,crack,3,thunderstrike,0,0.0,14
lbp,not_applicable,jpeg_moderate,4,crack,4,crack,5,0.35714285714285715,14
lbp,not_applicable,jpeg_moderate,4,crack,5,hide_craze,7,0.5,14
lbp,not_applicable,jpeg_moderate,5,hide_craze,0,craze,1,0.02040816326530612,49
lbp,not_applicable,jpeg_moderate,5,hide_craze,1,corrosion,3,0.061224489795918366,49
lbp,not_applicable,jpeg_moderate,5,hide_craze,2,surface_injure,11,0.22448979591836735,49
lbp,not_applicable,jpeg_moderate,5,hide_craze,3,thunderstrike,1,0.02040816326530612,49
lbp,not_applicable,jpeg_moderate,5,hide_craze,4,crack,1,0.02040816326530612,49
lbp,not_applicable,jpeg_moderate,5,hide_craze,5,hide_craze,32,0.6530612244897959,49
lbp,not_applicable,jpeg_severe,0,craze,0,craze,0,0.0,27
lbp,not_applicable,jpeg_severe,0,craze,1,corrosion,4,0.14814814814814814,27
lbp,not_applicable,jpeg_severe,0,craze,2,surface_injure,17,0.6296296296296297,27
lbp,not_applicable,jpeg_severe,0,craze,3,thunderstrike,0,0.0,27
lbp,not_applicable,jpeg_severe,0,craze,4,crack,0,0.0,27
lbp,not_applicable,jpeg_severe,0,craze,5,hide_craze,6,0.2222222222222222,27
lbp,not_applicable,jpeg_severe,1,corrosion,0,craze,0,0.0,30
lbp,not_applicable,jpeg_severe,1,corrosion,1,corrosion,4,0.13333333333333333,30
lbp,not_applicable,jpeg_severe,1,corrosion,2,surface_injure,12,0.4,30
lbp,not_applicable,jpeg_severe,1,corrosion,3,thunderstrike,0,0.0,30
lbp,not_applicable,jpeg_severe,1,corrosion,4,crack,2,0.06666666666666667,30
lbp,not_applicable,jpeg_severe,1,corrosion,5,hide_craze,12,0.4,30
lbp,not_applicable,jpeg_severe,2,surface_injure,0,craze,0,0.0,33
lbp,not_applicable,jpeg_severe,2,surface_injure,1,corrosion,1,0.030303030303030304,33
lbp,not_applicable,jpeg_severe,2,surface_injure,2,surface_injure,23,0.696969696969697,33
lbp,not_applicable,jpeg_severe,2,surface_injure,3,thunderstrike,0,0.0,33
lbp,not_applicable,jpeg_severe,2,surface_injure,4,crack,1,0.030303030303030304,33
lbp,not_applicable,jpeg_severe,2,surface_injure,5,hide_craze,8,0.24242424242424243,33
lbp,not_applicable,jpeg_severe,3,thunderstrike,0,craze,0,0.0,9
lbp,not_applicable,jpeg_severe,3,thunderstrike,1,corrosion,3,0.3333333333333333,9
lbp,not_applicable,jpeg_severe,3,thunderstrike,2,surface_injure,3,0.3333333333333333,9
lbp,not_applicable,jpeg_severe,3,thunderstrike,3,thunderstrike,0,0.0,9
lbp,not_applicable,jpeg_severe,3,thunderstrike,4,crack,0,0.0,9
lbp,not_applicable,jpeg_severe,3,thunderstrike,5,hide_craze,3,0.3333333333333333,9
lbp,not_applicable,jpeg_severe,4,crack,0,craze,0,0.0,14
lbp,not_applicable,jpeg_severe,4,crack,1,corrosion,0,0.0,14
lbp,not_applicable,jpeg_severe,4,crack,2,surface_injure,6,0.42857142857142855,14
lbp,not_applicable,jpeg_severe,4,crack,3,thunderstrike,0,0.0,14
lbp,not_applicable,jpeg_severe,4,crack,4,crack,1,0.07142857142857142,14
lbp,not_applicable,jpeg_severe,4,crack,5,hide_craze,7,0.5,14
lbp,not_applicable,jpeg_severe,5,hide_craze,0,craze,0,0.0,49
lbp,not_applicable,jpeg_severe,5,hide_craze,1,corrosion,3,0.061224489795918366,49
lbp,not_applicable,jpeg_severe,5,hide_craze,2,surface_injure,11,0.22448979591836735,49
lbp,not_applicable,jpeg_severe,5,hide_craze,3,thunderstrike,0,0.0,49
lbp,not_applicable,jpeg_severe,5,hide_craze,4,crack,0,0.0,49
lbp,not_applicable,jpeg_severe,5,hide_craze,5,hide_craze,35,0.7142857142857143,49
resnet18,17,clean,0,craze,0,craze,25,0.9259259259259259,27
resnet18,17,clean,0,craze,1,corrosion,1,0.037037037037037035,27
resnet18,17,clean,0,craze,2,surface_injure,0,0.0,27
resnet18,17,clean,0,craze,3,thunderstrike,0,0.0,27
resnet18,17,clean,0,craze,4,crack,0,0.0,27
resnet18,17,clean,0,craze,5,hide_craze,1,0.037037037037037035,27
resnet18,17,clean,1,corrosion,0,craze,0,0.0,30
resnet18,17,clean,1,corrosion,1,corrosion,25,0.8333333333333334,30
resnet18,17,clean,1,corrosion,2,surface_injure,4,0.13333333333333333,30
resnet18,17,clean,1,corrosion,3,thunderstrike,0,0.0,30
resnet18,17,clean,1,corrosion,4,crack,0,0.0,30
resnet18,17,clean,1,corrosion,5,hide_craze,1,0.03333333333333333,30
resnet18,17,clean,2,surface_injure,0,craze,1,0.030303030303030304,33
resnet18,17,clean,2,surface_injure,1,corrosion,1,0.030303030303030304,33
resnet18,17,clean,2,surface_injure,2,surface_injure,27,0.8181818181818182,33
resnet18,17,clean,2,surface_injure,3,thunderstrike,0,0.0,33
resnet18,17,clean,2,surface_injure,4,crack,2,0.06060606060606061,33
resnet18,17,clean,2,surface_injure,5,hide_craze,2,0.06060606060606061,33
resnet18,17,clean,3,thunderstrike,0,craze,0,0.0,9
resnet18,17,clean,3,thunderstrike,1,corrosion,0,0.0,9
resnet18,17,clean,3,thunderstrike,2,surface_injure,0,0.0,9
resnet18,17,clean,3,thunderstrike,3,thunderstrike,9,1.0,9
resnet18,17,clean,3,thunderstrike,4,crack,0,0.0,9
resnet18,17,clean,3,thunderstrike,5,hide_craze,0,0.0,9
resnet18,17,clean,4,crack,0,craze,0,0.0,14
resnet18,17,clean,4,crack,1,corrosion,0,0.0,14
resnet18,17,clean,4,crack,2,surface_injure,0,0.0,14
resnet18,17,clean,4,crack,3,thunderstrike,0,0.0,14
resnet18,17,clean,4,crack,4,crack,14,1.0,14
resnet18,17,clean,4,crack,5,hide_craze,0,0.0,14
resnet18,17,clean,5,hide_craze,0,craze,1,0.02040816326530612,49
resnet18,17,clean,5,hide_craze,1,corrosion,0,0.0,49
resnet18,17,clean,5,hide_craze,2,surface_injure,1,0.02040816326530612,49
resnet18,17,clean,5,hide_craze,3,thunderstrike,0,0.0,49
resnet18,17,clean,5,hide_craze,4,crack,1,0.02040816326530612,49
resnet18,17,clean,5,hide_craze,5,hide_craze,46,0.9387755102040817,49
resnet18,17,gaussian_blur_mild,0,craze,0,craze,21,0.7777777777777778,27
resnet18,17,gaussian_blur_mild,0,craze,1,corrosion,1,0.037037037037037035,27
resnet18,17,gaussian_blur_mild,0,craze,2,surface_injure,3,0.1111111111111111,27
resnet18,17,gaussian_blur_mild,0,craze,3,thunderstrike,1,0.037037037037037035,27
resnet18,17,gaussian_blur_mild,0,craze,4,crack,0,0.0,27
resnet18,17,gaussian_blur_mild,0,craze,5,hide_craze,1,0.037037037037037035,27
resnet18,17,gaussian_blur_mild,1,corrosion,0,craze,0,0.0,30
resnet18,17,gaussian_blur_mild,1,corrosion,1,corrosion,24,0.8,30
resnet18,17,gaussian_blur_mild,1,corrosion,2,surface_injure,4,0.13333333333333333,30
resnet18,17,gaussian_blur_mild,1,corrosion,3,thunderstrike,0,0.0,30
resnet18,17,gaussian_blur_mild,1,corrosion,4,crack,0,0.0,30
resnet18,17,gaussian_blur_mild,1,corrosion,5,hide_craze,2,0.06666666666666667,30
resnet18,17,gaussian_blur_mild,2,surface_injure,0,craze,1,0.030303030303030304,33
resnet18,17,gaussian_blur_mild,2,surface_injure,1,corrosion,0,0.0,33
resnet18,17,gaussian_blur_mild,2,surface_injure,2,surface_injure,28,0.8484848484848485,33
resnet18,17,gaussian_blur_mild,2,surface_injure,3,thunderstrike,0,0.0,33
resnet18,17,gaussian_blur_mild,2,surface_injure,4,crack,2,0.06060606060606061,33
resnet18,17,gaussian_blur_mild,2,surface_injure,5,hide_craze,2,0.06060606060606061,33
resnet18,17,gaussian_blur_mild,3,thunderstrike,0,craze,0,0.0,9
resnet18,17,gaussian_blur_mild,3,thunderstrike,1,corrosion,0,0.0,9
resnet18,17,gaussian_blur_mild,3,thunderstrike,2,surface_injure,0,0.0,9
resnet18,17,gaussian_blur_mild,3,thunderstrike,3,thunderstrike,9,1.0,9
resnet18,17,gaussian_blur_mild,3,thunderstrike,4,crack,0,0.0,9
resnet18,17,gaussian_blur_mild,3,thunderstrike,5,hide_craze,0,0.0,9
resnet18,17,gaussian_blur_mild,4,crack,0,craze,0,0.0,14
resnet18,17,gaussian_blur_mild,4,crack,1,corrosion,0,0.0,14
resnet18,17,gaussian_blur_mild,4,crack,2,surface_injure,0,0.0,14
resnet18,17,gaussian_blur_mild,4,crack,3,thunderstrike,0,0.0,14
resnet18,17,gaussian_blur_mild,4,crack,4,crack,14,1.0,14
resnet18,17,gaussian_blur_mild,4,crack,5,hide_craze,0,0.0,14
resnet18,17,gaussian_blur_mild,5,hide_craze,0,craze,0,0.0,49
resnet18,17,gaussian_blur_mild,5,hide_craze,1,corrosion,0,0.0,49
resnet18,17,gaussian_blur_mild,5,hide_craze,2,surface_injure,2,0.04081632653061224,49
resnet18,17,gaussian_blur_mild,5,hide_craze,3,thunderstrike,0,0.0,49
resnet18,17,gaussian_blur_mild,5,hide_craze,4,crack,1,0.02040816326530612,49
resnet18,17,gaussian_blur_mild,5,hide_craze,5,hide_craze,46,0.9387755102040817,49
resnet18,17,gaussian_blur_moderate,0,craze,0,craze,18,0.6666666666666666,27
resnet18,17,gaussian_blur_moderate,0,craze,1,corrosion,0,0.0,27
resnet18,17,gaussian_blur_moderate,0,craze,2,surface_injure,6,0.2222222222222222,27
resnet18,17,gaussian_blur_moderate,0,craze,3,thunderstrike,1,0.037037037037037035,27
resnet18,17,gaussian_blur_moderate,0,craze,4,crack,0,0.0,27
resnet18,17,gaussian_blur_moderate,0,craze,5,hide_craze,2,0.07407407407407407,27
resnet18,17,gaussian_blur_moderate,1,corrosion,0,craze,1,0.03333333333333333,30
resnet18,17,gaussian_blur_moderate,1,corrosion,1,corrosion,19,0.6333333333333333,30
resnet18,17,gaussian_blur_moderate,1,corrosion,2,surface_injure,6,0.2,30
resnet18,17,gaussian_blur_moderate,1,corrosion,3,thunderstrike,1,0.03333333333333333,30
resnet18,17,gaussian_blur_moderate,1,corrosion,4,crack,1,0.03333333333333333,30
resnet18,17,gaussian_blur_moderate,1,corrosion,5,hide_craze,2,0.06666666666666667,30
resnet18,17,gaussian_blur_moderate,2,surface_injure,0,craze,1,0.030303030303030304,33
resnet18,17,gaussian_blur_moderate,2,surface_injure,1,corrosion,0,0.0,33
resnet18,17,gaussian_blur_moderate,2,surface_injure,2,surface_injure,29,0.8787878787878788,33
resnet18,17,gaussian_blur_moderate,2,surface_injure,3,thunderstrike,0,0.0,33
resnet18,17,gaussian_blur_moderate,2,surface_injure,4,crack,2,0.06060606060606061,33
resnet18,17,gaussian_blur_moderate,2,surface_injure,5,hide_craze,1,0.030303030303030304,33
resnet18,17,gaussian_blur_moderate,3,thunderstrike,0,craze,0,0.0,9
resnet18,17,gaussian_blur_moderate,3,thunderstrike,1,corrosion,0,0.0,9
resnet18,17,gaussian_blur_moderate,3,thunderstrike,2,surface_injure,2,0.2222222222222222,9
resnet18,17,gaussian_blur_moderate,3,thunderstrike,3,thunderstrike,7,0.7777777777777778,9
resnet18,17,gaussian_blur_moderate,3,thunderstrike,4,crack,0,0.0,9
resnet18,17,gaussian_blur_moderate,3,thunderstrike,5,hide_craze,0,0.0,9
resnet18,17,gaussian_blur_moderate,4,crack,0,craze,0,0.0,14
resnet18,17,gaussian_blur_moderate,4,crack,1,corrosion,0,0.0,14
resnet18,17,gaussian_blur_moderate,4,crack,2,surface_injure,0,0.0,14
resnet18,17,gaussian_blur_moderate,4,crack,3,thunderstrike,0,0.0,14
resnet18,17,gaussian_blur_moderate,4,crack,4,crack,14,1.0,14
resnet18,17,gaussian_blur_moderate,4,crack,5,hide_craze,0,0.0,14
resnet18,17,gaussian_blur_moderate,5,hide_craze,0,craze,0,0.0,49
resnet18,17,gaussian_blur_moderate,5,hide_craze,1,corrosion,0,0.0,49
resnet18,17,gaussian_blur_moderate,5,hide_craze,2,surface_injure,4,0.08163265306122448,49
resnet18,17,gaussian_blur_moderate,5,hide_craze,3,thunderstrike,0,0.0,49
resnet18,17,gaussian_blur_moderate,5,hide_craze,4,crack,1,0.02040816326530612,49
resnet18,17,gaussian_blur_moderate,5,hide_craze,5,hide_craze,44,0.8979591836734694,49
resnet18,17,gaussian_blur_severe,0,craze,0,craze,8,0.2962962962962963,27
resnet18,17,gaussian_blur_severe,0,craze,1,corrosion,2,0.07407407407407407,27
resnet18,17,gaussian_blur_severe,0,craze,2,surface_injure,6,0.2222222222222222,27
resnet18,17,gaussian_blur_severe,0,craze,3,thunderstrike,2,0.07407407407407407,27
resnet18,17,gaussian_blur_severe,0,craze,4,crack,1,0.037037037037037035,27
resnet18,17,gaussian_blur_severe,0,craze,5,hide_craze,8,0.2962962962962963,27
resnet18,17,gaussian_blur_severe,1,corrosion,0,craze,0,0.0,30
resnet18,17,gaussian_blur_severe,1,corrosion,1,corrosion,8,0.26666666666666666,30
resnet18,17,gaussian_blur_severe,1,corrosion,2,surface_injure,14,0.4666666666666667,30
resnet18,17,gaussian_blur_severe,1,corrosion,3,thunderstrike,0,0.0,30
resnet18,17,gaussian_blur_severe,1,corrosion,4,crack,1,0.03333333333333333,30
resnet18,17,gaussian_blur_severe,1,corrosion,5,hide_craze,7,0.23333333333333334,30
resnet18,17,gaussian_blur_severe,2,surface_injure,0,craze,0,0.0,33
resnet18,17,gaussian_blur_severe,2,surface_injure,1,corrosion,2,0.06060606060606061,33
resnet18,17,gaussian_blur_severe,2,surface_injure,2,surface_injure,29,0.8787878787878788,33
resnet18,17,gaussian_blur_severe,2,surface_injure,3,thunderstrike,1,0.030303030303030304,33
resnet18,17,gaussian_blur_severe,2,surface_injure,4,crack,1,0.030303030303030304,33
resnet18,17,gaussian_blur_severe,2,surface_injure,5,hide_craze,0,0.0,33
resnet18,17,gaussian_blur_severe,3,thunderstrike,0,craze,0,0.0,9
resnet18,17,gaussian_blur_severe,3,thunderstrike,1,corrosion,0,0.0,9
resnet18,17,gaussian_blur_severe,3,thunderstrike,2,surface_injure,4,0.4444444444444444,9
resnet18,17,gaussian_blur_severe,3,thunderstrike,3,thunderstrike,4,0.4444444444444444,9
resnet18,17,gaussian_blur_severe,3,thunderstrike,4,crack,0,0.0,9
resnet18,17,gaussian_blur_severe,3,thunderstrike,5,hide_craze,1,0.1111111111111111,9
resnet18,17,gaussian_blur_severe,4,crack,0,craze,0,0.0,14
resnet18,17,gaussian_blur_severe,4,crack,1,corrosion,0,0.0,14
resnet18,17,gaussian_blur_severe,4,crack,2,surface_injure,0,0.0,14
resnet18,17,gaussian_blur_severe,4,crack,3,thunderstrike,0,0.0,14
resnet18,17,gaussian_blur_severe,4,crack,4,crack,13,0.9285714285714286,14
resnet18,17,gaussian_blur_severe,4,crack,5,hide_craze,1,0.07142857142857142,14
resnet18,17,gaussian_blur_severe,5,hide_craze,0,craze,0,0.0,49
resnet18,17,gaussian_blur_severe,5,hide_craze,1,corrosion,0,0.0,49
resnet18,17,gaussian_blur_severe,5,hide_craze,2,surface_injure,6,0.12244897959183673,49
resnet18,17,gaussian_blur_severe,5,hide_craze,3,thunderstrike,0,0.0,49
resnet18,17,gaussian_blur_severe,5,hide_craze,4,crack,1,0.02040816326530612,49
resnet18,17,gaussian_blur_severe,5,hide_craze,5,hide_craze,42,0.8571428571428571,49
resnet18,17,resolution_mild,0,craze,0,craze,20,0.7407407407407407,27
resnet18,17,resolution_mild,0,craze,1,corrosion,1,0.037037037037037035,27
resnet18,17,resolution_mild,0,craze,2,surface_injure,4,0.14814814814814814,27
resnet18,17,resolution_mild,0,craze,3,thunderstrike,1,0.037037037037037035,27
resnet18,17,resolution_mild,0,craze,4,crack,0,0.0,27
resnet18,17,resolution_mild,0,craze,5,hide_craze,1,0.037037037037037035,27
resnet18,17,resolution_mild,1,corrosion,0,craze,0,0.0,30
resnet18,17,resolution_mild,1,corrosion,1,corrosion,23,0.7666666666666667,30
resnet18,17,resolution_mild,1,corrosion,2,surface_injure,4,0.13333333333333333,30
resnet18,17,resolution_mild,1,corrosion,3,thunderstrike,0,0.0,30
resnet18,17,resolution_mild,1,corrosion,4,crack,0,0.0,30
resnet18,17,resolution_mild,1,corrosion,5,hide_craze,3,0.1,30
resnet18,17,resolution_mild,2,surface_injure,0,craze,1,0.030303030303030304,33
resnet18,17,resolution_mild,2,surface_injure,1,corrosion,0,0.0,33
resnet18,17,resolution_mild,2,surface_injure,2,surface_injure,29,0.8787878787878788,33
resnet18,17,resolution_mild,2,surface_injure,3,thunderstrike,0,0.0,33
resnet18,17,resolution_mild,2,surface_injure,4,crack,2,0.06060606060606061,33
resnet18,17,resolution_mild,2,surface_injure,5,hide_craze,1,0.030303030303030304,33
resnet18,17,resolution_mild,3,thunderstrike,0,craze,0,0.0,9
resnet18,17,resolution_mild,3,thunderstrike,1,corrosion,0,0.0,9
resnet18,17,resolution_mild,3,thunderstrike,2,surface_injure,1,0.1111111111111111,9
resnet18,17,resolution_mild,3,thunderstrike,3,thunderstrike,8,0.8888888888888888,9
resnet18,17,resolution_mild,3,thunderstrike,4,crack,0,0.0,9
resnet18,17,resolution_mild,3,thunderstrike,5,hide_craze,0,0.0,9
resnet18,17,resolution_mild,4,crack,0,craze,0,0.0,14
resnet18,17,resolution_mild,4,crack,1,corrosion,0,0.0,14
resnet18,17,resolution_mild,4,crack,2,surface_injure,0,0.0,14
resnet18,17,resolution_mild,4,crack,3,thunderstrike,0,0.0,14
resnet18,17,resolution_mild,4,crack,4,crack,14,1.0,14
resnet18,17,resolution_mild,4,crack,5,hide_craze,0,0.0,14
resnet18,17,resolution_mild,5,hide_craze,0,craze,0,0.0,49
resnet18,17,resolution_mild,5,hide_craze,1,corrosion,0,0.0,49
resnet18,17,resolution_mild,5,hide_craze,2,surface_injure,3,0.061224489795918366,49
resnet18,17,resolution_mild,5,hide_craze,3,thunderstrike,0,0.0,49
resnet18,17,resolution_mild,5,hide_craze,4,crack,1,0.02040816326530612,49
resnet18,17,resolution_mild,5,hide_craze,5,hide_craze,45,0.9183673469387755,49
resnet18,17,resolution_moderate,0,craze,0,craze,18,0.6666666666666666,27
resnet18,17,resolution_moderate,0,craze,1,corrosion,0,0.0,27
resnet18,17,resolution_moderate,0,craze,2,surface_injure,6,0.2222222222222222,27
resnet18,17,resolution_moderate,0,craze,3,thunderstrike,1,0.037037037037037035,27
resnet18,17,resolution_moderate,0,craze,4,crack,0,0.0,27
resnet18,17,resolution_moderate,0,craze,5,hide_craze,2,0.07407407407407407,27
resnet18,17,resolution_moderate,1,corrosion,0,craze,1,0.03333333333333333,30
resnet18,17,resolution_moderate,1,corrosion,1,corrosion,20,0.6666666666666666,30
resnet18,17,resolution_moderate,1,corrosion,2,surface_injure,6,0.2,30
resnet18,17,resolution_moderate,1,corrosion,3,thunderstrike,0,0.0,30
resnet18,17,resolution_moderate,1,corrosion,4,crack,1,0.03333333333333333,30
resnet18,17,resolution_moderate,1,corrosion,5,hide_craze,2,0.06666666666666667,30
resnet18,17,resolution_moderate,2,surface_injure,0,craze,1,0.030303030303030304,33
resnet18,17,resolution_moderate,2,surface_injure,1,corrosion,0,0.0,33
resnet18,17,resolution_moderate,2,surface_injure,2,surface_injure,29,0.8787878787878788,33
resnet18,17,resolution_moderate,2,surface_injure,3,thunderstrike,0,0.0,33
resnet18,17,resolution_moderate,2,surface_injure,4,crack,2,0.06060606060606061,33
resnet18,17,resolution_moderate,2,surface_injure,5,hide_craze,1,0.030303030303030304,33
resnet18,17,resolution_moderate,3,thunderstrike,0,craze,0,0.0,9
resnet18,17,resolution_moderate,3,thunderstrike,1,corrosion,0,0.0,9
resnet18,17,resolution_moderate,3,thunderstrike,2,surface_injure,1,0.1111111111111111,9
resnet18,17,resolution_moderate,3,thunderstrike,3,thunderstrike,8,0.8888888888888888,9
resnet18,17,resolution_moderate,3,thunderstrike,4,crack,0,0.0,9
resnet18,17,resolution_moderate,3,thunderstrike,5,hide_craze,0,0.0,9
resnet18,17,resolution_moderate,4,crack,0,craze,0,0.0,14
resnet18,17,resolution_moderate,4,crack,1,corrosion,0,0.0,14
resnet18,17,resolution_moderate,4,crack,2,surface_injure,0,0.0,14
resnet18,17,resolution_moderate,4,crack,3,thunderstrike,0,0.0,14
resnet18,17,resolution_moderate,4,crack,4,crack,14,1.0,14
resnet18,17,resolution_moderate,4,crack,5,hide_craze,0,0.0,14
resnet18,17,resolution_moderate,5,hide_craze,0,craze,0,0.0,49
resnet18,17,resolution_moderate,5,hide_craze,1,corrosion,0,0.0,49
resnet18,17,resolution_moderate,5,hide_craze,2,surface_injure,4,0.08163265306122448,49
resnet18,17,resolution_moderate,5,hide_craze,3,thunderstrike,0,0.0,49
resnet18,17,resolution_moderate,5,hide_craze,4,crack,1,0.02040816326530612,49
resnet18,17,resolution_moderate,5,hide_craze,5,hide_craze,44,0.8979591836734694,49
resnet18,17,resolution_severe,0,craze,0,craze,12,0.4444444444444444,27
resnet18,17,resolution_severe,0,craze,1,corrosion,0,0.0,27
resnet18,17,resolution_severe,0,craze,2,surface_injure,5,0.18518518518518517,27
resnet18,17,resolution_severe,0,craze,3,thunderstrike,1,0.037037037037037035,27
resnet18,17,resolution_severe,0,craze,4,crack,2,0.07407407407407407,27
resnet18,17,resolution_severe,0,craze,5,hide_craze,7,0.25925925925925924,27
resnet18,17,resolution_severe,1,corrosion,0,craze,0,0.0,30
resnet18,17,resolution_severe,1,corrosion,1,corrosion,11,0.36666666666666664,30
resnet18,17,resolution_severe,1,corrosion,2,surface_injure,11,0.36666666666666664,30
resnet18,17,resolution_severe,1,corrosion,3,thunderstrike,1,0.03333333333333333,30
resnet18,17,resolution_severe,1,corrosion,4,crack,1,0.03333333333333333,30
resnet18,17,resolution_severe,1,corrosion,5,hide_craze,6,0.2,30
resnet18,17,resolution_severe,2,surface_injure,0,craze,0,0.0,33
resnet18,17,resolution_severe,2,surface_injure,1,corrosion,0,0.0,33
resnet18,17,resolution_severe,2,surface_injure,2,surface_injure,29,0.8787878787878788,33
resnet18,17,resolution_severe,2,surface_injure,3,thunderstrike,1,0.030303030303030304,33
resnet18,17,resolution_severe,2,surface_injure,4,crack,2,0.06060606060606061,33
resnet18,17,resolution_severe,2,surface_injure,5,hide_craze,1,0.030303030303030304,33
resnet18,17,resolution_severe,3,thunderstrike,0,craze,0,0.0,9
resnet18,17,resolution_severe,3,thunderstrike,1,corrosion,0,0.0,9
resnet18,17,resolution_severe,3,thunderstrike,2,surface_injure,2,0.2222222222222222,9
resnet18,17,resolution_severe,3,thunderstrike,3,thunderstrike,7,0.7777777777777778,9
resnet18,17,resolution_severe,3,thunderstrike,4,crack,0,0.0,9
resnet18,17,resolution_severe,3,thunderstrike,5,hide_craze,0,0.0,9
resnet18,17,resolution_severe,4,crack,0,craze,0,0.0,14
resnet18,17,resolution_severe,4,crack,1,corrosion,0,0.0,14
resnet18,17,resolution_severe,4,crack,2,surface_injure,0,0.0,14
resnet18,17,resolution_severe,4,crack,3,thunderstrike,0,0.0,14
resnet18,17,resolution_severe,4,crack,4,crack,14,1.0,14
resnet18,17,resolution_severe,4,crack,5,hide_craze,0,0.0,14
resnet18,17,resolution_severe,5,hide_craze,0,craze,0,0.0,49
resnet18,17,resolution_severe,5,hide_craze,1,corrosion,0,0.0,49
resnet18,17,resolution_severe,5,hide_craze,2,surface_injure,5,0.10204081632653061,49
resnet18,17,resolution_severe,5,hide_craze,3,thunderstrike,0,0.0,49
resnet18,17,resolution_severe,5,hide_craze,4,crack,1,0.02040816326530612,49
resnet18,17,resolution_severe,5,hide_craze,5,hide_craze,43,0.8775510204081632,49
resnet18,17,brightness_mild,0,craze,0,craze,23,0.8518518518518519,27
resnet18,17,brightness_mild,0,craze,1,corrosion,1,0.037037037037037035,27
resnet18,17,brightness_mild,0,craze,2,surface_injure,2,0.07407407407407407,27
resnet18,17,brightness_mild,0,craze,3,thunderstrike,0,0.0,27
resnet18,17,brightness_mild,0,craze,4,crack,0,0.0,27
resnet18,17,brightness_mild,0,craze,5,hide_craze,1,0.037037037037037035,27
resnet18,17,brightness_mild,1,corrosion,0,craze,0,0.0,30
resnet18,17,brightness_mild,1,corrosion,1,corrosion,25,0.8333333333333334,30
resnet18,17,brightness_mild,1,corrosion,2,surface_injure,3,0.1,30
resnet18,17,brightness_mild,1,corrosion,3,thunderstrike,0,0.0,30
resnet18,17,brightness_mild,1,corrosion,4,crack,0,0.0,30
resnet18,17,brightness_mild,1,corrosion,5,hide_craze,2,0.06666666666666667,30
resnet18,17,brightness_mild,2,surface_injure,0,craze,1,0.030303030303030304,33
resnet18,17,brightness_mild,2,surface_injure,1,corrosion,1,0.030303030303030304,33
resnet18,17,brightness_mild,2,surface_injure,2,surface_injure,28,0.8484848484848485,33
resnet18,17,brightness_mild,2,surface_injure,3,thunderstrike,1,0.030303030303030304,33
resnet18,17,brightness_mild,2,surface_injure,4,crack,1,0.030303030303030304,33
resnet18,17,brightness_mild,2,surface_injure,5,hide_craze,1,0.030303030303030304,33
resnet18,17,brightness_mild,3,thunderstrike,0,craze,0,0.0,9
resnet18,17,brightness_mild,3,thunderstrike,1,corrosion,0,0.0,9
resnet18,17,brightness_mild,3,thunderstrike,2,surface_injure,0,0.0,9
resnet18,17,brightness_mild,3,thunderstrike,3,thunderstrike,9,1.0,9
resnet18,17,brightness_mild,3,thunderstrike,4,crack,0,0.0,9
resnet18,17,brightness_mild,3,thunderstrike,5,hide_craze,0,0.0,9
resnet18,17,brightness_mild,4,crack,0,craze,1,0.07142857142857142,14
resnet18,17,brightness_mild,4,crack,1,corrosion,0,0.0,14
resnet18,17,brightness_mild,4,crack,2,surface_injure,1,0.07142857142857142,14
resnet18,17,brightness_mild,4,crack,3,thunderstrike,0,0.0,14
resnet18,17,brightness_mild,4,crack,4,crack,12,0.8571428571428571,14
resnet18,17,brightness_mild,4,crack,5,hide_craze,0,0.0,14
resnet18,17,brightness_mild,5,hide_craze,0,craze,2,0.04081632653061224,49
resnet18,17,brightness_mild,5,hide_craze,1,corrosion,1,0.02040816326530612,49
resnet18,17,brightness_mild,5,hide_craze,2,surface_injure,1,0.02040816326530612,49
resnet18,17,brightness_mild,5,hide_craze,3,thunderstrike,0,0.0,49
resnet18,17,brightness_mild,5,hide_craze,4,crack,0,0.0,49
resnet18,17,brightness_mild,5,hide_craze,5,hide_craze,45,0.9183673469387755,49
resnet18,17,brightness_moderate,0,craze,0,craze,22,0.8148148148148148,27
resnet18,17,brightness_moderate,0,craze,1,corrosion,1,0.037037037037037035,27
resnet18,17,brightness_moderate,0,craze,2,surface_injure,1,0.037037037037037035,27
resnet18,17,brightness_moderate,0,craze,3,thunderstrike,1,0.037037037037037035,27
resnet18,17,brightness_moderate,0,craze,4,crack,0,0.0,27
resnet18,17,brightness_moderate,0,craze,5,hide_craze,2,0.07407407407407407,27
resnet18,17,brightness_moderate,1,corrosion,0,craze,2,0.06666666666666667,30
resnet18,17,brightness_moderate,1,corrosion,1,corrosion,24,0.8,30
resnet18,17,brightness_moderate,1,corrosion,2,surface_injure,3,0.1,30
resnet18,17,brightness_moderate,1,corrosion,3,thunderstrike,0,0.0,30
resnet18,17,brightness_moderate,1,corrosion,4,crack,0,0.0,30
resnet18,17,brightness_moderate,1,corrosion,5,hide_craze,1,0.03333333333333333,30
resnet18,17,brightness_moderate,2,surface_injure,0,craze,3,0.09090909090909091,33
resnet18,17,brightness_moderate,2,surface_injure,1,corrosion,2,0.06060606060606061,33
resnet18,17,brightness_moderate,2,surface_injure,2,surface_injure,26,0.7878787878787878,33
resnet18,17,brightness_moderate,2,surface_injure,3,thunderstrike,0,0.0,33
resnet18,17,brightness_moderate,2,surface_injure,4,crack,1,0.030303030303030304,33
resnet18,17,brightness_moderate,2,surface_injure,5,hide_craze,1,0.030303030303030304,33
resnet18,17,brightness_moderate,3,thunderstrike,0,craze,0,0.0,9
resnet18,17,brightness_moderate,3,thunderstrike,1,corrosion,0,0.0,9
resnet18,17,brightness_moderate,3,thunderstrike,2,surface_injure,0,0.0,9
resnet18,17,brightness_moderate,3,thunderstrike,3,thunderstrike,9,1.0,9
resnet18,17,brightness_moderate,3,thunderstrike,4,crack,0,0.0,9
resnet18,17,brightness_moderate,3,thunderstrike,5,hide_craze,0,0.0,9
resnet18,17,brightness_moderate,4,crack,0,craze,1,0.07142857142857142,14
resnet18,17,brightness_moderate,4,crack,1,corrosion,1,0.07142857142857142,14
resnet18,17,brightness_moderate,4,crack,2,surface_injure,2,0.14285714285714285,14
resnet18,17,brightness_moderate,4,crack,3,thunderstrike,0,0.0,14
resnet18,17,brightness_moderate,4,crack,4,crack,10,0.7142857142857143,14
resnet18,17,brightness_moderate,4,crack,5,hide_craze,0,0.0,14
resnet18,17,brightness_moderate,5,hide_craze,0,craze,4,0.08163265306122448,49
resnet18,17,brightness_moderate,5,hide_craze,1,corrosion,2,0.04081632653061224,49
resnet18,17,brightness_moderate,5,hide_craze,2,surface_injure,3,0.061224489795918366,49
resnet18,17,brightness_moderate,5,hide_craze,3,thunderstrike,1,0.02040816326530612,49
resnet18,17,brightness_moderate,5,hide_craze,4,crack,0,0.0,49
resnet18,17,brightness_moderate,5,hide_craze,5,hide_craze,39,0.7959183673469388,49
resnet18,17,brightness_severe,0,craze,0,craze,24,0.8888888888888888,27
resnet18,17,brightness_severe,0,craze,1,corrosion,2,0.07407407407407407,27
resnet18,17,brightness_severe,0,craze,2,surface_injure,1,0.037037037037037035,27
resnet18,17,brightness_severe,0,craze,3,thunderstrike,0,0.0,27
resnet18,17,brightness_severe,0,craze,4,crack,0,0.0,27
resnet18,17,brightness_severe,0,craze,5,hide_craze,0,0.0,27
resnet18,17,brightness_severe,1,corrosion,0,craze,1,0.03333333333333333,30
resnet18,17,brightness_severe,1,corrosion,1,corrosion,26,0.8666666666666667,30
resnet18,17,brightness_severe,1,corrosion,2,surface_injure,3,0.1,30
resnet18,17,brightness_severe,1,corrosion,3,thunderstrike,0,0.0,30
resnet18,17,brightness_severe,1,corrosion,4,crack,0,0.0,30
resnet18,17,brightness_severe,1,corrosion,5,hide_craze,0,0.0,30
resnet18,17,brightness_severe,2,surface_injure,0,craze,8,0.24242424242424243,33
resnet18,17,brightness_severe,2,surface_injure,1,corrosion,5,0.15151515151515152,33
resnet18,17,brightness_severe,2,surface_injure,2,surface_injure,19,0.5757575757575758,33
resnet18,17,brightness_severe,2,surface_injure,3,thunderstrike,0,0.0,33
resnet18,17,brightness_severe,2,surface_injure,4,crack,0,0.0,33
resnet18,17,brightness_severe,2,surface_injure,5,hide_craze,1,0.030303030303030304,33
resnet18,17,brightness_severe,3,thunderstrike,0,craze,5,0.5555555555555556,9
resnet18,17,brightness_severe,3,thunderstrike,1,corrosion,0,0.0,9
resnet18,17,brightness_severe,3,thunderstrike,2,surface_injure,1,0.1111111111111111,9
resnet18,17,brightness_severe,3,thunderstrike,3,thunderstrike,3,0.3333333333333333,9
resnet18,17,brightness_severe,3,thunderstrike,4,crack,0,0.0,9
resnet18,17,brightness_severe,3,thunderstrike,5,hide_craze,0,0.0,9
resnet18,17,brightness_severe,4,crack,0,craze,6,0.42857142857142855,14
resnet18,17,brightness_severe,4,crack,1,corrosion,2,0.14285714285714285,14
resnet18,17,brightness_severe,4,crack,2,surface_injure,1,0.07142857142857142,14
resnet18,17,brightness_severe,4,crack,3,thunderstrike,0,0.0,14
resnet18,17,brightness_severe,4,crack,4,crack,5,0.35714285714285715,14
resnet18,17,brightness_severe,4,crack,5,hide_craze,0,0.0,14
resnet18,17,brightness_severe,5,hide_craze,0,craze,7,0.14285714285714285,49
resnet18,17,brightness_severe,5,hide_craze,1,corrosion,11,0.22448979591836735,49
resnet18,17,brightness_severe,5,hide_craze,2,surface_injure,4,0.08163265306122448,49
resnet18,17,brightness_severe,5,hide_craze,3,thunderstrike,0,0.0,49
resnet18,17,brightness_severe,5,hide_craze,4,crack,0,0.0,49
resnet18,17,brightness_severe,5,hide_craze,5,hide_craze,27,0.5510204081632653,49
resnet18,17,jpeg_mild,0,craze,0,craze,22,0.8148148148148148,27
resnet18,17,jpeg_mild,0,craze,1,corrosion,1,0.037037037037037035,27
resnet18,17,jpeg_mild,0,craze,2,surface_injure,2,0.07407407407407407,27
resnet18,17,jpeg_mild,0,craze,3,thunderstrike,0,0.0,27
resnet18,17,jpeg_mild,0,craze,4,crack,0,0.0,27
resnet18,17,jpeg_mild,0,craze,5,hide_craze,2,0.07407407407407407,27
resnet18,17,jpeg_mild,1,corrosion,0,craze,0,0.0,30
resnet18,17,jpeg_mild,1,corrosion,1,corrosion,25,0.8333333333333334,30
resnet18,17,jpeg_mild,1,corrosion,2,surface_injure,3,0.1,30
resnet18,17,jpeg_mild,1,corrosion,3,thunderstrike,0,0.0,30
resnet18,17,jpeg_mild,1,corrosion,4,crack,0,0.0,30
resnet18,17,jpeg_mild,1,corrosion,5,hide_craze,2,0.06666666666666667,30
resnet18,17,jpeg_mild,2,surface_injure,0,craze,1,0.030303030303030304,33
resnet18,17,jpeg_mild,2,surface_injure,1,corrosion,1,0.030303030303030304,33
resnet18,17,jpeg_mild,2,surface_injure,2,surface_injure,27,0.8181818181818182,33
resnet18,17,jpeg_mild,2,surface_injure,3,thunderstrike,0,0.0,33
resnet18,17,jpeg_mild,2,surface_injure,4,crack,2,0.06060606060606061,33
resnet18,17,jpeg_mild,2,surface_injure,5,hide_craze,2,0.06060606060606061,33
resnet18,17,jpeg_mild,3,thunderstrike,0,craze,0,0.0,9
resnet18,17,jpeg_mild,3,thunderstrike,1,corrosion,0,0.0,9
resnet18,17,jpeg_mild,3,thunderstrike,2,surface_injure,0,0.0,9
resnet18,17,jpeg_mild,3,thunderstrike,3,thunderstrike,9,1.0,9
resnet18,17,jpeg_mild,3,thunderstrike,4,crack,0,0.0,9
resnet18,17,jpeg_mild,3,thunderstrike,5,hide_craze,0,0.0,9
resnet18,17,jpeg_mild,4,crack,0,craze,0,0.0,14
resnet18,17,jpeg_mild,4,crack,1,corrosion,0,0.0,14
resnet18,17,jpeg_mild,4,crack,2,surface_injure,0,0.0,14
resnet18,17,jpeg_mild,4,crack,3,thunderstrike,0,0.0,14
resnet18,17,jpeg_mild,4,crack,4,crack,14,1.0,14
resnet18,17,jpeg_mild,4,crack,5,hide_craze,0,0.0,14
resnet18,17,jpeg_mild,5,hide_craze,0,craze,0,0.0,49
resnet18,17,jpeg_mild,5,hide_craze,1,corrosion,0,0.0,49
resnet18,17,jpeg_mild,5,hide_craze,2,surface_injure,1,0.02040816326530612,49
resnet18,17,jpeg_mild,5,hide_craze,3,thunderstrike,0,0.0,49
resnet18,17,jpeg_mild,5,hide_craze,4,crack,1,0.02040816326530612,49
resnet18,17,jpeg_mild,5,hide_craze,5,hide_craze,47,0.9591836734693877,49
resnet18,17,jpeg_moderate,0,craze,0,craze,20,0.7407407407407407,27
resnet18,17,jpeg_moderate,0,craze,1,corrosion,1,0.037037037037037035,27
resnet18,17,jpeg_moderate,0,craze,2,surface_injure,2,0.07407407407407407,27
resnet18,17,jpeg_moderate,0,craze,3,thunderstrike,0,0.0,27
resnet18,17,jpeg_moderate,0,craze,4,crack,0,0.0,27
resnet18,17,jpeg_moderate,0,craze,5,hide_craze,4,0.14814814814814814,27
resnet18,17,jpeg_moderate,1,corrosion,0,craze,0,0.0,30
resnet18,17,jpeg_moderate,1,corrosion,1,corrosion,23,0.7666666666666667,30
resnet18,17,jpeg_moderate,1,corrosion,2,surface_injure,4,0.13333333333333333,30
resnet18,17,jpeg_moderate,1,corrosion,3,thunderstrike,0,0.0,30
resnet18,17,jpeg_moderate,1,corrosion,4,crack,0,0.0,30
resnet18,17,jpeg_moderate,1,corrosion,5,hide_craze,3,0.1,30
resnet18,17,jpeg_moderate,2,surface_injure,0,craze,1,0.030303030303030304,33
resnet18,17,jpeg_moderate,2,surface_injure,1,corrosion,1,0.030303030303030304,33
resnet18,17,jpeg_moderate,2,surface_injure,2,surface_injure,28,0.8484848484848485,33
resnet18,17,jpeg_moderate,2,surface_injure,3,thunderstrike,0,0.0,33
resnet18,17,jpeg_moderate,2,surface_injure,4,crack,2,0.06060606060606061,33
resnet18,17,jpeg_moderate,2,surface_injure,5,hide_craze,1,0.030303030303030304,33
resnet18,17,jpeg_moderate,3,thunderstrike,0,craze,0,0.0,9
resnet18,17,jpeg_moderate,3,thunderstrike,1,corrosion,0,0.0,9
resnet18,17,jpeg_moderate,3,thunderstrike,2,surface_injure,1,0.1111111111111111,9
resnet18,17,jpeg_moderate,3,thunderstrike,3,thunderstrike,8,0.8888888888888888,9
resnet18,17,jpeg_moderate,3,thunderstrike,4,crack,0,0.0,9
resnet18,17,jpeg_moderate,3,thunderstrike,5,hide_craze,0,0.0,9
resnet18,17,jpeg_moderate,4,crack,0,craze,0,0.0,14
resnet18,17,jpeg_moderate,4,crack,1,corrosion,0,0.0,14
resnet18,17,jpeg_moderate,4,crack,2,surface_injure,0,0.0,14
resnet18,17,jpeg_moderate,4,crack,3,thunderstrike,0,0.0,14
resnet18,17,jpeg_moderate,4,crack,4,crack,14,1.0,14
resnet18,17,jpeg_moderate,4,crack,5,hide_craze,0,0.0,14
resnet18,17,jpeg_moderate,5,hide_craze,0,craze,0,0.0,49
resnet18,17,jpeg_moderate,5,hide_craze,1,corrosion,0,0.0,49
resnet18,17,jpeg_moderate,5,hide_craze,2,surface_injure,3,0.061224489795918366,49
resnet18,17,jpeg_moderate,5,hide_craze,3,thunderstrike,0,0.0,49
resnet18,17,jpeg_moderate,5,hide_craze,4,crack,1,0.02040816326530612,49
resnet18,17,jpeg_moderate,5,hide_craze,5,hide_craze,45,0.9183673469387755,49
resnet18,17,jpeg_severe,0,craze,0,craze,15,0.5555555555555556,27
resnet18,17,jpeg_severe,0,craze,1,corrosion,1,0.037037037037037035,27
resnet18,17,jpeg_severe,0,craze,2,surface_injure,4,0.14814814814814814,27
resnet18,17,jpeg_severe,0,craze,3,thunderstrike,1,0.037037037037037035,27
resnet18,17,jpeg_severe,0,craze,4,crack,0,0.0,27
resnet18,17,jpeg_severe,0,craze,5,hide_craze,6,0.2222222222222222,27
resnet18,17,jpeg_severe,1,corrosion,0,craze,0,0.0,30
resnet18,17,jpeg_severe,1,corrosion,1,corrosion,22,0.7333333333333333,30
resnet18,17,jpeg_severe,1,corrosion,2,surface_injure,3,0.1,30
resnet18,17,jpeg_severe,1,corrosion,3,thunderstrike,0,0.0,30
resnet18,17,jpeg_severe,1,corrosion,4,crack,0,0.0,30
resnet18,17,jpeg_severe,1,corrosion,5,hide_craze,5,0.16666666666666666,30
resnet18,17,jpeg_severe,2,surface_injure,0,craze,1,0.030303030303030304,33
resnet18,17,jpeg_severe,2,surface_injure,1,corrosion,2,0.06060606060606061,33
resnet18,17,jpeg_severe,2,surface_injure,2,surface_injure,27,0.8181818181818182,33
resnet18,17,jpeg_severe,2,surface_injure,3,thunderstrike,0,0.0,33
resnet18,17,jpeg_severe,2,surface_injure,4,crack,0,0.0,33
resnet18,17,jpeg_severe,2,surface_injure,5,hide_craze,3,0.09090909090909091,33
resnet18,17,jpeg_severe,3,thunderstrike,0,craze,0,0.0,9
resnet18,17,jpeg_severe,3,thunderstrike,1,corrosion,0,0.0,9
resnet18,17,jpeg_severe,3,thunderstrike,2,surface_injure,1,0.1111111111111111,9
resnet18,17,jpeg_severe,3,thunderstrike,3,thunderstrike,8,0.8888888888888888,9
resnet18,17,jpeg_severe,3,thunderstrike,4,crack,0,0.0,9
resnet18,17,jpeg_severe,3,thunderstrike,5,hide_craze,0,0.0,9
resnet18,17,jpeg_severe,4,crack,0,craze,0,0.0,14
resnet18,17,jpeg_severe,4,crack,1,corrosion,0,0.0,14
resnet18,17,jpeg_severe,4,crack,2,surface_injure,2,0.14285714285714285,14
resnet18,17,jpeg_severe,4,crack,3,thunderstrike,0,0.0,14
resnet18,17,jpeg_severe,4,crack,4,crack,12,0.8571428571428571,14
resnet18,17,jpeg_severe,4,crack,5,hide_craze,0,0.0,14
resnet18,17,jpeg_severe,5,hide_craze,0,craze,0,0.0,49
resnet18,17,jpeg_severe,5,hide_craze,1,corrosion,0,0.0,49
resnet18,17,jpeg_severe,5,hide_craze,2,surface_injure,4,0.08163265306122448,49
resnet18,17,jpeg_severe,5,hide_craze,3,thunderstrike,1,0.02040816326530612,49
resnet18,17,jpeg_severe,5,hide_craze,4,crack,0,0.0,49
resnet18,17,jpeg_severe,5,hide_craze,5,hide_craze,44,0.8979591836734694,49
resnet18,29,clean,0,craze,0,craze,26,0.9629629629629629,27
resnet18,29,clean,0,craze,1,corrosion,1,0.037037037037037035,27
resnet18,29,clean,0,craze,2,surface_injure,0,0.0,27
resnet18,29,clean,0,craze,3,thunderstrike,0,0.0,27
resnet18,29,clean,0,craze,4,crack,0,0.0,27
resnet18,29,clean,0,craze,5,hide_craze,0,0.0,27
resnet18,29,clean,1,corrosion,0,craze,0,0.0,30
resnet18,29,clean,1,corrosion,1,corrosion,24,0.8,30
resnet18,29,clean,1,corrosion,2,surface_injure,1,0.03333333333333333,30
resnet18,29,clean,1,corrosion,3,thunderstrike,0,0.0,30
resnet18,29,clean,1,corrosion,4,crack,0,0.0,30
resnet18,29,clean,1,corrosion,5,hide_craze,5,0.16666666666666666,30
resnet18,29,clean,2,surface_injure,0,craze,1,0.030303030303030304,33
resnet18,29,clean,2,surface_injure,1,corrosion,3,0.09090909090909091,33
resnet18,29,clean,2,surface_injure,2,surface_injure,23,0.696969696969697,33
resnet18,29,clean,2,surface_injure,3,thunderstrike,0,0.0,33
resnet18,29,clean,2,surface_injure,4,crack,1,0.030303030303030304,33
resnet18,29,clean,2,surface_injure,5,hide_craze,5,0.15151515151515152,33
resnet18,29,clean,3,thunderstrike,0,craze,0,0.0,9
resnet18,29,clean,3,thunderstrike,1,corrosion,0,0.0,9
resnet18,29,clean,3,thunderstrike,2,surface_injure,0,0.0,9
resnet18,29,clean,3,thunderstrike,3,thunderstrike,9,1.0,9
resnet18,29,clean,3,thunderstrike,4,crack,0,0.0,9
resnet18,29,clean,3,thunderstrike,5,hide_craze,0,0.0,9
resnet18,29,clean,4,crack,0,craze,0,0.0,14
resnet18,29,clean,4,crack,1,corrosion,0,0.0,14
resnet18,29,clean,4,crack,2,surface_injure,0,0.0,14
resnet18,29,clean,4,crack,3,thunderstrike,0,0.0,14
resnet18,29,clean,4,crack,4,crack,13,0.9285714285714286,14
resnet18,29,clean,4,crack,5,hide_craze,1,0.07142857142857142,14
resnet18,29,clean,5,hide_craze,0,craze,2,0.04081632653061224,49
resnet18,29,clean,5,hide_craze,1,corrosion,1,0.02040816326530612,49
resnet18,29,clean,5,hide_craze,2,surface_injure,0,0.0,49
resnet18,29,clean,5,hide_craze,3,thunderstrike,0,0.0,49
resnet18,29,clean,5,hide_craze,4,crack,1,0.02040816326530612,49
resnet18,29,clean,5,hide_craze,5,hide_craze,45,0.9183673469387755,49
resnet18,29,gaussian_blur_mild,0,craze,0,craze,25,0.9259259259259259,27
resnet18,29,gaussian_blur_mild,0,craze,1,corrosion,1,0.037037037037037035,27
resnet18,29,gaussian_blur_mild,0,craze,2,surface_injure,0,0.0,27
resnet18,29,gaussian_blur_mild,0,craze,3,thunderstrike,0,0.0,27
resnet18,29,gaussian_blur_mild,0,craze,4,crack,1,0.037037037037037035,27
resnet18,29,gaussian_blur_mild,0,craze,5,hide_craze,0,0.0,27
resnet18,29,gaussian_blur_mild,1,corrosion,0,craze,0,0.0,30
resnet18,29,gaussian_blur_mild,1,corrosion,1,corrosion,24,0.8,30
resnet18,29,gaussian_blur_mild,1,corrosion,2,surface_injure,1,0.03333333333333333,30
resnet18,29,gaussian_blur_mild,1,corrosion,3,thunderstrike,0,0.0,30
resnet18,29,gaussian_blur_mild,1,corrosion,4,crack,0,0.0,30
resnet18,29,gaussian_blur_mild,1,corrosion,5,hide_craze,5,0.16666666666666666,30
resnet18,29,gaussian_blur_mild,2,surface_injure,0,craze,0,0.0,33
resnet18,29,gaussian_blur_mild,2,surface_injure,1,corrosion,1,0.030303030303030304,33
resnet18,29,gaussian_blur_mild,2,surface_injure,2,surface_injure,28,0.8484848484848485,33
resnet18,29,gaussian_blur_mild,2,surface_injure,3,thunderstrike,0,0.0,33
resnet18,29,gaussian_blur_mild,2,surface_injure,4,crack,0,0.0,33
resnet18,29,gaussian_blur_mild,2,surface_injure,5,hide_craze,4,0.12121212121212122,33
resnet18,29,gaussian_blur_mild,3,thunderstrike,0,craze,0,0.0,9
resnet18,29,gaussian_blur_mild,3,thunderstrike,1,corrosion,0,0.0,9
resnet18,29,gaussian_blur_mild,3,thunderstrike,2,surface_injure,0,0.0,9
resnet18,29,gaussian_blur_mild,3,thunderstrike,3,thunderstrike,9,1.0,9
resnet18,29,gaussian_blur_mild,3,thunderstrike,4,crack,0,0.0,9
resnet18,29,gaussian_blur_mild,3,thunderstrike,5,hide_craze,0,0.0,9
resnet18,29,gaussian_blur_mild,4,crack,0,craze,0,0.0,14
resnet18,29,gaussian_blur_mild,4,crack,1,corrosion,0,0.0,14
resnet18,29,gaussian_blur_mild,4,crack,2,surface_injure,0,0.0,14
resnet18,29,gaussian_blur_mild,4,crack,3,thunderstrike,0,0.0,14
resnet18,29,gaussian_blur_mild,4,crack,4,crack,13,0.9285714285714286,14
resnet18,29,gaussian_blur_mild,4,crack,5,hide_craze,1,0.07142857142857142,14
resnet18,29,gaussian_blur_mild,5,hide_craze,0,craze,1,0.02040816326530612,49
resnet18,29,gaussian_blur_mild,5,hide_craze,1,corrosion,0,0.0,49
resnet18,29,gaussian_blur_mild,5,hide_craze,2,surface_injure,0,0.0,49
resnet18,29,gaussian_blur_mild,5,hide_craze,3,thunderstrike,0,0.0,49
resnet18,29,gaussian_blur_mild,5,hide_craze,4,crack,1,0.02040816326530612,49
resnet18,29,gaussian_blur_mild,5,hide_craze,5,hide_craze,47,0.9591836734693877,49
resnet18,29,gaussian_blur_moderate,0,craze,0,craze,20,0.7407407407407407,27
resnet18,29,gaussian_blur_moderate,0,craze,1,corrosion,0,0.0,27
resnet18,29,gaussian_blur_moderate,0,craze,2,surface_injure,4,0.14814814814814814,27
resnet18,29,gaussian_blur_moderate,0,craze,3,thunderstrike,0,0.0,27
resnet18,29,gaussian_blur_moderate,0,craze,4,crack,2,0.07407407407407407,27
resnet18,29,gaussian_blur_moderate,0,craze,5,hide_craze,1,0.037037037037037035,27
resnet18,29,gaussian_blur_moderate,1,corrosion,0,craze,0,0.0,30
resnet18,29,gaussian_blur_moderate,1,corrosion,1,corrosion,18,0.6,30
resnet18,29,gaussian_blur_moderate,1,corrosion,2,surface_injure,4,0.13333333333333333,30
resnet18,29,gaussian_blur_moderate,1,corrosion,3,thunderstrike,0,0.0,30
resnet18,29,gaussian_blur_moderate,1,corrosion,4,crack,0,0.0,30
resnet18,29,gaussian_blur_moderate,1,corrosion,5,hide_craze,8,0.26666666666666666,30
resnet18,29,gaussian_blur_moderate,2,surface_injure,0,craze,0,0.0,33
resnet18,29,gaussian_blur_moderate,2,surface_injure,1,corrosion,0,0.0,33
resnet18,29,gaussian_blur_moderate,2,surface_injure,2,surface_injure,30,0.9090909090909091,33
resnet18,29,gaussian_blur_moderate,2,surface_injure,3,thunderstrike,0,0.0,33
resnet18,29,gaussian_blur_moderate,2,surface_injure,4,crack,0,0.0,33
resnet18,29,gaussian_blur_moderate,2,surface_injure,5,hide_craze,3,0.09090909090909091,33
resnet18,29,gaussian_blur_moderate,3,thunderstrike,0,craze,0,0.0,9
resnet18,29,gaussian_blur_moderate,3,thunderstrike,1,corrosion,0,0.0,9
resnet18,29,gaussian_blur_moderate,3,thunderstrike,2,surface_injure,2,0.2222222222222222,9
resnet18,29,gaussian_blur_moderate,3,thunderstrike,3,thunderstrike,7,0.7777777777777778,9
resnet18,29,gaussian_blur_moderate,3,thunderstrike,4,crack,0,0.0,9
resnet18,29,gaussian_blur_moderate,3,thunderstrike,5,hide_craze,0,0.0,9
resnet18,29,gaussian_blur_moderate,4,crack,0,craze,0,0.0,14
resnet18,29,gaussian_blur_moderate,4,crack,1,corrosion,0,0.0,14
resnet18,29,gaussian_blur_moderate,4,crack,2,surface_injure,0,0.0,14
resnet18,29,gaussian_blur_moderate,4,crack,3,thunderstrike,0,0.0,14
resnet18,29,gaussian_blur_moderate,4,crack,4,crack,14,1.0,14
resnet18,29,gaussian_blur_moderate,4,crack,5,hide_craze,0,0.0,14
resnet18,29,gaussian_blur_moderate,5,hide_craze,0,craze,1,0.02040816326530612,49
resnet18,29,gaussian_blur_moderate,5,hide_craze,1,corrosion,0,0.0,49
resnet18,29,gaussian_blur_moderate,5,hide_craze,2,surface_injure,1,0.02040816326530612,49
resnet18,29,gaussian_blur_moderate,5,hide_craze,3,thunderstrike,0,0.0,49
resnet18,29,gaussian_blur_moderate,5,hide_craze,4,crack,1,0.02040816326530612,49
resnet18,29,gaussian_blur_moderate,5,hide_craze,5,hide_craze,46,0.9387755102040817,49
resnet18,29,gaussian_blur_severe,0,craze,0,craze,16,0.5925925925925926,27
resnet18,29,gaussian_blur_severe,0,craze,1,corrosion,0,0.0,27
resnet18,29,gaussian_blur_severe,0,craze,2,surface_injure,9,0.3333333333333333,27
resnet18,29,gaussian_blur_severe,0,craze,3,thunderstrike,0,0.0,27
resnet18,29,gaussian_blur_severe,0,craze,4,crack,1,0.037037037037037035,27
resnet18,29,gaussian_blur_severe,0,craze,5,hide_craze,1,0.037037037037037035,27
resnet18,29,gaussian_blur_severe,1,corrosion,0,craze,0,0.0,30
resnet18,29,gaussian_blur_severe,1,corrosion,1,corrosion,8,0.26666666666666666,30
resnet18,29,gaussian_blur_severe,1,corrosion,2,surface_injure,11,0.36666666666666664,30
resnet18,29,gaussian_blur_severe,1,corrosion,3,thunderstrike,0,0.0,30
resnet18,29,gaussian_blur_severe,1,corrosion,4,crack,1,0.03333333333333333,30
resnet18,29,gaussian_blur_severe,1,corrosion,5,hide_craze,10,0.3333333333333333,30
resnet18,29,gaussian_blur_severe,2,surface_injure,0,craze,0,0.0,33
resnet18,29,gaussian_blur_severe,2,surface_injure,1,corrosion,0,0.0,33
resnet18,29,gaussian_blur_severe,2,surface_injure,2,surface_injure,31,0.9393939393939394,33
resnet18,29,gaussian_blur_severe,2,surface_injure,3,thunderstrike,0,0.0,33
resnet18,29,gaussian_blur_severe,2,surface_injure,4,crack,0,0.0,33
resnet18,29,gaussian_blur_severe,2,surface_injure,5,hide_craze,2,0.06060606060606061,33
resnet18,29,gaussian_blur_severe,3,thunderstrike,0,craze,0,0.0,9
resnet18,29,gaussian_blur_severe,3,thunderstrike,1,corrosion,0,0.0,9
resnet18,29,gaussian_blur_severe,3,thunderstrike,2,surface_injure,6,0.6666666666666666,9
resnet18,29,gaussian_blur_severe,3,thunderstrike,3,thunderstrike,2,0.2222222222222222,9
resnet18,29,gaussian_blur_severe,3,thunderstrike,4,crack,1,0.1111111111111111,9
resnet18,29,gaussian_blur_severe,3,thunderstrike,5,hide_craze,0,0.0,9
resnet18,29,gaussian_blur_severe,4,crack,0,craze,0,0.0,14
resnet18,29,gaussian_blur_severe,4,crack,1,corrosion,0,0.0,14
resnet18,29,gaussian_blur_severe,4,crack,2,surface_injure,1,0.07142857142857142,14
resnet18,29,gaussian_blur_severe,4,crack,3,thunderstrike,0,0.0,14
resnet18,29,gaussian_blur_severe,4,crack,4,crack,13,0.9285714285714286,14
resnet18,29,gaussian_blur_severe,4,crack,5,hide_craze,0,0.0,14
resnet18,29,gaussian_blur_severe,5,hide_craze,0,craze,0,0.0,49
resnet18,29,gaussian_blur_severe,5,hide_craze,1,corrosion,0,0.0,49
resnet18,29,gaussian_blur_severe,5,hide_craze,2,surface_injure,6,0.12244897959183673,49
resnet18,29,gaussian_blur_severe,5,hide_craze,3,thunderstrike,0,0.0,49
resnet18,29,gaussian_blur_severe,5,hide_craze,4,crack,0,0.0,49
resnet18,29,gaussian_blur_severe,5,hide_craze,5,hide_craze,43,0.8775510204081632,49
resnet18,29,resolution_mild,0,craze,0,craze,25,0.9259259259259259,27
resnet18,29,resolution_mild,0,craze,1,corrosion,1,0.037037037037037035,27
resnet18,29,resolution_mild,0,craze,2,surface_injure,0,0.0,27
resnet18,29,resolution_mild,0,craze,3,thunderstrike,0,0.0,27
resnet18,29,resolution_mild,0,craze,4,crack,1,0.037037037037037035,27
resnet18,29,resolution_mild,0,craze,5,hide_craze,0,0.0,27
resnet18,29,resolution_mild,1,corrosion,0,craze,0,0.0,30
resnet18,29,resolution_mild,1,corrosion,1,corrosion,24,0.8,30
resnet18,29,resolution_mild,1,corrosion,2,surface_injure,1,0.03333333333333333,30
resnet18,29,resolution_mild,1,corrosion,3,thunderstrike,0,0.0,30
resnet18,29,resolution_mild,1,corrosion,4,crack,0,0.0,30
resnet18,29,resolution_mild,1,corrosion,5,hide_craze,5,0.16666666666666666,30
resnet18,29,resolution_mild,2,surface_injure,0,craze,0,0.0,33
resnet18,29,resolution_mild,2,surface_injure,1,corrosion,2,0.06060606060606061,33
resnet18,29,resolution_mild,2,surface_injure,2,surface_injure,28,0.8484848484848485,33
resnet18,29,resolution_mild,2,surface_injure,3,thunderstrike,0,0.0,33
resnet18,29,resolution_mild,2,surface_injure,4,crack,0,0.0,33
resnet18,29,resolution_mild,2,surface_injure,5,hide_craze,3,0.09090909090909091,33
resnet18,29,resolution_mild,3,thunderstrike,0,craze,0,0.0,9
resnet18,29,resolution_mild,3,thunderstrike,1,corrosion,0,0.0,9
resnet18,29,resolution_mild,3,thunderstrike,2,surface_injure,1,0.1111111111111111,9
resnet18,29,resolution_mild,3,thunderstrike,3,thunderstrike,8,0.8888888888888888,9
resnet18,29,resolution_mild,3,thunderstrike,4,crack,0,0.0,9
resnet18,29,resolution_mild,3,thunderstrike,5,hide_craze,0,0.0,9
resnet18,29,resolution_mild,4,crack,0,craze,0,0.0,14
resnet18,29,resolution_mild,4,crack,1,corrosion,0,0.0,14
resnet18,29,resolution_mild,4,crack,2,surface_injure,0,0.0,14
resnet18,29,resolution_mild,4,crack,3,thunderstrike,0,0.0,14
resnet18,29,resolution_mild,4,crack,4,crack,13,0.9285714285714286,14
resnet18,29,resolution_mild,4,crack,5,hide_craze,1,0.07142857142857142,14
resnet18,29,resolution_mild,5,hide_craze,0,craze,1,0.02040816326530612,49
resnet18,29,resolution_mild,5,hide_craze,1,corrosion,0,0.0,49
resnet18,29,resolution_mild,5,hide_craze,2,surface_injure,0,0.0,49
resnet18,29,resolution_mild,5,hide_craze,3,thunderstrike,0,0.0,49
resnet18,29,resolution_mild,5,hide_craze,4,crack,1,0.02040816326530612,49
resnet18,29,resolution_mild,5,hide_craze,5,hide_craze,47,0.9591836734693877,49
resnet18,29,resolution_moderate,0,craze,0,craze,23,0.8518518518518519,27
resnet18,29,resolution_moderate,0,craze,1,corrosion,1,0.037037037037037035,27
resnet18,29,resolution_moderate,0,craze,2,surface_injure,1,0.037037037037037035,27
resnet18,29,resolution_moderate,0,craze,3,thunderstrike,0,0.0,27
resnet18,29,resolution_moderate,0,craze,4,crack,1,0.037037037037037035,27
resnet18,29,resolution_moderate,0,craze,5,hide_craze,1,0.037037037037037035,27
resnet18,29,resolution_moderate,1,corrosion,0,craze,0,0.0,30
resnet18,29,resolution_moderate,1,corrosion,1,corrosion,20,0.6666666666666666,30
resnet18,29,resolution_moderate,1,corrosion,2,surface_injure,2,0.06666666666666667,30
resnet18,29,resolution_moderate,1,corrosion,3,thunderstrike,0,0.0,30
resnet18,29,resolution_moderate,1,corrosion,4,crack,0,0.0,30
resnet18,29,resolution_moderate,1,corrosion,5,hide_craze,8,0.26666666666666666,30
resnet18,29,resolution_moderate,2,surface_injure,0,craze,0,0.0,33
resnet18,29,resolution_moderate,2,surface_injure,1,corrosion,1,0.030303030303030304,33
resnet18,29,resolution_moderate,2,surface_injure,2,surface_injure,29,0.8787878787878788,33
resnet18,29,resolution_moderate,2,surface_injure,3,thunderstrike,0,0.0,33
resnet18,29,resolution_moderate,2,surface_injure,4,crack,0,0.0,33
resnet18,29,resolution_moderate,2,surface_injure,5,hide_craze,3,0.09090909090909091,33
resnet18,29,resolution_moderate,3,thunderstrike,0,craze,0,0.0,9
resnet18,29,resolution_moderate,3,thunderstrike,1,corrosion,0,0.0,9
resnet18,29,resolution_moderate,3,thunderstrike,2,surface_injure,1,0.1111111111111111,9
resnet18,29,resolution_moderate,3,thunderstrike,3,thunderstrike,8,0.8888888888888888,9
resnet18,29,resolution_moderate,3,thunderstrike,4,crack,0,0.0,9
resnet18,29,resolution_moderate,3,thunderstrike,5,hide_craze,0,0.0,9
resnet18,29,resolution_moderate,4,crack,0,craze,0,0.0,14
resnet18,29,resolution_moderate,4,crack,1,corrosion,0,0.0,14
resnet18,29,resolution_moderate,4,crack,2,surface_injure,0,0.0,14
resnet18,29,resolution_moderate,4,crack,3,thunderstrike,0,0.0,14
resnet18,29,resolution_moderate,4,crack,4,crack,14,1.0,14
resnet18,29,resolution_moderate,4,crack,5,hide_craze,0,0.0,14
resnet18,29,resolution_moderate,5,hide_craze,0,craze,1,0.02040816326530612,49
resnet18,29,resolution_moderate,5,hide_craze,1,corrosion,0,0.0,49
resnet18,29,resolution_moderate,5,hide_craze,2,surface_injure,0,0.0,49
resnet18,29,resolution_moderate,5,hide_craze,3,thunderstrike,0,0.0,49
resnet18,29,resolution_moderate,5,hide_craze,4,crack,1,0.02040816326530612,49
resnet18,29,resolution_moderate,5,hide_craze,5,hide_craze,47,0.9591836734693877,49
resnet18,29,resolution_severe,0,craze,0,craze,16,0.5925925925925926,27
resnet18,29,resolution_severe,0,craze,1,corrosion,0,0.0,27
resnet18,29,resolution_severe,0,craze,2,surface_injure,8,0.2962962962962963,27
resnet18,29,resolution_severe,0,craze,3,thunderstrike,0,0.0,27
resnet18,29,resolution_severe,0,craze,4,crack,2,0.07407407407407407,27
resnet18,29,resolution_severe,0,craze,5,hide_craze,1,0.037037037037037035,27
resnet18,29,resolution_severe,1,corrosion,0,craze,0,0.0,30
resnet18,29,resolution_severe,1,corrosion,1,corrosion,15,0.5,30
resnet18,29,resolution_severe,1,corrosion,2,surface_injure,3,0.1,30
resnet18,29,resolution_severe,1,corrosion,3,thunderstrike,0,0.0,30
resnet18,29,resolution_severe,1,corrosion,4,crack,2,0.06666666666666667,30
resnet18,29,resolution_severe,1,corrosion,5,hide_craze,10,0.3333333333333333,30
resnet18,29,resolution_severe,2,surface_injure,0,craze,0,0.0,33
resnet18,29,resolution_severe,2,surface_injure,1,corrosion,1,0.030303030303030304,33
resnet18,29,resolution_severe,2,surface_injure,2,surface_injure,28,0.8484848484848485,33
resnet18,29,resolution_severe,2,surface_injure,3,thunderstrike,0,0.0,33
resnet18,29,resolution_severe,2,surface_injure,4,crack,0,0.0,33
resnet18,29,resolution_severe,2,surface_injure,5,hide_craze,4,0.12121212121212122,33
resnet18,29,resolution_severe,3,thunderstrike,0,craze,0,0.0,9
resnet18,29,resolution_severe,3,thunderstrike,1,corrosion,0,0.0,9
resnet18,29,resolution_severe,3,thunderstrike,2,surface_injure,2,0.2222222222222222,9
resnet18,29,resolution_severe,3,thunderstrike,3,thunderstrike,6,0.6666666666666666,9
resnet18,29,resolution_severe,3,thunderstrike,4,crack,1,0.1111111111111111,9
resnet18,29,resolution_severe,3,thunderstrike,5,hide_craze,0,0.0,9
resnet18,29,resolution_severe,4,crack,0,craze,0,0.0,14
resnet18,29,resolution_severe,4,crack,1,corrosion,0,0.0,14
resnet18,29,resolution_severe,4,crack,2,surface_injure,0,0.0,14
resnet18,29,resolution_severe,4,crack,3,thunderstrike,0,0.0,14
resnet18,29,resolution_severe,4,crack,4,crack,14,1.0,14
resnet18,29,resolution_severe,4,crack,5,hide_craze,0,0.0,14
resnet18,29,resolution_severe,5,hide_craze,0,craze,1,0.02040816326530612,49
resnet18,29,resolution_severe,5,hide_craze,1,corrosion,0,0.0,49
resnet18,29,resolution_severe,5,hide_craze,2,surface_injure,3,0.061224489795918366,49
resnet18,29,resolution_severe,5,hide_craze,3,thunderstrike,0,0.0,49
resnet18,29,resolution_severe,5,hide_craze,4,crack,2,0.04081632653061224,49
resnet18,29,resolution_severe,5,hide_craze,5,hide_craze,43,0.8775510204081632,49
resnet18,29,brightness_mild,0,craze,0,craze,25,0.9259259259259259,27
resnet18,29,brightness_mild,0,craze,1,corrosion,2,0.07407407407407407,27
resnet18,29,brightness_mild,0,craze,2,surface_injure,0,0.0,27
resnet18,29,brightness_mild,0,craze,3,thunderstrike,0,0.0,27
resnet18,29,brightness_mild,0,craze,4,crack,0,0.0,27
resnet18,29,brightness_mild,0,craze,5,hide_craze,0,0.0,27
resnet18,29,brightness_mild,1,corrosion,0,craze,0,0.0,30
resnet18,29,brightness_mild,1,corrosion,1,corrosion,23,0.7666666666666667,30
resnet18,29,brightness_mild,1,corrosion,2,surface_injure,2,0.06666666666666667,30
resnet18,29,brightness_mild,1,corrosion,3,thunderstrike,0,0.0,30
resnet18,29,brightness_mild,1,corrosion,4,crack,0,0.0,30
resnet18,29,brightness_mild,1,corrosion,5,hide_craze,5,0.16666666666666666,30
resnet18,29,brightness_mild,2,surface_injure,0,craze,0,0.0,33
resnet18,29,brightness_mild,2,surface_injure,1,corrosion,1,0.030303030303030304,33
resnet18,29,brightness_mild,2,surface_injure,2,surface_injure,23,0.696969696969697,33
resnet18,29,brightness_mild,2,surface_injure,3,thunderstrike,0,0.0,33
resnet18,29,brightness_mild,2,surface_injure,4,crack,0,0.0,33
resnet18,29,brightness_mild,2,surface_injure,5,hide_craze,9,0.2727272727272727,33
resnet18,29,brightness_mild,3,thunderstrike,0,craze,0,0.0,9
resnet18,29,brightness_mild,3,thunderstrike,1,corrosion,0,0.0,9
resnet18,29,brightness_mild,3,thunderstrike,2,surface_injure,0,0.0,9
resnet18,29,brightness_mild,3,thunderstrike,3,thunderstrike,9,1.0,9
resnet18,29,brightness_mild,3,thunderstrike,4,crack,0,0.0,9
resnet18,29,brightness_mild,3,thunderstrike,5,hide_craze,0,0.0,9
resnet18,29,brightness_mild,4,crack,0,craze,1,0.07142857142857142,14
resnet18,29,brightness_mild,4,crack,1,corrosion,0,0.0,14
resnet18,29,brightness_mild,4,crack,2,surface_injure,1,0.07142857142857142,14
resnet18,29,brightness_mild,4,crack,3,thunderstrike,0,0.0,14
resnet18,29,brightness_mild,4,crack,4,crack,11,0.7857142857142857,14
resnet18,29,brightness_mild,4,crack,5,hide_craze,1,0.07142857142857142,14
resnet18,29,brightness_mild,5,hide_craze,0,craze,3,0.061224489795918366,49
resnet18,29,brightness_mild,5,hide_craze,1,corrosion,1,0.02040816326530612,49
resnet18,29,brightness_mild,5,hide_craze,2,surface_injure,0,0.0,49
resnet18,29,brightness_mild,5,hide_craze,3,thunderstrike,0,0.0,49
resnet18,29,brightness_mild,5,hide_craze,4,crack,0,0.0,49
resnet18,29,brightness_mild,5,hide_craze,5,hide_craze,45,0.9183673469387755,49
resnet18,29,brightness_moderate,0,craze,0,craze,19,0.7037037037037037,27
resnet18,29,brightness_moderate,0,craze,1,corrosion,1,0.037037037037037035,27
resnet18,29,brightness_moderate,0,craze,2,surface_injure,3,0.1111111111111111,27
resnet18,29,brightness_moderate,0,craze,3,thunderstrike,0,0.0,27
resnet18,29,brightness_moderate,0,craze,4,crack,0,0.0,27
resnet18,29,brightness_moderate,0,craze,5,hide_craze,4,0.14814814814814814,27
resnet18,29,brightness_moderate,1,corrosion,0,craze,0,0.0,30
resnet18,29,brightness_moderate,1,corrosion,1,corrosion,22,0.7333333333333333,30
resnet18,29,brightness_moderate,1,corrosion,2,surface_injure,4,0.13333333333333333,30
resnet18,29,brightness_moderate,1,corrosion,3,thunderstrike,0,0.0,30
resnet18,29,brightness_moderate,1,corrosion,4,crack,0,0.0,30
resnet18,29,brightness_moderate,1,corrosion,5,hide_craze,4,0.13333333333333333,30
resnet18,29,brightness_moderate,2,surface_injure,0,craze,2,0.06060606060606061,33
resnet18,29,brightness_moderate,2,surface_injure,1,corrosion,0,0.0,33
resnet18,29,brightness_moderate,2,surface_injure,2,surface_injure,30,0.9090909090909091,33
resnet18,29,brightness_moderate,2,surface_injure,3,thunderstrike,0,0.0,33
resnet18,29,brightness_moderate,2,surface_injure,4,crack,0,0.0,33
resnet18,29,brightness_moderate,2,surface_injure,5,hide_craze,1,0.030303030303030304,33
resnet18,29,brightness_moderate,3,thunderstrike,0,craze,0,0.0,9
resnet18,29,brightness_moderate,3,thunderstrike,1,corrosion,0,0.0,9
resnet18,29,brightness_moderate,3,thunderstrike,2,surface_injure,1,0.1111111111111111,9
resnet18,29,brightness_moderate,3,thunderstrike,3,thunderstrike,8,0.8888888888888888,9
resnet18,29,brightness_moderate,3,thunderstrike,4,crack,0,0.0,9
resnet18,29,brightness_moderate,3,thunderstrike,5,hide_craze,0,0.0,9
resnet18,29,brightness_moderate,4,crack,0,craze,3,0.21428571428571427,14
resnet18,29,brightness_moderate,4,crack,1,corrosion,0,0.0,14
resnet18,29,brightness_moderate,4,crack,2,surface_injure,1,0.07142857142857142,14
resnet18,29,brightness_moderate,4,crack,3,thunderstrike,0,0.0,14
resnet18,29,brightness_moderate,4,crack,4,crack,7,0.5,14
resnet18,29,brightness_moderate,4,crack,5,hide_craze,3,0.21428571428571427,14
resnet18,29,brightness_moderate,5,hide_craze,0,craze,2,0.04081632653061224,49
resnet18,29,brightness_moderate,5,hide_craze,1,corrosion,0,0.0,49
resnet18,29,brightness_moderate,5,hide_craze,2,surface_injure,0,0.0,49
resnet18,29,brightness_moderate,5,hide_craze,3,thunderstrike,0,0.0,49
resnet18,29,brightness_moderate,5,hide_craze,4,crack,0,0.0,49
resnet18,29,brightness_moderate,5,hide_craze,5,hide_craze,47,0.9591836734693877,49
resnet18,29,brightness_severe,0,craze,0,craze,13,0.48148148148148145,27
resnet18,29,brightness_severe,0,craze,1,corrosion,2,0.07407407407407407,27
resnet18,29,brightness_severe,0,craze,2,surface_injure,5,0.18518518518518517,27
resnet18,29,brightness_severe,0,craze,3,thunderstrike,0,0.0,27
resnet18,29,brightness_severe,0,craze,4,crack,0,0.0,27
resnet18,29,brightness_severe,0,craze,5,hide_craze,7,0.25925925925925924,27
resnet18,29,brightness_severe,1,corrosion,0,craze,0,0.0,30
resnet18,29,brightness_severe,1,corrosion,1,corrosion,14,0.4666666666666667,30
resnet18,29,brightness_severe,1,corrosion,2,surface_injure,7,0.23333333333333334,30
resnet18,29,brightness_severe,1,corrosion,3,thunderstrike,0,0.0,30
resnet18,29,brightness_severe,1,corrosion,4,crack,0,0.0,30
resnet18,29,brightness_severe,1,corrosion,5,hide_craze,9,0.3,30
resnet18,29,brightness_severe,2,surface_injure,0,craze,1,0.030303030303030304,33
resnet18,29,brightness_severe,2,surface_injure,1,corrosion,0,0.0,33
resnet18,29,brightness_severe,2,surface_injure,2,surface_injure,28,0.8484848484848485,33
resnet18,29,brightness_severe,2,surface_injure,3,thunderstrike,0,0.0,33
resnet18,29,brightness_severe,2,surface_injure,4,crack,0,0.0,33
resnet18,29,brightness_severe,2,surface_injure,5,hide_craze,4,0.12121212121212122,33
resnet18,29,brightness_severe,3,thunderstrike,0,craze,1,0.1111111111111111,9
resnet18,29,brightness_severe,3,thunderstrike,1,corrosion,0,0.0,9
resnet18,29,brightness_severe,3,thunderstrike,2,surface_injure,6,0.6666666666666666,9
resnet18,29,brightness_severe,3,thunderstrike,3,thunderstrike,1,0.1111111111111111,9
resnet18,29,brightness_severe,3,thunderstrike,4,crack,0,0.0,9
resnet18,29,brightness_severe,3,thunderstrike,5,hide_craze,1,0.1111111111111111,9
resnet18,29,brightness_severe,4,crack,0,craze,4,0.2857142857142857,14
resnet18,29,brightness_severe,4,crack,1,corrosion,0,0.0,14
resnet18,29,brightness_severe,4,crack,2,surface_injure,3,0.21428571428571427,14
resnet18,29,brightness_severe,4,crack,3,thunderstrike,0,0.0,14
resnet18,29,brightness_severe,4,crack,4,crack,2,0.14285714285714285,14
resnet18,29,brightness_severe,4,crack,5,hide_craze,5,0.35714285714285715,14
resnet18,29,brightness_severe,5,hide_craze,0,craze,0,0.0,49
resnet18,29,brightness_severe,5,hide_craze,1,corrosion,0,0.0,49
resnet18,29,brightness_severe,5,hide_craze,2,surface_injure,3,0.061224489795918366,49
resnet18,29,brightness_severe,5,hide_craze,3,thunderstrike,0,0.0,49
resnet18,29,brightness_severe,5,hide_craze,4,crack,0,0.0,49
resnet18,29,brightness_severe,5,hide_craze,5,hide_craze,46,0.9387755102040817,49
resnet18,29,jpeg_mild,0,craze,0,craze,24,0.8888888888888888,27
resnet18,29,jpeg_mild,0,craze,1,corrosion,2,0.07407407407407407,27
resnet18,29,jpeg_mild,0,craze,2,surface_injure,0,0.0,27
resnet18,29,jpeg_mild,0,craze,3,thunderstrike,0,0.0,27
resnet18,29,jpeg_mild,0,craze,4,crack,1,0.037037037037037035,27
resnet18,29,jpeg_mild,0,craze,5,hide_craze,0,0.0,27
resnet18,29,jpeg_mild,1,corrosion,0,craze,0,0.0,30
resnet18,29,jpeg_mild,1,corrosion,1,corrosion,24,0.8,30
resnet18,29,jpeg_mild,1,corrosion,2,surface_injure,1,0.03333333333333333,30
resnet18,29,jpeg_mild,1,corrosion,3,thunderstrike,0,0.0,30
resnet18,29,jpeg_mild,1,corrosion,4,crack,0,0.0,30
resnet18,29,jpeg_mild,1,corrosion,5,hide_craze,5,0.16666666666666666,30
resnet18,29,jpeg_mild,2,surface_injure,0,craze,1,0.030303030303030304,33
resnet18,29,jpeg_mild,2,surface_injure,1,corrosion,3,0.09090909090909091,33
resnet18,29,jpeg_mild,2,surface_injure,2,surface_injure,22,0.6666666666666666,33
resnet18,29,jpeg_mild,2,surface_injure,3,thunderstrike,0,0.0,33
resnet18,29,jpeg_mild,2,surface_injure,4,crack,0,0.0,33
resnet18,29,jpeg_mild,2,surface_injure,5,hide_craze,7,0.21212121212121213,33
resnet18,29,jpeg_mild,3,thunderstrike,0,craze,0,0.0,9
resnet18,29,jpeg_mild,3,thunderstrike,1,corrosion,0,0.0,9
resnet18,29,jpeg_mild,3,thunderstrike,2,surface_injure,0,0.0,9
resnet18,29,jpeg_mild,3,thunderstrike,3,thunderstrike,9,1.0,9
resnet18,29,jpeg_mild,3,thunderstrike,4,crack,0,0.0,9
resnet18,29,jpeg_mild,3,thunderstrike,5,hide_craze,0,0.0,9
resnet18,29,jpeg_mild,4,crack,0,craze,0,0.0,14
resnet18,29,jpeg_mild,4,crack,1,corrosion,0,0.0,14
resnet18,29,jpeg_mild,4,crack,2,surface_injure,0,0.0,14
resnet18,29,jpeg_mild,4,crack,3,thunderstrike,0,0.0,14
resnet18,29,jpeg_mild,4,crack,4,crack,13,0.9285714285714286,14
resnet18,29,jpeg_mild,4,crack,5,hide_craze,1,0.07142857142857142,14
resnet18,29,jpeg_mild,5,hide_craze,0,craze,1,0.02040816326530612,49
resnet18,29,jpeg_mild,5,hide_craze,1,corrosion,1,0.02040816326530612,49
resnet18,29,jpeg_mild,5,hide_craze,2,surface_injure,0,0.0,49
resnet18,29,jpeg_mild,5,hide_craze,3,thunderstrike,0,0.0,49
resnet18,29,jpeg_mild,5,hide_craze,4,crack,1,0.02040816326530612,49
resnet18,29,jpeg_mild,5,hide_craze,5,hide_craze,46,0.9387755102040817,49
resnet18,29,jpeg_moderate,0,craze,0,craze,23,0.8518518518518519,27
resnet18,29,jpeg_moderate,0,craze,1,corrosion,2,0.07407407407407407,27
resnet18,29,jpeg_moderate,0,craze,2,surface_injure,0,0.0,27
resnet18,29,jpeg_moderate,0,craze,3,thunderstrike,0,0.0,27
resnet18,29,jpeg_moderate,0,craze,4,crack,1,0.037037037037037035,27
resnet18,29,jpeg_moderate,0,craze,5,hide_craze,1,0.037037037037037035,27
resnet18,29,jpeg_moderate,1,corrosion,0,craze,0,0.0,30
resnet18,29,jpeg_moderate,1,corrosion,1,corrosion,22,0.7333333333333333,30
resnet18,29,jpeg_moderate,1,corrosion,2,surface_injure,2,0.06666666666666667,30
resnet18,29,jpeg_moderate,1,corrosion,3,thunderstrike,0,0.0,30
resnet18,29,jpeg_moderate,1,corrosion,4,crack,0,0.0,30
resnet18,29,jpeg_moderate,1,corrosion,5,hide_craze,6,0.2,30
resnet18,29,jpeg_moderate,2,surface_injure,0,craze,1,0.030303030303030304,33
resnet18,29,jpeg_moderate,2,surface_injure,1,corrosion,3,0.09090909090909091,33
resnet18,29,jpeg_moderate,2,surface_injure,2,surface_injure,23,0.696969696969697,33
resnet18,29,jpeg_moderate,2,surface_injure,3,thunderstrike,0,0.0,33
resnet18,29,jpeg_moderate,2,surface_injure,4,crack,0,0.0,33
resnet18,29,jpeg_moderate,2,surface_injure,5,hide_craze,6,0.18181818181818182,33
resnet18,29,jpeg_moderate,3,thunderstrike,0,craze,0,0.0,9
resnet18,29,jpeg_moderate,3,thunderstrike,1,corrosion,0,0.0,9
resnet18,29,jpeg_moderate,3,thunderstrike,2,surface_injure,0,0.0,9
resnet18,29,jpeg_moderate,3,thunderstrike,3,thunderstrike,9,1.0,9
resnet18,29,jpeg_moderate,3,thunderstrike,4,crack,0,0.0,9
resnet18,29,jpeg_moderate,3,thunderstrike,5,hide_craze,0,0.0,9
resnet18,29,jpeg_moderate,4,crack,0,craze,0,0.0,14
resnet18,29,jpeg_moderate,4,crack,1,corrosion,0,0.0,14
resnet18,29,jpeg_moderate,4,crack,2,surface_injure,0,0.0,14
resnet18,29,jpeg_moderate,4,crack,3,thunderstrike,0,0.0,14
resnet18,29,jpeg_moderate,4,crack,4,crack,13,0.9285714285714286,14
resnet18,29,jpeg_moderate,4,crack,5,hide_craze,1,0.07142857142857142,14
resnet18,29,jpeg_moderate,5,hide_craze,0,craze,1,0.02040816326530612,49
resnet18,29,jpeg_moderate,5,hide_craze,1,corrosion,0,0.0,49
resnet18,29,jpeg_moderate,5,hide_craze,2,surface_injure,0,0.0,49
resnet18,29,jpeg_moderate,5,hide_craze,3,thunderstrike,0,0.0,49
resnet18,29,jpeg_moderate,5,hide_craze,4,crack,1,0.02040816326530612,49
resnet18,29,jpeg_moderate,5,hide_craze,5,hide_craze,47,0.9591836734693877,49
resnet18,29,jpeg_severe,0,craze,0,craze,21,0.7777777777777778,27
resnet18,29,jpeg_severe,0,craze,1,corrosion,2,0.07407407407407407,27
resnet18,29,jpeg_severe,0,craze,2,surface_injure,0,0.0,27
resnet18,29,jpeg_severe,0,craze,3,thunderstrike,0,0.0,27
resnet18,29,jpeg_severe,0,craze,4,crack,1,0.037037037037037035,27
resnet18,29,jpeg_severe,0,craze,5,hide_craze,3,0.1111111111111111,27
resnet18,29,jpeg_severe,1,corrosion,0,craze,0,0.0,30
resnet18,29,jpeg_severe,1,corrosion,1,corrosion,23,0.7666666666666667,30
resnet18,29,jpeg_severe,1,corrosion,2,surface_injure,1,0.03333333333333333,30
resnet18,29,jpeg_severe,1,corrosion,3,thunderstrike,0,0.0,30
resnet18,29,jpeg_severe,1,corrosion,4,crack,0,0.0,30
resnet18,29,jpeg_severe,1,corrosion,5,hide_craze,6,0.2,30
resnet18,29,jpeg_severe,2,surface_injure,0,craze,1,0.030303030303030304,33
resnet18,29,jpeg_severe,2,surface_injure,1,corrosion,3,0.09090909090909091,33
resnet18,29,jpeg_severe,2,surface_injure,2,surface_injure,21,0.6363636363636364,33
resnet18,29,jpeg_severe,2,surface_injure,3,thunderstrike,0,0.0,33
resnet18,29,jpeg_severe,2,surface_injure,4,crack,0,0.0,33
resnet18,29,jpeg_severe,2,surface_injure,5,hide_craze,8,0.24242424242424243,33
resnet18,29,jpeg_severe,3,thunderstrike,0,craze,0,0.0,9
resnet18,29,jpeg_severe,3,thunderstrike,1,corrosion,0,0.0,9
resnet18,29,jpeg_severe,3,thunderstrike,2,surface_injure,1,0.1111111111111111,9
resnet18,29,jpeg_severe,3,thunderstrike,3,thunderstrike,8,0.8888888888888888,9
resnet18,29,jpeg_severe,3,thunderstrike,4,crack,0,0.0,9
resnet18,29,jpeg_severe,3,thunderstrike,5,hide_craze,0,0.0,9
resnet18,29,jpeg_severe,4,crack,0,craze,0,0.0,14
resnet18,29,jpeg_severe,4,crack,1,corrosion,0,0.0,14
resnet18,29,jpeg_severe,4,crack,2,surface_injure,1,0.07142857142857142,14
resnet18,29,jpeg_severe,4,crack,3,thunderstrike,0,0.0,14
resnet18,29,jpeg_severe,4,crack,4,crack,12,0.8571428571428571,14
resnet18,29,jpeg_severe,4,crack,5,hide_craze,1,0.07142857142857142,14
resnet18,29,jpeg_severe,5,hide_craze,0,craze,0,0.0,49
resnet18,29,jpeg_severe,5,hide_craze,1,corrosion,0,0.0,49
resnet18,29,jpeg_severe,5,hide_craze,2,surface_injure,0,0.0,49
resnet18,29,jpeg_severe,5,hide_craze,3,thunderstrike,0,0.0,49
resnet18,29,jpeg_severe,5,hide_craze,4,crack,0,0.0,49
resnet18,29,jpeg_severe,5,hide_craze,5,hide_craze,49,1.0,49
resnet18,43,clean,0,craze,0,craze,27,1.0,27
resnet18,43,clean,0,craze,1,corrosion,0,0.0,27
resnet18,43,clean,0,craze,2,surface_injure,0,0.0,27
resnet18,43,clean,0,craze,3,thunderstrike,0,0.0,27
resnet18,43,clean,0,craze,4,crack,0,0.0,27
resnet18,43,clean,0,craze,5,hide_craze,0,0.0,27
resnet18,43,clean,1,corrosion,0,craze,2,0.06666666666666667,30
resnet18,43,clean,1,corrosion,1,corrosion,23,0.7666666666666667,30
resnet18,43,clean,1,corrosion,2,surface_injure,4,0.13333333333333333,30
resnet18,43,clean,1,corrosion,3,thunderstrike,0,0.0,30
resnet18,43,clean,1,corrosion,4,crack,0,0.0,30
resnet18,43,clean,1,corrosion,5,hide_craze,1,0.03333333333333333,30
resnet18,43,clean,2,surface_injure,0,craze,1,0.030303030303030304,33
resnet18,43,clean,2,surface_injure,1,corrosion,1,0.030303030303030304,33
resnet18,43,clean,2,surface_injure,2,surface_injure,31,0.9393939393939394,33
resnet18,43,clean,2,surface_injure,3,thunderstrike,0,0.0,33
resnet18,43,clean,2,surface_injure,4,crack,0,0.0,33
resnet18,43,clean,2,surface_injure,5,hide_craze,0,0.0,33
resnet18,43,clean,3,thunderstrike,0,craze,0,0.0,9
resnet18,43,clean,3,thunderstrike,1,corrosion,0,0.0,9
resnet18,43,clean,3,thunderstrike,2,surface_injure,1,0.1111111111111111,9
resnet18,43,clean,3,thunderstrike,3,thunderstrike,8,0.8888888888888888,9
resnet18,43,clean,3,thunderstrike,4,crack,0,0.0,9
resnet18,43,clean,3,thunderstrike,5,hide_craze,0,0.0,9
resnet18,43,clean,4,crack,0,craze,0,0.0,14
resnet18,43,clean,4,crack,1,corrosion,0,0.0,14
resnet18,43,clean,4,crack,2,surface_injure,0,0.0,14
resnet18,43,clean,4,crack,3,thunderstrike,0,0.0,14
resnet18,43,clean,4,crack,4,crack,13,0.9285714285714286,14
resnet18,43,clean,4,crack,5,hide_craze,1,0.07142857142857142,14
resnet18,43,clean,5,hide_craze,0,craze,1,0.02040816326530612,49
resnet18,43,clean,5,hide_craze,1,corrosion,0,0.0,49
resnet18,43,clean,5,hide_craze,2,surface_injure,0,0.0,49
resnet18,43,clean,5,hide_craze,3,thunderstrike,2,0.04081632653061224,49
resnet18,43,clean,5,hide_craze,4,crack,2,0.04081632653061224,49
resnet18,43,clean,5,hide_craze,5,hide_craze,44,0.8979591836734694,49
resnet18,43,gaussian_blur_mild,0,craze,0,craze,26,0.9629629629629629,27
resnet18,43,gaussian_blur_mild,0,craze,1,corrosion,0,0.0,27
resnet18,43,gaussian_blur_mild,0,craze,2,surface_injure,1,0.037037037037037035,27
resnet18,43,gaussian_blur_mild,0,craze,3,thunderstrike,0,0.0,27
resnet18,43,gaussian_blur_mild,0,craze,4,crack,0,0.0,27
resnet18,43,gaussian_blur_mild,0,craze,5,hide_craze,0,0.0,27
resnet18,43,gaussian_blur_mild,1,corrosion,0,craze,2,0.06666666666666667,30
resnet18,43,gaussian_blur_mild,1,corrosion,1,corrosion,22,0.7333333333333333,30
resnet18,43,gaussian_blur_mild,1,corrosion,2,surface_injure,4,0.13333333333333333,30
resnet18,43,gaussian_blur_mild,1,corrosion,3,thunderstrike,0,0.0,30
resnet18,43,gaussian_blur_mild,1,corrosion,4,crack,0,0.0,30
resnet18,43,gaussian_blur_mild,1,corrosion,5,hide_craze,2,0.06666666666666667,30
resnet18,43,gaussian_blur_mild,2,surface_injure,0,craze,0,0.0,33
resnet18,43,gaussian_blur_mild,2,surface_injure,1,corrosion,1,0.030303030303030304,33
resnet18,43,gaussian_blur_mild,2,surface_injure,2,surface_injure,30,0.9090909090909091,33
resnet18,43,gaussian_blur_mild,2,surface_injure,3,thunderstrike,0,0.0,33
resnet18,43,gaussian_blur_mild,2,surface_injure,4,crack,0,0.0,33
resnet18,43,gaussian_blur_mild,2,surface_injure,5,hide_craze,2,0.06060606060606061,33
resnet18,43,gaussian_blur_mild,3,thunderstrike,0,craze,0,0.0,9
resnet18,43,gaussian_blur_mild,3,thunderstrike,1,corrosion,0,0.0,9
resnet18,43,gaussian_blur_mild,3,thunderstrike,2,surface_injure,1,0.1111111111111111,9
resnet18,43,gaussian_blur_mild,3,thunderstrike,3,thunderstrike,8,0.8888888888888888,9
resnet18,43,gaussian_blur_mild,3,thunderstrike,4,crack,0,0.0,9
resnet18,43,gaussian_blur_mild,3,thunderstrike,5,hide_craze,0,0.0,9
resnet18,43,gaussian_blur_mild,4,crack,0,craze,0,0.0,14
resnet18,43,gaussian_blur_mild,4,crack,1,corrosion,0,0.0,14
resnet18,43,gaussian_blur_mild,4,crack,2,surface_injure,0,0.0,14
resnet18,43,gaussian_blur_mild,4,crack,3,thunderstrike,0,0.0,14
resnet18,43,gaussian_blur_mild,4,crack,4,crack,13,0.9285714285714286,14
resnet18,43,gaussian_blur_mild,4,crack,5,hide_craze,1,0.07142857142857142,14
resnet18,43,gaussian_blur_mild,5,hide_craze,0,craze,0,0.0,49
resnet18,43,gaussian_blur_mild,5,hide_craze,1,corrosion,0,0.0,49
resnet18,43,gaussian_blur_mild,5,hide_craze,2,surface_injure,0,0.0,49
resnet18,43,gaussian_blur_mild,5,hide_craze,3,thunderstrike,2,0.04081632653061224,49
resnet18,43,gaussian_blur_mild,5,hide_craze,4,crack,3,0.061224489795918366,49
resnet18,43,gaussian_blur_mild,5,hide_craze,5,hide_craze,44,0.8979591836734694,49
resnet18,43,gaussian_blur_moderate,0,craze,0,craze,21,0.7777777777777778,27
resnet18,43,gaussian_blur_moderate,0,craze,1,corrosion,0,0.0,27
resnet18,43,gaussian_blur_moderate,0,craze,2,surface_injure,3,0.1111111111111111,27
resnet18,43,gaussian_blur_moderate,0,craze,3,thunderstrike,0,0.0,27
resnet18,43,gaussian_blur_moderate,0,craze,4,crack,1,0.037037037037037035,27
resnet18,43,gaussian_blur_moderate,0,craze,5,hide_craze,2,0.07407407407407407,27
resnet18,43,gaussian_blur_moderate,1,corrosion,0,craze,4,0.13333333333333333,30
resnet18,43,gaussian_blur_moderate,1,corrosion,1,corrosion,17,0.5666666666666667,30
resnet18,43,gaussian_blur_moderate,1,corrosion,2,surface_injure,3,0.1,30
resnet18,43,gaussian_blur_moderate,1,corrosion,3,thunderstrike,0,0.0,30
resnet18,43,gaussian_blur_moderate,1,corrosion,4,crack,0,0.0,30
resnet18,43,gaussian_blur_moderate,1,corrosion,5,hide_craze,6,0.2,30
resnet18,43,gaussian_blur_moderate,2,surface_injure,0,craze,0,0.0,33
resnet18,43,gaussian_blur_moderate,2,surface_injure,1,corrosion,0,0.0,33
resnet18,43,gaussian_blur_moderate,2,surface_injure,2,surface_injure,29,0.8787878787878788,33
resnet18,43,gaussian_blur_moderate,2,surface_injure,3,thunderstrike,0,0.0,33
resnet18,43,gaussian_blur_moderate,2,surface_injure,4,crack,0,0.0,33
resnet18,43,gaussian_blur_moderate,2,surface_injure,5,hide_craze,4,0.12121212121212122,33
resnet18,43,gaussian_blur_moderate,3,thunderstrike,0,craze,0,0.0,9
resnet18,43,gaussian_blur_moderate,3,thunderstrike,1,corrosion,0,0.0,9
resnet18,43,gaussian_blur_moderate,3,thunderstrike,2,surface_injure,2,0.2222222222222222,9
resnet18,43,gaussian_blur_moderate,3,thunderstrike,3,thunderstrike,7,0.7777777777777778,9
resnet18,43,gaussian_blur_moderate,3,thunderstrike,4,crack,0,0.0,9
resnet18,43,gaussian_blur_moderate,3,thunderstrike,5,hide_craze,0,0.0,9
resnet18,43,gaussian_blur_moderate,4,crack,0,craze,0,0.0,14
resnet18,43,gaussian_blur_moderate,4,crack,1,corrosion,0,0.0,14
resnet18,43,gaussian_blur_moderate,4,crack,2,surface_injure,0,0.0,14
resnet18,43,gaussian_blur_moderate,4,crack,3,thunderstrike,0,0.0,14
resnet18,43,gaussian_blur_moderate,4,crack,4,crack,14,1.0,14
resnet18,43,gaussian_blur_moderate,4,crack,5,hide_craze,0,0.0,14
resnet18,43,gaussian_blur_moderate,5,hide_craze,0,craze,0,0.0,49
resnet18,43,gaussian_blur_moderate,5,hide_craze,1,corrosion,0,0.0,49
resnet18,43,gaussian_blur_moderate,5,hide_craze,2,surface_injure,1,0.02040816326530612,49
resnet18,43,gaussian_blur_moderate,5,hide_craze,3,thunderstrike,0,0.0,49
resnet18,43,gaussian_blur_moderate,5,hide_craze,4,crack,3,0.061224489795918366,49
resnet18,43,gaussian_blur_moderate,5,hide_craze,5,hide_craze,45,0.9183673469387755,49
resnet18,43,gaussian_blur_severe,0,craze,0,craze,11,0.4074074074074074,27
resnet18,43,gaussian_blur_severe,0,craze,1,corrosion,0,0.0,27
resnet18,43,gaussian_blur_severe,0,craze,2,surface_injure,6,0.2222222222222222,27
resnet18,43,gaussian_blur_severe,0,craze,3,thunderstrike,1,0.037037037037037035,27
resnet18,43,gaussian_blur_severe,0,craze,4,crack,0,0.0,27
resnet18,43,gaussian_blur_severe,0,craze,5,hide_craze,9,0.3333333333333333,27
resnet18,43,gaussian_blur_severe,1,corrosion,0,craze,0,0.0,30
resnet18,43,gaussian_blur_severe,1,corrosion,1,corrosion,8,0.26666666666666666,30
resnet18,43,gaussian_blur_severe,1,corrosion,2,surface_injure,7,0.23333333333333334,30
resnet18,43,gaussian_blur_severe,1,corrosion,3,thunderstrike,0,0.0,30
resnet18,43,gaussian_blur_severe,1,corrosion,4,crack,0,0.0,30
resnet18,43,gaussian_blur_severe,1,corrosion,5,hide_craze,15,0.5,30
resnet18,43,gaussian_blur_severe,2,surface_injure,0,craze,0,0.0,33
resnet18,43,gaussian_blur_severe,2,surface_injure,1,corrosion,0,0.0,33
resnet18,43,gaussian_blur_severe,2,surface_injure,2,surface_injure,30,0.9090909090909091,33
resnet18,43,gaussian_blur_severe,2,surface_injure,3,thunderstrike,0,0.0,33
resnet18,43,gaussian_blur_severe,2,surface_injure,4,crack,0,0.0,33
resnet18,43,gaussian_blur_severe,2,surface_injure,5,hide_craze,3,0.09090909090909091,33
resnet18,43,gaussian_blur_severe,3,thunderstrike,0,craze,0,0.0,9
resnet18,43,gaussian_blur_severe,3,thunderstrike,1,corrosion,0,0.0,9
resnet18,43,gaussian_blur_severe,3,thunderstrike,2,surface_injure,5,0.5555555555555556,9
resnet18,43,gaussian_blur_severe,3,thunderstrike,3,thunderstrike,4,0.4444444444444444,9
resnet18,43,gaussian_blur_severe,3,thunderstrike,4,crack,0,0.0,9
resnet18,43,gaussian_blur_severe,3,thunderstrike,5,hide_craze,0,0.0,9
resnet18,43,gaussian_blur_severe,4,crack,0,craze,0,0.0,14
resnet18,43,gaussian_blur_severe,4,crack,1,corrosion,0,0.0,14
resnet18,43,gaussian_blur_severe,4,crack,2,surface_injure,0,0.0,14
resnet18,43,gaussian_blur_severe,4,crack,3,thunderstrike,0,0.0,14
resnet18,43,gaussian_blur_severe,4,crack,4,crack,12,0.8571428571428571,14
resnet18,43,gaussian_blur_severe,4,crack,5,hide_craze,2,0.14285714285714285,14
resnet18,43,gaussian_blur_severe,5,hide_craze,0,craze,0,0.0,49
resnet18,43,gaussian_blur_severe,5,hide_craze,1,corrosion,0,0.0,49
resnet18,43,gaussian_blur_severe,5,hide_craze,2,surface_injure,2,0.04081632653061224,49
resnet18,43,gaussian_blur_severe,5,hide_craze,3,thunderstrike,0,0.0,49
resnet18,43,gaussian_blur_severe,5,hide_craze,4,crack,0,0.0,49
resnet18,43,gaussian_blur_severe,5,hide_craze,5,hide_craze,47,0.9591836734693877,49
resnet18,43,resolution_mild,0,craze,0,craze,26,0.9629629629629629,27
resnet18,43,resolution_mild,0,craze,1,corrosion,0,0.0,27
resnet18,43,resolution_mild,0,craze,2,surface_injure,1,0.037037037037037035,27
resnet18,43,resolution_mild,0,craze,3,thunderstrike,0,0.0,27
resnet18,43,resolution_mild,0,craze,4,crack,0,0.0,27
resnet18,43,resolution_mild,0,craze,5,hide_craze,0,0.0,27
resnet18,43,resolution_mild,1,corrosion,0,craze,2,0.06666666666666667,30
resnet18,43,resolution_mild,1,corrosion,1,corrosion,21,0.7,30
resnet18,43,resolution_mild,1,corrosion,2,surface_injure,4,0.13333333333333333,30
resnet18,43,resolution_mild,1,corrosion,3,thunderstrike,0,0.0,30
resnet18,43,resolution_mild,1,corrosion,4,crack,0,0.0,30
resnet18,43,resolution_mild,1,corrosion,5,hide_craze,3,0.1,30
resnet18,43,resolution_mild,2,surface_injure,0,craze,0,0.0,33
resnet18,43,resolution_mild,2,surface_injure,1,corrosion,1,0.030303030303030304,33
resnet18,43,resolution_mild,2,surface_injure,2,surface_injure,30,0.9090909090909091,33
resnet18,43,resolution_mild,2,surface_injure,3,thunderstrike,0,0.0,33
resnet18,43,resolution_mild,2,surface_injure,4,crack,0,0.0,33
resnet18,43,resolution_mild,2,surface_injure,5,hide_craze,2,0.06060606060606061,33
resnet18,43,resolution_mild,3,thunderstrike,0,craze,0,0.0,9
resnet18,43,resolution_mild,3,thunderstrike,1,corrosion,0,0.0,9
resnet18,43,resolution_mild,3,thunderstrike,2,surface_injure,2,0.2222222222222222,9
resnet18,43,resolution_mild,3,thunderstrike,3,thunderstrike,7,0.7777777777777778,9
resnet18,43,resolution_mild,3,thunderstrike,4,crack,0,0.0,9
resnet18,43,resolution_mild,3,thunderstrike,5,hide_craze,0,0.0,9
resnet18,43,resolution_mild,4,crack,0,craze,0,0.0,14
resnet18,43,resolution_mild,4,crack,1,corrosion,0,0.0,14
resnet18,43,resolution_mild,4,crack,2,surface_injure,0,0.0,14
resnet18,43,resolution_mild,4,crack,3,thunderstrike,0,0.0,14
resnet18,43,resolution_mild,4,crack,4,crack,13,0.9285714285714286,14
resnet18,43,resolution_mild,4,crack,5,hide_craze,1,0.07142857142857142,14
resnet18,43,resolution_mild,5,hide_craze,0,craze,0,0.0,49
resnet18,43,resolution_mild,5,hide_craze,1,corrosion,0,0.0,49
resnet18,43,resolution_mild,5,hide_craze,2,surface_injure,0,0.0,49
resnet18,43,resolution_mild,5,hide_craze,3,thunderstrike,1,0.02040816326530612,49
resnet18,43,resolution_mild,5,hide_craze,4,crack,3,0.061224489795918366,49
resnet18,43,resolution_mild,5,hide_craze,5,hide_craze,45,0.9183673469387755,49
resnet18,43,resolution_moderate,0,craze,0,craze,25,0.9259259259259259,27
resnet18,43,resolution_moderate,0,craze,1,corrosion,0,0.0,27
resnet18,43,resolution_moderate,0,craze,2,surface_injure,1,0.037037037037037035,27
resnet18,43,resolution_moderate,0,craze,3,thunderstrike,0,0.0,27
resnet18,43,resolution_moderate,0,craze,4,crack,1,0.037037037037037035,27
resnet18,43,resolution_moderate,0,craze,5,hide_craze,0,0.0,27
resnet18,43,resolution_moderate,1,corrosion,0,craze,3,0.1,30
resnet18,43,resolution_moderate,1,corrosion,1,corrosion,18,0.6,30
resnet18,43,resolution_moderate,1,corrosion,2,surface_injure,3,0.1,30
resnet18,43,resolution_moderate,1,corrosion,3,thunderstrike,0,0.0,30
resnet18,43,resolution_moderate,1,corrosion,4,crack,0,0.0,30
resnet18,43,resolution_moderate,1,corrosion,5,hide_craze,6,0.2,30
resnet18,43,resolution_moderate,2,surface_injure,0,craze,0,0.0,33
resnet18,43,resolution_moderate,2,surface_injure,1,corrosion,1,0.030303030303030304,33
resnet18,43,resolution_moderate,2,surface_injure,2,surface_injure,29,0.8787878787878788,33
resnet18,43,resolution_moderate,2,surface_injure,3,thunderstrike,0,0.0,33
resnet18,43,resolution_moderate,2,surface_injure,4,crack,0,0.0,33
resnet18,43,resolution_moderate,2,surface_injure,5,hide_craze,3,0.09090909090909091,33
resnet18,43,resolution_moderate,3,thunderstrike,0,craze,0,0.0,9
resnet18,43,resolution_moderate,3,thunderstrike,1,corrosion,0,0.0,9
resnet18,43,resolution_moderate,3,thunderstrike,2,surface_injure,2,0.2222222222222222,9
resnet18,43,resolution_moderate,3,thunderstrike,3,thunderstrike,7,0.7777777777777778,9
resnet18,43,resolution_moderate,3,thunderstrike,4,crack,0,0.0,9
resnet18,43,resolution_moderate,3,thunderstrike,5,hide_craze,0,0.0,9
resnet18,43,resolution_moderate,4,crack,0,craze,0,0.0,14
resnet18,43,resolution_moderate,4,crack,1,corrosion,0,0.0,14
resnet18,43,resolution_moderate,4,crack,2,surface_injure,0,0.0,14
resnet18,43,resolution_moderate,4,crack,3,thunderstrike,0,0.0,14
resnet18,43,resolution_moderate,4,crack,4,crack,14,1.0,14
resnet18,43,resolution_moderate,4,crack,5,hide_craze,0,0.0,14
resnet18,43,resolution_moderate,5,hide_craze,0,craze,0,0.0,49
resnet18,43,resolution_moderate,5,hide_craze,1,corrosion,0,0.0,49
resnet18,43,resolution_moderate,5,hide_craze,2,surface_injure,1,0.02040816326530612,49
resnet18,43,resolution_moderate,5,hide_craze,3,thunderstrike,0,0.0,49
resnet18,43,resolution_moderate,5,hide_craze,4,crack,3,0.061224489795918366,49
resnet18,43,resolution_moderate,5,hide_craze,5,hide_craze,45,0.9183673469387755,49
resnet18,43,resolution_severe,0,craze,0,craze,12,0.4444444444444444,27
resnet18,43,resolution_severe,0,craze,1,corrosion,0,0.0,27
resnet18,43,resolution_severe,0,craze,2,surface_injure,6,0.2222222222222222,27
resnet18,43,resolution_severe,0,craze,3,thunderstrike,1,0.037037037037037035,27
resnet18,43,resolution_severe,0,craze,4,crack,1,0.037037037037037035,27
resnet18,43,resolution_severe,0,craze,5,hide_craze,7,0.25925925925925924,27
resnet18,43,resolution_severe,1,corrosion,0,craze,2,0.06666666666666667,30
resnet18,43,resolution_severe,1,corrosion,1,corrosion,12,0.4,30
resnet18,43,resolution_severe,1,corrosion,2,surface_injure,3,0.1,30
resnet18,43,resolution_severe,1,corrosion,3,thunderstrike,0,0.0,30
resnet18,43,resolution_severe,1,corrosion,4,crack,0,0.0,30
resnet18,43,resolution_severe,1,corrosion,5,hide_craze,13,0.43333333333333335,30
resnet18,43,resolution_severe,2,surface_injure,0,craze,0,0.0,33
resnet18,43,resolution_severe,2,surface_injure,1,corrosion,0,0.0,33
resnet18,43,resolution_severe,2,surface_injure,2,surface_injure,28,0.8484848484848485,33
resnet18,43,resolution_severe,2,surface_injure,3,thunderstrike,0,0.0,33
resnet18,43,resolution_severe,2,surface_injure,4,crack,1,0.030303030303030304,33
resnet18,43,resolution_severe,2,surface_injure,5,hide_craze,4,0.12121212121212122,33
resnet18,43,resolution_severe,3,thunderstrike,0,craze,0,0.0,9
resnet18,43,resolution_severe,3,thunderstrike,1,corrosion,0,0.0,9
resnet18,43,resolution_severe,3,thunderstrike,2,surface_injure,3,0.3333333333333333,9
resnet18,43,resolution_severe,3,thunderstrike,3,thunderstrike,6,0.6666666666666666,9
resnet18,43,resolution_severe,3,thunderstrike,4,crack,0,0.0,9
resnet18,43,resolution_severe,3,thunderstrike,5,hide_craze,0,0.0,9
resnet18,43,resolution_severe,4,crack,0,craze,0,0.0,14
resnet18,43,resolution_severe,4,crack,1,corrosion,0,0.0,14
resnet18,43,resolution_severe,4,crack,2,surface_injure,0,0.0,14
resnet18,43,resolution_severe,4,crack,3,thunderstrike,0,0.0,14
resnet18,43,resolution_severe,4,crack,4,crack,12,0.8571428571428571,14
resnet18,43,resolution_severe,4,crack,5,hide_craze,2,0.14285714285714285,14
resnet18,43,resolution_severe,5,hide_craze,0,craze,0,0.0,49
resnet18,43,resolution_severe,5,hide_craze,1,corrosion,0,0.0,49
resnet18,43,resolution_severe,5,hide_craze,2,surface_injure,1,0.02040816326530612,49
resnet18,43,resolution_severe,5,hide_craze,3,thunderstrike,0,0.0,49
resnet18,43,resolution_severe,5,hide_craze,4,crack,0,0.0,49
resnet18,43,resolution_severe,5,hide_craze,5,hide_craze,48,0.9795918367346939,49
resnet18,43,brightness_mild,0,craze,0,craze,25,0.9259259259259259,27
resnet18,43,brightness_mild,0,craze,1,corrosion,0,0.0,27
resnet18,43,brightness_mild,0,craze,2,surface_injure,2,0.07407407407407407,27
resnet18,43,brightness_mild,0,craze,3,thunderstrike,0,0.0,27
resnet18,43,brightness_mild,0,craze,4,crack,0,0.0,27
resnet18,43,brightness_mild,0,craze,5,hide_craze,0,0.0,27
resnet18,43,brightness_mild,1,corrosion,0,craze,0,0.0,30
resnet18,43,brightness_mild,1,corrosion,1,corrosion,24,0.8,30
resnet18,43,brightness_mild,1,corrosion,2,surface_injure,3,0.1,30
resnet18,43,brightness_mild,1,corrosion,3,thunderstrike,0,0.0,30
resnet18,43,brightness_mild,1,corrosion,4,crack,0,0.0,30
resnet18,43,brightness_mild,1,corrosion,5,hide_craze,3,0.1,30
resnet18,43,brightness_mild,2,surface_injure,0,craze,1,0.030303030303030304,33
resnet18,43,brightness_mild,2,surface_injure,1,corrosion,1,0.030303030303030304,33
resnet18,43,brightness_mild,2,surface_injure,2,surface_injure,30,0.9090909090909091,33
resnet18,43,brightness_mild,2,surface_injure,3,thunderstrike,0,0.0,33
resnet18,43,brightness_mild,2,surface_injure,4,crack,0,0.0,33
resnet18,43,brightness_mild,2,surface_injure,5,hide_craze,1,0.030303030303030304,33
resnet18,43,brightness_mild,3,thunderstrike,0,craze,0,0.0,9
resnet18,43,brightness_mild,3,thunderstrike,1,corrosion,0,0.0,9
resnet18,43,brightness_mild,3,thunderstrike,2,surface_injure,2,0.2222222222222222,9
resnet18,43,brightness_mild,3,thunderstrike,3,thunderstrike,7,0.7777777777777778,9
resnet18,43,brightness_mild,3,thunderstrike,4,crack,0,0.0,9
resnet18,43,brightness_mild,3,thunderstrike,5,hide_craze,0,0.0,9
resnet18,43,brightness_mild,4,crack,0,craze,0,0.0,14
resnet18,43,brightness_mild,4,crack,1,corrosion,0,0.0,14
resnet18,43,brightness_mild,4,crack,2,surface_injure,0,0.0,14
resnet18,43,brightness_mild,4,crack,3,thunderstrike,0,0.0,14
resnet18,43,brightness_mild,4,crack,4,crack,13,0.9285714285714286,14
resnet18,43,brightness_mild,4,crack,5,hide_craze,1,0.07142857142857142,14
resnet18,43,brightness_mild,5,hide_craze,0,craze,1,0.02040816326530612,49
resnet18,43,brightness_mild,5,hide_craze,1,corrosion,0,0.0,49
resnet18,43,brightness_mild,5,hide_craze,2,surface_injure,1,0.02040816326530612,49
resnet18,43,brightness_mild,5,hide_craze,3,thunderstrike,0,0.0,49
resnet18,43,brightness_mild,5,hide_craze,4,crack,0,0.0,49
resnet18,43,brightness_mild,5,hide_craze,5,hide_craze,47,0.9591836734693877,49
resnet18,43,brightness_moderate,0,craze,0,craze,19,0.7037037037037037,27
resnet18,43,brightness_moderate,0,craze,1,corrosion,0,0.0,27
resnet18,43,brightness_moderate,0,craze,2,surface_injure,4,0.14814814814814814,27
resnet18,43,brightness_moderate,0,craze,3,thunderstrike,0,0.0,27
resnet18,43,brightness_moderate,0,craze,4,crack,0,0.0,27
resnet18,43,brightness_moderate,0,craze,5,hide_craze,4,0.14814814814814814,27
resnet18,43,brightness_moderate,1,corrosion,0,craze,1,0.03333333333333333,30
resnet18,43,brightness_moderate,1,corrosion,1,corrosion,18,0.6,30
resnet18,43,brightness_moderate,1,corrosion,2,surface_injure,1,0.03333333333333333,30
resnet18,43,brightness_moderate,1,corrosion,3,thunderstrike,2,0.06666666666666667,30
resnet18,43,brightness_moderate,1,corrosion,4,crack,0,0.0,30
resnet18,43,brightness_moderate,1,corrosion,5,hide_craze,8,0.26666666666666666,30
resnet18,43,brightness_moderate,2,surface_injure,0,craze,1,0.030303030303030304,33
resnet18,43,brightness_moderate,2,surface_injure,1,corrosion,1,0.030303030303030304,33
resnet18,43,brightness_moderate,2,surface_injure,2,surface_injure,28,0.8484848484848485,33
resnet18,43,brightness_moderate,2,surface_injure,3,thunderstrike,0,0.0,33
resnet18,43,brightness_moderate,2,surface_injure,4,crack,0,0.0,33
resnet18,43,brightness_moderate,2,surface_injure,5,hide_craze,3,0.09090909090909091,33
resnet18,43,brightness_moderate,3,thunderstrike,0,craze,0,0.0,9
resnet18,43,brightness_moderate,3,thunderstrike,1,corrosion,0,0.0,9
resnet18,43,brightness_moderate,3,thunderstrike,2,surface_injure,2,0.2222222222222222,9
resnet18,43,brightness_moderate,3,thunderstrike,3,thunderstrike,7,0.7777777777777778,9
resnet18,43,brightness_moderate,3,thunderstrike,4,crack,0,0.0,9
resnet18,43,brightness_moderate,3,thunderstrike,5,hide_craze,0,0.0,9
resnet18,43,brightness_moderate,4,crack,0,craze,0,0.0,14
resnet18,43,brightness_moderate,4,crack,1,corrosion,0,0.0,14
resnet18,43,brightness_moderate,4,crack,2,surface_injure,0,0.0,14
resnet18,43,brightness_moderate,4,crack,3,thunderstrike,0,0.0,14
resnet18,43,brightness_moderate,4,crack,4,crack,12,0.8571428571428571,14
resnet18,43,brightness_moderate,4,crack,5,hide_craze,2,0.14285714285714285,14
resnet18,43,brightness_moderate,5,hide_craze,0,craze,0,0.0,49
resnet18,43,brightness_moderate,5,hide_craze,1,corrosion,0,0.0,49
resnet18,43,brightness_moderate,5,hide_craze,2,surface_injure,2,0.04081632653061224,49
resnet18,43,brightness_moderate,5,hide_craze,3,thunderstrike,0,0.0,49
resnet18,43,brightness_moderate,5,hide_craze,4,crack,0,0.0,49
resnet18,43,brightness_moderate,5,hide_craze,5,hide_craze,47,0.9591836734693877,49
resnet18,43,brightness_severe,0,craze,0,craze,7,0.25925925925925924,27
resnet18,43,brightness_severe,0,craze,1,corrosion,1,0.037037037037037035,27
resnet18,43,brightness_severe,0,craze,2,surface_injure,3,0.1111111111111111,27
resnet18,43,brightness_severe,0,craze,3,thunderstrike,2,0.07407407407407407,27
resnet18,43,brightness_severe,0,craze,4,crack,0,0.0,27
resnet18,43,brightness_severe,0,craze,5,hide_craze,14,0.5185185185185185,27
resnet18,43,brightness_severe,1,corrosion,0,craze,0,0.0,30
resnet18,43,brightness_severe,1,corrosion,1,corrosion,7,0.23333333333333334,30
resnet18,43,brightness_severe,1,corrosion,2,surface_injure,1,0.03333333333333333,30
resnet18,43,brightness_severe,1,corrosion,3,thunderstrike,0,0.0,30
resnet18,43,brightness_severe,1,corrosion,4,crack,0,0.0,30
resnet18,43,brightness_severe,1,corrosion,5,hide_craze,22,0.7333333333333333,30
resnet18,43,brightness_severe,2,surface_injure,0,craze,1,0.030303030303030304,33
resnet18,43,brightness_severe,2,surface_injure,1,corrosion,0,0.0,33
resnet18,43,brightness_severe,2,surface_injure,2,surface_injure,19,0.5757575757575758,33
resnet18,43,brightness_severe,2,surface_injure,3,thunderstrike,0,0.0,33
resnet18,43,brightness_severe,2,surface_injure,4,crack,0,0.0,33
resnet18,43,brightness_severe,2,surface_injure,5,hide_craze,13,0.3939393939393939,33
resnet18,43,brightness_severe,3,thunderstrike,0,craze,0,0.0,9
resnet18,43,brightness_severe,3,thunderstrike,1,corrosion,0,0.0,9
resnet18,43,brightness_severe,3,thunderstrike,2,surface_injure,2,0.2222222222222222,9
resnet18,43,brightness_severe,3,thunderstrike,3,thunderstrike,3,0.3333333333333333,9
resnet18,43,brightness_severe,3,thunderstrike,4,crack,0,0.0,9
resnet18,43,brightness_severe,3,thunderstrike,5,hide_craze,4,0.4444444444444444,9
resnet18,43,brightness_severe,4,crack,0,craze,0,0.0,14
resnet18,43,brightness_severe,4,crack,1,corrosion,0,0.0,14
resnet18,43,brightness_severe,4,crack,2,surface_injure,0,0.0,14
resnet18,43,brightness_severe,4,crack,3,thunderstrike,0,0.0,14
resnet18,43,brightness_severe,4,crack,4,crack,3,0.21428571428571427,14
resnet18,43,brightness_severe,4,crack,5,hide_craze,11,0.7857142857142857,14
resnet18,43,brightness_severe,5,hide_craze,0,craze,0,0.0,49
resnet18,43,brightness_severe,5,hide_craze,1,corrosion,0,0.0,49
resnet18,43,brightness_severe,5,hide_craze,2,surface_injure,1,0.02040816326530612,49
resnet18,43,brightness_severe,5,hide_craze,3,thunderstrike,0,0.0,49
resnet18,43,brightness_severe,5,hide_craze,4,crack,0,0.0,49
resnet18,43,brightness_severe,5,hide_craze,5,hide_craze,48,0.9795918367346939,49
resnet18,43,jpeg_mild,0,craze,0,craze,27,1.0,27
resnet18,43,jpeg_mild,0,craze,1,corrosion,0,0.0,27
resnet18,43,jpeg_mild,0,craze,2,surface_injure,0,0.0,27
resnet18,43,jpeg_mild,0,craze,3,thunderstrike,0,0.0,27
resnet18,43,jpeg_mild,0,craze,4,crack,0,0.0,27
resnet18,43,jpeg_mild,0,craze,5,hide_craze,0,0.0,27
resnet18,43,jpeg_mild,1,corrosion,0,craze,1,0.03333333333333333,30
resnet18,43,jpeg_mild,1,corrosion,1,corrosion,24,0.8,30
resnet18,43,jpeg_mild,1,corrosion,2,surface_injure,3,0.1,30
resnet18,43,jpeg_mild,1,corrosion,3,thunderstrike,1,0.03333333333333333,30
resnet18,43,jpeg_mild,1,corrosion,4,crack,0,0.0,30
resnet18,43,jpeg_mild,1,corrosion,5,hide_craze,1,0.03333333333333333,30
resnet18,43,jpeg_mild,2,surface_injure,0,craze,0,0.0,33
resnet18,43,jpeg_mild,2,surface_injure,1,corrosion,1,0.030303030303030304,33
resnet18,43,jpeg_mild,2,surface_injure,2,surface_injure,29,0.8787878787878788,33
resnet18,43,jpeg_mild,2,surface_injure,3,thunderstrike,0,0.0,33
resnet18,43,jpeg_mild,2,surface_injure,4,crack,1,0.030303030303030304,33
resnet18,43,jpeg_mild,2,surface_injure,5,hide_craze,2,0.06060606060606061,33
resnet18,43,jpeg_mild,3,thunderstrike,0,craze,0,0.0,9
resnet18,43,jpeg_mild,3,thunderstrike,1,corrosion,0,0.0,9
resnet18,43,jpeg_mild,3,thunderstrike,2,surface_injure,2,0.2222222222222222,9
resnet18,43,jpeg_mild,3,thunderstrike,3,thunderstrike,7,0.7777777777777778,9
resnet18,43,jpeg_mild,3,thunderstrike,4,crack,0,0.0,9
resnet18,43,jpeg_mild,3,thunderstrike,5,hide_craze,0,0.0,9
resnet18,43,jpeg_mild,4,crack,0,craze,0,0.0,14
resnet18,43,jpeg_mild,4,crack,1,corrosion,0,0.0,14
resnet18,43,jpeg_mild,4,crack,2,surface_injure,0,0.0,14
resnet18,43,jpeg_mild,4,crack,3,thunderstrike,0,0.0,14
resnet18,43,jpeg_mild,4,crack,4,crack,13,0.9285714285714286,14
resnet18,43,jpeg_mild,4,crack,5,hide_craze,1,0.07142857142857142,14
resnet18,43,jpeg_mild,5,hide_craze,0,craze,0,0.0,49
resnet18,43,jpeg_mild,5,hide_craze,1,corrosion,0,0.0,49
resnet18,43,jpeg_mild,5,hide_craze,2,surface_injure,0,0.0,49
resnet18,43,jpeg_mild,5,hide_craze,3,thunderstrike,1,0.02040816326530612,49
resnet18,43,jpeg_mild,5,hide_craze,4,crack,2,0.04081632653061224,49
resnet18,43,jpeg_mild,5,hide_craze,5,hide_craze,46,0.9387755102040817,49
resnet18,43,jpeg_moderate,0,craze,0,craze,25,0.9259259259259259,27
resnet18,43,jpeg_moderate,0,craze,1,corrosion,0,0.0,27
resnet18,43,jpeg_moderate,0,craze,2,surface_injure,0,0.0,27
resnet18,43,jpeg_moderate,0,craze,3,thunderstrike,0,0.0,27
resnet18,43,jpeg_moderate,0,craze,4,crack,2,0.07407407407407407,27
resnet18,43,jpeg_moderate,0,craze,5,hide_craze,0,0.0,27
resnet18,43,jpeg_moderate,1,corrosion,0,craze,0,0.0,30
resnet18,43,jpeg_moderate,1,corrosion,1,corrosion,25,0.8333333333333334,30
resnet18,43,jpeg_moderate,1,corrosion,2,surface_injure,3,0.1,30
resnet18,43,jpeg_moderate,1,corrosion,3,thunderstrike,1,0.03333333333333333,30
resnet18,43,jpeg_moderate,1,corrosion,4,crack,0,0.0,30
resnet18,43,jpeg_moderate,1,corrosion,5,hide_craze,1,0.03333333333333333,30
resnet18,43,jpeg_moderate,2,surface_injure,0,craze,1,0.030303030303030304,33
resnet18,43,jpeg_moderate,2,surface_injure,1,corrosion,1,0.030303030303030304,33
resnet18,43,jpeg_moderate,2,surface_injure,2,surface_injure,27,0.8181818181818182,33
resnet18,43,jpeg_moderate,2,surface_injure,3,thunderstrike,0,0.0,33
resnet18,43,jpeg_moderate,2,surface_injure,4,crack,1,0.030303030303030304,33
resnet18,43,jpeg_moderate,2,surface_injure,5,hide_craze,3,0.09090909090909091,33
resnet18,43,jpeg_moderate,3,thunderstrike,0,craze,0,0.0,9
resnet18,43,jpeg_moderate,3,thunderstrike,1,corrosion,0,0.0,9
resnet18,43,jpeg_moderate,3,thunderstrike,2,surface_injure,2,0.2222222222222222,9
resnet18,43,jpeg_moderate,3,thunderstrike,3,thunderstrike,7,0.7777777777777778,9
resnet18,43,jpeg_moderate,3,thunderstrike,4,crack,0,0.0,9
resnet18,43,jpeg_moderate,3,thunderstrike,5,hide_craze,0,0.0,9
resnet18,43,jpeg_moderate,4,crack,0,craze,0,0.0,14
resnet18,43,jpeg_moderate,4,crack,1,corrosion,0,0.0,14
resnet18,43,jpeg_moderate,4,crack,2,surface_injure,0,0.0,14
resnet18,43,jpeg_moderate,4,crack,3,thunderstrike,0,0.0,14
resnet18,43,jpeg_moderate,4,crack,4,crack,13,0.9285714285714286,14
resnet18,43,jpeg_moderate,4,crack,5,hide_craze,1,0.07142857142857142,14
resnet18,43,jpeg_moderate,5,hide_craze,0,craze,0,0.0,49
resnet18,43,jpeg_moderate,5,hide_craze,1,corrosion,0,0.0,49
resnet18,43,jpeg_moderate,5,hide_craze,2,surface_injure,1,0.02040816326530612,49
resnet18,43,jpeg_moderate,5,hide_craze,3,thunderstrike,1,0.02040816326530612,49
resnet18,43,jpeg_moderate,5,hide_craze,4,crack,2,0.04081632653061224,49
resnet18,43,jpeg_moderate,5,hide_craze,5,hide_craze,45,0.9183673469387755,49
resnet18,43,jpeg_severe,0,craze,0,craze,20,0.7407407407407407,27
resnet18,43,jpeg_severe,0,craze,1,corrosion,0,0.0,27
resnet18,43,jpeg_severe,0,craze,2,surface_injure,3,0.1111111111111111,27
resnet18,43,jpeg_severe,0,craze,3,thunderstrike,0,0.0,27
resnet18,43,jpeg_severe,0,craze,4,crack,0,0.0,27
resnet18,43,jpeg_severe,0,craze,5,hide_craze,4,0.14814814814814814,27
resnet18,43,jpeg_severe,1,corrosion,0,craze,0,0.0,30
resnet18,43,jpeg_severe,1,corrosion,1,corrosion,24,0.8,30
resnet18,43,jpeg_severe,1,corrosion,2,surface_injure,2,0.06666666666666667,30
resnet18,43,jpeg_severe,1,corrosion,3,thunderstrike,0,0.0,30
resnet18,43,jpeg_severe,1,corrosion,4,crack,0,0.0,30
resnet18,43,jpeg_severe,1,corrosion,5,hide_craze,4,0.13333333333333333,30
resnet18,43,jpeg_severe,2,surface_injure,0,craze,0,0.0,33
resnet18,43,jpeg_severe,2,surface_injure,1,corrosion,3,0.09090909090909091,33
resnet18,43,jpeg_severe,2,surface_injure,2,surface_injure,26,0.7878787878787878,33
resnet18,43,jpeg_severe,2,surface_injure,3,thunderstrike,0,0.0,33
resnet18,43,jpeg_severe,2,surface_injure,4,crack,1,0.030303030303030304,33
resnet18,43,jpeg_severe,2,surface_injure,5,hide_craze,3,0.09090909090909091,33
resnet18,43,jpeg_severe,3,thunderstrike,0,craze,0,0.0,9
resnet18,43,jpeg_severe,3,thunderstrike,1,corrosion,0,0.0,9
resnet18,43,jpeg_severe,3,thunderstrike,2,surface_injure,2,0.2222222222222222,9
resnet18,43,jpeg_severe,3,thunderstrike,3,thunderstrike,7,0.7777777777777778,9
resnet18,43,jpeg_severe,3,thunderstrike,4,crack,0,0.0,9
resnet18,43,jpeg_severe,3,thunderstrike,5,hide_craze,0,0.0,9
resnet18,43,jpeg_severe,4,crack,0,craze,0,0.0,14
resnet18,43,jpeg_severe,4,crack,1,corrosion,0,0.0,14
resnet18,43,jpeg_severe,4,crack,2,surface_injure,1,0.07142857142857142,14
resnet18,43,jpeg_severe,4,crack,3,thunderstrike,0,0.0,14
resnet18,43,jpeg_severe,4,crack,4,crack,11,0.7857142857142857,14
resnet18,43,jpeg_severe,4,crack,5,hide_craze,2,0.14285714285714285,14
resnet18,43,jpeg_severe,5,hide_craze,0,craze,0,0.0,49
resnet18,43,jpeg_severe,5,hide_craze,1,corrosion,0,0.0,49
resnet18,43,jpeg_severe,5,hide_craze,2,surface_injure,3,0.061224489795918366,49
resnet18,43,jpeg_severe,5,hide_craze,3,thunderstrike,0,0.0,49
resnet18,43,jpeg_severe,5,hide_craze,4,crack,2,0.04081632653061224,49
resnet18,43,jpeg_severe,5,hide_craze,5,hide_craze,44,0.8979591836734694,49
mobilenet_v3_small,17,clean,0,craze,0,craze,25,0.9259259259259259,27
mobilenet_v3_small,17,clean,0,craze,1,corrosion,1,0.037037037037037035,27
mobilenet_v3_small,17,clean,0,craze,2,surface_injure,1,0.037037037037037035,27
mobilenet_v3_small,17,clean,0,craze,3,thunderstrike,0,0.0,27
mobilenet_v3_small,17,clean,0,craze,4,crack,0,0.0,27
mobilenet_v3_small,17,clean,0,craze,5,hide_craze,0,0.0,27
mobilenet_v3_small,17,clean,1,corrosion,0,craze,0,0.0,30
mobilenet_v3_small,17,clean,1,corrosion,1,corrosion,23,0.7666666666666667,30
mobilenet_v3_small,17,clean,1,corrosion,2,surface_injure,2,0.06666666666666667,30
mobilenet_v3_small,17,clean,1,corrosion,3,thunderstrike,0,0.0,30
mobilenet_v3_small,17,clean,1,corrosion,4,crack,1,0.03333333333333333,30
mobilenet_v3_small,17,clean,1,corrosion,5,hide_craze,4,0.13333333333333333,30
mobilenet_v3_small,17,clean,2,surface_injure,0,craze,0,0.0,33
mobilenet_v3_small,17,clean,2,surface_injure,1,corrosion,2,0.06060606060606061,33
mobilenet_v3_small,17,clean,2,surface_injure,2,surface_injure,27,0.8181818181818182,33
mobilenet_v3_small,17,clean,2,surface_injure,3,thunderstrike,1,0.030303030303030304,33
mobilenet_v3_small,17,clean,2,surface_injure,4,crack,0,0.0,33
mobilenet_v3_small,17,clean,2,surface_injure,5,hide_craze,3,0.09090909090909091,33
mobilenet_v3_small,17,clean,3,thunderstrike,0,craze,0,0.0,9
mobilenet_v3_small,17,clean,3,thunderstrike,1,corrosion,0,0.0,9
mobilenet_v3_small,17,clean,3,thunderstrike,2,surface_injure,0,0.0,9
mobilenet_v3_small,17,clean,3,thunderstrike,3,thunderstrike,9,1.0,9
mobilenet_v3_small,17,clean,3,thunderstrike,4,crack,0,0.0,9
mobilenet_v3_small,17,clean,3,thunderstrike,5,hide_craze,0,0.0,9
mobilenet_v3_small,17,clean,4,crack,0,craze,0,0.0,14
mobilenet_v3_small,17,clean,4,crack,1,corrosion,0,0.0,14
mobilenet_v3_small,17,clean,4,crack,2,surface_injure,0,0.0,14
mobilenet_v3_small,17,clean,4,crack,3,thunderstrike,0,0.0,14
mobilenet_v3_small,17,clean,4,crack,4,crack,14,1.0,14
mobilenet_v3_small,17,clean,4,crack,5,hide_craze,0,0.0,14
mobilenet_v3_small,17,clean,5,hide_craze,0,craze,1,0.02040816326530612,49
mobilenet_v3_small,17,clean,5,hide_craze,1,corrosion,0,0.0,49
mobilenet_v3_small,17,clean,5,hide_craze,2,surface_injure,2,0.04081632653061224,49
mobilenet_v3_small,17,clean,5,hide_craze,3,thunderstrike,0,0.0,49
mobilenet_v3_small,17,clean,5,hide_craze,4,crack,0,0.0,49
mobilenet_v3_small,17,clean,5,hide_craze,5,hide_craze,46,0.9387755102040817,49
mobilenet_v3_small,17,gaussian_blur_mild,0,craze,0,craze,25,0.9259259259259259,27
mobilenet_v3_small,17,gaussian_blur_mild,0,craze,1,corrosion,1,0.037037037037037035,27
mobilenet_v3_small,17,gaussian_blur_mild,0,craze,2,surface_injure,1,0.037037037037037035,27
mobilenet_v3_small,17,gaussian_blur_mild,0,craze,3,thunderstrike,0,0.0,27
mobilenet_v3_small,17,gaussian_blur_mild,0,craze,4,crack,0,0.0,27
mobilenet_v3_small,17,gaussian_blur_mild,0,craze,5,hide_craze,0,0.0,27
mobilenet_v3_small,17,gaussian_blur_mild,1,corrosion,0,craze,1,0.03333333333333333,30
mobilenet_v3_small,17,gaussian_blur_mild,1,corrosion,1,corrosion,23,0.7666666666666667,30
mobilenet_v3_small,17,gaussian_blur_mild,1,corrosion,2,surface_injure,2,0.06666666666666667,30
mobilenet_v3_small,17,gaussian_blur_mild,1,corrosion,3,thunderstrike,0,0.0,30
mobilenet_v3_small,17,gaussian_blur_mild,1,corrosion,4,crack,1,0.03333333333333333,30
mobilenet_v3_small,17,gaussian_blur_mild,1,corrosion,5,hide_craze,3,0.1,30
mobilenet_v3_small,17,gaussian_blur_mild,2,surface_injure,0,craze,0,0.0,33
mobilenet_v3_small,17,gaussian_blur_mild,2,surface_injure,1,corrosion,2,0.06060606060606061,33
mobilenet_v3_small,17,gaussian_blur_mild,2,surface_injure,2,surface_injure,27,0.8181818181818182,33
mobilenet_v3_small,17,gaussian_blur_mild,2,surface_injure,3,thunderstrike,1,0.030303030303030304,33
mobilenet_v3_small,17,gaussian_blur_mild,2,surface_injure,4,crack,0,0.0,33
mobilenet_v3_small,17,gaussian_blur_mild,2,surface_injure,5,hide_craze,3,0.09090909090909091,33
mobilenet_v3_small,17,gaussian_blur_mild,3,thunderstrike,0,craze,0,0.0,9
mobilenet_v3_small,17,gaussian_blur_mild,3,thunderstrike,1,corrosion,0,0.0,9
mobilenet_v3_small,17,gaussian_blur_mild,3,thunderstrike,2,surface_injure,0,0.0,9
mobilenet_v3_small,17,gaussian_blur_mild,3,thunderstrike,3,thunderstrike,9,1.0,9
mobilenet_v3_small,17,gaussian_blur_mild,3,thunderstrike,4,crack,0,0.0,9
mobilenet_v3_small,17,gaussian_blur_mild,3,thunderstrike,5,hide_craze,0,0.0,9
mobilenet_v3_small,17,gaussian_blur_mild,4,crack,0,craze,0,0.0,14
mobilenet_v3_small,17,gaussian_blur_mild,4,crack,1,corrosion,0,0.0,14
mobilenet_v3_small,17,gaussian_blur_mild,4,crack,2,surface_injure,0,0.0,14
mobilenet_v3_small,17,gaussian_blur_mild,4,crack,3,thunderstrike,0,0.0,14
mobilenet_v3_small,17,gaussian_blur_mild,4,crack,4,crack,14,1.0,14
mobilenet_v3_small,17,gaussian_blur_mild,4,crack,5,hide_craze,0,0.0,14
mobilenet_v3_small,17,gaussian_blur_mild,5,hide_craze,0,craze,1,0.02040816326530612,49
mobilenet_v3_small,17,gaussian_blur_mild,5,hide_craze,1,corrosion,0,0.0,49
mobilenet_v3_small,17,gaussian_blur_mild,5,hide_craze,2,surface_injure,2,0.04081632653061224,49
mobilenet_v3_small,17,gaussian_blur_mild,5,hide_craze,3,thunderstrike,0,0.0,49
mobilenet_v3_small,17,gaussian_blur_mild,5,hide_craze,4,crack,0,0.0,49
mobilenet_v3_small,17,gaussian_blur_mild,5,hide_craze,5,hide_craze,46,0.9387755102040817,49
mobilenet_v3_small,17,gaussian_blur_moderate,0,craze,0,craze,18,0.6666666666666666,27
mobilenet_v3_small,17,gaussian_blur_moderate,0,craze,1,corrosion,1,0.037037037037037035,27
mobilenet_v3_small,17,gaussian_blur_moderate,0,craze,2,surface_injure,5,0.18518518518518517,27
mobilenet_v3_small,17,gaussian_blur_moderate,0,craze,3,thunderstrike,0,0.0,27
mobilenet_v3_small,17,gaussian_blur_moderate,0,craze,4,crack,0,0.0,27
mobilenet_v3_small,17,gaussian_blur_moderate,0,craze,5,hide_craze,3,0.1111111111111111,27
mobilenet_v3_small,17,gaussian_blur_moderate,1,corrosion,0,craze,0,0.0,30
mobilenet_v3_small,17,gaussian_blur_moderate,1,corrosion,1,corrosion,19,0.6333333333333333,30
mobilenet_v3_small,17,gaussian_blur_moderate,1,corrosion,2,surface_injure,3,0.1,30
mobilenet_v3_small,17,gaussian_blur_moderate,1,corrosion,3,thunderstrike,0,0.0,30
mobilenet_v3_small,17,gaussian_blur_moderate,1,corrosion,4,crack,1,0.03333333333333333,30
mobilenet_v3_small,17,gaussian_blur_moderate,1,corrosion,5,hide_craze,7,0.23333333333333334,30
mobilenet_v3_small,17,gaussian_blur_moderate,2,surface_injure,0,craze,0,0.0,33
mobilenet_v3_small,17,gaussian_blur_moderate,2,surface_injure,1,corrosion,0,0.0,33
mobilenet_v3_small,17,gaussian_blur_moderate,2,surface_injure,2,surface_injure,29,0.8787878787878788,33
mobilenet_v3_small,17,gaussian_blur_moderate,2,surface_injure,3,thunderstrike,1,0.030303030303030304,33
mobilenet_v3_small,17,gaussian_blur_moderate,2,surface_injure,4,crack,0,0.0,33
mobilenet_v3_small,17,gaussian_blur_moderate,2,surface_injure,5,hide_craze,3,0.09090909090909091,33
mobilenet_v3_small,17,gaussian_blur_moderate,3,thunderstrike,0,craze,0,0.0,9
mobilenet_v3_small,17,gaussian_blur_moderate,3,thunderstrike,1,corrosion,0,0.0,9
mobilenet_v3_small,17,gaussian_blur_moderate,3,thunderstrike,2,surface_injure,1,0.1111111111111111,9
mobilenet_v3_small,17,gaussian_blur_moderate,3,thunderstrike,3,thunderstrike,8,0.8888888888888888,9
mobilenet_v3_small,17,gaussian_blur_moderate,3,thunderstrike,4,crack,0,0.0,9
mobilenet_v3_small,17,gaussian_blur_moderate,3,thunderstrike,5,hide_craze,0,0.0,9
mobilenet_v3_small,17,gaussian_blur_moderate,4,crack,0,craze,0,0.0,14
mobilenet_v3_small,17,gaussian_blur_moderate,4,crack,1,corrosion,0,0.0,14
mobilenet_v3_small,17,gaussian_blur_moderate,4,crack,2,surface_injure,0,0.0,14
mobilenet_v3_small,17,gaussian_blur_moderate,4,crack,3,thunderstrike,0,0.0,14
mobilenet_v3_small,17,gaussian_blur_moderate,4,crack,4,crack,14,1.0,14
mobilenet_v3_small,17,gaussian_blur_moderate,4,crack,5,hide_craze,0,0.0,14
mobilenet_v3_small,17,gaussian_blur_moderate,5,hide_craze,0,craze,1,0.02040816326530612,49
mobilenet_v3_small,17,gaussian_blur_moderate,5,hide_craze,1,corrosion,0,0.0,49
mobilenet_v3_small,17,gaussian_blur_moderate,5,hide_craze,2,surface_injure,2,0.04081632653061224,49
mobilenet_v3_small,17,gaussian_blur_moderate,5,hide_craze,3,thunderstrike,0,0.0,49
mobilenet_v3_small,17,gaussian_blur_moderate,5,hide_craze,4,crack,0,0.0,49
mobilenet_v3_small,17,gaussian_blur_moderate,5,hide_craze,5,hide_craze,46,0.9387755102040817,49
mobilenet_v3_small,17,gaussian_blur_severe,0,craze,0,craze,14,0.5185185185185185,27
mobilenet_v3_small,17,gaussian_blur_severe,0,craze,1,corrosion,1,0.037037037037037035,27
mobilenet_v3_small,17,gaussian_blur_severe,0,craze,2,surface_injure,8,0.2962962962962963,27
mobilenet_v3_small,17,gaussian_blur_severe,0,craze,3,thunderstrike,0,0.0,27
mobilenet_v3_small,17,gaussian_blur_severe,0,craze,4,crack,1,0.037037037037037035,27
mobilenet_v3_small,17,gaussian_blur_severe,0,craze,5,hide_craze,3,0.1111111111111111,27
mobilenet_v3_small,17,gaussian_blur_severe,1,corrosion,0,craze,1,0.03333333333333333,30
mobilenet_v3_small,17,gaussian_blur_severe,1,corrosion,1,corrosion,12,0.4,30
mobilenet_v3_small,17,gaussian_blur_severe,1,corrosion,2,surface_injure,6,0.2,30
mobilenet_v3_small,17,gaussian_blur_severe,1,corrosion,3,thunderstrike,0,0.0,30
mobilenet_v3_small,17,gaussian_blur_severe,1,corrosion,4,crack,1,0.03333333333333333,30
mobilenet_v3_small,17,gaussian_blur_severe,1,corrosion,5,hide_craze,10,0.3333333333333333,30
mobilenet_v3_small,17,gaussian_blur_severe,2,surface_injure,0,craze,0,0.0,33
mobilenet_v3_small,17,gaussian_blur_severe,2,surface_injure,1,corrosion,0,0.0,33
mobilenet_v3_small,17,gaussian_blur_severe,2,surface_injure,2,surface_injure,29,0.8787878787878788,33
mobilenet_v3_small,17,gaussian_blur_severe,2,surface_injure,3,thunderstrike,0,0.0,33
mobilenet_v3_small,17,gaussian_blur_severe,2,surface_injure,4,crack,0,0.0,33
mobilenet_v3_small,17,gaussian_blur_severe,2,surface_injure,5,hide_craze,4,0.12121212121212122,33
mobilenet_v3_small,17,gaussian_blur_severe,3,thunderstrike,0,craze,1,0.1111111111111111,9
mobilenet_v3_small,17,gaussian_blur_severe,3,thunderstrike,1,corrosion,0,0.0,9
mobilenet_v3_small,17,gaussian_blur_severe,3,thunderstrike,2,surface_injure,4,0.4444444444444444,9
mobilenet_v3_small,17,gaussian_blur_severe,3,thunderstrike,3,thunderstrike,3,0.3333333333333333,9
mobilenet_v3_small,17,gaussian_blur_severe,3,thunderstrike,4,crack,1,0.1111111111111111,9
mobilenet_v3_small,17,gaussian_blur_severe,3,thunderstrike,5,hide_craze,0,0.0,9
mobilenet_v3_small,17,gaussian_blur_severe,4,crack,0,craze,0,0.0,14
mobilenet_v3_small,17,gaussian_blur_severe,4,crack,1,corrosion,0,0.0,14
mobilenet_v3_small,17,gaussian_blur_severe,4,crack,2,surface_injure,1,0.07142857142857142,14
mobilenet_v3_small,17,gaussian_blur_severe,4,crack,3,thunderstrike,0,0.0,14
mobilenet_v3_small,17,gaussian_blur_severe,4,crack,4,crack,13,0.9285714285714286,14
mobilenet_v3_small,17,gaussian_blur_severe,4,crack,5,hide_craze,0,0.0,14
mobilenet_v3_small,17,gaussian_blur_severe,5,hide_craze,0,craze,3,0.061224489795918366,49
mobilenet_v3_small,17,gaussian_blur_severe,5,hide_craze,1,corrosion,0,0.0,49
mobilenet_v3_small,17,gaussian_blur_severe,5,hide_craze,2,surface_injure,4,0.08163265306122448,49
mobilenet_v3_small,17,gaussian_blur_severe,5,hide_craze,3,thunderstrike,0,0.0,49
mobilenet_v3_small,17,gaussian_blur_severe,5,hide_craze,4,crack,0,0.0,49
mobilenet_v3_small,17,gaussian_blur_severe,5,hide_craze,5,hide_craze,42,0.8571428571428571,49
mobilenet_v3_small,17,resolution_mild,0,craze,0,craze,23,0.8518518518518519,27
mobilenet_v3_small,17,resolution_mild,0,craze,1,corrosion,1,0.037037037037037035,27
mobilenet_v3_small,17,resolution_mild,0,craze,2,surface_injure,2,0.07407407407407407,27
mobilenet_v3_small,17,resolution_mild,0,craze,3,thunderstrike,0,0.0,27
mobilenet_v3_small,17,resolution_mild,0,craze,4,crack,0,0.0,27
mobilenet_v3_small,17,resolution_mild,0,craze,5,hide_craze,1,0.037037037037037035,27
mobilenet_v3_small,17,resolution_mild,1,corrosion,0,craze,0,0.0,30
mobilenet_v3_small,17,resolution_mild,1,corrosion,1,corrosion,23,0.7666666666666667,30
mobilenet_v3_small,17,resolution_mild,1,corrosion,2,surface_injure,3,0.1,30
mobilenet_v3_small,17,resolution_mild,1,corrosion,3,thunderstrike,0,0.0,30
mobilenet_v3_small,17,resolution_mild,1,corrosion,4,crack,1,0.03333333333333333,30
mobilenet_v3_small,17,resolution_mild,1,corrosion,5,hide_craze,3,0.1,30
mobilenet_v3_small,17,resolution_mild,2,surface_injure,0,craze,0,0.0,33
mobilenet_v3_small,17,resolution_mild,2,surface_injure,1,corrosion,2,0.06060606060606061,33
mobilenet_v3_small,17,resolution_mild,2,surface_injure,2,surface_injure,27,0.8181818181818182,33
mobilenet_v3_small,17,resolution_mild,2,surface_injure,3,thunderstrike,1,0.030303030303030304,33
mobilenet_v3_small,17,resolution_mild,2,surface_injure,4,crack,0,0.0,33
mobilenet_v3_small,17,resolution_mild,2,surface_injure,5,hide_craze,3,0.09090909090909091,33
mobilenet_v3_small,17,resolution_mild,3,thunderstrike,0,craze,0,0.0,9
mobilenet_v3_small,17,resolution_mild,3,thunderstrike,1,corrosion,0,0.0,9
mobilenet_v3_small,17,resolution_mild,3,thunderstrike,2,surface_injure,0,0.0,9
mobilenet_v3_small,17,resolution_mild,3,thunderstrike,3,thunderstrike,9,1.0,9
mobilenet_v3_small,17,resolution_mild,3,thunderstrike,4,crack,0,0.0,9
mobilenet_v3_small,17,resolution_mild,3,thunderstrike,5,hide_craze,0,0.0,9
mobilenet_v3_small,17,resolution_mild,4,crack,0,craze,0,0.0,14
mobilenet_v3_small,17,resolution_mild,4,crack,1,corrosion,0,0.0,14
mobilenet_v3_small,17,resolution_mild,4,crack,2,surface_injure,0,0.0,14
mobilenet_v3_small,17,resolution_mild,4,crack,3,thunderstrike,0,0.0,14
mobilenet_v3_small,17,resolution_mild,4,crack,4,crack,14,1.0,14
mobilenet_v3_small,17,resolution_mild,4,crack,5,hide_craze,0,0.0,14
mobilenet_v3_small,17,resolution_mild,5,hide_craze,0,craze,1,0.02040816326530612,49
mobilenet_v3_small,17,resolution_mild,5,hide_craze,1,corrosion,0,0.0,49
mobilenet_v3_small,17,resolution_mild,5,hide_craze,2,surface_injure,2,0.04081632653061224,49
mobilenet_v3_small,17,resolution_mild,5,hide_craze,3,thunderstrike,0,0.0,49
mobilenet_v3_small,17,resolution_mild,5,hide_craze,4,crack,0,0.0,49
mobilenet_v3_small,17,resolution_mild,5,hide_craze,5,hide_craze,46,0.9387755102040817,49
mobilenet_v3_small,17,resolution_moderate,0,craze,0,craze,19,0.7037037037037037,27
mobilenet_v3_small,17,resolution_moderate,0,craze,1,corrosion,1,0.037037037037037035,27
mobilenet_v3_small,17,resolution_moderate,0,craze,2,surface_injure,4,0.14814814814814814,27
mobilenet_v3_small,17,resolution_moderate,0,craze,3,thunderstrike,0,0.0,27
mobilenet_v3_small,17,resolution_moderate,0,craze,4,crack,0,0.0,27
mobilenet_v3_small,17,resolution_moderate,0,craze,5,hide_craze,3,0.1111111111111111,27
mobilenet_v3_small,17,resolution_moderate,1,corrosion,0,craze,0,0.0,30
mobilenet_v3_small,17,resolution_moderate,1,corrosion,1,corrosion,21,0.7,30
mobilenet_v3_small,17,resolution_moderate,1,corrosion,2,surface_injure,3,0.1,30
mobilenet_v3_small,17,resolution_moderate,1,corrosion,3,thunderstrike,0,0.0,30
mobilenet_v3_small,17,resolution_moderate,1,corrosion,4,crack,1,0.03333333333333333,30
mobilenet_v3_small,17,resolution_moderate,1,corrosion,5,hide_craze,5,0.16666666666666666,30
mobilenet_v3_small,17,resolution_moderate,2,surface_injure,0,craze,0,0.0,33
mobilenet_v3_small,17,resolution_moderate,2,surface_injure,1,corrosion,0,0.0,33
mobilenet_v3_small,17,resolution_moderate,2,surface_injure,2,surface_injure,29,0.8787878787878788,33
mobilenet_v3_small,17,resolution_moderate,2,surface_injure,3,thunderstrike,1,0.030303030303030304,33
mobilenet_v3_small,17,resolution_moderate,2,surface_injure,4,crack,0,0.0,33
mobilenet_v3_small,17,resolution_moderate,2,surface_injure,5,hide_craze,3,0.09090909090909091,33
mobilenet_v3_small,17,resolution_moderate,3,thunderstrike,0,craze,0,0.0,9
mobilenet_v3_small,17,resolution_moderate,3,thunderstrike,1,corrosion,0,0.0,9
mobilenet_v3_small,17,resolution_moderate,3,thunderstrike,2,surface_injure,0,0.0,9
mobilenet_v3_small,17,resolution_moderate,3,thunderstrike,3,thunderstrike,9,1.0,9
mobilenet_v3_small,17,resolution_moderate,3,thunderstrike,4,crack,0,0.0,9
mobilenet_v3_small,17,resolution_moderate,3,thunderstrike,5,hide_craze,0,0.0,9
mobilenet_v3_small,17,resolution_moderate,4,crack,0,craze,0,0.0,14
mobilenet_v3_small,17,resolution_moderate,4,crack,1,corrosion,0,0.0,14
mobilenet_v3_small,17,resolution_moderate,4,crack,2,surface_injure,0,0.0,14
mobilenet_v3_small,17,resolution_moderate,4,crack,3,thunderstrike,0,0.0,14
mobilenet_v3_small,17,resolution_moderate,4,crack,4,crack,14,1.0,14
mobilenet_v3_small,17,resolution_moderate,4,crack,5,hide_craze,0,0.0,14
mobilenet_v3_small,17,resolution_moderate,5,hide_craze,0,craze,1,0.02040816326530612,49
mobilenet_v3_small,17,resolution_moderate,5,hide_craze,1,corrosion,0,0.0,49
mobilenet_v3_small,17,resolution_moderate,5,hide_craze,2,surface_injure,2,0.04081632653061224,49
mobilenet_v3_small,17,resolution_moderate,5,hide_craze,3,thunderstrike,0,0.0,49
mobilenet_v3_small,17,resolution_moderate,5,hide_craze,4,crack,0,0.0,49
mobilenet_v3_small,17,resolution_moderate,5,hide_craze,5,hide_craze,46,0.9387755102040817,49
mobilenet_v3_small,17,resolution_severe,0,craze,0,craze,17,0.6296296296296297,27
mobilenet_v3_small,17,resolution_severe,0,craze,1,corrosion,0,0.0,27
mobilenet_v3_small,17,resolution_severe,0,craze,2,surface_injure,8,0.2962962962962963,27
mobilenet_v3_small,17,resolution_severe,0,craze,3,thunderstrike,0,0.0,27
mobilenet_v3_small,17,resolution_severe,0,craze,4,crack,0,0.0,27
mobilenet_v3_small,17,resolution_severe,0,craze,5,hide_craze,2,0.07407407407407407,27
mobilenet_v3_small,17,resolution_severe,1,corrosion,0,craze,1,0.03333333333333333,30
mobilenet_v3_small,17,resolution_severe,1,corrosion,1,corrosion,14,0.4666666666666667,30
mobilenet_v3_small,17,resolution_severe,1,corrosion,2,surface_injure,4,0.13333333333333333,30
mobilenet_v3_small,17,resolution_severe,1,corrosion,3,thunderstrike,0,0.0,30
mobilenet_v3_small,17,resolution_severe,1,corrosion,4,crack,1,0.03333333333333333,30
mobilenet_v3_small,17,resolution_severe,1,corrosion,5,hide_craze,10,0.3333333333333333,30
mobilenet_v3_small,17,resolution_severe,2,surface_injure,0,craze,0,0.0,33
mobilenet_v3_small,17,resolution_severe,2,surface_injure,1,corrosion,0,0.0,33
mobilenet_v3_small,17,resolution_severe,2,surface_injure,2,surface_injure,30,0.9090909090909091,33
mobilenet_v3_small,17,resolution_severe,2,surface_injure,3,thunderstrike,1,0.030303030303030304,33
mobilenet_v3_small,17,resolution_severe,2,surface_injure,4,crack,0,0.0,33
mobilenet_v3_small,17,resolution_severe,2,surface_injure,5,hide_craze,2,0.06060606060606061,33
mobilenet_v3_small,17,resolution_severe,3,thunderstrike,0,craze,0,0.0,9
mobilenet_v3_small,17,resolution_severe,3,thunderstrike,1,corrosion,0,0.0,9
mobilenet_v3_small,17,resolution_severe,3,thunderstrike,2,surface_injure,5,0.5555555555555556,9
mobilenet_v3_small,17,resolution_severe,3,thunderstrike,3,thunderstrike,4,0.4444444444444444,9
mobilenet_v3_small,17,resolution_severe,3,thunderstrike,4,crack,0,0.0,9
mobilenet_v3_small,17,resolution_severe,3,thunderstrike,5,hide_craze,0,0.0,9
mobilenet_v3_small,17,resolution_severe,4,crack,0,craze,0,0.0,14
mobilenet_v3_small,17,resolution_severe,4,crack,1,corrosion,0,0.0,14
mobilenet_v3_small,17,resolution_severe,4,crack,2,surface_injure,1,0.07142857142857142,14
mobilenet_v3_small,17,resolution_severe,4,crack,3,thunderstrike,0,0.0,14
mobilenet_v3_small,17,resolution_severe,4,crack,4,crack,13,0.9285714285714286,14
mobilenet_v3_small,17,resolution_severe,4,crack,5,hide_craze,0,0.0,14
mobilenet_v3_small,17,resolution_severe,5,hide_craze,0,craze,2,0.04081632653061224,49
mobilenet_v3_small,17,resolution_severe,5,hide_craze,1,corrosion,0,0.0,49
mobilenet_v3_small,17,resolution_severe,5,hide_craze,2,surface_injure,2,0.04081632653061224,49
mobilenet_v3_small,17,resolution_severe,5,hide_craze,3,thunderstrike,0,0.0,49
mobilenet_v3_small,17,resolution_severe,5,hide_craze,4,crack,0,0.0,49
mobilenet_v3_small,17,resolution_severe,5,hide_craze,5,hide_craze,45,0.9183673469387755,49
mobilenet_v3_small,17,brightness_mild,0,craze,0,craze,25,0.9259259259259259,27
mobilenet_v3_small,17,brightness_mild,0,craze,1,corrosion,1,0.037037037037037035,27
mobilenet_v3_small,17,brightness_mild,0,craze,2,surface_injure,0,0.0,27
mobilenet_v3_small,17,brightness_mild,0,craze,3,thunderstrike,1,0.037037037037037035,27
mobilenet_v3_small,17,brightness_mild,0,craze,4,crack,0,0.0,27
mobilenet_v3_small,17,brightness_mild,0,craze,5,hide_craze,0,0.0,27
mobilenet_v3_small,17,brightness_mild,1,corrosion,0,craze,1,0.03333333333333333,30
mobilenet_v3_small,17,brightness_mild,1,corrosion,1,corrosion,22,0.7333333333333333,30
mobilenet_v3_small,17,brightness_mild,1,corrosion,2,surface_injure,2,0.06666666666666667,30
mobilenet_v3_small,17,brightness_mild,1,corrosion,3,thunderstrike,0,0.0,30
mobilenet_v3_small,17,brightness_mild,1,corrosion,4,crack,0,0.0,30
mobilenet_v3_small,17,brightness_mild,1,corrosion,5,hide_craze,5,0.16666666666666666,30
mobilenet_v3_small,17,brightness_mild,2,surface_injure,0,craze,0,0.0,33
mobilenet_v3_small,17,brightness_mild,2,surface_injure,1,corrosion,2,0.06060606060606061,33
mobilenet_v3_small,17,brightness_mild,2,surface_injure,2,surface_injure,27,0.8181818181818182,33
mobilenet_v3_small,17,brightness_mild,2,surface_injure,3,thunderstrike,1,0.030303030303030304,33
mobilenet_v3_small,17,brightness_mild,2,surface_injure,4,crack,0,0.0,33
mobilenet_v3_small,17,brightness_mild,2,surface_injure,5,hide_craze,3,0.09090909090909091,33
mobilenet_v3_small,17,brightness_mild,3,thunderstrike,0,craze,0,0.0,9
mobilenet_v3_small,17,brightness_mild,3,thunderstrike,1,corrosion,0,0.0,9
mobilenet_v3_small,17,brightness_mild,3,thunderstrike,2,surface_injure,0,0.0,9
mobilenet_v3_small,17,brightness_mild,3,thunderstrike,3,thunderstrike,9,1.0,9
mobilenet_v3_small,17,brightness_mild,3,thunderstrike,4,crack,0,0.0,9
mobilenet_v3_small,17,brightness_mild,3,thunderstrike,5,hide_craze,0,0.0,9
mobilenet_v3_small,17,brightness_mild,4,crack,0,craze,0,0.0,14
mobilenet_v3_small,17,brightness_mild,4,crack,1,corrosion,0,0.0,14
mobilenet_v3_small,17,brightness_mild,4,crack,2,surface_injure,1,0.07142857142857142,14
mobilenet_v3_small,17,brightness_mild,4,crack,3,thunderstrike,0,0.0,14
mobilenet_v3_small,17,brightness_mild,4,crack,4,crack,13,0.9285714285714286,14
mobilenet_v3_small,17,brightness_mild,4,crack,5,hide_craze,0,0.0,14
mobilenet_v3_small,17,brightness_mild,5,hide_craze,0,craze,2,0.04081632653061224,49
mobilenet_v3_small,17,brightness_mild,5,hide_craze,1,corrosion,0,0.0,49
mobilenet_v3_small,17,brightness_mild,5,hide_craze,2,surface_injure,2,0.04081632653061224,49
mobilenet_v3_small,17,brightness_mild,5,hide_craze,3,thunderstrike,0,0.0,49
mobilenet_v3_small,17,brightness_mild,5,hide_craze,4,crack,0,0.0,49
mobilenet_v3_small,17,brightness_mild,5,hide_craze,5,hide_craze,45,0.9183673469387755,49
mobilenet_v3_small,17,brightness_moderate,0,craze,0,craze,22,0.8148148148148148,27
mobilenet_v3_small,17,brightness_moderate,0,craze,1,corrosion,3,0.1111111111111111,27
mobilenet_v3_small,17,brightness_moderate,0,craze,2,surface_injure,1,0.037037037037037035,27
mobilenet_v3_small,17,brightness_moderate,0,craze,3,thunderstrike,0,0.0,27
mobilenet_v3_small,17,brightness_moderate,0,craze,4,crack,0,0.0,27
mobilenet_v3_small,17,brightness_moderate,0,craze,5,hide_craze,1,0.037037037037037035,27
mobilenet_v3_small,17,brightness_moderate,1,corrosion,0,craze,1,0.03333333333333333,30
mobilenet_v3_small,17,brightness_moderate,1,corrosion,1,corrosion,22,0.7333333333333333,30
mobilenet_v3_small,17,brightness_moderate,1,corrosion,2,surface_injure,2,0.06666666666666667,30
mobilenet_v3_small,17,brightness_moderate,1,corrosion,3,thunderstrike,0,0.0,30
mobilenet_v3_small,17,brightness_moderate,1,corrosion,4,crack,0,0.0,30
mobilenet_v3_small,17,brightness_moderate,1,corrosion,5,hide_craze,5,0.16666666666666666,30
mobilenet_v3_small,17,brightness_moderate,2,surface_injure,0,craze,0,0.0,33
mobilenet_v3_small,17,brightness_moderate,2,surface_injure,1,corrosion,3,0.09090909090909091,33
mobilenet_v3_small,17,brightness_moderate,2,surface_injure,2,surface_injure,27,0.8181818181818182,33
mobilenet_v3_small,17,brightness_moderate,2,surface_injure,3,thunderstrike,1,0.030303030303030304,33
mobilenet_v3_small,17,brightness_moderate,2,surface_injure,4,crack,0,0.0,33
mobilenet_v3_small,17,brightness_moderate,2,surface_injure,5,hide_craze,2,0.06060606060606061,33
mobilenet_v3_small,17,brightness_moderate,3,thunderstrike,0,craze,0,0.0,9
mobilenet_v3_small,17,brightness_moderate,3,thunderstrike,1,corrosion,0,0.0,9
mobilenet_v3_small,17,brightness_moderate,3,thunderstrike,2,surface_injure,0,0.0,9
mobilenet_v3_small,17,brightness_moderate,3,thunderstrike,3,thunderstrike,9,1.0,9
mobilenet_v3_small,17,brightness_moderate,3,thunderstrike,4,crack,0,0.0,9
mobilenet_v3_small,17,brightness_moderate,3,thunderstrike,5,hide_craze,0,0.0,9
mobilenet_v3_small,17,brightness_moderate,4,crack,0,craze,1,0.07142857142857142,14
mobilenet_v3_small,17,brightness_moderate,4,crack,1,corrosion,0,0.0,14
mobilenet_v3_small,17,brightness_moderate,4,crack,2,surface_injure,1,0.07142857142857142,14
mobilenet_v3_small,17,brightness_moderate,4,crack,3,thunderstrike,0,0.0,14
mobilenet_v3_small,17,brightness_moderate,4,crack,4,crack,12,0.8571428571428571,14
mobilenet_v3_small,17,brightness_moderate,4,crack,5,hide_craze,0,0.0,14
mobilenet_v3_small,17,brightness_moderate,5,hide_craze,0,craze,1,0.02040816326530612,49
mobilenet_v3_small,17,brightness_moderate,5,hide_craze,1,corrosion,1,0.02040816326530612,49
mobilenet_v3_small,17,brightness_moderate,5,hide_craze,2,surface_injure,1,0.02040816326530612,49
mobilenet_v3_small,17,brightness_moderate,5,hide_craze,3,thunderstrike,0,0.0,49
mobilenet_v3_small,17,brightness_moderate,5,hide_craze,4,crack,0,0.0,49
mobilenet_v3_small,17,brightness_moderate,5,hide_craze,5,hide_craze,46,0.9387755102040817,49
mobilenet_v3_small,17,brightness_severe,0,craze,0,craze,14,0.5185185185185185,27
mobilenet_v3_small,17,brightness_severe,0,craze,1,corrosion,2,0.07407407407407407,27
mobilenet_v3_small,17,brightness_severe,0,craze,2,surface_injure,1,0.037037037037037035,27
mobilenet_v3_small,17,brightness_severe,0,craze,3,thunderstrike,0,0.0,27
mobilenet_v3_small,17,brightness_severe,0,craze,4,crack,0,0.0,27
mobilenet_v3_small,17,brightness_severe,0,craze,5,hide_craze,10,0.37037037037037035,27
mobilenet_v3_small,17,brightness_severe,1,corrosion,0,craze,0,0.0,30
mobilenet_v3_small,17,brightness_severe,1,corrosion,1,corrosion,19,0.6333333333333333,30
mobilenet_v3_small,17,brightness_severe,1,corrosion,2,surface_injure,0,0.0,30
mobilenet_v3_small,17,brightness_severe,1,corrosion,3,thunderstrike,0,0.0,30
mobilenet_v3_small,17,brightness_severe,1,corrosion,4,crack,0,0.0,30
mobilenet_v3_small,17,brightness_severe,1,corrosion,5,hide_craze,11,0.36666666666666664,30
mobilenet_v3_small,17,brightness_severe,2,surface_injure,0,craze,1,0.030303030303030304,33
mobilenet_v3_small,17,brightness_severe,2,surface_injure,1,corrosion,6,0.18181818181818182,33
mobilenet_v3_small,17,brightness_severe,2,surface_injure,2,surface_injure,22,0.6666666666666666,33
mobilenet_v3_small,17,brightness_severe,2,surface_injure,3,thunderstrike,0,0.0,33
mobilenet_v3_small,17,brightness_severe,2,surface_injure,4,crack,0,0.0,33
mobilenet_v3_small,17,brightness_severe,2,surface_injure,5,hide_craze,4,0.12121212121212122,33
mobilenet_v3_small,17,brightness_severe,3,thunderstrike,0,craze,1,0.1111111111111111,9
mobilenet_v3_small,17,brightness_severe,3,thunderstrike,1,corrosion,2,0.2222222222222222,9
mobilenet_v3_small,17,brightness_severe,3,thunderstrike,2,surface_injure,2,0.2222222222222222,9
mobilenet_v3_small,17,brightness_severe,3,thunderstrike,3,thunderstrike,3,0.3333333333333333,9
mobilenet_v3_small,17,brightness_severe,3,thunderstrike,4,crack,0,0.0,9
mobilenet_v3_small,17,brightness_severe,3,thunderstrike,5,hide_craze,1,0.1111111111111111,9
mobilenet_v3_small,17,brightness_severe,4,crack,0,craze,1,0.07142857142857142,14
mobilenet_v3_small,17,brightness_severe,4,crack,1,corrosion,0,0.0,14
mobilenet_v3_small,17,brightness_severe,4,crack,2,surface_injure,2,0.14285714285714285,14
mobilenet_v3_small,17,brightness_severe,4,crack,3,thunderstrike,0,0.0,14
mobilenet_v3_small,17,brightness_severe,4,crack,4,crack,10,0.7142857142857143,14
mobilenet_v3_small,17,brightness_severe,4,crack,5,hide_craze,1,0.07142857142857142,14
mobilenet_v3_small,17,brightness_severe,5,hide_craze,0,craze,0,0.0,49
mobilenet_v3_small,17,brightness_severe,5,hide_craze,1,corrosion,0,0.0,49
mobilenet_v3_small,17,brightness_severe,5,hide_craze,2,surface_injure,1,0.02040816326530612,49
mobilenet_v3_small,17,brightness_severe,5,hide_craze,3,thunderstrike,0,0.0,49
mobilenet_v3_small,17,brightness_severe,5,hide_craze,4,crack,0,0.0,49
mobilenet_v3_small,17,brightness_severe,5,hide_craze,5,hide_craze,48,0.9795918367346939,49
mobilenet_v3_small,17,jpeg_mild,0,craze,0,craze,25,0.9259259259259259,27
mobilenet_v3_small,17,jpeg_mild,0,craze,1,corrosion,2,0.07407407407407407,27
mobilenet_v3_small,17,jpeg_mild,0,craze,2,surface_injure,0,0.0,27
mobilenet_v3_small,17,jpeg_mild,0,craze,3,thunderstrike,0,0.0,27
mobilenet_v3_small,17,jpeg_mild,0,craze,4,crack,0,0.0,27
mobilenet_v3_small,17,jpeg_mild,0,craze,5,hide_craze,0,0.0,27
mobilenet_v3_small,17,jpeg_mild,1,corrosion,0,craze,0,0.0,30
mobilenet_v3_small,17,jpeg_mild,1,corrosion,1,corrosion,23,0.7666666666666667,30
mobilenet_v3_small,17,jpeg_mild,1,corrosion,2,surface_injure,2,0.06666666666666667,30
mobilenet_v3_small,17,jpeg_mild,1,corrosion,3,thunderstrike,0,0.0,30
mobilenet_v3_small,17,jpeg_mild,1,corrosion,4,crack,1,0.03333333333333333,30
mobilenet_v3_small,17,jpeg_mild,1,corrosion,5,hide_craze,4,0.13333333333333333,30
mobilenet_v3_small,17,jpeg_mild,2,surface_injure,0,craze,0,0.0,33
mobilenet_v3_small,17,jpeg_mild,2,surface_injure,1,corrosion,2,0.06060606060606061,33
mobilenet_v3_small,17,jpeg_mild,2,surface_injure,2,surface_injure,26,0.7878787878787878,33
mobilenet_v3_small,17,jpeg_mild,2,surface_injure,3,thunderstrike,1,0.030303030303030304,33
mobilenet_v3_small,17,jpeg_mild,2,surface_injure,4,crack,0,0.0,33
mobilenet_v3_small,17,jpeg_mild,2,surface_injure,5,hide_craze,4,0.12121212121212122,33
mobilenet_v3_small,17,jpeg_mild,3,thunderstrike,0,craze,0,0.0,9
mobilenet_v3_small,17,jpeg_mild,3,thunderstrike,1,corrosion,0,0.0,9
mobilenet_v3_small,17,jpeg_mild,3,thunderstrike,2,surface_injure,0,0.0,9
mobilenet_v3_small,17,jpeg_mild,3,thunderstrike,3,thunderstrike,9,1.0,9
mobilenet_v3_small,17,jpeg_mild,3,thunderstrike,4,crack,0,0.0,9
mobilenet_v3_small,17,jpeg_mild,3,thunderstrike,5,hide_craze,0,0.0,9
mobilenet_v3_small,17,jpeg_mild,4,crack,0,craze,0,0.0,14
mobilenet_v3_small,17,jpeg_mild,4,crack,1,corrosion,0,0.0,14
mobilenet_v3_small,17,jpeg_mild,4,crack,2,surface_injure,0,0.0,14
mobilenet_v3_small,17,jpeg_mild,4,crack,3,thunderstrike,0,0.0,14
mobilenet_v3_small,17,jpeg_mild,4,crack,4,crack,14,1.0,14
mobilenet_v3_small,17,jpeg_mild,4,crack,5,hide_craze,0,0.0,14
mobilenet_v3_small,17,jpeg_mild,5,hide_craze,0,craze,2,0.04081632653061224,49
mobilenet_v3_small,17,jpeg_mild,5,hide_craze,1,corrosion,3,0.061224489795918366,49
mobilenet_v3_small,17,jpeg_mild,5,hide_craze,2,surface_injure,2,0.04081632653061224,49
mobilenet_v3_small,17,jpeg_mild,5,hide_craze,3,thunderstrike,0,0.0,49
mobilenet_v3_small,17,jpeg_mild,5,hide_craze,4,crack,0,0.0,49
mobilenet_v3_small,17,jpeg_mild,5,hide_craze,5,hide_craze,42,0.8571428571428571,49
mobilenet_v3_small,17,jpeg_moderate,0,craze,0,craze,23,0.8518518518518519,27
mobilenet_v3_small,17,jpeg_moderate,0,craze,1,corrosion,3,0.1111111111111111,27
mobilenet_v3_small,17,jpeg_moderate,0,craze,2,surface_injure,0,0.0,27
mobilenet_v3_small,17,jpeg_moderate,0,craze,3,thunderstrike,0,0.0,27
mobilenet_v3_small,17,jpeg_moderate,0,craze,4,crack,0,0.0,27
mobilenet_v3_small,17,jpeg_moderate,0,craze,5,hide_craze,1,0.037037037037037035,27
mobilenet_v3_small,17,jpeg_moderate,1,corrosion,0,craze,0,0.0,30
mobilenet_v3_small,17,jpeg_moderate,1,corrosion,1,corrosion,22,0.7333333333333333,30
mobilenet_v3_small,17,jpeg_moderate,1,corrosion,2,surface_injure,2,0.06666666666666667,30
mobilenet_v3_small,17,jpeg_moderate,1,corrosion,3,thunderstrike,0,0.0,30
mobilenet_v3_small,17,jpeg_moderate,1,corrosion,4,crack,1,0.03333333333333333,30
mobilenet_v3_small,17,jpeg_moderate,1,corrosion,5,hide_craze,5,0.16666666666666666,30
mobilenet_v3_small,17,jpeg_moderate,2,surface_injure,0,craze,0,0.0,33
mobilenet_v3_small,17,jpeg_moderate,2,surface_injure,1,corrosion,1,0.030303030303030304,33
mobilenet_v3_small,17,jpeg_moderate,2,surface_injure,2,surface_injure,27,0.8181818181818182,33
mobilenet_v3_small,17,jpeg_moderate,2,surface_injure,3,thunderstrike,1,0.030303030303030304,33
mobilenet_v3_small,17,jpeg_moderate,2,surface_injure,4,crack,0,0.0,33
mobilenet_v3_small,17,jpeg_moderate,2,surface_injure,5,hide_craze,4,0.12121212121212122,33
mobilenet_v3_small,17,jpeg_moderate,3,thunderstrike,0,craze,0,0.0,9
mobilenet_v3_small,17,jpeg_moderate,3,thunderstrike,1,corrosion,0,0.0,9
mobilenet_v3_small,17,jpeg_moderate,3,thunderstrike,2,surface_injure,0,0.0,9
mobilenet_v3_small,17,jpeg_moderate,3,thunderstrike,3,thunderstrike,9,1.0,9
mobilenet_v3_small,17,jpeg_moderate,3,thunderstrike,4,crack,0,0.0,9
mobilenet_v3_small,17,jpeg_moderate,3,thunderstrike,5,hide_craze,0,0.0,9
mobilenet_v3_small,17,jpeg_moderate,4,crack,0,craze,0,0.0,14
mobilenet_v3_small,17,jpeg_moderate,4,crack,1,corrosion,0,0.0,14
mobilenet_v3_small,17,jpeg_moderate,4,crack,2,surface_injure,0,0.0,14
mobilenet_v3_small,17,jpeg_moderate,4,crack,3,thunderstrike,0,0.0,14
mobilenet_v3_small,17,jpeg_moderate,4,crack,4,crack,14,1.0,14
mobilenet_v3_small,17,jpeg_moderate,4,crack,5,hide_craze,0,0.0,14
mobilenet_v3_small,17,jpeg_moderate,5,hide_craze,0,craze,0,0.0,49
mobilenet_v3_small,17,jpeg_moderate,5,hide_craze,1,corrosion,3,0.061224489795918366,49
mobilenet_v3_small,17,jpeg_moderate,5,hide_craze,2,surface_injure,1,0.02040816326530612,49
mobilenet_v3_small,17,jpeg_moderate,5,hide_craze,3,thunderstrike,0,0.0,49
mobilenet_v3_small,17,jpeg_moderate,5,hide_craze,4,crack,2,0.04081632653061224,49
mobilenet_v3_small,17,jpeg_moderate,5,hide_craze,5,hide_craze,43,0.8775510204081632,49
mobilenet_v3_small,17,jpeg_severe,0,craze,0,craze,22,0.8148148148148148,27
mobilenet_v3_small,17,jpeg_severe,0,craze,1,corrosion,2,0.07407407407407407,27
mobilenet_v3_small,17,jpeg_severe,0,craze,2,surface_injure,0,0.0,27
mobilenet_v3_small,17,jpeg_severe,0,craze,3,thunderstrike,0,0.0,27
mobilenet_v3_small,17,jpeg_severe,0,craze,4,crack,0,0.0,27
mobilenet_v3_small,17,jpeg_severe,0,craze,5,hide_craze,3,0.1111111111111111,27
mobilenet_v3_small,17,jpeg_severe,1,corrosion,0,craze,0,0.0,30
mobilenet_v3_small,17,jpeg_severe,1,corrosion,1,corrosion,20,0.6666666666666666,30
mobilenet_v3_small,17,jpeg_severe,1,corrosion,2,surface_injure,3,0.1,30
mobilenet_v3_small,17,jpeg_severe,1,corrosion,3,thunderstrike,0,0.0,30
mobilenet_v3_small,17,jpeg_severe,1,corrosion,4,crack,0,0.0,30
mobilenet_v3_small,17,jpeg_severe,1,corrosion,5,hide_craze,7,0.23333333333333334,30
mobilenet_v3_small,17,jpeg_severe,2,surface_injure,0,craze,0,0.0,33
mobilenet_v3_small,17,jpeg_severe,2,surface_injure,1,corrosion,1,0.030303030303030304,33
mobilenet_v3_small,17,jpeg_severe,2,surface_injure,2,surface_injure,28,0.8484848484848485,33
mobilenet_v3_small,17,jpeg_severe,2,surface_injure,3,thunderstrike,0,0.0,33
mobilenet_v3_small,17,jpeg_severe,2,surface_injure,4,crack,0,0.0,33
mobilenet_v3_small,17,jpeg_severe,2,surface_injure,5,hide_craze,4,0.12121212121212122,33
mobilenet_v3_small,17,jpeg_severe,3,thunderstrike,0,craze,0,0.0,9
mobilenet_v3_small,17,jpeg_severe,3,thunderstrike,1,corrosion,0,0.0,9
mobilenet_v3_small,17,jpeg_severe,3,thunderstrike,2,surface_injure,3,0.3333333333333333,9
mobilenet_v3_small,17,jpeg_severe,3,thunderstrike,3,thunderstrike,6,0.6666666666666666,9
mobilenet_v3_small,17,jpeg_severe,3,thunderstrike,4,crack,0,0.0,9
mobilenet_v3_small,17,jpeg_severe,3,thunderstrike,5,hide_craze,0,0.0,9
mobilenet_v3_small,17,jpeg_severe,4,crack,0,craze,0,0.0,14
mobilenet_v3_small,17,jpeg_severe,4,crack,1,corrosion,0,0.0,14
mobilenet_v3_small,17,jpeg_severe,4,crack,2,surface_injure,1,0.07142857142857142,14
mobilenet_v3_small,17,jpeg_severe,4,crack,3,thunderstrike,0,0.0,14
mobilenet_v3_small,17,jpeg_severe,4,crack,4,crack,13,0.9285714285714286,14
mobilenet_v3_small,17,jpeg_severe,4,crack,5,hide_craze,0,0.0,14
mobilenet_v3_small,17,jpeg_severe,5,hide_craze,0,craze,0,0.0,49
mobilenet_v3_small,17,jpeg_severe,5,hide_craze,1,corrosion,2,0.04081632653061224,49
mobilenet_v3_small,17,jpeg_severe,5,hide_craze,2,surface_injure,1,0.02040816326530612,49
mobilenet_v3_small,17,jpeg_severe,5,hide_craze,3,thunderstrike,0,0.0,49
mobilenet_v3_small,17,jpeg_severe,5,hide_craze,4,crack,2,0.04081632653061224,49
mobilenet_v3_small,17,jpeg_severe,5,hide_craze,5,hide_craze,44,0.8979591836734694,49
mobilenet_v3_small,29,clean,0,craze,0,craze,25,0.9259259259259259,27
mobilenet_v3_small,29,clean,0,craze,1,corrosion,2,0.07407407407407407,27
mobilenet_v3_small,29,clean,0,craze,2,surface_injure,0,0.0,27
mobilenet_v3_small,29,clean,0,craze,3,thunderstrike,0,0.0,27
mobilenet_v3_small,29,clean,0,craze,4,crack,0,0.0,27
mobilenet_v3_small,29,clean,0,craze,5,hide_craze,0,0.0,27
mobilenet_v3_small,29,clean,1,corrosion,0,craze,0,0.0,30
mobilenet_v3_small,29,clean,1,corrosion,1,corrosion,23,0.7666666666666667,30
mobilenet_v3_small,29,clean,1,corrosion,2,surface_injure,1,0.03333333333333333,30
mobilenet_v3_small,29,clean,1,corrosion,3,thunderstrike,0,0.0,30
mobilenet_v3_small,29,clean,1,corrosion,4,crack,1,0.03333333333333333,30
mobilenet_v3_small,29,clean,1,corrosion,5,hide_craze,5,0.16666666666666666,30
mobilenet_v3_small,29,clean,2,surface_injure,0,craze,0,0.0,33
mobilenet_v3_small,29,clean,2,surface_injure,1,corrosion,3,0.09090909090909091,33
mobilenet_v3_small,29,clean,2,surface_injure,2,surface_injure,28,0.8484848484848485,33
mobilenet_v3_small,29,clean,2,surface_injure,3,thunderstrike,0,0.0,33
mobilenet_v3_small,29,clean,2,surface_injure,4,crack,1,0.030303030303030304,33
mobilenet_v3_small,29,clean,2,surface_injure,5,hide_craze,1,0.030303030303030304,33
mobilenet_v3_small,29,clean,3,thunderstrike,0,craze,0,0.0,9
mobilenet_v3_small,29,clean,3,thunderstrike,1,corrosion,0,0.0,9
mobilenet_v3_small,29,clean,3,thunderstrike,2,surface_injure,0,0.0,9
mobilenet_v3_small,29,clean,3,thunderstrike,3,thunderstrike,9,1.0,9
mobilenet_v3_small,29,clean,3,thunderstrike,4,crack,0,0.0,9
mobilenet_v3_small,29,clean,3,thunderstrike,5,hide_craze,0,0.0,9
mobilenet_v3_small,29,clean,4,crack,0,craze,0,0.0,14
mobilenet_v3_small,29,clean,4,crack,1,corrosion,0,0.0,14
mobilenet_v3_small,29,clean,4,crack,2,surface_injure,0,0.0,14
mobilenet_v3_small,29,clean,4,crack,3,thunderstrike,0,0.0,14
mobilenet_v3_small,29,clean,4,crack,4,crack,14,1.0,14
mobilenet_v3_small,29,clean,4,crack,5,hide_craze,0,0.0,14
mobilenet_v3_small,29,clean,5,hide_craze,0,craze,1,0.02040816326530612,49
mobilenet_v3_small,29,clean,5,hide_craze,1,corrosion,2,0.04081632653061224,49
mobilenet_v3_small,29,clean,5,hide_craze,2,surface_injure,2,0.04081632653061224,49
mobilenet_v3_small,29,clean,5,hide_craze,3,thunderstrike,0,0.0,49
mobilenet_v3_small,29,clean,5,hide_craze,4,crack,1,0.02040816326530612,49
mobilenet_v3_small,29,clean,5,hide_craze,5,hide_craze,43,0.8775510204081632,49
mobilenet_v3_small,29,gaussian_blur_mild,0,craze,0,craze,21,0.7777777777777778,27
mobilenet_v3_small,29,gaussian_blur_mild,0,craze,1,corrosion,3,0.1111111111111111,27
mobilenet_v3_small,29,gaussian_blur_mild,0,craze,2,surface_injure,2,0.07407407407407407,27
mobilenet_v3_small,29,gaussian_blur_mild,0,craze,3,thunderstrike,0,0.0,27
mobilenet_v3_small,29,gaussian_blur_mild,0,craze,4,crack,0,0.0,27
mobilenet_v3_small,29,gaussian_blur_mild,0,craze,5,hide_craze,1,0.037037037037037035,27
mobilenet_v3_small,29,gaussian_blur_mild,1,corrosion,0,craze,1,0.03333333333333333,30
mobilenet_v3_small,29,gaussian_blur_mild,1,corrosion,1,corrosion,21,0.7,30
mobilenet_v3_small,29,gaussian_blur_mild,1,corrosion,2,surface_injure,1,0.03333333333333333,30
mobilenet_v3_small,29,gaussian_blur_mild,1,corrosion,3,thunderstrike,0,0.0,30
mobilenet_v3_small,29,gaussian_blur_mild,1,corrosion,4,crack,1,0.03333333333333333,30
mobilenet_v3_small,29,gaussian_blur_mild,1,corrosion,5,hide_craze,6,0.2,30
mobilenet_v3_small,29,gaussian_blur_mild,2,surface_injure,0,craze,0,0.0,33
mobilenet_v3_small,29,gaussian_blur_mild,2,surface_injure,1,corrosion,1,0.030303030303030304,33
mobilenet_v3_small,29,gaussian_blur_mild,2,surface_injure,2,surface_injure,28,0.8484848484848485,33
mobilenet_v3_small,29,gaussian_blur_mild,2,surface_injure,3,thunderstrike,1,0.030303030303030304,33
mobilenet_v3_small,29,gaussian_blur_mild,2,surface_injure,4,crack,1,0.030303030303030304,33
mobilenet_v3_small,29,gaussian_blur_mild,2,surface_injure,5,hide_craze,2,0.06060606060606061,33
mobilenet_v3_small,29,gaussian_blur_mild,3,thunderstrike,0,craze,0,0.0,9
mobilenet_v3_small,29,gaussian_blur_mild,3,thunderstrike,1,corrosion,0,0.0,9
mobilenet_v3_small,29,gaussian_blur_mild,3,thunderstrike,2,surface_injure,0,0.0,9
mobilenet_v3_small,29,gaussian_blur_mild,3,thunderstrike,3,thunderstrike,9,1.0,9
mobilenet_v3_small,29,gaussian_blur_mild,3,thunderstrike,4,crack,0,0.0,9
mobilenet_v3_small,29,gaussian_blur_mild,3,thunderstrike,5,hide_craze,0,0.0,9
mobilenet_v3_small,29,gaussian_blur_mild,4,crack,0,craze,0,0.0,14
mobilenet_v3_small,29,gaussian_blur_mild,4,crack,1,corrosion,0,0.0,14
mobilenet_v3_small,29,gaussian_blur_mild,4,crack,2,surface_injure,0,0.0,14
mobilenet_v3_small,29,gaussian_blur_mild,4,crack,3,thunderstrike,0,0.0,14
mobilenet_v3_small,29,gaussian_blur_mild,4,crack,4,crack,14,1.0,14
mobilenet_v3_small,29,gaussian_blur_mild,4,crack,5,hide_craze,0,0.0,14
mobilenet_v3_small,29,gaussian_blur_mild,5,hide_craze,0,craze,1,0.02040816326530612,49
mobilenet_v3_small,29,gaussian_blur_mild,5,hide_craze,1,corrosion,2,0.04081632653061224,49
mobilenet_v3_small,29,gaussian_blur_mild,5,hide_craze,2,surface_injure,2,0.04081632653061224,49
mobilenet_v3_small,29,gaussian_blur_mild,5,hide_craze,3,thunderstrike,0,0.0,49
mobilenet_v3_small,29,gaussian_blur_mild,5,hide_craze,4,crack,1,0.02040816326530612,49
mobilenet_v3_small,29,gaussian_blur_mild,5,hide_craze,5,hide_craze,43,0.8775510204081632,49
mobilenet_v3_small,29,gaussian_blur_moderate,0,craze,0,craze,18,0.6666666666666666,27
mobilenet_v3_small,29,gaussian_blur_moderate,0,craze,1,corrosion,3,0.1111111111111111,27
mobilenet_v3_small,29,gaussian_blur_moderate,0,craze,2,surface_injure,4,0.14814814814814814,27
mobilenet_v3_small,29,gaussian_blur_moderate,0,craze,3,thunderstrike,0,0.0,27
mobilenet_v3_small,29,gaussian_blur_moderate,0,craze,4,crack,1,0.037037037037037035,27
mobilenet_v3_small,29,gaussian_blur_moderate,0,craze,5,hide_craze,1,0.037037037037037035,27
mobilenet_v3_small,29,gaussian_blur_moderate,1,corrosion,0,craze,0,0.0,30
mobilenet_v3_small,29,gaussian_blur_moderate,1,corrosion,1,corrosion,17,0.5666666666666667,30
mobilenet_v3_small,29,gaussian_blur_moderate,1,corrosion,2,surface_injure,5,0.16666666666666666,30
mobilenet_v3_small,29,gaussian_blur_moderate,1,corrosion,3,thunderstrike,0,0.0,30
mobilenet_v3_small,29,gaussian_blur_moderate,1,corrosion,4,crack,2,0.06666666666666667,30
mobilenet_v3_small,29,gaussian_blur_moderate,1,corrosion,5,hide_craze,6,0.2,30
mobilenet_v3_small,29,gaussian_blur_moderate,2,surface_injure,0,craze,0,0.0,33
mobilenet_v3_small,29,gaussian_blur_moderate,2,surface_injure,1,corrosion,0,0.0,33
mobilenet_v3_small,29,gaussian_blur_moderate,2,surface_injure,2,surface_injure,31,0.9393939393939394,33
mobilenet_v3_small,29,gaussian_blur_moderate,2,surface_injure,3,thunderstrike,0,0.0,33
mobilenet_v3_small,29,gaussian_blur_moderate,2,surface_injure,4,crack,1,0.030303030303030304,33
mobilenet_v3_small,29,gaussian_blur_moderate,2,surface_injure,5,hide_craze,1,0.030303030303030304,33
mobilenet_v3_small,29,gaussian_blur_moderate,3,thunderstrike,0,craze,0,0.0,9
mobilenet_v3_small,29,gaussian_blur_moderate,3,thunderstrike,1,corrosion,0,0.0,9
mobilenet_v3_small,29,gaussian_blur_moderate,3,thunderstrike,2,surface_injure,0,0.0,9
mobilenet_v3_small,29,gaussian_blur_moderate,3,thunderstrike,3,thunderstrike,9,1.0,9
mobilenet_v3_small,29,gaussian_blur_moderate,3,thunderstrike,4,crack,0,0.0,9
mobilenet_v3_small,29,gaussian_blur_moderate,3,thunderstrike,5,hide_craze,0,0.0,9
mobilenet_v3_small,29,gaussian_blur_moderate,4,crack,0,craze,0,0.0,14
mobilenet_v3_small,29,gaussian_blur_moderate,4,crack,1,corrosion,0,0.0,14
mobilenet_v3_small,29,gaussian_blur_moderate,4,crack,2,surface_injure,0,0.0,14
mobilenet_v3_small,29,gaussian_blur_moderate,4,crack,3,thunderstrike,0,0.0,14
mobilenet_v3_small,29,gaussian_blur_moderate,4,crack,4,crack,14,1.0,14
mobilenet_v3_small,29,gaussian_blur_moderate,4,crack,5,hide_craze,0,0.0,14
mobilenet_v3_small,29,gaussian_blur_moderate,5,hide_craze,0,craze,0,0.0,49
mobilenet_v3_small,29,gaussian_blur_moderate,5,hide_craze,1,corrosion,1,0.02040816326530612,49
mobilenet_v3_small,29,gaussian_blur_moderate,5,hide_craze,2,surface_injure,2,0.04081632653061224,49
mobilenet_v3_small,29,gaussian_blur_moderate,5,hide_craze,3,thunderstrike,0,0.0,49
mobilenet_v3_small,29,gaussian_blur_moderate,5,hide_craze,4,crack,2,0.04081632653061224,49
mobilenet_v3_small,29,gaussian_blur_moderate,5,hide_craze,5,hide_craze,44,0.8979591836734694,49
mobilenet_v3_small,29,gaussian_blur_severe,0,craze,0,craze,10,0.37037037037037035,27
mobilenet_v3_small,29,gaussian_blur_severe,0,craze,1,corrosion,1,0.037037037037037035,27
mobilenet_v3_small,29,gaussian_blur_severe,0,craze,2,surface_injure,10,0.37037037037037035,27
mobilenet_v3_small,29,gaussian_blur_severe,0,craze,3,thunderstrike,0,0.0,27
mobilenet_v3_small,29,gaussian_blur_severe,0,craze,4,crack,1,0.037037037037037035,27
mobilenet_v3_small,29,gaussian_blur_severe,0,craze,5,hide_craze,5,0.18518518518518517,27
mobilenet_v3_small,29,gaussian_blur_severe,1,corrosion,0,craze,0,0.0,30
mobilenet_v3_small,29,gaussian_blur_severe,1,corrosion,1,corrosion,15,0.5,30
mobilenet_v3_small,29,gaussian_blur_severe,1,corrosion,2,surface_injure,8,0.26666666666666666,30
mobilenet_v3_small,29,gaussian_blur_severe,1,corrosion,3,thunderstrike,0,0.0,30
mobilenet_v3_small,29,gaussian_blur_severe,1,corrosion,4,crack,3,0.1,30
mobilenet_v3_small,29,gaussian_blur_severe,1,corrosion,5,hide_craze,4,0.13333333333333333,30
mobilenet_v3_small,29,gaussian_blur_severe,2,surface_injure,0,craze,0,0.0,33
mobilenet_v3_small,29,gaussian_blur_severe,2,surface_injure,1,corrosion,1,0.030303030303030304,33
mobilenet_v3_small,29,gaussian_blur_severe,2,surface_injure,2,surface_injure,30,0.9090909090909091,33
mobilenet_v3_small,29,gaussian_blur_severe,2,surface_injure,3,thunderstrike,0,0.0,33
mobilenet_v3_small,29,gaussian_blur_severe,2,surface_injure,4,crack,1,0.030303030303030304,33
mobilenet_v3_small,29,gaussian_blur_severe,2,surface_injure,5,hide_craze,1,0.030303030303030304,33
mobilenet_v3_small,29,gaussian_blur_severe,3,thunderstrike,0,craze,1,0.1111111111111111,9
mobilenet_v3_small,29,gaussian_blur_severe,3,thunderstrike,1,corrosion,0,0.0,9
mobilenet_v3_small,29,gaussian_blur_severe,3,thunderstrike,2,surface_injure,2,0.2222222222222222,9
mobilenet_v3_small,29,gaussian_blur_severe,3,thunderstrike,3,thunderstrike,5,0.5555555555555556,9
mobilenet_v3_small,29,gaussian_blur_severe,3,thunderstrike,4,crack,1,0.1111111111111111,9
mobilenet_v3_small,29,gaussian_blur_severe,3,thunderstrike,5,hide_craze,0,0.0,9
mobilenet_v3_small,29,gaussian_blur_severe,4,crack,0,craze,0,0.0,14
mobilenet_v3_small,29,gaussian_blur_severe,4,crack,1,corrosion,0,0.0,14
mobilenet_v3_small,29,gaussian_blur_severe,4,crack,2,surface_injure,0,0.0,14
mobilenet_v3_small,29,gaussian_blur_severe,4,crack,3,thunderstrike,0,0.0,14
mobilenet_v3_small,29,gaussian_blur_severe,4,crack,4,crack,14,1.0,14
mobilenet_v3_small,29,gaussian_blur_severe,4,crack,5,hide_craze,0,0.0,14
mobilenet_v3_small,29,gaussian_blur_severe,5,hide_craze,0,craze,1,0.02040816326530612,49
mobilenet_v3_small,29,gaussian_blur_severe,5,hide_craze,1,corrosion,4,0.08163265306122448,49
mobilenet_v3_small,29,gaussian_blur_severe,5,hide_craze,2,surface_injure,4,0.08163265306122448,49
mobilenet_v3_small,29,gaussian_blur_severe,5,hide_craze,3,thunderstrike,0,0.0,49
mobilenet_v3_small,29,gaussian_blur_severe,5,hide_craze,4,crack,0,0.0,49
mobilenet_v3_small,29,gaussian_blur_severe,5,hide_craze,5,hide_craze,40,0.8163265306122449,49
mobilenet_v3_small,29,resolution_mild,0,craze,0,craze,21,0.7777777777777778,27
mobilenet_v3_small,29,resolution_mild,0,craze,1,corrosion,3,0.1111111111111111,27
mobilenet_v3_small,29,resolution_mild,0,craze,2,surface_injure,2,0.07407407407407407,27
mobilenet_v3_small,29,resolution_mild,0,craze,3,thunderstrike,0,0.0,27
mobilenet_v3_small,29,resolution_mild,0,craze,4,crack,0,0.0,27
mobilenet_v3_small,29,resolution_mild,0,craze,5,hide_craze,1,0.037037037037037035,27
mobilenet_v3_small,29,resolution_mild,1,corrosion,0,craze,1,0.03333333333333333,30
mobilenet_v3_small,29,resolution_mild,1,corrosion,1,corrosion,21,0.7,30
mobilenet_v3_small,29,resolution_mild,1,corrosion,2,surface_injure,1,0.03333333333333333,30
mobilenet_v3_small,29,resolution_mild,1,corrosion,3,thunderstrike,0,0.0,30
mobilenet_v3_small,29,resolution_mild,1,corrosion,4,crack,2,0.06666666666666667,30
mobilenet_v3_small,29,resolution_mild,1,corrosion,5,hide_craze,5,0.16666666666666666,30
mobilenet_v3_small,29,resolution_mild,2,surface_injure,0,craze,0,0.0,33
mobilenet_v3_small,29,resolution_mild,2,surface_injure,1,corrosion,1,0.030303030303030304,33
mobilenet_v3_small,29,resolution_mild,2,surface_injure,2,surface_injure,29,0.8787878787878788,33
mobilenet_v3_small,29,resolution_mild,2,surface_injure,3,thunderstrike,0,0.0,33
mobilenet_v3_small,29,resolution_mild,2,surface_injure,4,crack,1,0.030303030303030304,33
mobilenet_v3_small,29,resolution_mild,2,surface_injure,5,hide_craze,2,0.06060606060606061,33
mobilenet_v3_small,29,resolution_mild,3,thunderstrike,0,craze,0,0.0,9
mobilenet_v3_small,29,resolution_mild,3,thunderstrike,1,corrosion,0,0.0,9
mobilenet_v3_small,29,resolution_mild,3,thunderstrike,2,surface_injure,0,0.0,9
mobilenet_v3_small,29,resolution_mild,3,thunderstrike,3,thunderstrike,9,1.0,9
mobilenet_v3_small,29,resolution_mild,3,thunderstrike,4,crack,0,0.0,9
mobilenet_v3_small,29,resolution_mild,3,thunderstrike,5,hide_craze,0,0.0,9
mobilenet_v3_small,29,resolution_mild,4,crack,0,craze,0,0.0,14
mobilenet_v3_small,29,resolution_mild,4,crack,1,corrosion,0,0.0,14
mobilenet_v3_small,29,resolution_mild,4,crack,2,surface_injure,0,0.0,14
mobilenet_v3_small,29,resolution_mild,4,crack,3,thunderstrike,0,0.0,14
mobilenet_v3_small,29,resolution_mild,4,crack,4,crack,14,1.0,14
mobilenet_v3_small,29,resolution_mild,4,crack,5,hide_craze,0,0.0,14
mobilenet_v3_small,29,resolution_mild,5,hide_craze,0,craze,1,0.02040816326530612,49
mobilenet_v3_small,29,resolution_mild,5,hide_craze,1,corrosion,2,0.04081632653061224,49
mobilenet_v3_small,29,resolution_mild,5,hide_craze,2,surface_injure,2,0.04081632653061224,49
mobilenet_v3_small,29,resolution_mild,5,hide_craze,3,thunderstrike,0,0.0,49
mobilenet_v3_small,29,resolution_mild,5,hide_craze,4,crack,2,0.04081632653061224,49
mobilenet_v3_small,29,resolution_mild,5,hide_craze,5,hide_craze,42,0.8571428571428571,49
mobilenet_v3_small,29,resolution_moderate,0,craze,0,craze,19,0.7037037037037037,27
mobilenet_v3_small,29,resolution_moderate,0,craze,1,corrosion,2,0.07407407407407407,27
mobilenet_v3_small,29,resolution_moderate,0,craze,2,surface_injure,4,0.14814814814814814,27
mobilenet_v3_small,29,resolution_moderate,0,craze,3,thunderstrike,0,0.0,27
mobilenet_v3_small,29,resolution_moderate,0,craze,4,crack,1,0.037037037037037035,27
mobilenet_v3_small,29,resolution_moderate,0,craze,5,hide_craze,1,0.037037037037037035,27
mobilenet_v3_small,29,resolution_moderate,1,corrosion,0,craze,0,0.0,30
mobilenet_v3_small,29,resolution_moderate,1,corrosion,1,corrosion,18,0.6,30
mobilenet_v3_small,29,resolution_moderate,1,corrosion,2,surface_injure,5,0.16666666666666666,30
mobilenet_v3_small,29,resolution_moderate,1,corrosion,3,thunderstrike,0,0.0,30
mobilenet_v3_small,29,resolution_moderate,1,corrosion,4,crack,2,0.06666666666666667,30
mobilenet_v3_small,29,resolution_moderate,1,corrosion,5,hide_craze,5,0.16666666666666666,30
mobilenet_v3_small,29,resolution_moderate,2,surface_injure,0,craze,0,0.0,33
mobilenet_v3_small,29,resolution_moderate,2,surface_injure,1,corrosion,0,0.0,33
mobilenet_v3_small,29,resolution_moderate,2,surface_injure,2,surface_injure,29,0.8787878787878788,33
mobilenet_v3_small,29,resolution_moderate,2,surface_injure,3,thunderstrike,0,0.0,33
mobilenet_v3_small,29,resolution_moderate,2,surface_injure,4,crack,1,0.030303030303030304,33
mobilenet_v3_small,29,resolution_moderate,2,surface_injure,5,hide_craze,3,0.09090909090909091,33
mobilenet_v3_small,29,resolution_moderate,3,thunderstrike,0,craze,0,0.0,9
mobilenet_v3_small,29,resolution_moderate,3,thunderstrike,1,corrosion,0,0.0,9
mobilenet_v3_small,29,resolution_moderate,3,thunderstrike,2,surface_injure,0,0.0,9
mobilenet_v3_small,29,resolution_moderate,3,thunderstrike,3,thunderstrike,9,1.0,9
mobilenet_v3_small,29,resolution_moderate,3,thunderstrike,4,crack,0,0.0,9
mobilenet_v3_small,29,resolution_moderate,3,thunderstrike,5,hide_craze,0,0.0,9
mobilenet_v3_small,29,resolution_moderate,4,crack,0,craze,0,0.0,14
mobilenet_v3_small,29,resolution_moderate,4,crack,1,corrosion,0,0.0,14
mobilenet_v3_small,29,resolution_moderate,4,crack,2,surface_injure,0,0.0,14
mobilenet_v3_small,29,resolution_moderate,4,crack,3,thunderstrike,0,0.0,14
mobilenet_v3_small,29,resolution_moderate,4,crack,4,crack,14,1.0,14
mobilenet_v3_small,29,resolution_moderate,4,crack,5,hide_craze,0,0.0,14
mobilenet_v3_small,29,resolution_moderate,5,hide_craze,0,craze,0,0.0,49
mobilenet_v3_small,29,resolution_moderate,5,hide_craze,1,corrosion,0,0.0,49
mobilenet_v3_small,29,resolution_moderate,5,hide_craze,2,surface_injure,2,0.04081632653061224,49
mobilenet_v3_small,29,resolution_moderate,5,hide_craze,3,thunderstrike,0,0.0,49
mobilenet_v3_small,29,resolution_moderate,5,hide_craze,4,crack,1,0.02040816326530612,49
mobilenet_v3_small,29,resolution_moderate,5,hide_craze,5,hide_craze,46,0.9387755102040817,49
mobilenet_v3_small,29,resolution_severe,0,craze,0,craze,12,0.4444444444444444,27
mobilenet_v3_small,29,resolution_severe,0,craze,1,corrosion,0,0.0,27
mobilenet_v3_small,29,resolution_severe,0,craze,2,surface_injure,11,0.4074074074074074,27
mobilenet_v3_small,29,resolution_severe,0,craze,3,thunderstrike,0,0.0,27
mobilenet_v3_small,29,resolution_severe,0,craze,4,crack,1,0.037037037037037035,27
mobilenet_v3_small,29,resolution_severe,0,craze,5,hide_craze,3,0.1111111111111111,27
mobilenet_v3_small,29,resolution_severe,1,corrosion,0,craze,0,0.0,30
mobilenet_v3_small,29,resolution_severe,1,corrosion,1,corrosion,15,0.5,30
mobilenet_v3_small,29,resolution_severe,1,corrosion,2,surface_injure,7,0.23333333333333334,30
mobilenet_v3_small,29,resolution_severe,1,corrosion,3,thunderstrike,0,0.0,30
mobilenet_v3_small,29,resolution_severe,1,corrosion,4,crack,2,0.06666666666666667,30
mobilenet_v3_small,29,resolution_severe,1,corrosion,5,hide_craze,6,0.2,30
mobilenet_v3_small,29,resolution_severe,2,surface_injure,0,craze,0,0.0,33
mobilenet_v3_small,29,resolution_severe,2,surface_injure,1,corrosion,0,0.0,33
mobilenet_v3_small,29,resolution_severe,2,surface_injure,2,surface_injure,29,0.8787878787878788,33
mobilenet_v3_small,29,resolution_severe,2,surface_injure,3,thunderstrike,0,0.0,33
mobilenet_v3_small,29,resolution_severe,2,surface_injure,4,crack,1,0.030303030303030304,33
mobilenet_v3_small,29,resolution_severe,2,surface_injure,5,hide_craze,3,0.09090909090909091,33
mobilenet_v3_small,29,resolution_severe,3,thunderstrike,0,craze,0,0.0,9
mobilenet_v3_small,29,resolution_severe,3,thunderstrike,1,corrosion,0,0.0,9
mobilenet_v3_small,29,resolution_severe,3,thunderstrike,2,surface_injure,3,0.3333333333333333,9
mobilenet_v3_small,29,resolution_severe,3,thunderstrike,3,thunderstrike,6,0.6666666666666666,9
mobilenet_v3_small,29,resolution_severe,3,thunderstrike,4,crack,0,0.0,9
mobilenet_v3_small,29,resolution_severe,3,thunderstrike,5,hide_craze,0,0.0,9
mobilenet_v3_small,29,resolution_severe,4,crack,0,craze,0,0.0,14
mobilenet_v3_small,29,resolution_severe,4,crack,1,corrosion,0,0.0,14
mobilenet_v3_small,29,resolution_severe,4,crack,2,surface_injure,0,0.0,14
mobilenet_v3_small,29,resolution_severe,4,crack,3,thunderstrike,0,0.0,14
mobilenet_v3_small,29,resolution_severe,4,crack,4,crack,14,1.0,14
mobilenet_v3_small,29,resolution_severe,4,crack,5,hide_craze,0,0.0,14
mobilenet_v3_small,29,resolution_severe,5,hide_craze,0,craze,0,0.0,49
mobilenet_v3_small,29,resolution_severe,5,hide_craze,1,corrosion,0,0.0,49
mobilenet_v3_small,29,resolution_severe,5,hide_craze,2,surface_injure,3,0.061224489795918366,49
mobilenet_v3_small,29,resolution_severe,5,hide_craze,3,thunderstrike,0,0.0,49
mobilenet_v3_small,29,resolution_severe,5,hide_craze,4,crack,0,0.0,49
mobilenet_v3_small,29,resolution_severe,5,hide_craze,5,hide_craze,46,0.9387755102040817,49
mobilenet_v3_small,29,brightness_mild,0,craze,0,craze,23,0.8518518518518519,27
mobilenet_v3_small,29,brightness_mild,0,craze,1,corrosion,2,0.07407407407407407,27
mobilenet_v3_small,29,brightness_mild,0,craze,2,surface_injure,0,0.0,27
mobilenet_v3_small,29,brightness_mild,0,craze,3,thunderstrike,0,0.0,27
mobilenet_v3_small,29,brightness_mild,0,craze,4,crack,0,0.0,27
mobilenet_v3_small,29,brightness_mild,0,craze,5,hide_craze,2,0.07407407407407407,27
mobilenet_v3_small,29,brightness_mild,1,corrosion,0,craze,0,0.0,30
mobilenet_v3_small,29,brightness_mild,1,corrosion,1,corrosion,23,0.7666666666666667,30
mobilenet_v3_small,29,brightness_mild,1,corrosion,2,surface_injure,1,0.03333333333333333,30
mobilenet_v3_small,29,brightness_mild,1,corrosion,3,thunderstrike,0,0.0,30
mobilenet_v3_small,29,brightness_mild,1,corrosion,4,crack,1,0.03333333333333333,30
mobilenet_v3_small,29,brightness_mild,1,corrosion,5,hide_craze,5,0.16666666666666666,30
mobilenet_v3_small,29,brightness_mild,2,surface_injure,0,craze,0,0.0,33
mobilenet_v3_small,29,brightness_mild,2,surface_injure,1,corrosion,2,0.06060606060606061,33
mobilenet_v3_small,29,brightness_mild,2,surface_injure,2,surface_injure,29,0.8787878787878788,33
mobilenet_v3_small,29,brightness_mild,2,surface_injure,3,thunderstrike,0,0.0,33
mobilenet_v3_small,29,brightness_mild,2,surface_injure,4,crack,0,0.0,33
mobilenet_v3_small,29,brightness_mild,2,surface_injure,5,hide_craze,2,0.06060606060606061,33
mobilenet_v3_small,29,brightness_mild,3,thunderstrike,0,craze,0,0.0,9
mobilenet_v3_small,29,brightness_mild,3,thunderstrike,1,corrosion,0,0.0,9
mobilenet_v3_small,29,brightness_mild,3,thunderstrike,2,surface_injure,0,0.0,9
mobilenet_v3_small,29,brightness_mild,3,thunderstrike,3,thunderstrike,9,1.0,9
mobilenet_v3_small,29,brightness_mild,3,thunderstrike,4,crack,0,0.0,9
mobilenet_v3_small,29,brightness_mild,3,thunderstrike,5,hide_craze,0,0.0,9
mobilenet_v3_small,29,brightness_mild,4,crack,0,craze,0,0.0,14
mobilenet_v3_small,29,brightness_mild,4,crack,1,corrosion,0,0.0,14
mobilenet_v3_small,29,brightness_mild,4,crack,2,surface_injure,0,0.0,14
mobilenet_v3_small,29,brightness_mild,4,crack,3,thunderstrike,1,0.07142857142857142,14
mobilenet_v3_small,29,brightness_mild,4,crack,4,crack,13,0.9285714285714286,14
mobilenet_v3_small,29,brightness_mild,4,crack,5,hide_craze,0,0.0,14
mobilenet_v3_small,29,brightness_mild,5,hide_craze,0,craze,1,0.02040816326530612,49
mobilenet_v3_small,29,brightness_mild,5,hide_craze,1,corrosion,0,0.0,49
mobilenet_v3_small,29,brightness_mild,5,hide_craze,2,surface_injure,2,0.04081632653061224,49
mobilenet_v3_small,29,brightness_mild,5,hide_craze,3,thunderstrike,0,0.0,49
mobilenet_v3_small,29,brightness_mild,5,hide_craze,4,crack,0,0.0,49
mobilenet_v3_small,29,brightness_mild,5,hide_craze,5,hide_craze,46,0.9387755102040817,49
mobilenet_v3_small,29,brightness_moderate,0,craze,0,craze,19,0.7037037037037037,27
mobilenet_v3_small,29,brightness_moderate,0,craze,1,corrosion,3,0.1111111111111111,27
mobilenet_v3_small,29,brightness_moderate,0,craze,2,surface_injure,3,0.1111111111111111,27
mobilenet_v3_small,29,brightness_moderate,0,craze,3,thunderstrike,0,0.0,27
mobilenet_v3_small,29,brightness_moderate,0,craze,4,crack,0,0.0,27
mobilenet_v3_small,29,brightness_moderate,0,craze,5,hide_craze,2,0.07407407407407407,27
mobilenet_v3_small,29,brightness_moderate,1,corrosion,0,craze,1,0.03333333333333333,30
mobilenet_v3_small,29,brightness_moderate,1,corrosion,1,corrosion,21,0.7,30
mobilenet_v3_small,29,brightness_moderate,1,corrosion,2,surface_injure,1,0.03333333333333333,30
mobilenet_v3_small,29,brightness_moderate,1,corrosion,3,thunderstrike,0,0.0,30
mobilenet_v3_small,29,brightness_moderate,1,corrosion,4,crack,0,0.0,30
mobilenet_v3_small,29,brightness_moderate,1,corrosion,5,hide_craze,7,0.23333333333333334,30
mobilenet_v3_small,29,brightness_moderate,2,surface_injure,0,craze,0,0.0,33
mobilenet_v3_small,29,brightness_moderate,2,surface_injure,1,corrosion,4,0.12121212121212122,33
mobilenet_v3_small,29,brightness_moderate,2,surface_injure,2,surface_injure,28,0.8484848484848485,33
mobilenet_v3_small,29,brightness_moderate,2,surface_injure,3,thunderstrike,0,0.0,33
mobilenet_v3_small,29,brightness_moderate,2,surface_injure,4,crack,0,0.0,33
mobilenet_v3_small,29,brightness_moderate,2,surface_injure,5,hide_craze,1,0.030303030303030304,33
mobilenet_v3_small,29,brightness_moderate,3,thunderstrike,0,craze,0,0.0,9
mobilenet_v3_small,29,brightness_moderate,3,thunderstrike,1,corrosion,0,0.0,9
mobilenet_v3_small,29,brightness_moderate,3,thunderstrike,2,surface_injure,0,0.0,9
mobilenet_v3_small,29,brightness_moderate,3,thunderstrike,3,thunderstrike,9,1.0,9
mobilenet_v3_small,29,brightness_moderate,3,thunderstrike,4,crack,0,0.0,9
mobilenet_v3_small,29,brightness_moderate,3,thunderstrike,5,hide_craze,0,0.0,9
mobilenet_v3_small,29,brightness_moderate,4,crack,0,craze,0,0.0,14
mobilenet_v3_small,29,brightness_moderate,4,crack,1,corrosion,0,0.0,14
mobilenet_v3_small,29,brightness_moderate,4,crack,2,surface_injure,0,0.0,14
mobilenet_v3_small,29,brightness_moderate,4,crack,3,thunderstrike,1,0.07142857142857142,14
mobilenet_v3_small,29,brightness_moderate,4,crack,4,crack,13,0.9285714285714286,14
mobilenet_v3_small,29,brightness_moderate,4,crack,5,hide_craze,0,0.0,14
mobilenet_v3_small,29,brightness_moderate,5,hide_craze,0,craze,1,0.02040816326530612,49
mobilenet_v3_small,29,brightness_moderate,5,hide_craze,1,corrosion,0,0.0,49
mobilenet_v3_small,29,brightness_moderate,5,hide_craze,2,surface_injure,2,0.04081632653061224,49
mobilenet_v3_small,29,brightness_moderate,5,hide_craze,3,thunderstrike,0,0.0,49
mobilenet_v3_small,29,brightness_moderate,5,hide_craze,4,crack,0,0.0,49
mobilenet_v3_small,29,brightness_moderate,5,hide_craze,5,hide_craze,46,0.9387755102040817,49
mobilenet_v3_small,29,brightness_severe,0,craze,0,craze,13,0.48148148148148145,27
mobilenet_v3_small,29,brightness_severe,0,craze,1,corrosion,5,0.18518518518518517,27
mobilenet_v3_small,29,brightness_severe,0,craze,2,surface_injure,5,0.18518518518518517,27
mobilenet_v3_small,29,brightness_severe,0,craze,3,thunderstrike,0,0.0,27
mobilenet_v3_small,29,brightness_severe,0,craze,4,crack,0,0.0,27
mobilenet_v3_small,29,brightness_severe,0,craze,5,hide_craze,4,0.14814814814814814,27
mobilenet_v3_small,29,brightness_severe,1,corrosion,0,craze,1,0.03333333333333333,30
mobilenet_v3_small,29,brightness_severe,1,corrosion,1,corrosion,27,0.9,30
mobilenet_v3_small,29,brightness_severe,1,corrosion,2,surface_injure,0,0.0,30
mobilenet_v3_small,29,brightness_severe,1,corrosion,3,thunderstrike,0,0.0,30
mobilenet_v3_small,29,brightness_severe,1,corrosion,4,crack,0,0.0,30
mobilenet_v3_small,29,brightness_severe,1,corrosion,5,hide_craze,2,0.06666666666666667,30
mobilenet_v3_small,29,brightness_severe,2,surface_injure,0,craze,1,0.030303030303030304,33
mobilenet_v3_small,29,brightness_severe,2,surface_injure,1,corrosion,7,0.21212121212121213,33
mobilenet_v3_small,29,brightness_severe,2,surface_injure,2,surface_injure,20,0.6060606060606061,33
mobilenet_v3_small,29,brightness_severe,2,surface_injure,3,thunderstrike,0,0.0,33
mobilenet_v3_small,29,brightness_severe,2,surface_injure,4,crack,0,0.0,33
mobilenet_v3_small,29,brightness_severe,2,surface_injure,5,hide_craze,5,0.15151515151515152,33
mobilenet_v3_small,29,brightness_severe,3,thunderstrike,0,craze,1,0.1111111111111111,9
mobilenet_v3_small,29,brightness_severe,3,thunderstrike,1,corrosion,2,0.2222222222222222,9
mobilenet_v3_small,29,brightness_severe,3,thunderstrike,2,surface_injure,1,0.1111111111111111,9
mobilenet_v3_small,29,brightness_severe,3,thunderstrike,3,thunderstrike,4,0.4444444444444444,9
mobilenet_v3_small,29,brightness_severe,3,thunderstrike,4,crack,0,0.0,9
mobilenet_v3_small,29,brightness_severe,3,thunderstrike,5,hide_craze,1,0.1111111111111111,9
mobilenet_v3_small,29,brightness_severe,4,crack,0,craze,1,0.07142857142857142,14
mobilenet_v3_small,29,brightness_severe,4,crack,1,corrosion,0,0.0,14
mobilenet_v3_small,29,brightness_severe,4,crack,2,surface_injure,3,0.21428571428571427,14
mobilenet_v3_small,29,brightness_severe,4,crack,3,thunderstrike,0,0.0,14
mobilenet_v3_small,29,brightness_severe,4,crack,4,crack,9,0.6428571428571429,14
mobilenet_v3_small,29,brightness_severe,4,crack,5,hide_craze,1,0.07142857142857142,14
mobilenet_v3_small,29,brightness_severe,5,hide_craze,0,craze,0,0.0,49
mobilenet_v3_small,29,brightness_severe,5,hide_craze,1,corrosion,3,0.061224489795918366,49
mobilenet_v3_small,29,brightness_severe,5,hide_craze,2,surface_injure,4,0.08163265306122448,49
mobilenet_v3_small,29,brightness_severe,5,hide_craze,3,thunderstrike,0,0.0,49
mobilenet_v3_small,29,brightness_severe,5,hide_craze,4,crack,0,0.0,49
mobilenet_v3_small,29,brightness_severe,5,hide_craze,5,hide_craze,42,0.8571428571428571,49
mobilenet_v3_small,29,jpeg_mild,0,craze,0,craze,24,0.8888888888888888,27
mobilenet_v3_small,29,jpeg_mild,0,craze,1,corrosion,2,0.07407407407407407,27
mobilenet_v3_small,29,jpeg_mild,0,craze,2,surface_injure,1,0.037037037037037035,27
mobilenet_v3_small,29,jpeg_mild,0,craze,3,thunderstrike,0,0.0,27
mobilenet_v3_small,29,jpeg_mild,0,craze,4,crack,0,0.0,27
mobilenet_v3_small,29,jpeg_mild,0,craze,5,hide_craze,0,0.0,27
mobilenet_v3_small,29,jpeg_mild,1,corrosion,0,craze,0,0.0,30
mobilenet_v3_small,29,jpeg_mild,1,corrosion,1,corrosion,24,0.8,30
mobilenet_v3_small,29,jpeg_mild,1,corrosion,2,surface_injure,1,0.03333333333333333,30
mobilenet_v3_small,29,jpeg_mild,1,corrosion,3,thunderstrike,0,0.0,30
mobilenet_v3_small,29,jpeg_mild,1,corrosion,4,crack,1,0.03333333333333333,30
mobilenet_v3_small,29,jpeg_mild,1,corrosion,5,hide_craze,4,0.13333333333333333,30
mobilenet_v3_small,29,jpeg_mild,2,surface_injure,0,craze,0,0.0,33
mobilenet_v3_small,29,jpeg_mild,2,surface_injure,1,corrosion,1,0.030303030303030304,33
mobilenet_v3_small,29,jpeg_mild,2,surface_injure,2,surface_injure,28,0.8484848484848485,33
mobilenet_v3_small,29,jpeg_mild,2,surface_injure,3,thunderstrike,0,0.0,33
mobilenet_v3_small,29,jpeg_mild,2,surface_injure,4,crack,1,0.030303030303030304,33
mobilenet_v3_small,29,jpeg_mild,2,surface_injure,5,hide_craze,3,0.09090909090909091,33
mobilenet_v3_small,29,jpeg_mild,3,thunderstrike,0,craze,0,0.0,9
mobilenet_v3_small,29,jpeg_mild,3,thunderstrike,1,corrosion,0,0.0,9
mobilenet_v3_small,29,jpeg_mild,3,thunderstrike,2,surface_injure,0,0.0,9
mobilenet_v3_small,29,jpeg_mild,3,thunderstrike,3,thunderstrike,9,1.0,9
mobilenet_v3_small,29,jpeg_mild,3,thunderstrike,4,crack,0,0.0,9
mobilenet_v3_small,29,jpeg_mild,3,thunderstrike,5,hide_craze,0,0.0,9
mobilenet_v3_small,29,jpeg_mild,4,crack,0,craze,0,0.0,14
mobilenet_v3_small,29,jpeg_mild,4,crack,1,corrosion,0,0.0,14
mobilenet_v3_small,29,jpeg_mild,4,crack,2,surface_injure,0,0.0,14
mobilenet_v3_small,29,jpeg_mild,4,crack,3,thunderstrike,0,0.0,14
mobilenet_v3_small,29,jpeg_mild,4,crack,4,crack,14,1.0,14
mobilenet_v3_small,29,jpeg_mild,4,crack,5,hide_craze,0,0.0,14
mobilenet_v3_small,29,jpeg_mild,5,hide_craze,0,craze,1,0.02040816326530612,49
mobilenet_v3_small,29,jpeg_mild,5,hide_craze,1,corrosion,3,0.061224489795918366,49
mobilenet_v3_small,29,jpeg_mild,5,hide_craze,2,surface_injure,2,0.04081632653061224,49
mobilenet_v3_small,29,jpeg_mild,5,hide_craze,3,thunderstrike,2,0.04081632653061224,49
mobilenet_v3_small,29,jpeg_mild,5,hide_craze,4,crack,1,0.02040816326530612,49
mobilenet_v3_small,29,jpeg_mild,5,hide_craze,5,hide_craze,40,0.8163265306122449,49
mobilenet_v3_small,29,jpeg_moderate,0,craze,0,craze,22,0.8148148148148148,27
mobilenet_v3_small,29,jpeg_moderate,0,craze,1,corrosion,2,0.07407407407407407,27
mobilenet_v3_small,29,jpeg_moderate,0,craze,2,surface_injure,2,0.07407407407407407,27
mobilenet_v3_small,29,jpeg_moderate,0,craze,3,thunderstrike,0,0.0,27
mobilenet_v3_small,29,jpeg_moderate,0,craze,4,crack,0,0.0,27
mobilenet_v3_small,29,jpeg_moderate,0,craze,5,hide_craze,1,0.037037037037037035,27
mobilenet_v3_small,29,jpeg_moderate,1,corrosion,0,craze,1,0.03333333333333333,30
mobilenet_v3_small,29,jpeg_moderate,1,corrosion,1,corrosion,24,0.8,30
mobilenet_v3_small,29,jpeg_moderate,1,corrosion,2,surface_injure,0,0.0,30
mobilenet_v3_small,29,jpeg_moderate,1,corrosion,3,thunderstrike,0,0.0,30
mobilenet_v3_small,29,jpeg_moderate,1,corrosion,4,crack,1,0.03333333333333333,30
mobilenet_v3_small,29,jpeg_moderate,1,corrosion,5,hide_craze,4,0.13333333333333333,30
mobilenet_v3_small,29,jpeg_moderate,2,surface_injure,0,craze,0,0.0,33
mobilenet_v3_small,29,jpeg_moderate,2,surface_injure,1,corrosion,0,0.0,33
mobilenet_v3_small,29,jpeg_moderate,2,surface_injure,2,surface_injure,27,0.8181818181818182,33
mobilenet_v3_small,29,jpeg_moderate,2,surface_injure,3,thunderstrike,0,0.0,33
mobilenet_v3_small,29,jpeg_moderate,2,surface_injure,4,crack,1,0.030303030303030304,33
mobilenet_v3_small,29,jpeg_moderate,2,surface_injure,5,hide_craze,5,0.15151515151515152,33
mobilenet_v3_small,29,jpeg_moderate,3,thunderstrike,0,craze,0,0.0,9
mobilenet_v3_small,29,jpeg_moderate,3,thunderstrike,1,corrosion,0,0.0,9
mobilenet_v3_small,29,jpeg_moderate,3,thunderstrike,2,surface_injure,1,0.1111111111111111,9
mobilenet_v3_small,29,jpeg_moderate,3,thunderstrike,3,thunderstrike,8,0.8888888888888888,9
mobilenet_v3_small,29,jpeg_moderate,3,thunderstrike,4,crack,0,0.0,9
mobilenet_v3_small,29,jpeg_moderate,3,thunderstrike,5,hide_craze,0,0.0,9
mobilenet_v3_small,29,jpeg_moderate,4,crack,0,craze,0,0.0,14
mobilenet_v3_small,29,jpeg_moderate,4,crack,1,corrosion,0,0.0,14
mobilenet_v3_small,29,jpeg_moderate,4,crack,2,surface_injure,0,0.0,14
mobilenet_v3_small,29,jpeg_moderate,4,crack,3,thunderstrike,0,0.0,14
mobilenet_v3_small,29,jpeg_moderate,4,crack,4,crack,14,1.0,14
mobilenet_v3_small,29,jpeg_moderate,4,crack,5,hide_craze,0,0.0,14
mobilenet_v3_small,29,jpeg_moderate,5,hide_craze,0,craze,1,0.02040816326530612,49
mobilenet_v3_small,29,jpeg_moderate,5,hide_craze,1,corrosion,4,0.08163265306122448,49
mobilenet_v3_small,29,jpeg_moderate,5,hide_craze,2,surface_injure,4,0.08163265306122448,49
mobilenet_v3_small,29,jpeg_moderate,5,hide_craze,3,thunderstrike,0,0.0,49
mobilenet_v3_small,29,jpeg_moderate,5,hide_craze,4,crack,1,0.02040816326530612,49
mobilenet_v3_small,29,jpeg_moderate,5,hide_craze,5,hide_craze,39,0.7959183673469388,49
mobilenet_v3_small,29,jpeg_severe,0,craze,0,craze,20,0.7407407407407407,27
mobilenet_v3_small,29,jpeg_severe,0,craze,1,corrosion,3,0.1111111111111111,27
mobilenet_v3_small,29,jpeg_severe,0,craze,2,surface_injure,2,0.07407407407407407,27
mobilenet_v3_small,29,jpeg_severe,0,craze,3,thunderstrike,0,0.0,27
mobilenet_v3_small,29,jpeg_severe,0,craze,4,crack,0,0.0,27
mobilenet_v3_small,29,jpeg_severe,0,craze,5,hide_craze,2,0.07407407407407407,27
mobilenet_v3_small,29,jpeg_severe,1,corrosion,0,craze,2,0.06666666666666667,30
mobilenet_v3_small,29,jpeg_severe,1,corrosion,1,corrosion,20,0.6666666666666666,30
mobilenet_v3_small,29,jpeg_severe,1,corrosion,2,surface_injure,3,0.1,30
mobilenet_v3_small,29,jpeg_severe,1,corrosion,3,thunderstrike,0,0.0,30
mobilenet_v3_small,29,jpeg_severe,1,corrosion,4,crack,0,0.0,30
mobilenet_v3_small,29,jpeg_severe,1,corrosion,5,hide_craze,5,0.16666666666666666,30
mobilenet_v3_small,29,jpeg_severe,2,surface_injure,0,craze,0,0.0,33
mobilenet_v3_small,29,jpeg_severe,2,surface_injure,1,corrosion,1,0.030303030303030304,33
mobilenet_v3_small,29,jpeg_severe,2,surface_injure,2,surface_injure,28,0.8484848484848485,33
mobilenet_v3_small,29,jpeg_severe,2,surface_injure,3,thunderstrike,0,0.0,33
mobilenet_v3_small,29,jpeg_severe,2,surface_injure,4,crack,1,0.030303030303030304,33
mobilenet_v3_small,29,jpeg_severe,2,surface_injure,5,hide_craze,3,0.09090909090909091,33
mobilenet_v3_small,29,jpeg_severe,3,thunderstrike,0,craze,0,0.0,9
mobilenet_v3_small,29,jpeg_severe,3,thunderstrike,1,corrosion,0,0.0,9
mobilenet_v3_small,29,jpeg_severe,3,thunderstrike,2,surface_injure,3,0.3333333333333333,9
mobilenet_v3_small,29,jpeg_severe,3,thunderstrike,3,thunderstrike,6,0.6666666666666666,9
mobilenet_v3_small,29,jpeg_severe,3,thunderstrike,4,crack,0,0.0,9
mobilenet_v3_small,29,jpeg_severe,3,thunderstrike,5,hide_craze,0,0.0,9
mobilenet_v3_small,29,jpeg_severe,4,crack,0,craze,1,0.07142857142857142,14
mobilenet_v3_small,29,jpeg_severe,4,crack,1,corrosion,0,0.0,14
mobilenet_v3_small,29,jpeg_severe,4,crack,2,surface_injure,0,0.0,14
mobilenet_v3_small,29,jpeg_severe,4,crack,3,thunderstrike,1,0.07142857142857142,14
mobilenet_v3_small,29,jpeg_severe,4,crack,4,crack,12,0.8571428571428571,14
mobilenet_v3_small,29,jpeg_severe,4,crack,5,hide_craze,0,0.0,14
mobilenet_v3_small,29,jpeg_severe,5,hide_craze,0,craze,0,0.0,49
mobilenet_v3_small,29,jpeg_severe,5,hide_craze,1,corrosion,3,0.061224489795918366,49
mobilenet_v3_small,29,jpeg_severe,5,hide_craze,2,surface_injure,4,0.08163265306122448,49
mobilenet_v3_small,29,jpeg_severe,5,hide_craze,3,thunderstrike,0,0.0,49
mobilenet_v3_small,29,jpeg_severe,5,hide_craze,4,crack,3,0.061224489795918366,49
mobilenet_v3_small,29,jpeg_severe,5,hide_craze,5,hide_craze,39,0.7959183673469388,49
mobilenet_v3_small,43,clean,0,craze,0,craze,24,0.8888888888888888,27
mobilenet_v3_small,43,clean,0,craze,1,corrosion,2,0.07407407407407407,27
mobilenet_v3_small,43,clean,0,craze,2,surface_injure,1,0.037037037037037035,27
mobilenet_v3_small,43,clean,0,craze,3,thunderstrike,0,0.0,27
mobilenet_v3_small,43,clean,0,craze,4,crack,0,0.0,27
mobilenet_v3_small,43,clean,0,craze,5,hide_craze,0,0.0,27
mobilenet_v3_small,43,clean,1,corrosion,0,craze,3,0.1,30
mobilenet_v3_small,43,clean,1,corrosion,1,corrosion,22,0.7333333333333333,30
mobilenet_v3_small,43,clean,1,corrosion,2,surface_injure,2,0.06666666666666667,30
mobilenet_v3_small,43,clean,1,corrosion,3,thunderstrike,0,0.0,30
mobilenet_v3_small,43,clean,1,corrosion,4,crack,0,0.0,30
mobilenet_v3_small,43,clean,1,corrosion,5,hide_craze,3,0.1,30
mobilenet_v3_small,43,clean,2,surface_injure,0,craze,1,0.030303030303030304,33
mobilenet_v3_small,43,clean,2,surface_injure,1,corrosion,2,0.06060606060606061,33
mobilenet_v3_small,43,clean,2,surface_injure,2,surface_injure,27,0.8181818181818182,33
mobilenet_v3_small,43,clean,2,surface_injure,3,thunderstrike,1,0.030303030303030304,33
mobilenet_v3_small,43,clean,2,surface_injure,4,crack,1,0.030303030303030304,33
mobilenet_v3_small,43,clean,2,surface_injure,5,hide_craze,1,0.030303030303030304,33
mobilenet_v3_small,43,clean,3,thunderstrike,0,craze,0,0.0,9
mobilenet_v3_small,43,clean,3,thunderstrike,1,corrosion,0,0.0,9
mobilenet_v3_small,43,clean,3,thunderstrike,2,surface_injure,0,0.0,9
mobilenet_v3_small,43,clean,3,thunderstrike,3,thunderstrike,9,1.0,9
mobilenet_v3_small,43,clean,3,thunderstrike,4,crack,0,0.0,9
mobilenet_v3_small,43,clean,3,thunderstrike,5,hide_craze,0,0.0,9
mobilenet_v3_small,43,clean,4,crack,0,craze,0,0.0,14
mobilenet_v3_small,43,clean,4,crack,1,corrosion,0,0.0,14
mobilenet_v3_small,43,clean,4,crack,2,surface_injure,0,0.0,14
mobilenet_v3_small,43,clean,4,crack,3,thunderstrike,0,0.0,14
mobilenet_v3_small,43,clean,4,crack,4,crack,14,1.0,14
mobilenet_v3_small,43,clean,4,crack,5,hide_craze,0,0.0,14
mobilenet_v3_small,43,clean,5,hide_craze,0,craze,1,0.02040816326530612,49
mobilenet_v3_small,43,clean,5,hide_craze,1,corrosion,0,0.0,49
mobilenet_v3_small,43,clean,5,hide_craze,2,surface_injure,1,0.02040816326530612,49
mobilenet_v3_small,43,clean,5,hide_craze,3,thunderstrike,0,0.0,49
mobilenet_v3_small,43,clean,5,hide_craze,4,crack,0,0.0,49
mobilenet_v3_small,43,clean,5,hide_craze,5,hide_craze,47,0.9591836734693877,49
mobilenet_v3_small,43,gaussian_blur_mild,0,craze,0,craze,21,0.7777777777777778,27
mobilenet_v3_small,43,gaussian_blur_mild,0,craze,1,corrosion,3,0.1111111111111111,27
mobilenet_v3_small,43,gaussian_blur_mild,0,craze,2,surface_injure,3,0.1111111111111111,27
mobilenet_v3_small,43,gaussian_blur_mild,0,craze,3,thunderstrike,0,0.0,27
mobilenet_v3_small,43,gaussian_blur_mild,0,craze,4,crack,0,0.0,27
mobilenet_v3_small,43,gaussian_blur_mild,0,craze,5,hide_craze,0,0.0,27
mobilenet_v3_small,43,gaussian_blur_mild,1,corrosion,0,craze,1,0.03333333333333333,30
mobilenet_v3_small,43,gaussian_blur_mild,1,corrosion,1,corrosion,24,0.8,30
mobilenet_v3_small,43,gaussian_blur_mild,1,corrosion,2,surface_injure,2,0.06666666666666667,30
mobilenet_v3_small,43,gaussian_blur_mild,1,corrosion,3,thunderstrike,0,0.0,30
mobilenet_v3_small,43,gaussian_blur_mild,1,corrosion,4,crack,1,0.03333333333333333,30
mobilenet_v3_small,43,gaussian_blur_mild,1,corrosion,5,hide_craze,2,0.06666666666666667,30
mobilenet_v3_small,43,gaussian_blur_mild,2,surface_injure,0,craze,0,0.0,33
mobilenet_v3_small,43,gaussian_blur_mild,2,surface_injure,1,corrosion,1,0.030303030303030304,33
mobilenet_v3_small,43,gaussian_blur_mild,2,surface_injure,2,surface_injure,29,0.8787878787878788,33
mobilenet_v3_small,43,gaussian_blur_mild,2,surface_injure,3,thunderstrike,1,0.030303030303030304,33
mobilenet_v3_small,43,gaussian_blur_mild,2,surface_injure,4,crack,1,0.030303030303030304,33
mobilenet_v3_small,43,gaussian_blur_mild,2,surface_injure,5,hide_craze,1,0.030303030303030304,33
mobilenet_v3_small,43,gaussian_blur_mild,3,thunderstrike,0,craze,0,0.0,9
mobilenet_v3_small,43,gaussian_blur_mild,3,thunderstrike,1,corrosion,0,0.0,9
mobilenet_v3_small,43,gaussian_blur_mild,3,thunderstrike,2,surface_injure,1,0.1111111111111111,9
mobilenet_v3_small,43,gaussian_blur_mild,3,thunderstrike,3,thunderstrike,8,0.8888888888888888,9
mobilenet_v3_small,43,gaussian_blur_mild,3,thunderstrike,4,crack,0,0.0,9
mobilenet_v3_small,43,gaussian_blur_mild,3,thunderstrike,5,hide_craze,0,0.0,9
mobilenet_v3_small,43,gaussian_blur_mild,4,crack,0,craze,0,0.0,14
mobilenet_v3_small,43,gaussian_blur_mild,4,crack,1,corrosion,0,0.0,14
mobilenet_v3_small,43,gaussian_blur_mild,4,crack,2,surface_injure,0,0.0,14
mobilenet_v3_small,43,gaussian_blur_mild,4,crack,3,thunderstrike,0,0.0,14
mobilenet_v3_small,43,gaussian_blur_mild,4,crack,4,crack,14,1.0,14
mobilenet_v3_small,43,gaussian_blur_mild,4,crack,5,hide_craze,0,0.0,14
mobilenet_v3_small,43,gaussian_blur_mild,5,hide_craze,0,craze,0,0.0,49
mobilenet_v3_small,43,gaussian_blur_mild,5,hide_craze,1,corrosion,0,0.0,49
mobilenet_v3_small,43,gaussian_blur_mild,5,hide_craze,2,surface_injure,2,0.04081632653061224,49
mobilenet_v3_small,43,gaussian_blur_mild,5,hide_craze,3,thunderstrike,0,0.0,49
mobilenet_v3_small,43,gaussian_blur_mild,5,hide_craze,4,crack,0,0.0,49
mobilenet_v3_small,43,gaussian_blur_mild,5,hide_craze,5,hide_craze,47,0.9591836734693877,49
mobilenet_v3_small,43,gaussian_blur_moderate,0,craze,0,craze,19,0.7037037037037037,27
mobilenet_v3_small,43,gaussian_blur_moderate,0,craze,1,corrosion,2,0.07407407407407407,27
mobilenet_v3_small,43,gaussian_blur_moderate,0,craze,2,surface_injure,5,0.18518518518518517,27
mobilenet_v3_small,43,gaussian_blur_moderate,0,craze,3,thunderstrike,0,0.0,27
mobilenet_v3_small,43,gaussian_blur_moderate,0,craze,4,crack,0,0.0,27
mobilenet_v3_small,43,gaussian_blur_moderate,0,craze,5,hide_craze,1,0.037037037037037035,27
mobilenet_v3_small,43,gaussian_blur_moderate,1,corrosion,0,craze,0,0.0,30
mobilenet_v3_small,43,gaussian_blur_moderate,1,corrosion,1,corrosion,23,0.7666666666666667,30
mobilenet_v3_small,43,gaussian_blur_moderate,1,corrosion,2,surface_injure,4,0.13333333333333333,30
mobilenet_v3_small,43,gaussian_blur_moderate,1,corrosion,3,thunderstrike,0,0.0,30
mobilenet_v3_small,43,gaussian_blur_moderate,1,corrosion,4,crack,1,0.03333333333333333,30
mobilenet_v3_small,43,gaussian_blur_moderate,1,corrosion,5,hide_craze,2,0.06666666666666667,30
mobilenet_v3_small,43,gaussian_blur_moderate,2,surface_injure,0,craze,1,0.030303030303030304,33
mobilenet_v3_small,43,gaussian_blur_moderate,2,surface_injure,1,corrosion,0,0.0,33
mobilenet_v3_small,43,gaussian_blur_moderate,2,surface_injure,2,surface_injure,30,0.9090909090909091,33
mobilenet_v3_small,43,gaussian_blur_moderate,2,surface_injure,3,thunderstrike,0,0.0,33
mobilenet_v3_small,43,gaussian_blur_moderate,2,surface_injure,4,crack,1,0.030303030303030304,33
mobilenet_v3_small,43,gaussian_blur_moderate,2,surface_injure,5,hide_craze,1,0.030303030303030304,33
mobilenet_v3_small,43,gaussian_blur_moderate,3,thunderstrike,0,craze,0,0.0,9
mobilenet_v3_small,43,gaussian_blur_moderate,3,thunderstrike,1,corrosion,0,0.0,9
mobilenet_v3_small,43,gaussian_blur_moderate,3,thunderstrike,2,surface_injure,2,0.2222222222222222,9
mobilenet_v3_small,43,gaussian_blur_moderate,3,thunderstrike,3,thunderstrike,7,0.7777777777777778,9
mobilenet_v3_small,43,gaussian_blur_moderate,3,thunderstrike,4,crack,0,0.0,9
mobilenet_v3_small,43,gaussian_blur_moderate,3,thunderstrike,5,hide_craze,0,0.0,9
mobilenet_v3_small,43,gaussian_blur_moderate,4,crack,0,craze,0,0.0,14
mobilenet_v3_small,43,gaussian_blur_moderate,4,crack,1,corrosion,0,0.0,14
mobilenet_v3_small,43,gaussian_blur_moderate,4,crack,2,surface_injure,1,0.07142857142857142,14
mobilenet_v3_small,43,gaussian_blur_moderate,4,crack,3,thunderstrike,0,0.0,14
mobilenet_v3_small,43,gaussian_blur_moderate,4,crack,4,crack,13,0.9285714285714286,14
mobilenet_v3_small,43,gaussian_blur_moderate,4,crack,5,hide_craze,0,0.0,14
mobilenet_v3_small,43,gaussian_blur_moderate,5,hide_craze,0,craze,0,0.0,49
mobilenet_v3_small,43,gaussian_blur_moderate,5,hide_craze,1,corrosion,0,0.0,49
mobilenet_v3_small,43,gaussian_blur_moderate,5,hide_craze,2,surface_injure,1,0.02040816326530612,49
mobilenet_v3_small,43,gaussian_blur_moderate,5,hide_craze,3,thunderstrike,0,0.0,49
mobilenet_v3_small,43,gaussian_blur_moderate,5,hide_craze,4,crack,0,0.0,49
mobilenet_v3_small,43,gaussian_blur_moderate,5,hide_craze,5,hide_craze,48,0.9795918367346939,49
mobilenet_v3_small,43,gaussian_blur_severe,0,craze,0,craze,5,0.18518518518518517,27
mobilenet_v3_small,43,gaussian_blur_severe,0,craze,1,corrosion,2,0.07407407407407407,27
mobilenet_v3_small,43,gaussian_blur_severe,0,craze,2,surface_injure,10,0.37037037037037035,27
mobilenet_v3_small,43,gaussian_blur_severe,0,craze,3,thunderstrike,0,0.0,27
mobilenet_v3_small,43,gaussian_blur_severe,0,craze,4,crack,1,0.037037037037037035,27
mobilenet_v3_small,43,gaussian_blur_severe,0,craze,5,hide_craze,9,0.3333333333333333,27
mobilenet_v3_small,43,gaussian_blur_severe,1,corrosion,0,craze,0,0.0,30
mobilenet_v3_small,43,gaussian_blur_severe,1,corrosion,1,corrosion,17,0.5666666666666667,30
mobilenet_v3_small,43,gaussian_blur_severe,1,corrosion,2,surface_injure,5,0.16666666666666666,30
mobilenet_v3_small,43,gaussian_blur_severe,1,corrosion,3,thunderstrike,0,0.0,30
mobilenet_v3_small,43,gaussian_blur_severe,1,corrosion,4,crack,4,0.13333333333333333,30
mobilenet_v3_small,43,gaussian_blur_severe,1,corrosion,5,hide_craze,4,0.13333333333333333,30
mobilenet_v3_small,43,gaussian_blur_severe,2,surface_injure,0,craze,0,0.0,33
mobilenet_v3_small,43,gaussian_blur_severe,2,surface_injure,1,corrosion,0,0.0,33
mobilenet_v3_small,43,gaussian_blur_severe,2,surface_injure,2,surface_injure,30,0.9090909090909091,33
mobilenet_v3_small,43,gaussian_blur_severe,2,surface_injure,3,thunderstrike,0,0.0,33
mobilenet_v3_small,43,gaussian_blur_severe,2,surface_injure,4,crack,1,0.030303030303030304,33
mobilenet_v3_small,43,gaussian_blur_severe,2,surface_injure,5,hide_craze,2,0.06060606060606061,33
mobilenet_v3_small,43,gaussian_blur_severe,3,thunderstrike,0,craze,0,0.0,9
mobilenet_v3_small,43,gaussian_blur_severe,3,thunderstrike,1,corrosion,0,0.0,9
mobilenet_v3_small,43,gaussian_blur_severe,3,thunderstrike,2,surface_injure,4,0.4444444444444444,9
mobilenet_v3_small,43,gaussian_blur_severe,3,thunderstrike,3,thunderstrike,3,0.3333333333333333,9
mobilenet_v3_small,43,gaussian_blur_severe,3,thunderstrike,4,crack,1,0.1111111111111111,9
mobilenet_v3_small,43,gaussian_blur_severe,3,thunderstrike,5,hide_craze,1,0.1111111111111111,9
mobilenet_v3_small,43,gaussian_blur_severe,4,crack,0,craze,0,0.0,14
mobilenet_v3_small,43,gaussian_blur_severe,4,crack,1,corrosion,0,0.0,14
mobilenet_v3_small,43,gaussian_blur_severe,4,crack,2,surface_injure,1,0.07142857142857142,14
mobilenet_v3_small,43,gaussian_blur_severe,4,crack,3,thunderstrike,0,0.0,14
mobilenet_v3_small,43,gaussian_blur_severe,4,crack,4,crack,13,0.9285714285714286,14
mobilenet_v3_small,43,gaussian_blur_severe,4,crack,5,hide_craze,0,0.0,14
mobilenet_v3_small,43,gaussian_blur_severe,5,hide_craze,0,craze,0,0.0,49
mobilenet_v3_small,43,gaussian_blur_severe,5,hide_craze,1,corrosion,1,0.02040816326530612,49
mobilenet_v3_small,43,gaussian_blur_severe,5,hide_craze,2,surface_injure,3,0.061224489795918366,49
mobilenet_v3_small,43,gaussian_blur_severe,5,hide_craze,3,thunderstrike,0,0.0,49
mobilenet_v3_small,43,gaussian_blur_severe,5,hide_craze,4,crack,4,0.08163265306122448,49
mobilenet_v3_small,43,gaussian_blur_severe,5,hide_craze,5,hide_craze,41,0.8367346938775511,49
mobilenet_v3_small,43,resolution_mild,0,craze,0,craze,20,0.7407407407407407,27
mobilenet_v3_small,43,resolution_mild,0,craze,1,corrosion,1,0.037037037037037035,27
mobilenet_v3_small,43,resolution_mild,0,craze,2,surface_injure,5,0.18518518518518517,27
mobilenet_v3_small,43,resolution_mild,0,craze,3,thunderstrike,0,0.0,27
mobilenet_v3_small,43,resolution_mild,0,craze,4,crack,0,0.0,27
mobilenet_v3_small,43,resolution_mild,0,craze,5,hide_craze,1,0.037037037037037035,27
mobilenet_v3_small,43,resolution_mild,1,corrosion,0,craze,1,0.03333333333333333,30
mobilenet_v3_small,43,resolution_mild,1,corrosion,1,corrosion,23,0.7666666666666667,30
mobilenet_v3_small,43,resolution_mild,1,corrosion,2,surface_injure,3,0.1,30
mobilenet_v3_small,43,resolution_mild,1,corrosion,3,thunderstrike,0,0.0,30
mobilenet_v3_small,43,resolution_mild,1,corrosion,4,crack,1,0.03333333333333333,30
mobilenet_v3_small,43,resolution_mild,1,corrosion,5,hide_craze,2,0.06666666666666667,30
mobilenet_v3_small,43,resolution_mild,2,surface_injure,0,craze,0,0.0,33
mobilenet_v3_small,43,resolution_mild,2,surface_injure,1,corrosion,1,0.030303030303030304,33
mobilenet_v3_small,43,resolution_mild,2,surface_injure,2,surface_injure,30,0.9090909090909091,33
mobilenet_v3_small,43,resolution_mild,2,surface_injure,3,thunderstrike,0,0.0,33
mobilenet_v3_small,43,resolution_mild,2,surface_injure,4,crack,1,0.030303030303030304,33
mobilenet_v3_small,43,resolution_mild,2,surface_injure,5,hide_craze,1,0.030303030303030304,33
mobilenet_v3_small,43,resolution_mild,3,thunderstrike,0,craze,0,0.0,9
mobilenet_v3_small,43,resolution_mild,3,thunderstrike,1,corrosion,0,0.0,9
mobilenet_v3_small,43,resolution_mild,3,thunderstrike,2,surface_injure,0,0.0,9
mobilenet_v3_small,43,resolution_mild,3,thunderstrike,3,thunderstrike,9,1.0,9
mobilenet_v3_small,43,resolution_mild,3,thunderstrike,4,crack,0,0.0,9
mobilenet_v3_small,43,resolution_mild,3,thunderstrike,5,hide_craze,0,0.0,9
mobilenet_v3_small,43,resolution_mild,4,crack,0,craze,0,0.0,14
mobilenet_v3_small,43,resolution_mild,4,crack,1,corrosion,0,0.0,14
mobilenet_v3_small,43,resolution_mild,4,crack,2,surface_injure,1,0.07142857142857142,14
mobilenet_v3_small,43,resolution_mild,4,crack,3,thunderstrike,0,0.0,14
mobilenet_v3_small,43,resolution_mild,4,crack,4,crack,13,0.9285714285714286,14
mobilenet_v3_small,43,resolution_mild,4,crack,5,hide_craze,0,0.0,14
mobilenet_v3_small,43,resolution_mild,5,hide_craze,0,craze,0,0.0,49
mobilenet_v3_small,43,resolution_mild,5,hide_craze,1,corrosion,0,0.0,49
mobilenet_v3_small,43,resolution_mild,5,hide_craze,2,surface_injure,1,0.02040816326530612,49
mobilenet_v3_small,43,resolution_mild,5,hide_craze,3,thunderstrike,0,0.0,49
mobilenet_v3_small,43,resolution_mild,5,hide_craze,4,crack,0,0.0,49
mobilenet_v3_small,43,resolution_mild,5,hide_craze,5,hide_craze,48,0.9795918367346939,49
mobilenet_v3_small,43,resolution_moderate,0,craze,0,craze,20,0.7407407407407407,27
mobilenet_v3_small,43,resolution_moderate,0,craze,1,corrosion,1,0.037037037037037035,27
mobilenet_v3_small,43,resolution_moderate,0,craze,2,surface_injure,5,0.18518518518518517,27
mobilenet_v3_small,43,resolution_moderate,0,craze,3,thunderstrike,0,0.0,27
mobilenet_v3_small,43,resolution_moderate,0,craze,4,crack,0,0.0,27
mobilenet_v3_small,43,resolution_moderate,0,craze,5,hide_craze,1,0.037037037037037035,27
mobilenet_v3_small,43,resolution_moderate,1,corrosion,0,craze,0,0.0,30
mobilenet_v3_small,43,resolution_moderate,1,corrosion,1,corrosion,23,0.7666666666666667,30
mobilenet_v3_small,43,resolution_moderate,1,corrosion,2,surface_injure,4,0.13333333333333333,30
mobilenet_v3_small,43,resolution_moderate,1,corrosion,3,thunderstrike,0,0.0,30
mobilenet_v3_small,43,resolution_moderate,1,corrosion,4,crack,1,0.03333333333333333,30
mobilenet_v3_small,43,resolution_moderate,1,corrosion,5,hide_craze,2,0.06666666666666667,30
mobilenet_v3_small,43,resolution_moderate,2,surface_injure,0,craze,1,0.030303030303030304,33
mobilenet_v3_small,43,resolution_moderate,2,surface_injure,1,corrosion,1,0.030303030303030304,33
mobilenet_v3_small,43,resolution_moderate,2,surface_injure,2,surface_injure,29,0.8787878787878788,33
mobilenet_v3_small,43,resolution_moderate,2,surface_injure,3,thunderstrike,0,0.0,33
mobilenet_v3_small,43,resolution_moderate,2,surface_injure,4,crack,1,0.030303030303030304,33
mobilenet_v3_small,43,resolution_moderate,2,surface_injure,5,hide_craze,1,0.030303030303030304,33
mobilenet_v3_small,43,resolution_moderate,3,thunderstrike,0,craze,0,0.0,9
mobilenet_v3_small,43,resolution_moderate,3,thunderstrike,1,corrosion,0,0.0,9
mobilenet_v3_small,43,resolution_moderate,3,thunderstrike,2,surface_injure,1,0.1111111111111111,9
mobilenet_v3_small,43,resolution_moderate,3,thunderstrike,3,thunderstrike,8,0.8888888888888888,9
mobilenet_v3_small,43,resolution_moderate,3,thunderstrike,4,crack,0,0.0,9
mobilenet_v3_small,43,resolution_moderate,3,thunderstrike,5,hide_craze,0,0.0,9
mobilenet_v3_small,43,resolution_moderate,4,crack,0,craze,0,0.0,14
mobilenet_v3_small,43,resolution_moderate,4,crack,1,corrosion,0,0.0,14
mobilenet_v3_small,43,resolution_moderate,4,crack,2,surface_injure,1,0.07142857142857142,14
mobilenet_v3_small,43,resolution_moderate,4,crack,3,thunderstrike,0,0.0,14
mobilenet_v3_small,43,resolution_moderate,4,crack,4,crack,13,0.9285714285714286,14
mobilenet_v3_small,43,resolution_moderate,4,crack,5,hide_craze,0,0.0,14
mobilenet_v3_small,43,resolution_moderate,5,hide_craze,0,craze,0,0.0,49
mobilenet_v3_small,43,resolution_moderate,5,hide_craze,1,corrosion,0,0.0,49
mobilenet_v3_small,43,resolution_moderate,5,hide_craze,2,surface_injure,2,0.04081632653061224,49
mobilenet_v3_small,43,resolution_moderate,5,hide_craze,3,thunderstrike,0,0.0,49
mobilenet_v3_small,43,resolution_moderate,5,hide_craze,4,crack,0,0.0,49
mobilenet_v3_small,43,resolution_moderate,5,hide_craze,5,hide_craze,47,0.9591836734693877,49
mobilenet_v3_small,43,resolution_severe,0,craze,0,craze,15,0.5555555555555556,27
mobilenet_v3_small,43,resolution_severe,0,craze,1,corrosion,1,0.037037037037037035,27
mobilenet_v3_small,43,resolution_severe,0,craze,2,surface_injure,8,0.2962962962962963,27
mobilenet_v3_small,43,resolution_severe,0,craze,3,thunderstrike,0,0.0,27
mobilenet_v3_small,43,resolution_severe,0,craze,4,crack,1,0.037037037037037035,27
mobilenet_v3_small,43,resolution_severe,0,craze,5,hide_craze,2,0.07407407407407407,27
mobilenet_v3_small,43,resolution_severe,1,corrosion,0,craze,0,0.0,30
mobilenet_v3_small,43,resolution_severe,1,corrosion,1,corrosion,14,0.4666666666666667,30
mobilenet_v3_small,43,resolution_severe,1,corrosion,2,surface_injure,10,0.3333333333333333,30
mobilenet_v3_small,43,resolution_severe,1,corrosion,3,thunderstrike,0,0.0,30
mobilenet_v3_small,43,resolution_severe,1,corrosion,4,crack,2,0.06666666666666667,30
mobilenet_v3_small,43,resolution_severe,1,corrosion,5,hide_craze,4,0.13333333333333333,30
mobilenet_v3_small,43,resolution_severe,2,surface_injure,0,craze,0,0.0,33
mobilenet_v3_small,43,resolution_severe,2,surface_injure,1,corrosion,0,0.0,33
mobilenet_v3_small,43,resolution_severe,2,surface_injure,2,surface_injure,29,0.8787878787878788,33
mobilenet_v3_small,43,resolution_severe,2,surface_injure,3,thunderstrike,0,0.0,33
mobilenet_v3_small,43,resolution_severe,2,surface_injure,4,crack,3,0.09090909090909091,33
mobilenet_v3_small,43,resolution_severe,2,surface_injure,5,hide_craze,1,0.030303030303030304,33
mobilenet_v3_small,43,resolution_severe,3,thunderstrike,0,craze,0,0.0,9
mobilenet_v3_small,43,resolution_severe,3,thunderstrike,1,corrosion,0,0.0,9
mobilenet_v3_small,43,resolution_severe,3,thunderstrike,2,surface_injure,5,0.5555555555555556,9
mobilenet_v3_small,43,resolution_severe,3,thunderstrike,3,thunderstrike,4,0.4444444444444444,9
mobilenet_v3_small,43,resolution_severe,3,thunderstrike,4,crack,0,0.0,9
mobilenet_v3_small,43,resolution_severe,3,thunderstrike,5,hide_craze,0,0.0,9
mobilenet_v3_small,43,resolution_severe,4,crack,0,craze,0,0.0,14
mobilenet_v3_small,43,resolution_severe,4,crack,1,corrosion,0,0.0,14
mobilenet_v3_small,43,resolution_severe,4,crack,2,surface_injure,1,0.07142857142857142,14
mobilenet_v3_small,43,resolution_severe,4,crack,3,thunderstrike,0,0.0,14
mobilenet_v3_small,43,resolution_severe,4,crack,4,crack,13,0.9285714285714286,14
mobilenet_v3_small,43,resolution_severe,4,crack,5,hide_craze,0,0.0,14
mobilenet_v3_small,43,resolution_severe,5,hide_craze,0,craze,0,0.0,49
mobilenet_v3_small,43,resolution_severe,5,hide_craze,1,corrosion,0,0.0,49
mobilenet_v3_small,43,resolution_severe,5,hide_craze,2,surface_injure,3,0.061224489795918366,49
mobilenet_v3_small,43,resolution_severe,5,hide_craze,3,thunderstrike,0,0.0,49
mobilenet_v3_small,43,resolution_severe,5,hide_craze,4,crack,0,0.0,49
mobilenet_v3_small,43,resolution_severe,5,hide_craze,5,hide_craze,46,0.9387755102040817,49
mobilenet_v3_small,43,brightness_mild,0,craze,0,craze,22,0.8148148148148148,27
mobilenet_v3_small,43,brightness_mild,0,craze,1,corrosion,3,0.1111111111111111,27
mobilenet_v3_small,43,brightness_mild,0,craze,2,surface_injure,1,0.037037037037037035,27
mobilenet_v3_small,43,brightness_mild,0,craze,3,thunderstrike,0,0.0,27
mobilenet_v3_small,43,brightness_mild,0,craze,4,crack,0,0.0,27
mobilenet_v3_small,43,brightness_mild,0,craze,5,hide_craze,1,0.037037037037037035,27
mobilenet_v3_small,43,brightness_mild,1,corrosion,0,craze,4,0.13333333333333333,30
mobilenet_v3_small,43,brightness_mild,1,corrosion,1,corrosion,22,0.7333333333333333,30
mobilenet_v3_small,43,brightness_mild,1,corrosion,2,surface_injure,1,0.03333333333333333,30
mobilenet_v3_small,43,brightness_mild,1,corrosion,3,thunderstrike,1,0.03333333333333333,30
mobilenet_v3_small,43,brightness_mild,1,corrosion,4,crack,0,0.0,30
mobilenet_v3_small,43,brightness_mild,1,corrosion,5,hide_craze,2,0.06666666666666667,30
mobilenet_v3_small,43,brightness_mild,2,surface_injure,0,craze,1,0.030303030303030304,33
mobilenet_v3_small,43,brightness_mild,2,surface_injure,1,corrosion,2,0.06060606060606061,33
mobilenet_v3_small,43,brightness_mild,2,surface_injure,2,surface_injure,27,0.8181818181818182,33
mobilenet_v3_small,43,brightness_mild,2,surface_injure,3,thunderstrike,1,0.030303030303030304,33
mobilenet_v3_small,43,brightness_mild,2,surface_injure,4,crack,0,0.0,33
mobilenet_v3_small,43,brightness_mild,2,surface_injure,5,hide_craze,2,0.06060606060606061,33
mobilenet_v3_small,43,brightness_mild,3,thunderstrike,0,craze,0,0.0,9
mobilenet_v3_small,43,brightness_mild,3,thunderstrike,1,corrosion,0,0.0,9
mobilenet_v3_small,43,brightness_mild,3,thunderstrike,2,surface_injure,0,0.0,9
mobilenet_v3_small,43,brightness_mild,3,thunderstrike,3,thunderstrike,9,1.0,9
mobilenet_v3_small,43,brightness_mild,3,thunderstrike,4,crack,0,0.0,9
mobilenet_v3_small,43,brightness_mild,3,thunderstrike,5,hide_craze,0,0.0,9
mobilenet_v3_small,43,brightness_mild,4,crack,0,craze,0,0.0,14
mobilenet_v3_small,43,brightness_mild,4,crack,1,corrosion,0,0.0,14
mobilenet_v3_small,43,brightness_mild,4,crack,2,surface_injure,1,0.07142857142857142,14
mobilenet_v3_small,43,brightness_mild,4,crack,3,thunderstrike,0,0.0,14
mobilenet_v3_small,43,brightness_mild,4,crack,4,crack,13,0.9285714285714286,14
mobilenet_v3_small,43,brightness_mild,4,crack,5,hide_craze,0,0.0,14
mobilenet_v3_small,43,brightness_mild,5,hide_craze,0,craze,0,0.0,49
mobilenet_v3_small,43,brightness_mild,5,hide_craze,1,corrosion,0,0.0,49
mobilenet_v3_small,43,brightness_mild,5,hide_craze,2,surface_injure,4,0.08163265306122448,49
mobilenet_v3_small,43,brightness_mild,5,hide_craze,3,thunderstrike,0,0.0,49
mobilenet_v3_small,43,brightness_mild,5,hide_craze,4,crack,0,0.0,49
mobilenet_v3_small,43,brightness_mild,5,hide_craze,5,hide_craze,45,0.9183673469387755,49
mobilenet_v3_small,43,brightness_moderate,0,craze,0,craze,18,0.6666666666666666,27
mobilenet_v3_small,43,brightness_moderate,0,craze,1,corrosion,2,0.07407407407407407,27
mobilenet_v3_small,43,brightness_moderate,0,craze,2,surface_injure,5,0.18518518518518517,27
mobilenet_v3_small,43,brightness_moderate,0,craze,3,thunderstrike,0,0.0,27
mobilenet_v3_small,43,brightness_moderate,0,craze,4,crack,0,0.0,27
mobilenet_v3_small,43,brightness_moderate,0,craze,5,hide_craze,2,0.07407407407407407,27
mobilenet_v3_small,43,brightness_moderate,1,corrosion,0,craze,4,0.13333333333333333,30
mobilenet_v3_small,43,brightness_moderate,1,corrosion,1,corrosion,21,0.7,30
mobilenet_v3_small,43,brightness_moderate,1,corrosion,2,surface_injure,1,0.03333333333333333,30
mobilenet_v3_small,43,brightness_moderate,1,corrosion,3,thunderstrike,0,0.0,30
mobilenet_v3_small,43,brightness_moderate,1,corrosion,4,crack,0,0.0,30
mobilenet_v3_small,43,brightness_moderate,1,corrosion,5,hide_craze,4,0.13333333333333333,30
mobilenet_v3_small,43,brightness_moderate,2,surface_injure,0,craze,1,0.030303030303030304,33
mobilenet_v3_small,43,brightness_moderate,2,surface_injure,1,corrosion,2,0.06060606060606061,33
mobilenet_v3_small,43,brightness_moderate,2,surface_injure,2,surface_injure,29,0.8787878787878788,33
mobilenet_v3_small,43,brightness_moderate,2,surface_injure,3,thunderstrike,0,0.0,33
mobilenet_v3_small,43,brightness_moderate,2,surface_injure,4,crack,0,0.0,33
mobilenet_v3_small,43,brightness_moderate,2,surface_injure,5,hide_craze,1,0.030303030303030304,33
mobilenet_v3_small,43,brightness_moderate,3,thunderstrike,0,craze,0,0.0,9
mobilenet_v3_small,43,brightness_moderate,3,thunderstrike,1,corrosion,0,0.0,9
mobilenet_v3_small,43,brightness_moderate,3,thunderstrike,2,surface_injure,0,0.0,9
mobilenet_v3_small,43,brightness_moderate,3,thunderstrike,3,thunderstrike,9,1.0,9
mobilenet_v3_small,43,brightness_moderate,3,thunderstrike,4,crack,0,0.0,9
mobilenet_v3_small,43,brightness_moderate,3,thunderstrike,5,hide_craze,0,0.0,9
mobilenet_v3_small,43,brightness_moderate,4,crack,0,craze,1,0.07142857142857142,14
mobilenet_v3_small,43,brightness_moderate,4,crack,1,corrosion,0,0.0,14
mobilenet_v3_small,43,brightness_moderate,4,crack,2,surface_injure,1,0.07142857142857142,14
mobilenet_v3_small,43,brightness_moderate,4,crack,3,thunderstrike,0,0.0,14
mobilenet_v3_small,43,brightness_moderate,4,crack,4,crack,12,0.8571428571428571,14
mobilenet_v3_small,43,brightness_moderate,4,crack,5,hide_craze,0,0.0,14
mobilenet_v3_small,43,brightness_moderate,5,hide_craze,0,craze,0,0.0,49
mobilenet_v3_small,43,brightness_moderate,5,hide_craze,1,corrosion,0,0.0,49
mobilenet_v3_small,43,brightness_moderate,5,hide_craze,2,surface_injure,2,0.04081632653061224,49
mobilenet_v3_small,43,brightness_moderate,5,hide_craze,3,thunderstrike,0,0.0,49
mobilenet_v3_small,43,brightness_moderate,5,hide_craze,4,crack,0,0.0,49
mobilenet_v3_small,43,brightness_moderate,5,hide_craze,5,hide_craze,47,0.9591836734693877,49
mobilenet_v3_small,43,brightness_severe,0,craze,0,craze,14,0.5185185185185185,27
mobilenet_v3_small,43,brightness_severe,0,craze,1,corrosion,3,0.1111111111111111,27
mobilenet_v3_small,43,brightness_severe,0,craze,2,surface_injure,4,0.14814814814814814,27
mobilenet_v3_small,43,brightness_severe,0,craze,3,thunderstrike,0,0.0,27
mobilenet_v3_small,43,brightness_severe,0,craze,4,crack,0,0.0,27
mobilenet_v3_small,43,brightness_severe,0,craze,5,hide_craze,6,0.2222222222222222,27
mobilenet_v3_small,43,brightness_severe,1,corrosion,0,craze,2,0.06666666666666667,30
mobilenet_v3_small,43,brightness_severe,1,corrosion,1,corrosion,20,0.6666666666666666,30
mobilenet_v3_small,43,brightness_severe,1,corrosion,2,surface_injure,0,0.0,30
mobilenet_v3_small,43,brightness_severe,1,corrosion,3,thunderstrike,0,0.0,30
mobilenet_v3_small,43,brightness_severe,1,corrosion,4,crack,0,0.0,30
mobilenet_v3_small,43,brightness_severe,1,corrosion,5,hide_craze,8,0.26666666666666666,30
mobilenet_v3_small,43,brightness_severe,2,surface_injure,0,craze,1,0.030303030303030304,33
mobilenet_v3_small,43,brightness_severe,2,surface_injure,1,corrosion,4,0.12121212121212122,33
mobilenet_v3_small,43,brightness_severe,2,surface_injure,2,surface_injure,24,0.7272727272727273,33
mobilenet_v3_small,43,brightness_severe,2,surface_injure,3,thunderstrike,0,0.0,33
mobilenet_v3_small,43,brightness_severe,2,surface_injure,4,crack,0,0.0,33
mobilenet_v3_small,43,brightness_severe,2,surface_injure,5,hide_craze,4,0.12121212121212122,33
mobilenet_v3_small,43,brightness_severe,3,thunderstrike,0,craze,1,0.1111111111111111,9
mobilenet_v3_small,43,brightness_severe,3,thunderstrike,1,corrosion,2,0.2222222222222222,9
mobilenet_v3_small,43,brightness_severe,3,thunderstrike,2,surface_injure,4,0.4444444444444444,9
mobilenet_v3_small,43,brightness_severe,3,thunderstrike,3,thunderstrike,2,0.2222222222222222,9
mobilenet_v3_small,43,brightness_severe,3,thunderstrike,4,crack,0,0.0,9
mobilenet_v3_small,43,brightness_severe,3,thunderstrike,5,hide_craze,0,0.0,9
mobilenet_v3_small,43,brightness_severe,4,crack,0,craze,2,0.14285714285714285,14
mobilenet_v3_small,43,brightness_severe,4,crack,1,corrosion,0,0.0,14
mobilenet_v3_small,43,brightness_severe,4,crack,2,surface_injure,3,0.21428571428571427,14
mobilenet_v3_small,43,brightness_severe,4,crack,3,thunderstrike,0,0.0,14
mobilenet_v3_small,43,brightness_severe,4,crack,4,crack,5,0.35714285714285715,14
mobilenet_v3_small,43,brightness_severe,4,crack,5,hide_craze,4,0.2857142857142857,14
mobilenet_v3_small,43,brightness_severe,5,hide_craze,0,craze,1,0.02040816326530612,49
mobilenet_v3_small,43,brightness_severe,5,hide_craze,1,corrosion,1,0.02040816326530612,49
mobilenet_v3_small,43,brightness_severe,5,hide_craze,2,surface_injure,1,0.02040816326530612,49
mobilenet_v3_small,43,brightness_severe,5,hide_craze,3,thunderstrike,0,0.0,49
mobilenet_v3_small,43,brightness_severe,5,hide_craze,4,crack,0,0.0,49
mobilenet_v3_small,43,brightness_severe,5,hide_craze,5,hide_craze,46,0.9387755102040817,49
mobilenet_v3_small,43,jpeg_mild,0,craze,0,craze,22,0.8148148148148148,27
mobilenet_v3_small,43,jpeg_mild,0,craze,1,corrosion,3,0.1111111111111111,27
mobilenet_v3_small,43,jpeg_mild,0,craze,2,surface_injure,1,0.037037037037037035,27
mobilenet_v3_small,43,jpeg_mild,0,craze,3,thunderstrike,0,0.0,27
mobilenet_v3_small,43,jpeg_mild,0,craze,4,crack,0,0.0,27
mobilenet_v3_small,43,jpeg_mild,0,craze,5,hide_craze,1,0.037037037037037035,27
mobilenet_v3_small,43,jpeg_mild,1,corrosion,0,craze,2,0.06666666666666667,30
mobilenet_v3_small,43,jpeg_mild,1,corrosion,1,corrosion,23,0.7666666666666667,30
mobilenet_v3_small,43,jpeg_mild,1,corrosion,2,surface_injure,3,0.1,30
mobilenet_v3_small,43,jpeg_mild,1,corrosion,3,thunderstrike,0,0.0,30
mobilenet_v3_small,43,jpeg_mild,1,corrosion,4,crack,0,0.0,30
mobilenet_v3_small,43,jpeg_mild,1,corrosion,5,hide_craze,2,0.06666666666666667,30
mobilenet_v3_small,43,jpeg_mild,2,surface_injure,0,craze,1,0.030303030303030304,33
mobilenet_v3_small,43,jpeg_mild,2,surface_injure,1,corrosion,3,0.09090909090909091,33
mobilenet_v3_small,43,jpeg_mild,2,surface_injure,2,surface_injure,27,0.8181818181818182,33
mobilenet_v3_small,43,jpeg_mild,2,surface_injure,3,thunderstrike,0,0.0,33
mobilenet_v3_small,43,jpeg_mild,2,surface_injure,4,crack,1,0.030303030303030304,33
mobilenet_v3_small,43,jpeg_mild,2,surface_injure,5,hide_craze,1,0.030303030303030304,33
mobilenet_v3_small,43,jpeg_mild,3,thunderstrike,0,craze,0,0.0,9
mobilenet_v3_small,43,jpeg_mild,3,thunderstrike,1,corrosion,0,0.0,9
mobilenet_v3_small,43,jpeg_mild,3,thunderstrike,2,surface_injure,1,0.1111111111111111,9
mobilenet_v3_small,43,jpeg_mild,3,thunderstrike,3,thunderstrike,8,0.8888888888888888,9
mobilenet_v3_small,43,jpeg_mild,3,thunderstrike,4,crack,0,0.0,9
mobilenet_v3_small,43,jpeg_mild,3,thunderstrike,5,hide_craze,0,0.0,9
mobilenet_v3_small,43,jpeg_mild,4,crack,0,craze,0,0.0,14
mobilenet_v3_small,43,jpeg_mild,4,crack,1,corrosion,0,0.0,14
mobilenet_v3_small,43,jpeg_mild,4,crack,2,surface_injure,0,0.0,14
mobilenet_v3_small,43,jpeg_mild,4,crack,3,thunderstrike,0,0.0,14
mobilenet_v3_small,43,jpeg_mild,4,crack,4,crack,14,1.0,14
mobilenet_v3_small,43,jpeg_mild,4,crack,5,hide_craze,0,0.0,14
mobilenet_v3_small,43,jpeg_mild,5,hide_craze,0,craze,1,0.02040816326530612,49
mobilenet_v3_small,43,jpeg_mild,5,hide_craze,1,corrosion,3,0.061224489795918366,49
mobilenet_v3_small,43,jpeg_mild,5,hide_craze,2,surface_injure,1,0.02040816326530612,49
mobilenet_v3_small,43,jpeg_mild,5,hide_craze,3,thunderstrike,0,0.0,49
mobilenet_v3_small,43,jpeg_mild,5,hide_craze,4,crack,0,0.0,49
mobilenet_v3_small,43,jpeg_mild,5,hide_craze,5,hide_craze,44,0.8979591836734694,49
mobilenet_v3_small,43,jpeg_moderate,0,craze,0,craze,23,0.8518518518518519,27
mobilenet_v3_small,43,jpeg_moderate,0,craze,1,corrosion,2,0.07407407407407407,27
mobilenet_v3_small,43,jpeg_moderate,0,craze,2,surface_injure,1,0.037037037037037035,27
mobilenet_v3_small,43,jpeg_moderate,0,craze,3,thunderstrike,0,0.0,27
mobilenet_v3_small,43,jpeg_moderate,0,craze,4,crack,0,0.0,27
mobilenet_v3_small,43,jpeg_moderate,0,craze,5,hide_craze,1,0.037037037037037035,27
mobilenet_v3_small,43,jpeg_moderate,1,corrosion,0,craze,3,0.1,30
mobilenet_v3_small,43,jpeg_moderate,1,corrosion,1,corrosion,23,0.7666666666666667,30
mobilenet_v3_small,43,jpeg_moderate,1,corrosion,2,surface_injure,1,0.03333333333333333,30
mobilenet_v3_small,43,jpeg_moderate,1,corrosion,3,thunderstrike,0,0.0,30
mobilenet_v3_small,43,jpeg_moderate,1,corrosion,4,crack,0,0.0,30
mobilenet_v3_small,43,jpeg_moderate,1,corrosion,5,hide_craze,3,0.1,30
mobilenet_v3_small,43,jpeg_moderate,2,surface_injure,0,craze,2,0.06060606060606061,33
mobilenet_v3_small,43,jpeg_moderate,2,surface_injure,1,corrosion,3,0.09090909090909091,33
mobilenet_v3_small,43,jpeg_moderate,2,surface_injure,2,surface_injure,24,0.7272727272727273,33
mobilenet_v3_small,43,jpeg_moderate,2,surface_injure,3,thunderstrike,1,0.030303030303030304,33
mobilenet_v3_small,43,jpeg_moderate,2,surface_injure,4,crack,1,0.030303030303030304,33
mobilenet_v3_small,43,jpeg_moderate,2,surface_injure,5,hide_craze,2,0.06060606060606061,33
mobilenet_v3_small,43,jpeg_moderate,3,thunderstrike,0,craze,0,0.0,9
mobilenet_v3_small,43,jpeg_moderate,3,thunderstrike,1,corrosion,0,0.0,9
mobilenet_v3_small,43,jpeg_moderate,3,thunderstrike,2,surface_injure,1,0.1111111111111111,9
mobilenet_v3_small,43,jpeg_moderate,3,thunderstrike,3,thunderstrike,8,0.8888888888888888,9
mobilenet_v3_small,43,jpeg_moderate,3,thunderstrike,4,crack,0,0.0,9
mobilenet_v3_small,43,jpeg_moderate,3,thunderstrike,5,hide_craze,0,0.0,9
mobilenet_v3_small,43,jpeg_moderate,4,crack,0,craze,0,0.0,14
mobilenet_v3_small,43,jpeg_moderate,4,crack,1,corrosion,0,0.0,14
mobilenet_v3_small,43,jpeg_moderate,4,crack,2,surface_injure,0,0.0,14
mobilenet_v3_small,43,jpeg_moderate,4,crack,3,thunderstrike,0,0.0,14
mobilenet_v3_small,43,jpeg_moderate,4,crack,4,crack,14,1.0,14
mobilenet_v3_small,43,jpeg_moderate,4,crack,5,hide_craze,0,0.0,14
mobilenet_v3_small,43,jpeg_moderate,5,hide_craze,0,craze,0,0.0,49
mobilenet_v3_small,43,jpeg_moderate,5,hide_craze,1,corrosion,3,0.061224489795918366,49
mobilenet_v3_small,43,jpeg_moderate,5,hide_craze,2,surface_injure,1,0.02040816326530612,49
mobilenet_v3_small,43,jpeg_moderate,5,hide_craze,3,thunderstrike,0,0.0,49
mobilenet_v3_small,43,jpeg_moderate,5,hide_craze,4,crack,1,0.02040816326530612,49
mobilenet_v3_small,43,jpeg_moderate,5,hide_craze,5,hide_craze,44,0.8979591836734694,49
mobilenet_v3_small,43,jpeg_severe,0,craze,0,craze,22,0.8148148148148148,27
mobilenet_v3_small,43,jpeg_severe,0,craze,1,corrosion,1,0.037037037037037035,27
mobilenet_v3_small,43,jpeg_severe,0,craze,2,surface_injure,3,0.1111111111111111,27
mobilenet_v3_small,43,jpeg_severe,0,craze,3,thunderstrike,0,0.0,27
mobilenet_v3_small,43,jpeg_severe,0,craze,4,crack,0,0.0,27
mobilenet_v3_small,43,jpeg_severe,0,craze,5,hide_craze,1,0.037037037037037035,27
mobilenet_v3_small,43,jpeg_severe,1,corrosion,0,craze,2,0.06666666666666667,30
mobilenet_v3_small,43,jpeg_severe,1,corrosion,1,corrosion,21,0.7,30
mobilenet_v3_small,43,jpeg_severe,1,corrosion,2,surface_injure,1,0.03333333333333333,30
mobilenet_v3_small,43,jpeg_severe,1,corrosion,3,thunderstrike,0,0.0,30
mobilenet_v3_small,43,jpeg_severe,1,corrosion,4,crack,0,0.0,30
mobilenet_v3_small,43,jpeg_severe,1,corrosion,5,hide_craze,6,0.2,30
mobilenet_v3_small,43,jpeg_severe,2,surface_injure,0,craze,1,0.030303030303030304,33
mobilenet_v3_small,43,jpeg_severe,2,surface_injure,1,corrosion,2,0.06060606060606061,33
mobilenet_v3_small,43,jpeg_severe,2,surface_injure,2,surface_injure,25,0.7575757575757576,33
mobilenet_v3_small,43,jpeg_severe,2,surface_injure,3,thunderstrike,0,0.0,33
mobilenet_v3_small,43,jpeg_severe,2,surface_injure,4,crack,1,0.030303030303030304,33
mobilenet_v3_small,43,jpeg_severe,2,surface_injure,5,hide_craze,4,0.12121212121212122,33
mobilenet_v3_small,43,jpeg_severe,3,thunderstrike,0,craze,0,0.0,9
mobilenet_v3_small,43,jpeg_severe,3,thunderstrike,1,corrosion,0,0.0,9
mobilenet_v3_small,43,jpeg_severe,3,thunderstrike,2,surface_injure,2,0.2222222222222222,9
mobilenet_v3_small,43,jpeg_severe,3,thunderstrike,3,thunderstrike,7,0.7777777777777778,9
mobilenet_v3_small,43,jpeg_severe,3,thunderstrike,4,crack,0,0.0,9
mobilenet_v3_small,43,jpeg_severe,3,thunderstrike,5,hide_craze,0,0.0,9
mobilenet_v3_small,43,jpeg_severe,4,crack,0,craze,0,0.0,14
mobilenet_v3_small,43,jpeg_severe,4,crack,1,corrosion,0,0.0,14
mobilenet_v3_small,43,jpeg_severe,4,crack,2,surface_injure,1,0.07142857142857142,14
mobilenet_v3_small,43,jpeg_severe,4,crack,3,thunderstrike,0,0.0,14
mobilenet_v3_small,43,jpeg_severe,4,crack,4,crack,13,0.9285714285714286,14
mobilenet_v3_small,43,jpeg_severe,4,crack,5,hide_craze,0,0.0,14
mobilenet_v3_small,43,jpeg_severe,5,hide_craze,0,craze,0,0.0,49
mobilenet_v3_small,43,jpeg_severe,5,hide_craze,1,corrosion,3,0.061224489795918366,49
mobilenet_v3_small,43,jpeg_severe,5,hide_craze,2,surface_injure,1,0.02040816326530612,49
mobilenet_v3_small,43,jpeg_severe,5,hide_craze,3,thunderstrike,1,0.02040816326530612,49
mobilenet_v3_small,43,jpeg_severe,5,hide_craze,4,crack,1,0.02040816326530612,49
mobilenet_v3_small,43,jpeg_severe,5,hide_craze,5,hide_craze,43,0.8775510204081632,49
