method,condition_id,instance_id,source_image_id,true_label,correct_seed_count,harmful_flip_seed_count,all_seeds_same_label,distinct_predicted_labels,unanimous_failure,majority_only_failure,seed_predictions
resnet18,clean,13_0,13,hide_craze,3,0,True,1,False,False,17:hide_craze|29:hide_craze|43:hide_craze
resnet18,clean,13_1,13,hide_craze,3,0,True,1,False,False,17:hide_craze|29:hide_craze|43:hide_craze
resnet18,clean,32_0,32,thunderstrike,3,0,True,1,False,False,17:thunderstrike|29:thunderstrike|43:thunderstrike
resnet18,clean,32_1,32,thunderstrike,3,0,True,1,False,False,17:thunderstrike|29:thunderstrike|43:thunderstrike
resnet18,clean,46_0,46,corrosion,3,0,True,1,False,False,17:corrosion|29:corrosion|43:corrosion
resnet18,clean,46_1,46,corrosion,3,0,True,1,False,False,17:corrosion|29:corrosion|43:corrosion
resnet18,clean,48_0,48,surface_injure,0,0,True,1,True,False,17:craze|29:craze|43:craze
resnet18,clean,51_0,51,craze,1,0,False,2,False,True,17:corrosion|29:corrosion|43:craze
resnet18,clean,51_1,51,craze,3,0,True,1,False,False,17:craze|29:craze|43:craze
resnet18,clean,54_0,54,hide_craze,3,0,True,1,False,False,17:hide_craze|29:hide_craze|43:hide_craze
resnet18,clean,54_1,54,hide_craze,3,0,True,1,False,False,17:hide_craze|29:hide_craze|43:hide_craze
resnet18,clean,57_0,57,craze,3,0,True,1,False,False,17:craze|29:craze|43:craze
resnet18,clean,57_1,57,surface_injure,2,0,False,2,False,False,17:surface_injure|29:corrosion|43:surface_injure
resnet18,clean,61_0,61,craze,3,0,True,1,False,False,17:craze|29:craze|43:craze
resnet18,clean,61_1,61,craze,3,0,True,1,False,False,17:craze|29:craze|43:craze
resnet18,clean,61_2,61,craze,3,0,True,1,False,False,17:craze|29:craze|43:craze
resnet18,clean,65_0,65,corrosion,2,0,False,2,False,False,17:corrosion|29:hide_craze|43:corrosion
resnet18,clean,67_0,67,hide_craze,3,0,True,1,False,False,17:hide_craze|29:hide_craze|43:hide_craze
resnet18,clean,71_0,71,craze,3,0,True,1,False,False,17:craze|29:craze|43:craze
resnet18,clean,73_0,73,craze,3,0,True,1,False,False,17:craze|29:craze|43:craze
resnet18,clean,81_0,81,craze,3,0,True,1,False,False,17:craze|29:craze|43:craze
resnet18,clean,81_1,81,craze,3,0,True,1,False,False,17:craze|29:craze|43:craze
resnet18,clean,81_2,81,craze,3,0,True,1,False,False,17:craze|29:craze|43:craze
resnet18,clean,88_0,88,crack,1,0,False,2,False,True,17:crack|29:hide_craze|43:hide_craze
resnet18,clean,93_0,93,craze,3,0,True,1,False,False,17:craze|29:craze|43:craze
resnet18,clean,103_0,103,craze,3,0,True,1,False,False,17:craze|29:craze|43:craze
resnet18,clean,112_0,112,thunderstrike,3,0,True,1,False,False,17:thunderstrike|29:thunderstrike|43:thunderstrike
resnet18,clean,112_1,112,surface_injure,3,0,True,1,False,False,17:surface_injure|29:surface_injure|43:surface_injure
resnet18,clean,142_0,142,surface_injure,0,0,True,1,True,False,17:corrosion|29:corrosion|43:corrosion
resnet18,clean,146_0,146,hide_craze,3,0,True,1,False,False,17:hide_craze|29:hide_craze|43:hide_craze
resnet18,clean,156_0,156,craze,3,0,True,1,False,False,17:craze|29:craze|43:craze
resnet18,clean,161_0,161,corrosion,3,0,True,1,False,False,17:corrosion|29:corrosion|43:corrosion
resnet18,clean,163_0,163,hide_craze,3,0,True,1,False,False,17:hide_craze|29:hide_craze|43:hide_craze
resnet18,clean,166_0,166,craze,3,0,True,1,False,False,17:craze|29:craze|43:craze
resnet18,clean,167_0,167,craze,3,0,True,1,False,False,17:craze|29:craze|43:craze
resnet18,clean,167_1,167,craze,2,0,False,2,False,False,17:hide_craze|29:craze|43:craze
resnet18,clean,178_0,178,surface_injure,3,0,True,1,False,False,17:surface_injure|29:surface_injure|43:surface_injure
resnet18,clean,178_1,178,surface_injure,3,0,True,1,False,False,17:surface_injure|29:surface_injure|43:surface_injure
resnet18,clean,178_2,178,surface_injure,3,0,True,1,False,False,17:surface_injure|29:surface_injure|43:surface_injure
resnet18,clean,198_0,198,craze,3,0,True,1,False,False,17:craze|29:craze|43:craze
resnet18,clean,198_1,198,hide_craze,3,0,True,1,False,False,17:hide_craze|29:hide_craze|43:hide_craze
resnet18,clean,209_0,209,hide_craze,3,0,True,1,False,False,17:hide_craze|29:hide_craze|43:hide_craze
resnet18,clean,214_0,214,craze,3,0,True,1,False,False,17:craze|29:craze|43:craze
resnet18,clean,216_0,216,crack,3,0,True,1,False,False,17:crack|29:crack|43:crack
resnet18,clean,217_0,217,surface_injure,3,0,True,1,False,False,17:surface_injure|29:surface_injure|43:surface_injure
resnet18,clean,224_0,224,hide_craze,3,0,True,1,False,False,17:hide_craze|29:hide_craze|43:hide_craze
resnet18,clean,228_0,228,hide_craze,1,0,False,2,False,True,17:hide_craze|29:crack|43:crack
resnet18,clean,228_1,228,hide_craze,0,0,True,1,True,False,17:craze|29:craze|43:craze
resnet18,clean,234_0,234,surface_injure,2,0,False,2,False,False,17:surface_injure|29:hide_craze|43:surface_injure
resnet18,clean,234_1,234,hide_craze,3,0,True,1,False,False,17:hide_craze|29:hide_craze|43:hide_craze
resnet18,clean,234_2,234,hide_craze,3,0,True,1,False,False,17:hide_craze|29:hide_craze|43:hide_craze
resnet18,clean,234_3,234,hide_craze,3,0,True,1,False,False,17:hide_craze|29:hide_craze|43:hide_craze
resnet18,clean,234_4,234,hide_craze,3,0,True,1,False,False,17:hide_craze|29:hide_craze|43:hide_craze
resnet18,clean,238_0,238,crack,3,0,True,1,False,False,17:crack|29:crack|43:crack
resnet18,clean,238_1,238,crack,3,0,True,1,False,False,17:crack|29:crack|43:crack
resnet18,clean,250_0,250,crack,3,0,True,1,False,False,17:crack|29:crack|43:crack
resnet18,clean,252_0,252,crack,3,0,True,1,False,False,17:crack|29:crack|43:crack
resnet18,clean,255_0,255,surface_injure,1,0,False,2,False,True,17:hide_craze|29:hide_craze|43:surface_injure
resnet18,clean,255_1,255,surface_injure,3,0,True,1,False,False,17:surface_injure|29:surface_injure|43:surface_injure
resnet18,clean,257_0,257,surface_injure,2,0,False,2,False,False,17:surface_injure|29:corrosion|43:surface_injure
resnet18,clean,257_1,257,surface_injure,3,0,True,1,False,False,17:surface_injure|29:surface_injure|43:surface_injure
resnet18,clean,269_0,269,crack,3,0,True,1,False,False,17:crack|29:crack|43:crack
resnet18,clean,273_0,273,thunderstrike,3,0,True,1,False,False,17:thunderstrike|29:thunderstrike|43:thunderstrike
resnet18,clean,273_1,273,surface_injure,3,0,True,1,False,False,17:surface_injure|29:surface_injure|43:surface_injure
resnet18,clean,276_0,276,hide_craze,3,0,True,1,False,False,17:hide_craze|29:hide_craze|43:hide_craze
resnet18,clean,276_1,276,hide_craze,3,0,True,1,False,False,17:hide_craze|29:hide_craze|43:hide_craze
resnet18,clean,284_0,284,hide_craze,3,0,True,1,False,False,17:hide_craze|29:hide_craze|43:hide_craze
resnet18,clean,285_0,285,surface_injure,3,0,True,1,False,False,17:surface_injure|29:surface_injure|43:surface_injure
resnet18,clean,285_1,285,surface_injure,3,0,True,1,False,False,17:surface_injure|29:surface_injure|43:surface_injure
resnet18,clean,318_0,318,crack,3,0,True,1,False,False,17:crack|29:crack|43:crack
resnet18,clean,322_0,322,corrosion,3,0,True,1,False,False,17:corrosion|29:corrosion|43:corrosion
resnet18,clean,323_0,323,corrosion,0,0,False,2,True,False,17:surface_injure|29:hide_craze|43:surface_injure
resnet18,clean,326_0,326,surface_injure,3,0,True,1,False,False,17:surface_injure|29:surface_injure|43:surface_injure
resnet18,clean,326_1,326,craze,3,0,True,1,False,False,17:craze|29:craze|43:craze
resnet18,clean,332_0,332,surface_injure,3,0,True,1,False,False,17:surface_injure|29:surface_injure|43:surface_injure
resnet18,clean,363_0,363,surface_injure,3,0,True,1,False,False,17:surface_injure|29:surface_injure|43:surface_injure
resnet18,clean,370_0,370,corrosion,3,0,True,1,False,False,17:corrosion|29:corrosion|43:corrosion
resnet18,clean,370_1,370,corrosion,3,0,True,1,False,False,17:corrosion|29:corrosion|43:corrosion
resnet18,clean,370_2,370,corrosion,3,0,True,1,False,False,17:corrosion|29:corrosion|43:corrosion
resnet18,clean,373_0,373,corrosion,3,0,True,1,False,False,17:corrosion|29:corrosion|43:corrosion
resnet18,clean,379_0,379,hide_craze,3,0,True,1,False,False,17:hide_craze|29:hide_craze|43:hide_craze
resnet18,clean,379_1,379,hide_craze,3,0,True,1,False,False,17:hide_craze|29:hide_craze|43:hide_craze
resnet18,clean,388_0,388,hide_craze,3,0,True,1,False,False,17:hide_craze|29:hide_craze|43:hide_craze
resnet18,clean,389_0,389,crack,3,0,True,1,False,False,17:crack|29:crack|43:crack
resnet18,clean,390_0,390,corrosion,1,0,False,2,False,True,17:surface_injure|29:corrosion|43:surface_injure
resnet18,clean,394_0,394,crack,3,0,True,1,False,False,17:crack|29:crack|43:crack
resnet18,clean,405_0,405,corrosion,3,0,True,1,False,False,17:corrosion|29:corrosion|43:corrosion
resnet18,clean,407_0,407,surface_injure,3,0,True,1,False,False,17:surface_injure|29:surface_injure|43:surface_injure
resnet18,clean,408_0,408,corrosion,3,0,True,1,False,False,17:corrosion|29:corrosion|43:corrosion
resnet18,clean,408_1,408,corrosion,3,0,True,1,False,False,17:corrosion|29:corrosion|43:corrosion
resnet18,clean,410_0,410,corrosion,2,0,False,2,False,False,17:corrosion|29:corrosion|43:craze
resnet18,clean,410_1,410,corrosion,2,0,False,2,False,False,17:corrosion|29:corrosion|43:craze
resnet18,clean,432_0,432,surface_injure,3,0,True,1,False,False,17:surface_injure|29:surface_injure|43:surface_injure
resnet18,clean,438_0,438,hide_craze,3,0,True,1,False,False,17:hide_craze|29:hide_craze|43:hide_craze
resnet18,clean,440_0,440,crack,3,0,True,1,False,False,17:crack|29:crack|43:crack
resnet18,clean,447_0,447,crack,3,0,True,1,False,False,17:crack|29:crack|43:crack
resnet18,clean,447_1,447,crack,3,0,True,1,False,False,17:crack|29:crack|43:crack
resnet18,clean,451_0,451,corrosion,3,0,True,1,False,False,17:corrosion|29:corrosion|43:corrosion
resnet18,clean,457_0,457,hide_craze,3,0,True,1,False,False,17:hide_craze|29:hide_craze|43:hide_craze
resnet18,clean,457_1,457,hide_craze,3,0,True,1,False,False,17:hide_craze|29:hide_craze|43:hide_craze
resnet18,clean,457_2,457,hide_craze,2,0,False,2,False,False,17:hide_craze|29:hide_craze|43:thunderstrike
resnet18,clean,464_0,464,craze,3,0,True,1,False,False,17:craze|29:craze|43:craze
resnet18,clean,464_1,464,hide_craze,1,0,False,3,False,True,17:surface_injure|29:hide_craze|43:thunderstrike
resnet18,clean,469_0,469,craze,3,0,True,1,False,False,17:craze|29:craze|43:craze
resnet18,clean,473_0,473,crack,3,0,True,1,False,False,17:crack|29:crack|43:crack
resnet18,clean,476_0,476,surface_injure,3,0,True,1,False,False,17:surface_injure|29:surface_injure|43:surface_injure
resnet18,clean,479_0,479,surface_injure,3,0,True,1,False,False,17:surface_injure|29:surface_injure|43:surface_injure
resnet18,clean,479_1,479,thunderstrike,3,0,True,1,False,False,17:thunderstrike|29:thunderstrike|43:thunderstrike
resnet18,clean,501_0,501,corrosion,3,0,True,1,False,False,17:corrosion|29:corrosion|43:corrosion
resnet18,clean,505_0,505,corrosion,3,0,True,1,False,False,17:corrosion|29:corrosion|43:corrosion
resnet18,clean,511_0,511,hide_craze,3,0,True,1,False,False,17:hide_craze|29:hide_craze|43:hide_craze
resnet18,clean,511_1,511,hide_craze,3,0,True,1,False,False,17:hide_craze|29:hide_craze|43:hide_craze
resnet18,clean,521_0,521,corrosion,0,0,False,2,True,False,17:surface_injure|29:hide_craze|43:surface_injure
resnet18,clean,521_1,521,corrosion,0,0,True,1,True,False,17:hide_craze|29:hide_craze|43:hide_craze
resnet18,clean,541_0,541,hide_craze,3,0,True,1,False,False,17:hide_craze|29:hide_craze|43:hide_craze
resnet18,clean,546_0,546,corrosion,0,0,True,1,True,False,17:surface_injure|29:surface_injure|43:surface_injure
resnet18,clean,546_1,546,corrosion,3,0,True,1,False,False,17:corrosion|29:corrosion|43:corrosion
resnet18,clean,546_2,546,corrosion,3,0,True,1,False,False,17:corrosion|29:corrosion|43:corrosion
resnet18,clean,563_0,563,craze,3,0,True,1,False,False,17:craze|29:craze|43:craze
resnet18,clean,566_0,566,corrosion,3,0,True,1,False,False,17:corrosion|29:corrosion|43:corrosion
resnet18,clean,569_0,569,hide_craze,3,0,True,1,False,False,17:hide_craze|29:hide_craze|43:hide_craze
resnet18,clean,574_0,574,craze,3,0,True,1,False,False,17:craze|29:craze|43:craze
resnet18,clean,580_0,580,craze,3,0,True,1,False,False,17:craze|29:craze|43:craze
resnet18,clean,591_0,591,thunderstrike,2,0,False,2,False,False,17:thunderstrike|29:thunderstrike|43:surface_injure
resnet18,clean,591_1,591,surface_injure,3,0,True,1,False,False,17:surface_injure|29:surface_injure|43:surface_injure
resnet18,clean,591_2,591,surface_injure,3,0,True,1,False,False,17:surface_injure|29:surface_injure|43:surface_injure
resnet18,clean,597_0,597,hide_craze,3,0,True,1,False,False,17:hide_craze|29:hide_craze|43:hide_craze
resnet18,clean,598_0,598,corrosion,3,0,True,1,False,False,17:corrosion|29:corrosion|43:corrosion
resnet18,clean,598_1,598,corrosion,3,0,True,1,False,False,17:corrosion|29:corrosion|43:corrosion
resnet18,clean,600_0,600,hide_craze,2,0,False,2,False,False,17:hide_craze|29:corrosion|43:hide_craze
resnet18,clean,610_0,610,hide_craze,3,0,True,1,False,False,17:hide_craze|29:hide_craze|43:hide_craze
resnet18,clean,623_0,623,hide_craze,3,0,True,1,False,False,17:hide_craze|29:hide_craze|43:hide_craze
resnet18,clean,623_1,623,surface_injure,1,0,False,3,False,True,17:crack|29:hide_craze|43:surface_injure
resnet18,clean,633_0,633,hide_craze,3,0,True,1,False,False,17:hide_craze|29:hide_craze|43:hide_craze
resnet18,clean,642_0,642,hide_craze,3,0,True,1,False,False,17:hide_craze|29:hide_craze|43:hide_craze
resnet18,clean,642_1,642,surface_injure,2,0,False,2,False,False,17:surface_injure|29:hide_craze|43:surface_injure
resnet18,clean,643_0,643,hide_craze,3,0,True,1,False,False,17:hide_craze|29:hide_craze|43:hide_craze
resnet18,clean,650_0,650,corrosion,3,0,True,1,False,False,17:corrosion|29:corrosion|43:corrosion
resnet18,clean,655_0,655,hide_craze,2,0,False,2,False,False,17:crack|29:hide_craze|43:hide_craze
resnet18,clean,658_0,658,corrosion,2,0,False,2,False,False,17:corrosion|29:hide_craze|43:corrosion
resnet18,clean,663_0,663,hide_craze,2,0,False,2,False,False,17:hide_craze|29:craze|43:hide_craze
resnet18,clean,671_0,671,hide_craze,3,0,True,1,False,False,17:hide_craze|29:hide_craze|43:hide_craze
resnet18,clean,671_1,671,surface_injure,1,0,False,2,False,True,17:hide_craze|29:hide_craze|43:surface_injure
resnet18,clean,677_0,677,hide_craze,3,0,True,1,False,False,17:hide_craze|29:hide_craze|43:hide_craze
resnet18,clean,686_0,686,thunderstrike,3,0,True,1,False,False,17:thunderstrike|29:thunderstrike|43:thunderstrike
resnet18,clean,689_0,689,surface_injure,1,0,False,2,False,True,17:crack|29:crack|43:surface_injure
resnet18,clean,689_1,689,surface_injure,3,0,True,1,False,False,17:surface_injure|29:surface_injure|43:surface_injure
resnet18,clean,689_2,689,surface_injure,3,0,True,1,False,False,17:surface_injure|29:surface_injure|43:surface_injure
resnet18,clean,689_3,689,surface_injure,3,0,True,1,False,False,17:surface_injure|29:surface_injure|43:surface_injure
resnet18,clean,696_0,696,hide_craze,3,0,True,1,False,False,17:hide_craze|29:hide_craze|43:hide_craze
resnet18,clean,696_1,696,hide_craze,3,0,True,1,False,False,17:hide_craze|29:hide_craze|43:hide_craze
resnet18,clean,699_0,699,thunderstrike,3,0,True,1,False,False,17:thunderstrike|29:thunderstrike|43:thunderstrike
resnet18,clean,701_0,701,craze,3,0,True,1,False,False,17:craze|29:craze|43:craze
resnet18,clean,704_0,704,corrosion,3,0,True,1,False,False,17:corrosion|29:corrosion|43:corrosion
resnet18,clean,721_0,721,hide_craze,3,0,True,1,False,False,17:hide_craze|29:hide_craze|43:hide_craze
resnet18,clean,824_0,824,craze,3,0,True,1,False,False,17:craze|29:craze|43:craze
resnet18,clean,863_0,863,thunderstrike,3,0,True,1,False,False,17:thunderstrike|29:thunderstrike|43:thunderstrike
resnet18,clean,864_0,864,surface_injure,3,0,True,1,False,False,17:surface_injure|29:surface_injure|43:surface_injure
resnet18,clean,875_0,875,hide_craze,3,0,True,1,False,False,17:hide_craze|29:hide_craze|43:hide_craze
resnet18,clean,875_1,875,hide_craze,2,0,False,2,False,False,17:hide_craze|29:hide_craze|43:crack
resnet18,clean,1017_0,1017,hide_craze,3,0,True,1,False,False,17:hide_craze|29:hide_craze|43:hide_craze
resnet18,clean,1017_1,1017,hide_craze,3,0,True,1,False,False,17:hide_craze|29:hide_craze|43:hide_craze
resnet18,gaussian_blur_mild,13_0,13,hide_craze,3,0,True,1,False,False,17:hide_craze|29:hide_craze|43:hide_craze
resnet18,gaussian_blur_mild,13_1,13,hide_craze,3,0,True,1,False,False,17:hide_craze|29:hide_craze|43:hide_craze
resnet18,gaussian_blur_mild,32_0,32,thunderstrike,3,0,True,1,False,False,17:thunderstrike|29:thunderstrike|43:thunderstrike
resnet18,gaussian_blur_mild,32_1,32,thunderstrike,3,0,True,1,False,False,17:thunderstrike|29:thunderstrike|43:thunderstrike
resnet18,gaussian_blur_mild,46_0,46,corrosion,3,0,True,1,False,False,17:corrosion|29:corrosion|43:corrosion
resnet18,gaussian_blur_mild,46_1,46,corrosion,3,0,True,1,False,False,17:corrosion|29:corrosion|43:corrosion
resnet18,gaussian_blur_mild,48_0,48,surface_injure,2,0,False,2,False,False,17:craze|29:surface_injure|43:surface_injure
resnet18,gaussian_blur_mild,51_0,51,craze,1,0,False,2,False,True,17:corrosion|29:corrosion|43:craze
resnet18,gaussian_blur_mild,51_1,51,craze,3,0,True,1,False,False,17:craze|29:craze|43:craze
resnet18,gaussian_blur_mild,54_0,54,hide_craze,3,0,True,1,False,False,17:hide_craze|29:hide_craze|43:hide_craze
resnet18,gaussian_blur_mild,54_1,54,hide_craze,3,0,True,1,False,False,17:hide_craze|29:hide_craze|43:hide_craze
resnet18,gaussian_blur_mild,57_0,57,craze,3,0,True,1,False,False,17:craze|29:craze|43:craze
resnet18,gaussian_blur_mild,57_1,57,surface_injure,2,0,False,2,False,False,17:surface_injure|29:corrosion|43:surface_injure
resnet18,gaussian_blur_mild,61_0,61,craze,3,0,True,1,False,False,17:craze|29:craze|43:craze
resnet18,gaussian_blur_mild,61_1,61,craze,3,0,True,1,False,False,17:craze|29:craze|43:craze
resnet18,gaussian_blur_mild,61_2,61,craze,3,0,True,1,False,False,17:craze|29:craze|43:craze
resnet18,gaussian_blur_mild,65_0,65,corrosion,2,0,False,2,False,False,17:corrosion|29:hide_craze|43:corrosion
resnet18,gaussian_blur_mild,67_0,67,hide_craze,3,0,True,1,False,False,17:hide_craze|29:hide_craze|43:hide_craze
resnet18,gaussian_blur_mild,71_0,71,craze,2,1,False,2,False,False,17:thunderstrike|29:craze|43:craze
resnet18,gaussian_blur_mild,73_0,73,craze,3,0,True,1,False,False,17:craze|29:craze|43:craze
resnet18,gaussian_blur_mild,81_0,81,craze,3,0,True,1,False,False,17:craze|29:craze|43:craze
resnet18,gaussian_blur_mild,81_1,81,craze,3,0,True,1,False,False,17:craze|29:craze|43:craze
resnet18,gaussian_blur_mild,81_2,81,craze,3,0,True,1,False,False,17:craze|29:craze|43:craze
resnet18,gaussian_blur_mild,88_0,88,crack,1,0,False,2,False,True,17:crack|29:hide_craze|43:hide_craze
resnet18,gaussian_blur_mild,93_0,93,craze,3,0,True,1,False,False,17:craze|29:craze|43:craze
resnet18,gaussian_blur_mild,103_0,103,craze,3,0,True,1,False,False,17:craze|29:craze|43:craze
resnet18,gaussian_blur_mild,112_0,112,thunderstrike,3,0,True,1,False,False,17:thunderstrike|29:thunderstrike|43:thunderstrike
resnet18,gaussian_blur_mild,112_1,112,surface_injure,3,0,True,1,False,False,17:surface_injure|29:surface_injure|43:surface_injure
resnet18,gaussian_blur_mild,142_0,142,surface_injure,1,0,False,3,False,True,17:surface_injure|29:hide_craze|43:corrosion
resnet18,gaussian_blur_mild,146_0,146,hide_craze,3,0,True,1,False,False,17:hide_craze|29:hide_craze|43:hide_craze
resnet18,gaussian_blur_mild,156_0,156,craze,3,0,True,1,False,False,17:craze|29:craze|43:craze
resnet18,gaussian_blur_mild,161_0,161,corrosion,2,1,False,2,False,False,17:corrosion|29:corrosion|43:surface_injure
resnet18,gaussian_blur_mild,163_0,163,hide_craze,3,0,True,1,False,False,17:hide_craze|29:hide_craze|43:hide_craze
resnet18,gaussian_blur_mild,166_0,166,craze,2,1,False,2,False,False,17:craze|29:crack|43:craze
resnet18,gaussian_blur_mild,167_0,167,craze,3,0,True,1,False,False,17:craze|29:craze|43:craze
resnet18,gaussian_blur_mild,167_1,167,craze,2,0,False,2,False,False,17:hide_craze|29:craze|43:craze
resnet18,gaussian_blur_mild,178_0,178,surface_injure,3,0,True,1,False,False,17:surface_injure|29:surface_injure|43:surface_injure
resnet18,gaussian_blur_mild,178_1,178,surface_injure,3,0,True,1,False,False,17:surface_injure|29:surface_injure|43:surface_injure
resnet18,gaussian_blur_mild,178_2,178,surface_injure,3,0,True,1,False,False,17:surface_injure|29:surface_injure|43:surface_injure
resnet18,gaussian_blur_mild,198_0,198,craze,2,1,False,2,False,False,17:craze|29:craze|43:surface_injure
resnet18,gaussian_blur_mild,198_1,198,hide_craze,3,0,True,1,False,False,17:hide_craze|29:hide_craze|43:hide_craze
resnet18,gaussian_blur_mild,209_0,209,hide_craze,2,1,False,2,False,False,17:surface_injure|29:hide_craze|43:hide_craze
resnet18,gaussian_blur_mild,214_0,214,craze,3,0,True,1,False,False,17:craze|29:craze|43:craze
resnet18,gaussian_blur_mild,216_0,216,crack,3,0,True,1,False,False,17:crack|29:crack|43:crack
resnet18,gaussian_blur_mild,217_0,217,surface_injure,3,0,True,1,False,False,17:surface_injure|29:surface_injure|43:surface_injure
resnet18,gaussian_blur_mild,224_0,224,hide_craze,3,0,True,1,False,False,17:hide_craze|29:hide_craze|43:hide_craze
resnet18,gaussian_blur_mild,228_0,228,hide_craze,1,0,False,2,False,True,17:hide_craze|29:crack|43:crack
resnet18,gaussian_blur_mild,228_1,228,hide_craze,1,0,False,3,False,True,17:hide_craze|29:craze|43:crack
resnet18,gaussian_blur_mild,234_0,234,surface_injure,3,0,True,1,False,False,17:surface_injure|29:surface_injure|43:surface_injure
resnet18,gaussian_blur_mild,234_1,234,hide_craze,3,0,True,1,False,False,17:hide_craze|29:hide_craze|43:hide_craze
resnet18,gaussian_blur_mild,234_2,234,hide_craze,3,0,True,1,False,False,17:hide_craze|29:hide_craze|43:hide_craze
resnet18,gaussian_blur_mild,234_3,234,hide_craze,3,0,True,1,False,False,17:hide_craze|29:hide_craze|43:hide_craze
resnet18,gaussian_blur_mild,234_4,234,hide_craze,3,0,True,1,False,False,17:hide_craze|29:hide_craze|43:hide_craze
resnet18,gaussian_blur_mild,238_0,238,crack,3,0,True,1,False,False,17:crack|29:crack|43:crack
resnet18,gaussian_blur_mild,238_1,238,crack,3,0,True,1,False,False,17:crack|29:crack|43:crack
resnet18,gaussian_blur_mild,250_0,250,crack,3,0,True,1,False,False,17:crack|29:crack|43:crack
resnet18,gaussian_blur_mild,252_0,252,crack,3,0,True,1,False,False,17:crack|29:crack|43:crack
resnet18,gaussian_blur_mild,255_0,255,surface_injure,2,0,False,2,False,False,17:hide_craze|29:surface_injure|43:surface_injure
resnet18,gaussian_blur_mild,255_1,255,surface_injure,3,0,True,1,False,False,17:surface_injure|29:surface_injure|43:surface_injure
resnet18,gaussian_blur_mild,257_0,257,surface_injure,3,0,True,1,False,False,17:surface_injure|29:surface_injure|43:surface_injure
resnet18,gaussian_blur_mild,257_1,257,surface_injure,3,0,True,1,False,False,17:surface_injure|29:surface_injure|43:surface_injure
resnet18,gaussian_blur_mild,269_0,269,crack,3,0,True,1,False,False,17:crack|29:crack|43:crack
resnet18,gaussian_blur_mild,273_0,273,thunderstrike,3,0,True,1,False,False,17:thunderstrike|29:thunderstrike|43:thunderstrike
resnet18,gaussian_blur_mild,273_1,273,surface_injure,3,0,True,1,False,False,17:surface_injure|29:surface_injure|43:surface_injure
resnet18,gaussian_blur_mild,276_0,276,hide_craze,3,0,True,1,False,False,17:hide_craze|29:hide_craze|43:hide_craze
resnet18,gaussian_blur_mild,276_1,276,hide_craze,3,0,True,1,False,False,17:hide_craze|29:hide_craze|43:hide_craze
resnet18,gaussian_blur_mild,284_0,284,hide_craze,3,0,True,1,False,False,17:hide_craze|29:hide_craze|43:hide_craze
resnet18,gaussian_blur_mild,285_0,285,surface_injure,3,0,True,1,False,False,17:surface_injure|29:surface_injure|43:surface_injure
resnet18,gaussian_blur_mild,285_1,285,surface_injure,3,0,True,1,False,False,17:surface_injure|29:surface_injure|43:surface_injure
resnet18,gaussian_blur_mild,318_0,318,crack,3,0,True,1,False,False,17:crack|29:crack|43:crack
resnet18,gaussian_blur_mild,322_0,322,corrosion,3,0,True,1,False,False,17:corrosion|29:corrosion|43:corrosion
resnet18,gaussian_blur_mild,323_0,323,corrosion,0,0,False,2,True,False,17:surface_injure|29:hide_craze|43:hide_craze
resnet18,gaussian_blur_mild,326_0,326,surface_injure,3,0,True,1,False,False,17:surface_injure|29:surface_injure|43:surface_injure
resnet18,gaussian_blur_mild,326_1,326,craze,2,1,False,2,False,False,17:surface_injure|29:craze|43:craze
resnet18,gaussian_blur_mild,332_0,332,surface_injure,3,0,True,1,False,False,17:surface_injure|29:surface_injure|43:surface_injure
resnet18,gaussian_blur_mild,363_0,363,surface_injure,3,0,True,1,False,False,17:surface_injure|29:surface_injure|43:surface_injure
resnet18,gaussian_blur_mild,370_0,370,corrosion,3,0,True,1,False,False,17:corrosion|29:corrosion|43:corrosion
resnet18,gaussian_blur_mild,370_1,370,corrosion,3,0,True,1,False,False,17:corrosion|29:corrosion|43:corrosion
resnet18,gaussian_blur_mild,370_2,370,corrosion,3,0,True,1,False,False,17:corrosion|29:corrosion|43:corrosion
resnet18,gaussian_blur_mild,373_0,373,corrosion,3,0,True,1,False,False,17:corrosion|29:corrosion|43:corrosion
resnet18,gaussian_blur_mild,379_0,379,hide_craze,3,0,True,1,False,False,17:hide_craze|29:hide_craze|43:hide_craze
resnet18,gaussian_blur_mild,379_1,379,hide_craze,3,0,True,1,False,False,17:hide_craze|29:hide_craze|43:hide_craze
resnet18,gaussian_blur_mild,388_0,388,hide_craze,3,0,True,1,False,False,17:hide_craze|29:hide_craze|43:hide_craze
resnet18,gaussian_blur_mild,389_0,389,crack,3,0,True,1,False,False,17:crack|29:crack|43:crack
resnet18,gaussian_blur_mild,390_0,390,corrosion,1,0,False,2,False,True,17:surface_injure|29:corrosion|43:surface_injure
resnet18,gaussian_blur_mild,394_0,394,crack,3,0,True,1,False,False,17:crack|29:crack|43:crack
resnet18,gaussian_blur_mild,405_0,405,corrosion,3,0,True,1,False,False,17:corrosion|29:corrosion|43:corrosion
resnet18,gaussian_blur_mild,407_0,407,surface_injure,3,0,True,1,False,False,17:surface_injure|29:surface_injure|43:surface_injure
resnet18,gaussian_blur_mild,408_0,408,corrosion,3,0,True,1,False,False,17:corrosion|29:corrosion|43:corrosion
resnet18,gaussian_blur_mild,408_1,408,corrosion,3,0,True,1,False,False,17:corrosion|29:corrosion|43:corrosion
resnet18,gaussian_blur_mild,410_0,410,corrosion,2,0,False,2,False,False,17:corrosion|29:corrosion|43:craze
resnet18,gaussian_blur_mild,410_1,410,corrosion,2,0,False,2,False,False,17:corrosion|29:corrosion|43:craze
resnet18,gaussian_blur_mild,432_0,432,surface_injure,3,0,True,1,False,False,17:surface_injure|29:surface_injure|43:surface_injure
resnet18,gaussian_blur_mild,438_0,438,hide_craze,3,0,True,1,False,False,17:hide_craze|29:hide_craze|43:hide_craze
resnet18,gaussian_blur_mild,440_0,440,crack,3,0,True,1,False,False,17:crack|29:crack|43:crack
resnet18,gaussian_blur_mild,447_0,447,crack,3,0,True,1,False,False,17:crack|29:crack|43:crack
resnet18,gaussian_blur_mild,447_1,447,crack,3,0,True,1,False,False,17:crack|29:crack|43:crack
resnet18,gaussian_blur_mild,451_0,451,corrosion,3,0,True,1,False,False,17:corrosion|29:corrosion|43:corrosion
resnet18,gaussian_blur_mild,457_0,457,hide_craze,3,0,True,1,False,False,17:hide_craze|29:hide_craze|43:hide_craze
resnet18,gaussian_blur_mild,457_1,457,hide_craze,3,0,True,1,False,False,17:hide_craze|29:hide_craze|43:hide_craze
resnet18,gaussian_blur_mild,457_2,457,hide_craze,2,0,False,2,False,False,17:hide_craze|29:hide_craze|43:thunderstrike
resnet18,gaussian_blur_mild,464_0,464,craze,2,1,False,2,False,False,17:surface_injure|29:craze|43:craze
resnet18,gaussian_blur_mild,464_1,464,hide_craze,1,0,False,3,False,True,17:surface_injure|29:hide_craze|43:thunderstrike
resnet18,gaussian_blur_mild,469_0,469,craze,3,0,True,1,False,False,17:craze|29:craze|43:craze
resnet18,gaussian_blur_mild,473_0,473,crack,3,0,True,1,False,False,17:crack|29:crack|43:crack
resnet18,gaussian_blur_mild,476_0,476,surface_injure,2,1,False,2,False,False,17:surface_injure|29:surface_injure|43:hide_craze
resnet18,gaussian_blur_mild,479_0,479,surface_injure,3,0,True,1,False,False,17:surface_injure|29:surface_injure|43:surface_injure
resnet18,gaussian_blur_mild,479_1,479,thunderstrike,3,0,True,1,False,False,17:thunderstrike|29:thunderstrike|43:thunderstrike
resnet18,gaussian_blur_mild,501_0,501,corrosion,3,0,True,1,False,False,17:corrosion|29:corrosion|43:corrosion
resnet18,gaussian_blur_mild,505_0,505,corrosion,3,0,True,1,False,False,17:corrosion|29:corrosion|43:corrosion
resnet18,gaussian_blur_mild,511_0,511,hide_craze,3,0,True,1,False,False,17:hide_craze|29:hide_craze|43:hide_craze
resnet18,gaussian_blur_mild,511_1,511,hide_craze,3,0,True,1,False,False,17:hide_craze|29:hide_craze|43:hide_craze
resnet18,gaussian_blur_mild,521_0,521,corrosion,0,0,False,2,True,False,17:surface_injure|29:hide_craze|43:surface_injure
resnet18,gaussian_blur_mild,521_1,521,corrosion,0,0,True,1,True,False,17:hide_craze|29:hide_craze|43:hide_craze
resnet18,gaussian_blur_mild,541_0,541,hide_craze,3,0,True,1,False,False,17:hide_craze|29:hide_craze|43:hide_craze
resnet18,gaussian_blur_mild,546_0,546,corrosion,0,0,True,1,True,False,17:surface_injure|29:surface_injure|43:surface_injure
resnet18,gaussian_blur_mild,546_1,546,corrosion,3,0,True,1,False,False,17:corrosion|29:corrosion|43:corrosion
resnet18,gaussian_blur_mild,546_2,546,corrosion,3,0,True,1,False,False,17:corrosion|29:corrosion|43:corrosion
resnet18,gaussian_blur_mild,563_0,563,craze,3,0,True,1,False,False,17:craze|29:craze|43:craze
resnet18,gaussian_blur_mild,566_0,566,corrosion,3,0,True,1,False,False,17:corrosion|29:corrosion|43:corrosion
resnet18,gaussian_blur_mild,569_0,569,hide_craze,3,0,True,1,False,False,17:hide_craze|29:hide_craze|43:hide_craze
resnet18,gaussian_blur_mild,574_0,574,craze,3,0,True,1,False,False,17:craze|29:craze|43:craze
resnet18,gaussian_blur_mild,580_0,580,craze,3,0,True,1,False,False,17:craze|29:craze|43:craze
resnet18,gaussian_blur_mild,591_0,591,thunderstrike,2,0,False,2,False,False,17:thunderstrike|29:thunderstrike|43:surface_injure
resnet18,gaussian_blur_mild,591_1,591,surface_injure,3,0,True,1,False,False,17:surface_injure|29:surface_injure|43:surface_injure
resnet18,gaussian_blur_mild,591_2,591,surface_injure,3,0,True,1,False,False,17:surface_injure|29:surface_injure|43:surface_injure
resnet18,gaussian_blur_mild,597_0,597,hide_craze,3,0,True,1,False,False,17:hide_craze|29:hide_craze|43:hide_craze
resnet18,gaussian_blur_mild,598_0,598,corrosion,3,0,True,1,False,False,17:corrosion|29:corrosion|43:corrosion
resnet18,gaussian_blur_mild,598_1,598,corrosion,3,0,True,1,False,False,17:corrosion|29:corrosion|43:corrosion
resnet18,gaussian_blur_mild,600_0,600,hide_craze,3,0,True,1,False,False,17:hide_craze|29:hide_craze|43:hide_craze
resnet18,gaussian_blur_mild,610_0,610,hide_craze,3,0,True,1,False,False,17:hide_craze|29:hide_craze|43:hide_craze
resnet18,gaussian_blur_mild,623_0,623,hide_craze,3,0,True,1,False,False,17:hide_craze|29:hide_craze|43:hide_craze
resnet18,gaussian_blur_mild,623_1,623,surface_injure,1,0,False,3,False,True,17:crack|29:hide_craze|43:surface_injure
resnet18,gaussian_blur_mild,633_0,633,hide_craze,3,0,True,1,False,False,17:hide_craze|29:hide_craze|43:hide_craze
resnet18,gaussian_blur_mild,642_0,642,hide_craze,3,0,True,1,False,False,17:hide_craze|29:hide_craze|43:hide_craze
resnet18,gaussian_blur_mild,642_1,642,surface_injure,2,0,False,2,False,False,17:surface_injure|29:hide_craze|43:surface_injure
resnet18,gaussian_blur_mild,643_0,643,hide_craze,3,0,True,1,False,False,17:hide_craze|29:hide_craze|43:hide_craze
resnet18,gaussian_blur_mild,650_0,650,corrosion,3,0,True,1,False,False,17:corrosion|29:corrosion|43:corrosion
resnet18,gaussian_blur_mild,655_0,655,hide_craze,2,0,False,2,False,False,17:crack|29:hide_craze|43:hide_craze
resnet18,gaussian_blur_mild,658_0,658,corrosion,1,1,False,2,False,True,17:hide_craze|29:hide_craze|43:corrosion
resnet18,gaussian_blur_mild,663_0,663,hide_craze,3,0,True,1,False,False,17:hide_craze|29:hide_craze|43:hide_craze
resnet18,gaussian_blur_mild,671_0,671,hide_craze,3,0,True,1,False,False,17:hide_craze|29:hide_craze|43:hide_craze
resnet18,gaussian_blur_mild,671_1,671,surface_injure,1,0,False,2,False,True,17:hide_craze|29:hide_craze|43:surface_injure
resnet18,gaussian_blur_mild,677_0,677,hide_craze,3,0,True,1,False,False,17:hide_craze|29:hide_craze|43:hide_craze
resnet18,gaussian_blur_mild,686_0,686,thunderstrike,3,0,True,1,False,False,17:thunderstrike|29:thunderstrike|43:thunderstrike
resnet18,gaussian_blur_mild,689_0,689,surface_injure,2,0,False,2,False,False,17:crack|29:surface_injure|43:surface_injure
resnet18,gaussian_blur_mild,689_1,689,surface_injure,3,0,True,1,False,False,17:surface_injure|29:surface_injure|43:surface_injure
resnet18,gaussian_blur_mild,689_2,689,surface_injure,3,0,True,1,False,False,17:surface_injure|29:surface_injure|43:surface_injure
resnet18,gaussian_blur_mild,689_3,689,surface_injure,3,0,True,1,False,False,17:surface_injure|29:surface_injure|43:surface_injure
resnet18,gaussian_blur_mild,696_0,696,hide_craze,3,0,True,1,False,False,17:hide_craze|29:hide_craze|43:hide_craze
resnet18,gaussian_blur_mild,696_1,696,hide_craze,3,0,True,1,False,False,17:hide_craze|29:hide_craze|43:hide_craze
resnet18,gaussian_blur_mild,699_0,699,thunderstrike,3,0,True,1,False,False,17:thunderstrike|29:thunderstrike|43:thunderstrike
resnet18,gaussian_blur_mild,701_0,701,craze,3,0,True,1,False,False,17:craze|29:craze|43:craze
resnet18,gaussian_blur_mild,704_0,704,corrosion,3,0,True,1,False,False,17:corrosion|29:corrosion|43:corrosion
resnet18,gaussian_blur_mild,721_0,721,hide_craze,3,0,True,1,False,False,17:hide_craze|29:hide_craze|43:hide_craze
resnet18,gaussian_blur_mild,824_0,824,craze,2,1,False,2,False,False,17:surface_injure|29:craze|43:craze
resnet18,gaussian_blur_mild,863_0,863,thunderstrike,3,0,True,1,False,False,17:thunderstrike|29:thunderstrike|43:thunderstrike
resnet18,gaussian_blur_mild,864_0,864,surface_injure,2,1,False,2,False,False,17:surface_injure|29:surface_injure|43:hide_craze
resnet18,gaussian_blur_mild,875_0,875,hide_craze,3,0,True,1,False,False,17:hide_craze|29:hide_craze|43:hide_craze
resnet18,gaussian_blur_mild,875_1,875,hide_craze,2,0,False,2,False,False,17:hide_craze|29:hide_craze|43:crack
resnet18,gaussian_blur_mild,1017_0,1017,hide_craze,3,0,True,1,False,False,17:hide_craze|29:hide_craze|43:hide_craze
resnet18,gaussian_blur_mild,1017_1,1017,hide_craze,3,0,True,1,False,False,17:hide_craze|29:hide_craze|43:hide_craze
resnet18,gaussian_blur_moderate,13_0,13,hide_craze,3,0,True,1,False,False,17:hide_craze|29:hide_craze|43:hide_craze
resnet18,gaussian_blur_moderate,13_1,13,hide_craze,3,0,True,1,False,False,17:hide_craze|29:hide_craze|43:hide_craze
resnet18,gaussian_blur_moderate,32_0,32,thunderstrike,3,0,True,1,False,False,17:thunderstrike|29:thunderstrike|43:thunderstrike
resnet18,gaussian_blur_moderate,32_1,32,thunderstrike,3,0,True,1,False,False,17:thunderstrike|29:thunderstrike|43:thunderstrike
resnet18,gaussian_blur_moderate,46_0,46,corrosion,3,0,True,1,False,False,17:corrosion|29:corrosion|43:corrosion
resnet18,gaussian_blur_moderate,46_1,46,corrosion,3,0,True,1,False,False,17:corrosion|29:corrosion|43:corrosion
resnet18,gaussian_blur_moderate,48_0,48,surface_injure,2,0,False,2,False,False,17:craze|29:surface_injure|43:surface_injure
resnet18,gaussian_blur_moderate,51_0,51,craze,2,0,False,2,False,False,17:craze|29:surface_injure|43:craze
resnet18,gaussian_blur_moderate,51_1,51,craze,3,0,True,1,False,False,17:craze|29:craze|43:craze
resnet18,gaussian_blur_moderate,54_0,54,hide_craze,3,0,True,1,False,False,17:hide_craze|29:hide_craze|43:hide_craze
resnet18,gaussian_blur_moderate,54_1,54,hide_craze,3,0,True,1,False,False,17:hide_craze|29:hide_craze|43:hide_craze
resnet18,gaussian_blur_moderate,57_0,57,craze,1,2,False,2,False,True,17:craze|29:hide_craze|43:hide_craze
resnet18,gaussian_blur_moderate,57_1,57,surface_injure,3,0,True,1,False,False,17:surface_injure|29:surface_injure|43:surface_injure
resnet18,gaussian_blur_moderate,61_0,61,craze,3,0,True,1,False,False,17:craze|29:craze|43:craze
resnet18,gaussian_blur_moderate,61_1,61,craze,3,0,True,1,False,False,17:craze|29:craze|43:craze
resnet18,gaussian_blur_moderate,61_2,61,craze,3,0,True,1,False,False,17:craze|29:craze|43:craze
resnet18,gaussian_blur_moderate,65_0,65,corrosion,2,0,False,2,False,False,17:corrosion|29:hide_craze|43:corrosion
resnet18,gaussian_blur_moderate,67_0,67,hide_craze,3,0,True,1,False,False,17:hide_craze|29:hide_craze|43:hide_craze
resnet18,gaussian_blur_moderate,71_0,71,craze,2,1,False,2,False,False,17:thunderstrike|29:craze|43:craze
resnet18,gaussian_blur_moderate,73_0,73,craze,1,2,False,2,False,True,17:surface_injure|29:craze|43:surface_injure
resnet18,gaussian_blur_moderate,81_0,81,craze,3,0,True,1,False,False,17:craze|29:craze|43:craze
resnet18,gaussian_blur_moderate,81_1,81,craze,3,0,True,1,False,False,17:craze|29:craze|43:craze
resnet18,gaussian_blur_moderate,81_2,81,craze,3,0,True,1,False,False,17:craze|29:craze|43:craze
resnet18,gaussian_blur_moderate,88_0,88,crack,3,0,True,1,False,False,17:crack|29:crack|43:crack
resnet18,gaussian_blur_moderate,93_0,93,craze,2,1,False,2,False,False,17:craze|29:craze|43:hide_craze
resnet18,gaussian_blur_moderate,103_0,103,craze,3,0,True,1,False,False,17:craze|29:craze|43:craze
resnet18,gaussian_blur_moderate,112_0,112,thunderstrike,0,3,True,1,True,False,17:surface_injure|29:surface_injure|43:surface_injure
resnet18,gaussian_blur_moderate,112_1,112,surface_injure,3,0,True,1,False,False,17:surface_injure|29:surface_injure|43:surface_injure
resnet18,gaussian_blur_moderate,142_0,142,surface_injure,3,0,True,1,False,False,17:surface_injure|29:surface_injure|43:surface_injure
resnet18,gaussian_blur_moderate,146_0,146,hide_craze,3,0,True,1,False,False,17:hide_craze|29:hide_craze|43:hide_craze
resnet18,gaussian_blur_moderate,156_0,156,craze,3,0,True,1,False,False,17:craze|29:craze|43:craze
resnet18,gaussian_blur_moderate,161_0,161,corrosion,3,0,True,1,False,False,17:corrosion|29:corrosion|43:corrosion
resnet18,gaussian_blur_moderate,163_0,163,hide_craze,3,0,True,1,False,False,17:hide_craze|29:hide_craze|43:hide_craze
resnet18,gaussian_blur_moderate,166_0,166,craze,2,1,False,2,False,False,17:craze|29:crack|43:craze
resnet18,gaussian_blur_moderate,167_0,167,craze,2,1,False,2,False,False,17:hide_craze|29:craze|43:craze
resnet18,gaussian_blur_moderate,167_1,167,craze,2,0,False,2,False,False,17:hide_craze|29:craze|43:craze
resnet18,gaussian_blur_moderate,178_0,178,surface_injure,3,0,True,1,False,False,17:surface_injure|29:surface_injure|43:surface_injure
resnet18,gaussian_blur_moderate,178_1,178,surface_injure,3,0,True,1,False,False,17:surface_injure|29:surface_injure|43:surface_injure
resnet18,gaussian_blur_moderate,178_2,178,surface_injure,3,0,True,1,False,False,17:surface_injure|29:surface_injure|43:surface_injure
resnet18,gaussian_blur_moderate,198_0,198,craze,0,3,True,1,True,False,17:surface_injure|29:surface_injure|43:surface_injure
resnet18,gaussian_blur_moderate,198_1,198,hide_craze,3,0,True,1,False,False,17:hide_craze|29:hide_craze|43:hide_craze
resnet18,gaussian_blur_moderate,209_0,209,hide_craze,2,1,False,2,False,False,17:surface_injure|29:hide_craze|43:hide_craze
resnet18,gaussian_blur_moderate,214_0,214,craze,3,0,True,1,False,False,17:craze|29:craze|43:craze
resnet18,gaussian_blur_moderate,216_0,216,crack,3,0,True,1,False,False,17:crack|29:crack|43:crack
resnet18,gaussian_blur_moderate,217_0,217,surface_injure,3,0,True,1,False,False,17:surface_injure|29:surface_injure|43:surface_injure
resnet18,gaussian_blur_moderate,224_0,224,hide_craze,3,0,True,1,False,False,17:hide_craze|29:hide_craze|43:hide_craze
resnet18,gaussian_blur_moderate,228_0,228,hide_craze,1,0,False,2,False,True,17:hide_craze|29:crack|43:crack
resnet18,gaussian_blur_moderate,228_1,228,hide_craze,1,0,False,3,False,True,17:hide_craze|29:craze|43:crack
resnet18,gaussian_blur_moderate,234_0,234,surface_injure,3,0,True,1,False,False,17:surface_injure|29:surface_injure|43:surface_injure
resnet18,gaussian_blur_moderate,234_1,234,hide_craze,3,0,True,1,False,False,17:hide_craze|29:hide_craze|43:hide_craze
resnet18,gaussian_blur_moderate,234_2,234,hide_craze,3,0,True,1,False,False,17:hide_craze|29:hide_craze|43:hide_craze
resnet18,gaussian_blur_moderate,234_3,234,hide_craze,3,0,True,1,False,False,17:hide_craze|29:hide_craze|43:hide_craze
resnet18,gaussian_blur_moderate,234_4,234,hide_craze,3,0,True,1,False,False,17:hide_craze|29:hide_craze|43:hide_craze
resnet18,gaussian_blur_moderate,238_0,238,crack,3,0,True,1,False,False,17:crack|29:crack|43:crack
resnet18,gaussian_blur_moderate,238_1,238,crack,3,0,True,1,False,False,17:crack|29:crack|43:crack
resnet18,gaussian_blur_moderate,250_0,250,crack,3,0,True,1,False,False,17:crack|29:crack|43:crack
resnet18,gaussian_blur_moderate,252_0,252,crack,3,0,True,1,False,False,17:crack|29:crack|43:crack
resnet18,gaussian_blur_moderate,255_0,255,surface_injure,3,0,True,1,False,False,17:surface_injure|29:surface_injure|43:surface_injure
resnet18,gaussian_blur_moderate,255_1,255,surface_injure,3,0,True,1,False,False,17:surface_injure|29:surface_injure|43:surface_injure
resnet18,gaussian_blur_moderate,257_0,257,surface_injure,3,0,True,1,False,False,17:surface_injure|29:surface_injure|43:surface_injure
resnet18,gaussian_blur_moderate,257_1,257,surface_injure,3,0,True,1,False,False,17:surface_injure|29:surface_injure|43:surface_injure
resnet18,gaussian_blur_moderate,269_0,269,crack,3,0,True,1,False,False,17:crack|29:crack|43:crack
resnet18,gaussian_blur_moderate,273_0,273,thunderstrike,3,0,True,1,False,False,17:thunderstrike|29:thunderstrike|43:thunderstrike
resnet18,gaussian_blur_moderate,273_1,273,surface_injure,3,0,True,1,False,False,17:surface_injure|29:surface_injure|43:surface_injure
resnet18,gaussian_blur_moderate,276_0,276,hide_craze,3,0,True,1,False,False,17:hide_craze|29:hide_craze|43:hide_craze
resnet18,gaussian_blur_moderate,276_1,276,hide_craze,3,0,True,1,False,False,17:hide_craze|29:hide_craze|43:hide_craze
resnet18,gaussian_blur_moderate,284_0,284,hide_craze,3,0,True,1,False,False,17:hide_craze|29:hide_craze|43:hide_craze
resnet18,gaussian_blur_moderate,285_0,285,surface_injure,3,0,True,1,False,False,17:surface_injure|29:surface_injure|43:surface_injure
resnet18,gaussian_blur_moderate,285_1,285,surface_injure,3,0,True,1,False,False,17:surface_injure|29:surface_injure|43:surface_injure
resnet18,gaussian_blur_moderate,318_0,318,crack,3,0,True,1,False,False,17:crack|29:crack|43:crack
resnet18,gaussian_blur_moderate,322_0,322,corrosion,3,0,True,1,False,False,17:corrosion|29:corrosion|43:corrosion
resnet18,gaussian_blur_moderate,323_0,323,corrosion,0,0,False,2,True,False,17:surface_injure|29:hide_craze|43:hide_craze
resnet18,gaussian_blur_moderate,326_0,326,surface_injure,3,0,True,1,False,False,17:surface_injure|29:surface_injure|43:surface_injure
resnet18,gaussian_blur_moderate,326_1,326,craze,1,2,False,2,False,True,17:surface_injure|29:surface_injure|43:craze
resnet18,gaussian_blur_moderate,332_0,332,surface_injure,2,1,False,2,False,False,17:surface_injure|29:surface_injure|43:hide_craze
resnet18,gaussian_blur_moderate,363_0,363,surface_injure,3,0,True,1,False,False,17:surface_injure|29:surface_injure|43:surface_injure
resnet18,gaussian_blur_moderate,370_0,370,corrosion,3,0,True,1,False,False,17:corrosion|29:corrosion|43:corrosion
resnet18,gaussian_blur_moderate,370_1,370,corrosion,3,0,True,1,False,False,17:corrosion|29:corrosion|43:corrosion
resnet18,gaussian_blur_moderate,370_2,370,corrosion,2,1,False,2,False,False,17:corrosion|29:corrosion|43:craze
resnet18,gaussian_blur_moderate,373_0,373,corrosion,3,0,True,1,False,False,17:corrosion|29:corrosion|43:corrosion
resnet18,gaussian_blur_moderate,379_0,379,hide_craze,3,0,True,1,False,False,17:hide_craze|29:hide_craze|43:hide_craze
resnet18,gaussian_blur_moderate,379_1,379,hide_craze,3,0,True,1,False,False,17:hide_craze|29:hide_craze|43:hide_craze
resnet18,gaussian_blur_moderate,388_0,388,hide_craze,3,0,True,1,False,False,17:hide_craze|29:hide_craze|43:hide_craze
resnet18,gaussian_blur_moderate,389_0,389,crack,3,0,True,1,False,False,17:crack|29:crack|43:crack
resnet18,gaussian_blur_moderate,390_0,390,corrosion,0,1,True,1,True,False,17:surface_injure|29:surface_injure|43:surface_injure
resnet18,gaussian_blur_moderate,394_0,394,crack,3,0,True,1,False,False,17:crack|29:crack|43:crack
resnet18,gaussian_blur_moderate,405_0,405,corrosion,1,2,False,2,False,True,17:corrosion|29:hide_craze|43:hide_craze
resnet18,gaussian_blur_moderate,407_0,407,surface_injure,3,0,True,1,False,False,17:surface_injure|29:surface_injure|43:surface_injure
resnet18,gaussian_blur_moderate,408_0,408,corrosion,2,1,False,2,False,False,17:corrosion|29:corrosion|43:craze
resnet18,gaussian_blur_moderate,408_1,408,corrosion,2,1,False,2,False,False,17:corrosion|29:surface_injure|43:corrosion
resnet18,gaussian_blur_moderate,410_0,410,corrosion,2,0,False,2,False,False,17:corrosion|29:corrosion|43:craze
resnet18,gaussian_blur_moderate,410_1,410,corrosion,1,1,False,2,False,True,17:craze|29:corrosion|43:craze
resnet18,gaussian_blur_moderate,432_0,432,surface_injure,3,0,True,1,False,False,17:surface_injure|29:surface_injure|43:surface_injure
resnet18,gaussian_blur_moderate,438_0,438,hide_craze,3,0,True,1,False,False,17:hide_craze|29:hide_craze|43:hide_craze
resnet18,gaussian_blur_moderate,440_0,440,crack,3,0,True,1,False,False,17:crack|29:crack|43:crack
resnet18,gaussian_blur_moderate,447_0,447,crack,3,0,True,1,False,False,17:crack|29:crack|43:crack
resnet18,gaussian_blur_moderate,447_1,447,crack,3,0,True,1,False,False,17:crack|29:crack|43:crack
resnet18,gaussian_blur_moderate,451_0,451,corrosion,3,0,True,1,False,False,17:corrosion|29:corrosion|43:corrosion
resnet18,gaussian_blur_moderate,457_0,457,hide_craze,3,0,True,1,False,False,17:hide_craze|29:hide_craze|43:hide_craze
resnet18,gaussian_blur_moderate,457_1,457,hide_craze,3,0,True,1,False,False,17:hide_craze|29:hide_craze|43:hide_craze
resnet18,gaussian_blur_moderate,457_2,457,hide_craze,3,0,True,1,False,False,17:hide_craze|29:hide_craze|43:hide_craze
resnet18,gaussian_blur_moderate,464_0,464,craze,0,3,True,1,True,False,17:surface_injure|29:surface_injure|43:surface_injure
resnet18,gaussian_blur_moderate,464_1,464,hide_craze,1,0,False,2,False,True,17:surface_injure|29:hide_craze|43:surface_injure
resnet18,gaussian_blur_moderate,469_0,469,craze,3,0,True,1,False,False,17:craze|29:craze|43:craze
resnet18,gaussian_blur_moderate,473_0,473,crack,3,0,True,1,False,False,17:crack|29:crack|43:crack
resnet18,gaussian_blur_moderate,476_0,476,surface_injure,2,1,False,2,False,False,17:surface_injure|29:surface_injure|43:hide_craze
resnet18,gaussian_blur_moderate,479_0,479,surface_injure,3,0,True,1,False,False,17:surface_injure|29:surface_injure|43:surface_injure
resnet18,gaussian_blur_moderate,479_1,479,thunderstrike,3,0,True,1,False,False,17:thunderstrike|29:thunderstrike|43:thunderstrike
resnet18,gaussian_blur_moderate,501_0,501,corrosion,3,0,True,1,False,False,17:corrosion|29:corrosion|43:corrosion
resnet18,gaussian_blur_moderate,505_0,505,corrosion,3,0,True,1,False,False,17:corrosion|29:corrosion|43:corrosion
resnet18,gaussian_blur_moderate,511_0,511,hide_craze,3,0,True,1,False,False,17:hide_craze|29:hide_craze|43:hide_craze
resnet18,gaussian_blur_moderate,511_1,511,hide_craze,3,0,True,1,False,False,17:hide_craze|29:hide_craze|43:hide_craze
resnet18,gaussian_blur_moderate,521_0,521,corrosion,0,0,False,2,True,False,17:surface_injure|29:hide_craze|43:surface_injure
resnet18,gaussian_blur_moderate,521_1,521,corrosion,0,0,True,1,True,False,17:hide_craze|29:hide_craze|43:hide_craze
resnet18,gaussian_blur_moderate,541_0,541,hide_craze,3,0,True,1,False,False,17:hide_craze|29:hide_craze|43:hide_craze
resnet18,gaussian_blur_moderate,546_0,546,corrosion,0,0,True,1,True,False,17:surface_injure|29:surface_injure|43:surface_injure
resnet18,gaussian_blur_moderate,546_1,546,corrosion,0,3,False,2,True,False,17:surface_injure|29:hide_craze|43:hide_craze
resnet18,gaussian_blur_moderate,546_2,546,corrosion,0,3,False,2,True,False,17:surface_injure|29:hide_craze|43:hide_craze
resnet18,gaussian_blur_moderate,563_0,563,craze,2,1,False,2,False,False,17:surface_injure|29:craze|43:craze
resnet18,gaussian_blur_moderate,566_0,566,corrosion,3,0,True,1,False,False,17:corrosion|29:corrosion|43:corrosion
resnet18,gaussian_blur_moderate,569_0,569,hide_craze,3,0,True,1,False,False,17:hide_craze|29:hide_craze|43:hide_craze
resnet18,gaussian_blur_moderate,574_0,574,craze,3,0,True,1,False,False,17:craze|29:craze|43:craze
resnet18,gaussian_blur_moderate,580_0,580,craze,3,0,True,1,False,False,17:craze|29:craze|43:craze
resnet18,gaussian_blur_moderate,591_0,591,thunderstrike,0,2,True,1,True,False,17:surface_injure|29:surface_injure|43:surface_injure
resnet18,gaussian_blur_moderate,591_1,591,surface_injure,3,0,True,1,False,False,17:surface_injure|29:surface_injure|43:surface_injure
resnet18,gaussian_blur_moderate,591_2,591,surface_injure,3,0,True,1,False,False,17:surface_injure|29:surface_injure|43:surface_injure
resnet18,gaussian_blur_moderate,597_0,597,hide_craze,2,1,False,2,False,False,17:surface_injure|29:hide_craze|43:hide_craze
resnet18,gaussian_blur_moderate,598_0,598,corrosion,2,1,False,2,False,False,17:crack|29:corrosion|43:corrosion
resnet18,gaussian_blur_moderate,598_1,598,corrosion,1,2,False,3,False,True,17:thunderstrike|29:surface_injure|43:corrosion
resnet18,gaussian_blur_moderate,600_0,600,hide_craze,3,0,True,1,False,False,17:hide_craze|29:hide_craze|43:hide_craze
resnet18,gaussian_blur_moderate,610_0,610,hide_craze,3,0,True,1,False,False,17:hide_craze|29:hide_craze|43:hide_craze
resnet18,gaussian_blur_moderate,623_0,623,hide_craze,3,0,True,1,False,False,17:hide_craze|29:hide_craze|43:hide_craze
resnet18,gaussian_blur_moderate,623_1,623,surface_injure,1,0,False,3,False,True,17:crack|29:hide_craze|43:surface_injure
resnet18,gaussian_blur_moderate,633_0,633,hide_craze,3,0,True,1,False,False,17:hide_craze|29:hide_craze|43:hide_craze
resnet18,gaussian_blur_moderate,642_0,642,hide_craze,2,1,False,2,False,False,17:surface_injure|29:hide_craze|43:hide_craze
resnet18,gaussian_blur_moderate,642_1,642,surface_injure,2,0,False,2,False,False,17:surface_injure|29:hide_craze|43:surface_injure
resnet18,gaussian_blur_moderate,643_0,643,hide_craze,3,0,True,1,False,False,17:hide_craze|29:hide_craze|43:hide_craze
resnet18,gaussian_blur_moderate,650_0,650,corrosion,3,0,True,1,False,False,17:corrosion|29:corrosion|43:corrosion
resnet18,gaussian_blur_moderate,655_0,655,hide_craze,2,0,False,2,False,False,17:crack|29:hide_craze|43:hide_craze
resnet18,gaussian_blur_moderate,658_0,658,corrosion,0,2,True,1,True,False,17:hide_craze|29:hide_craze|43:hide_craze
resnet18,gaussian_blur_moderate,663_0,663,hide_craze,3,0,True,1,False,False,17:hide_craze|29:hide_craze|43:hide_craze
resnet18,gaussian_blur_moderate,671_0,671,hide_craze,3,0,True,1,False,False,17:hide_craze|29:hide_craze|43:hide_craze
resnet18,gaussian_blur_moderate,671_1,671,surface_injure,0,1,True,1,True,False,17:hide_craze|29:hide_craze|43:hide_craze
resnet18,gaussian_blur_moderate,677_0,677,hide_craze,3,0,True,1,False,False,17:hide_craze|29:hide_craze|43:hide_craze
resnet18,gaussian_blur_moderate,686_0,686,thunderstrike,3,0,True,1,False,False,17:thunderstrike|29:thunderstrike|43:thunderstrike
resnet18,gaussian_blur_moderate,689_0,689,surface_injure,2,0,False,2,False,False,17:crack|29:surface_injure|43:surface_injure
resnet18,gaussian_blur_moderate,689_1,689,surface_injure,3,0,True,1,False,False,17:surface_injure|29:surface_injure|43:surface_injure
resnet18,gaussian_blur_moderate,689_2,689,surface_injure,3,0,True,1,False,False,17:surface_injure|29:surface_injure|43:surface_injure
resnet18,gaussian_blur_moderate,689_3,689,surface_injure,3,0,True,1,False,False,17:surface_injure|29:surface_injure|43:surface_injure
resnet18,gaussian_blur_moderate,696_0,696,hide_craze,3,0,True,1,False,False,17:hide_craze|29:hide_craze|43:hide_craze
resnet18,gaussian_blur_moderate,696_1,696,hide_craze,3,0,True,1,False,False,17:hide_craze|29:hide_craze|43:hide_craze
resnet18,gaussian_blur_moderate,699_0,699,thunderstrike,3,0,True,1,False,False,17:thunderstrike|29:thunderstrike|43:thunderstrike
resnet18,gaussian_blur_moderate,701_0,701,craze,3,0,True,1,False,False,17:craze|29:craze|43:craze
resnet18,gaussian_blur_moderate,704_0,704,corrosion,3,0,True,1,False,False,17:corrosion|29:corrosion|43:corrosion
resnet18,gaussian_blur_moderate,721_0,721,hide_craze,3,0,True,1,False,False,17:hide_craze|29:hide_craze|43:hide_craze
resnet18,gaussian_blur_moderate,824_0,824,craze,0,3,False,2,True,False,17:surface_injure|29:crack|43:crack
resnet18,gaussian_blur_moderate,863_0,863,thunderstrike,3,0,True,1,False,False,17:thunderstrike|29:thunderstrike|43:thunderstrike
resnet18,gaussian_blur_moderate,864_0,864,surface_injure,2,1,False,2,False,False,17:surface_injure|29:surface_injure|43:hide_craze
resnet18,gaussian_blur_moderate,875_0,875,hide_craze,3,0,True,1,False,False,17:hide_craze|29:hide_craze|43:hide_craze
resnet18,gaussian_blur_moderate,875_1,875,hide_craze,1,1,False,3,False,True,17:hide_craze|29:surface_injure|43:crack
resnet18,gaussian_blur_moderate,1017_0,1017,hide_craze,3,0,True,1,False,False,17:hide_craze|29:hide_craze|43:hide_craze
resnet18,gaussian_blur_moderate,1017_1,1017,hide_craze,3,0,True,1,False,False,17:hide_craze|29:hide_craze|43:hide_craze
resnet18,gaussian_blur_severe,13_0,13,hide_craze,3,0,True,1,False,False,17:hide_craze|29:hide_craze|43:hide_craze
resnet18,gaussian_blur_severe,13_1,13,hide_craze,3,0,True,1,False,False,17:hide_craze|29:hide_craze|43:hide_craze
resnet18,gaussian_blur_severe,32_0,32,thunderstrike,0,3,True,1,True,False,17:surface_injure|29:surface_injure|43:surface_injure
resnet18,gaussian_blur_severe,32_1,32,thunderstrike,2,1,False,2,False,False,17:thunderstrike|29:surface_injure|43:thunderstrike
resnet18,gaussian_blur_severe,46_0,46,corrosion,0,3,True,1,True,False,17:hide_craze|29:hide_craze|43:hide_craze
resnet18,gaussian_blur_severe,46_1,46,corrosion,0,3,False,2,True,False,17:hide_craze|29:surface_injure|43:hide_craze
resnet18,gaussian_blur_severe,48_0,48,surface_injure,2,0,False,2,False,False,17:thunderstrike|29:surface_injure|43:surface_injure
resnet18,gaussian_blur_severe,51_0,51,craze,0,1,False,2,True,False,17:corrosion|29:surface_injure|43:surface_injure
resnet18,gaussian_blur_severe,51_1,51,craze,0,3,False,2,True,False,17:hide_craze|29:surface_injure|43:hide_craze
resnet18,gaussian_blur_severe,54_0,54,hide_craze,3,0,True,1,False,False,17:hide_craze|29:hide_craze|43:hide_craze
resnet18,gaussian_blur_severe,54_1,54,hide_craze,3,0,True,1,False,False,17:hide_craze|29:hide_craze|43:hide_craze
resnet18,gaussian_blur_severe,57_0,57,craze,0,3,True,1,True,False,17:hide_craze|29:hide_craze|43:hide_craze
resnet18,gaussian_blur_severe,57_1,57,surface_injure,2,1,False,2,False,False,17:corrosion|29:surface_injure|43:surface_injure
resnet18,gaussian_blur_severe,61_0,61,craze,1,2,False,3,False,True,17:surface_injure|29:craze|43:hide_craze
resnet18,gaussian_blur_severe,61_1,61,craze,1,2,False,2,False,True,17:hide_craze|29:craze|43:hide_craze
resnet18,gaussian_blur_severe,61_2,61,craze,1,2,False,2,False,True,17:hide_craze|29:craze|43:hide_craze
resnet18,gaussian_blur_severe,65_0,65,corrosion,1,1,False,2,False,True,17:corrosion|29:hide_craze|43:hide_craze
resnet18,gaussian_blur_severe,67_0,67,hide_craze,3,0,True,1,False,False,17:hide_craze|29:hide_craze|43:hide_craze
resnet18,gaussian_blur_severe,71_0,71,craze,1,2,False,2,False,True,17:thunderstrike|29:craze|43:thunderstrike
resnet18,gaussian_blur_severe,73_0,73,craze,0,3,True,1,True,False,17:surface_injure|29:surface_injure|43:surface_injure
resnet18,gaussian_blur_severe,81_0,81,craze,3,0,True,1,False,False,17:craze|29:craze|43:craze
resnet18,gaussian_blur_severe,81_1,81,craze,3,0,True,1,False,False,17:craze|29:craze|43:craze
resnet18,gaussian_blur_severe,81_2,81,craze,3,0,True,1,False,False,17:craze|29:craze|43:craze
resnet18,gaussian_blur_severe,88_0,88,crack,2,0,False,2,False,False,17:crack|29:crack|43:hide_craze
resnet18,gaussian_blur_severe,93_0,93,craze,1,2,False,3,False,True,17:thunderstrike|29:craze|43:hide_craze
resnet18,gaussian_blur_severe,103_0,103,craze,2,1,False,2,False,False,17:hide_craze|29:craze|43:craze
resnet18,gaussian_blur_severe,112_0,112,thunderstrike,0,3,True,1,True,False,17:surface_injure|29:surface_injure|43:surface_injure
resnet18,gaussian_blur_severe,112_1,112,surface_injure,3,0,True,1,False,False,17:surface_injure|29:surface_injure|43:surface_injure
resnet18,gaussian_blur_severe,142_0,142,surface_injure,3,0,True,1,False,False,17:surface_injure|29:surface_injure|43:surface_injure
resnet18,gaussian_blur_severe,146_0,146,hide_craze,3,0,True,1,False,False,17:hide_craze|29:hide_craze|43:hide_craze
resnet18,gaussian_blur_severe,156_0,156,craze,3,0,True,1,False,False,17:craze|29:craze|43:craze
resnet18,gaussian_blur_severe,161_0,161,corrosion,0,3,True,1,True,False,17:surface_injure|29:surface_injure|43:surface_injure
resnet18,gaussian_blur_severe,163_0,163,hide_craze,3,0,True,1,False,False,17:hide_craze|29:hide_craze|43:hide_craze
resnet18,gaussian_blur_severe,166_0,166,craze,1,2,False,3,False,True,17:hide_craze|29:crack|43:craze
resnet18,gaussian_blur_severe,167_0,167,craze,2,1,False,2,False,False,17:hide_craze|29:craze|43:craze
resnet18,gaussian_blur_severe,167_1,167,craze,1,1,False,2,False,True,17:hide_craze|29:craze|43:hide_craze
resnet18,gaussian_blur_severe,178_0,178,surface_injure,3,0,True,1,False,False,17:surface_injure|29:surface_injure|43:surface_injure
resnet18,gaussian_blur_severe,178_1,178,surface_injure,3,0,True,1,False,False,17:surface_injure|29:surface_injure|43:surface_injure
resnet18,gaussian_blur_severe,178_2,178,surface_injure,3,0,True,1,False,False,17:surface_injure|29:surface_injure|43:surface_injure
resnet18,gaussian_blur_severe,198_0,198,craze,0,3,True,1,True,False,17:surface_injure|29:surface_injure|43:surface_injure
resnet18,gaussian_blur_severe,198_1,198,hide_craze,3,0,True,1,False,False,17:hide_craze|29:hide_craze|43:hide_craze
resnet18,gaussian_blur_severe,209_0,209,hide_craze,1,2,False,2,False,True,17:surface_injure|29:surface_injure|43:hide_craze
resnet18,gaussian_blur_severe,214_0,214,craze,2,1,False,2,False,False,17:corrosion|29:craze|43:craze
resnet18,gaussian_blur_severe,216_0,216,crack,3,0,True,1,False,False,17:crack|29:crack|43:crack
resnet18,gaussian_blur_severe,217_0,217,surface_injure,3,0,True,1,False,False,17:surface_injure|29:surface_injure|43:surface_injure
resnet18,gaussian_blur_severe,224_0,224,hide_craze,3,0,True,1,False,False,17:hide_craze|29:hide_craze|43:hide_craze
resnet18,gaussian_blur_severe,228_0,228,hide_craze,3,0,True,1,False,False,17:hide_craze|29:hide_craze|43:hide_craze
resnet18,gaussian_blur_severe,228_1,228,hide_craze,3,0,True,1,False,False,17:hide_craze|29:hide_craze|43:hide_craze
resnet18,gaussian_blur_severe,234_0,234,surface_injure,3,0,True,1,False,False,17:surface_injure|29:surface_injure|43:surface_injure
resnet18,gaussian_blur_severe,234_1,234,hide_craze,3,0,True,1,False,False,17:hide_craze|29:hide_craze|43:hide_craze
resnet18,gaussian_blur_severe,234_2,234,hide_craze,3,0,True,1,False,False,17:hide_craze|29:hide_craze|43:hide_craze
resnet18,gaussian_blur_severe,234_3,234,hide_craze,3,0,True,1,False,False,17:hide_craze|29:hide_craze|43:hide_craze
resnet18,gaussian_blur_severe,234_4,234,hide_craze,1,2,False,2,False,True,17:surface_injure|29:surface_injure|43:hide_craze
resnet18,gaussian_blur_severe,238_0,238,crack,2,1,False,2,False,False,17:crack|29:surface_injure|43:crack
resnet18,gaussian_blur_severe,238_1,238,crack,2,1,False,2,False,False,17:hide_craze|29:crack|43:crack
resnet18,gaussian_blur_severe,250_0,250,crack,3,0,True,1,False,False,17:crack|29:crack|43:crack
resnet18,gaussian_blur_severe,252_0,252,crack,3,0,True,1,False,False,17:crack|29:crack|43:crack
resnet18,gaussian_blur_severe,255_0,255,surface_injure,1,1,False,2,False,True,17:surface_injure|29:hide_craze|43:hide_craze
resnet18,gaussian_blur_severe,255_1,255,surface_injure,3,0,True,1,False,False,17:surface_injure|29:surface_injure|43:surface_injure
resnet18,gaussian_blur_severe,257_0,257,surface_injure,3,0,True,1,False,False,17:surface_injure|29:surface_injure|43:surface_injure
resnet18,gaussian_blur_severe,257_1,257,surface_injure,3,0,True,1,False,False,17:surface_injure|29:surface_injure|43:surface_injure
resnet18,gaussian_blur_severe,269_0,269,crack,3,0,True,1,False,False,17:crack|29:crack|43:crack
resnet18,gaussian_blur_severe,273_0,273,thunderstrike,0,3,False,2,True,False,17:hide_craze|29:surface_injure|43:surface_injure
resnet18,gaussian_blur_severe,273_1,273,surface_injure,3,0,True,1,False,False,17:surface_injure|29:surface_injure|43:surface_injure
resnet18,gaussian_blur_severe,276_0,276,hide_craze,3,0,True,1,False,False,17:hide_craze|29:hide_craze|43:hide_craze
resnet18,gaussian_blur_severe,276_1,276,hide_craze,3,0,True,1,False,False,17:hide_craze|29:hide_craze|43:hide_craze
resnet18,gaussian_blur_severe,284_0,284,hide_craze,3,0,True,1,False,False,17:hide_craze|29:hide_craze|43:hide_craze
resnet18,gaussian_blur_severe,285_0,285,surface_injure,3,0,True,1,False,False,17:surface_injure|29:surface_injure|43:surface_injure
resnet18,gaussian_blur_severe,285_1,285,surface_injure,3,0,True,1,False,False,17:surface_injure|29:surface_injure|43:surface_injure
resnet18,gaussian_blur_severe,318_0,318,crack,3,0,True,1,False,False,17:crack|29:crack|43:crack
resnet18,gaussian_blur_severe,322_0,322,corrosion,3,0,True,1,False,False,17:corrosion|29:corrosion|43:corrosion
resnet18,gaussian_blur_severe,323_0,323,corrosion,0,0,False,2,True,False,17:surface_injure|29:surface_injure|43:hide_craze
resnet18,gaussian_blur_severe,326_0,326,surface_injure,3,0,True,1,False,False,17:surface_injure|29:surface_injure|43:surface_injure
resnet18,gaussian_blur_severe,326_1,326,craze,0,3,True,1,True,False,17:surface_injure|29:surface_injure|43:surface_injure
resnet18,gaussian_blur_severe,332_0,332,surface_injure,2,1,False,2,False,False,17:surface_injure|29:surface_injure|43:hide_craze
resnet18,gaussian_blur_severe,363_0,363,surface_injure,3,0,True,1,False,False,17:surface_injure|29:surface_injure|43:surface_injure
resnet18,gaussian_blur_severe,370_0,370,corrosion,2,1,False,2,False,False,17:corrosion|29:corrosion|43:hide_craze
resnet18,gaussian_blur_severe,370_1,370,corrosion,0,3,True,1,True,False,17:hide_craze|29:hide_craze|43:hide_craze
resnet18,gaussian_blur_severe,370_2,370,corrosion,0,3,False,2,True,False,17:hide_craze|29:surface_injure|43:surface_injure
resnet18,gaussian_blur_severe,373_0,373,corrosion,3,0,True,1,False,False,17:corrosion|29:corrosion|43:corrosion
resnet18,gaussian_blur_severe,379_0,379,hide_craze,3,0,True,1,False,False,17:hide_craze|29:hide_craze|43:hide_craze
resnet18,gaussian_blur_severe,379_1,379,hide_craze,3,0,True,1,False,False,17:hide_craze|29:hide_craze|43:hide_craze
resnet18,gaussian_blur_severe,388_0,388,hide_craze,3,0,True,1,False,False,17:hide_craze|29:hide_craze|43:hide_craze
resnet18,gaussian_blur_severe,389_0,389,crack,3,0,True,1,False,False,17:crack|29:crack|43:crack
resnet18,gaussian_blur_severe,390_0,390,corrosion,0,1,True,1,True,False,17:surface_injure|29:surface_injure|43:surface_injure
resnet18,gaussian_blur_severe,394_0,394,crack,3,0,True,1,False,False,17:crack|29:crack|43:crack
resnet18,gaussian_blur_severe,405_0,405,corrosion,0,3,True,1,True,False,17:hide_craze|29:hide_craze|43:hide_craze
resnet18,gaussian_blur_severe,407_0,407,surface_injure,3,0,True,1,False,False,17:surface_injure|29:surface_injure|43:surface_injure
resnet18,gaussian_blur_severe,408_0,408,corrosion,0,3,False,2,True,False,17:hide_craze|29:surface_injure|43:surface_injure
resnet18,gaussian_blur_severe,408_1,408,corrosion,0,3,True,1,True,False,17:surface_injure|29:surface_injure|43:surface_injure
resnet18,gaussian_blur_severe,410_0,410,corrosion,0,2,False,2,True,False,17:surface_injure|29:surface_injure|43:hide_craze
resnet18,gaussian_blur_severe,410_1,410,corrosion,1,1,False,3,False,True,17:surface_injure|29:corrosion|43:hide_craze
resnet18,gaussian_blur_severe,432_0,432,surface_injure,3,0,True,1,False,False,17:surface_injure|29:surface_injure|43:surface_injure
resnet18,gaussian_blur_severe,438_0,438,hide_craze,3,0,True,1,False,False,17:hide_craze|29:hide_craze|43:hide_craze
resnet18,gaussian_blur_severe,440_0,440,crack,2,1,False,2,False,False,17:crack|29:crack|43:hide_craze
resnet18,gaussian_blur_severe,447_0,447,crack,3,0,True,1,False,False,17:crack|29:crack|43:crack
resnet18,gaussian_blur_severe,447_1,447,crack,3,0,True,1,False,False,17:crack|29:crack|43:crack
resnet18,gaussian_blur_severe,451_0,451,corrosion,2,1,False,2,False,False,17:corrosion|29:crack|43:corrosion
resnet18,gaussian_blur_severe,457_0,457,hide_craze,3,0,True,1,False,False,17:hide_craze|29:hide_craze|43:hide_craze
resnet18,gaussian_blur_severe,457_1,457,hide_craze,3,0,True,1,False,False,17:hide_craze|29:hide_craze|43:hide_craze
resnet18,gaussian_blur_severe,457_2,457,hide_craze,3,0,True,1,False,False,17:hide_craze|29:hide_craze|43:hide_craze
resnet18,gaussian_blur_severe,464_0,464,craze,0,3,True,1,True,False,17:surface_injure|29:surface_injure|43:surface_injure
resnet18,gaussian_blur_severe,464_1,464,hide_craze,0,1,True,1,True,False,17:surface_injure|29:surface_injure|43:surface_injure
resnet18,gaussian_blur_severe,469_0,469,craze,3,0,True,1,False,False,17:craze|29:craze|43:craze
resnet18,gaussian_blur_severe,473_0,473,crack,3,0,True,1,False,False,17:crack|29:crack|43:crack
resnet18,gaussian_blur_severe,476_0,476,surface_injure,3,0,True,1,False,False,17:surface_injure|29:surface_injure|43:surface_injure
resnet18,gaussian_blur_severe,479_0,479,surface_injure,3,0,True,1,False,False,17:surface_injure|29:surface_injure|43:surface_injure
resnet18,gaussian_blur_severe,479_1,479,thunderstrike,3,0,True,1,False,False,17:thunderstrike|29:thunderstrike|43:thunderstrike
resnet18,gaussian_blur_severe,501_0,501,corrosion,2,1,False,2,False,False,17:surface_injure|29:corrosion|43:corrosion
resnet18,gaussian_blur_severe,505_0,505,corrosion,0,3,True,1,True,False,17:surface_injure|29:surface_injure|43:surface_injure
resnet18,gaussian_blur_severe,511_0,511,hide_craze,3,0,True,1,False,False,17:hide_craze|29:hide_craze|43:hide_craze
resnet18,gaussian_blur_severe,511_1,511,hide_craze,3,0,True,1,False,False,17:hide_craze|29:hide_craze|43:hide_craze
resnet18,gaussian_blur_severe,521_0,521,corrosion,0,0,False,2,True,False,17:surface_injure|29:hide_craze|43:hide_craze
resnet18,gaussian_blur_severe,521_1,521,corrosion,0,0,False,2,True,False,17:surface_injure|29:hide_craze|43:hide_craze
resnet18,gaussian_blur_severe,541_0,541,hide_craze,3,0,True,1,False,False,17:hide_craze|29:hide_craze|43:hide_craze
resnet18,gaussian_blur_severe,546_0,546,corrosion,0,0,True,1,True,False,17:surface_injure|29:surface_injure|43:surface_injure
resnet18,gaussian_blur_severe,546_1,546,corrosion,0,3,False,2,True,False,17:surface_injure|29:hide_craze|43:hide_craze
resnet18,gaussian_blur_severe,546_2,546,corrosion,0,3,False,2,True,False,17:surface_injure|29:hide_craze|43:hide_craze
resnet18,gaussian_blur_severe,563_0,563,craze,0,3,True,1,True,False,17:surface_injure|29:surface_injure|43:surface_injure
resnet18,gaussian_blur_severe,566_0,566,corrosion,2,1,False,2,False,False,17:surface_injure|29:corrosion|43:corrosion
resnet18,gaussian_blur_severe,569_0,569,hide_craze,3,0,True,1,False,False,17:hide_craze|29:hide_craze|43:hide_craze
resnet18,gaussian_blur_severe,574_0,574,craze,3,0,True,1,False,False,17:craze|29:craze|43:craze
resnet18,gaussian_blur_severe,580_0,580,craze,2,1,False,2,False,False,17:craze|29:surface_injure|43:craze
resnet18,gaussian_blur_severe,591_0,591,thunderstrike,0,2,True,1,True,False,17:surface_injure|29:surface_injure|43:surface_injure
resnet18,gaussian_blur_severe,591_1,591,surface_injure,3,0,True,1,False,False,17:surface_injure|29:surface_injure|43:surface_injure
resnet18,gaussian_blur_severe,591_2,591,surface_injure,3,0,True,1,False,False,17:surface_injure|29:surface_injure|43:surface_injure
resnet18,gaussian_blur_severe,597_0,597,hide_craze,0,3,True,1,True,False,17:surface_injure|29:surface_injure|43:surface_injure
resnet18,gaussian_blur_severe,598_0,598,corrosion,2,1,False,2,False,False,17:crack|29:corrosion|43:corrosion
resnet18,gaussian_blur_severe,598_1,598,corrosion,2,1,False,2,False,False,17:corrosion|29:surface_injure|43:corrosion
resnet18,gaussian_blur_severe,600_0,600,hide_craze,3,0,True,1,False,False,17:hide_craze|29:hide_craze|43:hide_craze
resnet18,gaussian_blur_severe,610_0,610,hide_craze,3,0,True,1,False,False,17:hide_craze|29:hide_craze|43:hide_craze
resnet18,gaussian_blur_severe,623_0,623,hide_craze,3,0,True,1,False,False,17:hide_craze|29:hide_craze|43:hide_craze
resnet18,gaussian_blur_severe,623_1,623,surface_injure,3,0,True,1,False,False,17:surface_injure|29:surface_injure|43:surface_injure
resnet18,gaussian_blur_severe,633_0,633,hide_craze,3,0,True,1,False,False,17:hide_craze|29:hide_craze|43:hide_craze
resnet18,gaussian_blur_severe,642_0,642,hide_craze,2,1,False,2,False,False,17:surface_injure|29:hide_craze|43:hide_craze
resnet18,gaussian_blur_severe,642_1,642,surface_injure,3,0,True,1,False,False,17:surface_injure|29:surface_injure|43:surface_injure
resnet18,gaussian_blur_severe,643_0,643,hide_craze,2,1,False,2,False,False,17:surface_injure|29:hide_craze|43:hide_craze
resnet18,gaussian_blur_severe,650_0,650,corrosion,2,1,False,2,False,False,17:corrosion|29:hide_craze|43:corrosion
resnet18,gaussian_blur_severe,655_0,655,hide_craze,2,0,False,2,False,False,17:crack|29:hide_craze|43:hide_craze
resnet18,gaussian_blur_severe,658_0,658,corrosion,0,2,True,1,True,False,17:hide_craze|29:hide_craze|43:hide_craze
resnet18,gaussian_blur_severe,663_0,663,hide_craze,2,0,False,2,False,False,17:hide_craze|29:surface_injure|43:hide_craze
resnet18,gaussian_blur_severe,671_0,671,hide_craze,3,0,True,1,False,False,17:hide_craze|29:hide_craze|43:hide_craze
resnet18,gaussian_blur_severe,671_1,671,surface_injure,3,0,True,1,False,False,17:surface_injure|29:surface_injure|43:surface_injure
resnet18,gaussian_blur_severe,677_0,677,hide_craze,3,0,True,1,False,False,17:hide_craze|29:hide_craze|43:hide_craze
resnet18,gaussian_blur_severe,686_0,686,thunderstrike,0,3,True,1,True,False,17:surface_injure|29:surface_injure|43:surface_injure
resnet18,gaussian_blur_severe,689_0,689,surface_injure,2,0,False,2,False,False,17:crack|29:surface_injure|43:surface_injure
resnet18,gaussian_blur_severe,689_1,689,surface_injure,3,0,True,1,False,False,17:surface_injure|29:surface_injure|43:surface_injure
resnet18,gaussian_blur_severe,689_2,689,surface_injure,3,0,True,1,False,False,17:surface_injure|29:surface_injure|43:surface_injure
resnet18,gaussian_blur_severe,689_3,689,surface_injure,3,0,True,1,False,False,17:surface_injure|29:surface_injure|43:surface_injure
resnet18,gaussian_blur_severe,696_0,696,hide_craze,3,0,True,1,False,False,17:hide_craze|29:hide_craze|43:hide_craze
resnet18,gaussian_blur_severe,696_1,696,hide_craze,3,0,True,1,False,False,17:hide_craze|29:hide_craze|43:hide_craze
resnet18,gaussian_blur_severe,699_0,699,thunderstrike,3,0,True,1,False,False,17:thunderstrike|29:thunderstrike|43:thunderstrike
resnet18,gaussian_blur_severe,701_0,701,craze,2,1,False,2,False,False,17:craze|29:craze|43:hide_craze
resnet18,gaussian_blur_severe,704_0,704,corrosion,2,1,False,2,False,False,17:corrosion|29:corrosion|43:hide_craze
resnet18,gaussian_blur_severe,721_0,721,hide_craze,3,0,True,1,False,False,17:hide_craze|29:hide_craze|43:hide_craze
resnet18,gaussian_blur_severe,824_0,824,craze,0,3,False,3,True,False,17:crack|29:surface_injure|43:hide_craze
resnet18,gaussian_blur_severe,863_0,863,thunderstrike,2,1,False,2,False,False,17:thunderstrike|29:crack|43:thunderstrike
resnet18,gaussian_blur_severe,864_0,864,surface_injure,0,3,False,2,True,False,17:corrosion|29:hide_craze|43:hide_craze
resnet18,gaussian_blur_severe,875_0,875,hide_craze,3,0,True,1,False,False,17:hide_craze|29:hide_craze|43:hide_craze
resnet18,gaussian_blur_severe,875_1,875,hide_craze,2,1,False,2,False,False,17:hide_craze|29:surface_injure|43:hide_craze
resnet18,gaussian_blur_severe,1017_0,1017,hide_craze,3,0,True,1,False,False,17:hide_craze|29:hide_craze|43:hide_craze
resnet18,gaussian_blur_severe,1017_1,1017,hide_craze,3,0,True,1,False,False,17:hide_craze|29:hide_craze|43:hide_craze
resnet18,resolution_mild,13_0,13,hide_craze,3,0,True,1,False,False,17:hide_craze|29:hide_craze|43:hide_craze
resnet18,resolution_mild,13_1,13,hide_craze,3,0,True,1,False,False,17:hide_craze|29:hide_craze|43:hide_craze
resnet18,resolution_mild,32_0,32,thunderstrike,3,0,True,1,False,False,17:thunderstrike|29:thunderstrike|43:thunderstrike
resnet18,resolution_mild,32_1,32,thunderstrike,3,0,True,1,False,False,17:thunderstrike|29:thunderstrike|43:thunderstrike
resnet18,resolution_mild,46_0,46,corrosion,3,0,True,1,False,False,17:corrosion|29:corrosion|43:corrosion
resnet18,resolution_mild,46_1,46,corrosion,3,0,True,1,False,False,17:corrosion|29:corrosion|43:corrosion
resnet18,resolution_mild,48_0,48,surface_injure,2,0,False,2,False,False,17:craze|29:surface_injure|43:surface_injure
resnet18,resolution_mild,51_0,51,craze,1,0,False,2,False,True,17:corrosion|29:corrosion|43:craze
resnet18,resolution_mild,51_1,51,craze,3,0,True,1,False,False,17:craze|29:craze|43:craze
resnet18,resolution_mild,54_0,54,hide_craze,3,0,True,1,False,False,17:hide_craze|29:hide_craze|43:hide_craze
resnet18,resolution_mild,54_1,54,hide_craze,3,0,True,1,False,False,17:hide_craze|29:hide_craze|43:hide_craze
resnet18,resolution_mild,57_0,57,craze,3,0,True,1,False,False,17:craze|29:craze|43:craze
resnet18,resolution_mild,57_1,57,surface_injure,2,0,False,2,False,False,17:surface_injure|29:corrosion|43:surface_injure
resnet18,resolution_mild,61_0,61,craze,3,0,True,1,False,False,17:craze|29:craze|43:craze
resnet18,resolution_mild,61_1,61,craze,3,0,True,1,False,False,17:craze|29:craze|43:craze
resnet18,resolution_mild,61_2,61,craze,3,0,True,1,False,False,17:craze|29:craze|43:craze
resnet18,resolution_mild,65_0,65,corrosion,2,0,False,2,False,False,17:corrosion|29:hide_craze|43:corrosion
resnet18,resolution_mild,67_0,67,hide_craze,3,0,True,1,False,False,17:hide_craze|29:hide_craze|43:hide_craze
resnet18,resolution_mild,71_0,71,craze,2,1,False,2,False,False,17:thunderstrike|29:craze|43:craze
resnet18,resolution_mild,73_0,73,craze,2,1,False,2,False,False,17:surface_injure|29:craze|43:craze
resnet18,resolution_mild,81_0,81,craze,3,0,True,1,False,False,17:craze|29:craze|43:craze
resnet18,resolution_mild,81_1,81,craze,3,0,True,1,False,False,17:craze|29:craze|43:craze
resnet18,resolution_mild,81_2,81,craze,3,0,True,1,False,False,17:craze|29:craze|43:craze
resnet18,resolution_mild,88_0,88,crack,1,0,False,2,False,True,17:crack|29:hide_craze|43:hide_craze
resnet18,resolution_mild,93_0,93,craze,3,0,True,1,False,False,17:craze|29:craze|43:craze
resnet18,resolution_mild,103_0,103,craze,3,0,True,1,False,False,17:craze|29:craze|43:craze
resnet18,resolution_mild,112_0,112,thunderstrike,2,1,False,2,False,False,17:thunderstrike|29:thunderstrike|43:surface_injure
resnet18,resolution_mild,112_1,112,surface_injure,3,0,True,1,False,False,17:surface_injure|29:surface_injure|43:surface_injure
resnet18,resolution_mild,142_0,142,surface_injure,1,0,False,2,False,True,17:surface_injure|29:corrosion|43:corrosion
resnet18,resolution_mild,146_0,146,hide_craze,3,0,True,1,False,False,17:hide_craze|29:hide_craze|43:hide_craze
resnet18,resolution_mild,156_0,156,craze,3,0,True,1,False,False,17:craze|29:craze|43:craze
resnet18,resolution_mild,161_0,161,corrosion,2,1,False,2,False,False,17:corrosion|29:corrosion|43:surface_injure
resnet18,resolution_mild,163_0,163,hide_craze,3,0,True,1,False,False,17:hide_craze|29:hide_craze|43:hide_craze
resnet18,resolution_mild,166_0,166,craze,2,1,False,2,False,False,17:craze|29:crack|43:craze
resnet18,resolution_mild,167_0,167,craze,3,0,True,1,False,False,17:craze|29:craze|43:craze
resnet18,resolution_mild,167_1,167,craze,2,0,False,2,False,False,17:hide_craze|29:craze|43:craze
resnet18,resolution_mild,178_0,178,surface_injure,3,0,True,1,False,False,17:surface_injure|29:surface_injure|43:surface_injure
resnet18,resolution_mild,178_1,178,surface_injure,3,0,True,1,False,False,17:surface_injure|29:surface_injure|43:surface_injure
resnet18,resolution_mild,178_2,178,surface_injure,3,0,True,1,False,False,17:surface_injure|29:surface_injure|43:surface_injure
resnet18,resolution_mild,198_0,198,craze,2,1,False,2,False,False,17:craze|29:craze|43:surface_injure
resnet18,resolution_mild,198_1,198,hide_craze,3,0,True,1,False,False,17:hide_craze|29:hide_craze|43:hide_craze
resnet18,resolution_mild,209_0,209,hide_craze,2,1,False,2,False,False,17:surface_injure|29:hide_craze|43:hide_craze
resnet18,resolution_mild,214_0,214,craze,3,0,True,1,False,False,17:craze|29:craze|43:craze
resnet18,resolution_mild,216_0,216,crack,3,0,True,1,False,False,17:crack|29:crack|43:crack
resnet18,resolution_mild,217_0,217,surface_injure,3,0,True,1,False,False,17:surface_injure|29:surface_injure|43:surface_injure
resnet18,resolution_mild,224_0,224,hide_craze,3,0,True,1,False,False,17:hide_craze|29:hide_craze|43:hide_craze
resnet18,resolution_mild,228_0,228,hide_craze,1,0,False,2,False,True,17:hide_craze|29:crack|43:crack
resnet18,resolution_mild,228_1,228,hide_craze,1,0,False,3,False,True,17:hide_craze|29:craze|43:crack
resnet18,resolution_mild,234_0,234,surface_injure,3,0,True,1,False,False,17:surface_injure|29:surface_injure|43:surface_injure
resnet18,resolution_mild,234_1,234,hide_craze,3,0,True,1,False,False,17:hide_craze|29:hide_craze|43:hide_craze
resnet18,resolution_mild,234_2,234,hide_craze,3,0,True,1,False,False,17:hide_craze|29:hide_craze|43:hide_craze
resnet18,resolution_mild,234_3,234,hide_craze,3,0,True,1,False,False,17:hide_craze|29:hide_craze|43:hide_craze
resnet18,resolution_mild,234_4,234,hide_craze,3,0,True,1,False,False,17:hide_craze|29:hide_craze|43:hide_craze
resnet18,resolution_mild,238_0,238,crack,3,0,True,1,False,False,17:crack|29:crack|43:crack
resnet18,resolution_mild,238_1,238,crack,3,0,True,1,False,False,17:crack|29:crack|43:crack
resnet18,resolution_mild,250_0,250,crack,3,0,True,1,False,False,17:crack|29:crack|43:crack
resnet18,resolution_mild,252_0,252,crack,3,0,True,1,False,False,17:crack|29:crack|43:crack
resnet18,resolution_mild,255_0,255,surface_injure,3,0,True,1,False,False,17:surface_injure|29:surface_injure|43:surface_injure
resnet18,resolution_mild,255_1,255,surface_injure,3,0,True,1,False,False,17:surface_injure|29:surface_injure|43:surface_injure
resnet18,resolution_mild,257_0,257,surface_injure,3,0,True,1,False,False,17:surface_injure|29:surface_injure|43:surface_injure
resnet18,resolution_mild,257_1,257,surface_injure,3,0,True,1,False,False,17:surface_injure|29:surface_injure|43:surface_injure
resnet18,resolution_mild,269_0,269,crack,3,0,True,1,False,False,17:crack|29:crack|43:crack
resnet18,resolution_mild,273_0,273,thunderstrike,3,0,True,1,False,False,17:thunderstrike|29:thunderstrike|43:thunderstrike
resnet18,resolution_mild,273_1,273,surface_injure,3,0,True,1,False,False,17:surface_injure|29:surface_injure|43:surface_injure
resnet18,resolution_mild,276_0,276,hide_craze,3,0,True,1,False,False,17:hide_craze|29:hide_craze|43:hide_craze
resnet18,resolution_mild,276_1,276,hide_craze,3,0,True,1,False,False,17:hide_craze|29:hide_craze|43:hide_craze
resnet18,resolution_mild,284_0,284,hide_craze,3,0,True,1,False,False,17:hide_craze|29:hide_craze|43:hide_craze
resnet18,resolution_mild,285_0,285,surface_injure,3,0,True,1,False,False,17:surface_injure|29:surface_injure|43:surface_injure
resnet18,resolution_mild,285_1,285,surface_injure,3,0,True,1,False,False,17:surface_injure|29:surface_injure|43:surface_injure
resnet18,resolution_mild,318_0,318,crack,3,0,True,1,False,False,17:crack|29:crack|43:crack
resnet18,resolution_mild,322_0,322,corrosion,3,0,True,1,False,False,17:corrosion|29:corrosion|43:corrosion
resnet18,resolution_mild,323_0,323,corrosion,0,0,False,2,True,False,17:surface_injure|29:hide_craze|43:hide_craze
resnet18,resolution_mild,326_0,326,surface_injure,3,0,True,1,False,False,17:surface_injure|29:surface_injure|43:surface_injure
resnet18,resolution_mild,326_1,326,craze,2,1,False,2,False,False,17:surface_injure|29:craze|43:craze
resnet18,resolution_mild,332_0,332,surface_injure,3,0,True,1,False,False,17:surface_injure|29:surface_injure|43:surface_injure
resnet18,resolution_mild,363_0,363,surface_injure,3,0,True,1,False,False,17:surface_injure|29:surface_injure|43:surface_injure
resnet18,resolution_mild,370_0,370,corrosion,3,0,True,1,False,False,17:corrosion|29:corrosion|43:corrosion
resnet18,resolution_mild,370_1,370,corrosion,3,0,True,1,False,False,17:corrosion|29:corrosion|43:corrosion
resnet18,resolution_mild,370_2,370,corrosion,3,0,True,1,False,False,17:corrosion|29:corrosion|43:corrosion
resnet18,resolution_mild,373_0,373,corrosion,3,0,True,1,False,False,17:corrosion|29:corrosion|43:corrosion
resnet18,resolution_mild,379_0,379,hide_craze,3,0,True,1,False,False,17:hide_craze|29:hide_craze|43:hide_craze
resnet18,resolution_mild,379_1,379,hide_craze,3,0,True,1,False,False,17:hide_craze|29:hide_craze|43:hide_craze
resnet18,resolution_mild,388_0,388,hide_craze,3,0,True,1,False,False,17:hide_craze|29:hide_craze|43:hide_craze
resnet18,resolution_mild,389_0,389,crack,3,0,True,1,False,False,17:crack|29:crack|43:crack
resnet18,resolution_mild,390_0,390,corrosion,1,0,False,2,False,True,17:surface_injure|29:corrosion|43:surface_injure
resnet18,resolution_mild,394_0,394,crack,3,0,True,1,False,False,17:crack|29:crack|43:crack
resnet18,resolution_mild,405_0,405,corrosion,3,0,True,1,False,False,17:corrosion|29:corrosion|43:corrosion
resnet18,resolution_mild,407_0,407,surface_injure,3,0,True,1,False,False,17:surface_injure|29:surface_injure|43:surface_injure
resnet18,resolution_mild,408_0,408,corrosion,3,0,True,1,False,False,17:corrosion|29:corrosion|43:corrosion
resnet18,resolution_mild,408_1,408,corrosion,3,0,True,1,False,False,17:corrosion|29:corrosion|43:corrosion
resnet18,resolution_mild,410_0,410,corrosion,2,0,False,2,False,False,17:corrosion|29:corrosion|43:craze
resnet18,resolution_mild,410_1,410,corrosion,2,0,False,2,False,False,17:corrosion|29:corrosion|43:craze
resnet18,resolution_mild,432_0,432,surface_injure,3,0,True,1,False,False,17:surface_injure|29:surface_injure|43:surface_injure
resnet18,resolution_mild,438_0,438,hide_craze,3,0,True,1,False,False,17:hide_craze|29:hide_craze|43:hide_craze
resnet18,resolution_mild,440_0,440,crack,3,0,True,1,False,False,17:crack|29:crack|43:crack
resnet18,resolution_mild,447_0,447,crack,3,0,True,1,False,False,17:crack|29:crack|43:crack
resnet18,resolution_mild,447_1,447,crack,3,0,True,1,False,False,17:crack|29:crack|43:crack
resnet18,resolution_mild,451_0,451,corrosion,3,0,True,1,False,False,17:corrosion|29:corrosion|43:corrosion
resnet18,resolution_mild,457_0,457,hide_craze,3,0,True,1,False,False,17:hide_craze|29:hide_craze|43:hide_craze
resnet18,resolution_mild,457_1,457,hide_craze,3,0,True,1,False,False,17:hide_craze|29:hide_craze|43:hide_craze
resnet18,resolution_mild,457_2,457,hide_craze,3,0,True,1,False,False,17:hide_craze|29:hide_craze|43:hide_craze
resnet18,resolution_mild,464_0,464,craze,2,1,False,2,False,False,17:surface_injure|29:craze|43:craze
resnet18,resolution_mild,464_1,464,hide_craze,1,0,False,3,False,True,17:surface_injure|29:hide_craze|43:thunderstrike
resnet18,resolution_mild,469_0,469,craze,3,0,True,1,False,False,17:craze|29:craze|43:craze
resnet18,resolution_mild,473_0,473,crack,3,0,True,1,False,False,17:crack|29:crack|43:crack
resnet18,resolution_mild,476_0,476,surface_injure,2,1,False,2,False,False,17:surface_injure|29:surface_injure|43:hide_craze
resnet18,resolution_mild,479_0,479,surface_injure,3,0,True,1,False,False,17:surface_injure|29:surface_injure|43:surface_injure
resnet18,resolution_mild,479_1,479,thunderstrike,3,0,True,1,False,False,17:thunderstrike|29:thunderstrike|43:thunderstrike
resnet18,resolution_mild,501_0,501,corrosion,3,0,True,1,False,False,17:corrosion|29:corrosion|43:corrosion
resnet18,resolution_mild,505_0,505,corrosion,3,0,True,1,False,False,17:corrosion|29:corrosion|43:corrosion
resnet18,resolution_mild,511_0,511,hide_craze,3,0,True,1,False,False,17:hide_craze|29:hide_craze|43:hide_craze
resnet18,resolution_mild,511_1,511,hide_craze,3,0,True,1,False,False,17:hide_craze|29:hide_craze|43:hide_craze
resnet18,resolution_mild,521_0,521,corrosion,0,0,False,2,True,False,17:surface_injure|29:hide_craze|43:surface_injure
resnet18,resolution_mild,521_1,521,corrosion,0,0,True,1,True,False,17:hide_craze|29:hide_craze|43:hide_craze
resnet18,resolution_mild,541_0,541,hide_craze,3,0,True,1,False,False,17:hide_craze|29:hide_craze|43:hide_craze
resnet18,resolution_mild,546_0,546,corrosion,0,0,True,1,True,False,17:surface_injure|29:surface_injure|43:surface_injure
resnet18,resolution_mild,546_1,546,corrosion,2,1,False,2,False,False,17:corrosion|29:corrosion|43:hide_craze
resnet18,resolution_mild,546_2,546,corrosion,2,1,False,2,False,False,17:hide_craze|29:corrosion|43:corrosion
resnet18,resolution_mild,563_0,563,craze,3,0,True,1,False,False,17:craze|29:craze|43:craze
resnet18,resolution_mild,566_0,566,corrosion,3,0,True,1,False,False,17:corrosion|29:corrosion|43:corrosion
resnet18,resolution_mild,569_0,569,hide_craze,3,0,True,1,False,False,17:hide_craze|29:hide_craze|43:hide_craze
resnet18,resolution_mild,574_0,574,craze,3,0,True,1,False,False,17:craze|29:craze|43:craze
resnet18,resolution_mild,580_0,580,craze,3,0,True,1,False,False,17:craze|29:craze|43:craze
resnet18,resolution_mild,591_0,591,thunderstrike,0,2,True,1,True,False,17:surface_injure|29:surface_injure|43:surface_injure
resnet18,resolution_mild,591_1,591,surface_injure,3,0,True,1,False,False,17:surface_injure|29:surface_injure|43:surface_injure
resnet18,resolution_mild,591_2,591,surface_injure,3,0,True,1,False,False,17:surface_injure|29:surface_injure|43:surface_injure
resnet18,resolution_mild,597_0,597,hide_craze,3,0,True,1,False,False,17:hide_craze|29:hide_craze|43:hide_craze
resnet18,resolution_mild,598_0,598,corrosion,3,0,True,1,False,False,17:corrosion|29:corrosion|43:corrosion
resnet18,resolution_mild,598_1,598,corrosion,3,0,True,1,False,False,17:corrosion|29:corrosion|43:corrosion
resnet18,resolution_mild,600_0,600,hide_craze,3,0,True,1,False,False,17:hide_craze|29:hide_craze|43:hide_craze
resnet18,resolution_mild,610_0,610,hide_craze,3,0,True,1,False,False,17:hide_craze|29:hide_craze|43:hide_craze
resnet18,resolution_mild,623_0,623,hide_craze,3,0,True,1,False,False,17:hide_craze|29:hide_craze|43:hide_craze
resnet18,resolution_mild,623_1,623,surface_injure,1,0,False,3,False,True,17:crack|29:hide_craze|43:surface_injure
resnet18,resolution_mild,633_0,633,hide_craze,3,0,True,1,False,False,17:hide_craze|29:hide_craze|43:hide_craze
resnet18,resolution_mild,642_0,642,hide_craze,2,1,False,2,False,False,17:surface_injure|29:hide_craze|43:hide_craze
resnet18,resolution_mild,642_1,642,surface_injure,2,0,False,2,False,False,17:surface_injure|29:hide_craze|43:surface_injure
resnet18,resolution_mild,643_0,643,hide_craze,3,0,True,1,False,False,17:hide_craze|29:hide_craze|43:hide_craze
resnet18,resolution_mild,650_0,650,corrosion,3,0,True,1,False,False,17:corrosion|29:corrosion|43:corrosion
resnet18,resolution_mild,655_0,655,hide_craze,2,0,False,2,False,False,17:crack|29:hide_craze|43:hide_craze
resnet18,resolution_mild,658_0,658,corrosion,1,1,False,2,False,True,17:hide_craze|29:hide_craze|43:corrosion
resnet18,resolution_mild,663_0,663,hide_craze,3,0,True,1,False,False,17:hide_craze|29:hide_craze|43:hide_craze
resnet18,resolution_mild,671_0,671,hide_craze,3,0,True,1,False,False,17:hide_craze|29:hide_craze|43:hide_craze
resnet18,resolution_mild,671_1,671,surface_injure,1,0,False,2,False,True,17:hide_craze|29:hide_craze|43:surface_injure
resnet18,resolution_mild,677_0,677,hide_craze,3,0,True,1,False,False,17:hide_craze|29:hide_craze|43:hide_craze
resnet18,resolution_mild,686_0,686,thunderstrike,3,0,True,1,False,False,17:thunderstrike|29:thunderstrike|43:thunderstrike
resnet18,resolution_mild,689_0,689,surface_injure,2,0,False,2,False,False,17:crack|29:surface_injure|43:surface_injure
resnet18,resolution_mild,689_1,689,surface_injure,3,0,True,1,False,False,17:surface_injure|29:surface_injure|43:surface_injure
resnet18,resolution_mild,689_2,689,surface_injure,3,0,True,1,False,False,17:surface_injure|29:surface_injure|43:surface_injure
resnet18,resolution_mild,689_3,689,surface_injure,3,0,True,1,False,False,17:surface_injure|29:surface_injure|43:surface_injure
resnet18,resolution_mild,696_0,696,hide_craze,3,0,True,1,False,False,17:hide_craze|29:hide_craze|43:hide_craze
resnet18,resolution_mild,696_1,696,hide_craze,3,0,True,1,False,False,17:hide_craze|29:hide_craze|43:hide_craze
resnet18,resolution_mild,699_0,699,thunderstrike,3,0,True,1,False,False,17:thunderstrike|29:thunderstrike|43:thunderstrike
resnet18,resolution_mild,701_0,701,craze,3,0,True,1,False,False,17:craze|29:craze|43:craze
resnet18,resolution_mild,704_0,704,corrosion,3,0,True,1,False,False,17:corrosion|29:corrosion|43:corrosion
resnet18,resolution_mild,721_0,721,hide_craze,3,0,True,1,False,False,17:hide_craze|29:hide_craze|43:hide_craze
resnet18,resolution_mild,824_0,824,craze,2,1,False,2,False,False,17:surface_injure|29:craze|43:craze
resnet18,resolution_mild,863_0,863,thunderstrike,3,0,True,1,False,False,17:thunderstrike|29:thunderstrike|43:thunderstrike
resnet18,resolution_mild,864_0,864,surface_injure,2,1,False,2,False,False,17:surface_injure|29:surface_injure|43:hide_craze
resnet18,resolution_mild,875_0,875,hide_craze,3,0,True,1,False,False,17:hide_craze|29:hide_craze|43:hide_craze
resnet18,resolution_mild,875_1,875,hide_craze,2,0,False,2,False,False,17:hide_craze|29:hide_craze|43:crack
resnet18,resolution_mild,1017_0,1017,hide_craze,3,0,True,1,False,False,17:hide_craze|29:hide_craze|43:hide_craze
resnet18,resolution_mild,1017_1,1017,hide_craze,3,0,True,1,False,False,17:hide_craze|29:hide_craze|43:hide_craze
resnet18,resolution_moderate,13_0,13,hide_craze,3,0,True,1,False,False,17:hide_craze|29:hide_craze|43:hide_craze
resnet18,resolution_moderate,13_1,13,hide_craze,3,0,True,1,False,False,17:hide_craze|29:hide_craze|43:hide_craze
resnet18,resolution_moderate,32_0,32,thunderstrike,3,0,True,1,False,False,17:thunderstrike|29:thunderstrike|43:thunderstrike
resnet18,resolution_moderate,32_1,32,thunderstrike,3,0,True,1,False,False,17:thunderstrike|29:thunderstrike|43:thunderstrike
resnet18,resolution_moderate,46_0,46,corrosion,3,0,True,1,False,False,17:corrosion|29:corrosion|43:corrosion
resnet18,resolution_moderate,46_1,46,corrosion,3,0,True,1,False,False,17:corrosion|29:corrosion|43:corrosion
resnet18,resolution_moderate,48_0,48,surface_injure,2,0,False,2,False,False,17:craze|29:surface_injure|43:surface_injure
resnet18,resolution_moderate,51_0,51,craze,2,0,False,2,False,False,17:craze|29:corrosion|43:craze
resnet18,resolution_moderate,51_1,51,craze,3,0,True,1,False,False,17:craze|29:craze|43:craze
resnet18,resolution_moderate,54_0,54,hide_craze,3,0,True,1,False,False,17:hide_craze|29:hide_craze|43:hide_craze
resnet18,resolution_moderate,54_1,54,hide_craze,3,0,True,1,False,False,17:hide_craze|29:hide_craze|43:hide_craze
resnet18,resolution_moderate,57_0,57,craze,2,1,False,2,False,False,17:craze|29:hide_craze|43:craze
resnet18,resolution_moderate,57_1,57,surface_injure,2,0,False,2,False,False,17:surface_injure|29:corrosion|43:surface_injure
resnet18,resolution_moderate,61_0,61,craze,3,0,True,1,False,False,17:craze|29:craze|43:craze
resnet18,resolution_moderate,61_1,61,craze,3,0,True,1,False,False,17:craze|29:craze|43:craze
resnet18,resolution_moderate,61_2,61,craze,3,0,True,1,False,False,17:craze|29:craze|43:craze
resnet18,resolution_moderate,65_0,65,corrosion,2,0,False,2,False,False,17:corrosion|29:hide_craze|43:corrosion
resnet18,resolution_moderate,67_0,67,hide_craze,3,0,True,1,False,False,17:hide_craze|29:hide_craze|43:hide_craze
resnet18,resolution_moderate,71_0,71,craze,2,1,False,2,False,False,17:thunderstrike|29:craze|43:craze
resnet18,resolution_moderate,73_0,73,craze,2,1,False,2,False,False,17:surface_injure|29:craze|43:craze
resnet18,resolution_moderate,81_0,81,craze,3,0,True,1,False,False,17:craze|29:craze|43:craze
resnet18,resolution_moderate,81_1,81,craze,3,0,True,1,False,False,17:craze|29:craze|43:craze
resnet18,resolution_moderate,81_2,81,craze,3,0,True,1,False,False,17:craze|29:craze|43:craze
resnet18,resolution_moderate,88_0,88,crack,3,0,True,1,False,False,17:crack|29:crack|43:crack
resnet18,resolution_moderate,93_0,93,craze,3,0,True,1,False,False,17:craze|29:craze|43:craze
resnet18,resolution_moderate,103_0,103,craze,3,0,True,1,False,False,17:craze|29:craze|43:craze
resnet18,resolution_moderate,112_0,112,thunderstrike,2,1,False,2,False,False,17:thunderstrike|29:thunderstrike|43:surface_injure
resnet18,resolution_moderate,112_1,112,surface_injure,3,0,True,1,False,False,17:surface_injure|29:surface_injure|43:surface_injure
resnet18,resolution_moderate,142_0,142,surface_injure,2,0,False,2,False,False,17:surface_injure|29:surface_injure|43:corrosion
resnet18,resolution_moderate,146_0,146,hide_craze,3,0,True,1,False,False,17:hide_craze|29:hide_craze|43:hide_craze
resnet18,resolution_moderate,156_0,156,craze,3,0,True,1,False,False,17:craze|29:craze|43:craze
resnet18,resolution_moderate,161_0,161,corrosion,3,0,True,1,False,False,17:corrosion|29:corrosion|43:corrosion
resnet18,resolution_moderate,163_0,163,hide_craze,3,0,True,1,False,False,17:hide_craze|29:hide_craze|43:hide_craze
resnet18,resolution_moderate,166_0,166,craze,2,1,False,2,False,False,17:craze|29:crack|43:craze
resnet18,resolution_moderate,167_0,167,craze,2,1,False,2,False,False,17:hide_craze|29:craze|43:craze
resnet18,resolution_moderate,167_1,167,craze,2,0,False,2,False,False,17:hide_craze|29:craze|43:craze
resnet18,resolution_moderate,178_0,178,surface_injure,3,0,True,1,False,False,17:surface_injure|29:surface_injure|43:surface_injure
resnet18,resolution_moderate,178_1,178,surface_injure,3,0,True,1,False,False,17:surface_injure|29:surface_injure|43:surface_injure
resnet18,resolution_moderate,178_2,178,surface_injure,3,0,True,1,False,False,17:surface_injure|29:surface_injure|43:surface_injure
resnet18,resolution_moderate,198_0,198,craze,0,3,True,1,True,False,17:surface_injure|29:surface_injure|43:surface_injure
resnet18,resolution_moderate,198_1,198,hide_craze,3,0,True,1,False,False,17:hide_craze|29:hide_craze|43:hide_craze
resnet18,resolution_moderate,209_0,209,hide_craze,2,1,False,2,False,False,17:surface_injure|29:hide_craze|43:hide_craze
resnet18,resolution_moderate,214_0,214,craze,3,0,True,1,False,False,17:craze|29:craze|43:craze
resnet18,resolution_moderate,216_0,216,crack,3,0,True,1,False,False,17:crack|29:crack|43:crack
resnet18,resolution_moderate,217_0,217,surface_injure,3,0,True,1,False,False,17:surface_injure|29:surface_injure|43:surface_injure
resnet18,resolution_moderate,224_0,224,hide_craze,3,0,True,1,False,False,17:hide_craze|29:hide_craze|43:hide_craze
resnet18,resolution_moderate,228_0,228,hide_craze,1,0,False,2,False,True,17:hide_craze|29:crack|43:crack
resnet18,resolution_moderate,228_1,228,hide_craze,1,0,False,3,False,True,17:hide_craze|29:craze|43:crack
resnet18,resolution_moderate,234_0,234,surface_injure,3,0,True,1,False,False,17:surface_injure|29:surface_injure|43:surface_injure
resnet18,resolution_moderate,234_1,234,hide_craze,3,0,True,1,False,False,17:hide_craze|29:hide_craze|43:hide_craze
resnet18,resolution_moderate,234_2,234,hide_craze,3,0,True,1,False,False,17:hide_craze|29:hide_craze|43:hide_craze
resnet18,resolution_moderate,234_3,234,hide_craze,3,0,True,1,False,False,17:hide_craze|29:hide_craze|43:hide_craze
resnet18,resolution_moderate,234_4,234,hide_craze,3,0,True,1,False,False,17:hide_craze|29:hide_craze|43:hide_craze
resnet18,resolution_moderate,238_0,238,crack,3,0,True,1,False,False,17:crack|29:crack|43:crack
resnet18,resolution_moderate,238_1,238,crack,3,0,True,1,False,False,17:crack|29:crack|43:crack
resnet18,resolution_moderate,250_0,250,crack,3,0,True,1,False,False,17:crack|29:crack|43:crack
resnet18,resolution_moderate,252_0,252,crack,3,0,True,1,False,False,17:crack|29:crack|43:crack
resnet18,resolution_moderate,255_0,255,surface_injure,3,0,True,1,False,False,17:surface_injure|29:surface_injure|43:surface_injure
resnet18,resolution_moderate,255_1,255,surface_injure,3,0,True,1,False,False,17:surface_injure|29:surface_injure|43:surface_injure
resnet18,resolution_moderate,257_0,257,surface_injure,3,0,True,1,False,False,17:surface_injure|29:surface_injure|43:surface_injure
resnet18,resolution_moderate,257_1,257,surface_injure,3,0,True,1,False,False,17:surface_injure|29:surface_injure|43:surface_injure
resnet18,resolution_moderate,269_0,269,crack,3,0,True,1,False,False,17:crack|29:crack|43:crack
resnet18,resolution_moderate,273_0,273,thunderstrike,3,0,True,1,False,False,17:thunderstrike|29:thunderstrike|43:thunderstrike
resnet18,resolution_moderate,273_1,273,surface_injure,3,0,True,1,False,False,17:surface_injure|29:surface_injure|43:surface_injure
resnet18,resolution_moderate,276_0,276,hide_craze,3,0,True,1,False,False,17:hide_craze|29:hide_craze|43:hide_craze
resnet18,resolution_moderate,276_1,276,hide_craze,3,0,True,1,False,False,17:hide_craze|29:hide_craze|43:hide_craze
resnet18,resolution_moderate,284_0,284,hide_craze,3,0,True,1,False,False,17:hide_craze|29:hide_craze|43:hide_craze
resnet18,resolution_moderate,285_0,285,surface_injure,3,0,True,1,False,False,17:surface_injure|29:surface_injure|43:surface_injure
resnet18,resolution_moderate,285_1,285,surface_injure,3,0,True,1,False,False,17:surface_injure|29:surface_injure|43:surface_injure
resnet18,resolution_moderate,318_0,318,crack,3,0,True,1,False,False,17:crack|29:crack|43:crack
resnet18,resolution_moderate,322_0,322,corrosion,3,0,True,1,False,False,17:corrosion|29:corrosion|43:corrosion
resnet18,resolution_moderate,323_0,323,corrosion,0,0,False,2,True,False,17:surface_injure|29:hide_craze|43:hide_craze
resnet18,resolution_moderate,326_0,326,surface_injure,3,0,True,1,False,False,17:surface_injure|29:surface_injure|43:surface_injure
resnet18,resolution_moderate,326_1,326,craze,2,1,False,2,False,False,17:surface_injure|29:craze|43:craze
resnet18,resolution_moderate,332_0,332,surface_injure,3,0,True,1,False,False,17:surface_injure|29:surface_injure|43:surface_injure
resnet18,resolution_moderate,363_0,363,surface_injure,3,0,True,1,False,False,17:surface_injure|29:surface_injure|43:surface_injure
resnet18,resolution_moderate,370_0,370,corrosion,3,0,True,1,False,False,17:corrosion|29:corrosion|43:corrosion
resnet18,resolution_moderate,370_1,370,corrosion,3,0,True,1,False,False,17:corrosion|29:corrosion|43:corrosion
resnet18,resolution_moderate,370_2,370,corrosion,3,0,True,1,False,False,17:corrosion|29:corrosion|43:corrosion
resnet18,resolution_moderate,373_0,373,corrosion,3,0,True,1,False,False,17:corrosion|29:corrosion|43:corrosion
resnet18,resolution_moderate,379_0,379,hide_craze,3,0,True,1,False,False,17:hide_craze|29:hide_craze|43:hide_craze
resnet18,resolution_moderate,379_1,379,hide_craze,3,0,True,1,False,False,17:hide_craze|29:hide_craze|43:hide_craze
resnet18,resolution_moderate,388_0,388,hide_craze,3,0,True,1,False,False,17:hide_craze|29:hide_craze|43:hide_craze
resnet18,resolution_moderate,389_0,389,crack,3,0,True,1,False,False,17:crack|29:crack|43:crack
resnet18,resolution_moderate,390_0,390,corrosion,0,1,True,1,True,False,17:surface_injure|29:surface_injure|43:surface_injure
resnet18,resolution_moderate,394_0,394,crack,3,0,True,1,False,False,17:crack|29:crack|43:crack
resnet18,resolution_moderate,405_0,405,corrosion,1,2,False,2,False,True,17:corrosion|29:hide_craze|43:hide_craze
resnet18,resolution_moderate,407_0,407,surface_injure,3,0,True,1,False,False,17:surface_injure|29:surface_injure|43:surface_injure
resnet18,resolution_moderate,408_0,408,corrosion,2,1,False,2,False,False,17:corrosion|29:corrosion|43:craze
resnet18,resolution_moderate,408_1,408,corrosion,3,0,True,1,False,False,17:corrosion|29:corrosion|43:corrosion
resnet18,resolution_moderate,410_0,410,corrosion,2,0,False,2,False,False,17:corrosion|29:corrosion|43:craze
resnet18,resolution_moderate,410_1,410,corrosion,1,1,False,2,False,True,17:craze|29:corrosion|43:craze
resnet18,resolution_moderate,432_0,432,surface_injure,3,0,True,1,False,False,17:surface_injure|29:surface_injure|43:surface_injure
resnet18,resolution_moderate,438_0,438,hide_craze,3,0,True,1,False,False,17:hide_craze|29:hide_craze|43:hide_craze
resnet18,resolution_moderate,440_0,440,crack,3,0,True,1,False,False,17:crack|29:crack|43:crack
resnet18,resolution_moderate,447_0,447,crack,3,0,True,1,False,False,17:crack|29:crack|43:crack
resnet18,resolution_moderate,447_1,447,crack,3,0,True,1,False,False,17:crack|29:crack|43:crack
resnet18,resolution_moderate,451_0,451,corrosion,3,0,True,1,False,False,17:corrosion|29:corrosion|43:corrosion
resnet18,resolution_moderate,457_0,457,hide_craze,3,0,True,1,False,False,17:hide_craze|29:hide_craze|43:hide_craze
resnet18,resolution_moderate,457_1,457,hide_craze,3,0,True,1,False,False,17:hide_craze|29:hide_craze|43:hide_craze
resnet18,resolution_moderate,457_2,457,hide_craze,3,0,True,1,False,False,17:hide_craze|29:hide_craze|43:hide_craze
resnet18,resolution_moderate,464_0,464,craze,2,1,False,2,False,False,17:surface_injure|29:craze|43:craze
resnet18,resolution_moderate,464_1,464,hide_craze,1,0,False,2,False,True,17:surface_injure|29:hide_craze|43:surface_injure
resnet18,resolution_moderate,469_0,469,craze,3,0,True,1,False,False,17:craze|29:craze|43:craze
resnet18,resolution_moderate,473_0,473,crack,3,0,True,1,False,False,17:crack|29:crack|43:crack
resnet18,resolution_moderate,476_0,476,surface_injure,2,1,False,2,False,False,17:surface_injure|29:surface_injure|43:hide_craze
resnet18,resolution_moderate,479_0,479,surface_injure,3,0,True,1,False,False,17:surface_injure|29:surface_injure|43:surface_injure
resnet18,resolution_moderate,479_1,479,thunderstrike,3,0,True,1,False,False,17:thunderstrike|29:thunderstrike|43:thunderstrike
resnet18,resolution_moderate,501_0,501,corrosion,3,0,True,1,False,False,17:corrosion|29:corrosion|43:corrosion
resnet18,resolution_moderate,505_0,505,corrosion,3,0,True,1,False,False,17:corrosion|29:corrosion|43:corrosion
resnet18,resolution_moderate,511_0,511,hide_craze,3,0,True,1,False,False,17:hide_craze|29:hide_craze|43:hide_craze
resnet18,resolution_moderate,511_1,511,hide_craze,3,0,True,1,False,False,17:hide_craze|29:hide_craze|43:hide_craze
resnet18,resolution_moderate,521_0,521,corrosion,0,0,False,2,True,False,17:surface_injure|29:hide_craze|43:surface_injure
resnet18,resolution_moderate,521_1,521,corrosion,0,0,True,1,True,False,17:hide_craze|29:hide_craze|43:hide_craze
resnet18,resolution_moderate,541_0,541,hide_craze,3,0,True,1,False,False,17:hide_craze|29:hide_craze|43:hide_craze
resnet18,resolution_moderate,546_0,546,corrosion,0,0,True,1,True,False,17:surface_injure|29:surface_injure|43:surface_injure
resnet18,resolution_moderate,546_1,546,corrosion,0,3,False,2,True,False,17:surface_injure|29:hide_craze|43:hide_craze
resnet18,resolution_moderate,546_2,546,corrosion,0,3,False,2,True,False,17:surface_injure|29:hide_craze|43:hide_craze
resnet18,resolution_moderate,563_0,563,craze,2,1,False,2,False,False,17:surface_injure|29:craze|43:craze
resnet18,resolution_moderate,566_0,566,corrosion,3,0,True,1,False,False,17:corrosion|29:corrosion|43:corrosion
resnet18,resolution_moderate,569_0,569,hide_craze,3,0,True,1,False,False,17:hide_craze|29:hide_craze|43:hide_craze
resnet18,resolution_moderate,574_0,574,craze,3,0,True,1,False,False,17:craze|29:craze|43:craze
resnet18,resolution_moderate,580_0,580,craze,3,0,True,1,False,False,17:craze|29:craze|43:craze
resnet18,resolution_moderate,591_0,591,thunderstrike,0,2,True,1,True,False,17:surface_injure|29:surface_injure|43:surface_injure
resnet18,resolution_moderate,591_1,591,surface_injure,3,0,True,1,False,False,17:surface_injure|29:surface_injure|43:surface_injure
resnet18,resolution_moderate,591_2,591,surface_injure,3,0,True,1,False,False,17:surface_injure|29:surface_injure|43:surface_injure
resnet18,resolution_moderate,597_0,597,hide_craze,2,1,False,2,False,False,17:surface_injure|29:hide_craze|43:hide_craze
resnet18,resolution_moderate,598_0,598,corrosion,2,1,False,2,False,False,17:crack|29:corrosion|43:corrosion
resnet18,resolution_moderate,598_1,598,corrosion,3,0,True,1,False,False,17:corrosion|29:corrosion|43:corrosion
resnet18,resolution_moderate,600_0,600,hide_craze,3,0,True,1,False,False,17:hide_craze|29:hide_craze|43:hide_craze
resnet18,resolution_moderate,610_0,610,hide_craze,3,0,True,1,False,False,17:hide_craze|29:hide_craze|43:hide_craze
resnet18,resolution_moderate,623_0,623,hide_craze,3,0,True,1,False,False,17:hide_craze|29:hide_craze|43:hide_craze
resnet18,resolution_moderate,623_1,623,surface_injure,1,0,False,3,False,True,17:crack|29:hide_craze|43:surface_injure
resnet18,resolution_moderate,633_0,633,hide_craze,3,0,True,1,False,False,17:hide_craze|29:hide_craze|43:hide_craze
resnet18,resolution_moderate,642_0,642,hide_craze,2,1,False,2,False,False,17:surface_injure|29:hide_craze|43:hide_craze
resnet18,resolution_moderate,642_1,642,surface_injure,2,0,False,2,False,False,17:surface_injure|29:hide_craze|43:surface_injure
resnet18,resolution_moderate,643_0,643,hide_craze,3,0,True,1,False,False,17:hide_craze|29:hide_craze|43:hide_craze
resnet18,resolution_moderate,650_0,650,corrosion,3,0,True,1,False,False,17:corrosion|29:corrosion|43:corrosion
resnet18,resolution_moderate,655_0,655,hide_craze,2,0,False,2,False,False,17:crack|29:hide_craze|43:hide_craze
resnet18,resolution_moderate,658_0,658,corrosion,0,2,True,1,True,False,17:hide_craze|29:hide_craze|43:hide_craze
resnet18,resolution_moderate,663_0,663,hide_craze,3,0,True,1,False,False,17:hide_craze|29:hide_craze|43:hide_craze
resnet18,resolution_moderate,671_0,671,hide_craze,3,0,True,1,False,False,17:hide_craze|29:hide_craze|43:hide_craze
resnet18,resolution_moderate,671_1,671,surface_injure,0,1,True,1,True,False,17:hide_craze|29:hide_craze|43:hide_craze
resnet18,resolution_moderate,677_0,677,hide_craze,3,0,True,1,False,False,17:hide_craze|29:hide_craze|43:hide_craze
resnet18,resolution_moderate,686_0,686,thunderstrike,3,0,True,1,False,False,17:thunderstrike|29:thunderstrike|43:thunderstrike
resnet18,resolution_moderate,689_0,689,surface_injure,2,0,False,2,False,False,17:crack|29:surface_injure|43:surface_injure
resnet18,resolution_moderate,689_1,689,surface_injure,3,0,True,1,False,False,17:surface_injure|29:surface_injure|43:surface_injure
resnet18,resolution_moderate,689_2,689,surface_injure,3,0,True,1,False,False,17:surface_injure|29:surface_injure|43:surface_injure
resnet18,resolution_moderate,689_3,689,surface_injure,3,0,True,1,False,False,17:surface_injure|29:surface_injure|43:surface_injure
resnet18,resolution_moderate,696_0,696,hide_craze,3,0,True,1,False,False,17:hide_craze|29:hide_craze|43:hide_craze
resnet18,resolution_moderate,696_1,696,hide_craze,3,0,True,1,False,False,17:hide_craze|29:hide_craze|43:hide_craze
resnet18,resolution_moderate,699_0,699,thunderstrike,3,0,True,1,False,False,17:thunderstrike|29:thunderstrike|43:thunderstrike
resnet18,resolution_moderate,701_0,701,craze,3,0,True,1,False,False,17:craze|29:craze|43:craze
resnet18,resolution_moderate,704_0,704,corrosion,3,0,True,1,False,False,17:corrosion|29:corrosion|43:corrosion
resnet18,resolution_moderate,721_0,721,hide_craze,3,0,True,1,False,False,17:hide_craze|29:hide_craze|43:hide_craze
resnet18,resolution_moderate,824_0,824,craze,1,2,False,3,False,True,17:surface_injure|29:craze|43:crack
resnet18,resolution_moderate,863_0,863,thunderstrike,3,0,True,1,False,False,17:thunderstrike|29:thunderstrike|43:thunderstrike
resnet18,resolution_moderate,864_0,864,surface_injure,2,1,False,2,False,False,17:surface_injure|29:surface_injure|43:hide_craze
resnet18,resolution_moderate,875_0,875,hide_craze,3,0,True,1,False,False,17:hide_craze|29:hide_craze|43:hide_craze
resnet18,resolution_moderate,875_1,875,hide_craze,2,0,False,2,False,False,17:hide_craze|29:hide_craze|43:crack
resnet18,resolution_moderate,1017_0,1017,hide_craze,3,0,True,1,False,False,17:hide_craze|29:hide_craze|43:hide_craze
resnet18,resolution_moderate,1017_1,1017,hide_craze,3,0,True,1,False,False,17:hide_craze|29:hide_craze|43:hide_craze
resnet18,resolution_severe,13_0,13,hide_craze,3,0,True,1,False,False,17:hide_craze|29:hide_craze|43:hide_craze
resnet18,resolution_severe,13_1,13,hide_craze,3,0,True,1,False,False,17:hide_craze|29:hide_craze|43:hide_craze
resnet18,resolution_severe,32_0,32,thunderstrike,2,1,False,2,False,False,17:thunderstrike|29:thunderstrike|43:surface_injure
resnet18,resolution_severe,32_1,32,thunderstrike,3,0,True,1,False,False,17:thunderstrike|29:thunderstrike|43:thunderstrike
resnet18,resolution_severe,46_0,46,corrosion,0,3,False,2,True,False,17:hide_craze|29:crack|43:hide_craze
resnet18,resolution_severe,46_1,46,corrosion,2,1,False,2,False,False,17:hide_craze|29:corrosion|43:corrosion
resnet18,resolution_severe,48_0,48,surface_injure,2,0,False,2,False,False,17:thunderstrike|29:surface_injure|43:surface_injure
resnet18,resolution_severe,51_0,51,craze,0,1,False,2,True,False,17:crack|29:surface_injure|43:surface_injure
resnet18,resolution_severe,51_1,51,craze,0,3,False,2,True,False,17:hide_craze|29:surface_injure|43:hide_craze
resnet18,resolution_severe,54_0,54,hide_craze,3,0,True,1,False,False,17:hide_craze|29:hide_craze|43:hide_craze
resnet18,resolution_severe,54_1,54,hide_craze,3,0,True,1,False,False,17:hide_craze|29:hide_craze|43:hide_craze
resnet18,resolution_severe,57_0,57,craze,0,3,True,1,True,False,17:hide_craze|29:hide_craze|43:hide_craze
resnet18,resolution_severe,57_1,57,surface_injure,2,0,False,2,False,False,17:surface_injure|29:corrosion|43:surface_injure
resnet18,resolution_severe,61_0,61,craze,2,1,False,2,False,False,17:craze|29:craze|43:hide_craze
resnet18,resolution_severe,61_1,61,craze,1,2,False,2,False,True,17:hide_craze|29:craze|43:hide_craze
resnet18,resolution_severe,61_2,61,craze,1,2,False,2,False,True,17:hide_craze|29:craze|43:hide_craze
resnet18,resolution_severe,65_0,65,corrosion,1,1,False,2,False,True,17:corrosion|29:hide_craze|43:hide_craze
resnet18,resolution_severe,67_0,67,hide_craze,3,0,True,1,False,False,17:hide_craze|29:hide_craze|43:hide_craze
resnet18,resolution_severe,71_0,71,craze,1,2,False,2,False,True,17:thunderstrike|29:craze|43:thunderstrike
resnet18,resolution_severe,73_0,73,craze,0,3,True,1,True,False,17:surface_injure|29:surface_injure|43:surface_injure
resnet18,resolution_severe,81_0,81,craze,3,0,True,1,False,False,17:craze|29:craze|43:craze
resnet18,resolution_severe,81_1,81,craze,3,0,True,1,False,False,17:craze|29:craze|43:craze
resnet18,resolution_severe,81_2,81,craze,3,0,True,1,False,False,17:craze|29:craze|43:craze
resnet18,resolution_severe,88_0,88,crack,2,0,False,2,False,False,17:crack|29:crack|43:hide_craze
resnet18,resolution_severe,93_0,93,craze,2,1,False,2,False,False,17:craze|29:craze|43:hide_craze
resnet18,resolution_severe,103_0,103,craze,2,1,False,2,False,False,17:hide_craze|29:craze|43:craze
resnet18,resolution_severe,112_0,112,thunderstrike,0,3,True,1,True,False,17:surface_injure|29:surface_injure|43:surface_injure
resnet18,resolution_severe,112_1,112,surface_injure,3,0,True,1,False,False,17:surface_injure|29:surface_injure|43:surface_injure
resnet18,resolution_severe,142_0,142,surface_injure,3,0,True,1,False,False,17:surface_injure|29:surface_injure|43:surface_injure
resnet18,resolution_severe,146_0,146,hide_craze,3,0,True,1,False,False,17:hide_craze|29:hide_craze|43:hide_craze
resnet18,resolution_severe,156_0,156,craze,3,0,True,1,False,False,17:craze|29:craze|43:craze
resnet18,resolution_severe,161_0,161,corrosion,2,1,False,2,False,False,17:surface_injure|29:corrosion|43:corrosion
resnet18,resolution_severe,163_0,163,hide_craze,3,0,True,1,False,False,17:hide_craze|29:hide_craze|43:hide_craze
resnet18,resolution_severe,166_0,166,craze,2,1,False,2,False,False,17:craze|29:crack|43:craze
resnet18,resolution_severe,167_0,167,craze,2,1,False,2,False,False,17:hide_craze|29:craze|43:craze
resnet18,resolution_severe,167_1,167,craze,1,1,False,2,False,True,17:hide_craze|29:craze|43:hide_craze
resnet18,resolution_severe,178_0,178,surface_injure,3,0,True,1,False,False,17:surface_injure|29:surface_injure|43:surface_injure
resnet18,resolution_severe,178_1,178,surface_injure,3,0,True,1,False,False,17:surface_injure|29:surface_injure|43:surface_injure
resnet18,resolution_severe,178_2,178,surface_injure,3,0,True,1,False,False,17:surface_injure|29:surface_injure|43:surface_injure
resnet18,resolution_severe,198_0,198,craze,0,3,True,1,True,False,17:surface_injure|29:surface_injure|43:surface_injure
resnet18,resolution_severe,198_1,198,hide_craze,3,0,True,1,False,False,17:hide_craze|29:hide_craze|43:hide_craze
resnet18,resolution_severe,209_0,209,hide_craze,2,1,False,2,False,False,17:surface_injure|29:hide_craze|43:hide_craze
resnet18,resolution_severe,214_0,214,craze,3,0,True,1,False,False,17:craze|29:craze|43:craze
resnet18,resolution_severe,216_0,216,crack,3,0,True,1,False,False,17:crack|29:crack|43:crack
resnet18,resolution_severe,217_0,217,surface_injure,3,0,True,1,False,False,17:surface_injure|29:surface_injure|43:surface_injure
resnet18,resolution_severe,224_0,224,hide_craze,3,0,True,1,False,False,17:hide_craze|29:hide_craze|43:hide_craze
resnet18,resolution_severe,228_0,228,hide_craze,2,0,False,2,False,False,17:hide_craze|29:crack|43:hide_craze
resnet18,resolution_severe,228_1,228,hide_craze,2,0,False,2,False,False,17:hide_craze|29:craze|43:hide_craze
resnet18,resolution_severe,234_0,234,surface_injure,3,0,True,1,False,False,17:surface_injure|29:surface_injure|43:surface_injure
resnet18,resolution_severe,234_1,234,hide_craze,3,0,True,1,False,False,17:hide_craze|29:hide_craze|43:hide_craze
resnet18,resolution_severe,234_2,234,hide_craze,3,0,True,1,False,False,17:hide_craze|29:hide_craze|43:hide_craze
resnet18,resolution_severe,234_3,234,hide_craze,3,0,True,1,False,False,17:hide_craze|29:hide_craze|43:hide_craze
resnet18,resolution_severe,234_4,234,hide_craze,2,1,False,2,False,False,17:surface_injure|29:hide_craze|43:hide_craze
resnet18,resolution_severe,238_0,238,crack,3,0,True,1,False,False,17:crack|29:crack|43:crack
resnet18,resolution_severe,238_1,238,crack,3,0,True,1,False,False,17:crack|29:crack|43:crack
resnet18,resolution_severe,250_0,250,crack,3,0,True,1,False,False,17:crack|29:crack|43:crack
resnet18,resolution_severe,252_0,252,crack,3,0,True,1,False,False,17:crack|29:crack|43:crack
resnet18,resolution_severe,255_0,255,surface_injure,1,1,False,2,False,True,17:surface_injure|29:hide_craze|43:hide_craze
resnet18,resolution_severe,255_1,255,surface_injure,3,0,True,1,False,False,17:surface_injure|29:surface_injure|43:surface_injure
resnet18,resolution_severe,257_0,257,surface_injure,3,0,True,1,False,False,17:surface_injure|29:surface_injure|43:surface_injure
resnet18,resolution_severe,257_1,257,surface_injure,3,0,True,1,False,False,17:surface_injure|29:surface_injure|43:surface_injure
resnet18,resolution_severe,269_0,269,crack,3,0,True,1,False,False,17:crack|29:crack|43:crack
resnet18,resolution_severe,273_0,273,thunderstrike,3,0,True,1,False,False,17:thunderstrike|29:thunderstrike|43:thunderstrike
resnet18,resolution_severe,273_1,273,surface_injure,3,0,True,1,False,False,17:surface_injure|29:surface_injure|43:surface_injure
resnet18,resolution_severe,276_0,276,hide_craze,3,0,True,1,False,False,17:hide_craze|29:hide_craze|43:hide_craze
resnet18,resolution_severe,276_1,276,hide_craze,3,0,True,1,False,False,17:hide_craze|29:hide_craze|43:hide_craze
resnet18,resolution_severe,284_0,284,hide_craze,3,0,True,1,False,False,17:hide_craze|29:hide_craze|43:hide_craze
resnet18,resolution_severe,285_0,285,surface_injure,3,0,True,1,False,False,17:surface_injure|29:surface_injure|43:surface_injure
resnet18,resolution_severe,285_1,285,surface_injure,3,0,True,1,False,False,17:surface_injure|29:surface_injure|43:surface_injure
resnet18,resolution_severe,318_0,318,crack,3,0,True,1,False,False,17:crack|29:crack|43:crack
resnet18,resolution_severe,322_0,322,corrosion,3,0,True,1,False,False,17:corrosion|29:corrosion|43:corrosion
resnet18,resolution_severe,323_0,323,corrosion,0,0,False,2,True,False,17:surface_injure|29:hide_craze|43:hide_craze
resnet18,resolution_severe,326_0,326,surface_injure,3,0,True,1,False,False,17:surface_injure|29:surface_injure|43:surface_injure
resnet18,resolution_severe,326_1,326,craze,0,3,True,1,True,False,17:surface_injure|29:surface_injure|43:surface_injure
resnet18,resolution_severe,332_0,332,surface_injure,2,1,False,2,False,False,17:surface_injure|29:surface_injure|43:hide_craze
resnet18,resolution_severe,363_0,363,surface_injure,3,0,True,1,False,False,17:surface_injure|29:surface_injure|43:surface_injure
resnet18,resolution_severe,370_0,370,corrosion,2,1,False,2,False,False,17:corrosion|29:corrosion|43:hide_craze
resnet18,resolution_severe,370_1,370,corrosion,2,1,False,2,False,False,17:corrosion|29:corrosion|43:hide_craze
resnet18,resolution_severe,370_2,370,corrosion,1,2,False,2,False,True,17:corrosion|29:hide_craze|43:hide_craze
resnet18,resolution_severe,373_0,373,corrosion,3,0,True,1,False,False,17:corrosion|29:corrosion|43:corrosion
resnet18,resolution_severe,379_0,379,hide_craze,3,0,True,1,False,False,17:hide_craze|29:hide_craze|43:hide_craze
resnet18,resolution_severe,379_1,379,hide_craze,3,0,True,1,False,False,17:hide_craze|29:hide_craze|43:hide_craze
resnet18,resolution_severe,388_0,388,hide_craze,3,0,True,1,False,False,17:hide_craze|29:hide_craze|43:hide_craze
resnet18,resolution_severe,389_0,389,crack,3,0,True,1,False,False,17:crack|29:crack|43:crack
resnet18,resolution_severe,390_0,390,corrosion,0,1,True,1,True,False,17:surface_injure|29:surface_injure|43:surface_injure
resnet18,resolution_severe,394_0,394,crack,3,0,True,1,False,False,17:crack|29:crack|43:crack
resnet18,resolution_severe,405_0,405,corrosion,0,3,True,1,True,False,17:hide_craze|29:hide_craze|43:hide_craze
resnet18,resolution_severe,407_0,407,surface_injure,3,0,True,1,False,False,17:surface_injure|29:surface_injure|43:surface_injure
resnet18,resolution_severe,408_0,408,corrosion,1,2,False,3,False,True,17:hide_craze|29:corrosion|43:craze
resnet18,resolution_severe,408_1,408,corrosion,0,3,True,1,True,False,17:hide_craze|29:hide_craze|43:hide_craze
resnet18,resolution_severe,410_0,410,corrosion,2,0,False,2,False,False,17:corrosion|29:corrosion|43:craze
resnet18,resolution_severe,410_1,410,corrosion,1,1,False,2,False,True,17:surface_injure|29:corrosion|43:surface_injure
resnet18,resolution_severe,432_0,432,surface_injure,3,0,True,1,False,False,17:surface_injure|29:surface_injure|43:surface_injure
resnet18,resolution_severe,438_0,438,hide_craze,3,0,True,1,False,False,17:hide_craze|29:hide_craze|43:hide_craze
resnet18,resolution_severe,440_0,440,crack,2,1,False,2,False,False,17:crack|29:crack|43:hide_craze
resnet18,resolution_severe,447_0,447,crack,3,0,True,1,False,False,17:crack|29:crack|43:crack
resnet18,resolution_severe,447_1,447,crack,3,0,True,1,False,False,17:crack|29:crack|43:crack
resnet18,resolution_severe,451_0,451,corrosion,2,1,False,2,False,False,17:corrosion|29:crack|43:corrosion
resnet18,resolution_severe,457_0,457,hide_craze,3,0,True,1,False,False,17:hide_craze|29:hide_craze|43:hide_craze
resnet18,resolution_severe,457_1,457,hide_craze,3,0,True,1,False,False,17:hide_craze|29:hide_craze|43:hide_craze
resnet18,resolution_severe,457_2,457,hide_craze,3,0,True,1,False,False,17:hide_craze|29:hide_craze|43:hide_craze
resnet18,resolution_severe,464_0,464,craze,0,3,True,1,True,False,17:surface_injure|29:surface_injure|43:surface_injure
resnet18,resolution_severe,464_1,464,hide_craze,0,1,False,2,True,False,17:surface_injure|29:crack|43:surface_injure
resnet18,resolution_severe,469_0,469,craze,3,0,True,1,False,False,17:craze|29:craze|43:craze
resnet18,resolution_severe,473_0,473,crack,3,0,True,1,False,False,17:crack|29:crack|43:crack
resnet18,resolution_severe,476_0,476,surface_injure,3,0,True,1,False,False,17:surface_injure|29:surface_injure|43:surface_injure
resnet18,resolution_severe,479_0,479,surface_injure,3,0,True,1,False,False,17:surface_injure|29:surface_injure|43:surface_injure
resnet18,resolution_severe,479_1,479,thunderstrike,3,0,True,1,False,False,17:thunderstrike|29:thunderstrike|43:thunderstrike
resnet18,resolution_severe,501_0,501,corrosion,2,1,False,2,False,False,17:surface_injure|29:corrosion|43:corrosion
resnet18,resolution_severe,505_0,505,corrosion,2,1,False,2,False,False,17:surface_injure|29:corrosion|43:corrosion
resnet18,resolution_severe,511_0,511,hide_craze,3,0,True,1,False,False,17:hide_craze|29:hide_craze|43:hide_craze
resnet18,resolution_severe,511_1,511,hide_craze,3,0,True,1,False,False,17:hide_craze|29:hide_craze|43:hide_craze
resnet18,resolution_severe,521_0,521,corrosion,0,0,False,2,True,False,17:surface_injure|29:hide_craze|43:hide_craze
resnet18,resolution_severe,521_1,521,corrosion,0,0,False,2,True,False,17:surface_injure|29:hide_craze|43:hide_craze
resnet18,resolution_severe,541_0,541,hide_craze,3,0,True,1,False,False,17:hide_craze|29:hide_craze|43:hide_craze
resnet18,resolution_severe,546_0,546,corrosion,0,0,True,1,True,False,17:surface_injure|29:surface_injure|43:surface_injure
resnet18,resolution_severe,546_1,546,corrosion,0,3,False,2,True,False,17:surface_injure|29:hide_craze|43:hide_craze
resnet18,resolution_severe,546_2,546,corrosion,0,3,False,2,True,False,17:surface_injure|29:hide_craze|43:hide_craze
resnet18,resolution_severe,563_0,563,craze,0,3,True,1,True,False,17:surface_injure|29:surface_injure|43:surface_injure
resnet18,resolution_severe,566_0,566,corrosion,3,0,True,1,False,False,17:corrosion|29:corrosion|43:corrosion
resnet18,resolution_severe,569_0,569,hide_craze,3,0,True,1,False,False,17:hide_craze|29:hide_craze|43:hide_craze
resnet18,resolution_severe,574_0,574,craze,3,0,True,1,False,False,17:craze|29:craze|43:craze
resnet18,resolution_severe,580_0,580,craze,2,1,False,2,False,False,17:craze|29:surface_injure|43:craze
resnet18,resolution_severe,591_0,591,thunderstrike,0,2,True,1,True,False,17:surface_injure|29:surface_injure|43:surface_injure
resnet18,resolution_severe,591_1,591,surface_injure,3,0,True,1,False,False,17:surface_injure|29:surface_injure|43:surface_injure
resnet18,resolution_severe,591_2,591,surface_injure,3,0,True,1,False,False,17:surface_injure|29:surface_injure|43:surface_injure
resnet18,resolution_severe,597_0,597,hide_craze,1,2,False,2,False,True,17:surface_injure|29:surface_injure|43:hide_craze
resnet18,resolution_severe,598_0,598,corrosion,2,1,False,2,False,False,17:crack|29:corrosion|43:corrosion
resnet18,resolution_severe,598_1,598,corrosion,1,2,False,3,False,True,17:thunderstrike|29:surface_injure|43:corrosion
resnet18,resolution_severe,600_0,600,hide_craze,3,0,True,1,False,False,17:hide_craze|29:hide_craze|43:hide_craze
resnet18,resolution_severe,610_0,610,hide_craze,3,0,True,1,False,False,17:hide_craze|29:hide_craze|43:hide_craze
resnet18,resolution_severe,623_0,623,hide_craze,3,0,True,1,False,False,17:hide_craze|29:hide_craze|43:hide_craze
resnet18,resolution_severe,623_1,623,surface_injure,0,1,False,2,True,False,17:crack|29:hide_craze|43:crack
resnet18,resolution_severe,633_0,633,hide_craze,3,0,True,1,False,False,17:hide_craze|29:hide_craze|43:hide_craze
resnet18,resolution_severe,642_0,642,hide_craze,2,1,False,2,False,False,17:surface_injure|29:hide_craze|43:hide_craze
resnet18,resolution_severe,642_1,642,surface_injure,3,0,True,1,False,False,17:surface_injure|29:surface_injure|43:surface_injure
resnet18,resolution_severe,643_0,643,hide_craze,3,0,True,1,False,False,17:hide_craze|29:hide_craze|43:hide_craze
resnet18,resolution_severe,650_0,650,corrosion,3,0,True,1,False,False,17:corrosion|29:corrosion|43:corrosion
resnet18,resolution_severe,655_0,655,hide_craze,2,0,False,2,False,False,17:crack|29:hide_craze|43:hide_craze
resnet18,resolution_severe,658_0,658,corrosion,0,2,True,1,True,False,17:hide_craze|29:hide_craze|43:hide_craze
resnet18,resolution_severe,663_0,663,hide_craze,2,0,False,2,False,False,17:hide_craze|29:surface_injure|43:hide_craze
resnet18,resolution_severe,671_0,671,hide_craze,3,0,True,1,False,False,17:hide_craze|29:hide_craze|43:hide_craze
resnet18,resolution_severe,671_1,671,surface_injure,0,1,True,1,True,False,17:hide_craze|29:hide_craze|43:hide_craze
resnet18,resolution_severe,677_0,677,hide_craze,3,0,True,1,False,False,17:hide_craze|29:hide_craze|43:hide_craze
resnet18,resolution_severe,686_0,686,thunderstrike,3,0,True,1,False,False,17:thunderstrike|29:thunderstrike|43:thunderstrike
resnet18,resolution_severe,689_0,689,surface_injure,2,0,False,2,False,False,17:crack|29:surface_injure|43:surface_injure
resnet18,resolution_severe,689_1,689,surface_injure,3,0,True,1,False,False,17:surface_injure|29:surface_injure|43:surface_injure
resnet18,resolution_severe,689_2,689,surface_injure,3,0,True,1,False,False,17:surface_injure|29:surface_injure|43:surface_injure
resnet18,resolution_severe,689_3,689,surface_injure,3,0,True,1,False,False,17:surface_injure|29:surface_injure|43:surface_injure
resnet18,resolution_severe,696_0,696,hide_craze,3,0,True,1,False,False,17:hide_craze|29:hide_craze|43:hide_craze
resnet18,resolution_severe,696_1,696,hide_craze,3,0,True,1,False,False,17:hide_craze|29:hide_craze|43:hide_craze
resnet18,resolution_severe,699_0,699,thunderstrike,3,0,True,1,False,False,17:thunderstrike|29:thunderstrike|43:thunderstrike
resnet18,resolution_severe,701_0,701,craze,3,0,True,1,False,False,17:craze|29:craze|43:craze
resnet18,resolution_severe,704_0,704,corrosion,3,0,True,1,False,False,17:corrosion|29:corrosion|43:corrosion
resnet18,resolution_severe,721_0,721,hide_craze,3,0,True,1,False,False,17:hide_craze|29:hide_craze|43:hide_craze
resnet18,resolution_severe,824_0,824,craze,0,3,True,1,True,False,17:crack|29:crack|43:crack
resnet18,resolution_severe,863_0,863,thunderstrike,2,1,False,2,False,False,17:thunderstrike|29:crack|43:thunderstrike
resnet18,resolution_severe,864_0,864,surface_injure,1,2,False,2,False,True,17:surface_injure|29:hide_craze|43:hide_craze
resnet18,resolution_severe,875_0,875,hide_craze,3,0,True,1,False,False,17:hide_craze|29:hide_craze|43:hide_craze
resnet18,resolution_severe,875_1,875,hide_craze,2,1,False,2,False,False,17:hide_craze|29:surface_injure|43:hide_craze
resnet18,resolution_severe,1017_0,1017,hide_craze,3,0,True,1,False,False,17:hide_craze|29:hide_craze|43:hide_craze
resnet18,resolution_severe,1017_1,1017,hide_craze,3,0,True,1,False,False,17:hide_craze|29:hide_craze|43:hide_craze
resnet18,brightness_mild,13_0,13,hide_craze,3,0,True,1,False,False,17:hide_craze|29:hide_craze|43:hide_craze
resnet18,brightness_mild,13_1,13,hide_craze,3,0,True,1,False,False,17:hide_craze|29:hide_craze|43:hide_craze
resnet18,brightness_mild,32_0,32,thunderstrike,3,0,True,1,False,False,17:thunderstrike|29:thunderstrike|43:thunderstrike
resnet18,brightness_mild,32_1,32,thunderstrike,3,0,True,1,False,False,17:thunderstrike|29:thunderstrike|43:thunderstrike
resnet18,brightness_mild,46_0,46,corrosion,3,0,True,1,False,False,17:corrosion|29:corrosion|43:corrosion
resnet18,brightness_mild,46_1,46,corrosion,3,0,True,1,False,False,17:corrosion|29:corrosion|43:corrosion
resnet18,brightness_mild,48_0,48,surface_injure,1,0,False,2,False,True,17:craze|29:surface_injure|43:craze
resnet18,brightness_mild,51_0,51,craze,1,0,False,2,False,True,17:corrosion|29:corrosion|43:craze
resnet18,brightness_mild,51_1,51,craze,3,0,True,1,False,False,17:craze|29:craze|43:craze
resnet18,brightness_mild,54_0,54,hide_craze,3,0,True,1,False,False,17:hide_craze|29:hide_craze|43:hide_craze
resnet18,brightness_mild,54_1,54,hide_craze,3,0,True,1,False,False,17:hide_craze|29:hide_craze|43:hide_craze
resnet18,brightness_mild,57_0,57,craze,2,1,False,2,False,False,17:craze|29:corrosion|43:craze
resnet18,brightness_mild,57_1,57,surface_injure,2,0,False,2,False,False,17:surface_injure|29:corrosion|43:surface_injure
resnet18,brightness_mild,61_0,61,craze,3,0,True,1,False,False,17:craze|29:craze|43:craze
resnet18,brightness_mild,61_1,61,craze,3,0,True,1,False,False,17:craze|29:craze|43:craze
resnet18,brightness_mild,61_2,61,craze,3,0,True,1,False,False,17:craze|29:craze|43:craze
resnet18,brightness_mild,65_0,65,corrosion,2,0,False,2,False,False,17:corrosion|29:hide_craze|43:corrosion
resnet18,brightness_mild,67_0,67,hide_craze,3,0,True,1,False,False,17:hide_craze|29:hide_craze|43:hide_craze
resnet18,brightness_mild,71_0,71,craze,3,0,True,1,False,False,17:craze|29:craze|43:craze
resnet18,brightness_mild,73_0,73,craze,3,0,True,1,False,False,17:craze|29:craze|43:craze
resnet18,brightness_mild,81_0,81,craze,3,0,True,1,False,False,17:craze|29:craze|43:craze
resnet18,brightness_mild,81_1,81,craze,3,0,True,1,False,False,17:craze|29:craze|43:craze
resnet18,brightness_mild,81_2,81,craze,3,0,True,1,False,False,17:craze|29:craze|43:craze
resnet18,brightness_mild,88_0,88,crack,0,1,False,2,True,False,17:surface_injure|29:hide_craze|43:hide_craze
resnet18,brightness_mild,93_0,93,craze,3,0,True,1,False,False,17:craze|29:craze|43:craze
resnet18,brightness_mild,103_0,103,craze,3,0,True,1,False,False,17:craze|29:craze|43:craze
resnet18,brightness_mild,112_0,112,thunderstrike,2,1,False,2,False,False,17:thunderstrike|29:thunderstrike|43:surface_injure
resnet18,brightness_mild,112_1,112,surface_injure,3,0,True,1,False,False,17:surface_injure|29:surface_injure|43:surface_injure
resnet18,brightness_mild,142_0,142,surface_injure,0,0,False,2,True,False,17:corrosion|29:hide_craze|43:corrosion
resnet18,brightness_mild,146_0,146,hide_craze,3,0,True,1,False,False,17:hide_craze|29:hide_craze|43:hide_craze
resnet18,brightness_mild,156_0,156,craze,3,0,True,1,False,False,17:craze|29:craze|43:craze
resnet18,brightness_mild,161_0,161,corrosion,3,0,True,1,False,False,17:corrosion|29:corrosion|43:corrosion
resnet18,brightness_mild,163_0,163,hide_craze,3,0,True,1,False,False,17:hide_craze|29:hide_craze|43:hide_craze
resnet18,brightness_mild,166_0,166,craze,3,0,True,1,False,False,17:craze|29:craze|43:craze
resnet18,brightness_mild,167_0,167,craze,3,0,True,1,False,False,17:craze|29:craze|43:craze
resnet18,brightness_mild,167_1,167,craze,2,0,False,2,False,False,17:hide_craze|29:craze|43:craze
resnet18,brightness_mild,178_0,178,surface_injure,3,0,True,1,False,False,17:surface_injure|29:surface_injure|43:surface_injure
resnet18,brightness_mild,178_1,178,surface_injure,3,0,True,1,False,False,17:surface_injure|29:surface_injure|43:surface_injure
resnet18,brightness_mild,178_2,178,surface_injure,2,1,False,2,False,False,17:surface_injure|29:hide_craze|43:surface_injure
resnet18,brightness_mild,198_0,198,craze,2,1,False,2,False,False,17:craze|29:craze|43:surface_injure
resnet18,brightness_mild,198_1,198,hide_craze,3,0,True,1,False,False,17:hide_craze|29:hide_craze|43:hide_craze
resnet18,brightness_mild,209_0,209,hide_craze,3,0,True,1,False,False,17:hide_craze|29:hide_craze|43:hide_craze
resnet18,brightness_mild,214_0,214,craze,3,0,True,1,False,False,17:craze|29:craze|43:craze
resnet18,brightness_mild,216_0,216,crack,3,0,True,1,False,False,17:crack|29:crack|43:crack
resnet18,brightness_mild,217_0,217,surface_injure,3,0,True,1,False,False,17:surface_injure|29:surface_injure|43:surface_injure
resnet18,brightness_mild,224_0,224,hide_craze,3,0,True,1,False,False,17:hide_craze|29:hide_craze|43:hide_craze
resnet18,brightness_mild,228_0,228,hide_craze,1,1,False,2,False,True,17:craze|29:craze|43:hide_craze
resnet18,brightness_mild,228_1,228,hide_craze,0,0,True,1,True,False,17:craze|29:craze|43:craze
resnet18,brightness_mild,234_0,234,surface_injure,2,0,False,2,False,False,17:surface_injure|29:hide_craze|43:surface_injure
resnet18,brightness_mild,234_1,234,hide_craze,3,0,True,1,False,False,17:hide_craze|29:hide_craze|43:hide_craze
resnet18,brightness_mild,234_2,234,hide_craze,3,0,True,1,False,False,17:hide_craze|29:hide_craze|43:hide_craze
resnet18,brightness_mild,234_3,234,hide_craze,3,0,True,1,False,False,17:hide_craze|29:hide_craze|43:hide_craze
resnet18,brightness_mild,234_4,234,hide_craze,3,0,True,1,False,False,17:hide_craze|29:hide_craze|43:hide_craze
resnet18,brightness_mild,238_0,238,crack,2,1,False,2,False,False,17:crack|29:surface_injure|43:crack
resnet18,brightness_mild,238_1,238,crack,2,1,False,2,False,False,17:craze|29:crack|43:crack
resnet18,brightness_mild,250_0,250,crack,3,0,True,1,False,False,17:crack|29:crack|43:crack
resnet18,brightness_mild,252_0,252,crack,3,0,True,1,False,False,17:crack|29:crack|43:crack
resnet18,brightness_mild,255_0,255,surface_injure,2,0,False,2,False,False,17:surface_injure|29:hide_craze|43:surface_injure
resnet18,brightness_mild,255_1,255,surface_injure,3,0,True,1,False,False,17:surface_injure|29:surface_injure|43:surface_injure
resnet18,brightness_mild,257_0,257,surface_injure,3,0,True,1,False,False,17:surface_injure|29:surface_injure|43:surface_injure
resnet18,brightness_mild,257_1,257,surface_injure,3,0,True,1,False,False,17:surface_injure|29:surface_injure|43:surface_injure
resnet18,brightness_mild,269_0,269,crack,3,0,True,1,False,False,17:crack|29:crack|43:crack
resnet18,brightness_mild,273_0,273,thunderstrike,3,0,True,1,False,False,17:thunderstrike|29:thunderstrike|43:thunderstrike
resnet18,brightness_mild,273_1,273,surface_injure,3,0,True,1,False,False,17:surface_injure|29:surface_injure|43:surface_injure
resnet18,brightness_mild,276_0,276,hide_craze,3,0,True,1,False,False,17:hide_craze|29:hide_craze|43:hide_craze
resnet18,brightness_mild,276_1,276,hide_craze,3,0,True,1,False,False,17:hide_craze|29:hide_craze|43:hide_craze
resnet18,brightness_mild,284_0,284,hide_craze,3,0,True,1,False,False,17:hide_craze|29:hide_craze|43:hide_craze
resnet18,brightness_mild,285_0,285,surface_injure,3,0,True,1,False,False,17:surface_injure|29:surface_injure|43:surface_injure
resnet18,brightness_mild,285_1,285,surface_injure,3,0,True,1,False,False,17:surface_injure|29:surface_injure|43:surface_injure
resnet18,brightness_mild,318_0,318,crack,3,0,True,1,False,False,17:crack|29:crack|43:crack
resnet18,brightness_mild,322_0,322,corrosion,3,0,True,1,False,False,17:corrosion|29:corrosion|43:corrosion
resnet18,brightness_mild,323_0,323,corrosion,0,0,False,2,True,False,17:surface_injure|29:hide_craze|43:hide_craze
resnet18,brightness_mild,326_0,326,surface_injure,3,0,True,1,False,False,17:surface_injure|29:surface_injure|43:surface_injure
resnet18,brightness_mild,326_1,326,craze,1,2,False,2,False,True,17:surface_injure|29:craze|43:surface_injure
resnet18,brightness_mild,332_0,332,surface_injure,3,0,True,1,False,False,17:surface_injure|29:surface_injure|43:surface_injure
resnet18,brightness_mild,363_0,363,surface_injure,2,1,False,2,False,False,17:surface_injure|29:hide_craze|43:surface_injure
resnet18,brightness_mild,370_0,370,corrosion,3,0,True,1,False,False,17:corrosion|29:corrosion|43:corrosion
resnet18,brightness_mild,370_1,370,corrosion,3,0,True,1,False,False,17:corrosion|29:corrosion|43:corrosion
resnet18,brightness_mild,370_2,370,corrosion,3,0,True,1,False,False,17:corrosion|29:corrosion|43:corrosion
resnet18,brightness_mild,373_0,373,corrosion,3,0,True,1,False,False,17:corrosion|29:corrosion|43:corrosion
resnet18,brightness_mild,379_0,379,hide_craze,3,0,True,1,False,False,17:hide_craze|29:hide_craze|43:hide_craze
resnet18,brightness_mild,379_1,379,hide_craze,3,0,True,1,False,False,17:hide_craze|29:hide_craze|43:hide_craze
resnet18,brightness_mild,388_0,388,hide_craze,3,0,True,1,False,False,17:hide_craze|29:hide_craze|43:hide_craze
resnet18,brightness_mild,389_0,389,crack,2,1,False,2,False,False,17:crack|29:craze|43:crack
resnet18,brightness_mild,390_0,390,corrosion,0,1,True,1,True,False,17:surface_injure|29:surface_injure|43:surface_injure
resnet18,brightness_mild,394_0,394,crack,3,0,True,1,False,False,17:crack|29:crack|43:crack
resnet18,brightness_mild,405_0,405,corrosion,3,0,True,1,False,False,17:corrosion|29:corrosion|43:corrosion
resnet18,brightness_mild,407_0,407,surface_injure,3,0,True,1,False,False,17:surface_injure|29:surface_injure|43:surface_injure
resnet18,brightness_mild,408_0,408,corrosion,3,0,True,1,False,False,17:corrosion|29:corrosion|43:corrosion
resnet18,brightness_mild,408_1,408,corrosion,3,0,True,1,False,False,17:corrosion|29:corrosion|43:corrosion
resnet18,brightness_mild,410_0,410,corrosion,3,0,True,1,False,False,17:corrosion|29:corrosion|43:corrosion
resnet18,brightness_mild,410_1,410,corrosion,3,0,True,1,False,False,17:corrosion|29:corrosion|43:corrosion
resnet18,brightness_mild,432_0,432,surface_injure,3,0,True,1,False,False,17:surface_injure|29:surface_injure|43:surface_injure
resnet18,brightness_mild,438_0,438,hide_craze,3,0,True,1,False,False,17:hide_craze|29:hide_craze|43:hide_craze
resnet18,brightness_mild,440_0,440,crack,3,0,True,1,False,False,17:crack|29:crack|43:crack
resnet18,brightness_mild,447_0,447,crack,3,0,True,1,False,False,17:crack|29:crack|43:crack
resnet18,brightness_mild,447_1,447,crack,3,0,True,1,False,False,17:crack|29:crack|43:crack
resnet18,brightness_mild,451_0,451,corrosion,3,0,True,1,False,False,17:corrosion|29:corrosion|43:corrosion
resnet18,brightness_mild,457_0,457,hide_craze,3,0,True,1,False,False,17:hide_craze|29:hide_craze|43:hide_craze
resnet18,brightness_mild,457_1,457,hide_craze,3,0,True,1,False,False,17:hide_craze|29:hide_craze|43:hide_craze
resnet18,brightness_mild,457_2,457,hide_craze,3,0,True,1,False,False,17:hide_craze|29:hide_craze|43:hide_craze
resnet18,brightness_mild,464_0,464,craze,3,0,True,1,False,False,17:craze|29:craze|43:craze
resnet18,brightness_mild,464_1,464,hide_craze,1,0,False,2,False,True,17:surface_injure|29:hide_craze|43:surface_injure
resnet18,brightness_mild,469_0,469,craze,3,0,True,1,False,False,17:craze|29:craze|43:craze
resnet18,brightness_mild,473_0,473,crack,3,0,True,1,False,False,17:crack|29:crack|43:crack
resnet18,brightness_mild,476_0,476,surface_injure,3,0,True,1,False,False,17:surface_injure|29:surface_injure|43:surface_injure
resnet18,brightness_mild,479_0,479,surface_injure,3,0,True,1,False,False,17:surface_injure|29:surface_injure|43:surface_injure
resnet18,brightness_mild,479_1,479,thunderstrike,3,0,True,1,False,False,17:thunderstrike|29:thunderstrike|43:thunderstrike
resnet18,brightness_mild,501_0,501,corrosion,3,0,True,1,False,False,17:corrosion|29:corrosion|43:corrosion
resnet18,brightness_mild,505_0,505,corrosion,3,0,True,1,False,False,17:corrosion|29:corrosion|43:corrosion
resnet18,brightness_mild,511_0,511,hide_craze,3,0,True,1,False,False,17:hide_craze|29:hide_craze|43:hide_craze
resnet18,brightness_mild,511_1,511,hide_craze,2,1,False,2,False,False,17:hide_craze|29:craze|43:hide_craze
resnet18,brightness_mild,521_0,521,corrosion,1,0,False,3,False,True,17:corrosion|29:hide_craze|43:surface_injure
resnet18,brightness_mild,521_1,521,corrosion,0,0,True,1,True,False,17:hide_craze|29:hide_craze|43:hide_craze
resnet18,brightness_mild,541_0,541,hide_craze,3,0,True,1,False,False,17:hide_craze|29:hide_craze|43:hide_craze
resnet18,brightness_mild,546_0,546,corrosion,0,0,True,1,True,False,17:surface_injure|29:surface_injure|43:surface_injure
resnet18,brightness_mild,546_1,546,corrosion,2,1,False,2,False,False,17:corrosion|29:corrosion|43:hide_craze
resnet18,brightness_mild,546_2,546,corrosion,3,0,True,1,False,False,17:corrosion|29:corrosion|43:corrosion
resnet18,brightness_mild,563_0,563,craze,3,0,True,1,False,False,17:craze|29:craze|43:craze
resnet18,brightness_mild,566_0,566,corrosion,3,0,True,1,False,False,17:corrosion|29:corrosion|43:corrosion
resnet18,brightness_mild,569_0,569,hide_craze,3,0,True,1,False,False,17:hide_craze|29:hide_craze|43:hide_craze
resnet18,brightness_mild,574_0,574,craze,3,0,True,1,False,False,17:craze|29:craze|43:craze
resnet18,brightness_mild,580_0,580,craze,3,0,True,1,False,False,17:craze|29:craze|43:craze
resnet18,brightness_mild,591_0,591,thunderstrike,2,0,False,2,False,False,17:thunderstrike|29:thunderstrike|43:surface_injure
resnet18,brightness_mild,591_1,591,surface_injure,3,0,True,1,False,False,17:surface_injure|29:surface_injure|43:surface_injure
resnet18,brightness_mild,591_2,591,surface_injure,2,1,False,2,False,False,17:surface_injure|29:hide_craze|43:surface_injure
resnet18,brightness_mild,597_0,597,hide_craze,3,0,True,1,False,False,17:hide_craze|29:hide_craze|43:hide_craze
resnet18,brightness_mild,598_0,598,corrosion,3,0,True,1,False,False,17:corrosion|29:corrosion|43:corrosion
resnet18,brightness_mild,598_1,598,corrosion,3,0,True,1,False,False,17:corrosion|29:corrosion|43:corrosion
resnet18,brightness_mild,600_0,600,hide_craze,2,0,False,2,False,False,17:hide_craze|29:corrosion|43:hide_craze
resnet18,brightness_mild,610_0,610,hide_craze,3,0,True,1,False,False,17:hide_craze|29:hide_craze|43:hide_craze
resnet18,brightness_mild,623_0,623,hide_craze,3,0,True,1,False,False,17:hide_craze|29:hide_craze|43:hide_craze
resnet18,brightness_mild,623_1,623,surface_injure,1,0,False,3,False,True,17:crack|29:hide_craze|43:surface_injure
resnet18,brightness_mild,633_0,633,hide_craze,3,0,True,1,False,False,17:hide_craze|29:hide_craze|43:hide_craze
resnet18,brightness_mild,642_0,642,hide_craze,3,0,True,1,False,False,17:hide_craze|29:hide_craze|43:hide_craze
resnet18,brightness_mild,642_1,642,surface_injure,3,0,True,1,False,False,17:surface_injure|29:surface_injure|43:surface_injure
resnet18,brightness_mild,643_0,643,hide_craze,3,0,True,1,False,False,17:hide_craze|29:hide_craze|43:hide_craze
resnet18,brightness_mild,650_0,650,corrosion,3,0,True,1,False,False,17:corrosion|29:corrosion|43:corrosion
resnet18,brightness_mild,655_0,655,hide_craze,2,0,False,2,False,False,17:corrosion|29:hide_craze|43:hide_craze
resnet18,brightness_mild,658_0,658,corrosion,1,1,False,2,False,True,17:hide_craze|29:hide_craze|43:corrosion
resnet18,brightness_mild,663_0,663,hide_craze,3,0,True,1,False,False,17:hide_craze|29:hide_craze|43:hide_craze
resnet18,brightness_mild,671_0,671,hide_craze,3,0,True,1,False,False,17:hide_craze|29:hide_craze|43:hide_craze
resnet18,brightness_mild,671_1,671,surface_injure,1,0,False,2,False,True,17:hide_craze|29:hide_craze|43:surface_injure
resnet18,brightness_mild,677_0,677,hide_craze,3,0,True,1,False,False,17:hide_craze|29:hide_craze|43:hide_craze
resnet18,brightness_mild,686_0,686,thunderstrike,3,0,True,1,False,False,17:thunderstrike|29:thunderstrike|43:thunderstrike
resnet18,brightness_mild,689_0,689,surface_injure,1,0,False,3,False,True,17:thunderstrike|29:hide_craze|43:surface_injure
resnet18,brightness_mild,689_1,689,surface_injure,3,0,True,1,False,False,17:surface_injure|29:surface_injure|43:surface_injure
resnet18,brightness_mild,689_2,689,surface_injure,3,0,True,1,False,False,17:surface_injure|29:surface_injure|43:surface_injure
resnet18,brightness_mild,689_3,689,surface_injure,3,0,True,1,False,False,17:surface_injure|29:surface_injure|43:surface_injure
resnet18,brightness_mild,696_0,696,hide_craze,3,0,True,1,False,False,17:hide_craze|29:hide_craze|43:hide_craze
resnet18,brightness_mild,696_1,696,hide_craze,3,0,True,1,False,False,17:hide_craze|29:hide_craze|43:hide_craze
resnet18,brightness_mild,699_0,699,thunderstrike,3,0,True,1,False,False,17:thunderstrike|29:thunderstrike|43:thunderstrike
resnet18,brightness_mild,701_0,701,craze,3,0,True,1,False,False,17:craze|29:craze|43:craze
resnet18,brightness_mild,704_0,704,corrosion,3,0,True,1,False,False,17:corrosion|29:corrosion|43:corrosion
resnet18,brightness_mild,721_0,721,hide_craze,3,0,True,1,False,False,17:hide_craze|29:hide_craze|43:hide_craze
resnet18,brightness_mild,824_0,824,craze,2,1,False,2,False,False,17:surface_injure|29:craze|43:craze
resnet18,brightness_mild,863_0,863,thunderstrike,3,0,True,1,False,False,17:thunderstrike|29:thunderstrike|43:thunderstrike
resnet18,brightness_mild,864_0,864,surface_injure,2,1,False,2,False,False,17:surface_injure|29:surface_injure|43:hide_craze
resnet18,brightness_mild,875_0,875,hide_craze,3,0,True,1,False,False,17:hide_craze|29:hide_craze|43:hide_craze
resnet18,brightness_mild,875_1,875,hide_craze,3,0,True,1,False,False,17:hide_craze|29:hide_craze|43:hide_craze
resnet18,brightness_mild,1017_0,1017,hide_craze,3,0,True,1,False,False,17:hide_craze|29:hide_craze|43:hide_craze
resnet18,brightness_mild,1017_1,1017,hide_craze,3,0,True,1,False,False,17:hide_craze|29:hide_craze|43:hide_craze
resnet18,brightness_moderate,13_0,13,hide_craze,3,0,True,1,False,False,17:hide_craze|29:hide_craze|43:hide_craze
resnet18,brightness_moderate,13_1,13,hide_craze,3,0,True,1,False,False,17:hide_craze|29:hide_craze|43:hide_craze
resnet18,brightness_moderate,32_0,32,thunderstrike,3,0,True,1,False,False,17:thunderstrike|29:thunderstrike|43:thunderstrike
resnet18,brightness_moderate,32_1,32,thunderstrike,3,0,True,1,False,False,17:thunderstrike|29:thunderstrike|43:thunderstrike
resnet18,brightness_moderate,46_0,46,corrosion,3,0,True,1,False,False,17:corrosion|29:corrosion|43:corrosion
resnet18,brightness_moderate,46_1,46,corrosion,3,0,True,1,False,False,17:corrosion|29:corrosion|43:corrosion
resnet18,brightness_moderate,48_0,48,surface_injure,0,0,True,1,True,False,17:craze|29:craze|43:craze
resnet18,brightness_moderate,51_0,51,craze,0,1,False,2,True,False,17:corrosion|29:corrosion|43:surface_injure
resnet18,brightness_moderate,51_1,51,craze,2,1,False,2,False,False,17:craze|29:craze|43:hide_craze
resnet18,brightness_moderate,54_0,54,hide_craze,3,0,True,1,False,False,17:hide_craze|29:hide_craze|43:hide_craze
resnet18,brightness_moderate,54_1,54,hide_craze,2,1,False,2,False,False,17:hide_craze|29:hide_craze|43:surface_injure
resnet18,brightness_moderate,57_0,57,craze,1,2,False,2,False,True,17:craze|29:hide_craze|43:hide_craze
resnet18,brightness_moderate,57_1,57,surface_injure,3,0,True,1,False,False,17:surface_injure|29:surface_injure|43:surface_injure
resnet18,brightness_moderate,61_0,61,craze,3,0,True,1,False,False,17:craze|29:craze|43:craze
resnet18,brightness_moderate,61_1,61,craze,2,1,False,2,False,False,17:craze|29:surface_injure|43:craze
resnet18,brightness_moderate,61_2,61,craze,0,3,False,2,True,False,17:thunderstrike|29:hide_craze|43:hide_craze
resnet18,brightness_moderate,65_0,65,corrosion,0,2,False,2,True,False,17:craze|29:hide_craze|43:hide_craze
resnet18,brightness_moderate,67_0,67,hide_craze,3,0,True,1,False,False,17:hide_craze|29:hide_craze|43:hide_craze
resnet18,brightness_moderate,71_0,71,craze,3,0,True,1,False,False,17:craze|29:craze|43:craze
resnet18,brightness_moderate,73_0,73,craze,0,3,True,1,True,False,17:surface_injure|29:surface_injure|43:surface_injure
resnet18,brightness_moderate,81_0,81,craze,3,0,True,1,False,False,17:craze|29:craze|43:craze
resnet18,brightness_moderate,81_1,81,craze,3,0,True,1,False,False,17:craze|29:craze|43:craze
resnet18,brightness_moderate,81_2,81,craze,3,0,True,1,False,False,17:craze|29:craze|43:craze
resnet18,brightness_moderate,88_0,88,crack,0,1,False,2,True,False,17:corrosion|29:hide_craze|43:hide_craze
resnet18,brightness_moderate,93_0,93,craze,2,1,False,2,False,False,17:craze|29:craze|43:hide_craze
resnet18,brightness_moderate,103_0,103,craze,3,0,True,1,False,False,17:craze|29:craze|43:craze
resnet18,brightness_moderate,112_0,112,thunderstrike,2,1,False,2,False,False,17:thunderstrike|29:thunderstrike|43:surface_injure
resnet18,brightness_moderate,112_1,112,surface_injure,3,0,True,1,False,False,17:surface_injure|29:surface_injure|43:surface_injure
resnet18,brightness_moderate,142_0,142,surface_injure,0,0,False,2,True,False,17:corrosion|29:hide_craze|43:corrosion
resnet18,brightness_moderate,146_0,146,hide_craze,2,1,False,2,False,False,17:craze|29:hide_craze|43:hide_craze
resnet18,brightness_moderate,156_0,156,craze,3,0,True,1,False,False,17:craze|29:craze|43:craze
resnet18,brightness_moderate,161_0,161,corrosion,3,0,True,1,False,False,17:corrosion|29:corrosion|43:corrosion
resnet18,brightness_moderate,163_0,163,hide_craze,3,0,True,1,False,False,17:hide_craze|29:hide_craze|43:hide_craze
resnet18,brightness_moderate,166_0,166,craze,3,0,True,1,False,False,17:craze|29:craze|43:craze
resnet18,brightness_moderate,167_0,167,craze,3,0,True,1,False,False,17:craze|29:craze|43:craze
resnet18,brightness_moderate,167_1,167,craze,1,1,False,2,False,True,17:hide_craze|29:hide_craze|43:craze
resnet18,brightness_moderate,178_0,178,surface_injure,3,0,True,1,False,False,17:surface_injure|29:surface_injure|43:surface_injure
resnet18,brightness_moderate,178_1,178,surface_injure,3,0,True,1,False,False,17:surface_injure|29:surface_injure|43:surface_injure
resnet18,brightness_moderate,178_2,178,surface_injure,3,0,True,1,False,False,17:surface_injure|29:surface_injure|43:surface_injure
resnet18,brightness_moderate,198_0,198,craze,1,2,False,2,False,True,17:craze|29:surface_injure|43:surface_injure
resnet18,brightness_moderate,198_1,198,hide_craze,3,0,True,1,False,False,17:hide_craze|29:hide_craze|43:hide_craze
resnet18,brightness_moderate,209_0,209,hide_craze,2,1,False,2,False,False,17:surface_injure|29:hide_craze|43:hide_craze
resnet18,brightness_moderate,214_0,214,craze,3,0,True,1,False,False,17:craze|29:craze|43:craze
resnet18,brightness_moderate,216_0,216,crack,3,0,True,1,False,False,17:crack|29:crack|43:crack
resnet18,brightness_moderate,217_0,217,surface_injure,3,0,True,1,False,False,17:surface_injure|29:surface_injure|43:surface_injure
resnet18,brightness_moderate,224_0,224,hide_craze,3,0,True,1,False,False,17:hide_craze|29:hide_craze|43:hide_craze
resnet18,brightness_moderate,228_0,228,hide_craze,1,1,False,2,False,True,17:craze|29:craze|43:hide_craze
resnet18,brightness_moderate,228_1,228,hide_craze,2,0,False,2,False,False,17:hide_craze|29:craze|43:hide_craze
resnet18,brightness_moderate,234_0,234,surface_injure,3,0,True,1,False,False,17:surface_injure|29:surface_injure|43:surface_injure
resnet18,brightness_moderate,234_1,234,hide_craze,3,0,True,1,False,False,17:hide_craze|29:hide_craze|43:hide_craze
resnet18,brightness_moderate,234_2,234,hide_craze,3,0,True,1,False,False,17:hide_craze|29:hide_craze|43:hide_craze
resnet18,brightness_moderate,234_3,234,hide_craze,3,0,True,1,False,False,17:hide_craze|29:hide_craze|43:hide_craze
resnet18,brightness_moderate,234_4,234,hide_craze,3,0,True,1,False,False,17:hide_craze|29:hide_craze|43:hide_craze
resnet18,brightness_moderate,238_0,238,crack,1,2,False,2,False,True,17:surface_injure|29:surface_injure|43:crack
resnet18,brightness_moderate,238_1,238,crack,1,2,False,2,False,True,17:craze|29:craze|43:crack
resnet18,brightness_moderate,250_0,250,crack,3,0,True,1,False,False,17:crack|29:crack|43:crack
resnet18,brightness_moderate,252_0,252,crack,3,0,True,1,False,False,17:crack|29:crack|43:crack
resnet18,brightness_moderate,255_0,255,surface_injure,3,0,True,1,False,False,17:surface_injure|29:surface_injure|43:surface_injure
resnet18,brightness_moderate,255_1,255,surface_injure,3,0,True,1,False,False,17:surface_injure|29:surface_injure|43:surface_injure
resnet18,brightness_moderate,257_0,257,surface_injure,3,0,True,1,False,False,17:surface_injure|29:surface_injure|43:surface_injure
resnet18,brightness_moderate,257_1,257,surface_injure,3,0,True,1,False,False,17:surface_injure|29:surface_injure|43:surface_injure
resnet18,brightness_moderate,269_0,269,crack,3,0,True,1,False,False,17:crack|29:crack|43:crack
resnet18,brightness_moderate,273_0,273,thunderstrike,3,0,True,1,False,False,17:thunderstrike|29:thunderstrike|43:thunderstrike
resnet18,brightness_moderate,273_1,273,surface_injure,3,0,True,1,False,False,17:surface_injure|29:surface_injure|43:surface_injure
resnet18,brightness_moderate,276_0,276,hide_craze,3,0,True,1,False,False,17:hide_craze|29:hide_craze|43:hide_craze
resnet18,brightness_moderate,276_1,276,hide_craze,3,0,True,1,False,False,17:hide_craze|29:hide_craze|43:hide_craze
resnet18,brightness_moderate,284_0,284,hide_craze,3,0,True,1,False,False,17:hide_craze|29:hide_craze|43:hide_craze
resnet18,brightness_moderate,285_0,285,surface_injure,3,0,True,1,False,False,17:surface_injure|29:surface_injure|43:surface_injure
resnet18,brightness_moderate,285_1,285,surface_injure,3,0,True,1,False,False,17:surface_injure|29:surface_injure|43:surface_injure
resnet18,brightness_moderate,318_0,318,crack,3,0,True,1,False,False,17:crack|29:crack|43:crack
resnet18,brightness_moderate,322_0,322,corrosion,3,0,True,1,False,False,17:corrosion|29:corrosion|43:corrosion
resnet18,brightness_moderate,323_0,323,corrosion,0,0,False,2,True,False,17:surface_injure|29:surface_injure|43:hide_craze
resnet18,brightness_moderate,326_0,326,surface_injure,3,0,True,1,False,False,17:surface_injure|29:surface_injure|43:surface_injure
resnet18,brightness_moderate,326_1,326,craze,1,2,False,3,False,True,17:craze|29:hide_craze|43:surface_injure
resnet18,brightness_moderate,332_0,332,surface_injure,2,1,False,2,False,False,17:surface_injure|29:surface_injure|43:hide_craze
resnet18,brightness_moderate,363_0,363,surface_injure,3,0,True,1,False,False,17:surface_injure|29:surface_injure|43:surface_injure
resnet18,brightness_moderate,370_0,370,corrosion,2,1,False,2,False,False,17:corrosion|29:corrosion|43:thunderstrike
resnet18,brightness_moderate,370_1,370,corrosion,2,1,False,2,False,False,17:corrosion|29:corrosion|43:thunderstrike
resnet18,brightness_moderate,370_2,370,corrosion,2,1,False,2,False,False,17:corrosion|29:corrosion|43:hide_craze
resnet18,brightness_moderate,373_0,373,corrosion,3,0,True,1,False,False,17:corrosion|29:corrosion|43:corrosion
resnet18,brightness_moderate,379_0,379,hide_craze,3,0,True,1,False,False,17:hide_craze|29:hide_craze|43:hide_craze
resnet18,brightness_moderate,379_1,379,hide_craze,3,0,True,1,False,False,17:hide_craze|29:hide_craze|43:hide_craze
resnet18,brightness_moderate,388_0,388,hide_craze,3,0,True,1,False,False,17:hide_craze|29:hide_craze|43:hide_craze
resnet18,brightness_moderate,389_0,389,crack,1,2,False,3,False,True,17:surface_injure|29:craze|43:crack
resnet18,brightness_moderate,390_0,390,corrosion,0,1,False,2,True,False,17:surface_injure|29:surface_injure|43:hide_craze
resnet18,brightness_moderate,394_0,394,crack,2,1,False,2,False,False,17:crack|29:hide_craze|43:crack
resnet18,brightness_moderate,405_0,405,corrosion,3,0,True,1,False,False,17:corrosion|29:corrosion|43:corrosion
resnet18,brightness_moderate,407_0,407,surface_injure,3,0,True,1,False,False,17:surface_injure|29:surface_injure|43:surface_injure
resnet18,brightness_moderate,408_0,408,corrosion,2,1,False,2,False,False,17:corrosion|29:corrosion|43:hide_craze
resnet18,brightness_moderate,408_1,408,corrosion,2,1,False,2,False,False,17:corrosion|29:corrosion|43:craze
resnet18,brightness_moderate,410_0,410,corrosion,3,0,True,1,False,False,17:corrosion|29:corrosion|43:corrosion
resnet18,brightness_moderate,410_1,410,corrosion,3,0,True,1,False,False,17:corrosion|29:corrosion|43:corrosion
resnet18,brightness_moderate,432_0,432,surface_injure,3,0,True,1,False,False,17:surface_injure|29:surface_injure|43:surface_injure
resnet18,brightness_moderate,438_0,438,hide_craze,3,0,True,1,False,False,17:hide_craze|29:hide_craze|43:hide_craze
resnet18,brightness_moderate,440_0,440,crack,1,2,False,2,False,True,17:crack|29:hide_craze|43:hide_craze
resnet18,brightness_moderate,447_0,447,crack,2,1,False,2,False,False,17:crack|29:craze|43:crack
resnet18,brightness_moderate,447_1,447,crack,3,0,True,1,False,False,17:crack|29:crack|43:crack
resnet18,brightness_moderate,451_0,451,corrosion,3,0,True,1,False,False,17:corrosion|29:corrosion|43:corrosion
resnet18,brightness_moderate,457_0,457,hide_craze,2,1,False,2,False,False,17:thunderstrike|29:hide_craze|43:hide_craze
resnet18,brightness_moderate,457_1,457,hide_craze,3,0,True,1,False,False,17:hide_craze|29:hide_craze|43:hide_craze
resnet18,brightness_moderate,457_2,457,hide_craze,3,0,True,1,False,False,17:hide_craze|29:hide_craze|43:hide_craze
resnet18,brightness_moderate,464_0,464,craze,3,0,True,1,False,False,17:craze|29:craze|43:craze
resnet18,brightness_moderate,464_1,464,hide_craze,1,0,False,2,False,True,17:surface_injure|29:hide_craze|43:surface_injure
resnet18,brightness_moderate,469_0,469,craze,3,0,True,1,False,False,17:craze|29:craze|43:craze
resnet18,brightness_moderate,473_0,473,crack,3,0,True,1,False,False,17:crack|29:crack|43:crack
resnet18,brightness_moderate,476_0,476,surface_injure,3,0,True,1,False,False,17:surface_injure|29:surface_injure|43:surface_injure
resnet18,brightness_moderate,479_0,479,surface_injure,3,0,True,1,False,False,17:surface_injure|29:surface_injure|43:surface_injure
resnet18,brightness_moderate,479_1,479,thunderstrike,2,1,False,2,False,False,17:thunderstrike|29:surface_injure|43:thunderstrike
resnet18,brightness_moderate,501_0,501,corrosion,3,0,True,1,False,False,17:corrosion|29:corrosion|43:corrosion
resnet18,brightness_moderate,505_0,505,corrosion,3,0,True,1,False,False,17:corrosion|29:corrosion|43:corrosion
resnet18,brightness_moderate,511_0,511,hide_craze,3,0,True,1,False,False,17:hide_craze|29:hide_craze|43:hide_craze
resnet18,brightness_moderate,511_1,511,hide_craze,3,0,True,1,False,False,17:hide_craze|29:hide_craze|43:hide_craze
resnet18,brightness_moderate,521_0,521,corrosion,1,0,False,2,False,True,17:corrosion|29:hide_craze|43:hide_craze
resnet18,brightness_moderate,521_1,521,corrosion,0,0,True,1,True,False,17:hide_craze|29:hide_craze|43:hide_craze
resnet18,brightness_moderate,541_0,541,hide_craze,2,1,False,2,False,False,17:craze|29:hide_craze|43:hide_craze
resnet18,brightness_moderate,546_0,546,corrosion,0,0,True,1,True,False,17:surface_injure|29:surface_injure|43:surface_injure
resnet18,brightness_moderate,546_1,546,corrosion,2,1,False,2,False,False,17:corrosion|29:corrosion|43:hide_craze
resnet18,brightness_moderate,546_2,546,corrosion,3,0,True,1,False,False,17:corrosion|29:corrosion|43:corrosion
resnet18,brightness_moderate,563_0,563,craze,3,0,True,1,False,False,17:craze|29:craze|43:craze
resnet18,brightness_moderate,566_0,566,corrosion,3,0,True,1,False,False,17:corrosion|29:corrosion|43:corrosion
resnet18,brightness_moderate,569_0,569,hide_craze,3,0,True,1,False,False,17:hide_craze|29:hide_craze|43:hide_craze
resnet18,brightness_moderate,574_0,574,craze,3,0,True,1,False,False,17:craze|29:craze|43:craze
resnet18,brightness_moderate,580_0,580,craze,3,0,True,1,False,False,17:craze|29:craze|43:craze
resnet18,brightness_moderate,591_0,591,thunderstrike,2,0,False,2,False,False,17:thunderstrike|29:thunderstrike|43:surface_injure
resnet18,brightness_moderate,591_1,591,surface_injure,3,0,True,1,False,False,17:surface_injure|29:surface_injure|43:surface_injure
resnet18,brightness_moderate,591_2,591,surface_injure,2,1,False,2,False,False,17:craze|29:surface_injure|43:surface_injure
resnet18,brightness_moderate,597_0,597,hide_craze,3,0,True,1,False,False,17:hide_craze|29:hide_craze|43:hide_craze
resnet18,brightness_moderate,598_0,598,corrosion,3,0,True,1,False,False,17:corrosion|29:corrosion|43:corrosion
resnet18,brightness_moderate,598_1,598,corrosion,2,1,False,2,False,False,17:corrosion|29:surface_injure|43:corrosion
resnet18,brightness_moderate,600_0,600,hide_craze,3,0,True,1,False,False,17:hide_craze|29:hide_craze|43:hide_craze
resnet18,brightness_moderate,610_0,610,hide_craze,3,0,True,1,False,False,17:hide_craze|29:hide_craze|43:hide_craze
resnet18,brightness_moderate,623_0,623,hide_craze,3,0,True,1,False,False,17:hide_craze|29:hide_craze|43:hide_craze
resnet18,brightness_moderate,623_1,623,surface_injure,2,0,False,2,False,False,17:crack|29:surface_injure|43:surface_injure
resnet18,brightness_moderate,633_0,633,hide_craze,3,0,True,1,False,False,17:hide_craze|29:hide_craze|43:hide_craze
resnet18,brightness_moderate,642_0,642,hide_craze,3,0,True,1,False,False,17:hide_craze|29:hide_craze|43:hide_craze
resnet18,brightness_moderate,642_1,642,surface_injure,3,0,True,1,False,False,17:surface_injure|29:surface_injure|43:surface_injure
resnet18,brightness_moderate,643_0,643,hide_craze,2,1,False,2,False,False,17:surface_injure|29:hide_craze|43:hide_craze
resnet18,brightness_moderate,650_0,650,corrosion,3,0,True,1,False,False,17:corrosion|29:corrosion|43:corrosion
resnet18,brightness_moderate,655_0,655,hide_craze,2,0,False,2,False,False,17:corrosion|29:hide_craze|43:hide_craze
resnet18,brightness_moderate,658_0,658,corrosion,1,1,False,3,False,True,17:craze|29:hide_craze|43:corrosion
resnet18,brightness_moderate,663_0,663,hide_craze,2,1,False,2,False,False,17:craze|29:hide_craze|43:hide_craze
resnet18,brightness_moderate,671_0,671,hide_craze,3,0,True,1,False,False,17:hide_craze|29:hide_craze|43:hide_craze
resnet18,brightness_moderate,671_1,671,surface_injure,1,1,False,2,False,True,17:hide_craze|29:surface_injure|43:hide_craze
resnet18,brightness_moderate,677_0,677,hide_craze,3,0,True,1,False,False,17:hide_craze|29:hide_craze|43:hide_craze
resnet18,brightness_moderate,686_0,686,thunderstrike,3,0,True,1,False,False,17:thunderstrike|29:thunderstrike|43:thunderstrike
resnet18,brightness_moderate,689_0,689,surface_injure,2,0,False,2,False,False,17:craze|29:surface_injure|43:surface_injure
resnet18,brightness_moderate,689_1,689,surface_injure,3,0,True,1,False,False,17:surface_injure|29:surface_injure|43:surface_injure
resnet18,brightness_moderate,689_2,689,surface_injure,3,0,True,1,False,False,17:surface_injure|29:surface_injure|43:surface_injure
resnet18,brightness_moderate,689_3,689,surface_injure,3,0,True,1,False,False,17:surface_injure|29:surface_injure|43:surface_injure
resnet18,brightness_moderate,696_0,696,hide_craze,3,0,True,1,False,False,17:hide_craze|29:hide_craze|43:hide_craze
resnet18,brightness_moderate,696_1,696,hide_craze,3,0,True,1,False,False,17:hide_craze|29:hide_craze|43:hide_craze
resnet18,brightness_moderate,699_0,699,thunderstrike,3,0,True,1,False,False,17:thunderstrike|29:thunderstrike|43:thunderstrike
resnet18,brightness_moderate,701_0,701,craze,3,0,True,1,False,False,17:craze|29:craze|43:craze
resnet18,brightness_moderate,704_0,704,corrosion,3,0,True,1,False,False,17:corrosion|29:corrosion|43:corrosion
resnet18,brightness_moderate,721_0,721,hide_craze,2,1,False,2,False,False,17:corrosion|29:hide_craze|43:hide_craze
resnet18,brightness_moderate,824_0,824,craze,2,1,False,2,False,False,17:hide_craze|29:craze|43:craze
resnet18,brightness_moderate,863_0,863,thunderstrike,3,0,True,1,False,False,17:thunderstrike|29:thunderstrike|43:thunderstrike
resnet18,brightness_moderate,864_0,864,surface_injure,0,3,False,3,True,False,17:corrosion|29:craze|43:hide_craze
resnet18,brightness_moderate,875_0,875,hide_craze,3,0,True,1,False,False,17:hide_craze|29:hide_craze|43:hide_craze
resnet18,brightness_moderate,875_1,875,hide_craze,3,0,True,1,False,False,17:hide_craze|29:hide_craze|43:hide_craze
resnet18,brightness_moderate,1017_0,1017,hide_craze,3,0,True,1,False,False,17:hide_craze|29:hide_craze|43:hide_craze
resnet18,brightness_moderate,1017_1,1017,hide_craze,3,0,True,1,False,False,17:hide_craze|29:hide_craze|43:hide_craze
resnet18,brightness_severe,13_0,13,hide_craze,3,0,True,1,False,False,17:hide_craze|29:hide_craze|43:hide_craze
resnet18,brightness_severe,13_1,13,hide_craze,3,0,True,1,False,False,17:hide_craze|29:hide_craze|43:hide_craze
resnet18,brightness_severe,32_0,32,thunderstrike,0,3,False,3,True,False,17:craze|29:surface_injure|43:hide_craze
resnet18,brightness_severe,32_1,32,thunderstrike,0,3,False,3,True,False,17:craze|29:surface_injure|43:hide_craze
resnet18,brightness_severe,46_0,46,corrosion,1,2,False,2,False,True,17:corrosion|29:hide_craze|43:hide_craze
resnet18,brightness_severe,46_1,46,corrosion,2,1,False,2,False,False,17:corrosion|29:corrosion|43:hide_craze
resnet18,brightness_severe,48_0,48,surface_injure,0,0,True,1,True,False,17:craze|29:craze|43:craze
resnet18,brightness_severe,51_0,51,craze,0,1,False,2,True,False,17:corrosion|29:hide_craze|43:hide_craze
resnet18,brightness_severe,51_1,51,craze,1,2,False,2,False,True,17:craze|29:corrosion|43:corrosion
resnet18,brightness_severe,54_0,54,hide_craze,1,2,False,3,False,True,17:corrosion|29:surface_injure|43:hide_craze
resnet18,brightness_severe,54_1,54,hide_craze,1,2,False,3,False,True,17:corrosion|29:surface_injure|43:hide_craze
resnet18,brightness_severe,57_0,57,craze,1,2,False,2,False,True,17:craze|29:hide_craze|43:hide_craze
resnet18,brightness_severe,57_1,57,surface_injure,1,2,False,3,False,True,17:corrosion|29:surface_injure|43:hide_craze
resnet18,brightness_severe,61_0,61,craze,2,1,False,2,False,False,17:craze|29:craze|43:hide_craze
resnet18,brightness_severe,61_1,61,craze,1,2,False,2,False,True,17:craze|29:hide_craze|43:hide_craze
resnet18,brightness_severe,61_2,61,craze,1,2,False,2,False,True,17:craze|29:hide_craze|43:hide_craze
resnet18,brightness_severe,65_0,65,corrosion,0,2,False,2,True,False,17:craze|29:hide_craze|43:hide_craze
resnet18,brightness_severe,67_0,67,hide_craze,3,0,True,1,False,False,17:hide_craze|29:hide_craze|43:hide_craze
resnet18,brightness_severe,71_0,71,craze,3,0,True,1,False,False,17:craze|29:craze|43:craze
resnet18,brightness_severe,73_0,73,craze,1,2,False,2,False,True,17:craze|29:surface_injure|43:surface_injure
resnet18,brightness_severe,81_0,81,craze,1,2,False,3,False,True,17:craze|29:surface_injure|43:thunderstrike
resnet18,brightness_severe,81_1,81,craze,1,2,False,3,False,True,17:craze|29:corrosion|43:thunderstrike
resnet18,brightness_severe,81_2,81,craze,2,1,False,2,False,False,17:craze|29:craze|43:hide_craze
resnet18,brightness_severe,88_0,88,crack,0,1,False,2,True,False,17:craze|29:hide_craze|43:hide_craze
resnet18,brightness_severe,93_0,93,craze,2,1,False,2,False,False,17:craze|29:craze|43:hide_craze
resnet18,brightness_severe,103_0,103,craze,3,0,True,1,False,False,17:craze|29:craze|43:craze
resnet18,brightness_severe,112_0,112,thunderstrike,0,3,False,2,True,False,17:craze|29:surface_injure|43:surface_injure
resnet18,brightness_severe,112_1,112,surface_injure,3,0,True,1,False,False,17:surface_injure|29:surface_injure|43:surface_injure
resnet18,brightness_severe,142_0,142,surface_injure,2,0,False,2,False,False,17:surface_injure|29:surface_injure|43:hide_craze
resnet18,brightness_severe,146_0,146,hide_craze,2,1,False,2,False,False,17:craze|29:hide_craze|43:hide_craze
resnet18,brightness_severe,156_0,156,craze,3,0,True,1,False,False,17:craze|29:craze|43:craze
resnet18,brightness_severe,161_0,161,corrosion,3,0,True,1,False,False,17:corrosion|29:corrosion|43:corrosion
resnet18,brightness_severe,163_0,163,hide_craze,2,1,False,2,False,False,17:corrosion|29:hide_craze|43:hide_craze
resnet18,brightness_severe,166_0,166,craze,1,2,False,2,False,True,17:craze|29:hide_craze|43:hide_craze
resnet18,brightness_severe,167_0,167,craze,3,0,True,1,False,False,17:craze|29:craze|43:craze
resnet18,brightness_severe,167_1,167,craze,1,2,False,2,False,True,17:craze|29:hide_craze|43:hide_craze
resnet18,brightness_severe,178_0,178,surface_injure,3,0,True,1,False,False,17:surface_injure|29:surface_injure|43:surface_injure
resnet18,brightness_severe,178_1,178,surface_injure,3,0,True,1,False,False,17:surface_injure|29:surface_injure|43:surface_injure
resnet18,brightness_severe,178_2,178,surface_injure,3,0,True,1,False,False,17:surface_injure|29:surface_injure|43:surface_injure
resnet18,brightness_severe,198_0,198,craze,1,2,False,2,False,True,17:craze|29:surface_injure|43:surface_injure
resnet18,brightness_severe,198_1,198,hide_craze,3,0,True,1,False,False,17:hide_craze|29:hide_craze|43:hide_craze
resnet18,brightness_severe,209_0,209,hide_craze,0,3,True,1,True,False,17:surface_injure|29:surface_injure|43:surface_injure
resnet18,brightness_severe,214_0,214,craze,3,0,True,1,False,False,17:craze|29:craze|43:craze
resnet18,brightness_severe,216_0,216,crack,1,2,False,3,False,True,17:crack|29:surface_injure|43:hide_craze
resnet18,brightness_severe,217_0,217,surface_injure,3,0,True,1,False,False,17:surface_injure|29:surface_injure|43:surface_injure
resnet18,brightness_severe,224_0,224,hide_craze,3,0,True,1,False,False,17:hide_craze|29:hide_craze|43:hide_craze
resnet18,brightness_severe,228_0,228,hide_craze,2,1,False,2,False,False,17:craze|29:hide_craze|43:hide_craze
resnet18,brightness_severe,228_1,228,hide_craze,3,0,True,1,False,False,17:hide_craze|29:hide_craze|43:hide_craze
resnet18,brightness_severe,234_0,234,surface_injure,1,2,False,3,False,True,17:craze|29:surface_injure|43:hide_craze
resnet18,brightness_severe,234_1,234,hide_craze,3,0,True,1,False,False,17:hide_craze|29:hide_craze|43:hide_craze
resnet18,brightness_severe,234_2,234,hide_craze,3,0,True,1,False,False,17:hide_craze|29:hide_craze|43:hide_craze
resnet18,brightness_severe,234_3,234,hide_craze,3,0,True,1,False,False,17:hide_craze|29:hide_craze|43:hide_craze
resnet18,brightness_severe,234_4,234,hide_craze,3,0,True,1,False,False,17:hide_craze|29:hide_craze|43:hide_craze
resnet18,brightness_severe,238_0,238,crack,0,3,False,3,True,False,17:corrosion|29:surface_injure|43:hide_craze
resnet18,brightness_severe,238_1,238,crack,0,3,False,3,True,False,17:corrosion|29:craze|43:hide_craze
resnet18,brightness_severe,250_0,250,crack,3,0,True,1,False,False,17:crack|29:crack|43:crack
resnet18,brightness_severe,252_0,252,crack,0,3,False,2,True,False,17:craze|29:craze|43:hide_craze
resnet18,brightness_severe,255_0,255,surface_injure,1,1,False,3,False,True,17:corrosion|29:surface_injure|43:hide_craze
resnet18,brightness_severe,255_1,255,surface_injure,0,3,False,2,True,False,17:corrosion|29:hide_craze|43:hide_craze
resnet18,brightness_severe,257_0,257,surface_injure,2,1,False,2,False,False,17:craze|29:surface_injure|43:surface_injure
resnet18,brightness_severe,257_1,257,surface_injure,3,0,True,1,False,False,17:surface_injure|29:surface_injure|43:surface_injure
resnet18,brightness_severe,269_0,269,crack,3,0,True,1,False,False,17:crack|29:crack|43:crack
resnet18,brightness_severe,273_0,273,thunderstrike,1,2,False,3,False,True,17:thunderstrike|29:surface_injure|43:hide_craze
resnet18,brightness_severe,273_1,273,surface_injure,3,0,True,1,False,False,17:surface_injure|29:surface_injure|43:surface_injure
resnet18,brightness_severe,276_0,276,hide_craze,2,1,False,2,False,False,17:corrosion|29:hide_craze|43:hide_craze
resnet18,brightness_severe,276_1,276,hide_craze,2,1,False,2,False,False,17:corrosion|29:hide_craze|43:hide_craze
resnet18,brightness_severe,284_0,284,hide_craze,3,0,True,1,False,False,17:hide_craze|29:hide_craze|43:hide_craze
resnet18,brightness_severe,285_0,285,surface_injure,3,0,True,1,False,False,17:surface_injure|29:surface_injure|43:surface_injure
resnet18,brightness_severe,285_1,285,surface_injure,3,0,True,1,False,False,17:surface_injure|29:surface_injure|43:surface_injure
resnet18,brightness_severe,318_0,318,crack,1,2,False,2,False,True,17:crack|29:hide_craze|43:hide_craze
resnet18,brightness_severe,322_0,322,corrosion,3,0,True,1,False,False,17:corrosion|29:corrosion|43:corrosion
resnet18,brightness_severe,323_0,323,corrosion,0,0,False,2,True,False,17:surface_injure|29:hide_craze|43:hide_craze
resnet18,brightness_severe,326_0,326,surface_injure,0,3,False,2,True,False,17:corrosion|29:hide_craze|43:hide_craze
resnet18,brightness_severe,326_1,326,craze,0,3,False,2,True,False,17:corrosion|29:hide_craze|43:hide_craze
resnet18,brightness_severe,332_0,332,surface_injure,2,1,False,2,False,False,17:surface_injure|29:surface_injure|43:hide_craze
resnet18,brightness_severe,363_0,363,surface_injure,3,0,True,1,False,False,17:surface_injure|29:surface_injure|43:surface_injure
resnet18,brightness_severe,370_0,370,corrosion,2,1,False,2,False,False,17:corrosion|29:corrosion|43:hide_craze
resnet18,brightness_severe,370_1,370,corrosion,1,2,False,2,False,True,17:corrosion|29:hide_craze|43:hide_craze
resnet18,brightness_severe,370_2,370,corrosion,1,2,False,2,False,True,17:corrosion|29:hide_craze|43:hide_craze
resnet18,brightness_severe,373_0,373,corrosion,3,0,True,1,False,False,17:corrosion|29:corrosion|43:corrosion
resnet18,brightness_severe,379_0,379,hide_craze,3,0,True,1,False,False,17:hide_craze|29:hide_craze|43:hide_craze
resnet18,brightness_severe,379_1,379,hide_craze,3,0,True,1,False,False,17:hide_craze|29:hide_craze|43:hide_craze
resnet18,brightness_severe,388_0,388,hide_craze,3,0,True,1,False,False,17:hide_craze|29:hide_craze|43:hide_craze
resnet18,brightness_severe,389_0,389,crack,0,3,False,3,True,False,17:surface_injure|29:craze|43:hide_craze
resnet18,brightness_severe,390_0,390,corrosion,0,1,False,2,True,False,17:surface_injure|29:surface_injure|43:hide_craze
resnet18,brightness_severe,394_0,394,crack,1,2,False,2,False,True,17:crack|29:hide_craze|43:hide_craze
resnet18,brightness_severe,405_0,405,corrosion,1,2,False,3,False,True,17:corrosion|29:surface_injure|43:hide_craze
resnet18,brightness_severe,407_0,407,surface_injure,3,0,True,1,False,False,17:surface_injure|29:surface_injure|43:surface_injure
resnet18,brightness_severe,408_0,408,corrosion,1,2,False,3,False,True,17:corrosion|29:surface_injure|43:hide_craze
resnet18,brightness_severe,408_1,408,corrosion,1,2,False,2,False,True,17:corrosion|29:hide_craze|43:hide_craze
resnet18,brightness_severe,410_0,410,corrosion,2,0,False,2,False,False,17:corrosion|29:corrosion|43:hide_craze
resnet18,brightness_severe,410_1,410,corrosion,2,0,False,2,False,False,17:corrosion|29:corrosion|43:hide_craze
resnet18,brightness_severe,432_0,432,surface_injure,3,0,True,1,False,False,17:surface_injure|29:surface_injure|43:surface_injure
resnet18,brightness_severe,438_0,438,hide_craze,2,1,False,2,False,False,17:corrosion|29:hide_craze|43:hide_craze
resnet18,brightness_severe,440_0,440,crack,0,3,False,2,True,False,17:craze|29:hide_craze|43:hide_craze
resnet18,brightness_severe,447_0,447,crack,1,2,False,2,False,True,17:craze|29:craze|43:crack
resnet18,brightness_severe,447_1,447,crack,0,3,False,3,True,False,17:craze|29:surface_injure|43:hide_craze
resnet18,brightness_severe,451_0,451,corrosion,3,0,True,1,False,False,17:corrosion|29:corrosion|43:corrosion
resnet18,brightness_severe,457_0,457,hide_craze,2,1,False,2,False,False,17:craze|29:hide_craze|43:hide_craze
resnet18,brightness_severe,457_1,457,hide_craze,2,1,False,2,False,False,17:corrosion|29:hide_craze|43:hide_craze
resnet18,brightness_severe,457_2,457,hide_craze,2,1,False,2,False,False,17:craze|29:hide_craze|43:hide_craze
resnet18,brightness_severe,464_0,464,craze,0,3,True,1,True,False,17:surface_injure|29:surface_injure|43:surface_injure
resnet18,brightness_severe,464_1,464,hide_craze,2,0,False,2,False,False,17:surface_injure|29:hide_craze|43:hide_craze
resnet18,brightness_severe,469_0,469,craze,3,0,True,1,False,False,17:craze|29:craze|43:craze
resnet18,brightness_severe,473_0,473,crack,0,3,False,2,True,False,17:craze|29:hide_craze|43:hide_craze
resnet18,brightness_severe,476_0,476,surface_injure,2,1,False,2,False,False,17:surface_injure|29:surface_injure|43:hide_craze
resnet18,brightness_severe,479_0,479,surface_injure,3,0,True,1,False,False,17:surface_injure|29:surface_injure|43:surface_injure
resnet18,brightness_severe,479_1,479,thunderstrike,0,3,False,2,True,False,17:surface_injure|29:hide_craze|43:hide_craze
resnet18,brightness_severe,501_0,501,corrosion,3,0,True,1,False,False,17:corrosion|29:corrosion|43:corrosion
resnet18,brightness_severe,505_0,505,corrosion,1,2,False,3,False,True,17:corrosion|29:surface_injure|43:hide_craze
resnet18,brightness_severe,511_0,511,hide_craze,2,1,False,2,False,False,17:craze|29:hide_craze|43:hide_craze
resnet18,brightness_severe,511_1,511,hide_craze,2,1,False,2,False,False,17:corrosion|29:hide_craze|43:hide_craze
resnet18,brightness_severe,521_0,521,corrosion,1,0,False,2,False,True,17:corrosion|29:hide_craze|43:hide_craze
resnet18,brightness_severe,521_1,521,corrosion,1,0,False,2,False,True,17:corrosion|29:hide_craze|43:hide_craze
resnet18,brightness_severe,541_0,541,hide_craze,2,1,False,2,False,False,17:craze|29:hide_craze|43:hide_craze
resnet18,brightness_severe,546_0,546,corrosion,0,0,False,2,True,False,17:surface_injure|29:surface_injure|43:hide_craze
resnet18,brightness_severe,546_1,546,corrosion,1,2,False,2,False,True,17:corrosion|29:hide_craze|43:hide_craze
resnet18,brightness_severe,546_2,546,corrosion,1,2,False,3,False,True,17:corrosion|29:surface_injure|43:hide_craze
resnet18,brightness_severe,563_0,563,craze,1,2,False,3,False,True,17:craze|29:surface_injure|43:hide_craze
resnet18,brightness_severe,566_0,566,corrosion,3,0,True,1,False,False,17:corrosion|29:corrosion|43:corrosion
resnet18,brightness_severe,569_0,569,hide_craze,3,0,True,1,False,False,17:hide_craze|29:hide_craze|43:hide_craze
resnet18,brightness_severe,574_0,574,craze,2,1,False,2,False,False,17:craze|29:craze|43:hide_craze
resnet18,brightness_severe,580_0,580,craze,3,0,True,1,False,False,17:craze|29:craze|43:craze
resnet18,brightness_severe,591_0,591,thunderstrike,0,2,False,2,True,False,17:craze|29:surface_injure|43:surface_injure
resnet18,brightness_severe,591_1,591,surface_injure,2,1,False,2,False,False,17:craze|29:surface_injure|43:surface_injure
resnet18,brightness_severe,591_2,591,surface_injure,2,1,False,2,False,False,17:craze|29:surface_injure|43:surface_injure
resnet18,brightness_severe,597_0,597,hide_craze,2,1,False,2,False,False,17:surface_injure|29:hide_craze|43:hide_craze
resnet18,brightness_severe,598_0,598,corrosion,3,0,True,1,False,False,17:corrosion|29:corrosion|43:corrosion
resnet18,brightness_severe,598_1,598,corrosion,1,2,False,2,False,True,17:corrosion|29:surface_injure|43:surface_injure
resnet18,brightness_severe,600_0,600,hide_craze,3,0,True,1,False,False,17:hide_craze|29:hide_craze|43:hide_craze
resnet18,brightness_severe,610_0,610,hide_craze,2,1,False,2,False,False,17:corrosion|29:hide_craze|43:hide_craze
resnet18,brightness_severe,623_0,623,hide_craze,3,0,True,1,False,False,17:hide_craze|29:hide_craze|43:hide_craze
resnet18,brightness_severe,623_1,623,surface_injure,0,1,False,2,True,False,17:craze|29:hide_craze|43:hide_craze
resnet18,brightness_severe,633_0,633,hide_craze,3,0,True,1,False,False,17:hide_craze|29:hide_craze|43:hide_craze
resnet18,brightness_severe,642_0,642,hide_craze,3,0,True,1,False,False,17:hide_craze|29:hide_craze|43:hide_craze
resnet18,brightness_severe,642_1,642,surface_injure,3,0,True,1,False,False,17:surface_injure|29:surface_injure|43:surface_injure
resnet18,brightness_severe,643_0,643,hide_craze,2,1,False,2,False,False,17:surface_injure|29:hide_craze|43:hide_craze
resnet18,brightness_severe,650_0,650,corrosion,2,1,False,2,False,False,17:corrosion|29:corrosion|43:hide_craze
resnet18,brightness_severe,655_0,655,hide_craze,2,0,False,2,False,False,17:corrosion|29:hide_craze|43:hide_craze
resnet18,brightness_severe,658_0,658,corrosion,2,1,False,2,False,False,17:corrosion|29:corrosion|43:hide_craze
resnet18,brightness_severe,663_0,663,hide_craze,2,1,False,2,False,False,17:craze|29:hide_craze|43:hide_craze
resnet18,brightness_severe,671_0,671,hide_craze,3,0,True,1,False,False,17:hide_craze|29:hide_craze|43:hide_craze
resnet18,brightness_severe,671_1,671,surface_injure,1,1,False,2,False,True,17:hide_craze|29:surface_injure|43:hide_craze
resnet18,brightness_severe,677_0,677,hide_craze,3,0,True,1,False,False,17:hide_craze|29:hide_craze|43:hide_craze
resnet18,brightness_severe,686_0,686,thunderstrike,3,0,True,1,False,False,17:thunderstrike|29:thunderstrike|43:thunderstrike
resnet18,brightness_severe,689_0,689,surface_injure,1,1,False,3,False,True,17:craze|29:surface_injure|43:hide_craze
resnet18,brightness_severe,689_1,689,surface_injure,3,0,True,1,False,False,17:surface_injure|29:surface_injure|43:surface_injure
resnet18,brightness_severe,689_2,689,surface_injure,3,0,True,1,False,False,17:surface_injure|29:surface_injure|43:surface_injure
resnet18,brightness_severe,689_3,689,surface_injure,1,2,False,3,False,True,17:craze|29:surface_injure|43:hide_craze
resnet18,brightness_severe,696_0,696,hide_craze,3,0,True,1,False,False,17:hide_craze|29:hide_craze|43:hide_craze
resnet18,brightness_severe,696_1,696,hide_craze,3,0,True,1,False,False,17:hide_craze|29:hide_craze|43:hide_craze
resnet18,brightness_severe,699_0,699,thunderstrike,1,2,False,2,False,True,17:craze|29:craze|43:thunderstrike
resnet18,brightness_severe,701_0,701,craze,2,1,False,2,False,False,17:craze|29:craze|43:hide_craze
resnet18,brightness_severe,704_0,704,corrosion,2,1,False,2,False,False,17:corrosion|29:corrosion|43:hide_craze
resnet18,brightness_severe,721_0,721,hide_craze,2,1,False,2,False,False,17:corrosion|29:hide_craze|43:hide_craze
resnet18,brightness_severe,824_0,824,craze,2,1,False,2,False,False,17:craze|29:craze|43:hide_craze
resnet18,brightness_severe,863_0,863,thunderstrike,2,1,False,2,False,False,17:thunderstrike|29:surface_injure|43:thunderstrike
resnet18,brightness_severe,864_0,864,surface_injure,0,3,False,2,True,False,17:corrosion|29:hide_craze|43:hide_craze
resnet18,brightness_severe,875_0,875,hide_craze,3,0,True,1,False,False,17:hide_craze|29:hide_craze|43:hide_craze
resnet18,brightness_severe,875_1,875,hide_craze,3,0,True,1,False,False,17:hide_craze|29:hide_craze|43:hide_craze
resnet18,brightness_severe,1017_0,1017,hide_craze,3,0,True,1,False,False,17:hide_craze|29:hide_craze|43:hide_craze
resnet18,brightness_severe,1017_1,1017,hide_craze,3,0,True,1,False,False,17:hide_craze|29:hide_craze|43:hide_craze
resnet18,jpeg_mild,13_0,13,hide_craze,3,0,True,1,False,False,17:hide_craze|29:hide_craze|43:hide_craze
resnet18,jpeg_mild,13_1,13,hide_craze,3,0,True,1,False,False,17:hide_craze|29:hide_craze|43:hide_craze
resnet18,jpeg_mild,32_0,32,thunderstrike,3,0,True,1,False,False,17:thunderstrike|29:thunderstrike|43:thunderstrike
resnet18,jpeg_mild,32_1,32,thunderstrike,3,0,True,1,False,False,17:thunderstrike|29:thunderstrike|43:thunderstrike
resnet18,jpeg_mild,46_0,46,corrosion,3,0,True,1,False,False,17:corrosion|29:corrosion|43:corrosion
resnet18,jpeg_mild,46_1,46,corrosion,3,0,True,1,False,False,17:corrosion|29:corrosion|43:corrosion
resnet18,jpeg_mild,48_0,48,surface_injure,1,0,False,2,False,True,17:craze|29:craze|43:surface_injure
resnet18,jpeg_mild,51_0,51,craze,1,0,False,2,False,True,17:corrosion|29:corrosion|43:craze
resnet18,jpeg_mild,51_1,51,craze,3,0,True,1,False,False,17:craze|29:craze|43:craze
resnet18,jpeg_mild,54_0,54,hide_craze,3,0,True,1,False,False,17:hide_craze|29:hide_craze|43:hide_craze
resnet18,jpeg_mild,54_1,54,hide_craze,3,0,True,1,False,False,17:hide_craze|29:hide_craze|43:hide_craze
resnet18,jpeg_mild,57_0,57,craze,2,1,False,2,False,False,17:craze|29:corrosion|43:craze
resnet18,jpeg_mild,57_1,57,surface_injure,2,0,False,2,False,False,17:surface_injure|29:corrosion|43:surface_injure
resnet18,jpeg_mild,61_0,61,craze,3,0,True,1,False,False,17:craze|29:craze|43:craze
resnet18,jpeg_mild,61_1,61,craze,3,0,True,1,False,False,17:craze|29:craze|43:craze
resnet18,jpeg_mild,61_2,61,craze,3,0,True,1,False,False,17:craze|29:craze|43:craze
resnet18,jpeg_mild,65_0,65,corrosion,2,0,False,2,False,False,17:corrosion|29:hide_craze|43:corrosion
resnet18,jpeg_mild,67_0,67,hide_craze,3,0,True,1,False,False,17:hide_craze|29:hide_craze|43:hide_craze
resnet18,jpeg_mild,71_0,71,craze,3,0,True,1,False,False,17:craze|29:craze|43:craze
resnet18,jpeg_mild,73_0,73,craze,2,1,False,2,False,False,17:surface_injure|29:craze|43:craze
resnet18,jpeg_mild,81_0,81,craze,3,0,True,1,False,False,17:craze|29:craze|43:craze
resnet18,jpeg_mild,81_1,81,craze,3,0,True,1,False,False,17:craze|29:craze|43:craze
resnet18,jpeg_mild,81_2,81,craze,3,0,True,1,False,False,17:craze|29:craze|43:craze
resnet18,jpeg_mild,88_0,88,crack,1,0,False,2,False,True,17:crack|29:hide_craze|43:hide_craze
resnet18,jpeg_mild,93_0,93,craze,3,0,True,1,False,False,17:craze|29:craze|43:craze
resnet18,jpeg_mild,103_0,103,craze,3,0,True,1,False,False,17:craze|29:craze|43:craze
resnet18,jpeg_mild,112_0,112,thunderstrike,2,1,False,2,False,False,17:thunderstrike|29:thunderstrike|43:surface_injure
resnet18,jpeg_mild,112_1,112,surface_injure,3,0,True,1,False,False,17:surface_injure|29:surface_injure|43:surface_injure
resnet18,jpeg_mild,142_0,142,surface_injure,0,0,True,1,True,False,17:corrosion|29:corrosion|43:corrosion
resnet18,jpeg_mild,146_0,146,hide_craze,3,0,True,1,False,False,17:hide_craze|29:hide_craze|43:hide_craze
resnet18,jpeg_mild,156_0,156,craze,3,0,True,1,False,False,17:craze|29:craze|43:craze
resnet18,jpeg_mild,161_0,161,corrosion,3,0,True,1,False,False,17:corrosion|29:corrosion|43:corrosion
resnet18,jpeg_mild,163_0,163,hide_craze,3,0,True,1,False,False,17:hide_craze|29:hide_craze|43:hide_craze
resnet18,jpeg_mild,166_0,166,craze,2,1,False,2,False,False,17:craze|29:crack|43:craze
resnet18,jpeg_mild,167_0,167,craze,2,1,False,2,False,False,17:hide_craze|29:craze|43:craze
resnet18,jpeg_mild,167_1,167,craze,2,0,False,2,False,False,17:hide_craze|29:craze|43:craze
resnet18,jpeg_mild,178_0,178,surface_injure,3,0,True,1,False,False,17:surface_injure|29:surface_injure|43:surface_injure
resnet18,jpeg_mild,178_1,178,surface_injure,3,0,True,1,False,False,17:surface_injure|29:surface_injure|43:surface_injure
resnet18,jpeg_mild,178_2,178,surface_injure,3,0,True,1,False,False,17:surface_injure|29:surface_injure|43:surface_injure
resnet18,jpeg_mild,198_0,198,craze,3,0,True,1,False,False,17:craze|29:craze|43:craze
resnet18,jpeg_mild,198_1,198,hide_craze,3,0,True,1,False,False,17:hide_craze|29:hide_craze|43:hide_craze
resnet18,jpeg_mild,209_0,209,hide_craze,3,0,True,1,False,False,17:hide_craze|29:hide_craze|43:hide_craze
resnet18,jpeg_mild,214_0,214,craze,3,0,True,1,False,False,17:craze|29:craze|43:craze
resnet18,jpeg_mild,216_0,216,crack,3,0,True,1,False,False,17:crack|29:crack|43:crack
resnet18,jpeg_mild,217_0,217,surface_injure,3,0,True,1,False,False,17:surface_injure|29:surface_injure|43:surface_injure
resnet18,jpeg_mild,224_0,224,hide_craze,3,0,True,1,False,False,17:hide_craze|29:hide_craze|43:hide_craze
resnet18,jpeg_mild,228_0,228,hide_craze,1,0,False,2,False,True,17:hide_craze|29:crack|43:crack
resnet18,jpeg_mild,228_1,228,hide_craze,1,0,False,3,False,True,17:hide_craze|29:craze|43:crack
resnet18,jpeg_mild,234_0,234,surface_injure,3,0,True,1,False,False,17:surface_injure|29:surface_injure|43:surface_injure
resnet18,jpeg_mild,234_1,234,hide_craze,3,0,True,1,False,False,17:hide_craze|29:hide_craze|43:hide_craze
resnet18,jpeg_mild,234_2,234,hide_craze,3,0,True,1,False,False,17:hide_craze|29:hide_craze|43:hide_craze
resnet18,jpeg_mild,234_3,234,hide_craze,3,0,True,1,False,False,17:hide_craze|29:hide_craze|43:hide_craze
resnet18,jpeg_mild,234_4,234,hide_craze,3,0,True,1,False,False,17:hide_craze|29:hide_craze|43:hide_craze
resnet18,jpeg_mild,238_0,238,crack,3,0,True,1,False,False,17:crack|29:crack|43:crack
resnet18,jpeg_mild,238_1,238,crack,3,0,True,1,False,False,17:crack|29:crack|43:crack
resnet18,jpeg_mild,250_0,250,crack,3,0,True,1,False,False,17:crack|29:crack|43:crack
resnet18,jpeg_mild,252_0,252,crack,3,0,True,1,False,False,17:crack|29:crack|43:crack
resnet18,jpeg_mild,255_0,255,surface_injure,1,0,False,2,False,True,17:hide_craze|29:hide_craze|43:surface_injure
resnet18,jpeg_mild,255_1,255,surface_injure,3,0,True,1,False,False,17:surface_injure|29:surface_injure|43:surface_injure
resnet18,jpeg_mild,257_0,257,surface_injure,2,0,False,2,False,False,17:surface_injure|29:corrosion|43:surface_injure
resnet18,jpeg_mild,257_1,257,surface_injure,3,0,True,1,False,False,17:surface_injure|29:surface_injure|43:surface_injure
resnet18,jpeg_mild,269_0,269,crack,3,0,True,1,False,False,17:crack|29:crack|43:crack
resnet18,jpeg_mild,273_0,273,thunderstrike,3,0,True,1,False,False,17:thunderstrike|29:thunderstrike|43:thunderstrike
resnet18,jpeg_mild,273_1,273,surface_injure,3,0,True,1,False,False,17:surface_injure|29:surface_injure|43:surface_injure
resnet18,jpeg_mild,276_0,276,hide_craze,3,0,True,1,False,False,17:hide_craze|29:hide_craze|43:hide_craze
resnet18,jpeg_mild,276_1,276,hide_craze,3,0,True,1,False,False,17:hide_craze|29:hide_craze|43:hide_craze
resnet18,jpeg_mild,284_0,284,hide_craze,3,0,True,1,False,False,17:hide_craze|29:hide_craze|43:hide_craze
resnet18,jpeg_mild,285_0,285,surface_injure,3,0,True,1,False,False,17:surface_injure|29:surface_injure|43:surface_injure
resnet18,jpeg_mild,285_1,285,surface_injure,3,0,True,1,False,False,17:surface_injure|29:surface_injure|43:surface_injure
resnet18,jpeg_mild,318_0,318,crack,3,0,True,1,False,False,17:crack|29:crack|43:crack
resnet18,jpeg_mild,322_0,322,corrosion,3,0,True,1,False,False,17:corrosion|29:corrosion|43:corrosion
resnet18,jpeg_mild,323_0,323,corrosion,0,0,False,3,True,False,17:surface_injure|29:hide_craze|43:thunderstrike
resnet18,jpeg_mild,326_0,326,surface_injure,3,0,True,1,False,False,17:surface_injure|29:surface_injure|43:surface_injure
resnet18,jpeg_mild,326_1,326,craze,3,0,True,1,False,False,17:craze|29:craze|43:craze
resnet18,jpeg_mild,332_0,332,surface_injure,3,0,True,1,False,False,17:surface_injure|29:surface_injure|43:surface_injure
resnet18,jpeg_mild,363_0,363,surface_injure,2,1,False,2,False,False,17:surface_injure|29:hide_craze|43:surface_injure
resnet18,jpeg_mild,370_0,370,corrosion,3,0,True,1,False,False,17:corrosion|29:corrosion|43:corrosion
resnet18,jpeg_mild,370_1,370,corrosion,3,0,True,1,False,False,17:corrosion|29:corrosion|43:corrosion
resnet18,jpeg_mild,370_2,370,corrosion,3,0,True,1,False,False,17:corrosion|29:corrosion|43:corrosion
resnet18,jpeg_mild,373_0,373,corrosion,3,0,True,1,False,False,17:corrosion|29:corrosion|43:corrosion
resnet18,jpeg_mild,379_0,379,hide_craze,3,0,True,1,False,False,17:hide_craze|29:hide_craze|43:hide_craze
resnet18,jpeg_mild,379_1,379,hide_craze,3,0,True,1,False,False,17:hide_craze|29:hide_craze|43:hide_craze
resnet18,jpeg_mild,388_0,388,hide_craze,3,0,True,1,False,False,17:hide_craze|29:hide_craze|43:hide_craze
resnet18,jpeg_mild,389_0,389,crack,3,0,True,1,False,False,17:crack|29:crack|43:crack
resnet18,jpeg_mild,390_0,390,corrosion,1,0,False,2,False,True,17:surface_injure|29:corrosion|43:surface_injure
resnet18,jpeg_mild,394_0,394,crack,3,0,True,1,False,False,17:crack|29:crack|43:crack
resnet18,jpeg_mild,405_0,405,corrosion,3,0,True,1,False,False,17:corrosion|29:corrosion|43:corrosion
resnet18,jpeg_mild,407_0,407,surface_injure,3,0,True,1,False,False,17:surface_injure|29:surface_injure|43:surface_injure
resnet18,jpeg_mild,408_0,408,corrosion,3,0,True,1,False,False,17:corrosion|29:corrosion|43:corrosion
resnet18,jpeg_mild,408_1,408,corrosion,3,0,True,1,False,False,17:corrosion|29:corrosion|43:corrosion
resnet18,jpeg_mild,410_0,410,corrosion,2,0,False,2,False,False,17:corrosion|29:corrosion|43:craze
resnet18,jpeg_mild,410_1,410,corrosion,3,0,True,1,False,False,17:corrosion|29:corrosion|43:corrosion
resnet18,jpeg_mild,432_0,432,surface_injure,3,0,True,1,False,False,17:surface_injure|29:surface_injure|43:surface_injure
resnet18,jpeg_mild,438_0,438,hide_craze,3,0,True,1,False,False,17:hide_craze|29:hide_craze|43:hide_craze
resnet18,jpeg_mild,440_0,440,crack,3,0,True,1,False,False,17:crack|29:crack|43:crack
resnet18,jpeg_mild,447_0,447,crack,3,0,True,1,False,False,17:crack|29:crack|43:crack
resnet18,jpeg_mild,447_1,447,crack,3,0,True,1,False,False,17:crack|29:crack|43:crack
resnet18,jpeg_mild,451_0,451,corrosion,3,0,True,1,False,False,17:corrosion|29:corrosion|43:corrosion
resnet18,jpeg_mild,457_0,457,hide_craze,3,0,True,1,False,False,17:hide_craze|29:hide_craze|43:hide_craze
resnet18,jpeg_mild,457_1,457,hide_craze,3,0,True,1,False,False,17:hide_craze|29:hide_craze|43:hide_craze
resnet18,jpeg_mild,457_2,457,hide_craze,3,0,True,1,False,False,17:hide_craze|29:hide_craze|43:hide_craze
resnet18,jpeg_mild,464_0,464,craze,2,1,False,2,False,False,17:surface_injure|29:craze|43:craze
resnet18,jpeg_mild,464_1,464,hide_craze,1,0,False,3,False,True,17:surface_injure|29:hide_craze|43:thunderstrike
resnet18,jpeg_mild,469_0,469,craze,3,0,True,1,False,False,17:craze|29:craze|43:craze
resnet18,jpeg_mild,473_0,473,crack,3,0,True,1,False,False,17:crack|29:crack|43:crack
resnet18,jpeg_mild,476_0,476,surface_injure,2,1,False,2,False,False,17:surface_injure|29:surface_injure|43:hide_craze
resnet18,jpeg_mild,479_0,479,surface_injure,3,0,True,1,False,False,17:surface_injure|29:surface_injure|43:surface_injure
resnet18,jpeg_mild,479_1,479,thunderstrike,3,0,True,1,False,False,17:thunderstrike|29:thunderstrike|43:thunderstrike
resnet18,jpeg_mild,501_0,501,corrosion,3,0,True,1,False,False,17:corrosion|29:corrosion|43:corrosion
resnet18,jpeg_mild,505_0,505,corrosion,3,0,True,1,False,False,17:corrosion|29:corrosion|43:corrosion
resnet18,jpeg_mild,511_0,511,hide_craze,3,0,True,1,False,False,17:hide_craze|29:hide_craze|43:hide_craze
resnet18,jpeg_mild,511_1,511,hide_craze,3,0,True,1,False,False,17:hide_craze|29:hide_craze|43:hide_craze
resnet18,jpeg_mild,521_0,521,corrosion,1,0,False,3,False,True,17:corrosion|29:hide_craze|43:surface_injure
resnet18,jpeg_mild,521_1,521,corrosion,0,0,True,1,True,False,17:hide_craze|29:hide_craze|43:hide_craze
resnet18,jpeg_mild,541_0,541,hide_craze,3,0,True,1,False,False,17:hide_craze|29:hide_craze|43:hide_craze
resnet18,jpeg_mild,546_0,546,corrosion,0,0,True,1,True,False,17:surface_injure|29:surface_injure|43:surface_injure
resnet18,jpeg_mild,546_1,546,corrosion,3,0,True,1,False,False,17:corrosion|29:corrosion|43:corrosion
resnet18,jpeg_mild,546_2,546,corrosion,3,0,True,1,False,False,17:corrosion|29:corrosion|43:corrosion
resnet18,jpeg_mild,563_0,563,craze,3,0,True,1,False,False,17:craze|29:craze|43:craze
resnet18,jpeg_mild,566_0,566,corrosion,3,0,True,1,False,False,17:corrosion|29:corrosion|43:corrosion
resnet18,jpeg_mild,569_0,569,hide_craze,3,0,True,1,False,False,17:hide_craze|29:hide_craze|43:hide_craze
resnet18,jpeg_mild,574_0,574,craze,3,0,True,1,False,False,17:craze|29:craze|43:craze
resnet18,jpeg_mild,580_0,580,craze,3,0,True,1,False,False,17:craze|29:craze|43:craze
resnet18,jpeg_mild,591_0,591,thunderstrike,2,0,False,2,False,False,17:thunderstrike|29:thunderstrike|43:surface_injure
resnet18,jpeg_mild,591_1,591,surface_injure,3,0,True,1,False,False,17:surface_injure|29:surface_injure|43:surface_injure
resnet18,jpeg_mild,591_2,591,surface_injure,2,1,False,2,False,False,17:surface_injure|29:hide_craze|43:surface_injure
resnet18,jpeg_mild,597_0,597,hide_craze,3,0,True,1,False,False,17:hide_craze|29:hide_craze|43:hide_craze
resnet18,jpeg_mild,598_0,598,corrosion,3,0,True,1,False,False,17:corrosion|29:corrosion|43:corrosion
resnet18,jpeg_mild,598_1,598,corrosion,3,0,True,1,False,False,17:corrosion|29:corrosion|43:corrosion
resnet18,jpeg_mild,600_0,600,hide_craze,2,0,False,2,False,False,17:hide_craze|29:corrosion|43:hide_craze
resnet18,jpeg_mild,610_0,610,hide_craze,3,0,True,1,False,False,17:hide_craze|29:hide_craze|43:hide_craze
resnet18,jpeg_mild,623_0,623,hide_craze,3,0,True,1,False,False,17:hide_craze|29:hide_craze|43:hide_craze
resnet18,jpeg_mild,623_1,623,surface_injure,0,1,False,2,True,False,17:crack|29:hide_craze|43:crack
resnet18,jpeg_mild,633_0,633,hide_craze,3,0,True,1,False,False,17:hide_craze|29:hide_craze|43:hide_craze
resnet18,jpeg_mild,642_0,642,hide_craze,3,0,True,1,False,False,17:hide_craze|29:hide_craze|43:hide_craze
resnet18,jpeg_mild,642_1,642,surface_injure,2,0,False,2,False,False,17:surface_injure|29:hide_craze|43:surface_injure
resnet18,jpeg_mild,643_0,643,hide_craze,3,0,True,1,False,False,17:hide_craze|29:hide_craze|43:hide_craze
resnet18,jpeg_mild,650_0,650,corrosion,3,0,True,1,False,False,17:corrosion|29:corrosion|43:corrosion
resnet18,jpeg_mild,655_0,655,hide_craze,2,0,False,2,False,False,17:crack|29:hide_craze|43:hide_craze
resnet18,jpeg_mild,658_0,658,corrosion,1,1,False,2,False,True,17:hide_craze|29:hide_craze|43:corrosion
resnet18,jpeg_mild,663_0,663,hide_craze,3,0,True,1,False,False,17:hide_craze|29:hide_craze|43:hide_craze
resnet18,jpeg_mild,671_0,671,hide_craze,3,0,True,1,False,False,17:hide_craze|29:hide_craze|43:hide_craze
resnet18,jpeg_mild,671_1,671,surface_injure,1,0,False,2,False,True,17:hide_craze|29:hide_craze|43:surface_injure
resnet18,jpeg_mild,677_0,677,hide_craze,3,0,True,1,False,False,17:hide_craze|29:hide_craze|43:hide_craze
resnet18,jpeg_mild,686_0,686,thunderstrike,3,0,True,1,False,False,17:thunderstrike|29:thunderstrike|43:thunderstrike
resnet18,jpeg_mild,689_0,689,surface_injure,1,0,False,3,False,True,17:crack|29:hide_craze|43:surface_injure
resnet18,jpeg_mild,689_1,689,surface_injure,3,0,True,1,False,False,17:surface_injure|29:surface_injure|43:surface_injure
resnet18,jpeg_mild,689_2,689,surface_injure,3,0,True,1,False,False,17:surface_injure|29:surface_injure|43:surface_injure
resnet18,jpeg_mild,689_3,689,surface_injure,3,0,True,1,False,False,17:surface_injure|29:surface_injure|43:surface_injure
resnet18,jpeg_mild,696_0,696,hide_craze,3,0,True,1,False,False,17:hide_craze|29:hide_craze|43:hide_craze
resnet18,jpeg_mild,696_1,696,hide_craze,3,0,True,1,False,False,17:hide_craze|29:hide_craze|43:hide_craze
resnet18,jpeg_mild,699_0,699,thunderstrike,3,0,True,1,False,False,17:thunderstrike|29:thunderstrike|43:thunderstrike
resnet18,jpeg_mild,701_0,701,craze,3,0,True,1,False,False,17:craze|29:craze|43:craze
resnet18,jpeg_mild,704_0,704,corrosion,3,0,True,1,False,False,17:corrosion|29:corrosion|43:corrosion
resnet18,jpeg_mild,721_0,721,hide_craze,3,0,True,1,False,False,17:hide_craze|29:hide_craze|43:hide_craze
resnet18,jpeg_mild,824_0,824,craze,3,0,True,1,False,False,17:craze|29:craze|43:craze
resnet18,jpeg_mild,863_0,863,thunderstrike,3,0,True,1,False,False,17:thunderstrike|29:thunderstrike|43:thunderstrike
resnet18,jpeg_mild,864_0,864,surface_injure,2,1,False,2,False,False,17:surface_injure|29:surface_injure|43:hide_craze
resnet18,jpeg_mild,875_0,875,hide_craze,3,0,True,1,False,False,17:hide_craze|29:hide_craze|43:hide_craze
resnet18,jpeg_mild,875_1,875,hide_craze,3,0,True,1,False,False,17:hide_craze|29:hide_craze|43:hide_craze
resnet18,jpeg_mild,1017_0,1017,hide_craze,3,0,True,1,False,False,17:hide_craze|29:hide_craze|43:hide_craze
resnet18,jpeg_mild,1017_1,1017,hide_craze,3,0,True,1,False,False,17:hide_craze|29:hide_craze|43:hide_craze
resnet18,jpeg_moderate,13_0,13,hide_craze,3,0,True,1,False,False,17:hide_craze|29:hide_craze|43:hide_craze
resnet18,jpeg_moderate,13_1,13,hide_craze,3,0,True,1,False,False,17:hide_craze|29:hide_craze|43:hide_craze
resnet18,jpeg_moderate,32_0,32,thunderstrike,3,0,True,1,False,False,17:thunderstrike|29:thunderstrike|43:thunderstrike
resnet18,jpeg_moderate,32_1,32,thunderstrike,3,0,True,1,False,False,17:thunderstrike|29:thunderstrike|43:thunderstrike
resnet18,jpeg_moderate,46_0,46,corrosion,1,2,False,2,False,True,17:hide_craze|29:hide_craze|43:corrosion
resnet18,jpeg_moderate,46_1,46,corrosion,3,0,True,1,False,False,17:corrosion|29:corrosion|43:corrosion
resnet18,jpeg_moderate,48_0,48,surface_injure,0,0,True,1,True,False,17:craze|29:craze|43:craze
resnet18,jpeg_moderate,51_0,51,craze,1,0,False,2,False,True,17:corrosion|29:corrosion|43:craze
resnet18,jpeg_moderate,51_1,51,craze,3,0,True,1,False,False,17:craze|29:craze|43:craze
resnet18,jpeg_moderate,54_0,54,hide_craze,3,0,True,1,False,False,17:hide_craze|29:hide_craze|43:hide_craze
resnet18,jpeg_moderate,54_1,54,hide_craze,3,0,True,1,False,False,17:hide_craze|29:hide_craze|43:hide_craze
resnet18,jpeg_moderate,57_0,57,craze,2,1,False,2,False,False,17:craze|29:corrosion|43:craze
resnet18,jpeg_moderate,57_1,57,surface_injure,2,0,False,2,False,False,17:surface_injure|29:corrosion|43:surface_injure
resnet18,jpeg_moderate,61_0,61,craze,3,0,True,1,False,False,17:craze|29:craze|43:craze
resnet18,jpeg_moderate,61_1,61,craze,3,0,True,1,False,False,17:craze|29:craze|43:craze
resnet18,jpeg_moderate,61_2,61,craze,2,1,False,2,False,False,17:hide_craze|29:craze|43:craze
resnet18,jpeg_moderate,65_0,65,corrosion,2,0,False,2,False,False,17:corrosion|29:hide_craze|43:corrosion
resnet18,jpeg_moderate,67_0,67,hide_craze,3,0,True,1,False,False,17:hide_craze|29:hide_craze|43:hide_craze
resnet18,jpeg_moderate,71_0,71,craze,3,0,True,1,False,False,17:craze|29:craze|43:craze
resnet18,jpeg_moderate,73_0,73,craze,2,1,False,2,False,False,17:surface_injure|29:craze|43:craze
resnet18,jpeg_moderate,81_0,81,craze,3,0,True,1,False,False,17:craze|29:craze|43:craze
resnet18,jpeg_moderate,81_1,81,craze,3,0,True,1,False,False,17:craze|29:craze|43:craze
resnet18,jpeg_moderate,81_2,81,craze,3,0,True,1,False,False,17:craze|29:craze|43:craze
resnet18,jpeg_moderate,88_0,88,crack,1,0,False,2,False,True,17:crack|29:hide_craze|43:hide_craze
resnet18,jpeg_moderate,93_0,93,craze,2,1,False,2,False,False,17:craze|29:craze|43:crack
resnet18,jpeg_moderate,103_0,103,craze,2,1,False,2,False,False,17:hide_craze|29:craze|43:craze
resnet18,jpeg_moderate,112_0,112,thunderstrike,2,1,False,2,False,False,17:thunderstrike|29:thunderstrike|43:surface_injure
resnet18,jpeg_moderate,112_1,112,surface_injure,3,0,True,1,False,False,17:surface_injure|29:surface_injure|43:surface_injure
resnet18,jpeg_moderate,142_0,142,surface_injure,0,0,True,1,True,False,17:corrosion|29:corrosion|43:corrosion
resnet18,jpeg_moderate,146_0,146,hide_craze,3,0,True,1,False,False,17:hide_craze|29:hide_craze|43:hide_craze
resnet18,jpeg_moderate,156_0,156,craze,3,0,True,1,False,False,17:craze|29:craze|43:craze
resnet18,jpeg_moderate,161_0,161,corrosion,3,0,True,1,False,False,17:corrosion|29:corrosion|43:corrosion
resnet18,jpeg_moderate,163_0,163,hide_craze,3,0,True,1,False,False,17:hide_craze|29:hide_craze|43:hide_craze
resnet18,jpeg_moderate,166_0,166,craze,2,1,False,2,False,False,17:craze|29:crack|43:craze
resnet18,jpeg_moderate,167_0,167,craze,2,1,False,2,False,False,17:hide_craze|29:craze|43:craze
resnet18,jpeg_moderate,167_1,167,craze,2,0,False,2,False,False,17:hide_craze|29:craze|43:craze
resnet18,jpeg_moderate,178_0,178,surface_injure,3,0,True,1,False,False,17:surface_injure|29:surface_injure|43:surface_injure
resnet18,jpeg_moderate,178_1,178,surface_injure,3,0,True,1,False,False,17:surface_injure|29:surface_injure|43:surface_injure
resnet18,jpeg_moderate,178_2,178,surface_injure,3,0,True,1,False,False,17:surface_injure|29:surface_injure|43:surface_injure
resnet18,jpeg_moderate,198_0,198,craze,2,1,False,2,False,False,17:craze|29:hide_craze|43:craze
resnet18,jpeg_moderate,198_1,198,hide_craze,3,0,True,1,False,False,17:hide_craze|29:hide_craze|43:hide_craze
resnet18,jpeg_moderate,209_0,209,hide_craze,2,1,False,2,False,False,17:surface_injure|29:hide_craze|43:hide_craze
resnet18,jpeg_moderate,214_0,214,craze,3,0,True,1,False,False,17:craze|29:craze|43:craze
resnet18,jpeg_moderate,216_0,216,crack,3,0,True,1,False,False,17:crack|29:crack|43:crack
resnet18,jpeg_moderate,217_0,217,surface_injure,3,0,True,1,False,False,17:surface_injure|29:surface_injure|43:surface_injure
resnet18,jpeg_moderate,224_0,224,hide_craze,3,0,True,1,False,False,17:hide_craze|29:hide_craze|43:hide_craze
resnet18,jpeg_moderate,228_0,228,hide_craze,1,0,False,2,False,True,17:hide_craze|29:crack|43:crack
resnet18,jpeg_moderate,228_1,228,hide_craze,1,0,False,3,False,True,17:hide_craze|29:craze|43:crack
resnet18,jpeg_moderate,234_0,234,surface_injure,3,0,True,1,False,False,17:surface_injure|29:surface_injure|43:surface_injure
resnet18,jpeg_moderate,234_1,234,hide_craze,3,0,True,1,False,False,17:hide_craze|29:hide_craze|43:hide_craze
resnet18,jpeg_moderate,234_2,234,hide_craze,3,0,True,1,False,False,17:hide_craze|29:hide_craze|43:hide_craze
resnet18,jpeg_moderate,234_3,234,hide_craze,3,0,True,1,False,False,17:hide_craze|29:hide_craze|43:hide_craze
resnet18,jpeg_moderate,234_4,234,hide_craze,3,0,True,1,False,False,17:hide_craze|29:hide_craze|43:hide_craze
resnet18,jpeg_moderate,238_0,238,crack,3,0,True,1,False,False,17:crack|29:crack|43:crack
resnet18,jpeg_moderate,238_1,238,crack,3,0,True,1,False,False,17:crack|29:crack|43:crack
resnet18,jpeg_moderate,250_0,250,crack,3,0,True,1,False,False,17:crack|29:crack|43:crack
resnet18,jpeg_moderate,252_0,252,crack,3,0,True,1,False,False,17:crack|29:crack|43:crack
resnet18,jpeg_moderate,255_0,255,surface_injure,2,0,False,2,False,False,17:surface_injure|29:hide_craze|43:surface_injure
resnet18,jpeg_moderate,255_1,255,surface_injure,3,0,True,1,False,False,17:surface_injure|29:surface_injure|43:surface_injure
resnet18,jpeg_moderate,257_0,257,surface_injure,2,0,False,2,False,False,17:surface_injure|29:corrosion|43:surface_injure
resnet18,jpeg_moderate,257_1,257,surface_injure,3,0,True,1,False,False,17:surface_injure|29:surface_injure|43:surface_injure
resnet18,jpeg_moderate,269_0,269,crack,3,0,True,1,False,False,17:crack|29:crack|43:crack
resnet18,jpeg_moderate,273_0,273,thunderstrike,3,0,True,1,False,False,17:thunderstrike|29:thunderstrike|43:thunderstrike
resnet18,jpeg_moderate,273_1,273,surface_injure,3,0,True,1,False,False,17:surface_injure|29:surface_injure|43:surface_injure
resnet18,jpeg_moderate,276_0,276,hide_craze,3,0,True,1,False,False,17:hide_craze|29:hide_craze|43:hide_craze
resnet18,jpeg_moderate,276_1,276,hide_craze,3,0,True,1,False,False,17:hide_craze|29:hide_craze|43:hide_craze
resnet18,jpeg_moderate,284_0,284,hide_craze,3,0,True,1,False,False,17:hide_craze|29:hide_craze|43:hide_craze
resnet18,jpeg_moderate,285_0,285,surface_injure,3,0,True,1,False,False,17:surface_injure|29:surface_injure|43:surface_injure
resnet18,jpeg_moderate,285_1,285,surface_injure,3,0,True,1,False,False,17:surface_injure|29:surface_injure|43:surface_injure
resnet18,jpeg_moderate,318_0,318,crack,3,0,True,1,False,False,17:crack|29:crack|43:crack
resnet18,jpeg_moderate,322_0,322,corrosion,3,0,True,1,False,False,17:corrosion|29:corrosion|43:corrosion
resnet18,jpeg_moderate,323_0,323,corrosion,0,0,False,3,True,False,17:surface_injure|29:hide_craze|43:thunderstrike
resnet18,jpeg_moderate,326_0,326,surface_injure,3,0,True,1,False,False,17:surface_injure|29:surface_injure|43:surface_injure
resnet18,jpeg_moderate,326_1,326,craze,2,1,False,2,False,False,17:surface_injure|29:craze|43:craze
resnet18,jpeg_moderate,332_0,332,surface_injure,3,0,True,1,False,False,17:surface_injure|29:surface_injure|43:surface_injure
resnet18,jpeg_moderate,363_0,363,surface_injure,3,0,True,1,False,False,17:surface_injure|29:surface_injure|43:surface_injure
resnet18,jpeg_moderate,370_0,370,corrosion,3,0,True,1,False,False,17:corrosion|29:corrosion|43:corrosion
resnet18,jpeg_moderate,370_1,370,corrosion,3,0,True,1,False,False,17:corrosion|29:corrosion|43:corrosion
resnet18,jpeg_moderate,370_2,370,corrosion,3,0,True,1,False,False,17:corrosion|29:corrosion|43:corrosion
resnet18,jpeg_moderate,373_0,373,corrosion,3,0,True,1,False,False,17:corrosion|29:corrosion|43:corrosion
resnet18,jpeg_moderate,379_0,379,hide_craze,3,0,True,1,False,False,17:hide_craze|29:hide_craze|43:hide_craze
resnet18,jpeg_moderate,379_1,379,hide_craze,3,0,True,1,False,False,17:hide_craze|29:hide_craze|43:hide_craze
resnet18,jpeg_moderate,388_0,388,hide_craze,3,0,True,1,False,False,17:hide_craze|29:hide_craze|43:hide_craze
resnet18,jpeg_moderate,389_0,389,crack,3,0,True,1,False,False,17:crack|29:crack|43:crack
resnet18,jpeg_moderate,390_0,390,corrosion,0,1,True,1,True,False,17:surface_injure|29:surface_injure|43:surface_injure
resnet18,jpeg_moderate,394_0,394,crack,3,0,True,1,False,False,17:crack|29:crack|43:crack
resnet18,jpeg_moderate,405_0,405,corrosion,3,0,True,1,False,False,17:corrosion|29:corrosion|43:corrosion
resnet18,jpeg_moderate,407_0,407,surface_injure,3,0,True,1,False,False,17:surface_injure|29:surface_injure|43:surface_injure
resnet18,jpeg_moderate,408_0,408,corrosion,3,0,True,1,False,False,17:corrosion|29:corrosion|43:corrosion
resnet18,jpeg_moderate,408_1,408,corrosion,3,0,True,1,False,False,17:corrosion|29:corrosion|43:corrosion
resnet18,jpeg_moderate,410_0,410,corrosion,3,0,True,1,False,False,17:corrosion|29:corrosion|43:corrosion
resnet18,jpeg_moderate,410_1,410,corrosion,3,0,True,1,False,False,17:corrosion|29:corrosion|43:corrosion
resnet18,jpeg_moderate,432_0,432,surface_injure,3,0,True,1,False,False,17:surface_injure|29:surface_injure|43:surface_injure
resnet18,jpeg_moderate,438_0,438,hide_craze,3,0,True,1,False,False,17:hide_craze|29:hide_craze|43:hide_craze
resnet18,jpeg_moderate,440_0,440,crack,3,0,True,1,False,False,17:crack|29:crack|43:crack
resnet18,jpeg_moderate,447_0,447,crack,3,0,True,1,False,False,17:crack|29:crack|43:crack
resnet18,jpeg_moderate,447_1,447,crack,3,0,True,1,False,False,17:crack|29:crack|43:crack
resnet18,jpeg_moderate,451_0,451,corrosion,3,0,True,1,False,False,17:corrosion|29:corrosion|43:corrosion
resnet18,jpeg_moderate,457_0,457,hide_craze,3,0,True,1,False,False,17:hide_craze|29:hide_craze|43:hide_craze
resnet18,jpeg_moderate,457_1,457,hide_craze,3,0,True,1,False,False,17:hide_craze|29:hide_craze|43:hide_craze
resnet18,jpeg_moderate,457_2,457,hide_craze,2,0,False,2,False,False,17:hide_craze|29:hide_craze|43:thunderstrike
resnet18,jpeg_moderate,464_0,464,craze,3,0,True,1,False,False,17:craze|29:craze|43:craze
resnet18,jpeg_moderate,464_1,464,hide_craze,1,0,False,2,False,True,17:surface_injure|29:hide_craze|43:surface_injure
resnet18,jpeg_moderate,469_0,469,craze,3,0,True,1,False,False,17:craze|29:craze|43:craze
resnet18,jpeg_moderate,473_0,473,crack,3,0,True,1,False,False,17:crack|29:crack|43:crack
resnet18,jpeg_moderate,476_0,476,surface_injure,2,1,False,2,False,False,17:surface_injure|29:surface_injure|43:hide_craze
resnet18,jpeg_moderate,479_0,479,surface_injure,3,0,True,1,False,False,17:surface_injure|29:surface_injure|43:surface_injure
resnet18,jpeg_moderate,479_1,479,thunderstrike,3,0,True,1,False,False,17:thunderstrike|29:thunderstrike|43:thunderstrike
resnet18,jpeg_moderate,501_0,501,corrosion,3,0,True,1,False,False,17:corrosion|29:corrosion|43:corrosion
resnet18,jpeg_moderate,505_0,505,corrosion,3,0,True,1,False,False,17:corrosion|29:corrosion|43:corrosion
resnet18,jpeg_moderate,511_0,511,hide_craze,3,0,True,1,False,False,17:hide_craze|29:hide_craze|43:hide_craze
resnet18,jpeg_moderate,511_1,511,hide_craze,3,0,True,1,False,False,17:hide_craze|29:hide_craze|43:hide_craze
resnet18,jpeg_moderate,521_0,521,corrosion,0,0,False,2,True,False,17:surface_injure|29:hide_craze|43:surface_injure
resnet18,jpeg_moderate,521_1,521,corrosion,0,0,True,1,True,False,17:hide_craze|29:hide_craze|43:hide_craze
resnet18,jpeg_moderate,541_0,541,hide_craze,3,0,True,1,False,False,17:hide_craze|29:hide_craze|43:hide_craze
resnet18,jpeg_moderate,546_0,546,corrosion,0,0,True,1,True,False,17:surface_injure|29:surface_injure|43:surface_injure
resnet18,jpeg_moderate,546_1,546,corrosion,3,0,True,1,False,False,17:corrosion|29:corrosion|43:corrosion
resnet18,jpeg_moderate,546_2,546,corrosion,3,0,True,1,False,False,17:corrosion|29:corrosion|43:corrosion
resnet18,jpeg_moderate,563_0,563,craze,3,0,True,1,False,False,17:craze|29:craze|43:craze
resnet18,jpeg_moderate,566_0,566,corrosion,3,0,True,1,False,False,17:corrosion|29:corrosion|43:corrosion
resnet18,jpeg_moderate,569_0,569,hide_craze,3,0,True,1,False,False,17:hide_craze|29:hide_craze|43:hide_craze
resnet18,jpeg_moderate,574_0,574,craze,3,0,True,1,False,False,17:craze|29:craze|43:craze
resnet18,jpeg_moderate,580_0,580,craze,3,0,True,1,False,False,17:craze|29:craze|43:craze
resnet18,jpeg_moderate,591_0,591,thunderstrike,1,1,False,2,False,True,17:surface_injure|29:thunderstrike|43:surface_injure
resnet18,jpeg_moderate,591_1,591,surface_injure,3,0,True,1,False,False,17:surface_injure|29:surface_injure|43:surface_injure
resnet18,jpeg_moderate,591_2,591,surface_injure,2,1,False,2,False,False,17:surface_injure|29:hide_craze|43:surface_injure
resnet18,jpeg_moderate,597_0,597,hide_craze,3,0,True,1,False,False,17:hide_craze|29:hide_craze|43:hide_craze
resnet18,jpeg_moderate,598_0,598,corrosion,3,0,True,1,False,False,17:corrosion|29:corrosion|43:corrosion
resnet18,jpeg_moderate,598_1,598,corrosion,3,0,True,1,False,False,17:corrosion|29:corrosion|43:corrosion
resnet18,jpeg_moderate,600_0,600,hide_craze,3,0,True,1,False,False,17:hide_craze|29:hide_craze|43:hide_craze
resnet18,jpeg_moderate,610_0,610,hide_craze,3,0,True,1,False,False,17:hide_craze|29:hide_craze|43:hide_craze
resnet18,jpeg_moderate,623_0,623,hide_craze,3,0,True,1,False,False,17:hide_craze|29:hide_craze|43:hide_craze
resnet18,jpeg_moderate,623_1,623,surface_injure,0,1,False,2,True,False,17:crack|29:hide_craze|43:crack
resnet18,jpeg_moderate,633_0,633,hide_craze,3,0,True,1,False,False,17:hide_craze|29:hide_craze|43:hide_craze
resnet18,jpeg_moderate,642_0,642,hide_craze,2,1,False,2,False,False,17:surface_injure|29:hide_craze|43:hide_craze
resnet18,jpeg_moderate,642_1,642,surface_injure,2,0,False,2,False,False,17:surface_injure|29:hide_craze|43:surface_injure
resnet18,jpeg_moderate,643_0,643,hide_craze,3,0,True,1,False,False,17:hide_craze|29:hide_craze|43:hide_craze
resnet18,jpeg_moderate,650_0,650,corrosion,3,0,True,1,False,False,17:corrosion|29:corrosion|43:corrosion
resnet18,jpeg_moderate,655_0,655,hide_craze,2,0,False,2,False,False,17:crack|29:hide_craze|43:hide_craze
resnet18,jpeg_moderate,658_0,658,corrosion,1,1,False,2,False,True,17:hide_craze|29:hide_craze|43:corrosion
resnet18,jpeg_moderate,663_0,663,hide_craze,3,0,True,1,False,False,17:hide_craze|29:hide_craze|43:hide_craze
resnet18,jpeg_moderate,671_0,671,hide_craze,3,0,True,1,False,False,17:hide_craze|29:hide_craze|43:hide_craze
resnet18,jpeg_moderate,671_1,671,surface_injure,0,1,True,1,True,False,17:hide_craze|29:hide_craze|43:hide_craze
resnet18,jpeg_moderate,677_0,677,hide_craze,3,0,True,1,False,False,17:hide_craze|29:hide_craze|43:hide_craze
resnet18,jpeg_moderate,686_0,686,thunderstrike,3,0,True,1,False,False,17:thunderstrike|29:thunderstrike|43:thunderstrike
resnet18,jpeg_moderate,689_0,689,surface_injure,1,0,False,3,False,True,17:crack|29:hide_craze|43:surface_injure
resnet18,jpeg_moderate,689_1,689,surface_injure,3,0,True,1,False,False,17:surface_injure|29:surface_injure|43:surface_injure
resnet18,jpeg_moderate,689_2,689,surface_injure,3,0,True,1,False,False,17:surface_injure|29:surface_injure|43:surface_injure
resnet18,jpeg_moderate,689_3,689,surface_injure,3,0,True,1,False,False,17:surface_injure|29:surface_injure|43:surface_injure
resnet18,jpeg_moderate,696_0,696,hide_craze,3,0,True,1,False,False,17:hide_craze|29:hide_craze|43:hide_craze
resnet18,jpeg_moderate,696_1,696,hide_craze,3,0,True,1,False,False,17:hide_craze|29:hide_craze|43:hide_craze
resnet18,jpeg_moderate,699_0,699,thunderstrike,3,0,True,1,False,False,17:thunderstrike|29:thunderstrike|43:thunderstrike
resnet18,jpeg_moderate,701_0,701,craze,3,0,True,1,False,False,17:craze|29:craze|43:craze
resnet18,jpeg_moderate,704_0,704,corrosion,3,0,True,1,False,False,17:corrosion|29:corrosion|43:corrosion
resnet18,jpeg_moderate,721_0,721,hide_craze,3,0,True,1,False,False,17:hide_craze|29:hide_craze|43:hide_craze
resnet18,jpeg_moderate,824_0,824,craze,2,1,False,2,False,False,17:craze|29:craze|43:crack
resnet18,jpeg_moderate,863_0,863,thunderstrike,3,0,True,1,False,False,17:thunderstrike|29:thunderstrike|43:thunderstrike
resnet18,jpeg_moderate,864_0,864,surface_injure,2,1,False,2,False,False,17:surface_injure|29:surface_injure|43:hide_craze
resnet18,jpeg_moderate,875_0,875,hide_craze,3,0,True,1,False,False,17:hide_craze|29:hide_craze|43:hide_craze
resnet18,jpeg_moderate,875_1,875,hide_craze,3,0,True,1,False,False,17:hide_craze|29:hide_craze|43:hide_craze
resnet18,jpeg_moderate,1017_0,1017,hide_craze,3,0,True,1,False,False,17:hide_craze|29:hide_craze|43:hide_craze
resnet18,jpeg_moderate,1017_1,1017,hide_craze,3,0,True,1,False,False,17:hide_craze|29:hide_craze|43:hide_craze
resnet18,jpeg_severe,13_0,13,hide_craze,3,0,True,1,False,False,17:hide_craze|29:hide_craze|43:hide_craze
resnet18,jpeg_severe,13_1,13,hide_craze,3,0,True,1,False,False,17:hide_craze|29:hide_craze|43:hide_craze
resnet18,jpeg_severe,32_0,32,thunderstrike,3,0,True,1,False,False,17:thunderstrike|29:thunderstrike|43:thunderstrike
resnet18,jpeg_severe,32_1,32,thunderstrike,3,0,True,1,False,False,17:thunderstrike|29:thunderstrike|43:thunderstrike
resnet18,jpeg_severe,46_0,46,corrosion,1,2,False,2,False,True,17:hide_craze|29:hide_craze|43:corrosion
resnet18,jpeg_severe,46_1,46,corrosion,3,0,True,1,False,False,17:corrosion|29:corrosion|43:corrosion
resnet18,jpeg_severe,48_0,48,surface_injure,1,0,False,2,False,True,17:craze|29:craze|43:surface_injure
resnet18,jpeg_severe,51_0,51,craze,1,0,False,2,False,True,17:corrosion|29:corrosion|43:craze
resnet18,jpeg_severe,51_1,51,craze,3,0,True,1,False,False,17:craze|29:craze|43:craze
resnet18,jpeg_severe,54_0,54,hide_craze,3,0,True,1,False,False,17:hide_craze|29:hide_craze|43:hide_craze
resnet18,jpeg_severe,54_1,54,hide_craze,3,0,True,1,False,False,17:hide_craze|29:hide_craze|43:hide_craze
resnet18,jpeg_severe,57_0,57,craze,0,3,False,2,True,False,17:hide_craze|29:corrosion|43:hide_craze
resnet18,jpeg_severe,57_1,57,surface_injure,1,1,False,2,False,True,17:surface_injure|29:corrosion|43:corrosion
resnet18,jpeg_severe,61_0,61,craze,3,0,True,1,False,False,17:craze|29:craze|43:craze
resnet18,jpeg_severe,61_1,61,craze,1,2,False,2,False,True,17:hide_craze|29:craze|43:hide_craze
resnet18,jpeg_severe,61_2,61,craze,1,2,False,3,False,True,17:thunderstrike|29:craze|43:hide_craze
resnet18,jpeg_severe,65_0,65,corrosion,2,0,False,2,False,False,17:corrosion|29:hide_craze|43:corrosion
resnet18,jpeg_severe,67_0,67,hide_craze,3,0,True,1,False,False,17:hide_craze|29:hide_craze|43:hide_craze
resnet18,jpeg_severe,71_0,71,craze,3,0,True,1,False,False,17:craze|29:craze|43:craze
resnet18,jpeg_severe,73_0,73,craze,2,1,False,2,False,False,17:surface_injure|29:craze|43:craze
resnet18,jpeg_severe,81_0,81,craze,3,0,True,1,False,False,17:craze|29:craze|43:craze
resnet18,jpeg_severe,81_1,81,craze,3,0,True,1,False,False,17:craze|29:craze|43:craze
resnet18,jpeg_severe,81_2,81,craze,3,0,True,1,False,False,17:craze|29:craze|43:craze
resnet18,jpeg_severe,88_0,88,crack,1,0,False,2,False,True,17:crack|29:hide_craze|43:hide_craze
resnet18,jpeg_severe,93_0,93,craze,3,0,True,1,False,False,17:craze|29:craze|43:craze
resnet18,jpeg_severe,103_0,103,craze,2,1,False,2,False,False,17:hide_craze|29:craze|43:craze
resnet18,jpeg_severe,112_0,112,thunderstrike,2,1,False,2,False,False,17:thunderstrike|29:thunderstrike|43:surface_injure
resnet18,jpeg_severe,112_1,112,surface_injure,3,0,True,1,False,False,17:surface_injure|29:surface_injure|43:surface_injure
resnet18,jpeg_severe,142_0,142,surface_injure,0,0,True,1,True,False,17:corrosion|29:corrosion|43:corrosion
resnet18,jpeg_severe,146_0,146,hide_craze,3,0,True,1,False,False,17:hide_craze|29:hide_craze|43:hide_craze
resnet18,jpeg_severe,156_0,156,craze,3,0,True,1,False,False,17:craze|29:craze|43:craze
resnet18,jpeg_severe,161_0,161,corrosion,3,0,True,1,False,False,17:corrosion|29:corrosion|43:corrosion
resnet18,jpeg_severe,163_0,163,hide_craze,3,0,True,1,False,False,17:hide_craze|29:hide_craze|43:hide_craze
resnet18,jpeg_severe,166_0,166,craze,2,1,False,2,False,False,17:craze|29:crack|43:craze
resnet18,jpeg_severe,167_0,167,craze,2,1,False,2,False,False,17:hide_craze|29:craze|43:craze
resnet18,jpeg_severe,167_1,167,craze,1,1,False,2,False,True,17:hide_craze|29:craze|43:hide_craze
resnet18,jpeg_severe,178_0,178,surface_injure,3,0,True,1,False,False,17:surface_injure|29:surface_injure|43:surface_injure
resnet18,jpeg_severe,178_1,178,surface_injure,3,0,True,1,False,False,17:surface_injure|29:surface_injure|43:surface_injure
resnet18,jpeg_severe,178_2,178,surface_injure,2,1,False,2,False,False,17:surface_injure|29:hide_craze|43:surface_injure
resnet18,jpeg_severe,198_0,198,craze,0,3,False,2,True,False,17:hide_craze|29:hide_craze|43:surface_injure
resnet18,jpeg_severe,198_1,198,hide_craze,3,0,True,1,False,False,17:hide_craze|29:hide_craze|43:hide_craze
resnet18,jpeg_severe,209_0,209,hide_craze,2,1,False,2,False,False,17:surface_injure|29:hide_craze|43:hide_craze
resnet18,jpeg_severe,214_0,214,craze,3,0,True,1,False,False,17:craze|29:craze|43:craze
resnet18,jpeg_severe,216_0,216,crack,3,0,True,1,False,False,17:crack|29:crack|43:crack
resnet18,jpeg_severe,217_0,217,surface_injure,3,0,True,1,False,False,17:surface_injure|29:surface_injure|43:surface_injure
resnet18,jpeg_severe,224_0,224,hide_craze,3,0,True,1,False,False,17:hide_craze|29:hide_craze|43:hide_craze
resnet18,jpeg_severe,228_0,228,hide_craze,2,0,False,2,False,False,17:hide_craze|29:hide_craze|43:crack
resnet18,jpeg_severe,228_1,228,hide_craze,2,0,False,2,False,False,17:hide_craze|29:hide_craze|43:crack
resnet18,jpeg_severe,234_0,234,surface_injure,3,0,True,1,False,False,17:surface_injure|29:surface_injure|43:surface_injure
resnet18,jpeg_severe,234_1,234,hide_craze,3,0,True,1,False,False,17:hide_craze|29:hide_craze|43:hide_craze
resnet18,jpeg_severe,234_2,234,hide_craze,3,0,True,1,False,False,17:hide_craze|29:hide_craze|43:hide_craze
resnet18,jpeg_severe,234_3,234,hide_craze,3,0,True,1,False,False,17:hide_craze|29:hide_craze|43:hide_craze
resnet18,jpeg_severe,234_4,234,hide_craze,3,0,True,1,False,False,17:hide_craze|29:hide_craze|43:hide_craze
resnet18,jpeg_severe,238_0,238,crack,0,3,True,1,True,False,17:surface_injure|29:surface_injure|43:surface_injure
resnet18,jpeg_severe,238_1,238,crack,2,1,False,2,False,False,17:surface_injure|29:crack|43:crack
resnet18,jpeg_severe,250_0,250,crack,3,0,True,1,False,False,17:crack|29:crack|43:crack
resnet18,jpeg_severe,252_0,252,crack,3,0,True,1,False,False,17:crack|29:crack|43:crack
resnet18,jpeg_severe,255_0,255,surface_injure,1,0,False,2,False,True,17:hide_craze|29:hide_craze|43:surface_injure
resnet18,jpeg_severe,255_1,255,surface_injure,3,0,True,1,False,False,17:surface_injure|29:surface_injure|43:surface_injure
resnet18,jpeg_severe,257_0,257,surface_injure,1,1,False,2,False,True,17:surface_injure|29:corrosion|43:corrosion
resnet18,jpeg_severe,257_1,257,surface_injure,3,0,True,1,False,False,17:surface_injure|29:surface_injure|43:surface_injure
resnet18,jpeg_severe,269_0,269,crack,3,0,True,1,False,False,17:crack|29:crack|43:crack
resnet18,jpeg_severe,273_0,273,thunderstrike,3,0,True,1,False,False,17:thunderstrike|29:thunderstrike|43:thunderstrike
resnet18,jpeg_severe,273_1,273,surface_injure,3,0,True,1,False,False,17:surface_injure|29:surface_injure|43:surface_injure
resnet18,jpeg_severe,276_0,276,hide_craze,3,0,True,1,False,False,17:hide_craze|29:hide_craze|43:hide_craze
resnet18,jpeg_severe,276_1,276,hide_craze,3,0,True,1,False,False,17:hide_craze|29:hide_craze|43:hide_craze
resnet18,jpeg_severe,284_0,284,hide_craze,3,0,True,1,False,False,17:hide_craze|29:hide_craze|43:hide_craze
resnet18,jpeg_severe,285_0,285,surface_injure,3,0,True,1,False,False,17:surface_injure|29:surface_injure|43:surface_injure
resnet18,jpeg_severe,285_1,285,surface_injure,3,0,True,1,False,False,17:surface_injure|29:surface_injure|43:surface_injure
resnet18,jpeg_severe,318_0,318,crack,3,0,True,1,False,False,17:crack|29:crack|43:crack
resnet18,jpeg_severe,322_0,322,corrosion,3,0,True,1,False,False,17:corrosion|29:corrosion|43:corrosion
resnet18,jpeg_severe,323_0,323,corrosion,0,0,False,2,True,False,17:surface_injure|29:hide_craze|43:surface_injure
resnet18,jpeg_severe,326_0,326,surface_injure,3,0,True,1,False,False,17:surface_injure|29:surface_injure|43:surface_injure
resnet18,jpeg_severe,326_1,326,craze,1,2,False,2,False,True,17:surface_injure|29:craze|43:surface_injure
resnet18,jpeg_severe,332_0,332,surface_injure,3,0,True,1,False,False,17:surface_injure|29:surface_injure|43:surface_injure
resnet18,jpeg_severe,363_0,363,surface_injure,2,1,False,2,False,False,17:surface_injure|29:hide_craze|43:surface_injure
resnet18,jpeg_severe,370_0,370,corrosion,3,0,True,1,False,False,17:corrosion|29:corrosion|43:corrosion
resnet18,jpeg_severe,370_1,370,corrosion,3,0,True,1,False,False,17:corrosion|29:corrosion|43:corrosion
resnet18,jpeg_severe,370_2,370,corrosion,3,0,True,1,False,False,17:corrosion|29:corrosion|43:corrosion
resnet18,jpeg_severe,373_0,373,corrosion,3,0,True,1,False,False,17:corrosion|29:corrosion|43:corrosion
resnet18,jpeg_severe,379_0,379,hide_craze,3,0,True,1,False,False,17:hide_craze|29:hide_craze|43:hide_craze
resnet18,jpeg_severe,379_1,379,hide_craze,3,0,True,1,False,False,17:hide_craze|29:hide_craze|43:hide_craze
resnet18,jpeg_severe,388_0,388,hide_craze,3,0,True,1,False,False,17:hide_craze|29:hide_craze|43:hide_craze
resnet18,jpeg_severe,389_0,389,crack,3,0,True,1,False,False,17:crack|29:crack|43:crack
resnet18,jpeg_severe,390_0,390,corrosion,2,0,False,2,False,False,17:surface_injure|29:corrosion|43:corrosion
resnet18,jpeg_severe,394_0,394,crack,3,0,True,1,False,False,17:crack|29:crack|43:crack
resnet18,jpeg_severe,405_0,405,corrosion,3,0,True,1,False,False,17:corrosion|29:corrosion|43:corrosion
resnet18,jpeg_severe,407_0,407,surface_injure,3,0,True,1,False,False,17:surface_injure|29:surface_injure|43:surface_injure
resnet18,jpeg_severe,408_0,408,corrosion,2,1,False,2,False,False,17:hide_craze|29:corrosion|43:corrosion
resnet18,jpeg_severe,408_1,408,corrosion,3,0,True,1,False,False,17:corrosion|29:corrosion|43:corrosion
resnet18,jpeg_severe,410_0,410,corrosion,3,0,True,1,False,False,17:corrosion|29:corrosion|43:corrosion
resnet18,jpeg_severe,410_1,410,corrosion,1,1,False,2,False,True,17:hide_craze|29:corrosion|43:hide_craze
resnet18,jpeg_severe,432_0,432,surface_injure,3,0,True,1,False,False,17:surface_injure|29:surface_injure|43:surface_injure
resnet18,jpeg_severe,438_0,438,hide_craze,3,0,True,1,False,False,17:hide_craze|29:hide_craze|43:hide_craze
resnet18,jpeg_severe,440_0,440,crack,2,1,False,2,False,False,17:crack|29:crack|43:hide_craze
resnet18,jpeg_severe,447_0,447,crack,3,0,True,1,False,False,17:crack|29:crack|43:crack
resnet18,jpeg_severe,447_1,447,crack,3,0,True,1,False,False,17:crack|29:crack|43:crack
resnet18,jpeg_severe,451_0,451,corrosion,3,0,True,1,False,False,17:corrosion|29:corrosion|43:corrosion
resnet18,jpeg_severe,457_0,457,hide_craze,3,0,True,1,False,False,17:hide_craze|29:hide_craze|43:hide_craze
resnet18,jpeg_severe,457_1,457,hide_craze,2,1,False,2,False,False,17:hide_craze|29:hide_craze|43:surface_injure
resnet18,jpeg_severe,457_2,457,hide_craze,3,0,True,1,False,False,17:hide_craze|29:hide_craze|43:hide_craze
resnet18,jpeg_severe,464_0,464,craze,0,3,False,2,True,False,17:surface_injure|29:hide_craze|43:surface_injure
resnet18,jpeg_severe,464_1,464,hide_craze,1,0,False,2,False,True,17:surface_injure|29:hide_craze|43:surface_injure
resnet18,jpeg_severe,469_0,469,craze,3,0,True,1,False,False,17:craze|29:craze|43:craze
resnet18,jpeg_severe,473_0,473,crack,3,0,True,1,False,False,17:crack|29:crack|43:crack
resnet18,jpeg_severe,476_0,476,surface_injure,2,1,False,2,False,False,17:surface_injure|29:surface_injure|43:hide_craze
resnet18,jpeg_severe,479_0,479,surface_injure,3,0,True,1,False,False,17:surface_injure|29:surface_injure|43:surface_injure
resnet18,jpeg_severe,479_1,479,thunderstrike,3,0,True,1,False,False,17:thunderstrike|29:thunderstrike|43:thunderstrike
resnet18,jpeg_severe,501_0,501,corrosion,3,0,True,1,False,False,17:corrosion|29:corrosion|43:corrosion
resnet18,jpeg_severe,505_0,505,corrosion,3,0,True,1,False,False,17:corrosion|29:corrosion|43:corrosion
resnet18,jpeg_severe,511_0,511,hide_craze,3,0,True,1,False,False,17:hide_craze|29:hide_craze|43:hide_craze
resnet18,jpeg_severe,511_1,511,hide_craze,3,0,True,1,False,False,17:hide_craze|29:hide_craze|43:hide_craze
resnet18,jpeg_severe,521_0,521,corrosion,2,0,False,2,False,False,17:corrosion|29:corrosion|43:hide_craze
resnet18,jpeg_severe,521_1,521,corrosion,1,0,False,2,False,True,17:corrosion|29:hide_craze|43:hide_craze
resnet18,jpeg_severe,541_0,541,hide_craze,3,0,True,1,False,False,17:hide_craze|29:hide_craze|43:hide_craze
resnet18,jpeg_severe,546_0,546,corrosion,0,0,True,1,True,False,17:surface_injure|29:surface_injure|43:surface_injure
resnet18,jpeg_severe,546_1,546,corrosion,0,3,True,1,True,False,17:hide_craze|29:hide_craze|43:hide_craze
resnet18,jpeg_severe,546_2,546,corrosion,3,0,True,1,False,False,17:corrosion|29:corrosion|43:corrosion
resnet18,jpeg_severe,563_0,563,craze,1,2,False,3,False,True,17:surface_injure|29:hide_craze|43:craze
resnet18,jpeg_severe,566_0,566,corrosion,3,0,True,1,False,False,17:corrosion|29:corrosion|43:corrosion
resnet18,jpeg_severe,569_0,569,hide_craze,3,0,True,1,False,False,17:hide_craze|29:hide_craze|43:hide_craze
resnet18,jpeg_severe,574_0,574,craze,3,0,True,1,False,False,17:craze|29:craze|43:craze
resnet18,jpeg_severe,580_0,580,craze,3,0,True,1,False,False,17:craze|29:craze|43:craze
resnet18,jpeg_severe,591_0,591,thunderstrike,0,2,True,1,True,False,17:surface_injure|29:surface_injure|43:surface_injure
resnet18,jpeg_severe,591_1,591,surface_injure,3,0,True,1,False,False,17:surface_injure|29:surface_injure|43:surface_injure
resnet18,jpeg_severe,591_2,591,surface_injure,2,1,False,2,False,False,17:surface_injure|29:hide_craze|43:surface_injure
resnet18,jpeg_severe,597_0,597,hide_craze,2,1,False,2,False,False,17:surface_injure|29:hide_craze|43:hide_craze
resnet18,jpeg_severe,598_0,598,corrosion,3,0,True,1,False,False,17:corrosion|29:corrosion|43:corrosion
resnet18,jpeg_severe,598_1,598,corrosion,3,0,True,1,False,False,17:corrosion|29:corrosion|43:corrosion
resnet18,jpeg_severe,600_0,600,hide_craze,3,0,True,1,False,False,17:hide_craze|29:hide_craze|43:hide_craze
resnet18,jpeg_severe,610_0,610,hide_craze,3,0,True,1,False,False,17:hide_craze|29:hide_craze|43:hide_craze
resnet18,jpeg_severe,623_0,623,hide_craze,3,0,True,1,False,False,17:hide_craze|29:hide_craze|43:hide_craze
resnet18,jpeg_severe,623_1,623,surface_injure,0,1,False,2,True,False,17:hide_craze|29:hide_craze|43:crack
resnet18,jpeg_severe,633_0,633,hide_craze,3,0,True,1,False,False,17:hide_craze|29:hide_craze|43:hide_craze
resnet18,jpeg_severe,642_0,642,hide_craze,2,1,False,2,False,False,17:surface_injure|29:hide_craze|43:hide_craze
resnet18,jpeg_severe,642_1,642,surface_injure,2,0,False,2,False,False,17:surface_injure|29:hide_craze|43:surface_injure
resnet18,jpeg_severe,643_0,643,hide_craze,2,1,False,2,False,False,17:hide_craze|29:hide_craze|43:surface_injure
resnet18,jpeg_severe,650_0,650,corrosion,3,0,True,1,False,False,17:corrosion|29:corrosion|43:corrosion
resnet18,jpeg_severe,655_0,655,hide_craze,2,0,False,2,False,False,17:thunderstrike|29:hide_craze|43:hide_craze
resnet18,jpeg_severe,658_0,658,corrosion,1,1,False,2,False,True,17:hide_craze|29:hide_craze|43:corrosion
resnet18,jpeg_severe,663_0,663,hide_craze,3,0,True,1,False,False,17:hide_craze|29:hide_craze|43:hide_craze
resnet18,jpeg_severe,671_0,671,hide_craze,3,0,True,1,False,False,17:hide_craze|29:hide_craze|43:hide_craze
resnet18,jpeg_severe,671_1,671,surface_injure,0,1,True,1,True,False,17:hide_craze|29:hide_craze|43:hide_craze
resnet18,jpeg_severe,677_0,677,hide_craze,3,0,True,1,False,False,17:hide_craze|29:hide_craze|43:hide_craze
resnet18,jpeg_severe,686_0,686,thunderstrike,3,0,True,1,False,False,17:thunderstrike|29:thunderstrike|43:thunderstrike
resnet18,jpeg_severe,689_0,689,surface_injure,1,0,False,3,False,True,17:corrosion|29:hide_craze|43:surface_injure
resnet18,jpeg_severe,689_1,689,surface_injure,3,0,True,1,False,False,17:surface_injure|29:surface_injure|43:surface_injure
resnet18,jpeg_severe,689_2,689,surface_injure,3,0,True,1,False,False,17:surface_injure|29:surface_injure|43:surface_injure
resnet18,jpeg_severe,689_3,689,surface_injure,3,0,True,1,False,False,17:surface_injure|29:surface_injure|43:surface_injure
resnet18,jpeg_severe,696_0,696,hide_craze,3,0,True,1,False,False,17:hide_craze|29:hide_craze|43:hide_craze
resnet18,jpeg_severe,696_1,696,hide_craze,3,0,True,1,False,False,17:hide_craze|29:hide_craze|43:hide_craze
resnet18,jpeg_severe,699_0,699,thunderstrike,3,0,True,1,False,False,17:thunderstrike|29:thunderstrike|43:thunderstrike
resnet18,jpeg_severe,701_0,701,craze,3,0,True,1,False,False,17:craze|29:craze|43:craze
resnet18,jpeg_severe,704_0,704,corrosion,3,0,True,1,False,False,17:corrosion|29:corrosion|43:corrosion
resnet18,jpeg_severe,721_0,721,hide_craze,3,0,True,1,False,False,17:hide_craze|29:hide_craze|43:hide_craze
resnet18,jpeg_severe,824_0,824,craze,3,0,True,1,False,False,17:craze|29:craze|43:craze
resnet18,jpeg_severe,863_0,863,thunderstrike,3,0,True,1,False,False,17:thunderstrike|29:thunderstrike|43:thunderstrike
resnet18,jpeg_severe,864_0,864,surface_injure,2,1,False,2,False,False,17:surface_injure|29:surface_injure|43:hide_craze
resnet18,jpeg_severe,875_0,875,hide_craze,3,0,True,1,False,False,17:hide_craze|29:hide_craze|43:hide_craze
resnet18,jpeg_severe,875_1,875,hide_craze,3,0,True,1,False,False,17:hide_craze|29:hide_craze|43:hide_craze
resnet18,jpeg_severe,1017_0,1017,hide_craze,3,0,True,1,False,False,17:hide_craze|29:hide_craze|43:hide_craze
resnet18,jpeg_severe,1017_1,1017,hide_craze,3,0,True,1,False,False,17:hide_craze|29:hide_craze|43:hide_craze
mobilenet_v3_small,clean,13_0,13,hide_craze,3,0,True,1,False,False,17:hide_craze|29:hide_craze|43:hide_craze
mobilenet_v3_small,clean,13_1,13,hide_craze,3,0,True,1,False,False,17:hide_craze|29:hide_craze|43:hide_craze
mobilenet_v3_small,clean,32_0,32,thunderstrike,3,0,True,1,False,False,17:thunderstrike|29:thunderstrike|43:thunderstrike
mobilenet_v3_small,clean,32_1,32,thunderstrike,3,0,True,1,False,False,17:thunderstrike|29:thunderstrike|43:thunderstrike
mobilenet_v3_small,clean,46_0,46,corrosion,3,0,True,1,False,False,17:corrosion|29:corrosion|43:corrosion
mobilenet_v3_small,clean,46_1,46,corrosion,3,0,True,1,False,False,17:corrosion|29:corrosion|43:corrosion
mobilenet_v3_small,clean,48_0,48,surface_injure,2,0,False,2,False,False,17:surface_injure|29:surface_injure|43:craze
mobilenet_v3_small,clean,51_0,51,craze,0,0,False,2,True,False,17:surface_injure|29:corrosion|43:corrosion
mobilenet_v3_small,clean,51_1,51,craze,3,0,True,1,False,False,17:craze|29:craze|43:craze
mobilenet_v3_small,clean,54_0,54,hide_craze,3,0,True,1,False,False,17:hide_craze|29:hide_craze|43:hide_craze
mobilenet_v3_small,clean,54_1,54,hide_craze,3,0,True,1,False,False,17:hide_craze|29:hide_craze|43:hide_craze
mobilenet_v3_small,clean,57_0,57,craze,0,0,True,1,True,False,17:corrosion|29:corrosion|43:corrosion
mobilenet_v3_small,clean,57_1,57,surface_injure,2,0,False,2,False,False,17:corrosion|29:surface_injure|43:surface_injure
mobilenet_v3_small,clean,61_0,61,craze,3,0,True,1,False,False,17:craze|29:craze|43:craze
mobilenet_v3_small,clean,61_1,61,craze,3,0,True,1,False,False,17:craze|29:craze|43:craze
mobilenet_v3_small,clean,61_2,61,craze,3,0,True,1,False,False,17:craze|29:craze|43:craze
mobilenet_v3_small,clean,65_0,65,corrosion,3,0,True,1,False,False,17:corrosion|29:corrosion|43:corrosion
mobilenet_v3_small,clean,67_0,67,hide_craze,3,0,True,1,False,False,17:hide_craze|29:hide_craze|43:hide_craze
mobilenet_v3_small,clean,71_0,71,craze,3,0,True,1,False,False,17:craze|29:craze|43:craze
mobilenet_v3_small,clean,73_0,73,craze,3,0,True,1,False,False,17:craze|29:craze|43:craze
mobilenet_v3_small,clean,81_0,81,craze,3,0,True,1,False,False,17:craze|29:craze|43:craze
mobilenet_v3_small,clean,81_1,81,craze,3,0,True,1,False,False,17:craze|29:craze|43:craze
mobilenet_v3_small,clean,81_2,81,craze,3,0,True,1,False,False,17:craze|29:craze|43:craze
mobilenet_v3_small,clean,88_0,88,crack,3,0,True,1,False,False,17:crack|29:crack|43:crack
mobilenet_v3_small,clean,93_0,93,craze,3,0,True,1,False,False,17:craze|29:craze|43:craze
mobilenet_v3_small,clean,103_0,103,craze,3,0,True,1,False,False,17:craze|29:craze|43:craze
mobilenet_v3_small,clean,112_0,112,thunderstrike,3,0,True,1,False,False,17:thunderstrike|29:thunderstrike|43:thunderstrike
mobilenet_v3_small,clean,112_1,112,surface_injure,3,0,True,1,False,False,17:surface_injure|29:surface_injure|43:surface_injure
mobilenet_v3_small,clean,142_0,142,surface_injure,0,0,False,2,True,False,17:hide_craze|29:corrosion|43:corrosion
mobilenet_v3_small,clean,146_0,146,hide_craze,3,0,True,1,False,False,17:hide_craze|29:hide_craze|43:hide_craze
mobilenet_v3_small,clean,156_0,156,craze,3,0,True,1,False,False,17:craze|29:craze|43:craze
mobilenet_v3_small,clean,161_0,161,corrosion,3,0,True,1,False,False,17:corrosion|29:corrosion|43:corrosion
mobilenet_v3_small,clean,163_0,163,hide_craze,3,0,True,1,False,False,17:hide_craze|29:hide_craze|43:hide_craze
mobilenet_v3_small,clean,166_0,166,craze,3,0,True,1,False,False,17:craze|29:craze|43:craze
mobilenet_v3_small,clean,167_0,167,craze,3,0,True,1,False,False,17:craze|29:craze|43:craze
mobilenet_v3_small,clean,167_1,167,craze,3,0,True,1,False,False,17:craze|29:craze|43:craze
mobilenet_v3_small,clean,178_0,178,surface_injure,3,0,True,1,False,False,17:surface_injure|29:surface_injure|43:surface_injure
mobilenet_v3_small,clean,178_1,178,surface_injure,3,0,True,1,False,False,17:surface_injure|29:surface_injure|43:surface_injure
mobilenet_v3_small,clean,178_2,178,surface_injure,3,0,True,1,False,False,17:surface_injure|29:surface_injure|43:surface_injure
mobilenet_v3_small,clean,198_0,198,craze,3,0,True,1,False,False,17:craze|29:craze|43:craze
mobilenet_v3_small,clean,198_1,198,hide_craze,3,0,True,1,False,False,17:hide_craze|29:hide_craze|43:hide_craze
mobilenet_v3_small,clean,209_0,209,hide_craze,3,0,True,1,False,False,17:hide_craze|29:hide_craze|43:hide_craze
mobilenet_v3_small,clean,214_0,214,craze,3,0,True,1,False,False,17:craze|29:craze|43:craze
mobilenet_v3_small,clean,216_0,216,crack,3,0,True,1,False,False,17:crack|29:crack|43:crack
mobilenet_v3_small,clean,217_0,217,surface_injure,3,0,True,1,False,False,17:surface_injure|29:surface_injure|43:surface_injure
mobilenet_v3_small,clean,224_0,224,hide_craze,3,0,True,1,False,False,17:hide_craze|29:hide_craze|43:hide_craze
mobilenet_v3_small,clean,228_0,228,hide_craze,1,0,False,2,False,True,17:craze|29:craze|43:hide_craze
mobilenet_v3_small,clean,228_1,228,hide_craze,3,0,True,1,False,False,17:hide_craze|29:hide_craze|43:hide_craze
mobilenet_v3_small,clean,234_0,234,surface_injure,3,0,True,1,False,False,17:surface_injure|29:surface_injure|43:surface_injure
mobilenet_v3_small,clean,234_1,234,hide_craze,3,0,True,1,False,False,17:hide_craze|29:hide_craze|43:hide_craze
mobilenet_v3_small,clean,234_2,234,hide_craze,3,0,True,1,False,False,17:hide_craze|29:hide_craze|43:hide_craze
mobilenet_v3_small,clean,234_3,234,hide_craze,3,0,True,1,False,False,17:hide_craze|29:hide_craze|43:hide_craze
mobilenet_v3_small,clean,234_4,234,hide_craze,3,0,True,1,False,False,17:hide_craze|29:hide_craze|43:hide_craze
mobilenet_v3_small,clean,238_0,238,crack,3,0,True,1,False,False,17:crack|29:crack|43:crack
mobilenet_v3_small,clean,238_1,238,crack,3,0,True,1,False,False,17:crack|29:crack|43:crack
mobilenet_v3_small,clean,250_0,250,crack,3,0,True,1,False,False,17:crack|29:crack|43:crack
mobilenet_v3_small,clean,252_0,252,crack,3,0,True,1,False,False,17:crack|29:crack|43:crack
mobilenet_v3_small,clean,255_0,255,surface_injure,0,0,True,1,True,False,17:corrosion|29:corrosion|43:corrosion
mobilenet_v3_small,clean,255_1,255,surface_injure,3,0,True,1,False,False,17:surface_injure|29:surface_injure|43:surface_injure
mobilenet_v3_small,clean,257_0,257,surface_injure,3,0,True,1,False,False,17:surface_injure|29:surface_injure|43:surface_injure
mobilenet_v3_small,clean,257_1,257,surface_injure,3,0,True,1,False,False,17:surface_injure|29:surface_injure|43:surface_injure
mobilenet_v3_small,clean,269_0,269,crack,3,0,True,1,False,False,17:crack|29:crack|43:crack
mobilenet_v3_small,clean,273_0,273,thunderstrike,3,0,True,1,False,False,17:thunderstrike|29:thunderstrike|43:thunderstrike
mobilenet_v3_small,clean,273_1,273,surface_injure,3,0,True,1,False,False,17:surface_injure|29:surface_injure|43:surface_injure
mobilenet_v3_small,clean,276_0,276,hide_craze,2,0,False,2,False,False,17:hide_craze|29:corrosion|43:hide_craze
mobilenet_v3_small,clean,276_1,276,hide_craze,2,0,False,2,False,False,17:hide_craze|29:corrosion|43:hide_craze
mobilenet_v3_small,clean,284_0,284,hide_craze,3,0,True,1,False,False,17:hide_craze|29:hide_craze|43:hide_craze
mobilenet_v3_small,clean,285_0,285,surface_injure,3,0,True,1,False,False,17:surface_injure|29:surface_injure|43:surface_injure
mobilenet_v3_small,clean,285_1,285,surface_injure,3,0,True,1,False,False,17:surface_injure|29:surface_injure|43:surface_injure
mobilenet_v3_small,clean,318_0,318,crack,3,0,True,1,False,False,17:crack|29:crack|43:crack
mobilenet_v3_small,clean,322_0,322,corrosion,3,0,True,1,False,False,17:corrosion|29:corrosion|43:corrosion
mobilenet_v3_small,clean,323_0,323,corrosion,0,0,False,2,True,False,17:surface_injure|29:hide_craze|43:surface_injure
mobilenet_v3_small,clean,326_0,326,surface_injure,3,0,True,1,False,False,17:surface_injure|29:surface_injure|43:surface_injure
mobilenet_v3_small,clean,326_1,326,craze,2,0,False,2,False,False,17:craze|29:craze|43:surface_injure
mobilenet_v3_small,clean,332_0,332,surface_injure,3,0,True,1,False,False,17:surface_injure|29:surface_injure|43:surface_injure
mobilenet_v3_small,clean,363_0,363,surface_injure,3,0,True,1,False,False,17:surface_injure|29:surface_injure|43:surface_injure
mobilenet_v3_small,clean,370_0,370,corrosion,3,0,True,1,False,False,17:corrosion|29:corrosion|43:corrosion
mobilenet_v3_small,clean,370_1,370,corrosion,3,0,True,1,False,False,17:corrosion|29:corrosion|43:corrosion
mobilenet_v3_small,clean,370_2,370,corrosion,3,0,True,1,False,False,17:corrosion|29:corrosion|43:corrosion
mobilenet_v3_small,clean,373_0,373,corrosion,3,0,True,1,False,False,17:corrosion|29:corrosion|43:corrosion
mobilenet_v3_small,clean,379_0,379,hide_craze,3,0,True,1,False,False,17:hide_craze|29:hide_craze|43:hide_craze
mobilenet_v3_small,clean,379_1,379,hide_craze,2,0,False,2,False,False,17:hide_craze|29:hide_craze|43:craze
mobilenet_v3_small,clean,388_0,388,hide_craze,3,0,True,1,False,False,17:hide_craze|29:hide_craze|43:hide_craze
mobilenet_v3_small,clean,389_0,389,crack,3,0,True,1,False,False,17:crack|29:crack|43:crack
mobilenet_v3_small,clean,390_0,390,corrosion,3,0,True,1,False,False,17:corrosion|29:corrosion|43:corrosion
mobilenet_v3_small,clean,394_0,394,crack,3,0,True,1,False,False,17:crack|29:crack|43:crack
mobilenet_v3_small,clean,405_0,405,corrosion,3,0,True,1,False,False,17:corrosion|29:corrosion|43:corrosion
mobilenet_v3_small,clean,407_0,407,surface_injure,3,0,True,1,False,False,17:surface_injure|29:surface_injure|43:surface_injure
mobilenet_v3_small,clean,408_0,408,corrosion,3,0,True,1,False,False,17:corrosion|29:corrosion|43:corrosion
mobilenet_v3_small,clean,408_1,408,corrosion,3,0,True,1,False,False,17:corrosion|29:corrosion|43:corrosion
mobilenet_v3_small,clean,410_0,410,corrosion,2,0,False,2,False,False,17:corrosion|29:corrosion|43:craze
mobilenet_v3_small,clean,410_1,410,corrosion,2,0,False,2,False,False,17:corrosion|29:corrosion|43:craze
mobilenet_v3_small,clean,432_0,432,surface_injure,3,0,True,1,False,False,17:surface_injure|29:surface_injure|43:surface_injure
mobilenet_v3_small,clean,438_0,438,hide_craze,3,0,True,1,False,False,17:hide_craze|29:hide_craze|43:hide_craze
mobilenet_v3_small,clean,440_0,440,crack,3,0,True,1,False,False,17:crack|29:crack|43:crack
mobilenet_v3_small,clean,447_0,447,crack,3,0,True,1,False,False,17:crack|29:crack|43:crack
mobilenet_v3_small,clean,447_1,447,crack,3,0,True,1,False,False,17:crack|29:crack|43:crack
mobilenet_v3_small,clean,451_0,451,corrosion,3,0,True,1,False,False,17:corrosion|29:corrosion|43:corrosion
mobilenet_v3_small,clean,457_0,457,hide_craze,3,0,True,1,False,False,17:hide_craze|29:hide_craze|43:hide_craze
mobilenet_v3_small,clean,457_1,457,hide_craze,3,0,True,1,False,False,17:hide_craze|29:hide_craze|43:hide_craze
mobilenet_v3_small,clean,457_2,457,hide_craze,3,0,True,1,False,False,17:hide_craze|29:hide_craze|43:hide_craze
mobilenet_v3_small,clean,464_0,464,craze,3,0,True,1,False,False,17:craze|29:craze|43:craze
mobilenet_v3_small,clean,464_1,464,hide_craze,0,0,True,1,True,False,17:surface_injure|29:surface_injure|43:surface_injure
mobilenet_v3_small,clean,469_0,469,craze,3,0,True,1,False,False,17:craze|29:craze|43:craze
mobilenet_v3_small,clean,473_0,473,crack,3,0,True,1,False,False,17:crack|29:crack|43:crack
mobilenet_v3_small,clean,476_0,476,surface_injure,3,0,True,1,False,False,17:surface_injure|29:surface_injure|43:surface_injure
mobilenet_v3_small,clean,479_0,479,surface_injure,1,0,False,2,False,True,17:thunderstrike|29:surface_injure|43:thunderstrike
mobilenet_v3_small,clean,479_1,479,thunderstrike,3,0,True,1,False,False,17:thunderstrike|29:thunderstrike|43:thunderstrike
mobilenet_v3_small,clean,501_0,501,corrosion,3,0,True,1,False,False,17:corrosion|29:corrosion|43:corrosion
mobilenet_v3_small,clean,505_0,505,corrosion,3,0,True,1,False,False,17:corrosion|29:corrosion|43:corrosion
mobilenet_v3_small,clean,511_0,511,hide_craze,3,0,True,1,False,False,17:hide_craze|29:hide_craze|43:hide_craze
mobilenet_v3_small,clean,511_1,511,hide_craze,2,0,False,2,False,False,17:hide_craze|29:crack|43:hide_craze
mobilenet_v3_small,clean,521_0,521,corrosion,0,0,True,1,True,False,17:hide_craze|29:hide_craze|43:hide_craze
mobilenet_v3_small,clean,521_1,521,corrosion,0,0,True,1,True,False,17:hide_craze|29:hide_craze|43:hide_craze
mobilenet_v3_small,clean,541_0,541,hide_craze,3,0,True,1,False,False,17:hide_craze|29:hide_craze|43:hide_craze
mobilenet_v3_small,clean,546_0,546,corrosion,0,0,True,1,True,False,17:surface_injure|29:surface_injure|43:surface_injure
mobilenet_v3_small,clean,546_1,546,corrosion,0,0,True,1,True,False,17:hide_craze|29:hide_craze|43:hide_craze
mobilenet_v3_small,clean,546_2,546,corrosion,1,0,False,2,False,True,17:hide_craze|29:hide_craze|43:corrosion
mobilenet_v3_small,clean,563_0,563,craze,3,0,True,1,False,False,17:craze|29:craze|43:craze
mobilenet_v3_small,clean,566_0,566,corrosion,3,0,True,1,False,False,17:corrosion|29:corrosion|43:corrosion
mobilenet_v3_small,clean,569_0,569,hide_craze,3,0,True,1,False,False,17:hide_craze|29:hide_craze|43:hide_craze
mobilenet_v3_small,clean,574_0,574,craze,3,0,True,1,False,False,17:craze|29:craze|43:craze
mobilenet_v3_small,clean,580_0,580,craze,3,0,True,1,False,False,17:craze|29:craze|43:craze
mobilenet_v3_small,clean,591_0,591,thunderstrike,3,0,True,1,False,False,17:thunderstrike|29:thunderstrike|43:thunderstrike
mobilenet_v3_small,clean,591_1,591,surface_injure,3,0,True,1,False,False,17:surface_injure|29:surface_injure|43:surface_injure
mobilenet_v3_small,clean,591_2,591,surface_injure,3,0,True,1,False,False,17:surface_injure|29:surface_injure|43:surface_injure
mobilenet_v3_small,clean,597_0,597,hide_craze,3,0,True,1,False,False,17:hide_craze|29:hide_craze|43:hide_craze
mobilenet_v3_small,clean,598_0,598,corrosion,3,0,True,1,False,False,17:corrosion|29:corrosion|43:corrosion
mobilenet_v3_small,clean,598_1,598,corrosion,3,0,True,1,False,False,17:corrosion|29:corrosion|43:corrosion
mobilenet_v3_small,clean,600_0,600,hide_craze,3,0,True,1,False,False,17:hide_craze|29:hide_craze|43:hide_craze
mobilenet_v3_small,clean,610_0,610,hide_craze,3,0,True,1,False,False,17:hide_craze|29:hide_craze|43:hide_craze
mobilenet_v3_small,clean,623_0,623,hide_craze,3,0,True,1,False,False,17:hide_craze|29:hide_craze|43:hide_craze
mobilenet_v3_small,clean,623_1,623,surface_injure,0,0,False,3,True,False,17:hide_craze|29:corrosion|43:crack
mobilenet_v3_small,clean,633_0,633,hide_craze,3,0,True,1,False,False,17:hide_craze|29:hide_craze|43:hide_craze
mobilenet_v3_small,clean,642_0,642,hide_craze,3,0,True,1,False,False,17:hide_craze|29:hide_craze|43:hide_craze
mobilenet_v3_small,clean,642_1,642,surface_injure,3,0,True,1,False,False,17:surface_injure|29:surface_injure|43:surface_injure
mobilenet_v3_small,clean,643_0,643,hide_craze,1,0,False,2,False,True,17:surface_injure|29:surface_injure|43:hide_craze
mobilenet_v3_small,clean,650_0,650,corrosion,3,0,True,1,False,False,17:corrosion|29:corrosion|43:corrosion
mobilenet_v3_small,clean,655_0,655,hide_craze,3,0,True,1,False,False,17:hide_craze|29:hide_craze|43:hide_craze
mobilenet_v3_small,clean,658_0,658,corrosion,0,0,False,2,True,False,17:crack|29:crack|43:craze
mobilenet_v3_small,clean,663_0,663,hide_craze,3,0,True,1,False,False,17:hide_craze|29:hide_craze|43:hide_craze
mobilenet_v3_small,clean,671_0,671,hide_craze,3,0,True,1,False,False,17:hide_craze|29:hide_craze|43:hide_craze
mobilenet_v3_small,clean,671_1,671,surface_injure,0,0,True,1,True,False,17:hide_craze|29:hide_craze|43:hide_craze
mobilenet_v3_small,clean,677_0,677,hide_craze,3,0,True,1,False,False,17:hide_craze|29:hide_craze|43:hide_craze
mobilenet_v3_small,clean,686_0,686,thunderstrike,3,0,True,1,False,False,17:thunderstrike|29:thunderstrike|43:thunderstrike
mobilenet_v3_small,clean,689_0,689,surface_injure,2,0,False,2,False,False,17:surface_injure|29:crack|43:surface_injure
mobilenet_v3_small,clean,689_1,689,surface_injure,3,0,True,1,False,False,17:surface_injure|29:surface_injure|43:surface_injure
mobilenet_v3_small,clean,689_2,689,surface_injure,3,0,True,1,False,False,17:surface_injure|29:surface_injure|43:surface_injure
mobilenet_v3_small,clean,689_3,689,surface_injure,3,0,True,1,False,False,17:surface_injure|29:surface_injure|43:surface_injure
mobilenet_v3_small,clean,696_0,696,hide_craze,3,0,True,1,False,False,17:hide_craze|29:hide_craze|43:hide_craze
mobilenet_v3_small,clean,696_1,696,hide_craze,3,0,True,1,False,False,17:hide_craze|29:hide_craze|43:hide_craze
mobilenet_v3_small,clean,699_0,699,thunderstrike,3,0,True,1,False,False,17:thunderstrike|29:thunderstrike|43:thunderstrike
mobilenet_v3_small,clean,701_0,701,craze,3,0,True,1,False,False,17:craze|29:craze|43:craze
mobilenet_v3_small,clean,704_0,704,corrosion,3,0,True,1,False,False,17:corrosion|29:corrosion|43:corrosion
mobilenet_v3_small,clean,721_0,721,hide_craze,3,0,True,1,False,False,17:hide_craze|29:hide_craze|43:hide_craze
mobilenet_v3_small,clean,824_0,824,craze,3,0,True,1,False,False,17:craze|29:craze|43:craze
mobilenet_v3_small,clean,863_0,863,thunderstrike,3,0,True,1,False,False,17:thunderstrike|29:thunderstrike|43:thunderstrike
mobilenet_v3_small,clean,864_0,864,surface_injure,3,0,True,1,False,False,17:surface_injure|29:surface_injure|43:surface_injure
mobilenet_v3_small,clean,875_0,875,hide_craze,3,0,True,1,False,False,17:hide_craze|29:hide_craze|43:hide_craze
mobilenet_v3_small,clean,875_1,875,hide_craze,3,0,True,1,False,False,17:hide_craze|29:hide_craze|43:hide_craze
mobilenet_v3_small,clean,1017_0,1017,hide_craze,3,0,True,1,False,False,17:hide_craze|29:hide_craze|43:hide_craze
mobilenet_v3_small,clean,1017_1,1017,hide_craze,3,0,True,1,False,False,17:hide_craze|29:hide_craze|43:hide_craze
mobilenet_v3_small,gaussian_blur_mild,13_0,13,hide_craze,3,0,True,1,False,False,17:hide_craze|29:hide_craze|43:hide_craze
mobilenet_v3_small,gaussian_blur_mild,13_1,13,hide_craze,3,0,True,1,False,False,17:hide_craze|29:hide_craze|43:hide_craze
mobilenet_v3_small,gaussian_blur_mild,32_0,32,thunderstrike,3,0,True,1,False,False,17:thunderstrike|29:thunderstrike|43:thunderstrike
mobilenet_v3_small,gaussian_blur_mild,32_1,32,thunderstrike,3,0,True,1,False,False,17:thunderstrike|29:thunderstrike|43:thunderstrike
mobilenet_v3_small,gaussian_blur_mild,46_0,46,corrosion,3,0,True,1,False,False,17:corrosion|29:corrosion|43:corrosion
mobilenet_v3_small,gaussian_blur_mild,46_1,46,corrosion,3,0,True,1,False,False,17:corrosion|29:corrosion|43:corrosion
mobilenet_v3_small,gaussian_blur_mild,48_0,48,surface_injure,3,0,True,1,False,False,17:surface_injure|29:surface_injure|43:surface_injure
mobilenet_v3_small,gaussian_blur_mild,51_0,51,craze,0,0,False,2,True,False,17:surface_injure|29:corrosion|43:corrosion
mobilenet_v3_small,gaussian_blur_mild,51_1,51,craze,2,1,False,2,False,False,17:craze|29:hide_craze|43:craze
mobilenet_v3_small,gaussian_blur_mild,54_0,54,hide_craze,3,0,True,1,False,False,17:hide_craze|29:hide_craze|43:hide_craze
mobilenet_v3_small,gaussian_blur_mild,54_1,54,hide_craze,3,0,True,1,False,False,17:hide_craze|29:hide_craze|43:hide_craze
mobilenet_v3_small,gaussian_blur_mild,57_0,57,craze,0,0,True,1,True,False,17:corrosion|29:corrosion|43:corrosion
mobilenet_v3_small,gaussian_blur_mild,57_1,57,surface_injure,2,0,False,2,False,False,17:corrosion|29:surface_injure|43:surface_injure
mobilenet_v3_small,gaussian_blur_mild,61_0,61,craze,3,0,True,1,False,False,17:craze|29:craze|43:craze
mobilenet_v3_small,gaussian_blur_mild,61_1,61,craze,3,0,True,1,False,False,17:craze|29:craze|43:craze
mobilenet_v3_small,gaussian_blur_mild,61_2,61,craze,1,2,False,2,False,True,17:craze|29:corrosion|43:corrosion
mobilenet_v3_small,gaussian_blur_mild,65_0,65,corrosion,3,0,True,1,False,False,17:corrosion|29:corrosion|43:corrosion
mobilenet_v3_small,gaussian_blur_mild,67_0,67,hide_craze,3,0,True,1,False,False,17:hide_craze|29:hide_craze|43:hide_craze
mobilenet_v3_small,gaussian_blur_mild,71_0,71,craze,3,0,True,1,False,False,17:craze|29:craze|43:craze
mobilenet_v3_small,gaussian_blur_mild,73_0,73,craze,2,1,False,2,False,False,17:craze|29:craze|43:surface_injure
mobilenet_v3_small,gaussian_blur_mild,81_0,81,craze,3,0,True,1,False,False,17:craze|29:craze|43:craze
mobilenet_v3_small,gaussian_blur_mild,81_1,81,craze,3,0,True,1,False,False,17:craze|29:craze|43:craze
mobilenet_v3_small,gaussian_blur_mild,81_2,81,craze,3,0,True,1,False,False,17:craze|29:craze|43:craze
mobilenet_v3_small,gaussian_blur_mild,88_0,88,crack,3,0,True,1,False,False,17:crack|29:crack|43:crack
mobilenet_v3_small,gaussian_blur_mild,93_0,93,craze,3,0,True,1,False,False,17:craze|29:craze|43:craze
mobilenet_v3_small,gaussian_blur_mild,103_0,103,craze,3,0,True,1,False,False,17:craze|29:craze|43:craze
mobilenet_v3_small,gaussian_blur_mild,112_0,112,thunderstrike,2,1,False,2,False,False,17:thunderstrike|29:thunderstrike|43:surface_injure
mobilenet_v3_small,gaussian_blur_mild,112_1,112,surface_injure,3,0,True,1,False,False,17:surface_injure|29:surface_injure|43:surface_injure
mobilenet_v3_small,gaussian_blur_mild,142_0,142,surface_injure,0,0,False,2,True,False,17:hide_craze|29:hide_craze|43:corrosion
mobilenet_v3_small,gaussian_blur_mild,146_0,146,hide_craze,3,0,True,1,False,False,17:hide_craze|29:hide_craze|43:hide_craze
mobilenet_v3_small,gaussian_blur_mild,156_0,156,craze,3,0,True,1,False,False,17:craze|29:craze|43:craze
mobilenet_v3_small,gaussian_blur_mild,161_0,161,corrosion,3,0,True,1,False,False,17:corrosion|29:corrosion|43:corrosion
mobilenet_v3_small,gaussian_blur_mild,163_0,163,hide_craze,3,0,True,1,False,False,17:hide_craze|29:hide_craze|43:hide_craze
mobilenet_v3_small,gaussian_blur_mild,166_0,166,craze,3,0,True,1,False,False,17:craze|29:craze|43:craze
mobilenet_v3_small,gaussian_blur_mild,167_0,167,craze,3,0,True,1,False,False,17:craze|29:craze|43:craze
mobilenet_v3_small,gaussian_blur_mild,167_1,167,craze,3,0,True,1,False,False,17:craze|29:craze|43:craze
mobilenet_v3_small,gaussian_blur_mild,178_0,178,surface_injure,3,0,True,1,False,False,17:surface_injure|29:surface_injure|43:surface_injure
mobilenet_v3_small,gaussian_blur_mild,178_1,178,surface_injure,3,0,True,1,False,False,17:surface_injure|29:surface_injure|43:surface_injure
mobilenet_v3_small,gaussian_blur_mild,178_2,178,surface_injure,3,0,True,1,False,False,17:surface_injure|29:surface_injure|43:surface_injure
mobilenet_v3_small,gaussian_blur_mild,198_0,198,craze,2,1,False,2,False,False,17:craze|29:surface_injure|43:craze
mobilenet_v3_small,gaussian_blur_mild,198_1,198,hide_craze,3,0,True,1,False,False,17:hide_craze|29:hide_craze|43:hide_craze
mobilenet_v3_small,gaussian_blur_mild,209_0,209,hide_craze,3,0,True,1,False,False,17:hide_craze|29:hide_craze|43:hide_craze
mobilenet_v3_small,gaussian_blur_mild,214_0,214,craze,3,0,True,1,False,False,17:craze|29:craze|43:craze
mobilenet_v3_small,gaussian_blur_mild,216_0,216,crack,3,0,True,1,False,False,17:crack|29:crack|43:crack
mobilenet_v3_small,gaussian_blur_mild,217_0,217,surface_injure,3,0,True,1,False,False,17:surface_injure|29:surface_injure|43:surface_injure
mobilenet_v3_small,gaussian_blur_mild,224_0,224,hide_craze,3,0,True,1,False,False,17:hide_craze|29:hide_craze|43:hide_craze
mobilenet_v3_small,gaussian_blur_mild,228_0,228,hide_craze,1,0,False,2,False,True,17:craze|29:craze|43:hide_craze
mobilenet_v3_small,gaussian_blur_mild,228_1,228,hide_craze,3,0,True,1,False,False,17:hide_craze|29:hide_craze|43:hide_craze
mobilenet_v3_small,gaussian_blur_mild,234_0,234,surface_injure,3,0,True,1,False,False,17:surface_injure|29:surface_injure|43:surface_injure
mobilenet_v3_small,gaussian_blur_mild,234_1,234,hide_craze,3,0,True,1,False,False,17:hide_craze|29:hide_craze|43:hide_craze
mobilenet_v3_small,gaussian_blur_mild,234_2,234,hide_craze,3,0,True,1,False,False,17:hide_craze|29:hide_craze|43:hide_craze
mobilenet_v3_small,gaussian_blur_mild,234_3,234,hide_craze,3,0,True,1,False,False,17:hide_craze|29:hide_craze|43:hide_craze
mobilenet_v3_small,gaussian_blur_mild,234_4,234,hide_craze,3,0,True,1,False,False,17:hide_craze|29:hide_craze|43:hide_craze
mobilenet_v3_small,gaussian_blur_mild,238_0,238,crack,3,0,True,1,False,False,17:crack|29:crack|43:crack
mobilenet_v3_small,gaussian_blur_mild,238_1,238,crack,3,0,True,1,False,False,17:crack|29:crack|43:crack
mobilenet_v3_small,gaussian_blur_mild,250_0,250,crack,3,0,True,1,False,False,17:crack|29:crack|43:crack
mobilenet_v3_small,gaussian_blur_mild,252_0,252,crack,3,0,True,1,False,False,17:crack|29:crack|43:crack
mobilenet_v3_small,gaussian_blur_mild,255_0,255,surface_injure,1,0,False,2,False,True,17:corrosion|29:corrosion|43:surface_injure
mobilenet_v3_small,gaussian_blur_mild,255_1,255,surface_injure,3,0,True,1,False,False,17:surface_injure|29:surface_injure|43:surface_injure
mobilenet_v3_small,gaussian_blur_mild,257_0,257,surface_injure,3,0,True,1,False,False,17:surface_injure|29:surface_injure|43:surface_injure
mobilenet_v3_small,gaussian_blur_mild,257_1,257,surface_injure,3,0,True,1,False,False,17:surface_injure|29:surface_injure|43:surface_injure
mobilenet_v3_small,gaussian_blur_mild,269_0,269,crack,3,0,True,1,False,False,17:crack|29:crack|43:crack
mobilenet_v3_small,gaussian_blur_mild,273_0,273,thunderstrike,3,0,True,1,False,False,17:thunderstrike|29:thunderstrike|43:thunderstrike
mobilenet_v3_small,gaussian_blur_mild,273_1,273,surface_injure,3,0,True,1,False,False,17:surface_injure|29:surface_injure|43:surface_injure
mobilenet_v3_small,gaussian_blur_mild,276_0,276,hide_craze,2,0,False,2,False,False,17:hide_craze|29:corrosion|43:hide_craze
mobilenet_v3_small,gaussian_blur_mild,276_1,276,hide_craze,2,0,False,2,False,False,17:hide_craze|29:corrosion|43:hide_craze
mobilenet_v3_small,gaussian_blur_mild,284_0,284,hide_craze,3,0,True,1,False,False,17:hide_craze|29:hide_craze|43:hide_craze
mobilenet_v3_small,gaussian_blur_mild,285_0,285,surface_injure,3,0,True,1,False,False,17:surface_injure|29:surface_injure|43:surface_injure
mobilenet_v3_small,gaussian_blur_mild,285_1,285,surface_injure,3,0,True,1,False,False,17:surface_injure|29:surface_injure|43:surface_injure
mobilenet_v3_small,gaussian_blur_mild,318_0,318,crack,3,0,True,1,False,False,17:crack|29:crack|43:crack
mobilenet_v3_small,gaussian_blur_mild,322_0,322,corrosion,3,0,True,1,False,False,17:corrosion|29:corrosion|43:corrosion
mobilenet_v3_small,gaussian_blur_mild,323_0,323,corrosion,0,0,False,2,True,False,17:surface_injure|29:hide_craze|43:surface_injure
mobilenet_v3_small,gaussian_blur_mild,326_0,326,surface_injure,3,0,True,1,False,False,17:surface_injure|29:surface_injure|43:surface_injure
mobilenet_v3_small,gaussian_blur_mild,326_1,326,craze,2,0,False,2,False,False,17:craze|29:craze|43:surface_injure
mobilenet_v3_small,gaussian_blur_mild,332_0,332,surface_injure,3,0,True,1,False,False,17:surface_injure|29:surface_injure|43:surface_injure
mobilenet_v3_small,gaussian_blur_mild,363_0,363,surface_injure,3,0,True,1,False,False,17:surface_injure|29:surface_injure|43:surface_injure
mobilenet_v3_small,gaussian_blur_mild,370_0,370,corrosion,3,0,True,1,False,False,17:corrosion|29:corrosion|43:corrosion
mobilenet_v3_small,gaussian_blur_mild,370_1,370,corrosion,3,0,True,1,False,False,17:corrosion|29:corrosion|43:corrosion
mobilenet_v3_small,gaussian_blur_mild,370_2,370,corrosion,3,0,True,1,False,False,17:corrosion|29:corrosion|43:corrosion
mobilenet_v3_small,gaussian_blur_mild,373_0,373,corrosion,3,0,True,1,False,False,17:corrosion|29:corrosion|43:corrosion
mobilenet_v3_small,gaussian_blur_mild,379_0,379,hide_craze,3,0,True,1,False,False,17:hide_craze|29:hide_craze|43:hide_craze
mobilenet_v3_small,gaussian_blur_mild,379_1,379,hide_craze,2,0,False,2,False,False,17:hide_craze|29:hide_craze|43:surface_injure
mobilenet_v3_small,gaussian_blur_mild,388_0,388,hide_craze,3,0,True,1,False,False,17:hide_craze|29:hide_craze|43:hide_craze
mobilenet_v3_small,gaussian_blur_mild,389_0,389,crack,3,0,True,1,False,False,17:crack|29:crack|43:crack
mobilenet_v3_small,gaussian_blur_mild,390_0,390,corrosion,3,0,True,1,False,False,17:corrosion|29:corrosion|43:corrosion
mobilenet_v3_small,gaussian_blur_mild,394_0,394,crack,3,0,True,1,False,False,17:crack|29:crack|43:crack
mobilenet_v3_small,gaussian_blur_mild,405_0,405,corrosion,3,0,True,1,False,False,17:corrosion|29:corrosion|43:corrosion
mobilenet_v3_small,gaussian_blur_mild,407_0,407,surface_injure,3,0,True,1,False,False,17:surface_injure|29:surface_injure|43:surface_injure
mobilenet_v3_small,gaussian_blur_mild,408_0,408,corrosion,2,1,False,2,False,False,17:corrosion|29:hide_craze|43:corrosion
mobilenet_v3_small,gaussian_blur_mild,408_1,408,corrosion,3,0,True,1,False,False,17:corrosion|29:corrosion|43:corrosion
mobilenet_v3_small,gaussian_blur_mild,410_0,410,corrosion,1,1,False,2,False,True,17:corrosion|29:craze|43:craze
mobilenet_v3_small,gaussian_blur_mild,410_1,410,corrosion,2,1,False,2,False,False,17:craze|29:corrosion|43:corrosion
mobilenet_v3_small,gaussian_blur_mild,432_0,432,surface_injure,3,0,True,1,False,False,17:surface_injure|29:surface_injure|43:surface_injure
mobilenet_v3_small,gaussian_blur_mild,438_0,438,hide_craze,3,0,True,1,False,False,17:hide_craze|29:hide_craze|43:hide_craze
mobilenet_v3_small,gaussian_blur_mild,440_0,440,crack,3,0,True,1,False,False,17:crack|29:crack|43:crack
mobilenet_v3_small,gaussian_blur_mild,447_0,447,crack,3,0,True,1,False,False,17:crack|29:crack|43:crack
mobilenet_v3_small,gaussian_blur_mild,447_1,447,crack,3,0,True,1,False,False,17:crack|29:crack|43:crack
mobilenet_v3_small,gaussian_blur_mild,451_0,451,corrosion,3,0,True,1,False,False,17:corrosion|29:corrosion|43:corrosion
mobilenet_v3_small,gaussian_blur_mild,457_0,457,hide_craze,3,0,True,1,False,False,17:hide_craze|29:hide_craze|43:hide_craze
mobilenet_v3_small,gaussian_blur_mild,457_1,457,hide_craze,3,0,True,1,False,False,17:hide_craze|29:hide_craze|43:hide_craze
mobilenet_v3_small,gaussian_blur_mild,457_2,457,hide_craze,3,0,True,1,False,False,17:hide_craze|29:hide_craze|43:hide_craze
mobilenet_v3_small,gaussian_blur_mild,464_0,464,craze,3,0,True,1,False,False,17:craze|29:craze|43:craze
mobilenet_v3_small,gaussian_blur_mild,464_1,464,hide_craze,0,0,True,1,True,False,17:surface_injure|29:surface_injure|43:surface_injure
mobilenet_v3_small,gaussian_blur_mild,469_0,469,craze,3,0,True,1,False,False,17:craze|29:craze|43:craze
mobilenet_v3_small,gaussian_blur_mild,473_0,473,crack,3,0,True,1,False,False,17:crack|29:crack|43:crack
mobilenet_v3_small,gaussian_blur_mild,476_0,476,surface_injure,3,0,True,1,False,False,17:surface_injure|29:surface_injure|43:surface_injure
mobilenet_v3_small,gaussian_blur_mild,479_0,479,surface_injure,0,1,True,1,True,False,17:thunderstrike|29:thunderstrike|43:thunderstrike
mobilenet_v3_small,gaussian_blur_mild,479_1,479,thunderstrike,3,0,True,1,False,False,17:thunderstrike|29:thunderstrike|43:thunderstrike
mobilenet_v3_small,gaussian_blur_mild,501_0,501,corrosion,3,0,True,1,False,False,17:corrosion|29:corrosion|43:corrosion
mobilenet_v3_small,gaussian_blur_mild,505_0,505,corrosion,3,0,True,1,False,False,17:corrosion|29:corrosion|43:corrosion
mobilenet_v3_small,gaussian_blur_mild,511_0,511,hide_craze,3,0,True,1,False,False,17:hide_craze|29:hide_craze|43:hide_craze
mobilenet_v3_small,gaussian_blur_mild,511_1,511,hide_craze,2,0,False,2,False,False,17:hide_craze|29:crack|43:hide_craze
mobilenet_v3_small,gaussian_blur_mild,521_0,521,corrosion,0,0,True,1,True,False,17:hide_craze|29:hide_craze|43:hide_craze
mobilenet_v3_small,gaussian_blur_mild,521_1,521,corrosion,1,0,False,2,False,True,17:hide_craze|29:hide_craze|43:corrosion
mobilenet_v3_small,gaussian_blur_mild,541_0,541,hide_craze,3,0,True,1,False,False,17:hide_craze|29:hide_craze|43:hide_craze
mobilenet_v3_small,gaussian_blur_mild,546_0,546,corrosion,0,0,True,1,True,False,17:surface_injure|29:surface_injure|43:surface_injure
mobilenet_v3_small,gaussian_blur_mild,546_1,546,corrosion,0,0,True,1,True,False,17:hide_craze|29:hide_craze|43:hide_craze
mobilenet_v3_small,gaussian_blur_mild,546_2,546,corrosion,2,0,False,2,False,False,17:corrosion|29:hide_craze|43:corrosion
mobilenet_v3_small,gaussian_blur_mild,563_0,563,craze,1,2,False,2,False,True,17:craze|29:surface_injure|43:surface_injure
mobilenet_v3_small,gaussian_blur_mild,566_0,566,corrosion,3,0,True,1,False,False,17:corrosion|29:corrosion|43:corrosion
mobilenet_v3_small,gaussian_blur_mild,569_0,569,hide_craze,3,0,True,1,False,False,17:hide_craze|29:hide_craze|43:hide_craze
mobilenet_v3_small,gaussian_blur_mild,574_0,574,craze,3,0,True,1,False,False,17:craze|29:craze|43:craze
mobilenet_v3_small,gaussian_blur_mild,580_0,580,craze,3,0,True,1,False,False,17:craze|29:craze|43:craze
mobilenet_v3_small,gaussian_blur_mild,591_0,591,thunderstrike,3,0,True,1,False,False,17:thunderstrike|29:thunderstrike|43:thunderstrike
mobilenet_v3_small,gaussian_blur_mild,591_1,591,surface_injure,3,0,True,1,False,False,17:surface_injure|29:surface_injure|43:surface_injure
mobilenet_v3_small,gaussian_blur_mild,591_2,591,surface_injure,3,0,True,1,False,False,17:surface_injure|29:surface_injure|43:surface_injure
mobilenet_v3_small,gaussian_blur_mild,597_0,597,hide_craze,3,0,True,1,False,False,17:hide_craze|29:hide_craze|43:hide_craze
mobilenet_v3_small,gaussian_blur_mild,598_0,598,corrosion,3,0,True,1,False,False,17:corrosion|29:corrosion|43:corrosion
mobilenet_v3_small,gaussian_blur_mild,598_1,598,corrosion,3,0,True,1,False,False,17:corrosion|29:corrosion|43:corrosion
mobilenet_v3_small,gaussian_blur_mild,600_0,600,hide_craze,3,0,True,1,False,False,17:hide_craze|29:hide_craze|43:hide_craze
mobilenet_v3_small,gaussian_blur_mild,610_0,610,hide_craze,3,0,True,1,False,False,17:hide_craze|29:hide_craze|43:hide_craze
mobilenet_v3_small,gaussian_blur_mild,623_0,623,hide_craze,3,0,True,1,False,False,17:hide_craze|29:hide_craze|43:hide_craze
mobilenet_v3_small,gaussian_blur_mild,623_1,623,surface_injure,0,0,False,2,True,False,17:hide_craze|29:crack|43:crack
mobilenet_v3_small,gaussian_blur_mild,633_0,633,hide_craze,3,0,True,1,False,False,17:hide_craze|29:hide_craze|43:hide_craze
mobilenet_v3_small,gaussian_blur_mild,642_0,642,hide_craze,3,0,True,1,False,False,17:hide_craze|29:hide_craze|43:hide_craze
mobilenet_v3_small,gaussian_blur_mild,642_1,642,surface_injure,3,0,True,1,False,False,17:surface_injure|29:surface_injure|43:surface_injure
mobilenet_v3_small,gaussian_blur_mild,643_0,643,hide_craze,1,0,False,2,False,True,17:surface_injure|29:surface_injure|43:hide_craze
mobilenet_v3_small,gaussian_blur_mild,650_0,650,corrosion,3,0,True,1,False,False,17:corrosion|29:corrosion|43:corrosion
mobilenet_v3_small,gaussian_blur_mild,655_0,655,hide_craze,3,0,True,1,False,False,17:hide_craze|29:hide_craze|43:hide_craze
mobilenet_v3_small,gaussian_blur_mild,658_0,658,corrosion,0,0,True,1,True,False,17:crack|29:crack|43:crack
mobilenet_v3_small,gaussian_blur_mild,663_0,663,hide_craze,3,0,True,1,False,False,17:hide_craze|29:hide_craze|43:hide_craze
mobilenet_v3_small,gaussian_blur_mild,671_0,671,hide_craze,3,0,True,1,False,False,17:hide_craze|29:hide_craze|43:hide_craze
mobilenet_v3_small,gaussian_blur_mild,671_1,671,surface_injure,0,0,True,1,True,False,17:hide_craze|29:hide_craze|43:hide_craze
mobilenet_v3_small,gaussian_blur_mild,677_0,677,hide_craze,3,0,True,1,False,False,17:hide_craze|29:hide_craze|43:hide_craze
mobilenet_v3_small,gaussian_blur_mild,686_0,686,thunderstrike,3,0,True,1,False,False,17:thunderstrike|29:thunderstrike|43:thunderstrike
mobilenet_v3_small,gaussian_blur_mild,689_0,689,surface_injure,3,0,True,1,False,False,17:surface_injure|29:surface_injure|43:surface_injure
mobilenet_v3_small,gaussian_blur_mild,689_1,689,surface_injure,3,0,True,1,False,False,17:surface_injure|29:surface_injure|43:surface_injure
mobilenet_v3_small,gaussian_blur_mild,689_2,689,surface_injure,3,0,True,1,False,False,17:surface_injure|29:surface_injure|43:surface_injure
mobilenet_v3_small,gaussian_blur_mild,689_3,689,surface_injure,3,0,True,1,False,False,17:surface_injure|29:surface_injure|43:surface_injure
mobilenet_v3_small,gaussian_blur_mild,696_0,696,hide_craze,3,0,True,1,False,False,17:hide_craze|29:hide_craze|43:hide_craze
mobilenet_v3_small,gaussian_blur_mild,696_1,696,hide_craze,3,0,True,1,False,False,17:hide_craze|29:hide_craze|43:hide_craze
mobilenet_v3_small,gaussian_blur_mild,699_0,699,thunderstrike,3,0,True,1,False,False,17:thunderstrike|29:thunderstrike|43:thunderstrike
mobilenet_v3_small,gaussian_blur_mild,701_0,701,craze,3,0,True,1,False,False,17:craze|29:craze|43:craze
mobilenet_v3_small,gaussian_blur_mild,704_0,704,corrosion,3,0,True,1,False,False,17:corrosion|29:corrosion|43:corrosion
mobilenet_v3_small,gaussian_blur_mild,721_0,721,hide_craze,3,0,True,1,False,False,17:hide_craze|29:hide_craze|43:hide_craze
mobilenet_v3_small,gaussian_blur_mild,824_0,824,craze,3,0,True,1,False,False,17:craze|29:craze|43:craze
mobilenet_v3_small,gaussian_blur_mild,863_0,863,thunderstrike,3,0,True,1,False,False,17:thunderstrike|29:thunderstrike|43:thunderstrike
mobilenet_v3_small,gaussian_blur_mild,864_0,864,surface_injure,3,0,True,1,False,False,17:surface_injure|29:surface_injure|43:surface_injure
mobilenet_v3_small,gaussian_blur_mild,875_0,875,hide_craze,3,0,True,1,False,False,17:hide_craze|29:hide_craze|43:hide_craze
mobilenet_v3_small,gaussian_blur_mild,875_1,875,hide_craze,3,0,True,1,False,False,17:hide_craze|29:hide_craze|43:hide_craze
mobilenet_v3_small,gaussian_blur_mild,1017_0,1017,hide_craze,3,0,True,1,False,False,17:hide_craze|29:hide_craze|43:hide_craze
mobilenet_v3_small,gaussian_blur_mild,1017_1,1017,hide_craze,3,0,True,1,False,False,17:hide_craze|29:hide_craze|43:hide_craze
mobilenet_v3_small,gaussian_blur_moderate,13_0,13,hide_craze,3,0,True,1,False,False,17:hide_craze|29:hide_craze|43:hide_craze
mobilenet_v3_small,gaussian_blur_moderate,13_1,13,hide_craze,3,0,True,1,False,False,17:hide_craze|29:hide_craze|43:hide_craze
mobilenet_v3_small,gaussian_blur_moderate,32_0,32,thunderstrike,3,0,True,1,False,False,17:thunderstrike|29:thunderstrike|43:thunderstrike
mobilenet_v3_small,gaussian_blur_moderate,32_1,32,thunderstrike,3,0,True,1,False,False,17:thunderstrike|29:thunderstrike|43:thunderstrike
mobilenet_v3_small,gaussian_blur_moderate,46_0,46,corrosion,2,1,False,2,False,False,17:corrosion|29:surface_injure|43:corrosion
mobilenet_v3_small,gaussian_blur_moderate,46_1,46,corrosion,3,0,True,1,False,False,17:corrosion|29:corrosion|43:corrosion
mobilenet_v3_small,gaussian_blur_moderate,48_0,48,surface_injure,3,0,True,1,False,False,17:surface_injure|29:surface_injure|43:surface_injure
mobilenet_v3_small,gaussian_blur_moderate,51_0,51,craze,0,0,False,2,True,False,17:surface_injure|29:corrosion|43:corrosion
mobilenet_v3_small,gaussian_blur_moderate,51_1,51,craze,1,2,False,2,False,True,17:hide_craze|29:craze|43:hide_craze
mobilenet_v3_small,gaussian_blur_moderate,54_0,54,hide_craze,3,0,True,1,False,False,17:hide_craze|29:hide_craze|43:hide_craze
mobilenet_v3_small,gaussian_blur_moderate,54_1,54,hide_craze,3,0,True,1,False,False,17:hide_craze|29:hide_craze|43:hide_craze
mobilenet_v3_small,gaussian_blur_moderate,57_0,57,craze,0,0,False,2,True,False,17:corrosion|29:corrosion|43:surface_injure
mobilenet_v3_small,gaussian_blur_moderate,57_1,57,surface_injure,3,0,True,1,False,False,17:surface_injure|29:surface_injure|43:surface_injure
mobilenet_v3_small,gaussian_blur_moderate,61_0,61,craze,3,0,True,1,False,False,17:craze|29:craze|43:craze
mobilenet_v3_small,gaussian_blur_moderate,61_1,61,craze,2,1,False,2,False,False,17:craze|29:surface_injure|43:craze
mobilenet_v3_small,gaussian_blur_moderate,61_2,61,craze,1,2,False,2,False,True,17:craze|29:corrosion|43:corrosion
mobilenet_v3_small,gaussian_blur_moderate,65_0,65,corrosion,1,2,False,3,False,True,17:hide_craze|29:crack|43:corrosion
mobilenet_v3_small,gaussian_blur_moderate,67_0,67,hide_craze,3,0,True,1,False,False,17:hide_craze|29:hide_craze|43:hide_craze
mobilenet_v3_small,gaussian_blur_moderate,71_0,71,craze,3,0,True,1,False,False,17:craze|29:craze|43:craze
mobilenet_v3_small,gaussian_blur_moderate,73_0,73,craze,1,2,False,2,False,True,17:surface_injure|29:craze|43:surface_injure
mobilenet_v3_small,gaussian_blur_moderate,81_0,81,craze,3,0,True,1,False,False,17:craze|29:craze|43:craze
mobilenet_v3_small,gaussian_blur_moderate,81_1,81,craze,3,0,True,1,False,False,17:craze|29:craze|43:craze
mobilenet_v3_small,gaussian_blur_moderate,81_2,81,craze,3,0,True,1,False,False,17:craze|29:craze|43:craze
mobilenet_v3_small,gaussian_blur_moderate,88_0,88,crack,3,0,True,1,False,False,17:crack|29:crack|43:crack
mobilenet_v3_small,gaussian_blur_moderate,93_0,93,craze,3,0,True,1,False,False,17:craze|29:craze|43:craze
mobilenet_v3_small,gaussian_blur_moderate,103_0,103,craze,3,0,True,1,False,False,17:craze|29:craze|43:craze
mobilenet_v3_small,gaussian_blur_moderate,112_0,112,thunderstrike,3,0,True,1,False,False,17:thunderstrike|29:thunderstrike|43:thunderstrike
mobilenet_v3_small,gaussian_blur_moderate,112_1,112,surface_injure,3,0,True,1,False,False,17:surface_injure|29:surface_injure|43:surface_injure
mobilenet_v3_small,gaussian_blur_moderate,142_0,142,surface_injure,1,0,False,2,False,True,17:hide_craze|29:hide_craze|43:surface_injure
mobilenet_v3_small,gaussian_blur_moderate,146_0,146,hide_craze,3,0,True,1,False,False,17:hide_craze|29:hide_craze|43:hide_craze
mobilenet_v3_small,gaussian_blur_moderate,156_0,156,craze,3,0,True,1,False,False,17:craze|29:craze|43:craze
mobilenet_v3_small,gaussian_blur_moderate,161_0,161,corrosion,3,0,True,1,False,False,17:corrosion|29:corrosion|43:corrosion
mobilenet_v3_small,gaussian_blur_moderate,163_0,163,hide_craze,3,0,True,1,False,False,17:hide_craze|29:hide_craze|43:hide_craze
mobilenet_v3_small,gaussian_blur_moderate,166_0,166,craze,3,0,True,1,False,False,17:craze|29:craze|43:craze
mobilenet_v3_small,gaussian_blur_moderate,167_0,167,craze,3,0,True,1,False,False,17:craze|29:craze|43:craze
mobilenet_v3_small,gaussian_blur_moderate,167_1,167,craze,2,1,False,2,False,False,17:craze|29:hide_craze|43:craze
mobilenet_v3_small,gaussian_blur_moderate,178_0,178,surface_injure,3,0,True,1,False,False,17:surface_injure|29:surface_injure|43:surface_injure
mobilenet_v3_small,gaussian_blur_moderate,178_1,178,surface_injure,3,0,True,1,False,False,17:surface_injure|29:surface_injure|43:surface_injure
mobilenet_v3_small,gaussian_blur_moderate,178_2,178,surface_injure,3,0,True,1,False,False,17:surface_injure|29:surface_injure|43:surface_injure
mobilenet_v3_small,gaussian_blur_moderate,198_0,198,craze,0,3,True,1,True,False,17:surface_injure|29:surface_injure|43:surface_injure
mobilenet_v3_small,gaussian_blur_moderate,198_1,198,hide_craze,3,0,True,1,False,False,17:hide_craze|29:hide_craze|43:hide_craze
mobilenet_v3_small,gaussian_blur_moderate,209_0,209,hide_craze,3,0,True,1,False,False,17:hide_craze|29:hide_craze|43:hide_craze
mobilenet_v3_small,gaussian_blur_moderate,214_0,214,craze,3,0,True,1,False,False,17:craze|29:craze|43:craze
mobilenet_v3_small,gaussian_blur_moderate,216_0,216,crack,3,0,True,1,False,False,17:crack|29:crack|43:crack
mobilenet_v3_small,gaussian_blur_moderate,217_0,217,surface_injure,3,0,True,1,False,False,17:surface_injure|29:surface_injure|43:surface_injure
mobilenet_v3_small,gaussian_blur_moderate,224_0,224,hide_craze,3,0,True,1,False,False,17:hide_craze|29:hide_craze|43:hide_craze
mobilenet_v3_small,gaussian_blur_moderate,228_0,228,hide_craze,2,0,False,2,False,False,17:craze|29:hide_craze|43:hide_craze
mobilenet_v3_small,gaussian_blur_moderate,228_1,228,hide_craze,3,0,True,1,False,False,17:hide_craze|29:hide_craze|43:hide_craze
mobilenet_v3_small,gaussian_blur_moderate,234_0,234,surface_injure,3,0,True,1,False,False,17:surface_injure|29:surface_injure|43:surface_injure
mobilenet_v3_small,gaussian_blur_moderate,234_1,234,hide_craze,3,0,True,1,False,False,17:hide_craze|29:hide_craze|43:hide_craze
mobilenet_v3_small,gaussian_blur_moderate,234_2,234,hide_craze,3,0,True,1,False,False,17:hide_craze|29:hide_craze|43:hide_craze
mobilenet_v3_small,gaussian_blur_moderate,234_3,234,hide_craze,3,0,True,1,False,False,17:hide_craze|29:hide_craze|43:hide_craze
mobilenet_v3_small,gaussian_blur_moderate,234_4,234,hide_craze,3,0,True,1,False,False,17:hide_craze|29:hide_craze|43:hide_craze
mobilenet_v3_small,gaussian_blur_moderate,238_0,238,crack,2,1,False,2,False,False,17:crack|29:crack|43:surface_injure
mobilenet_v3_small,gaussian_blur_moderate,238_1,238,crack,3,0,True,1,False,False,17:crack|29:crack|43:crack
mobilenet_v3_small,gaussian_blur_moderate,250_0,250,crack,3,0,True,1,False,False,17:crack|29:crack|43:crack
mobilenet_v3_small,gaussian_blur_moderate,252_0,252,crack,3,0,True,1,False,False,17:crack|29:crack|43:crack
mobilenet_v3_small,gaussian_blur_moderate,255_0,255,surface_injure,3,0,True,1,False,False,17:surface_injure|29:surface_injure|43:surface_injure
mobilenet_v3_small,gaussian_blur_moderate,255_1,255,surface_injure,3,0,True,1,False,False,17:surface_injure|29:surface_injure|43:surface_injure
mobilenet_v3_small,gaussian_blur_moderate,257_0,257,surface_injure,3,0,True,1,False,False,17:surface_injure|29:surface_injure|43:surface_injure
mobilenet_v3_small,gaussian_blur_moderate,257_1,257,surface_injure,3,0,True,1,False,False,17:surface_injure|29:surface_injure|43:surface_injure
mobilenet_v3_small,gaussian_blur_moderate,269_0,269,crack,3,0,True,1,False,False,17:crack|29:crack|43:crack
mobilenet_v3_small,gaussian_blur_moderate,273_0,273,thunderstrike,3,0,True,1,False,False,17:thunderstrike|29:thunderstrike|43:thunderstrike
mobilenet_v3_small,gaussian_blur_moderate,273_1,273,surface_injure,3,0,True,1,False,False,17:surface_injure|29:surface_injure|43:surface_injure
mobilenet_v3_small,gaussian_blur_moderate,276_0,276,hide_craze,2,0,False,2,False,False,17:hide_craze|29:corrosion|43:hide_craze
mobilenet_v3_small,gaussian_blur_moderate,276_1,276,hide_craze,3,0,True,1,False,False,17:hide_craze|29:hide_craze|43:hide_craze
mobilenet_v3_small,gaussian_blur_moderate,284_0,284,hide_craze,3,0,True,1,False,False,17:hide_craze|29:hide_craze|43:hide_craze
mobilenet_v3_small,gaussian_blur_moderate,285_0,285,surface_injure,3,0,True,1,False,False,17:surface_injure|29:surface_injure|43:surface_injure
mobilenet_v3_small,gaussian_blur_moderate,285_1,285,surface_injure,3,0,True,1,False,False,17:surface_injure|29:surface_injure|43:surface_injure
mobilenet_v3_small,gaussian_blur_moderate,318_0,318,crack,3,0,True,1,False,False,17:crack|29:crack|43:crack
mobilenet_v3_small,gaussian_blur_moderate,322_0,322,corrosion,3,0,True,1,False,False,17:corrosion|29:corrosion|43:corrosion
mobilenet_v3_small,gaussian_blur_moderate,323_0,323,corrosion,0,0,False,2,True,False,17:surface_injure|29:hide_craze|43:surface_injure
mobilenet_v3_small,gaussian_blur_moderate,326_0,326,surface_injure,3,0,True,1,False,False,17:surface_injure|29:surface_injure|43:surface_injure
mobilenet_v3_small,gaussian_blur_moderate,326_1,326,craze,1,1,False,3,False,True,17:hide_craze|29:craze|43:surface_injure
mobilenet_v3_small,gaussian_blur_moderate,332_0,332,surface_injure,2,1,False,2,False,False,17:surface_injure|29:surface_injure|43:craze
mobilenet_v3_small,gaussian_blur_moderate,363_0,363,surface_injure,3,0,True,1,False,False,17:surface_injure|29:surface_injure|43:surface_injure
mobilenet_v3_small,gaussian_blur_moderate,370_0,370,corrosion,3,0,True,1,False,False,17:corrosion|29:corrosion|43:corrosion
mobilenet_v3_small,gaussian_blur_moderate,370_1,370,corrosion,3,0,True,1,False,False,17:corrosion|29:corrosion|43:corrosion
mobilenet_v3_small,gaussian_blur_moderate,370_2,370,corrosion,2,1,False,2,False,False,17:hide_craze|29:corrosion|43:corrosion
mobilenet_v3_small,gaussian_blur_moderate,373_0,373,corrosion,3,0,True,1,False,False,17:corrosion|29:corrosion|43:corrosion
mobilenet_v3_small,gaussian_blur_moderate,379_0,379,hide_craze,3,0,True,1,False,False,17:hide_craze|29:hide_craze|43:hide_craze
mobilenet_v3_small,gaussian_blur_moderate,379_1,379,hide_craze,3,0,True,1,False,False,17:hide_craze|29:hide_craze|43:hide_craze
mobilenet_v3_small,gaussian_blur_moderate,388_0,388,hide_craze,3,0,True,1,False,False,17:hide_craze|29:hide_craze|43:hide_craze
mobilenet_v3_small,gaussian_blur_moderate,389_0,389,crack,3,0,True,1,False,False,17:crack|29:crack|43:crack
mobilenet_v3_small,gaussian_blur_moderate,390_0,390,corrosion,0,3,True,1,True,False,17:surface_injure|29:surface_injure|43:surface_injure
mobilenet_v3_small,gaussian_blur_moderate,394_0,394,crack,3,0,True,1,False,False,17:crack|29:crack|43:crack
mobilenet_v3_small,gaussian_blur_moderate,405_0,405,corrosion,3,0,True,1,False,False,17:corrosion|29:corrosion|43:corrosion
mobilenet_v3_small,gaussian_blur_moderate,407_0,407,surface_injure,3,0,True,1,False,False,17:surface_injure|29:surface_injure|43:surface_injure
mobilenet_v3_small,gaussian_blur_moderate,408_0,408,corrosion,2,1,False,2,False,False,17:corrosion|29:hide_craze|43:corrosion
mobilenet_v3_small,gaussian_blur_moderate,408_1,408,corrosion,3,0,True,1,False,False,17:corrosion|29:corrosion|43:corrosion
mobilenet_v3_small,gaussian_blur_moderate,410_0,410,corrosion,1,1,False,2,False,True,17:corrosion|29:surface_injure|43:surface_injure
mobilenet_v3_small,gaussian_blur_moderate,410_1,410,corrosion,2,1,False,2,False,False,17:corrosion|29:surface_injure|43:corrosion
mobilenet_v3_small,gaussian_blur_moderate,432_0,432,surface_injure,3,0,True,1,False,False,17:surface_injure|29:surface_injure|43:surface_injure
mobilenet_v3_small,gaussian_blur_moderate,438_0,438,hide_craze,3,0,True,1,False,False,17:hide_craze|29:hide_craze|43:hide_craze
mobilenet_v3_small,gaussian_blur_moderate,440_0,440,crack,3,0,True,1,False,False,17:crack|29:crack|43:crack
mobilenet_v3_small,gaussian_blur_moderate,447_0,447,crack,3,0,True,1,False,False,17:crack|29:crack|43:crack
mobilenet_v3_small,gaussian_blur_moderate,447_1,447,crack,3,0,True,1,False,False,17:crack|29:crack|43:crack
mobilenet_v3_small,gaussian_blur_moderate,451_0,451,corrosion,3,0,True,1,False,False,17:corrosion|29:corrosion|43:corrosion
mobilenet_v3_small,gaussian_blur_moderate,457_0,457,hide_craze,3,0,True,1,False,False,17:hide_craze|29:hide_craze|43:hide_craze
mobilenet_v3_small,gaussian_blur_moderate,457_1,457,hide_craze,3,0,True,1,False,False,17:hide_craze|29:hide_craze|43:hide_craze
mobilenet_v3_small,gaussian_blur_moderate,457_2,457,hide_craze,3,0,True,1,False,False,17:hide_craze|29:hide_craze|43:hide_craze
mobilenet_v3_small,gaussian_blur_moderate,464_0,464,craze,1,2,False,2,False,True,17:surface_injure|29:surface_injure|43:craze
mobilenet_v3_small,gaussian_blur_moderate,464_1,464,hide_craze,0,0,True,1,True,False,17:surface_injure|29:surface_injure|43:surface_injure
mobilenet_v3_small,gaussian_blur_moderate,469_0,469,craze,3,0,True,1,False,False,17:craze|29:craze|43:craze
mobilenet_v3_small,gaussian_blur_moderate,473_0,473,crack,3,0,True,1,False,False,17:crack|29:crack|43:crack
mobilenet_v3_small,gaussian_blur_moderate,476_0,476,surface_injure,3,0,True,1,False,False,17:surface_injure|29:surface_injure|43:surface_injure
mobilenet_v3_small,gaussian_blur_moderate,479_0,479,surface_injure,2,0,False,2,False,False,17:thunderstrike|29:surface_injure|43:surface_injure
mobilenet_v3_small,gaussian_blur_moderate,479_1,479,thunderstrike,3,0,True,1,False,False,17:thunderstrike|29:thunderstrike|43:thunderstrike
mobilenet_v3_small,gaussian_blur_moderate,501_0,501,corrosion,3,0,True,1,False,False,17:corrosion|29:corrosion|43:corrosion
mobilenet_v3_small,gaussian_blur_moderate,505_0,505,corrosion,3,0,True,1,False,False,17:corrosion|29:corrosion|43:corrosion
mobilenet_v3_small,gaussian_blur_moderate,511_0,511,hide_craze,2,1,False,2,False,False,17:hide_craze|29:crack|43:hide_craze
mobilenet_v3_small,gaussian_blur_moderate,511_1,511,hide_craze,2,0,False,2,False,False,17:hide_craze|29:crack|43:hide_craze
mobilenet_v3_small,gaussian_blur_moderate,521_0,521,corrosion,0,0,True,1,True,False,17:hide_craze|29:hide_craze|43:hide_craze
mobilenet_v3_small,gaussian_blur_moderate,521_1,521,corrosion,1,0,False,2,False,True,17:hide_craze|29:hide_craze|43:corrosion
mobilenet_v3_small,gaussian_blur_moderate,541_0,541,hide_craze,3,0,True,1,False,False,17:hide_craze|29:hide_craze|43:hide_craze
mobilenet_v3_small,gaussian_blur_moderate,546_0,546,corrosion,0,0,True,1,True,False,17:surface_injure|29:surface_injure|43:surface_injure
mobilenet_v3_small,gaussian_blur_moderate,546_1,546,corrosion,0,0,True,1,True,False,17:hide_craze|29:hide_craze|43:hide_craze
mobilenet_v3_small,gaussian_blur_moderate,546_2,546,corrosion,1,0,False,2,False,True,17:hide_craze|29:hide_craze|43:corrosion
mobilenet_v3_small,gaussian_blur_moderate,563_0,563,craze,0,3,True,1,True,False,17:surface_injure|29:surface_injure|43:surface_injure
mobilenet_v3_small,gaussian_blur_moderate,566_0,566,corrosion,3,0,True,1,False,False,17:corrosion|29:corrosion|43:corrosion
mobilenet_v3_small,gaussian_blur_moderate,569_0,569,hide_craze,3,0,True,1,False,False,17:hide_craze|29:hide_craze|43:hide_craze
mobilenet_v3_small,gaussian_blur_moderate,574_0,574,craze,3,0,True,1,False,False,17:craze|29:craze|43:craze
mobilenet_v3_small,gaussian_blur_moderate,580_0,580,craze,3,0,True,1,False,False,17:craze|29:craze|43:craze
mobilenet_v3_small,gaussian_blur_moderate,591_0,591,thunderstrike,1,2,False,2,False,True,17:surface_injure|29:thunderstrike|43:surface_injure
mobilenet_v3_small,gaussian_blur_moderate,591_1,591,surface_injure,3,0,True,1,False,False,17:surface_injure|29:surface_injure|43:surface_injure
mobilenet_v3_small,gaussian_blur_moderate,591_2,591,surface_injure,3,0,True,1,False,False,17:surface_injure|29:surface_injure|43:surface_injure
mobilenet_v3_small,gaussian_blur_moderate,597_0,597,hide_craze,3,0,True,1,False,False,17:hide_craze|29:hide_craze|43:hide_craze
mobilenet_v3_small,gaussian_blur_moderate,598_0,598,corrosion,2,1,False,2,False,False,17:hide_craze|29:corrosion|43:corrosion
mobilenet_v3_small,gaussian_blur_moderate,598_1,598,corrosion,3,0,True,1,False,False,17:corrosion|29:corrosion|43:corrosion
mobilenet_v3_small,gaussian_blur_moderate,600_0,600,hide_craze,3,0,True,1,False,False,17:hide_craze|29:hide_craze|43:hide_craze
mobilenet_v3_small,gaussian_blur_moderate,610_0,610,hide_craze,3,0,True,1,False,False,17:hide_craze|29:hide_craze|43:hide_craze
mobilenet_v3_small,gaussian_blur_moderate,623_0,623,hide_craze,3,0,True,1,False,False,17:hide_craze|29:hide_craze|43:hide_craze
mobilenet_v3_small,gaussian_blur_moderate,623_1,623,surface_injure,0,0,False,2,True,False,17:hide_craze|29:crack|43:crack
mobilenet_v3_small,gaussian_blur_moderate,633_0,633,hide_craze,3,0,True,1,False,False,17:hide_craze|29:hide_craze|43:hide_craze
mobilenet_v3_small,gaussian_blur_moderate,642_0,642,hide_craze,3,0,True,1,False,False,17:hide_craze|29:hide_craze|43:hide_craze
mobilenet_v3_small,gaussian_blur_moderate,642_1,642,surface_injure,3,0,True,1,False,False,17:surface_injure|29:surface_injure|43:surface_injure
mobilenet_v3_small,gaussian_blur_moderate,643_0,643,hide_craze,1,0,False,2,False,True,17:surface_injure|29:surface_injure|43:hide_craze
mobilenet_v3_small,gaussian_blur_moderate,650_0,650,corrosion,3,0,True,1,False,False,17:corrosion|29:corrosion|43:corrosion
mobilenet_v3_small,gaussian_blur_moderate,655_0,655,hide_craze,3,0,True,1,False,False,17:hide_craze|29:hide_craze|43:hide_craze
mobilenet_v3_small,gaussian_blur_moderate,658_0,658,corrosion,0,0,True,1,True,False,17:crack|29:crack|43:crack
mobilenet_v3_small,gaussian_blur_moderate,663_0,663,hide_craze,3,0,True,1,False,False,17:hide_craze|29:hide_craze|43:hide_craze
mobilenet_v3_small,gaussian_blur_moderate,671_0,671,hide_craze,3,0,True,1,False,False,17:hide_craze|29:hide_craze|43:hide_craze
mobilenet_v3_small,gaussian_blur_moderate,671_1,671,surface_injure,1,0,False,2,False,True,17:hide_craze|29:surface_injure|43:hide_craze
mobilenet_v3_small,gaussian_blur_moderate,677_0,677,hide_craze,3,0,True,1,False,False,17:hide_craze|29:hide_craze|43:hide_craze
mobilenet_v3_small,gaussian_blur_moderate,686_0,686,thunderstrike,3,0,True,1,False,False,17:thunderstrike|29:thunderstrike|43:thunderstrike
mobilenet_v3_small,gaussian_blur_moderate,689_0,689,surface_injure,3,0,True,1,False,False,17:surface_injure|29:surface_injure|43:surface_injure
mobilenet_v3_small,gaussian_blur_moderate,689_1,689,surface_injure,3,0,True,1,False,False,17:surface_injure|29:surface_injure|43:surface_injure
mobilenet_v3_small,gaussian_blur_moderate,689_2,689,surface_injure,3,0,True,1,False,False,17:surface_injure|29:surface_injure|43:surface_injure
mobilenet_v3_small,gaussian_blur_moderate,689_3,689,surface_injure,3,0,True,1,False,False,17:surface_injure|29:surface_injure|43:surface_injure
mobilenet_v3_small,gaussian_blur_moderate,696_0,696,hide_craze,3,0,True,1,False,False,17:hide_craze|29:hide_craze|43:hide_craze
mobilenet_v3_small,gaussian_blur_moderate,696_1,696,hide_craze,3,0,True,1,False,False,17:hide_craze|29:hide_craze|43:hide_craze
mobilenet_v3_small,gaussian_blur_moderate,699_0,699,thunderstrike,3,0,True,1,False,False,17:thunderstrike|29:thunderstrike|43:thunderstrike
mobilenet_v3_small,gaussian_blur_moderate,701_0,701,craze,3,0,True,1,False,False,17:craze|29:craze|43:craze
mobilenet_v3_small,gaussian_blur_moderate,704_0,704,corrosion,3,0,True,1,False,False,17:corrosion|29:corrosion|43:corrosion
mobilenet_v3_small,gaussian_blur_moderate,721_0,721,hide_craze,3,0,True,1,False,False,17:hide_craze|29:hide_craze|43:hide_craze
mobilenet_v3_small,gaussian_blur_moderate,824_0,824,craze,1,2,False,3,False,True,17:hide_craze|29:crack|43:craze
mobilenet_v3_small,gaussian_blur_moderate,863_0,863,thunderstrike,2,1,False,2,False,False,17:thunderstrike|29:thunderstrike|43:surface_injure
mobilenet_v3_small,gaussian_blur_moderate,864_0,864,surface_injure,3,0,True,1,False,False,17:surface_injure|29:surface_injure|43:surface_injure
mobilenet_v3_small,gaussian_blur_moderate,875_0,875,hide_craze,3,0,True,1,False,False,17:hide_craze|29:hide_craze|43:hide_craze
mobilenet_v3_small,gaussian_blur_moderate,875_1,875,hide_craze,3,0,True,1,False,False,17:hide_craze|29:hide_craze|43:hide_craze
mobilenet_v3_small,gaussian_blur_moderate,1017_0,1017,hide_craze,3,0,True,1,False,False,17:hide_craze|29:hide_craze|43:hide_craze
mobilenet_v3_small,gaussian_blur_moderate,1017_1,1017,hide_craze,3,0,True,1,False,False,17:hide_craze|29:hide_craze|43:hide_craze
mobilenet_v3_small,gaussian_blur_severe,13_0,13,hide_craze,3,0,True,1,False,False,17:hide_craze|29:hide_craze|43:hide_craze
mobilenet_v3_small,gaussian_blur_severe,13_1,13,hide_craze,2,1,False,2,False,False,17:hide_craze|29:hide_craze|43:crack
mobilenet_v3_small,gaussian_blur_severe,32_0,32,thunderstrike,1,2,False,3,False,True,17:craze|29:thunderstrike|43:hide_craze
mobilenet_v3_small,gaussian_blur_severe,32_1,32,thunderstrike,3,0,True,1,False,False,17:thunderstrike|29:thunderstrike|43:thunderstrike
mobilenet_v3_small,gaussian_blur_severe,46_0,46,corrosion,1,2,False,2,False,True,17:corrosion|29:surface_injure|43:surface_injure
mobilenet_v3_small,gaussian_blur_severe,46_1,46,corrosion,2,1,False,2,False,False,17:corrosion|29:surface_injure|43:corrosion
mobilenet_v3_small,gaussian_blur_severe,48_0,48,surface_injure,3,0,True,1,False,False,17:surface_injure|29:surface_injure|43:surface_injure
mobilenet_v3_small,gaussian_blur_severe,51_0,51,craze,0,0,True,1,True,False,17:surface_injure|29:surface_injure|43:surface_injure
mobilenet_v3_small,gaussian_blur_severe,51_1,51,craze,0,3,True,1,True,False,17:hide_craze|29:hide_craze|43:hide_craze
mobilenet_v3_small,gaussian_blur_severe,54_0,54,hide_craze,3,0,True,1,False,False,17:hide_craze|29:hide_craze|43:hide_craze
mobilenet_v3_small,gaussian_blur_severe,54_1,54,hide_craze,2,1,False,2,False,False,17:hide_craze|29:corrosion|43:hide_craze
mobilenet_v3_small,gaussian_blur_severe,57_0,57,craze,0,0,True,1,True,False,17:surface_injure|29:surface_injure|43:surface_injure
mobilenet_v3_small,gaussian_blur_severe,57_1,57,surface_injure,3,0,True,1,False,False,17:surface_injure|29:surface_injure|43:surface_injure
mobilenet_v3_small,gaussian_blur_severe,61_0,61,craze,1,2,False,2,False,True,17:craze|29:hide_craze|43:hide_craze
mobilenet_v3_small,gaussian_blur_severe,61_1,61,craze,1,2,False,2,False,True,17:craze|29:hide_craze|43:hide_craze
mobilenet_v3_small,gaussian_blur_severe,61_2,61,craze,0,3,False,2,True,False,17:hide_craze|29:corrosion|43:corrosion
mobilenet_v3_small,gaussian_blur_severe,65_0,65,corrosion,1,2,False,2,False,True,17:corrosion|29:crack|43:crack
mobilenet_v3_small,gaussian_blur_severe,67_0,67,hide_craze,3,0,True,1,False,False,17:hide_craze|29:hide_craze|43:hide_craze
mobilenet_v3_small,gaussian_blur_severe,71_0,71,craze,3,0,True,1,False,False,17:craze|29:craze|43:craze
mobilenet_v3_small,gaussian_blur_severe,73_0,73,craze,0,3,True,1,True,False,17:surface_injure|29:surface_injure|43:surface_injure
mobilenet_v3_small,gaussian_blur_severe,81_0,81,craze,2,1,False,2,False,False,17:craze|29:craze|43:hide_craze
mobilenet_v3_small,gaussian_blur_severe,81_1,81,craze,2,1,False,2,False,False,17:craze|29:craze|43:hide_craze
mobilenet_v3_small,gaussian_blur_severe,81_2,81,craze,2,1,False,2,False,False,17:craze|29:craze|43:hide_craze
mobilenet_v3_small,gaussian_blur_severe,88_0,88,crack,3,0,True,1,False,False,17:crack|29:crack|43:crack
mobilenet_v3_small,gaussian_blur_severe,93_0,93,craze,3,0,True,1,False,False,17:craze|29:craze|43:craze
mobilenet_v3_small,gaussian_blur_severe,103_0,103,craze,1,2,False,2,False,True,17:hide_craze|29:craze|43:hide_craze
mobilenet_v3_small,gaussian_blur_severe,112_0,112,thunderstrike,0,3,True,1,True,False,17:surface_injure|29:surface_injure|43:surface_injure
mobilenet_v3_small,gaussian_blur_severe,112_1,112,surface_injure,3,0,True,1,False,False,17:surface_injure|29:surface_injure|43:surface_injure
mobilenet_v3_small,gaussian_blur_severe,142_0,142,surface_injure,2,0,False,2,False,False,17:surface_injure|29:corrosion|43:surface_injure
mobilenet_v3_small,gaussian_blur_severe,146_0,146,hide_craze,2,1,False,2,False,False,17:hide_craze|29:hide_craze|43:crack
mobilenet_v3_small,gaussian_blur_severe,156_0,156,craze,2,1,False,2,False,False,17:craze|29:craze|43:surface_injure
mobilenet_v3_small,gaussian_blur_severe,161_0,161,corrosion,3,0,True,1,False,False,17:corrosion|29:corrosion|43:corrosion
mobilenet_v3_small,gaussian_blur_severe,163_0,163,hide_craze,3,0,True,1,False,False,17:hide_craze|29:hide_craze|43:hide_craze
mobilenet_v3_small,gaussian_blur_severe,166_0,166,craze,3,0,True,1,False,False,17:craze|29:craze|43:craze
mobilenet_v3_small,gaussian_blur_severe,167_0,167,craze,1,2,False,2,False,True,17:craze|29:crack|43:crack
mobilenet_v3_small,gaussian_blur_severe,167_1,167,craze,1,2,False,3,False,True,17:craze|29:hide_craze|43:surface_injure
mobilenet_v3_small,gaussian_blur_severe,178_0,178,surface_injure,3,0,True,1,False,False,17:surface_injure|29:surface_injure|43:surface_injure
mobilenet_v3_small,gaussian_blur_severe,178_1,178,surface_injure,3,0,True,1,False,False,17:surface_injure|29:surface_injure|43:surface_injure
mobilenet_v3_small,gaussian_blur_severe,178_2,178,surface_injure,3,0,True,1,False,False,17:surface_injure|29:surface_injure|43:surface_injure
mobilenet_v3_small,gaussian_blur_severe,198_0,198,craze,0,3,True,1,True,False,17:surface_injure|29:surface_injure|43:surface_injure
mobilenet_v3_small,gaussian_blur_severe,198_1,198,hide_craze,3,0,True,1,False,False,17:hide_craze|29:hide_craze|43:hide_craze
mobilenet_v3_small,gaussian_blur_severe,209_0,209,hide_craze,0,3,True,1,True,False,17:surface_injure|29:surface_injure|43:surface_injure
mobilenet_v3_small,gaussian_blur_severe,214_0,214,craze,1,2,False,2,False,True,17:craze|29:surface_injure|43:surface_injure
mobilenet_v3_small,gaussian_blur_severe,216_0,216,crack,3,0,True,1,False,False,17:crack|29:crack|43:crack
mobilenet_v3_small,gaussian_blur_severe,217_0,217,surface_injure,3,0,True,1,False,False,17:surface_injure|29:surface_injure|43:surface_injure
mobilenet_v3_small,gaussian_blur_severe,224_0,224,hide_craze,3,0,True,1,False,False,17:hide_craze|29:hide_craze|43:hide_craze
mobilenet_v3_small,gaussian_blur_severe,228_0,228,hide_craze,1,0,False,2,False,True,17:craze|29:craze|43:hide_craze
mobilenet_v3_small,gaussian_blur_severe,228_1,228,hide_craze,3,0,True,1,False,False,17:hide_craze|29:hide_craze|43:hide_craze
mobilenet_v3_small,gaussian_blur_severe,234_0,234,surface_injure,3,0,True,1,False,False,17:surface_injure|29:surface_injure|43:surface_injure
mobilenet_v3_small,gaussian_blur_severe,234_1,234,hide_craze,3,0,True,1,False,False,17:hide_craze|29:hide_craze|43:hide_craze
mobilenet_v3_small,gaussian_blur_severe,234_2,234,hide_craze,3,0,True,1,False,False,17:hide_craze|29:hide_craze|43:hide_craze
mobilenet_v3_small,gaussian_blur_severe,234_3,234,hide_craze,3,0,True,1,False,False,17:hide_craze|29:hide_craze|43:hide_craze
mobilenet_v3_small,gaussian_blur_severe,234_4,234,hide_craze,3,0,True,1,False,False,17:hide_craze|29:hide_craze|43:hide_craze
mobilenet_v3_small,gaussian_blur_severe,238_0,238,crack,1,2,False,2,False,True,17:surface_injure|29:crack|43:surface_injure
mobilenet_v3_small,gaussian_blur_severe,238_1,238,crack,3,0,True,1,False,False,17:crack|29:crack|43:crack
mobilenet_v3_small,gaussian_blur_severe,250_0,250,crack,3,0,True,1,False,False,17:crack|29:crack|43:crack
mobilenet_v3_small,gaussian_blur_severe,252_0,252,crack,3,0,True,1,False,False,17:crack|29:crack|43:crack
mobilenet_v3_small,gaussian_blur_severe,255_0,255,surface_injure,2,0,False,2,False,False,17:hide_craze|29:surface_injure|43:surface_injure
mobilenet_v3_small,gaussian_blur_severe,255_1,255,surface_injure,3,0,True,1,False,False,17:surface_injure|29:surface_injure|43:surface_injure
mobilenet_v3_small,gaussian_blur_severe,257_0,257,surface_injure,3,0,True,1,False,False,17:surface_injure|29:surface_injure|43:surface_injure
mobilenet_v3_small,gaussian_blur_severe,257_1,257,surface_injure,3,0,True,1,False,False,17:surface_injure|29:surface_injure|43:surface_injure
mobilenet_v3_small,gaussian_blur_severe,269_0,269,crack,3,0,True,1,False,False,17:crack|29:crack|43:crack
mobilenet_v3_small,gaussian_blur_severe,273_0,273,thunderstrike,2,1,False,2,False,False,17:surface_injure|29:thunderstrike|43:thunderstrike
mobilenet_v3_small,gaussian_blur_severe,273_1,273,surface_injure,3,0,True,1,False,False,17:surface_injure|29:surface_injure|43:surface_injure
mobilenet_v3_small,gaussian_blur_severe,276_0,276,hide_craze,2,0,False,2,False,False,17:hide_craze|29:corrosion|43:hide_craze
mobilenet_v3_small,gaussian_blur_severe,276_1,276,hide_craze,2,0,False,2,False,False,17:hide_craze|29:corrosion|43:hide_craze
mobilenet_v3_small,gaussian_blur_severe,284_0,284,hide_craze,3,0,True,1,False,False,17:hide_craze|29:hide_craze|43:hide_craze
mobilenet_v3_small,gaussian_blur_severe,285_0,285,surface_injure,3,0,True,1,False,False,17:surface_injure|29:surface_injure|43:surface_injure
mobilenet_v3_small,gaussian_blur_severe,285_1,285,surface_injure,3,0,True,1,False,False,17:surface_injure|29:surface_injure|43:surface_injure
mobilenet_v3_small,gaussian_blur_severe,318_0,318,crack,3,0,True,1,False,False,17:crack|29:crack|43:crack
mobilenet_v3_small,gaussian_blur_severe,322_0,322,corrosion,3,0,True,1,False,False,17:corrosion|29:corrosion|43:corrosion
mobilenet_v3_small,gaussian_blur_severe,323_0,323,corrosion,0,0,False,2,True,False,17:surface_injure|29:surface_injure|43:hide_craze
mobilenet_v3_small,gaussian_blur_severe,326_0,326,surface_injure,3,0,True,1,False,False,17:surface_injure|29:surface_injure|43:surface_injure
mobilenet_v3_small,gaussian_blur_severe,326_1,326,craze,0,2,True,1,True,False,17:surface_injure|29:surface_injure|43:surface_injure
mobilenet_v3_small,gaussian_blur_severe,332_0,332,surface_injure,1,2,False,2,False,True,17:hide_craze|29:surface_injure|43:hide_craze
mobilenet_v3_small,gaussian_blur_severe,363_0,363,surface_injure,3,0,True,1,False,False,17:surface_injure|29:surface_injure|43:surface_injure
mobilenet_v3_small,gaussian_blur_severe,370_0,370,corrosion,2,1,False,2,False,False,17:hide_craze|29:corrosion|43:corrosion
mobilenet_v3_small,gaussian_blur_severe,370_1,370,corrosion,2,1,False,2,False,False,17:craze|29:corrosion|43:corrosion
mobilenet_v3_small,gaussian_blur_severe,370_2,370,corrosion,0,3,True,1,True,False,17:hide_craze|29:hide_craze|43:hide_craze
mobilenet_v3_small,gaussian_blur_severe,373_0,373,corrosion,3,0,True,1,False,False,17:corrosion|29:corrosion|43:corrosion
mobilenet_v3_small,gaussian_blur_severe,379_0,379,hide_craze,2,1,False,2,False,False,17:craze|29:hide_craze|43:hide_craze
mobilenet_v3_small,gaussian_blur_severe,379_1,379,hide_craze,1,1,False,3,False,True,17:craze|29:hide_craze|43:crack
mobilenet_v3_small,gaussian_blur_severe,388_0,388,hide_craze,3,0,True,1,False,False,17:hide_craze|29:hide_craze|43:hide_craze
mobilenet_v3_small,gaussian_blur_severe,389_0,389,crack,3,0,True,1,False,False,17:crack|29:crack|43:crack
mobilenet_v3_small,gaussian_blur_severe,390_0,390,corrosion,0,3,True,1,True,False,17:surface_injure|29:surface_injure|43:surface_injure
mobilenet_v3_small,gaussian_blur_severe,394_0,394,crack,3,0,True,1,False,False,17:crack|29:crack|43:crack
mobilenet_v3_small,gaussian_blur_severe,405_0,405,corrosion,2,1,False,2,False,False,17:hide_craze|29:corrosion|43:corrosion
mobilenet_v3_small,gaussian_blur_severe,407_0,407,surface_injure,3,0,True,1,False,False,17:surface_injure|29:surface_injure|43:surface_injure
mobilenet_v3_small,gaussian_blur_severe,408_0,408,corrosion,3,0,True,1,False,False,17:corrosion|29:corrosion|43:corrosion
mobilenet_v3_small,gaussian_blur_severe,408_1,408,corrosion,0,3,True,1,True,False,17:surface_injure|29:surface_injure|43:surface_injure
mobilenet_v3_small,gaussian_blur_severe,410_0,410,corrosion,3,0,True,1,False,False,17:corrosion|29:corrosion|43:corrosion
mobilenet_v3_small,gaussian_blur_severe,410_1,410,corrosion,2,1,False,2,False,False,17:corrosion|29:surface_injure|43:corrosion
mobilenet_v3_small,gaussian_blur_severe,432_0,432,surface_injure,3,0,True,1,False,False,17:surface_injure|29:surface_injure|43:surface_injure
mobilenet_v3_small,gaussian_blur_severe,438_0,438,hide_craze,1,2,False,2,False,True,17:hide_craze|29:corrosion|43:corrosion
mobilenet_v3_small,gaussian_blur_severe,440_0,440,crack,3,0,True,1,False,False,17:crack|29:crack|43:crack
mobilenet_v3_small,gaussian_blur_severe,447_0,447,crack,3,0,True,1,False,False,17:crack|29:crack|43:crack
mobilenet_v3_small,gaussian_blur_severe,447_1,447,crack,3,0,True,1,False,False,17:crack|29:crack|43:crack
mobilenet_v3_small,gaussian_blur_severe,451_0,451,corrosion,3,0,True,1,False,False,17:corrosion|29:corrosion|43:corrosion
mobilenet_v3_small,gaussian_blur_severe,457_0,457,hide_craze,3,0,True,1,False,False,17:hide_craze|29:hide_craze|43:hide_craze
mobilenet_v3_small,gaussian_blur_severe,457_1,457,hide_craze,3,0,True,1,False,False,17:hide_craze|29:hide_craze|43:hide_craze
mobilenet_v3_small,gaussian_blur_severe,457_2,457,hide_craze,3,0,True,1,False,False,17:hide_craze|29:hide_craze|43:hide_craze
mobilenet_v3_small,gaussian_blur_severe,464_0,464,craze,0,3,True,1,True,False,17:surface_injure|29:surface_injure|43:surface_injure
mobilenet_v3_small,gaussian_blur_severe,464_1,464,hide_craze,0,0,True,1,True,False,17:surface_injure|29:surface_injure|43:surface_injure
mobilenet_v3_small,gaussian_blur_severe,469_0,469,craze,3,0,True,1,False,False,17:craze|29:craze|43:craze
mobilenet_v3_small,gaussian_blur_severe,473_0,473,crack,3,0,True,1,False,False,17:crack|29:crack|43:crack
mobilenet_v3_small,gaussian_blur_severe,476_0,476,surface_injure,3,0,True,1,False,False,17:surface_injure|29:surface_injure|43:surface_injure
mobilenet_v3_small,gaussian_blur_severe,479_0,479,surface_injure,3,0,True,1,False,False,17:surface_injure|29:surface_injure|43:surface_injure
mobilenet_v3_small,gaussian_blur_severe,479_1,479,thunderstrike,3,0,True,1,False,False,17:thunderstrike|29:thunderstrike|43:thunderstrike
mobilenet_v3_small,gaussian_blur_severe,501_0,501,corrosion,1,2,False,2,False,True,17:surface_injure|29:surface_injure|43:corrosion
mobilenet_v3_small,gaussian_blur_severe,505_0,505,corrosion,3,0,True,1,False,False,17:corrosion|29:corrosion|43:corrosion
mobilenet_v3_small,gaussian_blur_severe,511_0,511,hide_craze,3,0,True,1,False,False,17:hide_craze|29:hide_craze|43:hide_craze
mobilenet_v3_small,gaussian_blur_severe,511_1,511,hide_craze,3,0,True,1,False,False,17:hide_craze|29:hide_craze|43:hide_craze
mobilenet_v3_small,gaussian_blur_severe,521_0,521,corrosion,0,0,True,1,True,False,17:hide_craze|29:hide_craze|43:hide_craze
mobilenet_v3_small,gaussian_blur_severe,521_1,521,corrosion,2,0,False,2,False,False,17:hide_craze|29:corrosion|43:corrosion
mobilenet_v3_small,gaussian_blur_severe,541_0,541,hide_craze,3,0,True,1,False,False,17:hide_craze|29:hide_craze|43:hide_craze
mobilenet_v3_small,gaussian_blur_severe,546_0,546,corrosion,0,0,True,1,True,False,17:surface_injure|29:surface_injure|43:surface_injure
mobilenet_v3_small,gaussian_blur_severe,546_1,546,corrosion,0,0,True,1,True,False,17:hide_craze|29:hide_craze|43:hide_craze
mobilenet_v3_small,gaussian_blur_severe,546_2,546,corrosion,0,1,False,2,True,False,17:hide_craze|29:hide_craze|43:surface_injure
mobilenet_v3_small,gaussian_blur_severe,563_0,563,craze,0,3,True,1,True,False,17:surface_injure|29:surface_injure|43:surface_injure
mobilenet_v3_small,gaussian_blur_severe,566_0,566,corrosion,2,1,False,2,False,False,17:hide_craze|29:corrosion|43:corrosion
mobilenet_v3_small,gaussian_blur_severe,569_0,569,hide_craze,3,0,True,1,False,False,17:hide_craze|29:hide_craze|43:hide_craze
mobilenet_v3_small,gaussian_blur_severe,574_0,574,craze,2,1,False,2,False,False,17:craze|29:craze|43:hide_craze
mobilenet_v3_small,gaussian_blur_severe,580_0,580,craze,0,3,False,2,True,False,17:surface_injure|29:surface_injure|43:corrosion
mobilenet_v3_small,gaussian_blur_severe,591_0,591,thunderstrike,0,3,True,1,True,False,17:surface_injure|29:surface_injure|43:surface_injure
mobilenet_v3_small,gaussian_blur_severe,591_1,591,surface_injure,3,0,True,1,False,False,17:surface_injure|29:surface_injure|43:surface_injure
mobilenet_v3_small,gaussian_blur_severe,591_2,591,surface_injure,3,0,True,1,False,False,17:surface_injure|29:surface_injure|43:surface_injure
mobilenet_v3_small,gaussian_blur_severe,597_0,597,hide_craze,2,1,False,2,False,False,17:hide_craze|29:surface_injure|43:hide_craze
mobilenet_v3_small,gaussian_blur_severe,598_0,598,corrosion,1,2,False,3,False,True,17:hide_craze|29:corrosion|43:crack
mobilenet_v3_small,gaussian_blur_severe,598_1,598,corrosion,2,1,False,2,False,False,17:surface_injure|29:corrosion|43:corrosion
mobilenet_v3_small,gaussian_blur_severe,600_0,600,hide_craze,3,0,True,1,False,False,17:hide_craze|29:hide_craze|43:hide_craze
mobilenet_v3_small,gaussian_blur_severe,610_0,610,hide_craze,3,0,True,1,False,False,17:hide_craze|29:hide_craze|43:hide_craze
mobilenet_v3_small,gaussian_blur_severe,623_0,623,hide_craze,3,0,True,1,False,False,17:hide_craze|29:hide_craze|43:hide_craze
mobilenet_v3_small,gaussian_blur_severe,623_1,623,surface_injure,0,0,False,2,True,False,17:hide_craze|29:crack|43:crack
mobilenet_v3_small,gaussian_blur_severe,633_0,633,hide_craze,3,0,True,1,False,False,17:hide_craze|29:hide_craze|43:hide_craze
mobilenet_v3_small,gaussian_blur_severe,642_0,642,hide_craze,3,0,True,1,False,False,17:hide_craze|29:hide_craze|43:hide_craze
mobilenet_v3_small,gaussian_blur_severe,642_1,642,surface_injure,3,0,True,1,False,False,17:surface_injure|29:surface_injure|43:surface_injure
mobilenet_v3_small,gaussian_blur_severe,643_0,643,hide_craze,2,0,False,2,False,False,17:surface_injure|29:hide_craze|43:hide_craze
mobilenet_v3_small,gaussian_blur_severe,650_0,650,corrosion,1,2,False,2,False,True,17:corrosion|29:crack|43:crack
mobilenet_v3_small,gaussian_blur_severe,655_0,655,hide_craze,2,1,False,2,False,False,17:hide_craze|29:hide_craze|43:crack
mobilenet_v3_small,gaussian_blur_severe,658_0,658,corrosion,0,0,True,1,True,False,17:crack|29:crack|43:crack
mobilenet_v3_small,gaussian_blur_severe,663_0,663,hide_craze,3,0,True,1,False,False,17:hide_craze|29:hide_craze|43:hide_craze
mobilenet_v3_small,gaussian_blur_severe,671_0,671,hide_craze,3,0,True,1,False,False,17:hide_craze|29:hide_craze|43:hide_craze
mobilenet_v3_small,gaussian_blur_severe,671_1,671,surface_injure,0,0,True,1,True,False,17:hide_craze|29:hide_craze|43:hide_craze
mobilenet_v3_small,gaussian_blur_severe,677_0,677,hide_craze,3,0,True,1,False,False,17:hide_craze|29:hide_craze|43:hide_craze
mobilenet_v3_small,gaussian_blur_severe,686_0,686,thunderstrike,1,2,False,2,False,True,17:surface_injure|29:thunderstrike|43:surface_injure
mobilenet_v3_small,gaussian_blur_severe,689_0,689,surface_injure,3,0,True,1,False,False,17:surface_injure|29:surface_injure|43:surface_injure
mobilenet_v3_small,gaussian_blur_severe,689_1,689,surface_injure,3,0,True,1,False,False,17:surface_injure|29:surface_injure|43:surface_injure
mobilenet_v3_small,gaussian_blur_severe,689_2,689,surface_injure,3,0,True,1,False,False,17:surface_injure|29:surface_injure|43:surface_injure
mobilenet_v3_small,gaussian_blur_severe,689_3,689,surface_injure,3,0,True,1,False,False,17:surface_injure|29:surface_injure|43:surface_injure
mobilenet_v3_small,gaussian_blur_severe,696_0,696,hide_craze,3,0,True,1,False,False,17:hide_craze|29:hide_craze|43:hide_craze
mobilenet_v3_small,gaussian_blur_severe,696_1,696,hide_craze,3,0,True,1,False,False,17:hide_craze|29:hide_craze|43:hide_craze
mobilenet_v3_small,gaussian_blur_severe,699_0,699,thunderstrike,1,2,False,3,False,True,17:thunderstrike|29:craze|43:surface_injure
mobilenet_v3_small,gaussian_blur_severe,701_0,701,craze,0,3,False,2,True,False,17:crack|29:hide_craze|43:hide_craze
mobilenet_v3_small,gaussian_blur_severe,704_0,704,corrosion,2,1,False,2,False,False,17:hide_craze|29:corrosion|43:corrosion
mobilenet_v3_small,gaussian_blur_severe,721_0,721,hide_craze,0,3,True,1,True,False,17:surface_injure|29:surface_injure|43:surface_injure
mobilenet_v3_small,gaussian_blur_severe,824_0,824,craze,1,2,False,3,False,True,17:corrosion|29:surface_injure|43:craze
mobilenet_v3_small,gaussian_blur_severe,863_0,863,thunderstrike,0,3,True,1,True,False,17:crack|29:crack|43:crack
mobilenet_v3_small,gaussian_blur_severe,864_0,864,surface_injure,3,0,True,1,False,False,17:surface_injure|29:surface_injure|43:surface_injure
mobilenet_v3_small,gaussian_blur_severe,875_0,875,hide_craze,3,0,True,1,False,False,17:hide_craze|29:hide_craze|43:hide_craze
mobilenet_v3_small,gaussian_blur_severe,875_1,875,hide_craze,3,0,True,1,False,False,17:hide_craze|29:hide_craze|43:hide_craze
mobilenet_v3_small,gaussian_blur_severe,1017_0,1017,hide_craze,3,0,True,1,False,False,17:hide_craze|29:hide_craze|43:hide_craze
mobilenet_v3_small,gaussian_blur_severe,1017_1,1017,hide_craze,3,0,True,1,False,False,17:hide_craze|29:hide_craze|43:hide_craze
mobilenet_v3_small,resolution_mild,13_0,13,hide_craze,3,0,True,1,False,False,17:hide_craze|29:hide_craze|43:hide_craze
mobilenet_v3_small,resolution_mild,13_1,13,hide_craze,3,0,True,1,False,False,17:hide_craze|29:hide_craze|43:hide_craze
mobilenet_v3_small,resolution_mild,32_0,32,thunderstrike,3,0,True,1,False,False,17:thunderstrike|29:thunderstrike|43:thunderstrike
mobilenet_v3_small,resolution_mild,32_1,32,thunderstrike,3,0,True,1,False,False,17:thunderstrike|29:thunderstrike|43:thunderstrike
mobilenet_v3_small,resolution_mild,46_0,46,corrosion,3,0,True,1,False,False,17:corrosion|29:corrosion|43:corrosion
mobilenet_v3_small,resolution_mild,46_1,46,corrosion,3,0,True,1,False,False,17:corrosion|29:corrosion|43:corrosion
mobilenet_v3_small,resolution_mild,48_0,48,surface_injure,3,0,True,1,False,False,17:surface_injure|29:surface_injure|43:surface_injure
mobilenet_v3_small,resolution_mild,51_0,51,craze,0,0,False,2,True,False,17:surface_injure|29:corrosion|43:corrosion
mobilenet_v3_small,resolution_mild,51_1,51,craze,0,3,True,1,True,False,17:hide_craze|29:hide_craze|43:hide_craze
mobilenet_v3_small,resolution_mild,54_0,54,hide_craze,3,0,True,1,False,False,17:hide_craze|29:hide_craze|43:hide_craze
mobilenet_v3_small,resolution_mild,54_1,54,hide_craze,3,0,True,1,False,False,17:hide_craze|29:hide_craze|43:hide_craze
mobilenet_v3_small,resolution_mild,57_0,57,craze,0,0,False,2,True,False,17:corrosion|29:corrosion|43:surface_injure
mobilenet_v3_small,resolution_mild,57_1,57,surface_injure,2,0,False,2,False,False,17:corrosion|29:surface_injure|43:surface_injure
mobilenet_v3_small,resolution_mild,61_0,61,craze,3,0,True,1,False,False,17:craze|29:craze|43:craze
mobilenet_v3_small,resolution_mild,61_1,61,craze,3,0,True,1,False,False,17:craze|29:craze|43:craze
mobilenet_v3_small,resolution_mild,61_2,61,craze,2,1,False,2,False,False,17:craze|29:corrosion|43:craze
mobilenet_v3_small,resolution_mild,65_0,65,corrosion,2,1,False,2,False,False,17:corrosion|29:crack|43:corrosion
mobilenet_v3_small,resolution_mild,67_0,67,hide_craze,3,0,True,1,False,False,17:hide_craze|29:hide_craze|43:hide_craze
mobilenet_v3_small,resolution_mild,71_0,71,craze,3,0,True,1,False,False,17:craze|29:craze|43:craze
mobilenet_v3_small,resolution_mild,73_0,73,craze,2,1,False,2,False,False,17:craze|29:craze|43:surface_injure
mobilenet_v3_small,resolution_mild,81_0,81,craze,3,0,True,1,False,False,17:craze|29:craze|43:craze
mobilenet_v3_small,resolution_mild,81_1,81,craze,3,0,True,1,False,False,17:craze|29:craze|43:craze
mobilenet_v3_small,resolution_mild,81_2,81,craze,3,0,True,1,False,False,17:craze|29:craze|43:craze
mobilenet_v3_small,resolution_mild,88_0,88,crack,3,0,True,1,False,False,17:crack|29:crack|43:crack
mobilenet_v3_small,resolution_mild,93_0,93,craze,3,0,True,1,False,False,17:craze|29:craze|43:craze
mobilenet_v3_small,resolution_mild,103_0,103,craze,3,0,True,1,False,False,17:craze|29:craze|43:craze
mobilenet_v3_small,resolution_mild,112_0,112,thunderstrike,3,0,True,1,False,False,17:thunderstrike|29:thunderstrike|43:thunderstrike
mobilenet_v3_small,resolution_mild,112_1,112,surface_injure,3,0,True,1,False,False,17:surface_injure|29:surface_injure|43:surface_injure
mobilenet_v3_small,resolution_mild,142_0,142,surface_injure,0,0,False,2,True,False,17:hide_craze|29:hide_craze|43:corrosion
mobilenet_v3_small,resolution_mild,146_0,146,hide_craze,3,0,True,1,False,False,17:hide_craze|29:hide_craze|43:hide_craze
mobilenet_v3_small,resolution_mild,156_0,156,craze,3,0,True,1,False,False,17:craze|29:craze|43:craze
mobilenet_v3_small,resolution_mild,161_0,161,corrosion,3,0,True,1,False,False,17:corrosion|29:corrosion|43:corrosion
mobilenet_v3_small,resolution_mild,163_0,163,hide_craze,3,0,True,1,False,False,17:hide_craze|29:hide_craze|43:hide_craze
mobilenet_v3_small,resolution_mild,166_0,166,craze,3,0,True,1,False,False,17:craze|29:craze|43:craze
mobilenet_v3_small,resolution_mild,167_0,167,craze,3,0,True,1,False,False,17:craze|29:craze|43:craze
mobilenet_v3_small,resolution_mild,167_1,167,craze,3,0,True,1,False,False,17:craze|29:craze|43:craze
mobilenet_v3_small,resolution_mild,178_0,178,surface_injure,3,0,True,1,False,False,17:surface_injure|29:surface_injure|43:surface_injure
mobilenet_v3_small,resolution_mild,178_1,178,surface_injure,3,0,True,1,False,False,17:surface_injure|29:surface_injure|43:surface_injure
mobilenet_v3_small,resolution_mild,178_2,178,surface_injure,3,0,True,1,False,False,17:surface_injure|29:surface_injure|43:surface_injure
mobilenet_v3_small,resolution_mild,198_0,198,craze,0,3,True,1,True,False,17:surface_injure|29:surface_injure|43:surface_injure
mobilenet_v3_small,resolution_mild,198_1,198,hide_craze,3,0,True,1,False,False,17:hide_craze|29:hide_craze|43:hide_craze
mobilenet_v3_small,resolution_mild,209_0,209,hide_craze,3,0,True,1,False,False,17:hide_craze|29:hide_craze|43:hide_craze
mobilenet_v3_small,resolution_mild,214_0,214,craze,3,0,True,1,False,False,17:craze|29:craze|43:craze
mobilenet_v3_small,resolution_mild,216_0,216,crack,3,0,True,1,False,False,17:crack|29:crack|43:crack
mobilenet_v3_small,resolution_mild,217_0,217,surface_injure,3,0,True,1,False,False,17:surface_injure|29:surface_injure|43:surface_injure
mobilenet_v3_small,resolution_mild,224_0,224,hide_craze,3,0,True,1,False,False,17:hide_craze|29:hide_craze|43:hide_craze
mobilenet_v3_small,resolution_mild,228_0,228,hide_craze,1,0,False,2,False,True,17:craze|29:craze|43:hide_craze
mobilenet_v3_small,resolution_mild,228_1,228,hide_craze,3,0,True,1,False,False,17:hide_craze|29:hide_craze|43:hide_craze
mobilenet_v3_small,resolution_mild,234_0,234,surface_injure,3,0,True,1,False,False,17:surface_injure|29:surface_injure|43:surface_injure
mobilenet_v3_small,resolution_mild,234_1,234,hide_craze,3,0,True,1,False,False,17:hide_craze|29:hide_craze|43:hide_craze
mobilenet_v3_small,resolution_mild,234_2,234,hide_craze,3,0,True,1,False,False,17:hide_craze|29:hide_craze|43:hide_craze
mobilenet_v3_small,resolution_mild,234_3,234,hide_craze,3,0,True,1,False,False,17:hide_craze|29:hide_craze|43:hide_craze
mobilenet_v3_small,resolution_mild,234_4,234,hide_craze,3,0,True,1,False,False,17:hide_craze|29:hide_craze|43:hide_craze
mobilenet_v3_small,resolution_mild,238_0,238,crack,2,1,False,2,False,False,17:crack|29:crack|43:surface_injure
mobilenet_v3_small,resolution_mild,238_1,238,crack,3,0,True,1,False,False,17:crack|29:crack|43:crack
mobilenet_v3_small,resolution_mild,250_0,250,crack,3,0,True,1,False,False,17:crack|29:crack|43:crack
mobilenet_v3_small,resolution_mild,252_0,252,crack,3,0,True,1,False,False,17:crack|29:crack|43:crack
mobilenet_v3_small,resolution_mild,255_0,255,surface_injure,1,0,False,2,False,True,17:corrosion|29:corrosion|43:surface_injure
mobilenet_v3_small,resolution_mild,255_1,255,surface_injure,3,0,True,1,False,False,17:surface_injure|29:surface_injure|43:surface_injure
mobilenet_v3_small,resolution_mild,257_0,257,surface_injure,3,0,True,1,False,False,17:surface_injure|29:surface_injure|43:surface_injure
mobilenet_v3_small,resolution_mild,257_1,257,surface_injure,3,0,True,1,False,False,17:surface_injure|29:surface_injure|43:surface_injure
mobilenet_v3_small,resolution_mild,269_0,269,crack,3,0,True,1,False,False,17:crack|29:crack|43:crack
mobilenet_v3_small,resolution_mild,273_0,273,thunderstrike,3,0,True,1,False,False,17:thunderstrike|29:thunderstrike|43:thunderstrike
mobilenet_v3_small,resolution_mild,273_1,273,surface_injure,3,0,True,1,False,False,17:surface_injure|29:surface_injure|43:surface_injure
mobilenet_v3_small,resolution_mild,276_0,276,hide_craze,2,0,False,2,False,False,17:hide_craze|29:corrosion|43:hide_craze
mobilenet_v3_small,resolution_mild,276_1,276,hide_craze,2,0,False,2,False,False,17:hide_craze|29:corrosion|43:hide_craze
mobilenet_v3_small,resolution_mild,284_0,284,hide_craze,3,0,True,1,False,False,17:hide_craze|29:hide_craze|43:hide_craze
mobilenet_v3_small,resolution_mild,285_0,285,surface_injure,3,0,True,1,False,False,17:surface_injure|29:surface_injure|43:surface_injure
mobilenet_v3_small,resolution_mild,285_1,285,surface_injure,3,0,True,1,False,False,17:surface_injure|29:surface_injure|43:surface_injure
mobilenet_v3_small,resolution_mild,318_0,318,crack,3,0,True,1,False,False,17:crack|29:crack|43:crack
mobilenet_v3_small,resolution_mild,322_0,322,corrosion,3,0,True,1,False,False,17:corrosion|29:corrosion|43:corrosion
mobilenet_v3_small,resolution_mild,323_0,323,corrosion,0,0,False,2,True,False,17:surface_injure|29:hide_craze|43:surface_injure
mobilenet_v3_small,resolution_mild,326_0,326,surface_injure,3,0,True,1,False,False,17:surface_injure|29:surface_injure|43:surface_injure
mobilenet_v3_small,resolution_mild,326_1,326,craze,2,0,False,2,False,False,17:craze|29:craze|43:surface_injure
mobilenet_v3_small,resolution_mild,332_0,332,surface_injure,3,0,True,1,False,False,17:surface_injure|29:surface_injure|43:surface_injure
mobilenet_v3_small,resolution_mild,363_0,363,surface_injure,3,0,True,1,False,False,17:surface_injure|29:surface_injure|43:surface_injure
mobilenet_v3_small,resolution_mild,370_0,370,corrosion,3,0,True,1,False,False,17:corrosion|29:corrosion|43:corrosion
mobilenet_v3_small,resolution_mild,370_1,370,corrosion,3,0,True,1,False,False,17:corrosion|29:corrosion|43:corrosion
mobilenet_v3_small,resolution_mild,370_2,370,corrosion,3,0,True,1,False,False,17:corrosion|29:corrosion|43:corrosion
mobilenet_v3_small,resolution_mild,373_0,373,corrosion,3,0,True,1,False,False,17:corrosion|29:corrosion|43:corrosion
mobilenet_v3_small,resolution_mild,379_0,379,hide_craze,3,0,True,1,False,False,17:hide_craze|29:hide_craze|43:hide_craze
mobilenet_v3_small,resolution_mild,379_1,379,hide_craze,3,0,True,1,False,False,17:hide_craze|29:hide_craze|43:hide_craze
mobilenet_v3_small,resolution_mild,388_0,388,hide_craze,3,0,True,1,False,False,17:hide_craze|29:hide_craze|43:hide_craze
mobilenet_v3_small,resolution_mild,389_0,389,crack,3,0,True,1,False,False,17:crack|29:crack|43:crack
mobilenet_v3_small,resolution_mild,390_0,390,corrosion,1,2,False,2,False,True,17:surface_injure|29:corrosion|43:surface_injure
mobilenet_v3_small,resolution_mild,394_0,394,crack,3,0,True,1,False,False,17:crack|29:crack|43:crack
mobilenet_v3_small,resolution_mild,405_0,405,corrosion,3,0,True,1,False,False,17:corrosion|29:corrosion|43:corrosion
mobilenet_v3_small,resolution_mild,407_0,407,surface_injure,3,0,True,1,False,False,17:surface_injure|29:surface_injure|43:surface_injure
mobilenet_v3_small,resolution_mild,408_0,408,corrosion,2,1,False,2,False,False,17:corrosion|29:hide_craze|43:corrosion
mobilenet_v3_small,resolution_mild,408_1,408,corrosion,3,0,True,1,False,False,17:corrosion|29:corrosion|43:corrosion
mobilenet_v3_small,resolution_mild,410_0,410,corrosion,1,1,False,2,False,True,17:corrosion|29:craze|43:craze
mobilenet_v3_small,resolution_mild,410_1,410,corrosion,3,0,True,1,False,False,17:corrosion|29:corrosion|43:corrosion
mobilenet_v3_small,resolution_mild,432_0,432,surface_injure,3,0,True,1,False,False,17:surface_injure|29:surface_injure|43:surface_injure
mobilenet_v3_small,resolution_mild,438_0,438,hide_craze,3,0,True,1,False,False,17:hide_craze|29:hide_craze|43:hide_craze
mobilenet_v3_small,resolution_mild,440_0,440,crack,3,0,True,1,False,False,17:crack|29:crack|43:crack
mobilenet_v3_small,resolution_mild,447_0,447,crack,3,0,True,1,False,False,17:crack|29:crack|43:crack
mobilenet_v3_small,resolution_mild,447_1,447,crack,3,0,True,1,False,False,17:crack|29:crack|43:crack
mobilenet_v3_small,resolution_mild,451_0,451,corrosion,3,0,True,1,False,False,17:corrosion|29:corrosion|43:corrosion
mobilenet_v3_small,resolution_mild,457_0,457,hide_craze,3,0,True,1,False,False,17:hide_craze|29:hide_craze|43:hide_craze
mobilenet_v3_small,resolution_mild,457_1,457,hide_craze,3,0,True,1,False,False,17:hide_craze|29:hide_craze|43:hide_craze
mobilenet_v3_small,resolution_mild,457_2,457,hide_craze,3,0,True,1,False,False,17:hide_craze|29:hide_craze|43:hide_craze
mobilenet_v3_small,resolution_mild,464_0,464,craze,3,0,True,1,False,False,17:craze|29:craze|43:craze
mobilenet_v3_small,resolution_mild,464_1,464,hide_craze,0,0,True,1,True,False,17:surface_injure|29:surface_injure|43:surface_injure
mobilenet_v3_small,resolution_mild,469_0,469,craze,3,0,True,1,False,False,17:craze|29:craze|43:craze
mobilenet_v3_small,resolution_mild,473_0,473,crack,3,0,True,1,False,False,17:crack|29:crack|43:crack
mobilenet_v3_small,resolution_mild,476_0,476,surface_injure,3,0,True,1,False,False,17:surface_injure|29:surface_injure|43:surface_injure
mobilenet_v3_small,resolution_mild,479_0,479,surface_injure,2,0,False,2,False,False,17:thunderstrike|29:surface_injure|43:surface_injure
mobilenet_v3_small,resolution_mild,479_1,479,thunderstrike,3,0,True,1,False,False,17:thunderstrike|29:thunderstrike|43:thunderstrike
mobilenet_v3_small,resolution_mild,501_0,501,corrosion,3,0,True,1,False,False,17:corrosion|29:corrosion|43:corrosion
mobilenet_v3_small,resolution_mild,505_0,505,corrosion,3,0,True,1,False,False,17:corrosion|29:corrosion|43:corrosion
mobilenet_v3_small,resolution_mild,511_0,511,hide_craze,2,1,False,2,False,False,17:hide_craze|29:crack|43:hide_craze
mobilenet_v3_small,resolution_mild,511_1,511,hide_craze,2,0,False,2,False,False,17:hide_craze|29:crack|43:hide_craze
mobilenet_v3_small,resolution_mild,521_0,521,corrosion,0,0,True,1,True,False,17:hide_craze|29:hide_craze|43:hide_craze
mobilenet_v3_small,resolution_mild,521_1,521,corrosion,1,0,False,2,False,True,17:hide_craze|29:hide_craze|43:corrosion
mobilenet_v3_small,resolution_mild,541_0,541,hide_craze,3,0,True,1,False,False,17:hide_craze|29:hide_craze|43:hide_craze
mobilenet_v3_small,resolution_mild,546_0,546,corrosion,0,0,True,1,True,False,17:surface_injure|29:surface_injure|43:surface_injure
mobilenet_v3_small,resolution_mild,546_1,546,corrosion,0,0,True,1,True,False,17:hide_craze|29:hide_craze|43:hide_craze
mobilenet_v3_small,resolution_mild,546_2,546,corrosion,3,0,True,1,False,False,17:corrosion|29:corrosion|43:corrosion
mobilenet_v3_small,resolution_mild,563_0,563,craze,1,2,False,2,False,True,17:craze|29:surface_injure|43:surface_injure
mobilenet_v3_small,resolution_mild,566_0,566,corrosion,3,0,True,1,False,False,17:corrosion|29:corrosion|43:corrosion
mobilenet_v3_small,resolution_mild,569_0,569,hide_craze,3,0,True,1,False,False,17:hide_craze|29:hide_craze|43:hide_craze
mobilenet_v3_small,resolution_mild,574_0,574,craze,3,0,True,1,False,False,17:craze|29:craze|43:craze
mobilenet_v3_small,resolution_mild,580_0,580,craze,3,0,True,1,False,False,17:craze|29:craze|43:craze
mobilenet_v3_small,resolution_mild,591_0,591,thunderstrike,3,0,True,1,False,False,17:thunderstrike|29:thunderstrike|43:thunderstrike
mobilenet_v3_small,resolution_mild,591_1,591,surface_injure,3,0,True,1,False,False,17:surface_injure|29:surface_injure|43:surface_injure
mobilenet_v3_small,resolution_mild,591_2,591,surface_injure,3,0,True,1,False,False,17:surface_injure|29:surface_injure|43:surface_injure
mobilenet_v3_small,resolution_mild,597_0,597,hide_craze,3,0,True,1,False,False,17:hide_craze|29:hide_craze|43:hide_craze
mobilenet_v3_small,resolution_mild,598_0,598,corrosion,3,0,True,1,False,False,17:corrosion|29:corrosion|43:corrosion
mobilenet_v3_small,resolution_mild,598_1,598,corrosion,3,0,True,1,False,False,17:corrosion|29:corrosion|43:corrosion
mobilenet_v3_small,resolution_mild,600_0,600,hide_craze,3,0,True,1,False,False,17:hide_craze|29:hide_craze|43:hide_craze
mobilenet_v3_small,resolution_mild,610_0,610,hide_craze,3,0,True,1,False,False,17:hide_craze|29:hide_craze|43:hide_craze
mobilenet_v3_small,resolution_mild,623_0,623,hide_craze,3,0,True,1,False,False,17:hide_craze|29:hide_craze|43:hide_craze
mobilenet_v3_small,resolution_mild,623_1,623,surface_injure,0,0,False,2,True,False,17:hide_craze|29:crack|43:crack
mobilenet_v3_small,resolution_mild,633_0,633,hide_craze,3,0,True,1,False,False,17:hide_craze|29:hide_craze|43:hide_craze
mobilenet_v3_small,resolution_mild,642_0,642,hide_craze,3,0,True,1,False,False,17:hide_craze|29:hide_craze|43:hide_craze
mobilenet_v3_small,resolution_mild,642_1,642,surface_injure,3,0,True,1,False,False,17:surface_injure|29:surface_injure|43:surface_injure
mobilenet_v3_small,resolution_mild,643_0,643,hide_craze,1,0,False,2,False,True,17:surface_injure|29:surface_injure|43:hide_craze
mobilenet_v3_small,resolution_mild,650_0,650,corrosion,3,0,True,1,False,False,17:corrosion|29:corrosion|43:corrosion
mobilenet_v3_small,resolution_mild,655_0,655,hide_craze,3,0,True,1,False,False,17:hide_craze|29:hide_craze|43:hide_craze
mobilenet_v3_small,resolution_mild,658_0,658,corrosion,0,0,True,1,True,False,17:crack|29:crack|43:crack
mobilenet_v3_small,resolution_mild,663_0,663,hide_craze,3,0,True,1,False,False,17:hide_craze|29:hide_craze|43:hide_craze
mobilenet_v3_small,resolution_mild,671_0,671,hide_craze,3,0,True,1,False,False,17:hide_craze|29:hide_craze|43:hide_craze
mobilenet_v3_small,resolution_mild,671_1,671,surface_injure,0,0,True,1,True,False,17:hide_craze|29:hide_craze|43:hide_craze
mobilenet_v3_small,resolution_mild,677_0,677,hide_craze,3,0,True,1,False,False,17:hide_craze|29:hide_craze|43:hide_craze
mobilenet_v3_small,resolution_mild,686_0,686,thunderstrike,3,0,True,1,False,False,17:thunderstrike|29:thunderstrike|43:thunderstrike
mobilenet_v3_small,resolution_mild,689_0,689,surface_injure,3,0,True,1,False,False,17:surface_injure|29:surface_injure|43:surface_injure
mobilenet_v3_small,resolution_mild,689_1,689,surface_injure,3,0,True,1,False,False,17:surface_injure|29:surface_injure|43:surface_injure
mobilenet_v3_small,resolution_mild,689_2,689,surface_injure,3,0,True,1,False,False,17:surface_injure|29:surface_injure|43:surface_injure
mobilenet_v3_small,resolution_mild,689_3,689,surface_injure,3,0,True,1,False,False,17:surface_injure|29:surface_injure|43:surface_injure
mobilenet_v3_small,resolution_mild,696_0,696,hide_craze,3,0,True,1,False,False,17:hide_craze|29:hide_craze|43:hide_craze
mobilenet_v3_small,resolution_mild,696_1,696,hide_craze,3,0,True,1,False,False,17:hide_craze|29:hide_craze|43:hide_craze
mobilenet_v3_small,resolution_mild,699_0,699,thunderstrike,3,0,True,1,False,False,17:thunderstrike|29:thunderstrike|43:thunderstrike
mobilenet_v3_small,resolution_mild,701_0,701,craze,3,0,True,1,False,False,17:craze|29:craze|43:craze
mobilenet_v3_small,resolution_mild,704_0,704,corrosion,3,0,True,1,False,False,17:corrosion|29:corrosion|43:corrosion
mobilenet_v3_small,resolution_mild,721_0,721,hide_craze,3,0,True,1,False,False,17:hide_craze|29:hide_craze|43:hide_craze
mobilenet_v3_small,resolution_mild,824_0,824,craze,3,0,True,1,False,False,17:craze|29:craze|43:craze
mobilenet_v3_small,resolution_mild,863_0,863,thunderstrike,3,0,True,1,False,False,17:thunderstrike|29:thunderstrike|43:thunderstrike
mobilenet_v3_small,resolution_mild,864_0,864,surface_injure,3,0,True,1,False,False,17:surface_injure|29:surface_injure|43:surface_injure
mobilenet_v3_small,resolution_mild,875_0,875,hide_craze,3,0,True,1,False,False,17:hide_craze|29:hide_craze|43:hide_craze
mobilenet_v3_small,resolution_mild,875_1,875,hide_craze,3,0,True,1,False,False,17:hide_craze|29:hide_craze|43:hide_craze
mobilenet_v3_small,resolution_mild,1017_0,1017,hide_craze,3,0,True,1,False,False,17:hide_craze|29:hide_craze|43:hide_craze
mobilenet_v3_small,resolution_mild,1017_1,1017,hide_craze,3,0,True,1,False,False,17:hide_craze|29:hide_craze|43:hide_craze
mobilenet_v3_small,resolution_moderate,13_0,13,hide_craze,3,0,True,1,False,False,17:hide_craze|29:hide_craze|43:hide_craze
mobilenet_v3_small,resolution_moderate,13_1,13,hide_craze,3,0,True,1,False,False,17:hide_craze|29:hide_craze|43:hide_craze
mobilenet_v3_small,resolution_moderate,32_0,32,thunderstrike,3,0,True,1,False,False,17:thunderstrike|29:thunderstrike|43:thunderstrike
mobilenet_v3_small,resolution_moderate,32_1,32,thunderstrike,3,0,True,1,False,False,17:thunderstrike|29:thunderstrike|43:thunderstrike
mobilenet_v3_small,resolution_moderate,46_0,46,corrosion,3,0,True,1,False,False,17:corrosion|29:corrosion|43:corrosion
mobilenet_v3_small,resolution_moderate,46_1,46,corrosion,3,0,True,1,False,False,17:corrosion|29:corrosion|43:corrosion
mobilenet_v3_small,resolution_moderate,48_0,48,surface_injure,3,0,True,1,False,False,17:surface_injure|29:surface_injure|43:surface_injure
mobilenet_v3_small,resolution_moderate,51_0,51,craze,0,0,False,2,True,False,17:surface_injure|29:corrosion|43:corrosion
mobilenet_v3_small,resolution_moderate,51_1,51,craze,1,2,False,2,False,True,17:hide_craze|29:craze|43:hide_craze
mobilenet_v3_small,resolution_moderate,54_0,54,hide_craze,3,0,True,1,False,False,17:hide_craze|29:hide_craze|43:hide_craze
mobilenet_v3_small,resolution_moderate,54_1,54,hide_craze,3,0,True,1,False,False,17:hide_craze|29:hide_craze|43:hide_craze
mobilenet_v3_small,resolution_moderate,57_0,57,craze,0,0,False,2,True,False,17:corrosion|29:corrosion|43:surface_injure
mobilenet_v3_small,resolution_moderate,57_1,57,surface_injure,3,0,True,1,False,False,17:surface_injure|29:surface_injure|43:surface_injure
mobilenet_v3_small,resolution_moderate,61_0,61,craze,3,0,True,1,False,False,17:craze|29:craze|43:craze
mobilenet_v3_small,resolution_moderate,61_1,61,craze,2,1,False,2,False,False,17:craze|29:surface_injure|43:craze
mobilenet_v3_small,resolution_moderate,61_2,61,craze,3,0,True,1,False,False,17:craze|29:craze|43:craze
mobilenet_v3_small,resolution_moderate,65_0,65,corrosion,1,2,False,3,False,True,17:hide_craze|29:crack|43:corrosion
mobilenet_v3_small,resolution_moderate,67_0,67,hide_craze,3,0,True,1,False,False,17:hide_craze|29:hide_craze|43:hide_craze
mobilenet_v3_small,resolution_moderate,71_0,71,craze,3,0,True,1,False,False,17:craze|29:craze|43:craze
mobilenet_v3_small,resolution_moderate,73_0,73,craze,2,1,False,2,False,False,17:craze|29:craze|43:surface_injure
mobilenet_v3_small,resolution_moderate,81_0,81,craze,3,0,True,1,False,False,17:craze|29:craze|43:craze
mobilenet_v3_small,resolution_moderate,81_1,81,craze,3,0,True,1,False,False,17:craze|29:craze|43:craze
mobilenet_v3_small,resolution_moderate,81_2,81,craze,3,0,True,1,False,False,17:craze|29:craze|43:craze
mobilenet_v3_small,resolution_moderate,88_0,88,crack,3,0,True,1,False,False,17:crack|29:crack|43:crack
mobilenet_v3_small,resolution_moderate,93_0,93,craze,3,0,True,1,False,False,17:craze|29:craze|43:craze
mobilenet_v3_small,resolution_moderate,103_0,103,craze,3,0,True,1,False,False,17:craze|29:craze|43:craze
mobilenet_v3_small,resolution_moderate,112_0,112,thunderstrike,3,0,True,1,False,False,17:thunderstrike|29:thunderstrike|43:thunderstrike
mobilenet_v3_small,resolution_moderate,112_1,112,surface_injure,3,0,True,1,False,False,17:surface_injure|29:surface_injure|43:surface_injure
mobilenet_v3_small,resolution_moderate,142_0,142,surface_injure,0,0,False,2,True,False,17:hide_craze|29:hide_craze|43:corrosion
mobilenet_v3_small,resolution_moderate,146_0,146,hide_craze,3,0,True,1,False,False,17:hide_craze|29:hide_craze|43:hide_craze
mobilenet_v3_small,resolution_moderate,156_0,156,craze,3,0,True,1,False,False,17:craze|29:craze|43:craze
mobilenet_v3_small,resolution_moderate,161_0,161,corrosion,3,0,True,1,False,False,17:corrosion|29:corrosion|43:corrosion
mobilenet_v3_small,resolution_moderate,163_0,163,hide_craze,3,0,True,1,False,False,17:hide_craze|29:hide_craze|43:hide_craze
mobilenet_v3_small,resolution_moderate,166_0,166,craze,3,0,True,1,False,False,17:craze|29:craze|43:craze
mobilenet_v3_small,resolution_moderate,167_0,167,craze,3,0,True,1,False,False,17:craze|29:craze|43:craze
mobilenet_v3_small,resolution_moderate,167_1,167,craze,1,2,False,2,False,True,17:hide_craze|29:hide_craze|43:craze
mobilenet_v3_small,resolution_moderate,178_0,178,surface_injure,3,0,True,1,False,False,17:surface_injure|29:surface_injure|43:surface_injure
mobilenet_v3_small,resolution_moderate,178_1,178,surface_injure,3,0,True,1,False,False,17:surface_injure|29:surface_injure|43:surface_injure
mobilenet_v3_small,resolution_moderate,178_2,178,surface_injure,3,0,True,1,False,False,17:surface_injure|29:surface_injure|43:surface_injure
mobilenet_v3_small,resolution_moderate,198_0,198,craze,0,3,True,1,True,False,17:surface_injure|29:surface_injure|43:surface_injure
mobilenet_v3_small,resolution_moderate,198_1,198,hide_craze,3,0,True,1,False,False,17:hide_craze|29:hide_craze|43:hide_craze
mobilenet_v3_small,resolution_moderate,209_0,209,hide_craze,3,0,True,1,False,False,17:hide_craze|29:hide_craze|43:hide_craze
mobilenet_v3_small,resolution_moderate,214_0,214,craze,3,0,True,1,False,False,17:craze|29:craze|43:craze
mobilenet_v3_small,resolution_moderate,216_0,216,crack,3,0,True,1,False,False,17:crack|29:crack|43:crack
mobilenet_v3_small,resolution_moderate,217_0,217,surface_injure,3,0,True,1,False,False,17:surface_injure|29:surface_injure|43:surface_injure
mobilenet_v3_small,resolution_moderate,224_0,224,hide_craze,3,0,True,1,False,False,17:hide_craze|29:hide_craze|43:hide_craze
mobilenet_v3_small,resolution_moderate,228_0,228,hide_craze,2,0,False,2,False,False,17:craze|29:hide_craze|43:hide_craze
mobilenet_v3_small,resolution_moderate,228_1,228,hide_craze,3,0,True,1,False,False,17:hide_craze|29:hide_craze|43:hide_craze
mobilenet_v3_small,resolution_moderate,234_0,234,surface_injure,3,0,True,1,False,False,17:surface_injure|29:surface_injure|43:surface_injure
mobilenet_v3_small,resolution_moderate,234_1,234,hide_craze,3,0,True,1,False,False,17:hide_craze|29:hide_craze|43:hide_craze
mobilenet_v3_small,resolution_moderate,234_2,234,hide_craze,3,0,True,1,False,False,17:hide_craze|29:hide_craze|43:hide_craze
mobilenet_v3_small,resolution_moderate,234_3,234,hide_craze,3,0,True,1,False,False,17:hide_craze|29:hide_craze|43:hide_craze
mobilenet_v3_small,resolution_moderate,234_4,234,hide_craze,3,0,True,1,False,False,17:hide_craze|29:hide_craze|43:hide_craze
mobilenet_v3_small,resolution_moderate,238_0,238,crack,2,1,False,2,False,False,17:crack|29:crack|43:surface_injure
mobilenet_v3_small,resolution_moderate,238_1,238,crack,3,0,True,1,False,False,17:crack|29:crack|43:crack
mobilenet_v3_small,resolution_moderate,250_0,250,crack,3,0,True,1,False,False,17:crack|29:crack|43:crack
mobilenet_v3_small,resolution_moderate,252_0,252,crack,3,0,True,1,False,False,17:crack|29:crack|43:crack
mobilenet_v3_small,resolution_moderate,255_0,255,surface_injure,2,0,False,2,False,False,17:surface_injure|29:hide_craze|43:surface_injure
mobilenet_v3_small,resolution_moderate,255_1,255,surface_injure,3,0,True,1,False,False,17:surface_injure|29:surface_injure|43:surface_injure
mobilenet_v3_small,resolution_moderate,257_0,257,surface_injure,3,0,True,1,False,False,17:surface_injure|29:surface_injure|43:surface_injure
mobilenet_v3_small,resolution_moderate,257_1,257,surface_injure,3,0,True,1,False,False,17:surface_injure|29:surface_injure|43:surface_injure
mobilenet_v3_small,resolution_moderate,269_0,269,crack,3,0,True,1,False,False,17:crack|29:crack|43:crack
mobilenet_v3_small,resolution_moderate,273_0,273,thunderstrike,3,0,True,1,False,False,17:thunderstrike|29:thunderstrike|43:thunderstrike
mobilenet_v3_small,resolution_moderate,273_1,273,surface_injure,3,0,True,1,False,False,17:surface_injure|29:surface_injure|43:surface_injure
mobilenet_v3_small,resolution_moderate,276_0,276,hide_craze,3,0,True,1,False,False,17:hide_craze|29:hide_craze|43:hide_craze
mobilenet_v3_small,resolution_moderate,276_1,276,hide_craze,3,0,True,1,False,False,17:hide_craze|29:hide_craze|43:hide_craze
mobilenet_v3_small,resolution_moderate,284_0,284,hide_craze,3,0,True,1,False,False,17:hide_craze|29:hide_craze|43:hide_craze
mobilenet_v3_small,resolution_moderate,285_0,285,surface_injure,3,0,True,1,False,False,17:surface_injure|29:surface_injure|43:surface_injure
mobilenet_v3_small,resolution_moderate,285_1,285,surface_injure,3,0,True,1,False,False,17:surface_injure|29:surface_injure|43:surface_injure
mobilenet_v3_small,resolution_moderate,318_0,318,crack,3,0,True,1,False,False,17:crack|29:crack|43:crack
mobilenet_v3_small,resolution_moderate,322_0,322,corrosion,3,0,True,1,False,False,17:corrosion|29:corrosion|43:corrosion
mobilenet_v3_small,resolution_moderate,323_0,323,corrosion,0,0,True,1,True,False,17:surface_injure|29:surface_injure|43:surface_injure
mobilenet_v3_small,resolution_moderate,326_0,326,surface_injure,3,0,True,1,False,False,17:surface_injure|29:surface_injure|43:surface_injure
mobilenet_v3_small,resolution_moderate,326_1,326,craze,1,1,False,3,False,True,17:hide_craze|29:craze|43:surface_injure
mobilenet_v3_small,resolution_moderate,332_0,332,surface_injure,2,1,False,2,False,False,17:surface_injure|29:surface_injure|43:craze
mobilenet_v3_small,resolution_moderate,363_0,363,surface_injure,3,0,True,1,False,False,17:surface_injure|29:surface_injure|43:surface_injure
mobilenet_v3_small,resolution_moderate,370_0,370,corrosion,3,0,True,1,False,False,17:corrosion|29:corrosion|43:corrosion
mobilenet_v3_small,resolution_moderate,370_1,370,corrosion,3,0,True,1,False,False,17:corrosion|29:corrosion|43:corrosion
mobilenet_v3_small,resolution_moderate,370_2,370,corrosion,3,0,True,1,False,False,17:corrosion|29:corrosion|43:corrosion
mobilenet_v3_small,resolution_moderate,373_0,373,corrosion,3,0,True,1,False,False,17:corrosion|29:corrosion|43:corrosion
mobilenet_v3_small,resolution_moderate,379_0,379,hide_craze,3,0,True,1,False,False,17:hide_craze|29:hide_craze|43:hide_craze
mobilenet_v3_small,resolution_moderate,379_1,379,hide_craze,3,0,True,1,False,False,17:hide_craze|29:hide_craze|43:hide_craze
mobilenet_v3_small,resolution_moderate,388_0,388,hide_craze,3,0,True,1,False,False,17:hide_craze|29:hide_craze|43:hide_craze
mobilenet_v3_small,resolution_moderate,389_0,389,crack,3,0,True,1,False,False,17:crack|29:crack|43:crack
mobilenet_v3_small,resolution_moderate,390_0,390,corrosion,0,3,True,1,True,False,17:surface_injure|29:surface_injure|43:surface_injure
mobilenet_v3_small,resolution_moderate,394_0,394,crack,3,0,True,1,False,False,17:crack|29:crack|43:crack
mobilenet_v3_small,resolution_moderate,405_0,405,corrosion,3,0,True,1,False,False,17:corrosion|29:corrosion|43:corrosion
mobilenet_v3_small,resolution_moderate,407_0,407,surface_injure,3,0,True,1,False,False,17:surface_injure|29:surface_injure|43:surface_injure
mobilenet_v3_small,resolution_moderate,408_0,408,corrosion,2,1,False,2,False,False,17:corrosion|29:hide_craze|43:corrosion
mobilenet_v3_small,resolution_moderate,408_1,408,corrosion,3,0,True,1,False,False,17:corrosion|29:corrosion|43:corrosion
mobilenet_v3_small,resolution_moderate,410_0,410,corrosion,2,1,False,2,False,False,17:corrosion|29:surface_injure|43:corrosion
mobilenet_v3_small,resolution_moderate,410_1,410,corrosion,2,1,False,2,False,False,17:corrosion|29:surface_injure|43:corrosion
mobilenet_v3_small,resolution_moderate,432_0,432,surface_injure,3,0,True,1,False,False,17:surface_injure|29:surface_injure|43:surface_injure
mobilenet_v3_small,resolution_moderate,438_0,438,hide_craze,3,0,True,1,False,False,17:hide_craze|29:hide_craze|43:hide_craze
mobilenet_v3_small,resolution_moderate,440_0,440,crack,3,0,True,1,False,False,17:crack|29:crack|43:crack
mobilenet_v3_small,resolution_moderate,447_0,447,crack,3,0,True,1,False,False,17:crack|29:crack|43:crack
mobilenet_v3_small,resolution_moderate,447_1,447,crack,3,0,True,1,False,False,17:crack|29:crack|43:crack
mobilenet_v3_small,resolution_moderate,451_0,451,corrosion,3,0,True,1,False,False,17:corrosion|29:corrosion|43:corrosion
mobilenet_v3_small,resolution_moderate,457_0,457,hide_craze,3,0,True,1,False,False,17:hide_craze|29:hide_craze|43:hide_craze
mobilenet_v3_small,resolution_moderate,457_1,457,hide_craze,3,0,True,1,False,False,17:hide_craze|29:hide_craze|43:hide_craze
mobilenet_v3_small,resolution_moderate,457_2,457,hide_craze,3,0,True,1,False,False,17:hide_craze|29:hide_craze|43:hide_craze
mobilenet_v3_small,resolution_moderate,464_0,464,craze,1,2,False,2,False,True,17:surface_injure|29:surface_injure|43:craze
mobilenet_v3_small,resolution_moderate,464_1,464,hide_craze,0,0,True,1,True,False,17:surface_injure|29:surface_injure|43:surface_injure
mobilenet_v3_small,resolution_moderate,469_0,469,craze,3,0,True,1,False,False,17:craze|29:craze|43:craze
mobilenet_v3_small,resolution_moderate,473_0,473,crack,3,0,True,1,False,False,17:crack|29:crack|43:crack
mobilenet_v3_small,resolution_moderate,476_0,476,surface_injure,3,0,True,1,False,False,17:surface_injure|29:surface_injure|43:surface_injure
mobilenet_v3_small,resolution_moderate,479_0,479,surface_injure,2,0,False,2,False,False,17:thunderstrike|29:surface_injure|43:surface_injure
mobilenet_v3_small,resolution_moderate,479_1,479,thunderstrike,3,0,True,1,False,False,17:thunderstrike|29:thunderstrike|43:thunderstrike
mobilenet_v3_small,resolution_moderate,501_0,501,corrosion,3,0,True,1,False,False,17:corrosion|29:corrosion|43:corrosion
mobilenet_v3_small,resolution_moderate,505_0,505,corrosion,3,0,True,1,False,False,17:corrosion|29:corrosion|43:corrosion
mobilenet_v3_small,resolution_moderate,511_0,511,hide_craze,3,0,True,1,False,False,17:hide_craze|29:hide_craze|43:hide_craze
mobilenet_v3_small,resolution_moderate,511_1,511,hide_craze,2,0,False,2,False,False,17:hide_craze|29:crack|43:hide_craze
mobilenet_v3_small,resolution_moderate,521_0,521,corrosion,0,0,True,1,True,False,17:hide_craze|29:hide_craze|43:hide_craze
mobilenet_v3_small,resolution_moderate,521_1,521,corrosion,1,0,False,2,False,True,17:hide_craze|29:hide_craze|43:corrosion
mobilenet_v3_small,resolution_moderate,541_0,541,hide_craze,3,0,True,1,False,False,17:hide_craze|29:hide_craze|43:hide_craze
mobilenet_v3_small,resolution_moderate,546_0,546,corrosion,0,0,True,1,True,False,17:surface_injure|29:surface_injure|43:surface_injure
mobilenet_v3_small,resolution_moderate,546_1,546,corrosion,0,0,True,1,True,False,17:hide_craze|29:hide_craze|43:hide_craze
mobilenet_v3_small,resolution_moderate,546_2,546,corrosion,0,1,False,2,True,False,17:hide_craze|29:hide_craze|43:surface_injure
mobilenet_v3_small,resolution_moderate,563_0,563,craze,0,3,True,1,True,False,17:surface_injure|29:surface_injure|43:surface_injure
mobilenet_v3_small,resolution_moderate,566_0,566,corrosion,3,0,True,1,False,False,17:corrosion|29:corrosion|43:corrosion
mobilenet_v3_small,resolution_moderate,569_0,569,hide_craze,3,0,True,1,False,False,17:hide_craze|29:hide_craze|43:hide_craze
mobilenet_v3_small,resolution_moderate,574_0,574,craze,3,0,True,1,False,False,17:craze|29:craze|43:craze
mobilenet_v3_small,resolution_moderate,580_0,580,craze,3,0,True,1,False,False,17:craze|29:craze|43:craze
mobilenet_v3_small,resolution_moderate,591_0,591,thunderstrike,2,1,False,2,False,False,17:thunderstrike|29:thunderstrike|43:surface_injure
mobilenet_v3_small,resolution_moderate,591_1,591,surface_injure,3,0,True,1,False,False,17:surface_injure|29:surface_injure|43:surface_injure
mobilenet_v3_small,resolution_moderate,591_2,591,surface_injure,3,0,True,1,False,False,17:surface_injure|29:surface_injure|43:surface_injure
mobilenet_v3_small,resolution_moderate,597_0,597,hide_craze,3,0,True,1,False,False,17:hide_craze|29:hide_craze|43:hide_craze
mobilenet_v3_small,resolution_moderate,598_0,598,corrosion,3,0,True,1,False,False,17:corrosion|29:corrosion|43:corrosion
mobilenet_v3_small,resolution_moderate,598_1,598,corrosion,3,0,True,1,False,False,17:corrosion|29:corrosion|43:corrosion
mobilenet_v3_small,resolution_moderate,600_0,600,hide_craze,3,0,True,1,False,False,17:hide_craze|29:hide_craze|43:hide_craze
mobilenet_v3_small,resolution_moderate,610_0,610,hide_craze,3,0,True,1,False,False,17:hide_craze|29:hide_craze|43:hide_craze
mobilenet_v3_small,resolution_moderate,623_0,623,hide_craze,3,0,True,1,False,False,17:hide_craze|29:hide_craze|43:hide_craze
mobilenet_v3_small,resolution_moderate,623_1,623,surface_injure,0,0,False,2,True,False,17:hide_craze|29:crack|43:crack
mobilenet_v3_small,resolution_moderate,633_0,633,hide_craze,3,0,True,1,False,False,17:hide_craze|29:hide_craze|43:hide_craze
mobilenet_v3_small,resolution_moderate,642_0,642,hide_craze,3,0,True,1,False,False,17:hide_craze|29:hide_craze|43:hide_craze
mobilenet_v3_small,resolution_moderate,642_1,642,surface_injure,3,0,True,1,False,False,17:surface_injure|29:surface_injure|43:surface_injure
mobilenet_v3_small,resolution_moderate,643_0,643,hide_craze,0,1,True,1,True,False,17:surface_injure|29:surface_injure|43:surface_injure
mobilenet_v3_small,resolution_moderate,650_0,650,corrosion,3,0,True,1,False,False,17:corrosion|29:corrosion|43:corrosion
mobilenet_v3_small,resolution_moderate,655_0,655,hide_craze,3,0,True,1,False,False,17:hide_craze|29:hide_craze|43:hide_craze
mobilenet_v3_small,resolution_moderate,658_0,658,corrosion,0,0,True,1,True,False,17:crack|29:crack|43:crack
mobilenet_v3_small,resolution_moderate,663_0,663,hide_craze,3,0,True,1,False,False,17:hide_craze|29:hide_craze|43:hide_craze
mobilenet_v3_small,resolution_moderate,671_0,671,hide_craze,3,0,True,1,False,False,17:hide_craze|29:hide_craze|43:hide_craze
mobilenet_v3_small,resolution_moderate,671_1,671,surface_injure,0,0,True,1,True,False,17:hide_craze|29:hide_craze|43:hide_craze
mobilenet_v3_small,resolution_moderate,677_0,677,hide_craze,3,0,True,1,False,False,17:hide_craze|29:hide_craze|43:hide_craze
mobilenet_v3_small,resolution_moderate,686_0,686,thunderstrike,3,0,True,1,False,False,17:thunderstrike|29:thunderstrike|43:thunderstrike
mobilenet_v3_small,resolution_moderate,689_0,689,surface_injure,3,0,True,1,False,False,17:surface_injure|29:surface_injure|43:surface_injure
mobilenet_v3_small,resolution_moderate,689_1,689,surface_injure,3,0,True,1,False,False,17:surface_injure|29:surface_injure|43:surface_injure
mobilenet_v3_small,resolution_moderate,689_2,689,surface_injure,3,0,True,1,False,False,17:surface_injure|29:surface_injure|43:surface_injure
mobilenet_v3_small,resolution_moderate,689_3,689,surface_injure,3,0,True,1,False,False,17:surface_injure|29:surface_injure|43:surface_injure
mobilenet_v3_small,resolution_moderate,696_0,696,hide_craze,3,0,True,1,False,False,17:hide_craze|29:hide_craze|43:hide_craze
mobilenet_v3_small,resolution_moderate,696_1,696,hide_craze,3,0,True,1,False,False,17:hide_craze|29:hide_craze|43:hide_craze
mobilenet_v3_small,resolution_moderate,699_0,699,thunderstrike,3,0,True,1,False,False,17:thunderstrike|29:thunderstrike|43:thunderstrike
mobilenet_v3_small,resolution_moderate,701_0,701,craze,3,0,True,1,False,False,17:craze|29:craze|43:craze
mobilenet_v3_small,resolution_moderate,704_0,704,corrosion,3,0,True,1,False,False,17:corrosion|29:corrosion|43:corrosion
mobilenet_v3_small,resolution_moderate,721_0,721,hide_craze,3,0,True,1,False,False,17:hide_craze|29:hide_craze|43:hide_craze
mobilenet_v3_small,resolution_moderate,824_0,824,craze,2,1,False,2,False,False,17:craze|29:crack|43:craze
mobilenet_v3_small,resolution_moderate,863_0,863,thunderstrike,3,0,True,1,False,False,17:thunderstrike|29:thunderstrike|43:thunderstrike
mobilenet_v3_small,resolution_moderate,864_0,864,surface_injure,3,0,True,1,False,False,17:surface_injure|29:surface_injure|43:surface_injure
mobilenet_v3_small,resolution_moderate,875_0,875,hide_craze,3,0,True,1,False,False,17:hide_craze|29:hide_craze|43:hide_craze
mobilenet_v3_small,resolution_moderate,875_1,875,hide_craze,3,0,True,1,False,False,17:hide_craze|29:hide_craze|43:hide_craze
mobilenet_v3_small,resolution_moderate,1017_0,1017,hide_craze,3,0,True,1,False,False,17:hide_craze|29:hide_craze|43:hide_craze
mobilenet_v3_small,resolution_moderate,1017_1,1017,hide_craze,3,0,True,1,False,False,17:hide_craze|29:hide_craze|43:hide_craze
mobilenet_v3_small,resolution_severe,13_0,13,hide_craze,3,0,True,1,False,False,17:hide_craze|29:hide_craze|43:hide_craze
mobilenet_v3_small,resolution_severe,13_1,13,hide_craze,3,0,True,1,False,False,17:hide_craze|29:hide_craze|43:hide_craze
mobilenet_v3_small,resolution_severe,32_0,32,thunderstrike,2,1,False,2,False,False,17:surface_injure|29:thunderstrike|43:thunderstrike
mobilenet_v3_small,resolution_severe,32_1,32,thunderstrike,3,0,True,1,False,False,17:thunderstrike|29:thunderstrike|43:thunderstrike
mobilenet_v3_small,resolution_severe,46_0,46,corrosion,1,2,False,2,False,True,17:corrosion|29:surface_injure|43:surface_injure
mobilenet_v3_small,resolution_severe,46_1,46,corrosion,2,1,False,2,False,False,17:corrosion|29:surface_injure|43:corrosion
mobilenet_v3_small,resolution_severe,48_0,48,surface_injure,3,0,True,1,False,False,17:surface_injure|29:surface_injure|43:surface_injure
mobilenet_v3_small,resolution_severe,51_0,51,craze,0,0,True,1,True,False,17:surface_injure|29:surface_injure|43:surface_injure
mobilenet_v3_small,resolution_severe,51_1,51,craze,0,3,True,1,True,False,17:hide_craze|29:hide_craze|43:hide_craze
mobilenet_v3_small,resolution_severe,54_0,54,hide_craze,3,0,True,1,False,False,17:hide_craze|29:hide_craze|43:hide_craze
mobilenet_v3_small,resolution_severe,54_1,54,hide_craze,3,0,True,1,False,False,17:hide_craze|29:hide_craze|43:hide_craze
mobilenet_v3_small,resolution_severe,57_0,57,craze,1,0,False,2,False,True,17:craze|29:surface_injure|43:surface_injure
mobilenet_v3_small,resolution_severe,57_1,57,surface_injure,3,0,True,1,False,False,17:surface_injure|29:surface_injure|43:surface_injure
mobilenet_v3_small,resolution_severe,61_0,61,craze,2,1,False,2,False,False,17:craze|29:hide_craze|43:craze
mobilenet_v3_small,resolution_severe,61_1,61,craze,2,1,False,2,False,False,17:craze|29:surface_injure|43:craze
mobilenet_v3_small,resolution_severe,61_2,61,craze,0,3,False,2,True,False,17:surface_injure|29:surface_injure|43:corrosion
mobilenet_v3_small,resolution_severe,65_0,65,corrosion,1,2,False,3,False,True,17:hide_craze|29:crack|43:corrosion
mobilenet_v3_small,resolution_severe,67_0,67,hide_craze,3,0,True,1,False,False,17:hide_craze|29:hide_craze|43:hide_craze
mobilenet_v3_small,resolution_severe,71_0,71,craze,3,0,True,1,False,False,17:craze|29:craze|43:craze
mobilenet_v3_small,resolution_severe,73_0,73,craze,0,3,True,1,True,False,17:surface_injure|29:surface_injure|43:surface_injure
mobilenet_v3_small,resolution_severe,81_0,81,craze,3,0,True,1,False,False,17:craze|29:craze|43:craze
mobilenet_v3_small,resolution_severe,81_1,81,craze,2,1,False,2,False,False,17:craze|29:craze|43:hide_craze
mobilenet_v3_small,resolution_severe,81_2,81,craze,3,0,True,1,False,False,17:craze|29:craze|43:craze
mobilenet_v3_small,resolution_severe,88_0,88,crack,3,0,True,1,False,False,17:crack|29:crack|43:crack
mobilenet_v3_small,resolution_severe,93_0,93,craze,3,0,True,1,False,False,17:craze|29:craze|43:craze
mobilenet_v3_small,resolution_severe,103_0,103,craze,3,0,True,1,False,False,17:craze|29:craze|43:craze
mobilenet_v3_small,resolution_severe,112_0,112,thunderstrike,0,3,True,1,True,False,17:surface_injure|29:surface_injure|43:surface_injure
mobilenet_v3_small,resolution_severe,112_1,112,surface_injure,3,0,True,1,False,False,17:surface_injure|29:surface_injure|43:surface_injure
mobilenet_v3_small,resolution_severe,142_0,142,surface_injure,1,0,False,2,False,True,17:hide_craze|29:hide_craze|43:surface_injure
mobilenet_v3_small,resolution_severe,146_0,146,hide_craze,3,0,True,1,False,False,17:hide_craze|29:hide_craze|43:hide_craze
mobilenet_v3_small,resolution_severe,156_0,156,craze,3,0,True,1,False,False,17:craze|29:craze|43:craze
mobilenet_v3_small,resolution_severe,161_0,161,corrosion,3,0,True,1,False,False,17:corrosion|29:corrosion|43:corrosion
mobilenet_v3_small,resolution_severe,163_0,163,hide_craze,3,0,True,1,False,False,17:hide_craze|29:hide_craze|43:hide_craze
mobilenet_v3_small,resolution_severe,166_0,166,craze,3,0,True,1,False,False,17:craze|29:craze|43:craze
mobilenet_v3_small,resolution_severe,167_0,167,craze,3,0,True,1,False,False,17:craze|29:craze|43:craze
mobilenet_v3_small,resolution_severe,167_1,167,craze,2,1,False,2,False,False,17:craze|29:hide_craze|43:craze
mobilenet_v3_small,resolution_severe,178_0,178,surface_injure,3,0,True,1,False,False,17:surface_injure|29:surface_injure|43:surface_injure
mobilenet_v3_small,resolution_severe,178_1,178,surface_injure,3,0,True,1,False,False,17:surface_injure|29:surface_injure|43:surface_injure
mobilenet_v3_small,resolution_severe,178_2,178,surface_injure,2,1,False,2,False,False,17:surface_injure|29:hide_craze|43:surface_injure
mobilenet_v3_small,resolution_severe,198_0,198,craze,0,3,True,1,True,False,17:surface_injure|29:surface_injure|43:surface_injure
mobilenet_v3_small,resolution_severe,198_1,198,hide_craze,3,0,True,1,False,False,17:hide_craze|29:hide_craze|43:hide_craze
mobilenet_v3_small,resolution_severe,209_0,209,hide_craze,0,3,True,1,True,False,17:surface_injure|29:surface_injure|43:surface_injure
mobilenet_v3_small,resolution_severe,214_0,214,craze,2,1,False,2,False,False,17:craze|29:surface_injure|43:craze
mobilenet_v3_small,resolution_severe,216_0,216,crack,3,0,True,1,False,False,17:crack|29:crack|43:crack
mobilenet_v3_small,resolution_severe,217_0,217,surface_injure,2,1,False,2,False,False,17:surface_injure|29:surface_injure|43:crack
mobilenet_v3_small,resolution_severe,224_0,224,hide_craze,3,0,True,1,False,False,17:hide_craze|29:hide_craze|43:hide_craze
mobilenet_v3_small,resolution_severe,228_0,228,hide_craze,2,0,False,2,False,False,17:craze|29:hide_craze|43:hide_craze
mobilenet_v3_small,resolution_severe,228_1,228,hide_craze,3,0,True,1,False,False,17:hide_craze|29:hide_craze|43:hide_craze
mobilenet_v3_small,resolution_severe,234_0,234,surface_injure,3,0,True,1,False,False,17:surface_injure|29:surface_injure|43:surface_injure
mobilenet_v3_small,resolution_severe,234_1,234,hide_craze,3,0,True,1,False,False,17:hide_craze|29:hide_craze|43:hide_craze
mobilenet_v3_small,resolution_severe,234_2,234,hide_craze,3,0,True,1,False,False,17:hide_craze|29:hide_craze|43:hide_craze
mobilenet_v3_small,resolution_severe,234_3,234,hide_craze,3,0,True,1,False,False,17:hide_craze|29:hide_craze|43:hide_craze
mobilenet_v3_small,resolution_severe,234_4,234,hide_craze,3,0,True,1,False,False,17:hide_craze|29:hide_craze|43:hide_craze
mobilenet_v3_small,resolution_severe,238_0,238,crack,1,2,False,2,False,True,17:surface_injure|29:crack|43:surface_injure
mobilenet_v3_small,resolution_severe,238_1,238,crack,3,0,True,1,False,False,17:crack|29:crack|43:crack
mobilenet_v3_small,resolution_severe,250_0,250,crack,3,0,True,1,False,False,17:crack|29:crack|43:crack
mobilenet_v3_small,resolution_severe,252_0,252,crack,3,0,True,1,False,False,17:crack|29:crack|43:crack
mobilenet_v3_small,resolution_severe,255_0,255,surface_injure,3,0,True,1,False,False,17:surface_injure|29:surface_injure|43:surface_injure
mobilenet_v3_small,resolution_severe,255_1,255,surface_injure,3,0,True,1,False,False,17:surface_injure|29:surface_injure|43:surface_injure
mobilenet_v3_small,resolution_severe,257_0,257,surface_injure,3,0,True,1,False,False,17:surface_injure|29:surface_injure|43:surface_injure
mobilenet_v3_small,resolution_severe,257_1,257,surface_injure,3,0,True,1,False,False,17:surface_injure|29:surface_injure|43:surface_injure
mobilenet_v3_small,resolution_severe,269_0,269,crack,3,0,True,1,False,False,17:crack|29:crack|43:crack
mobilenet_v3_small,resolution_severe,273_0,273,thunderstrike,0,3,True,1,True,False,17:surface_injure|29:surface_injure|43:surface_injure
mobilenet_v3_small,resolution_severe,273_1,273,surface_injure,3,0,True,1,False,False,17:surface_injure|29:surface_injure|43:surface_injure
mobilenet_v3_small,resolution_severe,276_0,276,hide_craze,3,0,True,1,False,False,17:hide_craze|29:hide_craze|43:hide_craze
mobilenet_v3_small,resolution_severe,276_1,276,hide_craze,3,0,True,1,False,False,17:hide_craze|29:hide_craze|43:hide_craze
mobilenet_v3_small,resolution_severe,284_0,284,hide_craze,3,0,True,1,False,False,17:hide_craze|29:hide_craze|43:hide_craze
mobilenet_v3_small,resolution_severe,285_0,285,surface_injure,3,0,True,1,False,False,17:surface_injure|29:surface_injure|43:surface_injure
mobilenet_v3_small,resolution_severe,285_1,285,surface_injure,3,0,True,1,False,False,17:surface_injure|29:surface_injure|43:surface_injure
mobilenet_v3_small,resolution_severe,318_0,318,crack,3,0,True,1,False,False,17:crack|29:crack|43:crack
mobilenet_v3_small,resolution_severe,322_0,322,corrosion,3,0,True,1,False,False,17:corrosion|29:corrosion|43:corrosion
mobilenet_v3_small,resolution_severe,323_0,323,corrosion,0,0,True,1,True,False,17:surface_injure|29:surface_injure|43:surface_injure
mobilenet_v3_small,resolution_severe,326_0,326,surface_injure,3,0,True,1,False,False,17:surface_injure|29:surface_injure|43:surface_injure
mobilenet_v3_small,resolution_severe,326_1,326,craze,0,2,True,1,True,False,17:surface_injure|29:surface_injure|43:surface_injure
mobilenet_v3_small,resolution_severe,332_0,332,surface_injure,2,1,False,2,False,False,17:thunderstrike|29:surface_injure|43:surface_injure
mobilenet_v3_small,resolution_severe,363_0,363,surface_injure,3,0,True,1,False,False,17:surface_injure|29:surface_injure|43:surface_injure
mobilenet_v3_small,resolution_severe,370_0,370,corrosion,3,0,True,1,False,False,17:corrosion|29:corrosion|43:corrosion
mobilenet_v3_small,resolution_severe,370_1,370,corrosion,2,1,False,2,False,False,17:craze|29:corrosion|43:corrosion
mobilenet_v3_small,resolution_severe,370_2,370,corrosion,1,2,False,2,False,True,17:hide_craze|29:corrosion|43:hide_craze
mobilenet_v3_small,resolution_severe,373_0,373,corrosion,3,0,True,1,False,False,17:corrosion|29:corrosion|43:corrosion
mobilenet_v3_small,resolution_severe,379_0,379,hide_craze,3,0,True,1,False,False,17:hide_craze|29:hide_craze|43:hide_craze
mobilenet_v3_small,resolution_severe,379_1,379,hide_craze,2,1,False,2,False,False,17:craze|29:hide_craze|43:hide_craze
mobilenet_v3_small,resolution_severe,388_0,388,hide_craze,3,0,True,1,False,False,17:hide_craze|29:hide_craze|43:hide_craze
mobilenet_v3_small,resolution_severe,389_0,389,crack,3,0,True,1,False,False,17:crack|29:crack|43:crack
mobilenet_v3_small,resolution_severe,390_0,390,corrosion,0,3,False,2,True,False,17:surface_injure|29:hide_craze|43:surface_injure
mobilenet_v3_small,resolution_severe,394_0,394,crack,3,0,True,1,False,False,17:crack|29:crack|43:crack
mobilenet_v3_small,resolution_severe,405_0,405,corrosion,0,3,True,1,True,False,17:hide_craze|29:hide_craze|43:hide_craze
mobilenet_v3_small,resolution_severe,407_0,407,surface_injure,3,0,True,1,False,False,17:surface_injure|29:surface_injure|43:surface_injure
mobilenet_v3_small,resolution_severe,408_0,408,corrosion,3,0,True,1,False,False,17:corrosion|29:corrosion|43:corrosion
mobilenet_v3_small,resolution_severe,408_1,408,corrosion,0,3,True,1,True,False,17:surface_injure|29:surface_injure|43:surface_injure
mobilenet_v3_small,resolution_severe,410_0,410,corrosion,1,1,False,2,False,True,17:corrosion|29:surface_injure|43:surface_injure
mobilenet_v3_small,resolution_severe,410_1,410,corrosion,1,1,False,2,False,True,17:corrosion|29:surface_injure|43:surface_injure
mobilenet_v3_small,resolution_severe,432_0,432,surface_injure,3,0,True,1,False,False,17:surface_injure|29:surface_injure|43:surface_injure
mobilenet_v3_small,resolution_severe,438_0,438,hide_craze,3,0,True,1,False,False,17:hide_craze|29:hide_craze|43:hide_craze
mobilenet_v3_small,resolution_severe,440_0,440,crack,3,0,True,1,False,False,17:crack|29:crack|43:crack
mobilenet_v3_small,resolution_severe,447_0,447,crack,3,0,True,1,False,False,17:crack|29:crack|43:crack
mobilenet_v3_small,resolution_severe,447_1,447,crack,3,0,True,1,False,False,17:crack|29:crack|43:crack
mobilenet_v3_small,resolution_severe,451_0,451,corrosion,3,0,True,1,False,False,17:corrosion|29:corrosion|43:corrosion
mobilenet_v3_small,resolution_severe,457_0,457,hide_craze,3,0,True,1,False,False,17:hide_craze|29:hide_craze|43:hide_craze
mobilenet_v3_small,resolution_severe,457_1,457,hide_craze,3,0,True,1,False,False,17:hide_craze|29:hide_craze|43:hide_craze
mobilenet_v3_small,resolution_severe,457_2,457,hide_craze,3,0,True,1,False,False,17:hide_craze|29:hide_craze|43:hide_craze
mobilenet_v3_small,resolution_severe,464_0,464,craze,0,3,True,1,True,False,17:surface_injure|29:surface_injure|43:surface_injure
mobilenet_v3_small,resolution_severe,464_1,464,hide_craze,0,0,True,1,True,False,17:surface_injure|29:surface_injure|43:surface_injure
mobilenet_v3_small,resolution_severe,469_0,469,craze,3,0,True,1,False,False,17:craze|29:craze|43:craze
mobilenet_v3_small,resolution_severe,473_0,473,crack,3,0,True,1,False,False,17:crack|29:crack|43:crack
mobilenet_v3_small,resolution_severe,476_0,476,surface_injure,3,0,True,1,False,False,17:surface_injure|29:surface_injure|43:surface_injure
mobilenet_v3_small,resolution_severe,479_0,479,surface_injure,3,0,True,1,False,False,17:surface_injure|29:surface_injure|43:surface_injure
mobilenet_v3_small,resolution_severe,479_1,479,thunderstrike,3,0,True,1,False,False,17:thunderstrike|29:thunderstrike|43:thunderstrike
mobilenet_v3_small,resolution_severe,501_0,501,corrosion,2,1,False,2,False,False,17:hide_craze|29:corrosion|43:corrosion
mobilenet_v3_small,resolution_severe,505_0,505,corrosion,2,1,False,2,False,False,17:corrosion|29:corrosion|43:surface_injure
mobilenet_v3_small,resolution_severe,511_0,511,hide_craze,3,0,True,1,False,False,17:hide_craze|29:hide_craze|43:hide_craze
mobilenet_v3_small,resolution_severe,511_1,511,hide_craze,3,0,True,1,False,False,17:hide_craze|29:hide_craze|43:hide_craze
mobilenet_v3_small,resolution_severe,521_0,521,corrosion,0,0,True,1,True,False,17:hide_craze|29:hide_craze|43:hide_craze
mobilenet_v3_small,resolution_severe,521_1,521,corrosion,0,0,True,1,True,False,17:hide_craze|29:hide_craze|43:hide_craze
mobilenet_v3_small,resolution_severe,541_0,541,hide_craze,3,0,True,1,False,False,17:hide_craze|29:hide_craze|43:hide_craze
mobilenet_v3_small,resolution_severe,546_0,546,corrosion,0,0,True,1,True,False,17:surface_injure|29:surface_injure|43:surface_injure
mobilenet_v3_small,resolution_severe,546_1,546,corrosion,0,0,False,2,True,False,17:hide_craze|29:hide_craze|43:surface_injure
mobilenet_v3_small,resolution_severe,546_2,546,corrosion,0,1,False,2,True,False,17:hide_craze|29:hide_craze|43:surface_injure
mobilenet_v3_small,resolution_severe,563_0,563,craze,0,3,True,1,True,False,17:surface_injure|29:surface_injure|43:surface_injure
mobilenet_v3_small,resolution_severe,566_0,566,corrosion,3,0,True,1,False,False,17:corrosion|29:corrosion|43:corrosion
mobilenet_v3_small,resolution_severe,569_0,569,hide_craze,3,0,True,1,False,False,17:hide_craze|29:hide_craze|43:hide_craze
mobilenet_v3_small,resolution_severe,574_0,574,craze,3,0,True,1,False,False,17:craze|29:craze|43:craze
mobilenet_v3_small,resolution_severe,580_0,580,craze,0,3,True,1,True,False,17:surface_injure|29:surface_injure|43:surface_injure
mobilenet_v3_small,resolution_severe,591_0,591,thunderstrike,0,3,True,1,True,False,17:surface_injure|29:surface_injure|43:surface_injure
mobilenet_v3_small,resolution_severe,591_1,591,surface_injure,3,0,True,1,False,False,17:surface_injure|29:surface_injure|43:surface_injure
mobilenet_v3_small,resolution_severe,591_2,591,surface_injure,3,0,True,1,False,False,17:surface_injure|29:surface_injure|43:surface_injure
mobilenet_v3_small,resolution_severe,597_0,597,hide_craze,3,0,True,1,False,False,17:hide_craze|29:hide_craze|43:hide_craze
mobilenet_v3_small,resolution_severe,598_0,598,corrosion,1,2,False,3,False,True,17:hide_craze|29:corrosion|43:crack
mobilenet_v3_small,resolution_severe,598_1,598,corrosion,3,0,True,1,False,False,17:corrosion|29:corrosion|43:corrosion
mobilenet_v3_small,resolution_severe,600_0,600,hide_craze,3,0,True,1,False,False,17:hide_craze|29:hide_craze|43:hide_craze
mobilenet_v3_small,resolution_severe,610_0,610,hide_craze,3,0,True,1,False,False,17:hide_craze|29:hide_craze|43:hide_craze
mobilenet_v3_small,resolution_severe,623_0,623,hide_craze,3,0,True,1,False,False,17:hide_craze|29:hide_craze|43:hide_craze
mobilenet_v3_small,resolution_severe,623_1,623,surface_injure,0,0,False,2,True,False,17:hide_craze|29:crack|43:crack
mobilenet_v3_small,resolution_severe,633_0,633,hide_craze,3,0,True,1,False,False,17:hide_craze|29:hide_craze|43:hide_craze
mobilenet_v3_small,resolution_severe,642_0,642,hide_craze,3,0,True,1,False,False,17:hide_craze|29:hide_craze|43:hide_craze
mobilenet_v3_small,resolution_severe,642_1,642,surface_injure,3,0,True,1,False,False,17:surface_injure|29:surface_injure|43:surface_injure
mobilenet_v3_small,resolution_severe,643_0,643,hide_craze,2,0,False,2,False,False,17:hide_craze|29:surface_injure|43:hide_craze
mobilenet_v3_small,resolution_severe,650_0,650,corrosion,3,0,True,1,False,False,17:corrosion|29:corrosion|43:corrosion
mobilenet_v3_small,resolution_severe,655_0,655,hide_craze,3,0,True,1,False,False,17:hide_craze|29:hide_craze|43:hide_craze
mobilenet_v3_small,resolution_severe,658_0,658,corrosion,0,0,True,1,True,False,17:crack|29:crack|43:crack
mobilenet_v3_small,resolution_severe,663_0,663,hide_craze,3,0,True,1,False,False,17:hide_craze|29:hide_craze|43:hide_craze
mobilenet_v3_small,resolution_severe,671_0,671,hide_craze,3,0,True,1,False,False,17:hide_craze|29:hide_craze|43:hide_craze
mobilenet_v3_small,resolution_severe,671_1,671,surface_injure,1,0,False,2,False,True,17:surface_injure|29:hide_craze|43:hide_craze
mobilenet_v3_small,resolution_severe,677_0,677,hide_craze,3,0,True,1,False,False,17:hide_craze|29:hide_craze|43:hide_craze
mobilenet_v3_small,resolution_severe,686_0,686,thunderstrike,1,2,False,2,False,True,17:surface_injure|29:thunderstrike|43:surface_injure
mobilenet_v3_small,resolution_severe,689_0,689,surface_injure,2,1,False,2,False,False,17:surface_injure|29:surface_injure|43:crack
mobilenet_v3_small,resolution_severe,689_1,689,surface_injure,3,0,True,1,False,False,17:surface_injure|29:surface_injure|43:surface_injure
mobilenet_v3_small,resolution_severe,689_2,689,surface_injure,3,0,True,1,False,False,17:surface_injure|29:surface_injure|43:surface_injure
mobilenet_v3_small,resolution_severe,689_3,689,surface_injure,3,0,True,1,False,False,17:surface_injure|29:surface_injure|43:surface_injure
mobilenet_v3_small,resolution_severe,696_0,696,hide_craze,3,0,True,1,False,False,17:hide_craze|29:hide_craze|43:hide_craze
mobilenet_v3_small,resolution_severe,696_1,696,hide_craze,3,0,True,1,False,False,17:hide_craze|29:hide_craze|43:hide_craze
mobilenet_v3_small,resolution_severe,699_0,699,thunderstrike,3,0,True,1,False,False,17:thunderstrike|29:thunderstrike|43:thunderstrike
mobilenet_v3_small,resolution_severe,701_0,701,craze,3,0,True,1,False,False,17:craze|29:craze|43:craze
mobilenet_v3_small,resolution_severe,704_0,704,corrosion,2,1,False,2,False,False,17:hide_craze|29:corrosion|43:corrosion
mobilenet_v3_small,resolution_severe,721_0,721,hide_craze,2,1,False,2,False,False,17:hide_craze|29:hide_craze|43:surface_injure
mobilenet_v3_small,resolution_severe,824_0,824,craze,0,3,False,2,True,False,17:hide_craze|29:crack|43:crack
mobilenet_v3_small,resolution_severe,863_0,863,thunderstrike,2,1,False,2,False,False,17:thunderstrike|29:thunderstrike|43:surface_injure
mobilenet_v3_small,resolution_severe,864_0,864,surface_injure,3,0,True,1,False,False,17:surface_injure|29:surface_injure|43:surface_injure
mobilenet_v3_small,resolution_severe,875_0,875,hide_craze,3,0,True,1,False,False,17:hide_craze|29:hide_craze|43:hide_craze
mobilenet_v3_small,resolution_severe,875_1,875,hide_craze,3,0,True,1,False,False,17:hide_craze|29:hide_craze|43:hide_craze
mobilenet_v3_small,resolution_severe,1017_0,1017,hide_craze,3,0,True,1,False,False,17:hide_craze|29:hide_craze|43:hide_craze
mobilenet_v3_small,resolution_severe,1017_1,1017,hide_craze,3,0,True,1,False,False,17:hide_craze|29:hide_craze|43:hide_craze
mobilenet_v3_small,brightness_mild,13_0,13,hide_craze,3,0,True,1,False,False,17:hide_craze|29:hide_craze|43:hide_craze
mobilenet_v3_small,brightness_mild,13_1,13,hide_craze,3,0,True,1,False,False,17:hide_craze|29:hide_craze|43:hide_craze
mobilenet_v3_small,brightness_mild,32_0,32,thunderstrike,3,0,True,1,False,False,17:thunderstrike|29:thunderstrike|43:thunderstrike
mobilenet_v3_small,brightness_mild,32_1,32,thunderstrike,3,0,True,1,False,False,17:thunderstrike|29:thunderstrike|43:thunderstrike
mobilenet_v3_small,brightness_mild,46_0,46,corrosion,3,0,True,1,False,False,17:corrosion|29:corrosion|43:corrosion
mobilenet_v3_small,brightness_mild,46_1,46,corrosion,3,0,True,1,False,False,17:corrosion|29:corrosion|43:corrosion
mobilenet_v3_small,brightness_mild,48_0,48,surface_injure,2,0,False,2,False,False,17:surface_injure|29:surface_injure|43:craze
mobilenet_v3_small,brightness_mild,51_0,51,craze,0,0,False,2,True,False,17:thunderstrike|29:corrosion|43:corrosion
mobilenet_v3_small,brightness_mild,51_1,51,craze,1,2,False,2,False,True,17:craze|29:hide_craze|43:hide_craze
mobilenet_v3_small,brightness_mild,54_0,54,hide_craze,3,0,True,1,False,False,17:hide_craze|29:hide_craze|43:hide_craze
mobilenet_v3_small,brightness_mild,54_1,54,hide_craze,3,0,True,1,False,False,17:hide_craze|29:hide_craze|43:hide_craze
mobilenet_v3_small,brightness_mild,57_0,57,craze,0,0,True,1,True,False,17:corrosion|29:corrosion|43:corrosion
mobilenet_v3_small,brightness_mild,57_1,57,surface_injure,2,0,False,2,False,False,17:corrosion|29:surface_injure|43:surface_injure
mobilenet_v3_small,brightness_mild,61_0,61,craze,3,0,True,1,False,False,17:craze|29:craze|43:craze
mobilenet_v3_small,brightness_mild,61_1,61,craze,3,0,True,1,False,False,17:craze|29:craze|43:craze
mobilenet_v3_small,brightness_mild,61_2,61,craze,2,1,False,2,False,False,17:craze|29:craze|43:corrosion
mobilenet_v3_small,brightness_mild,65_0,65,corrosion,3,0,True,1,False,False,17:corrosion|29:corrosion|43:corrosion
mobilenet_v3_small,brightness_mild,67_0,67,hide_craze,3,0,True,1,False,False,17:hide_craze|29:hide_craze|43:hide_craze
mobilenet_v3_small,brightness_mild,71_0,71,craze,3,0,True,1,False,False,17:craze|29:craze|43:craze
mobilenet_v3_small,brightness_mild,73_0,73,craze,3,0,True,1,False,False,17:craze|29:craze|43:craze
mobilenet_v3_small,brightness_mild,81_0,81,craze,3,0,True,1,False,False,17:craze|29:craze|43:craze
mobilenet_v3_small,brightness_mild,81_1,81,craze,3,0,True,1,False,False,17:craze|29:craze|43:craze
mobilenet_v3_small,brightness_mild,81_2,81,craze,3,0,True,1,False,False,17:craze|29:craze|43:craze
mobilenet_v3_small,brightness_mild,88_0,88,crack,3,0,True,1,False,False,17:crack|29:crack|43:crack
mobilenet_v3_small,brightness_mild,93_0,93,craze,3,0,True,1,False,False,17:craze|29:craze|43:craze
mobilenet_v3_small,brightness_mild,103_0,103,craze,3,0,True,1,False,False,17:craze|29:craze|43:craze
mobilenet_v3_small,brightness_mild,112_0,112,thunderstrike,3,0,True,1,False,False,17:thunderstrike|29:thunderstrike|43:thunderstrike
mobilenet_v3_small,brightness_mild,112_1,112,surface_injure,3,0,True,1,False,False,17:surface_injure|29:surface_injure|43:surface_injure
mobilenet_v3_small,brightness_mild,142_0,142,surface_injure,0,0,False,2,True,False,17:hide_craze|29:hide_craze|43:corrosion
mobilenet_v3_small,brightness_mild,146_0,146,hide_craze,3,0,True,1,False,False,17:hide_craze|29:hide_craze|43:hide_craze
mobilenet_v3_small,brightness_mild,156_0,156,craze,3,0,True,1,False,False,17:craze|29:craze|43:craze
mobilenet_v3_small,brightness_mild,161_0,161,corrosion,3,0,True,1,False,False,17:corrosion|29:corrosion|43:corrosion
mobilenet_v3_small,brightness_mild,163_0,163,hide_craze,3,0,True,1,False,False,17:hide_craze|29:hide_craze|43:hide_craze
mobilenet_v3_small,brightness_mild,166_0,166,craze,3,0,True,1,False,False,17:craze|29:craze|43:craze
mobilenet_v3_small,brightness_mild,167_0,167,craze,3,0,True,1,False,False,17:craze|29:craze|43:craze
mobilenet_v3_small,brightness_mild,167_1,167,craze,2,1,False,2,False,False,17:craze|29:hide_craze|43:craze
mobilenet_v3_small,brightness_mild,178_0,178,surface_injure,3,0,True,1,False,False,17:surface_injure|29:surface_injure|43:surface_injure
mobilenet_v3_small,brightness_mild,178_1,178,surface_injure,3,0,True,1,False,False,17:surface_injure|29:surface_injure|43:surface_injure
mobilenet_v3_small,brightness_mild,178_2,178,surface_injure,3,0,True,1,False,False,17:surface_injure|29:surface_injure|43:surface_injure
mobilenet_v3_small,brightness_mild,198_0,198,craze,3,0,True,1,False,False,17:craze|29:craze|43:craze
mobilenet_v3_small,brightness_mild,198_1,198,hide_craze,3,0,True,1,False,False,17:hide_craze|29:hide_craze|43:hide_craze
mobilenet_v3_small,brightness_mild,209_0,209,hide_craze,3,0,True,1,False,False,17:hide_craze|29:hide_craze|43:hide_craze
mobilenet_v3_small,brightness_mild,214_0,214,craze,3,0,True,1,False,False,17:craze|29:craze|43:craze
mobilenet_v3_small,brightness_mild,216_0,216,crack,3,0,True,1,False,False,17:crack|29:crack|43:crack
mobilenet_v3_small,brightness_mild,217_0,217,surface_injure,3,0,True,1,False,False,17:surface_injure|29:surface_injure|43:surface_injure
mobilenet_v3_small,brightness_mild,224_0,224,hide_craze,3,0,True,1,False,False,17:hide_craze|29:hide_craze|43:hide_craze
mobilenet_v3_small,brightness_mild,228_0,228,hide_craze,1,0,False,2,False,True,17:craze|29:craze|43:hide_craze
mobilenet_v3_small,brightness_mild,228_1,228,hide_craze,2,1,False,2,False,False,17:craze|29:hide_craze|43:hide_craze
mobilenet_v3_small,brightness_mild,234_0,234,surface_injure,3,0,True,1,False,False,17:surface_injure|29:surface_injure|43:surface_injure
mobilenet_v3_small,brightness_mild,234_1,234,hide_craze,3,0,True,1,False,False,17:hide_craze|29:hide_craze|43:hide_craze
mobilenet_v3_small,brightness_mild,234_2,234,hide_craze,3,0,True,1,False,False,17:hide_craze|29:hide_craze|43:hide_craze
mobilenet_v3_small,brightness_mild,234_3,234,hide_craze,3,0,True,1,False,False,17:hide_craze|29:hide_craze|43:hide_craze
mobilenet_v3_small,brightness_mild,234_4,234,hide_craze,3,0,True,1,False,False,17:hide_craze|29:hide_craze|43:hide_craze
mobilenet_v3_small,brightness_mild,238_0,238,crack,0,3,False,2,True,False,17:surface_injure|29:thunderstrike|43:surface_injure
mobilenet_v3_small,brightness_mild,238_1,238,crack,3,0,True,1,False,False,17:crack|29:crack|43:crack
mobilenet_v3_small,brightness_mild,250_0,250,crack,3,0,True,1,False,False,17:crack|29:crack|43:crack
mobilenet_v3_small,brightness_mild,252_0,252,crack,3,0,True,1,False,False,17:crack|29:crack|43:crack
mobilenet_v3_small,brightness_mild,255_0,255,surface_injure,0,0,True,1,True,False,17:corrosion|29:corrosion|43:corrosion
mobilenet_v3_small,brightness_mild,255_1,255,surface_injure,3,0,True,1,False,False,17:surface_injure|29:surface_injure|43:surface_injure
mobilenet_v3_small,brightness_mild,257_0,257,surface_injure,3,0,True,1,False,False,17:surface_injure|29:surface_injure|43:surface_injure
mobilenet_v3_small,brightness_mild,257_1,257,surface_injure,3,0,True,1,False,False,17:surface_injure|29:surface_injure|43:surface_injure
mobilenet_v3_small,brightness_mild,269_0,269,crack,3,0,True,1,False,False,17:crack|29:crack|43:crack
mobilenet_v3_small,brightness_mild,273_0,273,thunderstrike,3,0,True,1,False,False,17:thunderstrike|29:thunderstrike|43:thunderstrike
mobilenet_v3_small,brightness_mild,273_1,273,surface_injure,3,0,True,1,False,False,17:surface_injure|29:surface_injure|43:surface_injure
mobilenet_v3_small,brightness_mild,276_0,276,hide_craze,3,0,True,1,False,False,17:hide_craze|29:hide_craze|43:hide_craze
mobilenet_v3_small,brightness_mild,276_1,276,hide_craze,3,0,True,1,False,False,17:hide_craze|29:hide_craze|43:hide_craze
mobilenet_v3_small,brightness_mild,284_0,284,hide_craze,3,0,True,1,False,False,17:hide_craze|29:hide_craze|43:hide_craze
mobilenet_v3_small,brightness_mild,285_0,285,surface_injure,3,0,True,1,False,False,17:surface_injure|29:surface_injure|43:surface_injure
mobilenet_v3_small,brightness_mild,285_1,285,surface_injure,3,0,True,1,False,False,17:surface_injure|29:surface_injure|43:surface_injure
mobilenet_v3_small,brightness_mild,318_0,318,crack,3,0,True,1,False,False,17:crack|29:crack|43:crack
mobilenet_v3_small,brightness_mild,322_0,322,corrosion,3,0,True,1,False,False,17:corrosion|29:corrosion|43:corrosion
mobilenet_v3_small,brightness_mild,323_0,323,corrosion,0,0,False,3,True,False,17:surface_injure|29:hide_craze|43:thunderstrike
mobilenet_v3_small,brightness_mild,326_0,326,surface_injure,3,0,True,1,False,False,17:surface_injure|29:surface_injure|43:surface_injure
mobilenet_v3_small,brightness_mild,326_1,326,craze,2,0,False,2,False,False,17:craze|29:craze|43:surface_injure
mobilenet_v3_small,brightness_mild,332_0,332,surface_injure,3,0,True,1,False,False,17:surface_injure|29:surface_injure|43:surface_injure
mobilenet_v3_small,brightness_mild,363_0,363,surface_injure,3,0,True,1,False,False,17:surface_injure|29:surface_injure|43:surface_injure
mobilenet_v3_small,brightness_mild,370_0,370,corrosion,3,0,True,1,False,False,17:corrosion|29:corrosion|43:corrosion
mobilenet_v3_small,brightness_mild,370_1,370,corrosion,3,0,True,1,False,False,17:corrosion|29:corrosion|43:corrosion
mobilenet_v3_small,brightness_mild,370_2,370,corrosion,3,0,True,1,False,False,17:corrosion|29:corrosion|43:corrosion
mobilenet_v3_small,brightness_mild,373_0,373,corrosion,3,0,True,1,False,False,17:corrosion|29:corrosion|43:corrosion
mobilenet_v3_small,brightness_mild,379_0,379,hide_craze,3,0,True,1,False,False,17:hide_craze|29:hide_craze|43:hide_craze
mobilenet_v3_small,brightness_mild,379_1,379,hide_craze,2,0,False,2,False,False,17:hide_craze|29:hide_craze|43:surface_injure
mobilenet_v3_small,brightness_mild,388_0,388,hide_craze,3,0,True,1,False,False,17:hide_craze|29:hide_craze|43:hide_craze
mobilenet_v3_small,brightness_mild,389_0,389,crack,3,0,True,1,False,False,17:crack|29:crack|43:crack
mobilenet_v3_small,brightness_mild,390_0,390,corrosion,3,0,True,1,False,False,17:corrosion|29:corrosion|43:corrosion
mobilenet_v3_small,brightness_mild,394_0,394,crack,3,0,True,1,False,False,17:crack|29:crack|43:crack
mobilenet_v3_small,brightness_mild,405_0,405,corrosion,3,0,True,1,False,False,17:corrosion|29:corrosion|43:corrosion
mobilenet_v3_small,brightness_mild,407_0,407,surface_injure,3,0,True,1,False,False,17:surface_injure|29:surface_injure|43:surface_injure
mobilenet_v3_small,brightness_mild,408_0,408,corrosion,2,1,False,2,False,False,17:corrosion|29:corrosion|43:craze
mobilenet_v3_small,brightness_mild,408_1,408,corrosion,3,0,True,1,False,False,17:corrosion|29:corrosion|43:corrosion
mobilenet_v3_small,brightness_mild,410_0,410,corrosion,2,0,False,2,False,False,17:corrosion|29:corrosion|43:craze
mobilenet_v3_small,brightness_mild,410_1,410,corrosion,1,1,False,2,False,True,17:craze|29:corrosion|43:craze
mobilenet_v3_small,brightness_mild,432_0,432,surface_injure,3,0,True,1,False,False,17:surface_injure|29:surface_injure|43:surface_injure
mobilenet_v3_small,brightness_mild,438_0,438,hide_craze,3,0,True,1,False,False,17:hide_craze|29:hide_craze|43:hide_craze
mobilenet_v3_small,brightness_mild,440_0,440,crack,3,0,True,1,False,False,17:crack|29:crack|43:crack
mobilenet_v3_small,brightness_mild,447_0,447,crack,3,0,True,1,False,False,17:crack|29:crack|43:crack
mobilenet_v3_small,brightness_mild,447_1,447,crack,3,0,True,1,False,False,17:crack|29:crack|43:crack
mobilenet_v3_small,brightness_mild,451_0,451,corrosion,3,0,True,1,False,False,17:corrosion|29:corrosion|43:corrosion
mobilenet_v3_small,brightness_mild,457_0,457,hide_craze,3,0,True,1,False,False,17:hide_craze|29:hide_craze|43:hide_craze
mobilenet_v3_small,brightness_mild,457_1,457,hide_craze,3,0,True,1,False,False,17:hide_craze|29:hide_craze|43:hide_craze
mobilenet_v3_small,brightness_mild,457_2,457,hide_craze,3,0,True,1,False,False,17:hide_craze|29:hide_craze|43:hide_craze
mobilenet_v3_small,brightness_mild,464_0,464,craze,3,0,True,1,False,False,17:craze|29:craze|43:craze
mobilenet_v3_small,brightness_mild,464_1,464,hide_craze,0,0,True,1,True,False,17:surface_injure|29:surface_injure|43:surface_injure
mobilenet_v3_small,brightness_mild,469_0,469,craze,3,0,True,1,False,False,17:craze|29:craze|43:craze
mobilenet_v3_small,brightness_mild,473_0,473,crack,3,0,True,1,False,False,17:crack|29:crack|43:crack
mobilenet_v3_small,brightness_mild,476_0,476,surface_injure,3,0,True,1,False,False,17:surface_injure|29:surface_injure|43:surface_injure
mobilenet_v3_small,brightness_mild,479_0,479,surface_injure,1,0,False,2,False,True,17:thunderstrike|29:surface_injure|43:thunderstrike
mobilenet_v3_small,brightness_mild,479_1,479,thunderstrike,3,0,True,1,False,False,17:thunderstrike|29:thunderstrike|43:thunderstrike
mobilenet_v3_small,brightness_mild,501_0,501,corrosion,3,0,True,1,False,False,17:corrosion|29:corrosion|43:corrosion
mobilenet_v3_small,brightness_mild,505_0,505,corrosion,3,0,True,1,False,False,17:corrosion|29:corrosion|43:corrosion
mobilenet_v3_small,brightness_mild,511_0,511,hide_craze,3,0,True,1,False,False,17:hide_craze|29:hide_craze|43:hide_craze
mobilenet_v3_small,brightness_mild,511_1,511,hide_craze,3,0,True,1,False,False,17:hide_craze|29:hide_craze|43:hide_craze
mobilenet_v3_small,brightness_mild,521_0,521,corrosion,0,0,True,1,True,False,17:hide_craze|29:hide_craze|43:hide_craze
mobilenet_v3_small,brightness_mild,521_1,521,corrosion,0,0,True,1,True,False,17:hide_craze|29:hide_craze|43:hide_craze
mobilenet_v3_small,brightness_mild,541_0,541,hide_craze,3,0,True,1,False,False,17:hide_craze|29:hide_craze|43:hide_craze
mobilenet_v3_small,brightness_mild,546_0,546,corrosion,0,0,True,1,True,False,17:surface_injure|29:surface_injure|43:surface_injure
mobilenet_v3_small,brightness_mild,546_1,546,corrosion,1,0,False,2,False,True,17:hide_craze|29:hide_craze|43:corrosion
mobilenet_v3_small,brightness_mild,546_2,546,corrosion,1,0,False,2,False,True,17:hide_craze|29:hide_craze|43:corrosion
mobilenet_v3_small,brightness_mild,563_0,563,craze,3,0,True,1,False,False,17:craze|29:craze|43:craze
mobilenet_v3_small,brightness_mild,566_0,566,corrosion,3,0,True,1,False,False,17:corrosion|29:corrosion|43:corrosion
mobilenet_v3_small,brightness_mild,569_0,569,hide_craze,3,0,True,1,False,False,17:hide_craze|29:hide_craze|43:hide_craze
mobilenet_v3_small,brightness_mild,574_0,574,craze,3,0,True,1,False,False,17:craze|29:craze|43:craze
mobilenet_v3_small,brightness_mild,580_0,580,craze,3,0,True,1,False,False,17:craze|29:craze|43:craze
mobilenet_v3_small,brightness_mild,591_0,591,thunderstrike,3,0,True,1,False,False,17:thunderstrike|29:thunderstrike|43:thunderstrike
mobilenet_v3_small,brightness_mild,591_1,591,surface_injure,3,0,True,1,False,False,17:surface_injure|29:surface_injure|43:surface_injure
mobilenet_v3_small,brightness_mild,591_2,591,surface_injure,3,0,True,1,False,False,17:surface_injure|29:surface_injure|43:surface_injure
mobilenet_v3_small,brightness_mild,597_0,597,hide_craze,3,0,True,1,False,False,17:hide_craze|29:hide_craze|43:hide_craze
mobilenet_v3_small,brightness_mild,598_0,598,corrosion,3,0,True,1,False,False,17:corrosion|29:corrosion|43:corrosion
mobilenet_v3_small,brightness_mild,598_1,598,corrosion,3,0,True,1,False,False,17:corrosion|29:corrosion|43:corrosion
mobilenet_v3_small,brightness_mild,600_0,600,hide_craze,3,0,True,1,False,False,17:hide_craze|29:hide_craze|43:hide_craze
mobilenet_v3_small,brightness_mild,610_0,610,hide_craze,3,0,True,1,False,False,17:hide_craze|29:hide_craze|43:hide_craze
mobilenet_v3_small,brightness_mild,623_0,623,hide_craze,3,0,True,1,False,False,17:hide_craze|29:hide_craze|43:hide_craze
mobilenet_v3_small,brightness_mild,623_1,623,surface_injure,0,0,False,2,True,False,17:hide_craze|29:corrosion|43:hide_craze
mobilenet_v3_small,brightness_mild,633_0,633,hide_craze,3,0,True,1,False,False,17:hide_craze|29:hide_craze|43:hide_craze
mobilenet_v3_small,brightness_mild,642_0,642,hide_craze,3,0,True,1,False,False,17:hide_craze|29:hide_craze|43:hide_craze
mobilenet_v3_small,brightness_mild,642_1,642,surface_injure,3,0,True,1,False,False,17:surface_injure|29:surface_injure|43:surface_injure
mobilenet_v3_small,brightness_mild,643_0,643,hide_craze,0,1,True,1,True,False,17:surface_injure|29:surface_injure|43:surface_injure
mobilenet_v3_small,brightness_mild,650_0,650,corrosion,3,0,True,1,False,False,17:corrosion|29:corrosion|43:corrosion
mobilenet_v3_small,brightness_mild,655_0,655,hide_craze,3,0,True,1,False,False,17:hide_craze|29:hide_craze|43:hide_craze
mobilenet_v3_small,brightness_mild,658_0,658,corrosion,0,0,False,3,True,False,17:hide_craze|29:crack|43:craze
mobilenet_v3_small,brightness_mild,663_0,663,hide_craze,3,0,True,1,False,False,17:hide_craze|29:hide_craze|43:hide_craze
mobilenet_v3_small,brightness_mild,671_0,671,hide_craze,3,0,True,1,False,False,17:hide_craze|29:hide_craze|43:hide_craze
mobilenet_v3_small,brightness_mild,671_1,671,surface_injure,0,0,True,1,True,False,17:hide_craze|29:hide_craze|43:hide_craze
mobilenet_v3_small,brightness_mild,677_0,677,hide_craze,3,0,True,1,False,False,17:hide_craze|29:hide_craze|43:hide_craze
mobilenet_v3_small,brightness_mild,686_0,686,thunderstrike,3,0,True,1,False,False,17:thunderstrike|29:thunderstrike|43:thunderstrike
mobilenet_v3_small,brightness_mild,689_0,689,surface_injure,3,0,True,1,False,False,17:surface_injure|29:surface_injure|43:surface_injure
mobilenet_v3_small,brightness_mild,689_1,689,surface_injure,3,0,True,1,False,False,17:surface_injure|29:surface_injure|43:surface_injure
mobilenet_v3_small,brightness_mild,689_2,689,surface_injure,3,0,True,1,False,False,17:surface_injure|29:surface_injure|43:surface_injure
mobilenet_v3_small,brightness_mild,689_3,689,surface_injure,3,0,True,1,False,False,17:surface_injure|29:surface_injure|43:surface_injure
mobilenet_v3_small,brightness_mild,696_0,696,hide_craze,3,0,True,1,False,False,17:hide_craze|29:hide_craze|43:hide_craze
mobilenet_v3_small,brightness_mild,696_1,696,hide_craze,3,0,True,1,False,False,17:hide_craze|29:hide_craze|43:hide_craze
mobilenet_v3_small,brightness_mild,699_0,699,thunderstrike,3,0,True,1,False,False,17:thunderstrike|29:thunderstrike|43:thunderstrike
mobilenet_v3_small,brightness_mild,701_0,701,craze,3,0,True,1,False,False,17:craze|29:craze|43:craze
mobilenet_v3_small,brightness_mild,704_0,704,corrosion,3,0,True,1,False,False,17:corrosion|29:corrosion|43:corrosion
mobilenet_v3_small,brightness_mild,721_0,721,hide_craze,2,1,False,2,False,False,17:hide_craze|29:hide_craze|43:surface_injure
mobilenet_v3_small,brightness_mild,824_0,824,craze,3,0,True,1,False,False,17:craze|29:craze|43:craze
mobilenet_v3_small,brightness_mild,863_0,863,thunderstrike,3,0,True,1,False,False,17:thunderstrike|29:thunderstrike|43:thunderstrike
mobilenet_v3_small,brightness_mild,864_0,864,surface_injure,3,0,True,1,False,False,17:surface_injure|29:surface_injure|43:surface_injure
mobilenet_v3_small,brightness_mild,875_0,875,hide_craze,3,0,True,1,False,False,17:hide_craze|29:hide_craze|43:hide_craze
mobilenet_v3_small,brightness_mild,875_1,875,hide_craze,3,0,True,1,False,False,17:hide_craze|29:hide_craze|43:hide_craze
mobilenet_v3_small,brightness_mild,1017_0,1017,hide_craze,3,0,True,1,False,False,17:hide_craze|29:hide_craze|43:hide_craze
mobilenet_v3_small,brightness_mild,1017_1,1017,hide_craze,3,0,True,1,False,False,17:hide_craze|29:hide_craze|43:hide_craze
mobilenet_v3_small,brightness_moderate,13_0,13,hide_craze,3,0,True,1,False,False,17:hide_craze|29:hide_craze|43:hide_craze
mobilenet_v3_small,brightness_moderate,13_1,13,hide_craze,3,0,True,1,False,False,17:hide_craze|29:hide_craze|43:hide_craze
mobilenet_v3_small,brightness_moderate,32_0,32,thunderstrike,3,0,True,1,False,False,17:thunderstrike|29:thunderstrike|43:thunderstrike
mobilenet_v3_small,brightness_moderate,32_1,32,thunderstrike,3,0,True,1,False,False,17:thunderstrike|29:thunderstrike|43:thunderstrike
mobilenet_v3_small,brightness_moderate,46_0,46,corrosion,3,0,True,1,False,False,17:corrosion|29:corrosion|43:corrosion
mobilenet_v3_small,brightness_moderate,46_1,46,corrosion,3,0,True,1,False,False,17:corrosion|29:corrosion|43:corrosion
mobilenet_v3_small,brightness_moderate,48_0,48,surface_injure,2,0,False,2,False,False,17:surface_injure|29:surface_injure|43:craze
mobilenet_v3_small,brightness_moderate,51_0,51,craze,0,0,False,2,True,False,17:surface_injure|29:corrosion|43:corrosion
mobilenet_v3_small,brightness_moderate,51_1,51,craze,0,3,False,2,True,False,17:corrosion|29:hide_craze|43:hide_craze
mobilenet_v3_small,brightness_moderate,54_0,54,hide_craze,3,0,True,1,False,False,17:hide_craze|29:hide_craze|43:hide_craze
mobilenet_v3_small,brightness_moderate,54_1,54,hide_craze,2,1,False,2,False,False,17:corrosion|29:hide_craze|43:hide_craze
mobilenet_v3_small,brightness_moderate,57_0,57,craze,0,0,False,2,True,False,17:corrosion|29:corrosion|43:surface_injure
mobilenet_v3_small,brightness_moderate,57_1,57,surface_injure,1,1,False,2,False,True,17:corrosion|29:corrosion|43:surface_injure
mobilenet_v3_small,brightness_moderate,61_0,61,craze,3,0,True,1,False,False,17:craze|29:craze|43:craze
mobilenet_v3_small,brightness_moderate,61_1,61,craze,3,0,True,1,False,False,17:craze|29:craze|43:craze
mobilenet_v3_small,brightness_moderate,61_2,61,craze,1,2,False,2,False,True,17:craze|29:corrosion|43:corrosion
mobilenet_v3_small,brightness_moderate,65_0,65,corrosion,1,2,False,2,False,True,17:hide_craze|29:hide_craze|43:corrosion
mobilenet_v3_small,brightness_moderate,67_0,67,hide_craze,3,0,True,1,False,False,17:hide_craze|29:hide_craze|43:hide_craze
mobilenet_v3_small,brightness_moderate,71_0,71,craze,3,0,True,1,False,False,17:craze|29:craze|43:craze
mobilenet_v3_small,brightness_moderate,73_0,73,craze,2,1,False,2,False,False,17:craze|29:craze|43:surface_injure
mobilenet_v3_small,brightness_moderate,81_0,81,craze,3,0,True,1,False,False,17:craze|29:craze|43:craze
mobilenet_v3_small,brightness_moderate,81_1,81,craze,3,0,True,1,False,False,17:craze|29:craze|43:craze
mobilenet_v3_small,brightness_moderate,81_2,81,craze,3,0,True,1,False,False,17:craze|29:craze|43:craze
mobilenet_v3_small,brightness_moderate,88_0,88,crack,2,1,False,2,False,False,17:crack|29:crack|43:craze
mobilenet_v3_small,brightness_moderate,93_0,93,craze,3,0,True,1,False,False,17:craze|29:craze|43:craze
mobilenet_v3_small,brightness_moderate,103_0,103,craze,3,0,True,1,False,False,17:craze|29:craze|43:craze
mobilenet_v3_small,brightness_moderate,112_0,112,thunderstrike,3,0,True,1,False,False,17:thunderstrike|29:thunderstrike|43:thunderstrike
mobilenet_v3_small,brightness_moderate,112_1,112,surface_injure,3,0,True,1,False,False,17:surface_injure|29:surface_injure|43:surface_injure
mobilenet_v3_small,brightness_moderate,142_0,142,surface_injure,0,0,True,1,True,False,17:corrosion|29:corrosion|43:corrosion
mobilenet_v3_small,brightness_moderate,146_0,146,hide_craze,3,0,True,1,False,False,17:hide_craze|29:hide_craze|43:hide_craze
mobilenet_v3_small,brightness_moderate,156_0,156,craze,3,0,True,1,False,False,17:craze|29:craze|43:craze
mobilenet_v3_small,brightness_moderate,161_0,161,corrosion,3,0,True,1,False,False,17:corrosion|29:corrosion|43:corrosion
mobilenet_v3_small,brightness_moderate,163_0,163,hide_craze,3,0,True,1,False,False,17:hide_craze|29:hide_craze|43:hide_craze
mobilenet_v3_small,brightness_moderate,166_0,166,craze,3,0,True,1,False,False,17:craze|29:craze|43:craze
mobilenet_v3_small,brightness_moderate,167_0,167,craze,3,0,True,1,False,False,17:craze|29:craze|43:craze
mobilenet_v3_small,brightness_moderate,167_1,167,craze,0,3,True,1,True,False,17:hide_craze|29:hide_craze|43:hide_craze
mobilenet_v3_small,brightness_moderate,178_0,178,surface_injure,3,0,True,1,False,False,17:surface_injure|29:surface_injure|43:surface_injure
mobilenet_v3_small,brightness_moderate,178_1,178,surface_injure,3,0,True,1,False,False,17:surface_injure|29:surface_injure|43:surface_injure
mobilenet_v3_small,brightness_moderate,178_2,178,surface_injure,3,0,True,1,False,False,17:surface_injure|29:surface_injure|43:surface_injure
mobilenet_v3_small,brightness_moderate,198_0,198,craze,1,2,False,2,False,True,17:craze|29:surface_injure|43:surface_injure
mobilenet_v3_small,brightness_moderate,198_1,198,hide_craze,3,0,True,1,False,False,17:hide_craze|29:hide_craze|43:hide_craze
mobilenet_v3_small,brightness_moderate,209_0,209,hide_craze,3,0,True,1,False,False,17:hide_craze|29:hide_craze|43:hide_craze
mobilenet_v3_small,brightness_moderate,214_0,214,craze,3,0,True,1,False,False,17:craze|29:craze|43:craze
mobilenet_v3_small,brightness_moderate,216_0,216,crack,3,0,True,1,False,False,17:crack|29:crack|43:crack
mobilenet_v3_small,brightness_moderate,217_0,217,surface_injure,3,0,True,1,False,False,17:surface_injure|29:surface_injure|43:surface_injure
mobilenet_v3_small,brightness_moderate,224_0,224,hide_craze,3,0,True,1,False,False,17:hide_craze|29:hide_craze|43:hide_craze
mobilenet_v3_small,brightness_moderate,228_0,228,hide_craze,2,0,False,2,False,False,17:craze|29:hide_craze|43:hide_craze
mobilenet_v3_small,brightness_moderate,228_1,228,hide_craze,3,0,True,1,False,False,17:hide_craze|29:hide_craze|43:hide_craze
mobilenet_v3_small,brightness_moderate,234_0,234,surface_injure,3,0,True,1,False,False,17:surface_injure|29:surface_injure|43:surface_injure
mobilenet_v3_small,brightness_moderate,234_1,234,hide_craze,3,0,True,1,False,False,17:hide_craze|29:hide_craze|43:hide_craze
mobilenet_v3_small,brightness_moderate,234_2,234,hide_craze,3,0,True,1,False,False,17:hide_craze|29:hide_craze|43:hide_craze
mobilenet_v3_small,brightness_moderate,234_3,234,hide_craze,3,0,True,1,False,False,17:hide_craze|29:hide_craze|43:hide_craze
mobilenet_v3_small,brightness_moderate,234_4,234,hide_craze,3,0,True,1,False,False,17:hide_craze|29:hide_craze|43:hide_craze
mobilenet_v3_small,brightness_moderate,238_0,238,crack,0,3,False,2,True,False,17:surface_injure|29:thunderstrike|43:surface_injure
mobilenet_v3_small,brightness_moderate,238_1,238,crack,2,1,False,2,False,False,17:craze|29:crack|43:crack
mobilenet_v3_small,brightness_moderate,250_0,250,crack,3,0,True,1,False,False,17:crack|29:crack|43:crack
mobilenet_v3_small,brightness_moderate,252_0,252,crack,3,0,True,1,False,False,17:crack|29:crack|43:crack
mobilenet_v3_small,brightness_moderate,255_0,255,surface_injure,0,0,True,1,True,False,17:corrosion|29:corrosion|43:corrosion
mobilenet_v3_small,brightness_moderate,255_1,255,surface_injure,3,0,True,1,False,False,17:surface_injure|29:surface_injure|43:surface_injure
mobilenet_v3_small,brightness_moderate,257_0,257,surface_injure,3,0,True,1,False,False,17:surface_injure|29:surface_injure|43:surface_injure
mobilenet_v3_small,brightness_moderate,257_1,257,surface_injure,3,0,True,1,False,False,17:surface_injure|29:surface_injure|43:surface_injure
mobilenet_v3_small,brightness_moderate,269_0,269,crack,3,0,True,1,False,False,17:crack|29:crack|43:crack
mobilenet_v3_small,brightness_moderate,273_0,273,thunderstrike,3,0,True,1,False,False,17:thunderstrike|29:thunderstrike|43:thunderstrike
mobilenet_v3_small,brightness_moderate,273_1,273,surface_injure,3,0,True,1,False,False,17:surface_injure|29:surface_injure|43:surface_injure
mobilenet_v3_small,brightness_moderate,276_0,276,hide_craze,3,0,True,1,False,False,17:hide_craze|29:hide_craze|43:hide_craze
mobilenet_v3_small,brightness_moderate,276_1,276,hide_craze,3,0,True,1,False,False,17:hide_craze|29:hide_craze|43:hide_craze
mobilenet_v3_small,brightness_moderate,284_0,284,hide_craze,3,0,True,1,False,False,17:hide_craze|29:hide_craze|43:hide_craze
mobilenet_v3_small,brightness_moderate,285_0,285,surface_injure,3,0,True,1,False,False,17:surface_injure|29:surface_injure|43:surface_injure
mobilenet_v3_small,brightness_moderate,285_1,285,surface_injure,3,0,True,1,False,False,17:surface_injure|29:surface_injure|43:surface_injure
mobilenet_v3_small,brightness_moderate,318_0,318,crack,3,0,True,1,False,False,17:crack|29:crack|43:crack
mobilenet_v3_small,brightness_moderate,322_0,322,corrosion,3,0,True,1,False,False,17:corrosion|29:corrosion|43:corrosion
mobilenet_v3_small,brightness_moderate,323_0,323,corrosion,0,0,False,2,True,False,17:surface_injure|29:hide_craze|43:hide_craze
mobilenet_v3_small,brightness_moderate,326_0,326,surface_injure,3,0,True,1,False,False,17:surface_injure|29:surface_injure|43:surface_injure
mobilenet_v3_small,brightness_moderate,326_1,326,craze,0,2,False,2,True,False,17:corrosion|29:surface_injure|43:surface_injure
mobilenet_v3_small,brightness_moderate,332_0,332,surface_injure,3,0,True,1,False,False,17:surface_injure|29:surface_injure|43:surface_injure
mobilenet_v3_small,brightness_moderate,363_0,363,surface_injure,3,0,True,1,False,False,17:surface_injure|29:surface_injure|43:surface_injure
mobilenet_v3_small,brightness_moderate,370_0,370,corrosion,3,0,True,1,False,False,17:corrosion|29:corrosion|43:corrosion
mobilenet_v3_small,brightness_moderate,370_1,370,corrosion,3,0,True,1,False,False,17:corrosion|29:corrosion|43:corrosion
mobilenet_v3_small,brightness_moderate,370_2,370,corrosion,3,0,True,1,False,False,17:corrosion|29:corrosion|43:corrosion
mobilenet_v3_small,brightness_moderate,373_0,373,corrosion,3,0,True,1,False,False,17:corrosion|29:corrosion|43:corrosion
mobilenet_v3_small,brightness_moderate,379_0,379,hide_craze,3,0,True,1,False,False,17:hide_craze|29:hide_craze|43:hide_craze
mobilenet_v3_small,brightness_moderate,379_1,379,hide_craze,2,0,False,2,False,False,17:hide_craze|29:hide_craze|43:surface_injure
mobilenet_v3_small,brightness_moderate,388_0,388,hide_craze,3,0,True,1,False,False,17:hide_craze|29:hide_craze|43:hide_craze
mobilenet_v3_small,brightness_moderate,389_0,389,crack,3,0,True,1,False,False,17:crack|29:crack|43:crack
mobilenet_v3_small,brightness_moderate,390_0,390,corrosion,0,3,True,1,True,False,17:hide_craze|29:hide_craze|43:hide_craze
mobilenet_v3_small,brightness_moderate,394_0,394,crack,3,0,True,1,False,False,17:crack|29:crack|43:crack
mobilenet_v3_small,brightness_moderate,405_0,405,corrosion,3,0,True,1,False,False,17:corrosion|29:corrosion|43:corrosion
mobilenet_v3_small,brightness_moderate,407_0,407,surface_injure,3,0,True,1,False,False,17:surface_injure|29:surface_injure|43:surface_injure
mobilenet_v3_small,brightness_moderate,408_0,408,corrosion,2,1,False,2,False,False,17:corrosion|29:corrosion|43:craze
mobilenet_v3_small,brightness_moderate,408_1,408,corrosion,3,0,True,1,False,False,17:corrosion|29:corrosion|43:corrosion
mobilenet_v3_small,brightness_moderate,410_0,410,corrosion,2,0,False,2,False,False,17:corrosion|29:corrosion|43:craze
mobilenet_v3_small,brightness_moderate,410_1,410,corrosion,0,2,True,1,True,False,17:craze|29:craze|43:craze
mobilenet_v3_small,brightness_moderate,432_0,432,surface_injure,3,0,True,1,False,False,17:surface_injure|29:surface_injure|43:surface_injure
mobilenet_v3_small,brightness_moderate,438_0,438,hide_craze,3,0,True,1,False,False,17:hide_craze|29:hide_craze|43:hide_craze
mobilenet_v3_small,brightness_moderate,440_0,440,crack,3,0,True,1,False,False,17:crack|29:crack|43:crack
mobilenet_v3_small,brightness_moderate,447_0,447,crack,3,0,True,1,False,False,17:crack|29:crack|43:crack
mobilenet_v3_small,brightness_moderate,447_1,447,crack,3,0,True,1,False,False,17:crack|29:crack|43:crack
mobilenet_v3_small,brightness_moderate,451_0,451,corrosion,3,0,True,1,False,False,17:corrosion|29:corrosion|43:corrosion
mobilenet_v3_small,brightness_moderate,457_0,457,hide_craze,3,0,True,1,False,False,17:hide_craze|29:hide_craze|43:hide_craze
mobilenet_v3_small,brightness_moderate,457_1,457,hide_craze,3,0,True,1,False,False,17:hide_craze|29:hide_craze|43:hide_craze
mobilenet_v3_small,brightness_moderate,457_2,457,hide_craze,3,0,True,1,False,False,17:hide_craze|29:hide_craze|43:hide_craze
mobilenet_v3_small,brightness_moderate,464_0,464,craze,3,0,True,1,False,False,17:craze|29:craze|43:craze
mobilenet_v3_small,brightness_moderate,464_1,464,hide_craze,0,0,True,1,True,False,17:surface_injure|29:surface_injure|43:surface_injure
mobilenet_v3_small,brightness_moderate,469_0,469,craze,3,0,True,1,False,False,17:craze|29:craze|43:craze
mobilenet_v3_small,brightness_moderate,473_0,473,crack,3,0,True,1,False,False,17:crack|29:crack|43:crack
mobilenet_v3_small,brightness_moderate,476_0,476,surface_injure,3,0,True,1,False,False,17:surface_injure|29:surface_injure|43:surface_injure
mobilenet_v3_small,brightness_moderate,479_0,479,surface_injure,2,0,False,2,False,False,17:thunderstrike|29:surface_injure|43:surface_injure
mobilenet_v3_small,brightness_moderate,479_1,479,thunderstrike,3,0,True,1,False,False,17:thunderstrike|29:thunderstrike|43:thunderstrike
mobilenet_v3_small,brightness_moderate,501_0,501,corrosion,3,0,True,1,False,False,17:corrosion|29:corrosion|43:corrosion
mobilenet_v3_small,brightness_moderate,505_0,505,corrosion,3,0,True,1,False,False,17:corrosion|29:corrosion|43:corrosion
mobilenet_v3_small,brightness_moderate,511_0,511,hide_craze,3,0,True,1,False,False,17:hide_craze|29:hide_craze|43:hide_craze
mobilenet_v3_small,brightness_moderate,511_1,511,hide_craze,3,0,True,1,False,False,17:hide_craze|29:hide_craze|43:hide_craze
mobilenet_v3_small,brightness_moderate,521_0,521,corrosion,0,0,True,1,True,False,17:hide_craze|29:hide_craze|43:hide_craze
mobilenet_v3_small,brightness_moderate,521_1,521,corrosion,0,0,True,1,True,False,17:hide_craze|29:hide_craze|43:hide_craze
mobilenet_v3_small,brightness_moderate,541_0,541,hide_craze,3,0,True,1,False,False,17:hide_craze|29:hide_craze|43:hide_craze
mobilenet_v3_small,brightness_moderate,546_0,546,corrosion,0,0,True,1,True,False,17:surface_injure|29:surface_injure|43:surface_injure
mobilenet_v3_small,brightness_moderate,546_1,546,corrosion,2,0,False,2,False,False,17:corrosion|29:hide_craze|43:corrosion
mobilenet_v3_small,brightness_moderate,546_2,546,corrosion,3,0,True,1,False,False,17:corrosion|29:corrosion|43:corrosion
mobilenet_v3_small,brightness_moderate,563_0,563,craze,1,2,False,2,False,True,17:craze|29:surface_injure|43:surface_injure
mobilenet_v3_small,brightness_moderate,566_0,566,corrosion,3,0,True,1,False,False,17:corrosion|29:corrosion|43:corrosion
mobilenet_v3_small,brightness_moderate,569_0,569,hide_craze,3,0,True,1,False,False,17:hide_craze|29:hide_craze|43:hide_craze
mobilenet_v3_small,brightness_moderate,574_0,574,craze,3,0,True,1,False,False,17:craze|29:craze|43:craze
mobilenet_v3_small,brightness_moderate,580_0,580,craze,3,0,True,1,False,False,17:craze|29:craze|43:craze
mobilenet_v3_small,brightness_moderate,591_0,591,thunderstrike,3,0,True,1,False,False,17:thunderstrike|29:thunderstrike|43:thunderstrike
mobilenet_v3_small,brightness_moderate,591_1,591,surface_injure,3,0,True,1,False,False,17:surface_injure|29:surface_injure|43:surface_injure
mobilenet_v3_small,brightness_moderate,591_2,591,surface_injure,3,0,True,1,False,False,17:surface_injure|29:surface_injure|43:surface_injure
mobilenet_v3_small,brightness_moderate,597_0,597,hide_craze,3,0,True,1,False,False,17:hide_craze|29:hide_craze|43:hide_craze
mobilenet_v3_small,brightness_moderate,598_0,598,corrosion,3,0,True,1,False,False,17:corrosion|29:corrosion|43:corrosion
mobilenet_v3_small,brightness_moderate,598_1,598,corrosion,3,0,True,1,False,False,17:corrosion|29:corrosion|43:corrosion
mobilenet_v3_small,brightness_moderate,600_0,600,hide_craze,2,1,False,2,False,False,17:hide_craze|29:craze|43:hide_craze
mobilenet_v3_small,brightness_moderate,610_0,610,hide_craze,3,0,True,1,False,False,17:hide_craze|29:hide_craze|43:hide_craze
mobilenet_v3_small,brightness_moderate,623_0,623,hide_craze,3,0,True,1,False,False,17:hide_craze|29:hide_craze|43:hide_craze
mobilenet_v3_small,brightness_moderate,623_1,623,surface_injure,1,0,False,3,False,True,17:hide_craze|29:corrosion|43:surface_injure
mobilenet_v3_small,brightness_moderate,633_0,633,hide_craze,3,0,True,1,False,False,17:hide_craze|29:hide_craze|43:hide_craze
mobilenet_v3_small,brightness_moderate,642_0,642,hide_craze,3,0,True,1,False,False,17:hide_craze|29:hide_craze|43:hide_craze
mobilenet_v3_small,brightness_moderate,642_1,642,surface_injure,3,0,True,1,False,False,17:surface_injure|29:surface_injure|43:surface_injure
mobilenet_v3_small,brightness_moderate,643_0,643,hide_craze,2,0,False,2,False,False,17:hide_craze|29:surface_injure|43:hide_craze
mobilenet_v3_small,brightness_moderate,650_0,650,corrosion,3,0,True,1,False,False,17:corrosion|29:corrosion|43:corrosion
mobilenet_v3_small,brightness_moderate,655_0,655,hide_craze,3,0,True,1,False,False,17:hide_craze|29:hide_craze|43:hide_craze
mobilenet_v3_small,brightness_moderate,658_0,658,corrosion,0,0,False,2,True,False,17:hide_craze|29:hide_craze|43:craze
mobilenet_v3_small,brightness_moderate,663_0,663,hide_craze,3,0,True,1,False,False,17:hide_craze|29:hide_craze|43:hide_craze
mobilenet_v3_small,brightness_moderate,671_0,671,hide_craze,3,0,True,1,False,False,17:hide_craze|29:hide_craze|43:hide_craze
mobilenet_v3_small,brightness_moderate,671_1,671,surface_injure,0,0,True,1,True,False,17:hide_craze|29:hide_craze|43:hide_craze
mobilenet_v3_small,brightness_moderate,677_0,677,hide_craze,3,0,True,1,False,False,17:hide_craze|29:hide_craze|43:hide_craze
mobilenet_v3_small,brightness_moderate,686_0,686,thunderstrike,3,0,True,1,False,False,17:thunderstrike|29:thunderstrike|43:thunderstrike
mobilenet_v3_small,brightness_moderate,689_0,689,surface_injure,3,0,True,1,False,False,17:surface_injure|29:surface_injure|43:surface_injure
mobilenet_v3_small,brightness_moderate,689_1,689,surface_injure,3,0,True,1,False,False,17:surface_injure|29:surface_injure|43:surface_injure
mobilenet_v3_small,brightness_moderate,689_2,689,surface_injure,3,0,True,1,False,False,17:surface_injure|29:surface_injure|43:surface_injure
mobilenet_v3_small,brightness_moderate,689_3,689,surface_injure,3,0,True,1,False,False,17:surface_injure|29:surface_injure|43:surface_injure
mobilenet_v3_small,brightness_moderate,696_0,696,hide_craze,3,0,True,1,False,False,17:hide_craze|29:hide_craze|43:hide_craze
mobilenet_v3_small,brightness_moderate,696_1,696,hide_craze,3,0,True,1,False,False,17:hide_craze|29:hide_craze|43:hide_craze
mobilenet_v3_small,brightness_moderate,699_0,699,thunderstrike,3,0,True,1,False,False,17:thunderstrike|29:thunderstrike|43:thunderstrike
mobilenet_v3_small,brightness_moderate,701_0,701,craze,3,0,True,1,False,False,17:craze|29:craze|43:craze
mobilenet_v3_small,brightness_moderate,704_0,704,corrosion,3,0,True,1,False,False,17:corrosion|29:corrosion|43:corrosion
mobilenet_v3_small,brightness_moderate,721_0,721,hide_craze,3,0,True,1,False,False,17:hide_craze|29:hide_craze|43:hide_craze
mobilenet_v3_small,brightness_moderate,824_0,824,craze,3,0,True,1,False,False,17:craze|29:craze|43:craze
mobilenet_v3_small,brightness_moderate,863_0,863,thunderstrike,3,0,True,1,False,False,17:thunderstrike|29:thunderstrike|43:thunderstrike
mobilenet_v3_small,brightness_moderate,864_0,864,surface_injure,3,0,True,1,False,False,17:surface_injure|29:surface_injure|43:surface_injure
mobilenet_v3_small,brightness_moderate,875_0,875,hide_craze,3,0,True,1,False,False,17:hide_craze|29:hide_craze|43:hide_craze
mobilenet_v3_small,brightness_moderate,875_1,875,hide_craze,3,0,True,1,False,False,17:hide_craze|29:hide_craze|43:hide_craze
mobilenet_v3_small,brightness_moderate,1017_0,1017,hide_craze,3,0,True,1,False,False,17:hide_craze|29:hide_craze|43:hide_craze
mobilenet_v3_small,brightness_moderate,1017_1,1017,hide_craze,3,0,True,1,False,False,17:hide_craze|29:hide_craze|43:hide_craze
mobilenet_v3_small,brightness_severe,13_0,13,hide_craze,3,0,True,1,False,False,17:hide_craze|29:hide_craze|43:hide_craze
mobilenet_v3_small,brightness_severe,13_1,13,hide_craze,3,0,True,1,False,False,17:hide_craze|29:hide_craze|43:hide_craze
mobilenet_v3_small,brightness_severe,32_0,32,thunderstrike,0,3,False,2,True,False,17:hide_craze|29:hide_craze|43:corrosion
mobilenet_v3_small,brightness_severe,32_1,32,thunderstrike,0,3,True,1,True,False,17:corrosion|29:corrosion|43:corrosion
mobilenet_v3_small,brightness_severe,46_0,46,corrosion,3,0,True,1,False,False,17:corrosion|29:corrosion|43:corrosion
mobilenet_v3_small,brightness_severe,46_1,46,corrosion,3,0,True,1,False,False,17:corrosion|29:corrosion|43:corrosion
mobilenet_v3_small,brightness_severe,48_0,48,surface_injure,1,1,False,2,False,True,17:craze|29:surface_injure|43:craze
mobilenet_v3_small,brightness_severe,51_0,51,craze,0,0,False,2,True,False,17:surface_injure|29:corrosion|43:corrosion
mobilenet_v3_small,brightness_severe,51_1,51,craze,0,3,True,1,True,False,17:hide_craze|29:hide_craze|43:hide_craze
mobilenet_v3_small,brightness_severe,54_0,54,hide_craze,3,0,True,1,False,False,17:hide_craze|29:hide_craze|43:hide_craze
mobilenet_v3_small,brightness_severe,54_1,54,hide_craze,1,2,False,2,False,True,17:hide_craze|29:corrosion|43:corrosion
mobilenet_v3_small,brightness_severe,57_0,57,craze,0,0,False,2,True,False,17:hide_craze|29:surface_injure|43:surface_injure
mobilenet_v3_small,brightness_severe,57_1,57,surface_injure,0,2,False,2,True,False,17:corrosion|29:corrosion|43:hide_craze
mobilenet_v3_small,brightness_severe,61_0,61,craze,1,2,False,2,False,True,17:corrosion|29:corrosion|43:craze
mobilenet_v3_small,brightness_severe,61_1,61,craze,0,3,True,1,True,False,17:corrosion|29:corrosion|43:corrosion
mobilenet_v3_small,brightness_severe,61_2,61,craze,0,3,False,2,True,False,17:hide_craze|29:corrosion|43:hide_craze
mobilenet_v3_small,brightness_severe,65_0,65,corrosion,0,3,True,1,True,False,17:hide_craze|29:hide_craze|43:hide_craze
mobilenet_v3_small,brightness_severe,67_0,67,hide_craze,3,0,True,1,False,False,17:hide_craze|29:hide_craze|43:hide_craze
mobilenet_v3_small,brightness_severe,71_0,71,craze,3,0,True,1,False,False,17:craze|29:craze|43:craze
mobilenet_v3_small,brightness_severe,73_0,73,craze,1,2,False,2,False,True,17:craze|29:corrosion|43:corrosion
mobilenet_v3_small,brightness_severe,81_0,81,craze,3,0,True,1,False,False,17:craze|29:craze|43:craze
mobilenet_v3_small,brightness_severe,81_1,81,craze,3,0,True,1,False,False,17:craze|29:craze|43:craze
mobilenet_v3_small,brightness_severe,81_2,81,craze,2,1,False,2,False,False,17:hide_craze|29:craze|43:craze
mobilenet_v3_small,brightness_severe,88_0,88,crack,1,2,False,2,False,True,17:hide_craze|29:crack|43:hide_craze
mobilenet_v3_small,brightness_severe,93_0,93,craze,3,0,True,1,False,False,17:craze|29:craze|43:craze
mobilenet_v3_small,brightness_severe,103_0,103,craze,3,0,True,1,False,False,17:craze|29:craze|43:craze
mobilenet_v3_small,brightness_severe,112_0,112,thunderstrike,0,3,False,2,True,False,17:surface_injure|29:corrosion|43:surface_injure
mobilenet_v3_small,brightness_severe,112_1,112,surface_injure,3,0,True,1,False,False,17:surface_injure|29:surface_injure|43:surface_injure
mobilenet_v3_small,brightness_severe,142_0,142,surface_injure,0,0,False,2,True,False,17:corrosion|29:hide_craze|43:corrosion
mobilenet_v3_small,brightness_severe,146_0,146,hide_craze,3,0,True,1,False,False,17:hide_craze|29:hide_craze|43:hide_craze
mobilenet_v3_small,brightness_severe,156_0,156,craze,3,0,True,1,False,False,17:craze|29:craze|43:craze
mobilenet_v3_small,brightness_severe,161_0,161,corrosion,3,0,True,1,False,False,17:corrosion|29:corrosion|43:corrosion
mobilenet_v3_small,brightness_severe,163_0,163,hide_craze,3,0,True,1,False,False,17:hide_craze|29:hide_craze|43:hide_craze
mobilenet_v3_small,brightness_severe,166_0,166,craze,2,1,False,2,False,False,17:craze|29:surface_injure|43:craze
mobilenet_v3_small,brightness_severe,167_0,167,craze,1,2,False,2,False,True,17:hide_craze|29:craze|43:hide_craze
mobilenet_v3_small,brightness_severe,167_1,167,craze,0,3,True,1,True,False,17:hide_craze|29:hide_craze|43:hide_craze
mobilenet_v3_small,brightness_severe,178_0,178,surface_injure,3,0,True,1,False,False,17:surface_injure|29:surface_injure|43:surface_injure
mobilenet_v3_small,brightness_severe,178_1,178,surface_injure,3,0,True,1,False,False,17:surface_injure|29:surface_injure|43:surface_injure
mobilenet_v3_small,brightness_severe,178_2,178,surface_injure,3,0,True,1,False,False,17:surface_injure|29:surface_injure|43:surface_injure
mobilenet_v3_small,brightness_severe,198_0,198,craze,1,2,False,2,False,True,17:craze|29:surface_injure|43:surface_injure
mobilenet_v3_small,brightness_severe,198_1,198,hide_craze,3,0,True,1,False,False,17:hide_craze|29:hide_craze|43:hide_craze
mobilenet_v3_small,brightness_severe,209_0,209,hide_craze,3,0,True,1,False,False,17:hide_craze|29:hide_craze|43:hide_craze
mobilenet_v3_small,brightness_severe,214_0,214,craze,3,0,True,1,False,False,17:craze|29:craze|43:craze
mobilenet_v3_small,brightness_severe,216_0,216,crack,3,0,True,1,False,False,17:crack|29:crack|43:crack
mobilenet_v3_small,brightness_severe,217_0,217,surface_injure,1,2,False,3,False,True,17:surface_injure|29:craze|43:hide_craze
mobilenet_v3_small,brightness_severe,224_0,224,hide_craze,2,1,False,2,False,False,17:hide_craze|29:corrosion|43:hide_craze
mobilenet_v3_small,brightness_severe,228_0,228,hide_craze,3,0,True,1,False,False,17:hide_craze|29:hide_craze|43:hide_craze
mobilenet_v3_small,brightness_severe,228_1,228,hide_craze,3,0,True,1,False,False,17:hide_craze|29:hide_craze|43:hide_craze
mobilenet_v3_small,brightness_severe,234_0,234,surface_injure,1,2,False,2,False,True,17:hide_craze|29:hide_craze|43:surface_injure
mobilenet_v3_small,brightness_severe,234_1,234,hide_craze,3,0,True,1,False,False,17:hide_craze|29:hide_craze|43:hide_craze
mobilenet_v3_small,brightness_severe,234_2,234,hide_craze,3,0,True,1,False,False,17:hide_craze|29:hide_craze|43:hide_craze
mobilenet_v3_small,brightness_severe,234_3,234,hide_craze,3,0,True,1,False,False,17:hide_craze|29:hide_craze|43:hide_craze
mobilenet_v3_small,brightness_severe,234_4,234,hide_craze,3,0,True,1,False,False,17:hide_craze|29:hide_craze|43:hide_craze
mobilenet_v3_small,brightness_severe,238_0,238,crack,0,3,True,1,True,False,17:surface_injure|29:surface_injure|43:surface_injure
mobilenet_v3_small,brightness_severe,238_1,238,crack,0,3,False,2,True,False,17:craze|29:hide_craze|43:hide_craze
mobilenet_v3_small,brightness_severe,250_0,250,crack,3,0,True,1,False,False,17:crack|29:crack|43:crack
mobilenet_v3_small,brightness_severe,252_0,252,crack,0,3,True,1,True,False,17:surface_injure|29:surface_injure|43:surface_injure
mobilenet_v3_small,brightness_severe,255_0,255,surface_injure,0,0,True,1,True,False,17:corrosion|29:corrosion|43:corrosion
mobilenet_v3_small,brightness_severe,255_1,255,surface_injure,2,1,False,2,False,False,17:surface_injure|29:corrosion|43:surface_injure
mobilenet_v3_small,brightness_severe,257_0,257,surface_injure,1,2,False,2,False,True,17:corrosion|29:corrosion|43:surface_injure
mobilenet_v3_small,brightness_severe,257_1,257,surface_injure,2,1,False,2,False,False,17:surface_injure|29:corrosion|43:surface_injure
mobilenet_v3_small,brightness_severe,269_0,269,crack,3,0,True,1,False,False,17:crack|29:crack|43:crack
mobilenet_v3_small,brightness_severe,273_0,273,thunderstrike,3,0,True,1,False,False,17:thunderstrike|29:thunderstrike|43:thunderstrike
mobilenet_v3_small,brightness_severe,273_1,273,surface_injure,3,0,True,1,False,False,17:surface_injure|29:surface_injure|43:surface_injure
mobilenet_v3_small,brightness_severe,276_0,276,hide_craze,3,0,True,1,False,False,17:hide_craze|29:hide_craze|43:hide_craze
mobilenet_v3_small,brightness_severe,276_1,276,hide_craze,3,0,True,1,False,False,17:hide_craze|29:hide_craze|43:hide_craze
mobilenet_v3_small,brightness_severe,284_0,284,hide_craze,3,0,True,1,False,False,17:hide_craze|29:hide_craze|43:hide_craze
mobilenet_v3_small,brightness_severe,285_0,285,surface_injure,3,0,True,1,False,False,17:surface_injure|29:surface_injure|43:surface_injure
mobilenet_v3_small,brightness_severe,285_1,285,surface_injure,3,0,True,1,False,False,17:surface_injure|29:surface_injure|43:surface_injure
mobilenet_v3_small,brightness_severe,318_0,318,crack,2,1,False,2,False,False,17:crack|29:crack|43:hide_craze
mobilenet_v3_small,brightness_severe,322_0,322,corrosion,3,0,True,1,False,False,17:corrosion|29:corrosion|43:corrosion
mobilenet_v3_small,brightness_severe,323_0,323,corrosion,2,0,False,2,False,False,17:hide_craze|29:corrosion|43:corrosion
mobilenet_v3_small,brightness_severe,326_0,326,surface_injure,0,3,True,1,True,False,17:corrosion|29:corrosion|43:corrosion
mobilenet_v3_small,brightness_severe,326_1,326,craze,0,2,False,2,True,False,17:hide_craze|29:surface_injure|43:hide_craze
mobilenet_v3_small,brightness_severe,332_0,332,surface_injure,0,3,True,1,True,False,17:hide_craze|29:hide_craze|43:hide_craze
mobilenet_v3_small,brightness_severe,363_0,363,surface_injure,3,0,True,1,False,False,17:surface_injure|29:surface_injure|43:surface_injure
mobilenet_v3_small,brightness_severe,370_0,370,corrosion,1,2,False,2,False,True,17:hide_craze|29:corrosion|43:hide_craze
mobilenet_v3_small,brightness_severe,370_1,370,corrosion,2,1,False,2,False,False,17:hide_craze|29:corrosion|43:corrosion
mobilenet_v3_small,brightness_severe,370_2,370,corrosion,1,2,False,2,False,True,17:hide_craze|29:corrosion|43:hide_craze
mobilenet_v3_small,brightness_severe,373_0,373,corrosion,3,0,True,1,False,False,17:corrosion|29:corrosion|43:corrosion
mobilenet_v3_small,brightness_severe,379_0,379,hide_craze,3,0,True,1,False,False,17:hide_craze|29:hide_craze|43:hide_craze
mobilenet_v3_small,brightness_severe,379_1,379,hide_craze,3,0,True,1,False,False,17:hide_craze|29:hide_craze|43:hide_craze
mobilenet_v3_small,brightness_severe,388_0,388,hide_craze,3,0,True,1,False,False,17:hide_craze|29:hide_craze|43:hide_craze
mobilenet_v3_small,brightness_severe,389_0,389,crack,1,2,False,2,False,True,17:crack|29:surface_injure|43:surface_injure
mobilenet_v3_small,brightness_severe,390_0,390,corrosion,1,2,False,2,False,True,17:hide_craze|29:corrosion|43:hide_craze
mobilenet_v3_small,brightness_severe,394_0,394,crack,1,2,False,2,False,True,17:crack|29:craze|43:craze
mobilenet_v3_small,brightness_severe,405_0,405,corrosion,3,0,True,1,False,False,17:corrosion|29:corrosion|43:corrosion
mobilenet_v3_small,brightness_severe,407_0,407,surface_injure,3,0,True,1,False,False,17:surface_injure|29:surface_injure|43:surface_injure
mobilenet_v3_small,brightness_severe,408_0,408,corrosion,2,1,False,2,False,False,17:corrosion|29:corrosion|43:hide_craze
mobilenet_v3_small,brightness_severe,408_1,408,corrosion,3,0,True,1,False,False,17:corrosion|29:corrosion|43:corrosion
mobilenet_v3_small,brightness_severe,410_0,410,corrosion,3,0,True,1,False,False,17:corrosion|29:corrosion|43:corrosion
mobilenet_v3_small,brightness_severe,410_1,410,corrosion,0,2,False,2,True,False,17:hide_craze|29:craze|43:hide_craze
mobilenet_v3_small,brightness_severe,432_0,432,surface_injure,3,0,True,1,False,False,17:surface_injure|29:surface_injure|43:surface_injure
mobilenet_v3_small,brightness_severe,438_0,438,hide_craze,3,0,True,1,False,False,17:hide_craze|29:hide_craze|43:hide_craze
mobilenet_v3_small,brightness_severe,440_0,440,crack,2,1,False,2,False,False,17:crack|29:crack|43:hide_craze
mobilenet_v3_small,brightness_severe,447_0,447,crack,2,1,False,2,False,False,17:crack|29:crack|43:craze
mobilenet_v3_small,brightness_severe,447_1,447,crack,3,0,True,1,False,False,17:crack|29:crack|43:crack
mobilenet_v3_small,brightness_severe,451_0,451,corrosion,3,0,True,1,False,False,17:corrosion|29:corrosion|43:corrosion
mobilenet_v3_small,brightness_severe,457_0,457,hide_craze,3,0,True,1,False,False,17:hide_craze|29:hide_craze|43:hide_craze
mobilenet_v3_small,brightness_severe,457_1,457,hide_craze,3,0,True,1,False,False,17:hide_craze|29:hide_craze|43:hide_craze
mobilenet_v3_small,brightness_severe,457_2,457,hide_craze,3,0,True,1,False,False,17:hide_craze|29:hide_craze|43:hide_craze
mobilenet_v3_small,brightness_severe,464_0,464,craze,0,3,False,2,True,False,17:hide_craze|29:surface_injure|43:hide_craze
mobilenet_v3_small,brightness_severe,464_1,464,hide_craze,1,0,False,2,False,True,17:surface_injure|29:surface_injure|43:hide_craze
mobilenet_v3_small,brightness_severe,469_0,469,craze,3,0,True,1,False,False,17:craze|29:craze|43:craze
mobilenet_v3_small,brightness_severe,473_0,473,crack,3,0,True,1,False,False,17:crack|29:crack|43:crack
mobilenet_v3_small,brightness_severe,476_0,476,surface_injure,3,0,True,1,False,False,17:surface_injure|29:surface_injure|43:surface_injure
mobilenet_v3_small,brightness_severe,479_0,479,surface_injure,2,0,False,2,False,False,17:corrosion|29:surface_injure|43:surface_injure
mobilenet_v3_small,brightness_severe,479_1,479,thunderstrike,0,3,True,1,True,False,17:surface_injure|29:surface_injure|43:surface_injure
mobilenet_v3_small,brightness_severe,501_0,501,corrosion,3,0,True,1,False,False,17:corrosion|29:corrosion|43:corrosion
mobilenet_v3_small,brightness_severe,505_0,505,corrosion,3,0,True,1,False,False,17:corrosion|29:corrosion|43:corrosion
mobilenet_v3_small,brightness_severe,511_0,511,hide_craze,3,0,True,1,False,False,17:hide_craze|29:hide_craze|43:hide_craze
mobilenet_v3_small,brightness_severe,511_1,511,hide_craze,3,0,True,1,False,False,17:hide_craze|29:hide_craze|43:hide_craze
mobilenet_v3_small,brightness_severe,521_0,521,corrosion,2,0,False,2,False,False,17:hide_craze|29:corrosion|43:corrosion
mobilenet_v3_small,brightness_severe,521_1,521,corrosion,1,0,False,2,False,True,17:hide_craze|29:corrosion|43:hide_craze
mobilenet_v3_small,brightness_severe,541_0,541,hide_craze,3,0,True,1,False,False,17:hide_craze|29:hide_craze|43:hide_craze
mobilenet_v3_small,brightness_severe,546_0,546,corrosion,3,0,True,1,False,False,17:corrosion|29:corrosion|43:corrosion
mobilenet_v3_small,brightness_severe,546_1,546,corrosion,3,0,True,1,False,False,17:corrosion|29:corrosion|43:corrosion
mobilenet_v3_small,brightness_severe,546_2,546,corrosion,3,0,True,1,False,False,17:corrosion|29:corrosion|43:corrosion
mobilenet_v3_small,brightness_severe,563_0,563,craze,0,3,False,2,True,False,17:hide_craze|29:hide_craze|43:surface_injure
mobilenet_v3_small,brightness_severe,566_0,566,corrosion,3,0,True,1,False,False,17:corrosion|29:corrosion|43:corrosion
mobilenet_v3_small,brightness_severe,569_0,569,hide_craze,3,0,True,1,False,False,17:hide_craze|29:hide_craze|43:hide_craze
mobilenet_v3_small,brightness_severe,574_0,574,craze,3,0,True,1,False,False,17:craze|29:craze|43:craze
mobilenet_v3_small,brightness_severe,580_0,580,craze,3,0,True,1,False,False,17:craze|29:craze|43:craze
mobilenet_v3_small,brightness_severe,591_0,591,thunderstrike,1,2,False,3,False,True,17:corrosion|29:thunderstrike|43:surface_injure
mobilenet_v3_small,brightness_severe,591_1,591,surface_injure,3,0,True,1,False,False,17:surface_injure|29:surface_injure|43:surface_injure
mobilenet_v3_small,brightness_severe,591_2,591,surface_injure,3,0,True,1,False,False,17:surface_injure|29:surface_injure|43:surface_injure
mobilenet_v3_small,brightness_severe,597_0,597,hide_craze,3,0,True,1,False,False,17:hide_craze|29:hide_craze|43:hide_craze
mobilenet_v3_small,brightness_severe,598_0,598,corrosion,2,1,False,2,False,False,17:corrosion|29:corrosion|43:craze
mobilenet_v3_small,brightness_severe,598_1,598,corrosion,1,2,False,2,False,True,17:hide_craze|29:corrosion|43:hide_craze
mobilenet_v3_small,brightness_severe,600_0,600,hide_craze,1,2,False,3,False,True,17:hide_craze|29:surface_injure|43:craze
mobilenet_v3_small,brightness_severe,610_0,610,hide_craze,3,0,True,1,False,False,17:hide_craze|29:hide_craze|43:hide_craze
mobilenet_v3_small,brightness_severe,623_0,623,hide_craze,3,0,True,1,False,False,17:hide_craze|29:hide_craze|43:hide_craze
mobilenet_v3_small,brightness_severe,623_1,623,surface_injure,0,0,True,1,True,False,17:hide_craze|29:hide_craze|43:hide_craze
mobilenet_v3_small,brightness_severe,633_0,633,hide_craze,2,1,False,2,False,False,17:hide_craze|29:surface_injure|43:hide_craze
mobilenet_v3_small,brightness_severe,642_0,642,hide_craze,1,2,False,3,False,True,17:hide_craze|29:corrosion|43:surface_injure
mobilenet_v3_small,brightness_severe,642_1,642,surface_injure,2,1,False,2,False,False,17:surface_injure|29:corrosion|43:surface_injure
mobilenet_v3_small,brightness_severe,643_0,643,hide_craze,3,0,True,1,False,False,17:hide_craze|29:hide_craze|43:hide_craze
mobilenet_v3_small,brightness_severe,650_0,650,corrosion,3,0,True,1,False,False,17:corrosion|29:corrosion|43:corrosion
mobilenet_v3_small,brightness_severe,655_0,655,hide_craze,3,0,True,1,False,False,17:hide_craze|29:hide_craze|43:hide_craze
mobilenet_v3_small,brightness_severe,658_0,658,corrosion,0,0,False,2,True,False,17:hide_craze|29:hide_craze|43:craze
mobilenet_v3_small,brightness_severe,663_0,663,hide_craze,3,0,True,1,False,False,17:hide_craze|29:hide_craze|43:hide_craze
mobilenet_v3_small,brightness_severe,671_0,671,hide_craze,3,0,True,1,False,False,17:hide_craze|29:hide_craze|43:hide_craze
mobilenet_v3_small,brightness_severe,671_1,671,surface_injure,1,0,False,3,False,True,17:hide_craze|29:surface_injure|43:corrosion
mobilenet_v3_small,brightness_severe,677_0,677,hide_craze,3,0,True,1,False,False,17:hide_craze|29:hide_craze|43:hide_craze
mobilenet_v3_small,brightness_severe,686_0,686,thunderstrike,3,0,True,1,False,False,17:thunderstrike|29:thunderstrike|43:thunderstrike
mobilenet_v3_small,brightness_severe,689_0,689,surface_injure,3,0,True,1,False,False,17:surface_injure|29:surface_injure|43:surface_injure
mobilenet_v3_small,brightness_severe,689_1,689,surface_injure,3,0,True,1,False,False,17:surface_injure|29:surface_injure|43:surface_injure
mobilenet_v3_small,brightness_severe,689_2,689,surface_injure,3,0,True,1,False,False,17:surface_injure|29:surface_injure|43:surface_injure
mobilenet_v3_small,brightness_severe,689_3,689,surface_injure,3,0,True,1,False,False,17:surface_injure|29:surface_injure|43:surface_injure
mobilenet_v3_small,brightness_severe,696_0,696,hide_craze,3,0,True,1,False,False,17:hide_craze|29:hide_craze|43:hide_craze
mobilenet_v3_small,brightness_severe,696_1,696,hide_craze,3,0,True,1,False,False,17:hide_craze|29:hide_craze|43:hide_craze
mobilenet_v3_small,brightness_severe,699_0,699,thunderstrike,0,3,True,1,True,False,17:craze|29:craze|43:craze
mobilenet_v3_small,brightness_severe,701_0,701,craze,3,0,True,1,False,False,17:craze|29:craze|43:craze
mobilenet_v3_small,brightness_severe,704_0,704,corrosion,3,0,True,1,False,False,17:corrosion|29:corrosion|43:corrosion
mobilenet_v3_small,brightness_severe,721_0,721,hide_craze,2,1,False,2,False,False,17:hide_craze|29:surface_injure|43:hide_craze
mobilenet_v3_small,brightness_severe,824_0,824,craze,0,3,False,2,True,False,17:hide_craze|29:hide_craze|43:surface_injure
mobilenet_v3_small,brightness_severe,863_0,863,thunderstrike,2,1,False,2,False,False,17:thunderstrike|29:thunderstrike|43:surface_injure
mobilenet_v3_small,brightness_severe,864_0,864,surface_injure,2,1,False,2,False,False,17:surface_injure|29:hide_craze|43:surface_injure
mobilenet_v3_small,brightness_severe,875_0,875,hide_craze,3,0,True,1,False,False,17:hide_craze|29:hide_craze|43:hide_craze
mobilenet_v3_small,brightness_severe,875_1,875,hide_craze,3,0,True,1,False,False,17:hide_craze|29:hide_craze|43:hide_craze
mobilenet_v3_small,brightness_severe,1017_0,1017,hide_craze,3,0,True,1,False,False,17:hide_craze|29:hide_craze|43:hide_craze
mobilenet_v3_small,brightness_severe,1017_1,1017,hide_craze,3,0,True,1,False,False,17:hide_craze|29:hide_craze|43:hide_craze
mobilenet_v3_small,jpeg_mild,13_0,13,hide_craze,3,0,True,1,False,False,17:hide_craze|29:hide_craze|43:hide_craze
mobilenet_v3_small,jpeg_mild,13_1,13,hide_craze,3,0,True,1,False,False,17:hide_craze|29:hide_craze|43:hide_craze
mobilenet_v3_small,jpeg_mild,32_0,32,thunderstrike,3,0,True,1,False,False,17:thunderstrike|29:thunderstrike|43:thunderstrike
mobilenet_v3_small,jpeg_mild,32_1,32,thunderstrike,3,0,True,1,False,False,17:thunderstrike|29:thunderstrike|43:thunderstrike
mobilenet_v3_small,jpeg_mild,46_0,46,corrosion,3,0,True,1,False,False,17:corrosion|29:corrosion|43:corrosion
mobilenet_v3_small,jpeg_mild,46_1,46,corrosion,3,0,True,1,False,False,17:corrosion|29:corrosion|43:corrosion
mobilenet_v3_small,jpeg_mild,48_0,48,surface_injure,2,0,False,2,False,False,17:surface_injure|29:surface_injure|43:craze
mobilenet_v3_small,jpeg_mild,51_0,51,craze,0,0,True,1,True,False,17:corrosion|29:corrosion|43:corrosion
mobilenet_v3_small,jpeg_mild,51_1,51,craze,2,1,False,2,False,False,17:craze|29:craze|43:hide_craze
mobilenet_v3_small,jpeg_mild,54_0,54,hide_craze,0,3,True,1,True,False,17:corrosion|29:corrosion|43:corrosion
mobilenet_v3_small,jpeg_mild,54_1,54,hide_craze,1,2,False,2,False,True,17:corrosion|29:hide_craze|43:corrosion
mobilenet_v3_small,jpeg_mild,57_0,57,craze,0,0,True,1,True,False,17:corrosion|29:corrosion|43:corrosion
mobilenet_v3_small,jpeg_mild,57_1,57,surface_injure,2,0,False,2,False,False,17:corrosion|29:surface_injure|43:surface_injure
mobilenet_v3_small,jpeg_mild,61_0,61,craze,3,0,True,1,False,False,17:craze|29:craze|43:craze
mobilenet_v3_small,jpeg_mild,61_1,61,craze,3,0,True,1,False,False,17:craze|29:craze|43:craze
mobilenet_v3_small,jpeg_mild,61_2,61,craze,2,1,False,2,False,False,17:craze|29:craze|43:corrosion
mobilenet_v3_small,jpeg_mild,65_0,65,corrosion,3,0,True,1,False,False,17:corrosion|29:corrosion|43:corrosion
mobilenet_v3_small,jpeg_mild,67_0,67,hide_craze,3,0,True,1,False,False,17:hide_craze|29:hide_craze|43:hide_craze
mobilenet_v3_small,jpeg_mild,71_0,71,craze,3,0,True,1,False,False,17:craze|29:craze|43:craze
mobilenet_v3_small,jpeg_mild,73_0,73,craze,3,0,True,1,False,False,17:craze|29:craze|43:craze
mobilenet_v3_small,jpeg_mild,81_0,81,craze,3,0,True,1,False,False,17:craze|29:craze|43:craze
mobilenet_v3_small,jpeg_mild,81_1,81,craze,3,0,True,1,False,False,17:craze|29:craze|43:craze
mobilenet_v3_small,jpeg_mild,81_2,81,craze,3,0,True,1,False,False,17:craze|29:craze|43:craze
mobilenet_v3_small,jpeg_mild,88_0,88,crack,3,0,True,1,False,False,17:crack|29:crack|43:crack
mobilenet_v3_small,jpeg_mild,93_0,93,craze,3,0,True,1,False,False,17:craze|29:craze|43:craze
mobilenet_v3_small,jpeg_mild,103_0,103,craze,3,0,True,1,False,False,17:craze|29:craze|43:craze
mobilenet_v3_small,jpeg_mild,112_0,112,thunderstrike,2,1,False,2,False,False,17:thunderstrike|29:thunderstrike|43:surface_injure
mobilenet_v3_small,jpeg_mild,112_1,112,surface_injure,3,0,True,1,False,False,17:surface_injure|29:surface_injure|43:surface_injure
mobilenet_v3_small,jpeg_mild,142_0,142,surface_injure,0,0,False,2,True,False,17:hide_craze|29:hide_craze|43:corrosion
mobilenet_v3_small,jpeg_mild,146_0,146,hide_craze,3,0,True,1,False,False,17:hide_craze|29:hide_craze|43:hide_craze
mobilenet_v3_small,jpeg_mild,156_0,156,craze,3,0,True,1,False,False,17:craze|29:craze|43:craze
mobilenet_v3_small,jpeg_mild,161_0,161,corrosion,3,0,True,1,False,False,17:corrosion|29:corrosion|43:corrosion
mobilenet_v3_small,jpeg_mild,163_0,163,hide_craze,3,0,True,1,False,False,17:hide_craze|29:hide_craze|43:hide_craze
mobilenet_v3_small,jpeg_mild,166_0,166,craze,3,0,True,1,False,False,17:craze|29:craze|43:craze
mobilenet_v3_small,jpeg_mild,167_0,167,craze,3,0,True,1,False,False,17:craze|29:craze|43:craze
mobilenet_v3_small,jpeg_mild,167_1,167,craze,3,0,True,1,False,False,17:craze|29:craze|43:craze
mobilenet_v3_small,jpeg_mild,178_0,178,surface_injure,3,0,True,1,False,False,17:surface_injure|29:surface_injure|43:surface_injure
mobilenet_v3_small,jpeg_mild,178_1,178,surface_injure,3,0,True,1,False,False,17:surface_injure|29:surface_injure|43:surface_injure
mobilenet_v3_small,jpeg_mild,178_2,178,surface_injure,3,0,True,1,False,False,17:surface_injure|29:surface_injure|43:surface_injure
mobilenet_v3_small,jpeg_mild,198_0,198,craze,2,1,False,2,False,False,17:craze|29:surface_injure|43:craze
mobilenet_v3_small,jpeg_mild,198_1,198,hide_craze,3,0,True,1,False,False,17:hide_craze|29:hide_craze|43:hide_craze
mobilenet_v3_small,jpeg_mild,209_0,209,hide_craze,3,0,True,1,False,False,17:hide_craze|29:hide_craze|43:hide_craze
mobilenet_v3_small,jpeg_mild,214_0,214,craze,3,0,True,1,False,False,17:craze|29:craze|43:craze
mobilenet_v3_small,jpeg_mild,216_0,216,crack,3,0,True,1,False,False,17:crack|29:crack|43:crack
mobilenet_v3_small,jpeg_mild,217_0,217,surface_injure,3,0,True,1,False,False,17:surface_injure|29:surface_injure|43:surface_injure
mobilenet_v3_small,jpeg_mild,224_0,224,hide_craze,3,0,True,1,False,False,17:hide_craze|29:hide_craze|43:hide_craze
mobilenet_v3_small,jpeg_mild,228_0,228,hide_craze,1,0,False,3,False,True,17:craze|29:crack|43:hide_craze
mobilenet_v3_small,jpeg_mild,228_1,228,hide_craze,1,2,False,2,False,True,17:craze|29:hide_craze|43:craze
mobilenet_v3_small,jpeg_mild,234_0,234,surface_injure,3,0,True,1,False,False,17:surface_injure|29:surface_injure|43:surface_injure
mobilenet_v3_small,jpeg_mild,234_1,234,hide_craze,3,0,True,1,False,False,17:hide_craze|29:hide_craze|43:hide_craze
mobilenet_v3_small,jpeg_mild,234_2,234,hide_craze,3,0,True,1,False,False,17:hide_craze|29:hide_craze|43:hide_craze
mobilenet_v3_small,jpeg_mild,234_3,234,hide_craze,3,0,True,1,False,False,17:hide_craze|29:hide_craze|43:hide_craze
mobilenet_v3_small,jpeg_mild,234_4,234,hide_craze,3,0,True,1,False,False,17:hide_craze|29:hide_craze|43:hide_craze
mobilenet_v3_small,jpeg_mild,238_0,238,crack,3,0,True,1,False,False,17:crack|29:crack|43:crack
mobilenet_v3_small,jpeg_mild,238_1,238,crack,3,0,True,1,False,False,17:crack|29:crack|43:crack
mobilenet_v3_small,jpeg_mild,250_0,250,crack,3,0,True,1,False,False,17:crack|29:crack|43:crack
mobilenet_v3_small,jpeg_mild,252_0,252,crack,3,0,True,1,False,False,17:crack|29:crack|43:crack
mobilenet_v3_small,jpeg_mild,255_0,255,surface_injure,0,0,False,2,True,False,17:corrosion|29:hide_craze|43:corrosion
mobilenet_v3_small,jpeg_mild,255_1,255,surface_injure,3,0,True,1,False,False,17:surface_injure|29:surface_injure|43:surface_injure
mobilenet_v3_small,jpeg_mild,257_0,257,surface_injure,3,0,True,1,False,False,17:surface_injure|29:surface_injure|43:surface_injure
mobilenet_v3_small,jpeg_mild,257_1,257,surface_injure,3,0,True,1,False,False,17:surface_injure|29:surface_injure|43:surface_injure
mobilenet_v3_small,jpeg_mild,269_0,269,crack,3,0,True,1,False,False,17:crack|29:crack|43:crack
mobilenet_v3_small,jpeg_mild,273_0,273,thunderstrike,3,0,True,1,False,False,17:thunderstrike|29:thunderstrike|43:thunderstrike
mobilenet_v3_small,jpeg_mild,273_1,273,surface_injure,3,0,True,1,False,False,17:surface_injure|29:surface_injure|43:surface_injure
mobilenet_v3_small,jpeg_mild,276_0,276,hide_craze,0,2,True,1,True,False,17:corrosion|29:corrosion|43:corrosion
mobilenet_v3_small,jpeg_mild,276_1,276,hide_craze,2,0,False,2,False,False,17:hide_craze|29:corrosion|43:hide_craze
mobilenet_v3_small,jpeg_mild,284_0,284,hide_craze,3,0,True,1,False,False,17:hide_craze|29:hide_craze|43:hide_craze
mobilenet_v3_small,jpeg_mild,285_0,285,surface_injure,3,0,True,1,False,False,17:surface_injure|29:surface_injure|43:surface_injure
mobilenet_v3_small,jpeg_mild,285_1,285,surface_injure,3,0,True,1,False,False,17:surface_injure|29:surface_injure|43:surface_injure
mobilenet_v3_small,jpeg_mild,318_0,318,crack,3,0,True,1,False,False,17:crack|29:crack|43:crack
mobilenet_v3_small,jpeg_mild,322_0,322,corrosion,3,0,True,1,False,False,17:corrosion|29:corrosion|43:corrosion
mobilenet_v3_small,jpeg_mild,323_0,323,corrosion,0,0,False,2,True,False,17:surface_injure|29:hide_craze|43:surface_injure
mobilenet_v3_small,jpeg_mild,326_0,326,surface_injure,3,0,True,1,False,False,17:surface_injure|29:surface_injure|43:surface_injure
mobilenet_v3_small,jpeg_mild,326_1,326,craze,2,0,False,2,False,False,17:craze|29:craze|43:surface_injure
mobilenet_v3_small,jpeg_mild,332_0,332,surface_injure,0,3,False,2,True,False,17:hide_craze|29:corrosion|43:corrosion
mobilenet_v3_small,jpeg_mild,363_0,363,surface_injure,3,0,True,1,False,False,17:surface_injure|29:surface_injure|43:surface_injure
mobilenet_v3_small,jpeg_mild,370_0,370,corrosion,3,0,True,1,False,False,17:corrosion|29:corrosion|43:corrosion
mobilenet_v3_small,jpeg_mild,370_1,370,corrosion,3,0,True,1,False,False,17:corrosion|29:corrosion|43:corrosion
mobilenet_v3_small,jpeg_mild,370_2,370,corrosion,3,0,True,1,False,False,17:corrosion|29:corrosion|43:corrosion
mobilenet_v3_small,jpeg_mild,373_0,373,corrosion,3,0,True,1,False,False,17:corrosion|29:corrosion|43:corrosion
mobilenet_v3_small,jpeg_mild,379_0,379,hide_craze,3,0,True,1,False,False,17:hide_craze|29:hide_craze|43:hide_craze
mobilenet_v3_small,jpeg_mild,379_1,379,hide_craze,3,0,True,1,False,False,17:hide_craze|29:hide_craze|43:hide_craze
mobilenet_v3_small,jpeg_mild,388_0,388,hide_craze,3,0,True,1,False,False,17:hide_craze|29:hide_craze|43:hide_craze
mobilenet_v3_small,jpeg_mild,389_0,389,crack,3,0,True,1,False,False,17:crack|29:crack|43:crack
mobilenet_v3_small,jpeg_mild,390_0,390,corrosion,2,1,False,2,False,False,17:corrosion|29:corrosion|43:surface_injure
mobilenet_v3_small,jpeg_mild,394_0,394,crack,3,0,True,1,False,False,17:crack|29:crack|43:crack
mobilenet_v3_small,jpeg_mild,405_0,405,corrosion,3,0,True,1,False,False,17:corrosion|29:corrosion|43:corrosion
mobilenet_v3_small,jpeg_mild,407_0,407,surface_injure,3,0,True,1,False,False,17:surface_injure|29:surface_injure|43:surface_injure
mobilenet_v3_small,jpeg_mild,408_0,408,corrosion,3,0,True,1,False,False,17:corrosion|29:corrosion|43:corrosion
mobilenet_v3_small,jpeg_mild,408_1,408,corrosion,3,0,True,1,False,False,17:corrosion|29:corrosion|43:corrosion
mobilenet_v3_small,jpeg_mild,410_0,410,corrosion,2,0,False,2,False,False,17:corrosion|29:corrosion|43:craze
mobilenet_v3_small,jpeg_mild,410_1,410,corrosion,3,0,True,1,False,False,17:corrosion|29:corrosion|43:corrosion
mobilenet_v3_small,jpeg_mild,432_0,432,surface_injure,3,0,True,1,False,False,17:surface_injure|29:surface_injure|43:surface_injure
mobilenet_v3_small,jpeg_mild,438_0,438,hide_craze,3,0,True,1,False,False,17:hide_craze|29:hide_craze|43:hide_craze
mobilenet_v3_small,jpeg_mild,440_0,440,crack,3,0,True,1,False,False,17:crack|29:crack|43:crack
mobilenet_v3_small,jpeg_mild,447_0,447,crack,3,0,True,1,False,False,17:crack|29:crack|43:crack
mobilenet_v3_small,jpeg_mild,447_1,447,crack,3,0,True,1,False,False,17:crack|29:crack|43:crack
mobilenet_v3_small,jpeg_mild,451_0,451,corrosion,3,0,True,1,False,False,17:corrosion|29:corrosion|43:corrosion
mobilenet_v3_small,jpeg_mild,457_0,457,hide_craze,3,0,True,1,False,False,17:hide_craze|29:hide_craze|43:hide_craze
mobilenet_v3_small,jpeg_mild,457_1,457,hide_craze,2,1,False,2,False,False,17:hide_craze|29:thunderstrike|43:hide_craze
mobilenet_v3_small,jpeg_mild,457_2,457,hide_craze,2,1,False,2,False,False,17:hide_craze|29:thunderstrike|43:hide_craze
mobilenet_v3_small,jpeg_mild,464_0,464,craze,3,0,True,1,False,False,17:craze|29:craze|43:craze
mobilenet_v3_small,jpeg_mild,464_1,464,hide_craze,0,0,True,1,True,False,17:surface_injure|29:surface_injure|43:surface_injure
mobilenet_v3_small,jpeg_mild,469_0,469,craze,3,0,True,1,False,False,17:craze|29:craze|43:craze
mobilenet_v3_small,jpeg_mild,473_0,473,crack,3,0,True,1,False,False,17:crack|29:crack|43:crack
mobilenet_v3_small,jpeg_mild,476_0,476,surface_injure,3,0,True,1,False,False,17:surface_injure|29:surface_injure|43:surface_injure
mobilenet_v3_small,jpeg_mild,479_0,479,surface_injure,2,0,False,2,False,False,17:thunderstrike|29:surface_injure|43:surface_injure
mobilenet_v3_small,jpeg_mild,479_1,479,thunderstrike,3,0,True,1,False,False,17:thunderstrike|29:thunderstrike|43:thunderstrike
mobilenet_v3_small,jpeg_mild,501_0,501,corrosion,3,0,True,1,False,False,17:corrosion|29:corrosion|43:corrosion
mobilenet_v3_small,jpeg_mild,505_0,505,corrosion,3,0,True,1,False,False,17:corrosion|29:corrosion|43:corrosion
mobilenet_v3_small,jpeg_mild,511_0,511,hide_craze,2,1,False,2,False,False,17:hide_craze|29:craze|43:hide_craze
mobilenet_v3_small,jpeg_mild,511_1,511,hide_craze,3,0,True,1,False,False,17:hide_craze|29:hide_craze|43:hide_craze
mobilenet_v3_small,jpeg_mild,521_0,521,corrosion,1,0,False,2,False,True,17:hide_craze|29:hide_craze|43:corrosion
mobilenet_v3_small,jpeg_mild,521_1,521,corrosion,0,0,True,1,True,False,17:hide_craze|29:hide_craze|43:hide_craze
mobilenet_v3_small,jpeg_mild,541_0,541,hide_craze,3,0,True,1,False,False,17:hide_craze|29:hide_craze|43:hide_craze
mobilenet_v3_small,jpeg_mild,546_0,546,corrosion,0,0,True,1,True,False,17:surface_injure|29:surface_injure|43:surface_injure
mobilenet_v3_small,jpeg_mild,546_1,546,corrosion,0,0,True,1,True,False,17:hide_craze|29:hide_craze|43:hide_craze
mobilenet_v3_small,jpeg_mild,546_2,546,corrosion,2,0,False,2,False,False,17:hide_craze|29:corrosion|43:corrosion
mobilenet_v3_small,jpeg_mild,563_0,563,craze,3,0,True,1,False,False,17:craze|29:craze|43:craze
mobilenet_v3_small,jpeg_mild,566_0,566,corrosion,3,0,True,1,False,False,17:corrosion|29:corrosion|43:corrosion
mobilenet_v3_small,jpeg_mild,569_0,569,hide_craze,3,0,True,1,False,False,17:hide_craze|29:hide_craze|43:hide_craze
mobilenet_v3_small,jpeg_mild,574_0,574,craze,3,0,True,1,False,False,17:craze|29:craze|43:craze
mobilenet_v3_small,jpeg_mild,580_0,580,craze,3,0,True,1,False,False,17:craze|29:craze|43:craze
mobilenet_v3_small,jpeg_mild,591_0,591,thunderstrike,3,0,True,1,False,False,17:thunderstrike|29:thunderstrike|43:thunderstrike
mobilenet_v3_small,jpeg_mild,591_1,591,surface_injure,3,0,True,1,False,False,17:surface_injure|29:surface_injure|43:surface_injure
mobilenet_v3_small,jpeg_mild,591_2,591,surface_injure,3,0,True,1,False,False,17:surface_injure|29:surface_injure|43:surface_injure
mobilenet_v3_small,jpeg_mild,597_0,597,hide_craze,3,0,True,1,False,False,17:hide_craze|29:hide_craze|43:hide_craze
mobilenet_v3_small,jpeg_mild,598_0,598,corrosion,3,0,True,1,False,False,17:corrosion|29:corrosion|43:corrosion
mobilenet_v3_small,jpeg_mild,598_1,598,corrosion,3,0,True,1,False,False,17:corrosion|29:corrosion|43:corrosion
mobilenet_v3_small,jpeg_mild,600_0,600,hide_craze,3,0,True,1,False,False,17:hide_craze|29:hide_craze|43:hide_craze
mobilenet_v3_small,jpeg_mild,610_0,610,hide_craze,3,0,True,1,False,False,17:hide_craze|29:hide_craze|43:hide_craze
mobilenet_v3_small,jpeg_mild,623_0,623,hide_craze,3,0,True,1,False,False,17:hide_craze|29:hide_craze|43:hide_craze
mobilenet_v3_small,jpeg_mild,623_1,623,surface_injure,0,0,False,2,True,False,17:hide_craze|29:crack|43:crack
mobilenet_v3_small,jpeg_mild,633_0,633,hide_craze,3,0,True,1,False,False,17:hide_craze|29:hide_craze|43:hide_craze
mobilenet_v3_small,jpeg_mild,642_0,642,hide_craze,3,0,True,1,False,False,17:hide_craze|29:hide_craze|43:hide_craze
mobilenet_v3_small,jpeg_mild,642_1,642,surface_injure,3,0,True,1,False,False,17:surface_injure|29:surface_injure|43:surface_injure
mobilenet_v3_small,jpeg_mild,643_0,643,hide_craze,1,0,False,2,False,True,17:surface_injure|29:surface_injure|43:hide_craze
mobilenet_v3_small,jpeg_mild,650_0,650,corrosion,3,0,True,1,False,False,17:corrosion|29:corrosion|43:corrosion
mobilenet_v3_small,jpeg_mild,655_0,655,hide_craze,3,0,True,1,False,False,17:hide_craze|29:hide_craze|43:hide_craze
mobilenet_v3_small,jpeg_mild,658_0,658,corrosion,0,0,False,2,True,False,17:crack|29:crack|43:craze
mobilenet_v3_small,jpeg_mild,663_0,663,hide_craze,3,0,True,1,False,False,17:hide_craze|29:hide_craze|43:hide_craze
mobilenet_v3_small,jpeg_mild,671_0,671,hide_craze,3,0,True,1,False,False,17:hide_craze|29:hide_craze|43:hide_craze
mobilenet_v3_small,jpeg_mild,671_1,671,surface_injure,0,0,True,1,True,False,17:hide_craze|29:hide_craze|43:hide_craze
mobilenet_v3_small,jpeg_mild,677_0,677,hide_craze,3,0,True,1,False,False,17:hide_craze|29:hide_craze|43:hide_craze
mobilenet_v3_small,jpeg_mild,686_0,686,thunderstrike,3,0,True,1,False,False,17:thunderstrike|29:thunderstrike|43:thunderstrike
mobilenet_v3_small,jpeg_mild,689_0,689,surface_injure,3,0,True,1,False,False,17:surface_injure|29:surface_injure|43:surface_injure
mobilenet_v3_small,jpeg_mild,689_1,689,surface_injure,3,0,True,1,False,False,17:surface_injure|29:surface_injure|43:surface_injure
mobilenet_v3_small,jpeg_mild,689_2,689,surface_injure,3,0,True,1,False,False,17:surface_injure|29:surface_injure|43:surface_injure
mobilenet_v3_small,jpeg_mild,689_3,689,surface_injure,3,0,True,1,False,False,17:surface_injure|29:surface_injure|43:surface_injure
mobilenet_v3_small,jpeg_mild,696_0,696,hide_craze,3,0,True,1,False,False,17:hide_craze|29:hide_craze|43:hide_craze
mobilenet_v3_small,jpeg_mild,696_1,696,hide_craze,3,0,True,1,False,False,17:hide_craze|29:hide_craze|43:hide_craze
mobilenet_v3_small,jpeg_mild,699_0,699,thunderstrike,3,0,True,1,False,False,17:thunderstrike|29:thunderstrike|43:thunderstrike
mobilenet_v3_small,jpeg_mild,701_0,701,craze,3,0,True,1,False,False,17:craze|29:craze|43:craze
mobilenet_v3_small,jpeg_mild,704_0,704,corrosion,3,0,True,1,False,False,17:corrosion|29:corrosion|43:corrosion
mobilenet_v3_small,jpeg_mild,721_0,721,hide_craze,3,0,True,1,False,False,17:hide_craze|29:hide_craze|43:hide_craze
mobilenet_v3_small,jpeg_mild,824_0,824,craze,3,0,True,1,False,False,17:craze|29:craze|43:craze
mobilenet_v3_small,jpeg_mild,863_0,863,thunderstrike,3,0,True,1,False,False,17:thunderstrike|29:thunderstrike|43:thunderstrike
mobilenet_v3_small,jpeg_mild,864_0,864,surface_injure,3,0,True,1,False,False,17:surface_injure|29:surface_injure|43:surface_injure
mobilenet_v3_small,jpeg_mild,875_0,875,hide_craze,3,0,True,1,False,False,17:hide_craze|29:hide_craze|43:hide_craze
mobilenet_v3_small,jpeg_mild,875_1,875,hide_craze,3,0,True,1,False,False,17:hide_craze|29:hide_craze|43:hide_craze
mobilenet_v3_small,jpeg_mild,1017_0,1017,hide_craze,3,0,True,1,False,False,17:hide_craze|29:hide_craze|43:hide_craze
mobilenet_v3_small,jpeg_mild,1017_1,1017,hide_craze,3,0,True,1,False,False,17:hide_craze|29:hide_craze|43:hide_craze
mobilenet_v3_small,jpeg_moderate,13_0,13,hide_craze,3,0,True,1,False,False,17:hide_craze|29:hide_craze|43:hide_craze
mobilenet_v3_small,jpeg_moderate,13_1,13,hide_craze,3,0,True,1,False,False,17:hide_craze|29:hide_craze|43:hide_craze
mobilenet_v3_small,jpeg_moderate,32_0,32,thunderstrike,3,0,True,1,False,False,17:thunderstrike|29:thunderstrike|43:thunderstrike
mobilenet_v3_small,jpeg_moderate,32_1,32,thunderstrike,3,0,True,1,False,False,17:thunderstrike|29:thunderstrike|43:thunderstrike
mobilenet_v3_small,jpeg_moderate,46_0,46,corrosion,3,0,True,1,False,False,17:corrosion|29:corrosion|43:corrosion
mobilenet_v3_small,jpeg_moderate,46_1,46,corrosion,2,1,False,2,False,False,17:corrosion|29:corrosion|43:hide_craze
mobilenet_v3_small,jpeg_moderate,48_0,48,surface_injure,2,0,False,2,False,False,17:surface_injure|29:surface_injure|43:craze
mobilenet_v3_small,jpeg_moderate,51_0,51,craze,0,0,True,1,True,False,17:corrosion|29:corrosion|43:corrosion
mobilenet_v3_small,jpeg_moderate,51_1,51,craze,0,3,True,1,True,False,17:hide_craze|29:hide_craze|43:hide_craze
mobilenet_v3_small,jpeg_moderate,54_0,54,hide_craze,0,3,True,1,True,False,17:corrosion|29:corrosion|43:corrosion
mobilenet_v3_small,jpeg_moderate,54_1,54,hide_craze,0,3,True,1,True,False,17:corrosion|29:corrosion|43:corrosion
mobilenet_v3_small,jpeg_moderate,57_0,57,craze,0,0,True,1,True,False,17:corrosion|29:corrosion|43:corrosion
mobilenet_v3_small,jpeg_moderate,57_1,57,surface_injure,2,0,False,2,False,False,17:corrosion|29:surface_injure|43:surface_injure
mobilenet_v3_small,jpeg_moderate,61_0,61,craze,3,0,True,1,False,False,17:craze|29:craze|43:craze
mobilenet_v3_small,jpeg_moderate,61_1,61,craze,3,0,True,1,False,False,17:craze|29:craze|43:craze
mobilenet_v3_small,jpeg_moderate,61_2,61,craze,3,0,True,1,False,False,17:craze|29:craze|43:craze
mobilenet_v3_small,jpeg_moderate,65_0,65,corrosion,3,0,True,1,False,False,17:corrosion|29:corrosion|43:corrosion
mobilenet_v3_small,jpeg_moderate,67_0,67,hide_craze,3,0,True,1,False,False,17:hide_craze|29:hide_craze|43:hide_craze
mobilenet_v3_small,jpeg_moderate,71_0,71,craze,3,0,True,1,False,False,17:craze|29:craze|43:craze
mobilenet_v3_small,jpeg_moderate,73_0,73,craze,3,0,True,1,False,False,17:craze|29:craze|43:craze
mobilenet_v3_small,jpeg_moderate,81_0,81,craze,3,0,True,1,False,False,17:craze|29:craze|43:craze
mobilenet_v3_small,jpeg_moderate,81_1,81,craze,3,0,True,1,False,False,17:craze|29:craze|43:craze
mobilenet_v3_small,jpeg_moderate,81_2,81,craze,3,0,True,1,False,False,17:craze|29:craze|43:craze
mobilenet_v3_small,jpeg_moderate,88_0,88,crack,3,0,True,1,False,False,17:crack|29:crack|43:crack
mobilenet_v3_small,jpeg_moderate,93_0,93,craze,3,0,True,1,False,False,17:craze|29:craze|43:craze
mobilenet_v3_small,jpeg_moderate,103_0,103,craze,3,0,True,1,False,False,17:craze|29:craze|43:craze
mobilenet_v3_small,jpeg_moderate,112_0,112,thunderstrike,1,2,False,2,False,True,17:thunderstrike|29:surface_injure|43:surface_injure
mobilenet_v3_small,jpeg_moderate,112_1,112,surface_injure,3,0,True,1,False,False,17:surface_injure|29:surface_injure|43:surface_injure
mobilenet_v3_small,jpeg_moderate,142_0,142,surface_injure,0,0,False,2,True,False,17:hide_craze|29:hide_craze|43:corrosion
mobilenet_v3_small,jpeg_moderate,146_0,146,hide_craze,3,0,True,1,False,False,17:hide_craze|29:hide_craze|43:hide_craze
mobilenet_v3_small,jpeg_moderate,156_0,156,craze,3,0,True,1,False,False,17:craze|29:craze|43:craze
mobilenet_v3_small,jpeg_moderate,161_0,161,corrosion,3,0,True,1,False,False,17:corrosion|29:corrosion|43:corrosion
mobilenet_v3_small,jpeg_moderate,163_0,163,hide_craze,3,0,True,1,False,False,17:hide_craze|29:hide_craze|43:hide_craze
mobilenet_v3_small,jpeg_moderate,166_0,166,craze,3,0,True,1,False,False,17:craze|29:craze|43:craze
mobilenet_v3_small,jpeg_moderate,167_0,167,craze,3,0,True,1,False,False,17:craze|29:craze|43:craze
mobilenet_v3_small,jpeg_moderate,167_1,167,craze,3,0,True,1,False,False,17:craze|29:craze|43:craze
mobilenet_v3_small,jpeg_moderate,178_0,178,surface_injure,3,0,True,1,False,False,17:surface_injure|29:surface_injure|43:surface_injure
mobilenet_v3_small,jpeg_moderate,178_1,178,surface_injure,3,0,True,1,False,False,17:surface_injure|29:surface_injure|43:surface_injure
mobilenet_v3_small,jpeg_moderate,178_2,178,surface_injure,3,0,True,1,False,False,17:surface_injure|29:surface_injure|43:surface_injure
mobilenet_v3_small,jpeg_moderate,198_0,198,craze,2,1,False,2,False,False,17:craze|29:surface_injure|43:craze
mobilenet_v3_small,jpeg_moderate,198_1,198,hide_craze,3,0,True,1,False,False,17:hide_craze|29:hide_craze|43:hide_craze
mobilenet_v3_small,jpeg_moderate,209_0,209,hide_craze,2,1,False,2,False,False,17:hide_craze|29:surface_injure|43:hide_craze
mobilenet_v3_small,jpeg_moderate,214_0,214,craze,3,0,True,1,False,False,17:craze|29:craze|43:craze
mobilenet_v3_small,jpeg_moderate,216_0,216,crack,3,0,True,1,False,False,17:crack|29:crack|43:crack
mobilenet_v3_small,jpeg_moderate,217_0,217,surface_injure,3,0,True,1,False,False,17:surface_injure|29:surface_injure|43:surface_injure
mobilenet_v3_small,jpeg_moderate,224_0,224,hide_craze,3,0,True,1,False,False,17:hide_craze|29:hide_craze|43:hide_craze
mobilenet_v3_small,jpeg_moderate,228_0,228,hide_craze,0,1,True,1,True,False,17:crack|29:crack|43:crack
mobilenet_v3_small,jpeg_moderate,228_1,228,hide_craze,3,0,True,1,False,False,17:hide_craze|29:hide_craze|43:hide_craze
mobilenet_v3_small,jpeg_moderate,234_0,234,surface_injure,3,0,True,1,False,False,17:surface_injure|29:surface_injure|43:surface_injure
mobilenet_v3_small,jpeg_moderate,234_1,234,hide_craze,3,0,True,1,False,False,17:hide_craze|29:hide_craze|43:hide_craze
mobilenet_v3_small,jpeg_moderate,234_2,234,hide_craze,3,0,True,1,False,False,17:hide_craze|29:hide_craze|43:hide_craze
mobilenet_v3_small,jpeg_moderate,234_3,234,hide_craze,3,0,True,1,False,False,17:hide_craze|29:hide_craze|43:hide_craze
mobilenet_v3_small,jpeg_moderate,234_4,234,hide_craze,3,0,True,1,False,False,17:hide_craze|29:hide_craze|43:hide_craze
mobilenet_v3_small,jpeg_moderate,238_0,238,crack,3,0,True,1,False,False,17:crack|29:crack|43:crack
mobilenet_v3_small,jpeg_moderate,238_1,238,crack,3,0,True,1,False,False,17:crack|29:crack|43:crack
mobilenet_v3_small,jpeg_moderate,250_0,250,crack,3,0,True,1,False,False,17:crack|29:crack|43:crack
mobilenet_v3_small,jpeg_moderate,252_0,252,crack,3,0,True,1,False,False,17:crack|29:crack|43:crack
mobilenet_v3_small,jpeg_moderate,255_0,255,surface_injure,1,0,False,3,False,True,17:surface_injure|29:hide_craze|43:corrosion
mobilenet_v3_small,jpeg_moderate,255_1,255,surface_injure,3,0,True,1,False,False,17:surface_injure|29:surface_injure|43:surface_injure
mobilenet_v3_small,jpeg_moderate,257_0,257,surface_injure,2,1,False,2,False,False,17:surface_injure|29:surface_injure|43:corrosion
mobilenet_v3_small,jpeg_moderate,257_1,257,surface_injure,3,0,True,1,False,False,17:surface_injure|29:surface_injure|43:surface_injure
mobilenet_v3_small,jpeg_moderate,269_0,269,crack,3,0,True,1,False,False,17:crack|29:crack|43:crack
mobilenet_v3_small,jpeg_moderate,273_0,273,thunderstrike,3,0,True,1,False,False,17:thunderstrike|29:thunderstrike|43:thunderstrike
mobilenet_v3_small,jpeg_moderate,273_1,273,surface_injure,3,0,True,1,False,False,17:surface_injure|29:surface_injure|43:surface_injure
mobilenet_v3_small,jpeg_moderate,276_0,276,hide_craze,0,2,True,1,True,False,17:corrosion|29:corrosion|43:corrosion
mobilenet_v3_small,jpeg_moderate,276_1,276,hide_craze,2,0,False,2,False,False,17:hide_craze|29:corrosion|43:hide_craze
mobilenet_v3_small,jpeg_moderate,284_0,284,hide_craze,3,0,True,1,False,False,17:hide_craze|29:hide_craze|43:hide_craze
mobilenet_v3_small,jpeg_moderate,285_0,285,surface_injure,3,0,True,1,False,False,17:surface_injure|29:surface_injure|43:surface_injure
mobilenet_v3_small,jpeg_moderate,285_1,285,surface_injure,3,0,True,1,False,False,17:surface_injure|29:surface_injure|43:surface_injure
mobilenet_v3_small,jpeg_moderate,318_0,318,crack,3,0,True,1,False,False,17:crack|29:crack|43:crack
mobilenet_v3_small,jpeg_moderate,322_0,322,corrosion,3,0,True,1,False,False,17:corrosion|29:corrosion|43:corrosion
mobilenet_v3_small,jpeg_moderate,323_0,323,corrosion,0,0,False,2,True,False,17:surface_injure|29:hide_craze|43:surface_injure
mobilenet_v3_small,jpeg_moderate,326_0,326,surface_injure,3,0,True,1,False,False,17:surface_injure|29:surface_injure|43:surface_injure
mobilenet_v3_small,jpeg_moderate,326_1,326,craze,0,2,False,2,True,False,17:corrosion|29:surface_injure|43:surface_injure
mobilenet_v3_small,jpeg_moderate,332_0,332,surface_injure,0,3,False,2,True,False,17:hide_craze|29:hide_craze|43:craze
mobilenet_v3_small,jpeg_moderate,363_0,363,surface_injure,3,0,True,1,False,False,17:surface_injure|29:surface_injure|43:surface_injure
mobilenet_v3_small,jpeg_moderate,370_0,370,corrosion,3,0,True,1,False,False,17:corrosion|29:corrosion|43:corrosion
mobilenet_v3_small,jpeg_moderate,370_1,370,corrosion,3,0,True,1,False,False,17:corrosion|29:corrosion|43:corrosion
mobilenet_v3_small,jpeg_moderate,370_2,370,corrosion,3,0,True,1,False,False,17:corrosion|29:corrosion|43:corrosion
mobilenet_v3_small,jpeg_moderate,373_0,373,corrosion,3,0,True,1,False,False,17:corrosion|29:corrosion|43:corrosion
mobilenet_v3_small,jpeg_moderate,379_0,379,hide_craze,3,0,True,1,False,False,17:hide_craze|29:hide_craze|43:hide_craze
mobilenet_v3_small,jpeg_moderate,379_1,379,hide_craze,3,0,True,1,False,False,17:hide_craze|29:hide_craze|43:hide_craze
mobilenet_v3_small,jpeg_moderate,388_0,388,hide_craze,3,0,True,1,False,False,17:hide_craze|29:hide_craze|43:hide_craze
mobilenet_v3_small,jpeg_moderate,389_0,389,crack,3,0,True,1,False,False,17:crack|29:crack|43:crack
mobilenet_v3_small,jpeg_moderate,390_0,390,corrosion,3,0,True,1,False,False,17:corrosion|29:corrosion|43:corrosion
mobilenet_v3_small,jpeg_moderate,394_0,394,crack,3,0,True,1,False,False,17:crack|29:crack|43:crack
mobilenet_v3_small,jpeg_moderate,405_0,405,corrosion,3,0,True,1,False,False,17:corrosion|29:corrosion|43:corrosion
mobilenet_v3_small,jpeg_moderate,407_0,407,surface_injure,3,0,True,1,False,False,17:surface_injure|29:surface_injure|43:surface_injure
mobilenet_v3_small,jpeg_moderate,408_0,408,corrosion,2,1,False,2,False,False,17:corrosion|29:craze|43:corrosion
mobilenet_v3_small,jpeg_moderate,408_1,408,corrosion,3,0,True,1,False,False,17:corrosion|29:corrosion|43:corrosion
mobilenet_v3_small,jpeg_moderate,410_0,410,corrosion,2,0,False,2,False,False,17:corrosion|29:corrosion|43:craze
mobilenet_v3_small,jpeg_moderate,410_1,410,corrosion,2,0,False,2,False,False,17:corrosion|29:corrosion|43:craze
mobilenet_v3_small,jpeg_moderate,432_0,432,surface_injure,3,0,True,1,False,False,17:surface_injure|29:surface_injure|43:surface_injure
mobilenet_v3_small,jpeg_moderate,438_0,438,hide_craze,3,0,True,1,False,False,17:hide_craze|29:hide_craze|43:hide_craze
mobilenet_v3_small,jpeg_moderate,440_0,440,crack,3,0,True,1,False,False,17:crack|29:crack|43:crack
mobilenet_v3_small,jpeg_moderate,447_0,447,crack,3,0,True,1,False,False,17:crack|29:crack|43:crack
mobilenet_v3_small,jpeg_moderate,447_1,447,crack,3,0,True,1,False,False,17:crack|29:crack|43:crack
mobilenet_v3_small,jpeg_moderate,451_0,451,corrosion,3,0,True,1,False,False,17:corrosion|29:corrosion|43:corrosion
mobilenet_v3_small,jpeg_moderate,457_0,457,hide_craze,3,0,True,1,False,False,17:hide_craze|29:hide_craze|43:hide_craze
mobilenet_v3_small,jpeg_moderate,457_1,457,hide_craze,2,1,False,2,False,False,17:hide_craze|29:surface_injure|43:hide_craze
mobilenet_v3_small,jpeg_moderate,457_2,457,hide_craze,3,0,True,1,False,False,17:hide_craze|29:hide_craze|43:hide_craze
mobilenet_v3_small,jpeg_moderate,464_0,464,craze,3,0,True,1,False,False,17:craze|29:craze|43:craze
mobilenet_v3_small,jpeg_moderate,464_1,464,hide_craze,0,0,True,1,True,False,17:surface_injure|29:surface_injure|43:surface_injure
mobilenet_v3_small,jpeg_moderate,469_0,469,craze,3,0,True,1,False,False,17:craze|29:craze|43:craze
mobilenet_v3_small,jpeg_moderate,473_0,473,crack,3,0,True,1,False,False,17:crack|29:crack|43:crack
mobilenet_v3_small,jpeg_moderate,476_0,476,surface_injure,1,2,False,2,False,True,17:surface_injure|29:hide_craze|43:hide_craze
mobilenet_v3_small,jpeg_moderate,479_0,479,surface_injure,1,0,False,2,False,True,17:thunderstrike|29:surface_injure|43:thunderstrike
mobilenet_v3_small,jpeg_moderate,479_1,479,thunderstrike,3,0,True,1,False,False,17:thunderstrike|29:thunderstrike|43:thunderstrike
mobilenet_v3_small,jpeg_moderate,501_0,501,corrosion,3,0,True,1,False,False,17:corrosion|29:corrosion|43:corrosion
mobilenet_v3_small,jpeg_moderate,505_0,505,corrosion,3,0,True,1,False,False,17:corrosion|29:corrosion|43:corrosion
mobilenet_v3_small,jpeg_moderate,511_0,511,hide_craze,1,2,False,3,False,True,17:crack|29:craze|43:hide_craze
mobilenet_v3_small,jpeg_moderate,511_1,511,hide_craze,3,0,True,1,False,False,17:hide_craze|29:hide_craze|43:hide_craze
mobilenet_v3_small,jpeg_moderate,521_0,521,corrosion,1,0,False,2,False,True,17:hide_craze|29:hide_craze|43:corrosion
mobilenet_v3_small,jpeg_moderate,521_1,521,corrosion,0,0,True,1,True,False,17:hide_craze|29:hide_craze|43:hide_craze
mobilenet_v3_small,jpeg_moderate,541_0,541,hide_craze,3,0,True,1,False,False,17:hide_craze|29:hide_craze|43:hide_craze
mobilenet_v3_small,jpeg_moderate,546_0,546,corrosion,2,0,False,2,False,False,17:surface_injure|29:corrosion|43:corrosion
mobilenet_v3_small,jpeg_moderate,546_1,546,corrosion,0,0,True,1,True,False,17:hide_craze|29:hide_craze|43:hide_craze
mobilenet_v3_small,jpeg_moderate,546_2,546,corrosion,2,0,False,2,False,False,17:hide_craze|29:corrosion|43:corrosion
mobilenet_v3_small,jpeg_moderate,563_0,563,craze,3,0,True,1,False,False,17:craze|29:craze|43:craze
mobilenet_v3_small,jpeg_moderate,566_0,566,corrosion,3,0,True,1,False,False,17:corrosion|29:corrosion|43:corrosion
mobilenet_v3_small,jpeg_moderate,569_0,569,hide_craze,3,0,True,1,False,False,17:hide_craze|29:hide_craze|43:hide_craze
mobilenet_v3_small,jpeg_moderate,574_0,574,craze,3,0,True,1,False,False,17:craze|29:craze|43:craze
mobilenet_v3_small,jpeg_moderate,580_0,580,craze,3,0,True,1,False,False,17:craze|29:craze|43:craze
mobilenet_v3_small,jpeg_moderate,591_0,591,thunderstrike,3,0,True,1,False,False,17:thunderstrike|29:thunderstrike|43:thunderstrike
mobilenet_v3_small,jpeg_moderate,591_1,591,surface_injure,3,0,True,1,False,False,17:surface_injure|29:surface_injure|43:surface_injure
mobilenet_v3_small,jpeg_moderate,591_2,591,surface_injure,3,0,True,1,False,False,17:surface_injure|29:surface_injure|43:surface_injure
mobilenet_v3_small,jpeg_moderate,597_0,597,hide_craze,3,0,True,1,False,False,17:hide_craze|29:hide_craze|43:hide_craze
mobilenet_v3_small,jpeg_moderate,598_0,598,corrosion,3,0,True,1,False,False,17:corrosion|29:corrosion|43:corrosion
mobilenet_v3_small,jpeg_moderate,598_1,598,corrosion,3,0,True,1,False,False,17:corrosion|29:corrosion|43:corrosion
mobilenet_v3_small,jpeg_moderate,600_0,600,hide_craze,3,0,True,1,False,False,17:hide_craze|29:hide_craze|43:hide_craze
mobilenet_v3_small,jpeg_moderate,610_0,610,hide_craze,3,0,True,1,False,False,17:hide_craze|29:hide_craze|43:hide_craze
mobilenet_v3_small,jpeg_moderate,623_0,623,hide_craze,3,0,True,1,False,False,17:hide_craze|29:hide_craze|43:hide_craze
mobilenet_v3_small,jpeg_moderate,623_1,623,surface_injure,0,0,False,2,True,False,17:hide_craze|29:crack|43:crack
mobilenet_v3_small,jpeg_moderate,633_0,633,hide_craze,3,0,True,1,False,False,17:hide_craze|29:hide_craze|43:hide_craze
mobilenet_v3_small,jpeg_moderate,642_0,642,hide_craze,3,0,True,1,False,False,17:hide_craze|29:hide_craze|43:hide_craze
mobilenet_v3_small,jpeg_moderate,642_1,642,surface_injure,3,0,True,1,False,False,17:surface_injure|29:surface_injure|43:surface_injure
mobilenet_v3_small,jpeg_moderate,643_0,643,hide_craze,2,0,False,2,False,False,17:hide_craze|29:surface_injure|43:hide_craze
mobilenet_v3_small,jpeg_moderate,650_0,650,corrosion,3,0,True,1,False,False,17:corrosion|29:corrosion|43:corrosion
mobilenet_v3_small,jpeg_moderate,655_0,655,hide_craze,3,0,True,1,False,False,17:hide_craze|29:hide_craze|43:hide_craze
mobilenet_v3_small,jpeg_moderate,658_0,658,corrosion,0,0,False,2,True,False,17:crack|29:crack|43:craze
mobilenet_v3_small,jpeg_moderate,663_0,663,hide_craze,3,0,True,1,False,False,17:hide_craze|29:hide_craze|43:hide_craze
mobilenet_v3_small,jpeg_moderate,671_0,671,hide_craze,3,0,True,1,False,False,17:hide_craze|29:hide_craze|43:hide_craze
mobilenet_v3_small,jpeg_moderate,671_1,671,surface_injure,0,0,True,1,True,False,17:hide_craze|29:hide_craze|43:hide_craze
mobilenet_v3_small,jpeg_moderate,677_0,677,hide_craze,3,0,True,1,False,False,17:hide_craze|29:hide_craze|43:hide_craze
mobilenet_v3_small,jpeg_moderate,686_0,686,thunderstrike,3,0,True,1,False,False,17:thunderstrike|29:thunderstrike|43:thunderstrike
mobilenet_v3_small,jpeg_moderate,689_0,689,surface_injure,3,0,True,1,False,False,17:surface_injure|29:surface_injure|43:surface_injure
mobilenet_v3_small,jpeg_moderate,689_1,689,surface_injure,3,0,True,1,False,False,17:surface_injure|29:surface_injure|43:surface_injure
mobilenet_v3_small,jpeg_moderate,689_2,689,surface_injure,3,0,True,1,False,False,17:surface_injure|29:surface_injure|43:surface_injure
mobilenet_v3_small,jpeg_moderate,689_3,689,surface_injure,3,0,True,1,False,False,17:surface_injure|29:surface_injure|43:surface_injure
mobilenet_v3_small,jpeg_moderate,696_0,696,hide_craze,3,0,True,1,False,False,17:hide_craze|29:hide_craze|43:hide_craze
mobilenet_v3_small,jpeg_moderate,696_1,696,hide_craze,3,0,True,1,False,False,17:hide_craze|29:hide_craze|43:hide_craze
mobilenet_v3_small,jpeg_moderate,699_0,699,thunderstrike,3,0,True,1,False,False,17:thunderstrike|29:thunderstrike|43:thunderstrike
mobilenet_v3_small,jpeg_moderate,701_0,701,craze,3,0,True,1,False,False,17:craze|29:craze|43:craze
mobilenet_v3_small,jpeg_moderate,704_0,704,corrosion,2,1,False,2,False,False,17:hide_craze|29:corrosion|43:corrosion
mobilenet_v3_small,jpeg_moderate,721_0,721,hide_craze,3,0,True,1,False,False,17:hide_craze|29:hide_craze|43:hide_craze
mobilenet_v3_small,jpeg_moderate,824_0,824,craze,3,0,True,1,False,False,17:craze|29:craze|43:craze
mobilenet_v3_small,jpeg_moderate,863_0,863,thunderstrike,3,0,True,1,False,False,17:thunderstrike|29:thunderstrike|43:thunderstrike
mobilenet_v3_small,jpeg_moderate,864_0,864,surface_injure,3,0,True,1,False,False,17:surface_injure|29:surface_injure|43:surface_injure
mobilenet_v3_small,jpeg_moderate,875_0,875,hide_craze,3,0,True,1,False,False,17:hide_craze|29:hide_craze|43:hide_craze
mobilenet_v3_small,jpeg_moderate,875_1,875,hide_craze,3,0,True,1,False,False,17:hide_craze|29:hide_craze|43:hide_craze
mobilenet_v3_small,jpeg_moderate,1017_0,1017,hide_craze,3,0,True,1,False,False,17:hide_craze|29:hide_craze|43:hide_craze
mobilenet_v3_small,jpeg_moderate,1017_1,1017,hide_craze,3,0,True,1,False,False,17:hide_craze|29:hide_craze|43:hide_craze
mobilenet_v3_small,jpeg_severe,13_0,13,hide_craze,3,0,True,1,False,False,17:hide_craze|29:hide_craze|43:hide_craze
mobilenet_v3_small,jpeg_severe,13_1,13,hide_craze,3,0,True,1,False,False,17:hide_craze|29:hide_craze|43:hide_craze
mobilenet_v3_small,jpeg_severe,32_0,32,thunderstrike,3,0,True,1,False,False,17:thunderstrike|29:thunderstrike|43:thunderstrike
mobilenet_v3_small,jpeg_severe,32_1,32,thunderstrike,3,0,True,1,False,False,17:thunderstrike|29:thunderstrike|43:thunderstrike
mobilenet_v3_small,jpeg_severe,46_0,46,corrosion,1,2,False,3,False,True,17:corrosion|29:surface_injure|43:hide_craze
mobilenet_v3_small,jpeg_severe,46_1,46,corrosion,2,1,False,2,False,False,17:corrosion|29:corrosion|43:hide_craze
mobilenet_v3_small,jpeg_severe,48_0,48,surface_injure,2,0,False,2,False,False,17:surface_injure|29:surface_injure|43:craze
mobilenet_v3_small,jpeg_severe,51_0,51,craze,0,0,True,1,True,False,17:corrosion|29:corrosion|43:corrosion
mobilenet_v3_small,jpeg_severe,51_1,51,craze,0,3,True,1,True,False,17:hide_craze|29:hide_craze|43:hide_craze
mobilenet_v3_small,jpeg_severe,54_0,54,hide_craze,0,3,True,1,True,False,17:corrosion|29:corrosion|43:corrosion
mobilenet_v3_small,jpeg_severe,54_1,54,hide_craze,1,2,False,2,False,True,17:hide_craze|29:corrosion|43:corrosion
mobilenet_v3_small,jpeg_severe,57_0,57,craze,0,0,False,2,True,False,17:corrosion|29:corrosion|43:surface_injure
mobilenet_v3_small,jpeg_severe,57_1,57,surface_injure,3,0,True,1,False,False,17:surface_injure|29:surface_injure|43:surface_injure
mobilenet_v3_small,jpeg_severe,61_0,61,craze,3,0,True,1,False,False,17:craze|29:craze|43:craze
mobilenet_v3_small,jpeg_severe,61_1,61,craze,3,0,True,1,False,False,17:craze|29:craze|43:craze
mobilenet_v3_small,jpeg_severe,61_2,61,craze,1,2,False,3,False,True,17:craze|29:corrosion|43:surface_injure
mobilenet_v3_small,jpeg_severe,65_0,65,corrosion,3,0,True,1,False,False,17:corrosion|29:corrosion|43:corrosion
mobilenet_v3_small,jpeg_severe,67_0,67,hide_craze,3,0,True,1,False,False,17:hide_craze|29:hide_craze|43:hide_craze
mobilenet_v3_small,jpeg_severe,71_0,71,craze,3,0,True,1,False,False,17:craze|29:craze|43:craze
mobilenet_v3_small,jpeg_severe,73_0,73,craze,3,0,True,1,False,False,17:craze|29:craze|43:craze
mobilenet_v3_small,jpeg_severe,81_0,81,craze,3,0,True,1,False,False,17:craze|29:craze|43:craze
mobilenet_v3_small,jpeg_severe,81_1,81,craze,3,0,True,1,False,False,17:craze|29:craze|43:craze
mobilenet_v3_small,jpeg_severe,81_2,81,craze,3,0,True,1,False,False,17:craze|29:craze|43:craze
mobilenet_v3_small,jpeg_severe,88_0,88,crack,3,0,True,1,False,False,17:crack|29:crack|43:crack
mobilenet_v3_small,jpeg_severe,93_0,93,craze,3,0,True,1,False,False,17:craze|29:craze|43:craze
mobilenet_v3_small,jpeg_severe,103_0,103,craze,3,0,True,1,False,False,17:craze|29:craze|43:craze
mobilenet_v3_small,jpeg_severe,112_0,112,thunderstrike,0,3,True,1,True,False,17:surface_injure|29:surface_injure|43:surface_injure
mobilenet_v3_small,jpeg_severe,112_1,112,surface_injure,3,0,True,1,False,False,17:surface_injure|29:surface_injure|43:surface_injure
mobilenet_v3_small,jpeg_severe,142_0,142,surface_injure,0,0,True,1,True,False,17:corrosion|29:corrosion|43:corrosion
mobilenet_v3_small,jpeg_severe,146_0,146,hide_craze,3,0,True,1,False,False,17:hide_craze|29:hide_craze|43:hide_craze
mobilenet_v3_small,jpeg_severe,156_0,156,craze,3,0,True,1,False,False,17:craze|29:craze|43:craze
mobilenet_v3_small,jpeg_severe,161_0,161,corrosion,3,0,True,1,False,False,17:corrosion|29:corrosion|43:corrosion
mobilenet_v3_small,jpeg_severe,163_0,163,hide_craze,3,0,True,1,False,False,17:hide_craze|29:hide_craze|43:hide_craze
mobilenet_v3_small,jpeg_severe,166_0,166,craze,3,0,True,1,False,False,17:craze|29:craze|43:craze
mobilenet_v3_small,jpeg_severe,167_0,167,craze,3,0,True,1,False,False,17:craze|29:craze|43:craze
mobilenet_v3_small,jpeg_severe,167_1,167,craze,1,2,False,2,False,True,17:hide_craze|29:hide_craze|43:craze
mobilenet_v3_small,jpeg_severe,178_0,178,surface_injure,3,0,True,1,False,False,17:surface_injure|29:surface_injure|43:surface_injure
mobilenet_v3_small,jpeg_severe,178_1,178,surface_injure,3,0,True,1,False,False,17:surface_injure|29:surface_injure|43:surface_injure
mobilenet_v3_small,jpeg_severe,178_2,178,surface_injure,3,0,True,1,False,False,17:surface_injure|29:surface_injure|43:surface_injure
mobilenet_v3_small,jpeg_severe,198_0,198,craze,2,1,False,2,False,False,17:craze|29:surface_injure|43:craze
mobilenet_v3_small,jpeg_severe,198_1,198,hide_craze,3,0,True,1,False,False,17:hide_craze|29:hide_craze|43:hide_craze
mobilenet_v3_small,jpeg_severe,209_0,209,hide_craze,2,1,False,2,False,False,17:hide_craze|29:surface_injure|43:hide_craze
mobilenet_v3_small,jpeg_severe,214_0,214,craze,3,0,True,1,False,False,17:craze|29:craze|43:craze
mobilenet_v3_small,jpeg_severe,216_0,216,crack,3,0,True,1,False,False,17:crack|29:crack|43:crack
mobilenet_v3_small,jpeg_severe,217_0,217,surface_injure,3,0,True,1,False,False,17:surface_injure|29:surface_injure|43:surface_injure
mobilenet_v3_small,jpeg_severe,224_0,224,hide_craze,3,0,True,1,False,False,17:hide_craze|29:hide_craze|43:hide_craze
mobilenet_v3_small,jpeg_severe,228_0,228,hide_craze,0,1,True,1,True,False,17:crack|29:crack|43:crack
mobilenet_v3_small,jpeg_severe,228_1,228,hide_craze,3,0,True,1,False,False,17:hide_craze|29:hide_craze|43:hide_craze
mobilenet_v3_small,jpeg_severe,234_0,234,surface_injure,2,1,False,2,False,False,17:hide_craze|29:surface_injure|43:surface_injure
mobilenet_v3_small,jpeg_severe,234_1,234,hide_craze,3,0,True,1,False,False,17:hide_craze|29:hide_craze|43:hide_craze
mobilenet_v3_small,jpeg_severe,234_2,234,hide_craze,3,0,True,1,False,False,17:hide_craze|29:hide_craze|43:hide_craze
mobilenet_v3_small,jpeg_severe,234_3,234,hide_craze,3,0,True,1,False,False,17:hide_craze|29:hide_craze|43:hide_craze
mobilenet_v3_small,jpeg_severe,234_4,234,hide_craze,3,0,True,1,False,False,17:hide_craze|29:hide_craze|43:hide_craze
mobilenet_v3_small,jpeg_severe,238_0,238,crack,0,3,False,2,True,False,17:surface_injure|29:thunderstrike|43:surface_injure
mobilenet_v3_small,jpeg_severe,238_1,238,crack,3,0,True,1,False,False,17:crack|29:crack|43:crack
mobilenet_v3_small,jpeg_severe,250_0,250,crack,3,0,True,1,False,False,17:crack|29:crack|43:crack
mobilenet_v3_small,jpeg_severe,252_0,252,crack,2,1,False,2,False,False,17:crack|29:craze|43:crack
mobilenet_v3_small,jpeg_severe,255_0,255,surface_injure,1,0,False,3,False,True,17:surface_injure|29:hide_craze|43:corrosion
mobilenet_v3_small,jpeg_severe,255_1,255,surface_injure,3,0,True,1,False,False,17:surface_injure|29:surface_injure|43:surface_injure
mobilenet_v3_small,jpeg_severe,257_0,257,surface_injure,3,0,True,1,False,False,17:surface_injure|29:surface_injure|43:surface_injure
mobilenet_v3_small,jpeg_severe,257_1,257,surface_injure,2,1,False,2,False,False,17:surface_injure|29:surface_injure|43:hide_craze
mobilenet_v3_small,jpeg_severe,269_0,269,crack,3,0,True,1,False,False,17:crack|29:crack|43:crack
mobilenet_v3_small,jpeg_severe,273_0,273,thunderstrike,3,0,True,1,False,False,17:thunderstrike|29:thunderstrike|43:thunderstrike
mobilenet_v3_small,jpeg_severe,273_1,273,surface_injure,3,0,True,1,False,False,17:surface_injure|29:surface_injure|43:surface_injure
mobilenet_v3_small,jpeg_severe,276_0,276,hide_craze,1,1,False,2,False,True,17:hide_craze|29:corrosion|43:corrosion
mobilenet_v3_small,jpeg_severe,276_1,276,hide_craze,3,0,True,1,False,False,17:hide_craze|29:hide_craze|43:hide_craze
mobilenet_v3_small,jpeg_severe,284_0,284,hide_craze,3,0,True,1,False,False,17:hide_craze|29:hide_craze|43:hide_craze
mobilenet_v3_small,jpeg_severe,285_0,285,surface_injure,3,0,True,1,False,False,17:surface_injure|29:surface_injure|43:surface_injure
mobilenet_v3_small,jpeg_severe,285_1,285,surface_injure,3,0,True,1,False,False,17:surface_injure|29:surface_injure|43:surface_injure
mobilenet_v3_small,jpeg_severe,318_0,318,crack,3,0,True,1,False,False,17:crack|29:crack|43:crack
mobilenet_v3_small,jpeg_severe,322_0,322,corrosion,3,0,True,1,False,False,17:corrosion|29:corrosion|43:corrosion
mobilenet_v3_small,jpeg_severe,323_0,323,corrosion,0,0,False,2,True,False,17:surface_injure|29:hide_craze|43:surface_injure
mobilenet_v3_small,jpeg_severe,326_0,326,surface_injure,3,0,True,1,False,False,17:surface_injure|29:surface_injure|43:surface_injure
mobilenet_v3_small,jpeg_severe,326_1,326,craze,0,2,False,2,True,False,17:hide_craze|29:surface_injure|43:surface_injure
mobilenet_v3_small,jpeg_severe,332_0,332,surface_injure,1,2,False,2,False,True,17:hide_craze|29:surface_injure|43:hide_craze
mobilenet_v3_small,jpeg_severe,363_0,363,surface_injure,3,0,True,1,False,False,17:surface_injure|29:surface_injure|43:surface_injure
mobilenet_v3_small,jpeg_severe,370_0,370,corrosion,3,0,True,1,False,False,17:corrosion|29:corrosion|43:corrosion
mobilenet_v3_small,jpeg_severe,370_1,370,corrosion,2,1,False,2,False,False,17:hide_craze|29:corrosion|43:corrosion
mobilenet_v3_small,jpeg_severe,370_2,370,corrosion,3,0,True,1,False,False,17:corrosion|29:corrosion|43:corrosion
mobilenet_v3_small,jpeg_severe,373_0,373,corrosion,3,0,True,1,False,False,17:corrosion|29:corrosion|43:corrosion
mobilenet_v3_small,jpeg_severe,379_0,379,hide_craze,3,0,True,1,False,False,17:hide_craze|29:hide_craze|43:hide_craze
mobilenet_v3_small,jpeg_severe,379_1,379,hide_craze,3,0,True,1,False,False,17:hide_craze|29:hide_craze|43:hide_craze
mobilenet_v3_small,jpeg_severe,388_0,388,hide_craze,3,0,True,1,False,False,17:hide_craze|29:hide_craze|43:hide_craze
mobilenet_v3_small,jpeg_severe,389_0,389,crack,3,0,True,1,False,False,17:crack|29:crack|43:crack
mobilenet_v3_small,jpeg_severe,390_0,390,corrosion,1,2,False,2,False,True,17:surface_injure|29:surface_injure|43:corrosion
mobilenet_v3_small,jpeg_severe,394_0,394,crack,3,0,True,1,False,False,17:crack|29:crack|43:crack
mobilenet_v3_small,jpeg_severe,405_0,405,corrosion,3,0,True,1,False,False,17:corrosion|29:corrosion|43:corrosion
mobilenet_v3_small,jpeg_severe,407_0,407,surface_injure,3,0,True,1,False,False,17:surface_injure|29:surface_injure|43:surface_injure
mobilenet_v3_small,jpeg_severe,408_0,408,corrosion,3,0,True,1,False,False,17:corrosion|29:corrosion|43:corrosion
mobilenet_v3_small,jpeg_severe,408_1,408,corrosion,3,0,True,1,False,False,17:corrosion|29:corrosion|43:corrosion
mobilenet_v3_small,jpeg_severe,410_0,410,corrosion,2,1,False,2,False,False,17:corrosion|29:craze|43:corrosion
mobilenet_v3_small,jpeg_severe,410_1,410,corrosion,1,1,False,2,False,True,17:corrosion|29:craze|43:craze
mobilenet_v3_small,jpeg_severe,432_0,432,surface_injure,3,0,True,1,False,False,17:surface_injure|29:surface_injure|43:surface_injure
mobilenet_v3_small,jpeg_severe,438_0,438,hide_craze,3,0,True,1,False,False,17:hide_craze|29:hide_craze|43:hide_craze
mobilenet_v3_small,jpeg_severe,440_0,440,crack,3,0,True,1,False,False,17:crack|29:crack|43:crack
mobilenet_v3_small,jpeg_severe,447_0,447,crack,3,0,True,1,False,False,17:crack|29:crack|43:crack
mobilenet_v3_small,jpeg_severe,447_1,447,crack,3,0,True,1,False,False,17:crack|29:crack|43:crack
mobilenet_v3_small,jpeg_severe,451_0,451,corrosion,3,0,True,1,False,False,17:corrosion|29:corrosion|43:corrosion
mobilenet_v3_small,jpeg_severe,457_0,457,hide_craze,0,3,False,3,True,False,17:corrosion|29:surface_injure|43:thunderstrike
mobilenet_v3_small,jpeg_severe,457_1,457,hide_craze,3,0,True,1,False,False,17:hide_craze|29:hide_craze|43:hide_craze
mobilenet_v3_small,jpeg_severe,457_2,457,hide_craze,3,0,True,1,False,False,17:hide_craze|29:hide_craze|43:hide_craze
mobilenet_v3_small,jpeg_severe,464_0,464,craze,3,0,True,1,False,False,17:craze|29:craze|43:craze
mobilenet_v3_small,jpeg_severe,464_1,464,hide_craze,0,0,True,1,True,False,17:surface_injure|29:surface_injure|43:surface_injure
mobilenet_v3_small,jpeg_severe,469_0,469,craze,3,0,True,1,False,False,17:craze|29:craze|43:craze
mobilenet_v3_small,jpeg_severe,473_0,473,crack,3,0,True,1,False,False,17:crack|29:crack|43:crack
mobilenet_v3_small,jpeg_severe,476_0,476,surface_injure,1,2,False,2,False,True,17:surface_injure|29:hide_craze|43:hide_craze
mobilenet_v3_small,jpeg_severe,479_0,479,surface_injure,3,0,True,1,False,False,17:surface_injure|29:surface_injure|43:surface_injure
mobilenet_v3_small,jpeg_severe,479_1,479,thunderstrike,1,2,False,2,False,True,17:surface_injure|29:surface_injure|43:thunderstrike
mobilenet_v3_small,jpeg_severe,501_0,501,corrosion,3,0,True,1,False,False,17:corrosion|29:corrosion|43:corrosion
mobilenet_v3_small,jpeg_severe,505_0,505,corrosion,3,0,True,1,False,False,17:corrosion|29:corrosion|43:corrosion
mobilenet_v3_small,jpeg_severe,511_0,511,hide_craze,1,2,False,2,False,True,17:crack|29:crack|43:hide_craze
mobilenet_v3_small,jpeg_severe,511_1,511,hide_craze,2,0,False,2,False,False,17:hide_craze|29:crack|43:hide_craze
mobilenet_v3_small,jpeg_severe,521_0,521,corrosion,0,0,True,1,True,False,17:hide_craze|29:hide_craze|43:hide_craze
mobilenet_v3_small,jpeg_severe,521_1,521,corrosion,0,0,True,1,True,False,17:hide_craze|29:hide_craze|43:hide_craze
mobilenet_v3_small,jpeg_severe,541_0,541,hide_craze,3,0,True,1,False,False,17:hide_craze|29:hide_craze|43:hide_craze
mobilenet_v3_small,jpeg_severe,546_0,546,corrosion,1,0,False,2,False,True,17:surface_injure|29:surface_injure|43:corrosion
mobilenet_v3_small,jpeg_severe,546_1,546,corrosion,0,0,True,1,True,False,17:hide_craze|29:hide_craze|43:hide_craze
mobilenet_v3_small,jpeg_severe,546_2,546,corrosion,2,0,False,2,False,False,17:hide_craze|29:corrosion|43:corrosion
mobilenet_v3_small,jpeg_severe,563_0,563,craze,3,0,True,1,False,False,17:craze|29:craze|43:craze
mobilenet_v3_small,jpeg_severe,566_0,566,corrosion,3,0,True,1,False,False,17:corrosion|29:corrosion|43:corrosion
mobilenet_v3_small,jpeg_severe,569_0,569,hide_craze,3,0,True,1,False,False,17:hide_craze|29:hide_craze|43:hide_craze
mobilenet_v3_small,jpeg_severe,574_0,574,craze,3,0,True,1,False,False,17:craze|29:craze|43:craze
mobilenet_v3_small,jpeg_severe,580_0,580,craze,3,0,True,1,False,False,17:craze|29:craze|43:craze
mobilenet_v3_small,jpeg_severe,591_0,591,thunderstrike,0,3,True,1,True,False,17:surface_injure|29:surface_injure|43:surface_injure
mobilenet_v3_small,jpeg_severe,591_1,591,surface_injure,3,0,True,1,False,False,17:surface_injure|29:surface_injure|43:surface_injure
mobilenet_v3_small,jpeg_severe,591_2,591,surface_injure,3,0,True,1,False,False,17:surface_injure|29:surface_injure|43:surface_injure
mobilenet_v3_small,jpeg_severe,597_0,597,hide_craze,3,0,True,1,False,False,17:hide_craze|29:hide_craze|43:hide_craze
mobilenet_v3_small,jpeg_severe,598_0,598,corrosion,3,0,True,1,False,False,17:corrosion|29:corrosion|43:corrosion
mobilenet_v3_small,jpeg_severe,598_1,598,corrosion,3,0,True,1,False,False,17:corrosion|29:corrosion|43:corrosion
mobilenet_v3_small,jpeg_severe,600_0,600,hide_craze,3,0,True,1,False,False,17:hide_craze|29:hide_craze|43:hide_craze
mobilenet_v3_small,jpeg_severe,610_0,610,hide_craze,3,0,True,1,False,False,17:hide_craze|29:hide_craze|43:hide_craze
mobilenet_v3_small,jpeg_severe,623_0,623,hide_craze,3,0,True,1,False,False,17:hide_craze|29:hide_craze|43:hide_craze
mobilenet_v3_small,jpeg_severe,623_1,623,surface_injure,0,0,False,2,True,False,17:hide_craze|29:crack|43:crack
mobilenet_v3_small,jpeg_severe,633_0,633,hide_craze,3,0,True,1,False,False,17:hide_craze|29:hide_craze|43:hide_craze
mobilenet_v3_small,jpeg_severe,642_0,642,hide_craze,3,0,True,1,False,False,17:hide_craze|29:hide_craze|43:hide_craze
mobilenet_v3_small,jpeg_severe,642_1,642,surface_injure,3,0,True,1,False,False,17:surface_injure|29:surface_injure|43:surface_injure
mobilenet_v3_small,jpeg_severe,643_0,643,hide_craze,2,0,False,2,False,False,17:hide_craze|29:surface_injure|43:hide_craze
mobilenet_v3_small,jpeg_severe,650_0,650,corrosion,3,0,True,1,False,False,17:corrosion|29:corrosion|43:corrosion
mobilenet_v3_small,jpeg_severe,655_0,655,hide_craze,3,0,True,1,False,False,17:hide_craze|29:hide_craze|43:hide_craze
mobilenet_v3_small,jpeg_severe,658_0,658,corrosion,0,0,False,2,True,False,17:hide_craze|29:hide_craze|43:craze
mobilenet_v3_small,jpeg_severe,663_0,663,hide_craze,3,0,True,1,False,False,17:hide_craze|29:hide_craze|43:hide_craze
mobilenet_v3_small,jpeg_severe,671_0,671,hide_craze,3,0,True,1,False,False,17:hide_craze|29:hide_craze|43:hide_craze
mobilenet_v3_small,jpeg_severe,671_1,671,surface_injure,0,0,True,1,True,False,17:hide_craze|29:hide_craze|43:hide_craze
mobilenet_v3_small,jpeg_severe,677_0,677,hide_craze,3,0,True,1,False,False,17:hide_craze|29:hide_craze|43:hide_craze
mobilenet_v3_small,jpeg_severe,686_0,686,thunderstrike,3,0,True,1,False,False,17:thunderstrike|29:thunderstrike|43:thunderstrike
mobilenet_v3_small,jpeg_severe,689_0,689,surface_injure,3,0,True,1,False,False,17:surface_injure|29:surface_injure|43:surface_injure
mobilenet_v3_small,jpeg_severe,689_1,689,surface_injure,3,0,True,1,False,False,17:surface_injure|29:surface_injure|43:surface_injure
mobilenet_v3_small,jpeg_severe,689_2,689,surface_injure,3,0,True,1,False,False,17:surface_injure|29:surface_injure|43:surface_injure
mobilenet_v3_small,jpeg_severe,689_3,689,surface_injure,3,0,True,1,False,False,17:surface_injure|29:surface_injure|43:surface_injure
mobilenet_v3_small,jpeg_severe,696_0,696,hide_craze,3,0,True,1,False,False,17:hide_craze|29:hide_craze|43:hide_craze
mobilenet_v3_small,jpeg_severe,696_1,696,hide_craze,3,0,True,1,False,False,17:hide_craze|29:hide_craze|43:hide_craze
mobilenet_v3_small,jpeg_severe,699_0,699,thunderstrike,3,0,True,1,False,False,17:thunderstrike|29:thunderstrike|43:thunderstrike
mobilenet_v3_small,jpeg_severe,701_0,701,craze,3,0,True,1,False,False,17:craze|29:craze|43:craze
mobilenet_v3_small,jpeg_severe,704_0,704,corrosion,1,2,False,2,False,True,17:hide_craze|29:corrosion|43:hide_craze
mobilenet_v3_small,jpeg_severe,721_0,721,hide_craze,3,0,True,1,False,False,17:hide_craze|29:hide_craze|43:hide_craze
mobilenet_v3_small,jpeg_severe,824_0,824,craze,3,0,True,1,False,False,17:craze|29:craze|43:craze
mobilenet_v3_small,jpeg_severe,863_0,863,thunderstrike,3,0,True,1,False,False,17:thunderstrike|29:thunderstrike|43:thunderstrike
mobilenet_v3_small,jpeg_severe,864_0,864,surface_injure,3,0,True,1,False,False,17:surface_injure|29:surface_injure|43:surface_injure
mobilenet_v3_small,jpeg_severe,875_0,875,hide_craze,3,0,True,1,False,False,17:hide_craze|29:hide_craze|43:hide_craze
mobilenet_v3_small,jpeg_severe,875_1,875,hide_craze,3,0,True,1,False,False,17:hide_craze|29:hide_craze|43:hide_craze
mobilenet_v3_small,jpeg_severe,1017_0,1017,hide_craze,3,0,True,1,False,False,17:hide_craze|29:hide_craze|43:hide_craze
mobilenet_v3_small,jpeg_severe,1017_1,1017,hide_craze,3,0,True,1,False,False,17:hide_craze|29:hide_craze|43:hide_craze
