review_id,instance_id,method,seed,condition_id,input_state,input_condition_id,target_role,target_class_id,target_label,predicted_label,true_label,target_module_path,activation_shape,checkpoint_sha256,checkpoint_fingerprint,preprocessing,normalization,array_sha256,finite,minimum,maximum,input_path,annotation_path,heatmap_path,overlay_path
P9A-001,48_0,resnet18,17,clean,clean,clean,true_class,2,surface_injure,craze,surface_injure,layer4.1,1x512x7x7,423044a36d0fe953eb20744fc6af7b5c725582d275a06c768e7a70401248b998,e87ca88dad134833a54171674332ea76920f957e7d7e1df10b9ec308ebeff8d8,frozen_imagenet_normalization_on_224x224_phase3_pixels,independent_per_map_minmax_after_relu,4c4b3d90316a654fd8be7fc5c031e7a1efd1d4d6b987bdb4323cf8c9d757eff8,True,0.0,1.0,figures/phase9/gradcam/P9A-001/resnet18/seed_17/clean/input_rgb.png,figures/phase9/gradcam/P9A-001/resnet18/seed_17/clean/annotation_overlay.png,figures/phase9/gradcam/P9A-001/resnet18/seed_17/clean/true_class_surface_injure_heatmap.png,figures/phase9/gradcam/P9A-001/resnet18/seed_17/clean/true_class_surface_injure_overlay.png
P9A-001,48_0,resnet18,17,clean,clean,clean,predicted_class,0,craze,craze,surface_injure,layer4.1,1x512x7x7,423044a36d0fe953eb20744fc6af7b5c725582d275a06c768e7a70401248b998,e87ca88dad134833a54171674332ea76920f957e7d7e1df10b9ec308ebeff8d8,frozen_imagenet_normalization_on_224x224_phase3_pixels,independent_per_map_minmax_after_relu,be6606aeca5fbb1cf6c8ff5d66d33f3e543a35d524e298ccf68ad63aac92d0dd,True,0.0,1.0,figures/phase9/gradcam/P9A-001/resnet18/seed_17/clean/input_rgb.png,figures/phase9/gradcam/P9A-001/resnet18/seed_17/clean/annotation_overlay.png,figures/phase9/gradcam/P9A-001/resnet18/seed_17/clean/predicted_class_craze_heatmap.png,figures/phase9/gradcam/P9A-001/resnet18/seed_17/clean/predicted_class_craze_overlay.png
P9A-004,142_0,resnet18,17,clean,clean,clean,true_class,2,surface_injure,corrosion,surface_injure,layer4.1,1x512x7x7,423044a36d0fe953eb20744fc6af7b5c725582d275a06c768e7a70401248b998,e87ca88dad134833a54171674332ea76920f957e7d7e1df10b9ec308ebeff8d8,frozen_imagenet_normalization_on_224x224_phase3_pixels,independent_per_map_minmax_after_relu,dbd440746bb68d21a038dd2fa4074c45202716ca1dbc397df30ea8df0ea0b621,True,0.0,1.0,figures/phase9/gradcam/P9A-004/resnet18/seed_17/clean/input_rgb.png,figures/phase9/gradcam/P9A-004/resnet18/seed_17/clean/annotation_overlay.png,figures/phase9/gradcam/P9A-004/resnet18/seed_17/clean/true_class_surface_injure_heatmap.png,figures/phase9/gradcam/P9A-004/resnet18/seed_17/clean/true_class_surface_injure_overlay.png
P9A-004,142_0,resnet18,17,clean,clean,clean,predicted_class,1,corrosion,corrosion,surface_injure,layer4.1,1x512x7x7,423044a36d0fe953eb20744fc6af7b5c725582d275a06c768e7a70401248b998,e87ca88dad134833a54171674332ea76920f957e7d7e1df10b9ec308ebeff8d8,frozen_imagenet_normalization_on_224x224_phase3_pixels,independent_per_map_minmax_after_relu,b0ec8667b3833ae1bcbbaeb2fa35ccdb19a089512b740dd89d2d758c589287c4,True,0.0,1.0,figures/phase9/gradcam/P9A-004/resnet18/seed_17/clean/input_rgb.png,figures/phase9/gradcam/P9A-004/resnet18/seed_17/clean/annotation_overlay.png,figures/phase9/gradcam/P9A-004/resnet18/seed_17/clean/predicted_class_corrosion_heatmap.png,figures/phase9/gradcam/P9A-004/resnet18/seed_17/clean/predicted_class_corrosion_overlay.png
P9A-005,228_1,resnet18,17,clean,clean,clean,true_class,5,hide_craze,craze,hide_craze,layer4.1,1x512x7x7,423044a36d0fe953eb20744fc6af7b5c725582d275a06c768e7a70401248b998,e87ca88dad134833a54171674332ea76920f957e7d7e1df10b9ec308ebeff8d8,frozen_imagenet_normalization_on_224x224_phase3_pixels,independent_per_map_minmax_after_relu,3e095dd93c830e3cbdf3084400be872d4aaca2e9a8d72d53aa5402b78b257d38,True,0.0,1.0,figures/phase9/gradcam/P9A-005/resnet18/seed_17/clean/input_rgb.png,figures/phase9/gradcam/P9A-005/resnet18/seed_17/clean/annotation_overlay.png,figures/phase9/gradcam/P9A-005/resnet18/seed_17/clean/true_class_hide_craze_heatmap.png,figures/phase9/gradcam/P9A-005/resnet18/seed_17/clean/true_class_hide_craze_overlay.png
P9A-005,228_1,resnet18,17,clean,clean,clean,predicted_class,0,craze,craze,hide_craze,layer4.1,1x512x7x7,423044a36d0fe953eb20744fc6af7b5c725582d275a06c768e7a70401248b998,e87ca88dad134833a54171674332ea76920f957e7d7e1df10b9ec308ebeff8d8,frozen_imagenet_normalization_on_224x224_phase3_pixels,independent_per_map_minmax_after_relu,1b2047501f257df3eaff6afba0fb31e395b0e2191fb8106900e77d6a3cb53d19,True,0.0,1.0,figures/phase9/gradcam/P9A-005/resnet18/seed_17/clean/input_rgb.png,figures/phase9/gradcam/P9A-005/resnet18/seed_17/clean/annotation_overlay.png,figures/phase9/gradcam/P9A-005/resnet18/seed_17/clean/predicted_class_craze_heatmap.png,figures/phase9/gradcam/P9A-005/resnet18/seed_17/clean/predicted_class_craze_overlay.png
P9A-007,323_0,resnet18,17,clean,clean,clean,true_class,1,corrosion,surface_injure,corrosion,layer4.1,1x512x7x7,423044a36d0fe953eb20744fc6af7b5c725582d275a06c768e7a70401248b998,e87ca88dad134833a54171674332ea76920f957e7d7e1df10b9ec308ebeff8d8,frozen_imagenet_normalization_on_224x224_phase3_pixels,independent_per_map_minmax_after_relu,c118138a7a34ea7cf63e0c8e72d2fbaee6d378fe6d2adfb2366494fc4c4dd45e,True,0.0,1.0,figures/phase9/gradcam/P9A-007/resnet18/seed_17/clean/input_rgb.png,figures/phase9/gradcam/P9A-007/resnet18/seed_17/clean/annotation_overlay.png,figures/phase9/gradcam/P9A-007/resnet18/seed_17/clean/true_class_corrosion_heatmap.png,figures/phase9/gradcam/P9A-007/resnet18/seed_17/clean/true_class_corrosion_overlay.png
P9A-007,323_0,resnet18,17,clean,clean,clean,predicted_class,2,surface_injure,surface_injure,corrosion,layer4.1,1x512x7x7,423044a36d0fe953eb20744fc6af7b5c725582d275a06c768e7a70401248b998,e87ca88dad134833a54171674332ea76920f957e7d7e1df10b9ec308ebeff8d8,frozen_imagenet_normalization_on_224x224_phase3_pixels,independent_per_map_minmax_after_relu,ac197f1fa59733d1b45017377f09e3768c5d6a461710a17972652f1a5c7fc264,True,0.0,1.0,figures/phase9/gradcam/P9A-007/resnet18/seed_17/clean/input_rgb.png,figures/phase9/gradcam/P9A-007/resnet18/seed_17/clean/annotation_overlay.png,figures/phase9/gradcam/P9A-007/resnet18/seed_17/clean/predicted_class_surface_injure_heatmap.png,figures/phase9/gradcam/P9A-007/resnet18/seed_17/clean/predicted_class_surface_injure_overlay.png
P9A-009,521_0,resnet18,17,clean,clean,clean,true_class,1,corrosion,surface_injure,corrosion,layer4.1,1x512x7x7,423044a36d0fe953eb20744fc6af7b5c725582d275a06c768e7a70401248b998,e87ca88dad134833a54171674332ea76920f957e7d7e1df10b9ec308ebeff8d8,frozen_imagenet_normalization_on_224x224_phase3_pixels,independent_per_map_minmax_after_relu,782a1de756703813213e309957de484920c10a0376d68f62f12115ef72d7bb3d,True,0.0,1.0,figures/phase9/gradcam/P9A-009/resnet18/seed_17/clean/input_rgb.png,figures/phase9/gradcam/P9A-009/resnet18/seed_17/clean/annotation_overlay.png,figures/phase9/gradcam/P9A-009/resnet18/seed_17/clean/true_class_corrosion_heatmap.png,figures/phase9/gradcam/P9A-009/resnet18/seed_17/clean/true_class_corrosion_overlay.png
P9A-009,521_0,resnet18,17,clean,clean,clean,predicted_class,2,surface_injure,surface_injure,corrosion,layer4.1,1x512x7x7,423044a36d0fe953eb20744fc6af7b5c725582d275a06c768e7a70401248b998,e87ca88dad134833a54171674332ea76920f957e7d7e1df10b9ec308ebeff8d8,frozen_imagenet_normalization_on_224x224_phase3_pixels,independent_per_map_minmax_after_relu,00f186562716daf26b6bf3dd0ccbeeba7c5f08013a6798cf62b35ad535b9ca12,True,0.0,1.0,figures/phase9/gradcam/P9A-009/resnet18/seed_17/clean/input_rgb.png,figures/phase9/gradcam/P9A-009/resnet18/seed_17/clean/annotation_overlay.png,figures/phase9/gradcam/P9A-009/resnet18/seed_17/clean/predicted_class_surface_injure_heatmap.png,figures/phase9/gradcam/P9A-009/resnet18/seed_17/clean/predicted_class_surface_injure_overlay.png
P9A-010,521_1,resnet18,17,clean,clean,clean,true_class,1,corrosion,hide_craze,corrosion,layer4.1,1x512x7x7,423044a36d0fe953eb20744fc6af7b5c725582d275a06c768e7a70401248b998,e87ca88dad134833a54171674332ea76920f957e7d7e1df10b9ec308ebeff8d8,frozen_imagenet_normalization_on_224x224_phase3_pixels,independent_per_map_minmax_after_relu,950ef8d72ed7cf09b3fc4fe04f07a4b016676cd0b976717258aad0d6cd0badc5,True,0.0,1.0,figures/phase9/gradcam/P9A-010/resnet18/seed_17/clean/input_rgb.png,figures/phase9/gradcam/P9A-010/resnet18/seed_17/clean/annotation_overlay.png,figures/phase9/gradcam/P9A-010/resnet18/seed_17/clean/true_class_corrosion_heatmap.png,figures/phase9/gradcam/P9A-010/resnet18/seed_17/clean/true_class_corrosion_overlay.png
P9A-010,521_1,resnet18,17,clean,clean,clean,predicted_class,5,hide_craze,hide_craze,corrosion,layer4.1,1x512x7x7,423044a36d0fe953eb20744fc6af7b5c725582d275a06c768e7a70401248b998,e87ca88dad134833a54171674332ea76920f957e7d7e1df10b9ec308ebeff8d8,frozen_imagenet_normalization_on_224x224_phase3_pixels,independent_per_map_minmax_after_relu,cb3d207822fc13b85dfd4c1c2a083684378f7493f626cf66b1f9d75c8788dbce,True,0.0,1.0,figures/phase9/gradcam/P9A-010/resnet18/seed_17/clean/input_rgb.png,figures/phase9/gradcam/P9A-010/resnet18/seed_17/clean/annotation_overlay.png,figures/phase9/gradcam/P9A-010/resnet18/seed_17/clean/predicted_class_hide_craze_heatmap.png,figures/phase9/gradcam/P9A-010/resnet18/seed_17/clean/predicted_class_hide_craze_overlay.png
P9A-011,32_0,resnet18,17,brightness_severe,clean,clean,true_class,3,thunderstrike,thunderstrike,thunderstrike,layer4.1,1x512x7x7,423044a36d0fe953eb20744fc6af7b5c725582d275a06c768e7a70401248b998,e87ca88dad134833a54171674332ea76920f957e7d7e1df10b9ec308ebeff8d8,frozen_imagenet_normalization_on_224x224_phase3_pixels,independent_per_map_minmax_after_relu,68576f5b7a2c3e8ec550f579fd93095592a0525737877a4e28eaba957b091ddb,True,0.0,1.0,figures/phase9/gradcam/P9A-011/resnet18/seed_17/clean/input_rgb.png,figures/phase9/gradcam/P9A-011/resnet18/seed_17/clean/annotation_overlay.png,figures/phase9/gradcam/P9A-011/resnet18/seed_17/clean/true_class_thunderstrike_heatmap.png,figures/phase9/gradcam/P9A-011/resnet18/seed_17/clean/true_class_thunderstrike_overlay.png
P9A-011,32_0,resnet18,17,brightness_severe,degraded,brightness_severe,true_class,3,thunderstrike,craze,thunderstrike,layer4.1,1x512x7x7,423044a36d0fe953eb20744fc6af7b5c725582d275a06c768e7a70401248b998,e87ca88dad134833a54171674332ea76920f957e7d7e1df10b9ec308ebeff8d8,frozen_imagenet_normalization_on_224x224_phase3_pixels,independent_per_map_minmax_after_relu,37501fb0462db126d51866d0918b40fc188c19136a524945e3bb649522d2d0af,True,0.0,1.0,figures/phase9/gradcam/P9A-011/resnet18/seed_17/degraded/input_rgb.png,figures/phase9/gradcam/P9A-011/resnet18/seed_17/degraded/annotation_overlay.png,figures/phase9/gradcam/P9A-011/resnet18/seed_17/degraded/true_class_thunderstrike_heatmap.png,figures/phase9/gradcam/P9A-011/resnet18/seed_17/degraded/true_class_thunderstrike_overlay.png
P9A-011,32_0,resnet18,17,brightness_severe,degraded,brightness_severe,predicted_class,0,craze,craze,thunderstrike,layer4.1,1x512x7x7,423044a36d0fe953eb20744fc6af7b5c725582d275a06c768e7a70401248b998,e87ca88dad134833a54171674332ea76920f957e7d7e1df10b9ec308ebeff8d8,frozen_imagenet_normalization_on_224x224_phase3_pixels,independent_per_map_minmax_after_relu,5aaea1ca4843dc5f0c080e71ef549c87175c0937341b7c249f3f6d1002898230,True,0.0,1.0,figures/phase9/gradcam/P9A-011/resnet18/seed_17/degraded/input_rgb.png,figures/phase9/gradcam/P9A-011/resnet18/seed_17/degraded/annotation_overlay.png,figures/phase9/gradcam/P9A-011/resnet18/seed_17/degraded/predicted_class_craze_heatmap.png,figures/phase9/gradcam/P9A-011/resnet18/seed_17/degraded/predicted_class_craze_overlay.png
P9A-012,32_1,resnet18,17,brightness_severe,clean,clean,true_class,3,thunderstrike,thunderstrike,thunderstrike,layer4.1,1x512x7x7,423044a36d0fe953eb20744fc6af7b5c725582d275a06c768e7a70401248b998,e87ca88dad134833a54171674332ea76920f957e7d7e1df10b9ec308ebeff8d8,frozen_imagenet_normalization_on_224x224_phase3_pixels,independent_per_map_minmax_after_relu,2b89f7ccccdb7b3a5ac3f70c52c15fa85889621c2e54b707ccc8df99eb446fd8,True,0.0,1.0,figures/phase9/gradcam/P9A-012/resnet18/seed_17/clean/input_rgb.png,figures/phase9/gradcam/P9A-012/resnet18/seed_17/clean/annotation_overlay.png,figures/phase9/gradcam/P9A-012/resnet18/seed_17/clean/true_class_thunderstrike_heatmap.png,figures/phase9/gradcam/P9A-012/resnet18/seed_17/clean/true_class_thunderstrike_overlay.png
P9A-012,32_1,resnet18,17,brightness_severe,degraded,brightness_severe,true_class,3,thunderstrike,craze,thunderstrike,layer4.1,1x512x7x7,423044a36d0fe953eb20744fc6af7b5c725582d275a06c768e7a70401248b998,e87ca88dad134833a54171674332ea76920f957e7d7e1df10b9ec308ebeff8d8,frozen_imagenet_normalization_on_224x224_phase3_pixels,independent_per_map_minmax_after_relu,f2e26d3ff107b28550eca1c42fefdd8339cb3e334dd93d64c25c8282426056d3,True,0.0,1.0,figures/phase9/gradcam/P9A-012/resnet18/seed_17/degraded/input_rgb.png,figures/phase9/gradcam/P9A-012/resnet18/seed_17/degraded/annotation_overlay.png,figures/phase9/gradcam/P9A-012/resnet18/seed_17/degraded/true_class_thunderstrike_heatmap.png,figures/phase9/gradcam/P9A-012/resnet18/seed_17/degraded/true_class_thunderstrike_overlay.png
P9A-012,32_1,resnet18,17,brightness_severe,degraded,brightness_severe,predicted_class,0,craze,craze,thunderstrike,layer4.1,1x512x7x7,423044a36d0fe953eb20744fc6af7b5c725582d275a06c768e7a70401248b998,e87ca88dad134833a54171674332ea76920f957e7d7e1df10b9ec308ebeff8d8,frozen_imagenet_normalization_on_224x224_phase3_pixels,independent_per_map_minmax_after_relu,69ced9878bd8eded90ff56497f58c42ee8ea697167acf1ec8c743961c98ce968,True,0.0,1.0,figures/phase9/gradcam/P9A-012/resnet18/seed_17/degraded/input_rgb.png,figures/phase9/gradcam/P9A-012/resnet18/seed_17/degraded/annotation_overlay.png,figures/phase9/gradcam/P9A-012/resnet18/seed_17/degraded/predicted_class_craze_heatmap.png,figures/phase9/gradcam/P9A-012/resnet18/seed_17/degraded/predicted_class_craze_overlay.png
P9A-013,46_0,resnet18,17,gaussian_blur_severe,clean,clean,true_class,1,corrosion,corrosion,corrosion,layer4.1,1x512x7x7,423044a36d0fe953eb20744fc6af7b5c725582d275a06c768e7a70401248b998,e87ca88dad134833a54171674332ea76920f957e7d7e1df10b9ec308ebeff8d8,frozen_imagenet_normalization_on_224x224_phase3_pixels,independent_per_map_minmax_after_relu,359b3cc45a8777279f89977ec0a569cb6e1ea160fdfaee5708a75fbb5d485b98,True,0.0,1.0,figures/phase9/gradcam/P9A-013/resnet18/seed_17/clean/input_rgb.png,figures/phase9/gradcam/P9A-013/resnet18/seed_17/clean/annotation_overlay.png,figures/phase9/gradcam/P9A-013/resnet18/seed_17/clean/true_class_corrosion_heatmap.png,figures/phase9/gradcam/P9A-013/resnet18/seed_17/clean/true_class_corrosion_overlay.png
P9A-013,46_0,resnet18,17,gaussian_blur_severe,degraded,gaussian_blur_severe,true_class,1,corrosion,hide_craze,corrosion,layer4.1,1x512x7x7,423044a36d0fe953eb20744fc6af7b5c725582d275a06c768e7a70401248b998,e87ca88dad134833a54171674332ea76920f957e7d7e1df10b9ec308ebeff8d8,frozen_imagenet_normalization_on_224x224_phase3_pixels,independent_per_map_minmax_after_relu,22863a6ab43aa43327136f4bd2e9547916a849d270b087931d333792349c2c69,True,0.0,1.0,figures/phase9/gradcam/P9A-013/resnet18/seed_17/degraded/input_rgb.png,figures/phase9/gradcam/P9A-013/resnet18/seed_17/degraded/annotation_overlay.png,figures/phase9/gradcam/P9A-013/resnet18/seed_17/degraded/true_class_corrosion_heatmap.png,figures/phase9/gradcam/P9A-013/resnet18/seed_17/degraded/true_class_corrosion_overlay.png
P9A-013,46_0,resnet18,17,gaussian_blur_severe,degraded,gaussian_blur_severe,predicted_class,5,hide_craze,hide_craze,corrosion,layer4.1,1x512x7x7,423044a36d0fe953eb20744fc6af7b5c725582d275a06c768e7a70401248b998,e87ca88dad134833a54171674332ea76920f957e7d7e1df10b9ec308ebeff8d8,frozen_imagenet_normalization_on_224x224_phase3_pixels,independent_per_map_minmax_after_relu,bbe889ab8fbf28d6064a5af6deba73bdf9e01e4ae669c4f43c1ca8acd39a773b,True,0.0,1.0,figures/phase9/gradcam/P9A-013/resnet18/seed_17/degraded/input_rgb.png,figures/phase9/gradcam/P9A-013/resnet18/seed_17/degraded/annotation_overlay.png,figures/phase9/gradcam/P9A-013/resnet18/seed_17/degraded/predicted_class_hide_craze_heatmap.png,figures/phase9/gradcam/P9A-013/resnet18/seed_17/degraded/predicted_class_hide_craze_overlay.png
P9A-014,46_1,resnet18,17,gaussian_blur_severe,clean,clean,true_class,1,corrosion,corrosion,corrosion,layer4.1,1x512x7x7,423044a36d0fe953eb20744fc6af7b5c725582d275a06c768e7a70401248b998,e87ca88dad134833a54171674332ea76920f957e7d7e1df10b9ec308ebeff8d8,frozen_imagenet_normalization_on_224x224_phase3_pixels,independent_per_map_minmax_after_relu,afdeced74c595af4fe0d636cbaa3cee414835348ca9cf53ea0492bf33cafeb2f,True,0.0,1.0,figures/phase9/gradcam/P9A-014/resnet18/seed_17/clean/input_rgb.png,figures/phase9/gradcam/P9A-014/resnet18/seed_17/clean/annotation_overlay.png,figures/phase9/gradcam/P9A-014/resnet18/seed_17/clean/true_class_corrosion_heatmap.png,figures/phase9/gradcam/P9A-014/resnet18/seed_17/clean/true_class_corrosion_overlay.png
P9A-014,46_1,resnet18,17,gaussian_blur_severe,degraded,gaussian_blur_severe,true_class,1,corrosion,hide_craze,corrosion,layer4.1,1x512x7x7,423044a36d0fe953eb20744fc6af7b5c725582d275a06c768e7a70401248b998,e87ca88dad134833a54171674332ea76920f957e7d7e1df10b9ec308ebeff8d8,frozen_imagenet_normalization_on_224x224_phase3_pixels,independent_per_map_minmax_after_relu,4f2c3339ae49dc18c3f49e88773e03af045432f3a7e84859e2ee0fb82391c37e,True,0.0,1.0,figures/phase9/gradcam/P9A-014/resnet18/seed_17/degraded/input_rgb.png,figures/phase9/gradcam/P9A-014/resnet18/seed_17/degraded/annotation_overlay.png,figures/phase9/gradcam/P9A-014/resnet18/seed_17/degraded/true_class_corrosion_heatmap.png,figures/phase9/gradcam/P9A-014/resnet18/seed_17/degraded/true_class_corrosion_overlay.png
P9A-014,46_1,resnet18,17,gaussian_blur_severe,degraded,gaussian_blur_severe,predicted_class,5,hide_craze,hide_craze,corrosion,layer4.1,1x512x7x7,423044a36d0fe953eb20744fc6af7b5c725582d275a06c768e7a70401248b998,e87ca88dad134833a54171674332ea76920f957e7d7e1df10b9ec308ebeff8d8,frozen_imagenet_normalization_on_224x224_phase3_pixels,independent_per_map_minmax_after_relu,38e90a1b93b88b21ee18f411bf1cbe0c6d5f0ee649f75661510b5da7404adbd0,True,0.0,1.0,figures/phase9/gradcam/P9A-014/resnet18/seed_17/degraded/input_rgb.png,figures/phase9/gradcam/P9A-014/resnet18/seed_17/degraded/annotation_overlay.png,figures/phase9/gradcam/P9A-014/resnet18/seed_17/degraded/predicted_class_hide_craze_heatmap.png,figures/phase9/gradcam/P9A-014/resnet18/seed_17/degraded/predicted_class_hide_craze_overlay.png
P9A-015,51_1,resnet18,17,gaussian_blur_severe,clean,clean,true_class,0,craze,craze,craze,layer4.1,1x512x7x7,423044a36d0fe953eb20744fc6af7b5c725582d275a06c768e7a70401248b998,e87ca88dad134833a54171674332ea76920f957e7d7e1df10b9ec308ebeff8d8,frozen_imagenet_normalization_on_224x224_phase3_pixels,independent_per_map_minmax_after_relu,70f60584ad648215bd7c67443bd9569ccdc0d8259f178f54974eb5ba6f85e404,True,0.0,1.0,figures/phase9/gradcam/P9A-015/resnet18/seed_17/clean/input_rgb.png,figures/phase9/gradcam/P9A-015/resnet18/seed_17/clean/annotation_overlay.png,figures/phase9/gradcam/P9A-015/resnet18/seed_17/clean/true_class_craze_heatmap.png,figures/phase9/gradcam/P9A-015/resnet18/seed_17/clean/true_class_craze_overlay.png
P9A-015,51_1,resnet18,17,gaussian_blur_severe,degraded,gaussian_blur_severe,true_class,0,craze,hide_craze,craze,layer4.1,1x512x7x7,423044a36d0fe953eb20744fc6af7b5c725582d275a06c768e7a70401248b998,e87ca88dad134833a54171674332ea76920f957e7d7e1df10b9ec308ebeff8d8,frozen_imagenet_normalization_on_224x224_phase3_pixels,independent_per_map_minmax_after_relu,7c93f6207a9a24dadc915df7d54b9f9cdca2667eb29b2d40be72c2f1c3156f06,True,0.0,1.0,figures/phase9/gradcam/P9A-015/resnet18/seed_17/degraded/input_rgb.png,figures/phase9/gradcam/P9A-015/resnet18/seed_17/degraded/annotation_overlay.png,figures/phase9/gradcam/P9A-015/resnet18/seed_17/degraded/true_class_craze_heatmap.png,figures/phase9/gradcam/P9A-015/resnet18/seed_17/degraded/true_class_craze_overlay.png
P9A-015,51_1,resnet18,17,gaussian_blur_severe,degraded,gaussian_blur_severe,predicted_class,5,hide_craze,hide_craze,craze,layer4.1,1x512x7x7,423044a36d0fe953eb20744fc6af7b5c725582d275a06c768e7a70401248b998,e87ca88dad134833a54171674332ea76920f957e7d7e1df10b9ec308ebeff8d8,frozen_imagenet_normalization_on_224x224_phase3_pixels,independent_per_map_minmax_after_relu,36d284251b7c5a333f8a794b9ec4d7797ca44bad87ca67cd5b3543bdf18fa155,True,0.0,1.0,figures/phase9/gradcam/P9A-015/resnet18/seed_17/degraded/input_rgb.png,figures/phase9/gradcam/P9A-015/resnet18/seed_17/degraded/annotation_overlay.png,figures/phase9/gradcam/P9A-015/resnet18/seed_17/degraded/predicted_class_hide_craze_heatmap.png,figures/phase9/gradcam/P9A-015/resnet18/seed_17/degraded/predicted_class_hide_craze_overlay.png
P9A-016,57_0,resnet18,17,gaussian_blur_severe,clean,clean,true_class,0,craze,craze,craze,layer4.1,1x512x7x7,423044a36d0fe953eb20744fc6af7b5c725582d275a06c768e7a70401248b998,e87ca88dad134833a54171674332ea76920f957e7d7e1df10b9ec308ebeff8d8,frozen_imagenet_normalization_on_224x224_phase3_pixels,independent_per_map_minmax_after_relu,8bf41e2d5f1ecb07b9eb25cd2e0e2d79ad119caf027acd44e67d0c655251a970,True,0.0,1.0,figures/phase9/gradcam/P9A-016/resnet18/seed_17/clean/input_rgb.png,figures/phase9/gradcam/P9A-016/resnet18/seed_17/clean/annotation_overlay.png,figures/phase9/gradcam/P9A-016/resnet18/seed_17/clean/true_class_craze_heatmap.png,figures/phase9/gradcam/P9A-016/resnet18/seed_17/clean/true_class_craze_overlay.png
P9A-016,57_0,resnet18,17,gaussian_blur_severe,degraded,gaussian_blur_severe,true_class,0,craze,hide_craze,craze,layer4.1,1x512x7x7,423044a36d0fe953eb20744fc6af7b5c725582d275a06c768e7a70401248b998,e87ca88dad134833a54171674332ea76920f957e7d7e1df10b9ec308ebeff8d8,frozen_imagenet_normalization_on_224x224_phase3_pixels,independent_per_map_minmax_after_relu,ae06cc8dab1f9a2417f4edaca7f789a07c400f033e9b2c2ecefc962aa9931fc2,True,0.0,1.0,figures/phase9/gradcam/P9A-016/resnet18/seed_17/degraded/input_rgb.png,figures/phase9/gradcam/P9A-016/resnet18/seed_17/degraded/annotation_overlay.png,figures/phase9/gradcam/P9A-016/resnet18/seed_17/degraded/true_class_craze_heatmap.png,figures/phase9/gradcam/P9A-016/resnet18/seed_17/degraded/true_class_craze_overlay.png
P9A-016,57_0,resnet18,17,gaussian_blur_severe,degraded,gaussian_blur_severe,predicted_class,5,hide_craze,hide_craze,craze,layer4.1,1x512x7x7,423044a36d0fe953eb20744fc6af7b5c725582d275a06c768e7a70401248b998,e87ca88dad134833a54171674332ea76920f957e7d7e1df10b9ec308ebeff8d8,frozen_imagenet_normalization_on_224x224_phase3_pixels,independent_per_map_minmax_after_relu,ae2f391e4ccb49cd48debafdd3271512bf6371044f9d4fa7788942352e8bda51,True,0.0,1.0,figures/phase9/gradcam/P9A-016/resnet18/seed_17/degraded/input_rgb.png,figures/phase9/gradcam/P9A-016/resnet18/seed_17/degraded/annotation_overlay.png,figures/phase9/gradcam/P9A-016/resnet18/seed_17/degraded/predicted_class_hide_craze_heatmap.png,figures/phase9/gradcam/P9A-016/resnet18/seed_17/degraded/predicted_class_hide_craze_overlay.png
P9A-017,112_0,resnet18,17,brightness_severe,clean,clean,true_class,3,thunderstrike,thunderstrike,thunderstrike,layer4.1,1x512x7x7,423044a36d0fe953eb20744fc6af7b5c725582d275a06c768e7a70401248b998,e87ca88dad134833a54171674332ea76920f957e7d7e1df10b9ec308ebeff8d8,frozen_imagenet_normalization_on_224x224_phase3_pixels,independent_per_map_minmax_after_relu,439f53bbe27cb22182b99f2da60b5a707e527c347837cdfb435f98667f5272ba,True,0.0,1.0,figures/phase9/gradcam/P9A-017/resnet18/seed_17/clean/input_rgb.png,figures/phase9/gradcam/P9A-017/resnet18/seed_17/clean/annotation_overlay.png,figures/phase9/gradcam/P9A-017/resnet18/seed_17/clean/true_class_thunderstrike_heatmap.png,figures/phase9/gradcam/P9A-017/resnet18/seed_17/clean/true_class_thunderstrike_overlay.png
P9A-017,112_0,resnet18,17,brightness_severe,degraded,brightness_severe,true_class,3,thunderstrike,craze,thunderstrike,layer4.1,1x512x7x7,423044a36d0fe953eb20744fc6af7b5c725582d275a06c768e7a70401248b998,e87ca88dad134833a54171674332ea76920f957e7d7e1df10b9ec308ebeff8d8,frozen_imagenet_normalization_on_224x224_phase3_pixels,independent_per_map_minmax_after_relu,e29ef5314c98641fc881599cdec4b1d2b5e12a22a6438106517d435c70a3a1e2,True,0.0,1.0,figures/phase9/gradcam/P9A-017/resnet18/seed_17/degraded/input_rgb.png,figures/phase9/gradcam/P9A-017/resnet18/seed_17/degraded/annotation_overlay.png,figures/phase9/gradcam/P9A-017/resnet18/seed_17/degraded/true_class_thunderstrike_heatmap.png,figures/phase9/gradcam/P9A-017/resnet18/seed_17/degraded/true_class_thunderstrike_overlay.png
P9A-017,112_0,resnet18,17,brightness_severe,degraded,brightness_severe,predicted_class,0,craze,craze,thunderstrike,layer4.1,1x512x7x7,423044a36d0fe953eb20744fc6af7b5c725582d275a06c768e7a70401248b998,e87ca88dad134833a54171674332ea76920f957e7d7e1df10b9ec308ebeff8d8,frozen_imagenet_normalization_on_224x224_phase3_pixels,independent_per_map_minmax_after_relu,51680f8794923baf3950dd7124efb888d7ea4938bde6e9ec5082f2be5d619dfa,True,0.0,1.0,figures/phase9/gradcam/P9A-017/resnet18/seed_17/degraded/input_rgb.png,figures/phase9/gradcam/P9A-017/resnet18/seed_17/degraded/annotation_overlay.png,figures/phase9/gradcam/P9A-017/resnet18/seed_17/degraded/predicted_class_craze_heatmap.png,figures/phase9/gradcam/P9A-017/resnet18/seed_17/degraded/predicted_class_craze_overlay.png
P9A-018,161_0,resnet18,17,gaussian_blur_severe,clean,clean,true_class,1,corrosion,corrosion,corrosion,layer4.1,1x512x7x7,423044a36d0fe953eb20744fc6af7b5c725582d275a06c768e7a70401248b998,e87ca88dad134833a54171674332ea76920f957e7d7e1df10b9ec308ebeff8d8,frozen_imagenet_normalization_on_224x224_phase3_pixels,independent_per_map_minmax_after_relu,cc835e00db200d4c69e0280d555b01d2da678c1b810e83151d18097e69e00544,True,0.0,1.0,figures/phase9/gradcam/P9A-018/resnet18/seed_17/clean/input_rgb.png,figures/phase9/gradcam/P9A-018/resnet18/seed_17/clean/annotation_overlay.png,figures/phase9/gradcam/P9A-018/resnet18/seed_17/clean/true_class_corrosion_heatmap.png,figures/phase9/gradcam/P9A-018/resnet18/seed_17/clean/true_class_corrosion_overlay.png
P9A-018,161_0,resnet18,17,gaussian_blur_severe,degraded,gaussian_blur_severe,true_class,1,corrosion,surface_injure,corrosion,layer4.1,1x512x7x7,423044a36d0fe953eb20744fc6af7b5c725582d275a06c768e7a70401248b998,e87ca88dad134833a54171674332ea76920f957e7d7e1df10b9ec308ebeff8d8,frozen_imagenet_normalization_on_224x224_phase3_pixels,independent_per_map_minmax_after_relu,da6b4a6bd85df900e9bdac1a0d0b590fdc7df2620522217da73da5ac00c8d07b,True,0.0,1.0,figures/phase9/gradcam/P9A-018/resnet18/seed_17/degraded/input_rgb.png,figures/phase9/gradcam/P9A-018/resnet18/seed_17/degraded/annotation_overlay.png,figures/phase9/gradcam/P9A-018/resnet18/seed_17/degraded/true_class_corrosion_heatmap.png,figures/phase9/gradcam/P9A-018/resnet18/seed_17/degraded/true_class_corrosion_overlay.png
P9A-018,161_0,resnet18,17,gaussian_blur_severe,degraded,gaussian_blur_severe,predicted_class,2,surface_injure,surface_injure,corrosion,layer4.1,1x512x7x7,423044a36d0fe953eb20744fc6af7b5c725582d275a06c768e7a70401248b998,e87ca88dad134833a54171674332ea76920f957e7d7e1df10b9ec308ebeff8d8,frozen_imagenet_normalization_on_224x224_phase3_pixels,independent_per_map_minmax_after_relu,3af32268be6dfc830f1935275663177077d0dd2e3de84e8811d736e535ae0a5c,True,0.0,1.0,figures/phase9/gradcam/P9A-018/resnet18/seed_17/degraded/input_rgb.png,figures/phase9/gradcam/P9A-018/resnet18/seed_17/degraded/annotation_overlay.png,figures/phase9/gradcam/P9A-018/resnet18/seed_17/degraded/predicted_class_surface_injure_heatmap.png,figures/phase9/gradcam/P9A-018/resnet18/seed_17/degraded/predicted_class_surface_injure_overlay.png
P9A-019,209_0,resnet18,17,brightness_severe,clean,clean,true_class,5,hide_craze,hide_craze,hide_craze,layer4.1,1x512x7x7,423044a36d0fe953eb20744fc6af7b5c725582d275a06c768e7a70401248b998,e87ca88dad134833a54171674332ea76920f957e7d7e1df10b9ec308ebeff8d8,frozen_imagenet_normalization_on_224x224_phase3_pixels,independent_per_map_minmax_after_relu,e2a6c1dcb33db310c21ab001d8b37386b74c6c7a65f4b1f34a048592d7bdb8fe,True,0.0,1.0,figures/phase9/gradcam/P9A-019/resnet18/seed_17/clean/input_rgb.png,figures/phase9/gradcam/P9A-019/resnet18/seed_17/clean/annotation_overlay.png,figures/phase9/gradcam/P9A-019/resnet18/seed_17/clean/true_class_hide_craze_heatmap.png,figures/phase9/gradcam/P9A-019/resnet18/seed_17/clean/true_class_hide_craze_overlay.png
P9A-019,209_0,resnet18,17,brightness_severe,degraded,brightness_severe,true_class,5,hide_craze,surface_injure,hide_craze,layer4.1,1x512x7x7,423044a36d0fe953eb20744fc6af7b5c725582d275a06c768e7a70401248b998,e87ca88dad134833a54171674332ea76920f957e7d7e1df10b9ec308ebeff8d8,frozen_imagenet_normalization_on_224x224_phase3_pixels,independent_per_map_minmax_after_relu,1677ae3be31b75e97992aae595388c07b620fc8136bf963006976914e04cd292,True,0.0,1.0,figures/phase9/gradcam/P9A-019/resnet18/seed_17/degraded/input_rgb.png,figures/phase9/gradcam/P9A-019/resnet18/seed_17/degraded/annotation_overlay.png,figures/phase9/gradcam/P9A-019/resnet18/seed_17/degraded/true_class_hide_craze_heatmap.png,figures/phase9/gradcam/P9A-019/resnet18/seed_17/degraded/true_class_hide_craze_overlay.png
P9A-019,209_0,resnet18,17,brightness_severe,degraded,brightness_severe,predicted_class,2,surface_injure,surface_injure,hide_craze,layer4.1,1x512x7x7,423044a36d0fe953eb20744fc6af7b5c725582d275a06c768e7a70401248b998,e87ca88dad134833a54171674332ea76920f957e7d7e1df10b9ec308ebeff8d8,frozen_imagenet_normalization_on_224x224_phase3_pixels,independent_per_map_minmax_after_relu,dac92ffb1798d6d27fbb48eb4222d416352439a1534d40ef280a512f4abf3b6a,True,0.0,1.0,figures/phase9/gradcam/P9A-019/resnet18/seed_17/degraded/input_rgb.png,figures/phase9/gradcam/P9A-019/resnet18/seed_17/degraded/annotation_overlay.png,figures/phase9/gradcam/P9A-019/resnet18/seed_17/degraded/predicted_class_surface_injure_heatmap.png,figures/phase9/gradcam/P9A-019/resnet18/seed_17/degraded/predicted_class_surface_injure_overlay.png
P9A-021,238_0,resnet18,17,brightness_severe,clean,clean,true_class,4,crack,crack,crack,layer4.1,1x512x7x7,423044a36d0fe953eb20744fc6af7b5c725582d275a06c768e7a70401248b998,e87ca88dad134833a54171674332ea76920f957e7d7e1df10b9ec308ebeff8d8,frozen_imagenet_normalization_on_224x224_phase3_pixels,independent_per_map_minmax_after_relu,fb3a7b5c6f3ccf849ea32db3f4a45a7d7cff00bd8212b2279e6f6ad078e90d79,True,0.0,1.0,figures/phase9/gradcam/P9A-021/resnet18/seed_17/clean/input_rgb.png,figures/phase9/gradcam/P9A-021/resnet18/seed_17/clean/annotation_overlay.png,figures/phase9/gradcam/P9A-021/resnet18/seed_17/clean/true_class_crack_heatmap.png,figures/phase9/gradcam/P9A-021/resnet18/seed_17/clean/true_class_crack_overlay.png
P9A-021,238_0,resnet18,17,brightness_severe,degraded,brightness_severe,true_class,4,crack,corrosion,crack,layer4.1,1x512x7x7,423044a36d0fe953eb20744fc6af7b5c725582d275a06c768e7a70401248b998,e87ca88dad134833a54171674332ea76920f957e7d7e1df10b9ec308ebeff8d8,frozen_imagenet_normalization_on_224x224_phase3_pixels,independent_per_map_minmax_after_relu,346829351b232681cb34af0ac2baa90f8d2bb671a9d6ae6a1432f27d2cb3d1c7,True,0.0,0.0,figures/phase9/gradcam/P9A-021/resnet18/seed_17/degraded/input_rgb.png,figures/phase9/gradcam/P9A-021/resnet18/seed_17/degraded/annotation_overlay.png,figures/phase9/gradcam/P9A-021/resnet18/seed_17/degraded/true_class_crack_heatmap.png,figures/phase9/gradcam/P9A-021/resnet18/seed_17/degraded/true_class_crack_overlay.png
P9A-021,238_0,resnet18,17,brightness_severe,degraded,brightness_severe,predicted_class,1,corrosion,corrosion,crack,layer4.1,1x512x7x7,423044a36d0fe953eb20744fc6af7b5c725582d275a06c768e7a70401248b998,e87ca88dad134833a54171674332ea76920f957e7d7e1df10b9ec308ebeff8d8,frozen_imagenet_normalization_on_224x224_phase3_pixels,independent_per_map_minmax_after_relu,61fb3e9b47c684ac3f64adfce708644756b596eaa3a626560531957a4792f004,True,0.0,1.0,figures/phase9/gradcam/P9A-021/resnet18/seed_17/degraded/input_rgb.png,figures/phase9/gradcam/P9A-021/resnet18/seed_17/degraded/annotation_overlay.png,figures/phase9/gradcam/P9A-021/resnet18/seed_17/degraded/predicted_class_corrosion_heatmap.png,figures/phase9/gradcam/P9A-021/resnet18/seed_17/degraded/predicted_class_corrosion_overlay.png
P9A-022,238_1,resnet18,17,brightness_severe,clean,clean,true_class,4,crack,crack,crack,layer4.1,1x512x7x7,423044a36d0fe953eb20744fc6af7b5c725582d275a06c768e7a70401248b998,e87ca88dad134833a54171674332ea76920f957e7d7e1df10b9ec308ebeff8d8,frozen_imagenet_normalization_on_224x224_phase3_pixels,independent_per_map_minmax_after_relu,ec949f805fa2849dabe0996163116da600b52138790614114d0e6197df01afdf,True,0.0,1.0,figures/phase9/gradcam/P9A-022/resnet18/seed_17/clean/input_rgb.png,figures/phase9/gradcam/P9A-022/resnet18/seed_17/clean/annotation_overlay.png,figures/phase9/gradcam/P9A-022/resnet18/seed_17/clean/true_class_crack_heatmap.png,figures/phase9/gradcam/P9A-022/resnet18/seed_17/clean/true_class_crack_overlay.png
P9A-022,238_1,resnet18,17,brightness_severe,degraded,brightness_severe,true_class,4,crack,corrosion,crack,layer4.1,1x512x7x7,423044a36d0fe953eb20744fc6af7b5c725582d275a06c768e7a70401248b998,e87ca88dad134833a54171674332ea76920f957e7d7e1df10b9ec308ebeff8d8,frozen_imagenet_normalization_on_224x224_phase3_pixels,independent_per_map_minmax_after_relu,346829351b232681cb34af0ac2baa90f8d2bb671a9d6ae6a1432f27d2cb3d1c7,True,0.0,0.0,figures/phase9/gradcam/P9A-022/resnet18/seed_17/degraded/input_rgb.png,figures/phase9/gradcam/P9A-022/resnet18/seed_17/degraded/annotation_overlay.png,figures/phase9/gradcam/P9A-022/resnet18/seed_17/degraded/true_class_crack_heatmap.png,figures/phase9/gradcam/P9A-022/resnet18/seed_17/degraded/true_class_crack_overlay.png
P9A-022,238_1,resnet18,17,brightness_severe,degraded,brightness_severe,predicted_class,1,corrosion,corrosion,crack,layer4.1,1x512x7x7,423044a36d0fe953eb20744fc6af7b5c725582d275a06c768e7a70401248b998,e87ca88dad134833a54171674332ea76920f957e7d7e1df10b9ec308ebeff8d8,frozen_imagenet_normalization_on_224x224_phase3_pixels,independent_per_map_minmax_after_relu,b7b73dd12f987024265369f091a1ed5c767ae6157c848f5e48cad65f3bb9ae4b,True,0.0,1.0,figures/phase9/gradcam/P9A-022/resnet18/seed_17/degraded/input_rgb.png,figures/phase9/gradcam/P9A-022/resnet18/seed_17/degraded/annotation_overlay.png,figures/phase9/gradcam/P9A-022/resnet18/seed_17/degraded/predicted_class_corrosion_heatmap.png,figures/phase9/gradcam/P9A-022/resnet18/seed_17/degraded/predicted_class_corrosion_overlay.png
P9A-023,252_0,resnet18,17,brightness_severe,clean,clean,true_class,4,crack,crack,crack,layer4.1,1x512x7x7,423044a36d0fe953eb20744fc6af7b5c725582d275a06c768e7a70401248b998,e87ca88dad134833a54171674332ea76920f957e7d7e1df10b9ec308ebeff8d8,frozen_imagenet_normalization_on_224x224_phase3_pixels,independent_per_map_minmax_after_relu,e908d536447bb81abf0f5e3721bb55f010c0a45aca213336e6b4560db42faee7,True,0.0,1.0,figures/phase9/gradcam/P9A-023/resnet18/seed_17/clean/input_rgb.png,figures/phase9/gradcam/P9A-023/resnet18/seed_17/clean/annotation_overlay.png,figures/phase9/gradcam/P9A-023/resnet18/seed_17/clean/true_class_crack_heatmap.png,figures/phase9/gradcam/P9A-023/resnet18/seed_17/clean/true_class_crack_overlay.png
P9A-023,252_0,resnet18,17,brightness_severe,degraded,brightness_severe,true_class,4,crack,craze,crack,layer4.1,1x512x7x7,423044a36d0fe953eb20744fc6af7b5c725582d275a06c768e7a70401248b998,e87ca88dad134833a54171674332ea76920f957e7d7e1df10b9ec308ebeff8d8,frozen_imagenet_normalization_on_224x224_phase3_pixels,independent_per_map_minmax_after_relu,ed7bd8ad0d005bcde5642fdcc0edee88a2c64d8ebacfa8df69fbaf3079de7041,True,0.0,1.0,figures/phase9/gradcam/P9A-023/resnet18/seed_17/degraded/input_rgb.png,figures/phase9/gradcam/P9A-023/resnet18/seed_17/degraded/annotation_overlay.png,figures/phase9/gradcam/P9A-023/resnet18/seed_17/degraded/true_class_crack_heatmap.png,figures/phase9/gradcam/P9A-023/resnet18/seed_17/degraded/true_class_crack_overlay.png
P9A-023,252_0,resnet18,17,brightness_severe,degraded,brightness_severe,predicted_class,0,craze,craze,crack,layer4.1,1x512x7x7,423044a36d0fe953eb20744fc6af7b5c725582d275a06c768e7a70401248b998,e87ca88dad134833a54171674332ea76920f957e7d7e1df10b9ec308ebeff8d8,frozen_imagenet_normalization_on_224x224_phase3_pixels,independent_per_map_minmax_after_relu,9a19faa7674ee97af3f3dd25c87934cb4582817b1bd7eb466d1716ecf8fedabc,True,0.0,1.0,figures/phase9/gradcam/P9A-023/resnet18/seed_17/degraded/input_rgb.png,figures/phase9/gradcam/P9A-023/resnet18/seed_17/degraded/annotation_overlay.png,figures/phase9/gradcam/P9A-023/resnet18/seed_17/degraded/predicted_class_craze_heatmap.png,figures/phase9/gradcam/P9A-023/resnet18/seed_17/degraded/predicted_class_craze_overlay.png
P9A-024,255_1,resnet18,17,brightness_severe,clean,clean,true_class,2,surface_injure,surface_injure,surface_injure,layer4.1,1x512x7x7,423044a36d0fe953eb20744fc6af7b5c725582d275a06c768e7a70401248b998,e87ca88dad134833a54171674332ea76920f957e7d7e1df10b9ec308ebeff8d8,frozen_imagenet_normalization_on_224x224_phase3_pixels,independent_per_map_minmax_after_relu,ecc1f4486e8c4422c156a3a42b1e41cb14aafdc6cfe4af2ceea86fd076d255a3,True,0.0,1.0,figures/phase9/gradcam/P9A-024/resnet18/seed_17/clean/input_rgb.png,figures/phase9/gradcam/P9A-024/resnet18/seed_17/clean/annotation_overlay.png,figures/phase9/gradcam/P9A-024/resnet18/seed_17/clean/true_class_surface_injure_heatmap.png,figures/phase9/gradcam/P9A-024/resnet18/seed_17/clean/true_class_surface_injure_overlay.png
P9A-024,255_1,resnet18,17,brightness_severe,degraded,brightness_severe,true_class,2,surface_injure,corrosion,surface_injure,layer4.1,1x512x7x7,423044a36d0fe953eb20744fc6af7b5c725582d275a06c768e7a70401248b998,e87ca88dad134833a54171674332ea76920f957e7d7e1df10b9ec308ebeff8d8,frozen_imagenet_normalization_on_224x224_phase3_pixels,independent_per_map_minmax_after_relu,d9695dcb8f63ceb6d68f5a2c6058890370132ebdd1f29de42a5e10e4d7f3ed89,True,0.0,1.0,figures/phase9/gradcam/P9A-024/resnet18/seed_17/degraded/input_rgb.png,figures/phase9/gradcam/P9A-024/resnet18/seed_17/degraded/annotation_overlay.png,figures/phase9/gradcam/P9A-024/resnet18/seed_17/degraded/true_class_surface_injure_heatmap.png,figures/phase9/gradcam/P9A-024/resnet18/seed_17/degraded/true_class_surface_injure_overlay.png
P9A-024,255_1,resnet18,17,brightness_severe,degraded,brightness_severe,predicted_class,1,corrosion,corrosion,surface_injure,layer4.1,1x512x7x7,423044a36d0fe953eb20744fc6af7b5c725582d275a06c768e7a70401248b998,e87ca88dad134833a54171674332ea76920f957e7d7e1df10b9ec308ebeff8d8,frozen_imagenet_normalization_on_224x224_phase3_pixels,independent_per_map_minmax_after_relu,c6c9b34471da47fcd3bb74cf8b1cc453bc1a36f61511ce7710a4bdee7cdd842c,True,0.0,1.0,figures/phase9/gradcam/P9A-024/resnet18/seed_17/degraded/input_rgb.png,figures/phase9/gradcam/P9A-024/resnet18/seed_17/degraded/annotation_overlay.png,figures/phase9/gradcam/P9A-024/resnet18/seed_17/degraded/predicted_class_corrosion_heatmap.png,figures/phase9/gradcam/P9A-024/resnet18/seed_17/degraded/predicted_class_corrosion_overlay.png
P9A-025,326_0,resnet18,17,brightness_severe,clean,clean,true_class,2,surface_injure,surface_injure,surface_injure,layer4.1,1x512x7x7,423044a36d0fe953eb20744fc6af7b5c725582d275a06c768e7a70401248b998,e87ca88dad134833a54171674332ea76920f957e7d7e1df10b9ec308ebeff8d8,frozen_imagenet_normalization_on_224x224_phase3_pixels,independent_per_map_minmax_after_relu,8beb1ea591cf9ecf13a41548e0645188fd9f5c890b41e55e8ac738e796cd8cbb,True,0.0,1.0,figures/phase9/gradcam/P9A-025/resnet18/seed_17/clean/input_rgb.png,figures/phase9/gradcam/P9A-025/resnet18/seed_17/clean/annotation_overlay.png,figures/phase9/gradcam/P9A-025/resnet18/seed_17/clean/true_class_surface_injure_heatmap.png,figures/phase9/gradcam/P9A-025/resnet18/seed_17/clean/true_class_surface_injure_overlay.png
P9A-025,326_0,resnet18,17,brightness_severe,degraded,brightness_severe,true_class,2,surface_injure,corrosion,surface_injure,layer4.1,1x512x7x7,423044a36d0fe953eb20744fc6af7b5c725582d275a06c768e7a70401248b998,e87ca88dad134833a54171674332ea76920f957e7d7e1df10b9ec308ebeff8d8,frozen_imagenet_normalization_on_224x224_phase3_pixels,independent_per_map_minmax_after_relu,63e31d5b6c71afa65aba8fc4488b15708dc0e706a27274a357599274fb531f7c,True,0.0,1.0,figures/phase9/gradcam/P9A-025/resnet18/seed_17/degraded/input_rgb.png,figures/phase9/gradcam/P9A-025/resnet18/seed_17/degraded/annotation_overlay.png,figures/phase9/gradcam/P9A-025/resnet18/seed_17/degraded/true_class_surface_injure_heatmap.png,figures/phase9/gradcam/P9A-025/resnet18/seed_17/degraded/true_class_surface_injure_overlay.png
P9A-025,326_0,resnet18,17,brightness_severe,degraded,brightness_severe,predicted_class,1,corrosion,corrosion,surface_injure,layer4.1,1x512x7x7,423044a36d0fe953eb20744fc6af7b5c725582d275a06c768e7a70401248b998,e87ca88dad134833a54171674332ea76920f957e7d7e1df10b9ec308ebeff8d8,frozen_imagenet_normalization_on_224x224_phase3_pixels,independent_per_map_minmax_after_relu,cb701c8c4b1ae1c692d60eb849f2f7bdd617372d1d5f51f9f2ba2efdbc0e023c,True,0.0,1.0,figures/phase9/gradcam/P9A-025/resnet18/seed_17/degraded/input_rgb.png,figures/phase9/gradcam/P9A-025/resnet18/seed_17/degraded/annotation_overlay.png,figures/phase9/gradcam/P9A-025/resnet18/seed_17/degraded/predicted_class_corrosion_heatmap.png,figures/phase9/gradcam/P9A-025/resnet18/seed_17/degraded/predicted_class_corrosion_overlay.png
P9A-026,326_1,resnet18,17,brightness_severe,clean,clean,true_class,0,craze,craze,craze,layer4.1,1x512x7x7,423044a36d0fe953eb20744fc6af7b5c725582d275a06c768e7a70401248b998,e87ca88dad134833a54171674332ea76920f957e7d7e1df10b9ec308ebeff8d8,frozen_imagenet_normalization_on_224x224_phase3_pixels,independent_per_map_minmax_after_relu,782e050f1ff632a6c56bc7d32c30957c2d66fa003b23de746e8727938c4d89b8,True,0.0,1.0,figures/phase9/gradcam/P9A-026/resnet18/seed_17/clean/input_rgb.png,figures/phase9/gradcam/P9A-026/resnet18/seed_17/clean/annotation_overlay.png,figures/phase9/gradcam/P9A-026/resnet18/seed_17/clean/true_class_craze_heatmap.png,figures/phase9/gradcam/P9A-026/resnet18/seed_17/clean/true_class_craze_overlay.png
P9A-026,326_1,resnet18,17,brightness_severe,degraded,brightness_severe,true_class,0,craze,corrosion,craze,layer4.1,1x512x7x7,423044a36d0fe953eb20744fc6af7b5c725582d275a06c768e7a70401248b998,e87ca88dad134833a54171674332ea76920f957e7d7e1df10b9ec308ebeff8d8,frozen_imagenet_normalization_on_224x224_phase3_pixels,independent_per_map_minmax_after_relu,2e2a3bd9e8f43771351902114fd043674e04c74a48041e4048749255eceadcf1,True,0.0,1.0,figures/phase9/gradcam/P9A-026/resnet18/seed_17/degraded/input_rgb.png,figures/phase9/gradcam/P9A-026/resnet18/seed_17/degraded/annotation_overlay.png,figures/phase9/gradcam/P9A-026/resnet18/seed_17/degraded/true_class_craze_heatmap.png,figures/phase9/gradcam/P9A-026/resnet18/seed_17/degraded/true_class_craze_overlay.png
P9A-026,326_1,resnet18,17,brightness_severe,degraded,brightness_severe,predicted_class,1,corrosion,corrosion,craze,layer4.1,1x512x7x7,423044a36d0fe953eb20744fc6af7b5c725582d275a06c768e7a70401248b998,e87ca88dad134833a54171674332ea76920f957e7d7e1df10b9ec308ebeff8d8,frozen_imagenet_normalization_on_224x224_phase3_pixels,independent_per_map_minmax_after_relu,d631bdf9fff0b8566be0409f0fcadb26a0d1b23a7ada2d8df06565bb3366b331,True,0.0,1.0,figures/phase9/gradcam/P9A-026/resnet18/seed_17/degraded/input_rgb.png,figures/phase9/gradcam/P9A-026/resnet18/seed_17/degraded/annotation_overlay.png,figures/phase9/gradcam/P9A-026/resnet18/seed_17/degraded/predicted_class_corrosion_heatmap.png,figures/phase9/gradcam/P9A-026/resnet18/seed_17/degraded/predicted_class_corrosion_overlay.png
P9A-027,370_1,resnet18,17,gaussian_blur_severe,clean,clean,true_class,1,corrosion,corrosion,corrosion,layer4.1,1x512x7x7,423044a36d0fe953eb20744fc6af7b5c725582d275a06c768e7a70401248b998,e87ca88dad134833a54171674332ea76920f957e7d7e1df10b9ec308ebeff8d8,frozen_imagenet_normalization_on_224x224_phase3_pixels,independent_per_map_minmax_after_relu,fb083209f2ebc7fde3694be6b00c4304ebb2beaccccf246ce48a83b8ea0b6e85,True,0.0,1.0,figures/phase9/gradcam/P9A-027/resnet18/seed_17/clean/input_rgb.png,figures/phase9/gradcam/P9A-027/resnet18/seed_17/clean/annotation_overlay.png,figures/phase9/gradcam/P9A-027/resnet18/seed_17/clean/true_class_corrosion_heatmap.png,figures/phase9/gradcam/P9A-027/resnet18/seed_17/clean/true_class_corrosion_overlay.png
P9A-027,370_1,resnet18,17,gaussian_blur_severe,degraded,gaussian_blur_severe,true_class,1,corrosion,hide_craze,corrosion,layer4.1,1x512x7x7,423044a36d0fe953eb20744fc6af7b5c725582d275a06c768e7a70401248b998,e87ca88dad134833a54171674332ea76920f957e7d7e1df10b9ec308ebeff8d8,frozen_imagenet_normalization_on_224x224_phase3_pixels,independent_per_map_minmax_after_relu,2c24a7b148a433c850454660bc06dab5822600d65b4ebfd2b0562648be770c2c,True,0.0,1.0,figures/phase9/gradcam/P9A-027/resnet18/seed_17/degraded/input_rgb.png,figures/phase9/gradcam/P9A-027/resnet18/seed_17/degraded/annotation_overlay.png,figures/phase9/gradcam/P9A-027/resnet18/seed_17/degraded/true_class_corrosion_heatmap.png,figures/phase9/gradcam/P9A-027/resnet18/seed_17/degraded/true_class_corrosion_overlay.png
P9A-027,370_1,resnet18,17,gaussian_blur_severe,degraded,gaussian_blur_severe,predicted_class,5,hide_craze,hide_craze,corrosion,layer4.1,1x512x7x7,423044a36d0fe953eb20744fc6af7b5c725582d275a06c768e7a70401248b998,e87ca88dad134833a54171674332ea76920f957e7d7e1df10b9ec308ebeff8d8,frozen_imagenet_normalization_on_224x224_phase3_pixels,independent_per_map_minmax_after_relu,0bb8a43d87d3444d8f18e95ef6ee44d35ace0a84a51718701f7570dac0d8c446,True,0.0,1.0,figures/phase9/gradcam/P9A-027/resnet18/seed_17/degraded/input_rgb.png,figures/phase9/gradcam/P9A-027/resnet18/seed_17/degraded/annotation_overlay.png,figures/phase9/gradcam/P9A-027/resnet18/seed_17/degraded/predicted_class_hide_craze_heatmap.png,figures/phase9/gradcam/P9A-027/resnet18/seed_17/degraded/predicted_class_hide_craze_overlay.png
P9A-028,464_0,resnet18,17,brightness_severe,clean,clean,true_class,0,craze,craze,craze,layer4.1,1x512x7x7,423044a36d0fe953eb20744fc6af7b5c725582d275a06c768e7a70401248b998,e87ca88dad134833a54171674332ea76920f957e7d7e1df10b9ec308ebeff8d8,frozen_imagenet_normalization_on_224x224_phase3_pixels,independent_per_map_minmax_after_relu,088e5a539293192e99d35cbbda3ce2464effd12e52c7dda19e15471b8e9b9a9e,True,0.0,1.0,figures/phase9/gradcam/P9A-028/resnet18/seed_17/clean/input_rgb.png,figures/phase9/gradcam/P9A-028/resnet18/seed_17/clean/annotation_overlay.png,figures/phase9/gradcam/P9A-028/resnet18/seed_17/clean/true_class_craze_heatmap.png,figures/phase9/gradcam/P9A-028/resnet18/seed_17/clean/true_class_craze_overlay.png
P9A-028,464_0,resnet18,17,brightness_severe,degraded,brightness_severe,true_class,0,craze,surface_injure,craze,layer4.1,1x512x7x7,423044a36d0fe953eb20744fc6af7b5c725582d275a06c768e7a70401248b998,e87ca88dad134833a54171674332ea76920f957e7d7e1df10b9ec308ebeff8d8,frozen_imagenet_normalization_on_224x224_phase3_pixels,independent_per_map_minmax_after_relu,dc345837005d9717a1c4956acf50d2247ae04abb72f4689a4ab02e0ae2a6b690,True,0.0,1.0,figures/phase9/gradcam/P9A-028/resnet18/seed_17/degraded/input_rgb.png,figures/phase9/gradcam/P9A-028/resnet18/seed_17/degraded/annotation_overlay.png,figures/phase9/gradcam/P9A-028/resnet18/seed_17/degraded/true_class_craze_heatmap.png,figures/phase9/gradcam/P9A-028/resnet18/seed_17/degraded/true_class_craze_overlay.png
P9A-028,464_0,resnet18,17,brightness_severe,degraded,brightness_severe,predicted_class,2,surface_injure,surface_injure,craze,layer4.1,1x512x7x7,423044a36d0fe953eb20744fc6af7b5c725582d275a06c768e7a70401248b998,e87ca88dad134833a54171674332ea76920f957e7d7e1df10b9ec308ebeff8d8,frozen_imagenet_normalization_on_224x224_phase3_pixels,independent_per_map_minmax_after_relu,9c0ba431adaaec9ccaab5a00d916bff3e717564ecae20c7ba4d4fab89b089d89,True,0.0,1.0,figures/phase9/gradcam/P9A-028/resnet18/seed_17/degraded/input_rgb.png,figures/phase9/gradcam/P9A-028/resnet18/seed_17/degraded/annotation_overlay.png,figures/phase9/gradcam/P9A-028/resnet18/seed_17/degraded/predicted_class_surface_injure_heatmap.png,figures/phase9/gradcam/P9A-028/resnet18/seed_17/degraded/predicted_class_surface_injure_overlay.png
P9A-029,597_0,resnet18,17,gaussian_blur_severe,clean,clean,true_class,5,hide_craze,hide_craze,hide_craze,layer4.1,1x512x7x7,423044a36d0fe953eb20744fc6af7b5c725582d275a06c768e7a70401248b998,e87ca88dad134833a54171674332ea76920f957e7d7e1df10b9ec308ebeff8d8,frozen_imagenet_normalization_on_224x224_phase3_pixels,independent_per_map_minmax_after_relu,08d996c51563b0a637b57a0384a7f80673eca87bf2192bd8489f032fe6577411,True,0.0,1.0,figures/phase9/gradcam/P9A-029/resnet18/seed_17/clean/input_rgb.png,figures/phase9/gradcam/P9A-029/resnet18/seed_17/clean/annotation_overlay.png,figures/phase9/gradcam/P9A-029/resnet18/seed_17/clean/true_class_hide_craze_heatmap.png,figures/phase9/gradcam/P9A-029/resnet18/seed_17/clean/true_class_hide_craze_overlay.png
P9A-029,597_0,resnet18,17,gaussian_blur_severe,degraded,gaussian_blur_severe,true_class,5,hide_craze,surface_injure,hide_craze,layer4.1,1x512x7x7,423044a36d0fe953eb20744fc6af7b5c725582d275a06c768e7a70401248b998,e87ca88dad134833a54171674332ea76920f957e7d7e1df10b9ec308ebeff8d8,frozen_imagenet_normalization_on_224x224_phase3_pixels,independent_per_map_minmax_after_relu,f4537df8bc109e44b2c91d4cf44fa571dbc5795db022035fa9c2b7af8e696326,True,0.0,1.0,figures/phase9/gradcam/P9A-029/resnet18/seed_17/degraded/input_rgb.png,figures/phase9/gradcam/P9A-029/resnet18/seed_17/degraded/annotation_overlay.png,figures/phase9/gradcam/P9A-029/resnet18/seed_17/degraded/true_class_hide_craze_heatmap.png,figures/phase9/gradcam/P9A-029/resnet18/seed_17/degraded/true_class_hide_craze_overlay.png
P9A-029,597_0,resnet18,17,gaussian_blur_severe,degraded,gaussian_blur_severe,predicted_class,2,surface_injure,surface_injure,hide_craze,layer4.1,1x512x7x7,423044a36d0fe953eb20744fc6af7b5c725582d275a06c768e7a70401248b998,e87ca88dad134833a54171674332ea76920f957e7d7e1df10b9ec308ebeff8d8,frozen_imagenet_normalization_on_224x224_phase3_pixels,independent_per_map_minmax_after_relu,d7fdff1d2b812fb3f76f7863505a8e411b49d843cb1f96563afd0135f9b3c142,True,0.0,1.0,figures/phase9/gradcam/P9A-029/resnet18/seed_17/degraded/input_rgb.png,figures/phase9/gradcam/P9A-029/resnet18/seed_17/degraded/annotation_overlay.png,figures/phase9/gradcam/P9A-029/resnet18/seed_17/degraded/predicted_class_surface_injure_heatmap.png,figures/phase9/gradcam/P9A-029/resnet18/seed_17/degraded/predicted_class_surface_injure_overlay.png
P9A-030,864_0,resnet18,17,brightness_severe,clean,clean,true_class,2,surface_injure,surface_injure,surface_injure,layer4.1,1x512x7x7,423044a36d0fe953eb20744fc6af7b5c725582d275a06c768e7a70401248b998,e87ca88dad134833a54171674332ea76920f957e7d7e1df10b9ec308ebeff8d8,frozen_imagenet_normalization_on_224x224_phase3_pixels,independent_per_map_minmax_after_relu,7f76b3df6b988e3b0174bfaf09acc35789a094fa7049de19f8fcad804f797929,True,0.0,1.0,figures/phase9/gradcam/P9A-030/resnet18/seed_17/clean/input_rgb.png,figures/phase9/gradcam/P9A-030/resnet18/seed_17/clean/annotation_overlay.png,figures/phase9/gradcam/P9A-030/resnet18/seed_17/clean/true_class_surface_injure_heatmap.png,figures/phase9/gradcam/P9A-030/resnet18/seed_17/clean/true_class_surface_injure_overlay.png
P9A-030,864_0,resnet18,17,brightness_severe,degraded,brightness_severe,true_class,2,surface_injure,corrosion,surface_injure,layer4.1,1x512x7x7,423044a36d0fe953eb20744fc6af7b5c725582d275a06c768e7a70401248b998,e87ca88dad134833a54171674332ea76920f957e7d7e1df10b9ec308ebeff8d8,frozen_imagenet_normalization_on_224x224_phase3_pixels,independent_per_map_minmax_after_relu,16e0e1877012b187bda064a086533260cf5ae6adacc956791da2c767b65e4fda,True,0.0,1.0,figures/phase9/gradcam/P9A-030/resnet18/seed_17/degraded/input_rgb.png,figures/phase9/gradcam/P9A-030/resnet18/seed_17/degraded/annotation_overlay.png,figures/phase9/gradcam/P9A-030/resnet18/seed_17/degraded/true_class_surface_injure_heatmap.png,figures/phase9/gradcam/P9A-030/resnet18/seed_17/degraded/true_class_surface_injure_overlay.png
P9A-030,864_0,resnet18,17,brightness_severe,degraded,brightness_severe,predicted_class,1,corrosion,corrosion,surface_injure,layer4.1,1x512x7x7,423044a36d0fe953eb20744fc6af7b5c725582d275a06c768e7a70401248b998,e87ca88dad134833a54171674332ea76920f957e7d7e1df10b9ec308ebeff8d8,frozen_imagenet_normalization_on_224x224_phase3_pixels,independent_per_map_minmax_after_relu,1c84fe8d764471ed7e6970171c85d7c9067ead4bd1e042a6d8c41a1b781642c6,True,0.0,1.0,figures/phase9/gradcam/P9A-030/resnet18/seed_17/degraded/input_rgb.png,figures/phase9/gradcam/P9A-030/resnet18/seed_17/degraded/annotation_overlay.png,figures/phase9/gradcam/P9A-030/resnet18/seed_17/degraded/predicted_class_corrosion_heatmap.png,figures/phase9/gradcam/P9A-030/resnet18/seed_17/degraded/predicted_class_corrosion_overlay.png
P9A-031,48_0,resnet18,17,brightness_severe,clean,clean,true_class,2,surface_injure,craze,surface_injure,layer4.1,1x512x7x7,423044a36d0fe953eb20744fc6af7b5c725582d275a06c768e7a70401248b998,e87ca88dad134833a54171674332ea76920f957e7d7e1df10b9ec308ebeff8d8,frozen_imagenet_normalization_on_224x224_phase3_pixels,independent_per_map_minmax_after_relu,4c4b3d90316a654fd8be7fc5c031e7a1efd1d4d6b987bdb4323cf8c9d757eff8,True,0.0,1.0,figures/phase9/gradcam/P9A-031/resnet18/seed_17/clean/input_rgb.png,figures/phase9/gradcam/P9A-031/resnet18/seed_17/clean/annotation_overlay.png,figures/phase9/gradcam/P9A-031/resnet18/seed_17/clean/true_class_surface_injure_heatmap.png,figures/phase9/gradcam/P9A-031/resnet18/seed_17/clean/true_class_surface_injure_overlay.png
P9A-031,48_0,resnet18,17,brightness_severe,clean,clean,predicted_class,0,craze,craze,surface_injure,layer4.1,1x512x7x7,423044a36d0fe953eb20744fc6af7b5c725582d275a06c768e7a70401248b998,e87ca88dad134833a54171674332ea76920f957e7d7e1df10b9ec308ebeff8d8,frozen_imagenet_normalization_on_224x224_phase3_pixels,independent_per_map_minmax_after_relu,be6606aeca5fbb1cf6c8ff5d66d33f3e543a35d524e298ccf68ad63aac92d0dd,True,0.0,1.0,figures/phase9/gradcam/P9A-031/resnet18/seed_17/clean/input_rgb.png,figures/phase9/gradcam/P9A-031/resnet18/seed_17/clean/annotation_overlay.png,figures/phase9/gradcam/P9A-031/resnet18/seed_17/clean/predicted_class_craze_heatmap.png,figures/phase9/gradcam/P9A-031/resnet18/seed_17/clean/predicted_class_craze_overlay.png
P9A-031,48_0,resnet18,17,brightness_severe,degraded,brightness_severe,true_class,2,surface_injure,craze,surface_injure,layer4.1,1x512x7x7,423044a36d0fe953eb20744fc6af7b5c725582d275a06c768e7a70401248b998,e87ca88dad134833a54171674332ea76920f957e7d7e1df10b9ec308ebeff8d8,frozen_imagenet_normalization_on_224x224_phase3_pixels,independent_per_map_minmax_after_relu,ddd8871cf90b106af0757fcc42b1a043d553d2b823e8d570f31d13e9b0a0f95d,True,0.0,1.0,figures/phase9/gradcam/P9A-031/resnet18/seed_17/degraded/input_rgb.png,figures/phase9/gradcam/P9A-031/resnet18/seed_17/degraded/annotation_overlay.png,figures/phase9/gradcam/P9A-031/resnet18/seed_17/degraded/true_class_surface_injure_heatmap.png,figures/phase9/gradcam/P9A-031/resnet18/seed_17/degraded/true_class_surface_injure_overlay.png
P9A-031,48_0,resnet18,17,brightness_severe,degraded,brightness_severe,predicted_class,0,craze,craze,surface_injure,layer4.1,1x512x7x7,423044a36d0fe953eb20744fc6af7b5c725582d275a06c768e7a70401248b998,e87ca88dad134833a54171674332ea76920f957e7d7e1df10b9ec308ebeff8d8,frozen_imagenet_normalization_on_224x224_phase3_pixels,independent_per_map_minmax_after_relu,29dda63712caa0647c6b6fb00ffb654893e9e57ae7972c7a87dc7efd007ef3ca,True,0.0,1.0,figures/phase9/gradcam/P9A-031/resnet18/seed_17/degraded/input_rgb.png,figures/phase9/gradcam/P9A-031/resnet18/seed_17/degraded/annotation_overlay.png,figures/phase9/gradcam/P9A-031/resnet18/seed_17/degraded/predicted_class_craze_heatmap.png,figures/phase9/gradcam/P9A-031/resnet18/seed_17/degraded/predicted_class_craze_overlay.png
P9A-033,51_0,resnet18,17,jpeg_severe,clean,clean,true_class,0,craze,corrosion,craze,layer4.1,1x512x7x7,423044a36d0fe953eb20744fc6af7b5c725582d275a06c768e7a70401248b998,e87ca88dad134833a54171674332ea76920f957e7d7e1df10b9ec308ebeff8d8,frozen_imagenet_normalization_on_224x224_phase3_pixels,independent_per_map_minmax_after_relu,1b635f35410debc66557799b61d14a6685200b23e60d6393f6c4cdf0d52b57d6,True,0.0,1.0,figures/phase9/gradcam/P9A-033/resnet18/seed_17/clean/input_rgb.png,figures/phase9/gradcam/P9A-033/resnet18/seed_17/clean/annotation_overlay.png,figures/phase9/gradcam/P9A-033/resnet18/seed_17/clean/true_class_craze_heatmap.png,figures/phase9/gradcam/P9A-033/resnet18/seed_17/clean/true_class_craze_overlay.png
P9A-033,51_0,resnet18,17,jpeg_severe,clean,clean,predicted_class,1,corrosion,corrosion,craze,layer4.1,1x512x7x7,423044a36d0fe953eb20744fc6af7b5c725582d275a06c768e7a70401248b998,e87ca88dad134833a54171674332ea76920f957e7d7e1df10b9ec308ebeff8d8,frozen_imagenet_normalization_on_224x224_phase3_pixels,independent_per_map_minmax_after_relu,f1e778a581ab3c7367791b447198f05b8e131c2a2c2f77b4757913e39664113b,True,0.0,1.0,figures/phase9/gradcam/P9A-033/resnet18/seed_17/clean/input_rgb.png,figures/phase9/gradcam/P9A-033/resnet18/seed_17/clean/annotation_overlay.png,figures/phase9/gradcam/P9A-033/resnet18/seed_17/clean/predicted_class_corrosion_heatmap.png,figures/phase9/gradcam/P9A-033/resnet18/seed_17/clean/predicted_class_corrosion_overlay.png
P9A-033,51_0,resnet18,17,jpeg_severe,degraded,jpeg_severe,true_class,0,craze,corrosion,craze,layer4.1,1x512x7x7,423044a36d0fe953eb20744fc6af7b5c725582d275a06c768e7a70401248b998,e87ca88dad134833a54171674332ea76920f957e7d7e1df10b9ec308ebeff8d8,frozen_imagenet_normalization_on_224x224_phase3_pixels,independent_per_map_minmax_after_relu,88792f023f16490ff2c792f0d6f07be255fcc8d37721451212ed510254529584,True,0.0,1.0,figures/phase9/gradcam/P9A-033/resnet18/seed_17/degraded/input_rgb.png,figures/phase9/gradcam/P9A-033/resnet18/seed_17/degraded/annotation_overlay.png,figures/phase9/gradcam/P9A-033/resnet18/seed_17/degraded/true_class_craze_heatmap.png,figures/phase9/gradcam/P9A-033/resnet18/seed_17/degraded/true_class_craze_overlay.png
P9A-033,51_0,resnet18,17,jpeg_severe,degraded,jpeg_severe,predicted_class,1,corrosion,corrosion,craze,layer4.1,1x512x7x7,423044a36d0fe953eb20744fc6af7b5c725582d275a06c768e7a70401248b998,e87ca88dad134833a54171674332ea76920f957e7d7e1df10b9ec308ebeff8d8,frozen_imagenet_normalization_on_224x224_phase3_pixels,independent_per_map_minmax_after_relu,1669e6aada56f5820f6179afc5e6c4e44bd60f4983236d4f64b714b2520d0b7f,True,0.0,1.0,figures/phase9/gradcam/P9A-033/resnet18/seed_17/degraded/input_rgb.png,figures/phase9/gradcam/P9A-033/resnet18/seed_17/degraded/annotation_overlay.png,figures/phase9/gradcam/P9A-033/resnet18/seed_17/degraded/predicted_class_corrosion_heatmap.png,figures/phase9/gradcam/P9A-033/resnet18/seed_17/degraded/predicted_class_corrosion_overlay.png
P9A-034,88_0,resnet18,17,brightness_severe,clean,clean,true_class,4,crack,crack,crack,layer4.1,1x512x7x7,423044a36d0fe953eb20744fc6af7b5c725582d275a06c768e7a70401248b998,e87ca88dad134833a54171674332ea76920f957e7d7e1df10b9ec308ebeff8d8,frozen_imagenet_normalization_on_224x224_phase3_pixels,independent_per_map_minmax_after_relu,caeefed2db109458c4542857f66b533555da48cc6afebeda34febf747aba56d1,True,0.0,1.0,figures/phase9/gradcam/P9A-034/resnet18/seed_17/clean/input_rgb.png,figures/phase9/gradcam/P9A-034/resnet18/seed_17/clean/annotation_overlay.png,figures/phase9/gradcam/P9A-034/resnet18/seed_17/clean/true_class_crack_heatmap.png,figures/phase9/gradcam/P9A-034/resnet18/seed_17/clean/true_class_crack_overlay.png
P9A-034,88_0,resnet18,17,brightness_severe,degraded,brightness_severe,true_class,4,crack,craze,crack,layer4.1,1x512x7x7,423044a36d0fe953eb20744fc6af7b5c725582d275a06c768e7a70401248b998,e87ca88dad134833a54171674332ea76920f957e7d7e1df10b9ec308ebeff8d8,frozen_imagenet_normalization_on_224x224_phase3_pixels,independent_per_map_minmax_after_relu,346829351b232681cb34af0ac2baa90f8d2bb671a9d6ae6a1432f27d2cb3d1c7,True,0.0,0.0,figures/phase9/gradcam/P9A-034/resnet18/seed_17/degraded/input_rgb.png,figures/phase9/gradcam/P9A-034/resnet18/seed_17/degraded/annotation_overlay.png,figures/phase9/gradcam/P9A-034/resnet18/seed_17/degraded/true_class_crack_heatmap.png,figures/phase9/gradcam/P9A-034/resnet18/seed_17/degraded/true_class_crack_overlay.png
P9A-034,88_0,resnet18,17,brightness_severe,degraded,brightness_severe,predicted_class,0,craze,craze,crack,layer4.1,1x512x7x7,423044a36d0fe953eb20744fc6af7b5c725582d275a06c768e7a70401248b998,e87ca88dad134833a54171674332ea76920f957e7d7e1df10b9ec308ebeff8d8,frozen_imagenet_normalization_on_224x224_phase3_pixels,independent_per_map_minmax_after_relu,354ee99c129b9eb48553578c0508798507ff29c66227056535cf8c4e257aafdf,True,0.0,1.0,figures/phase9/gradcam/P9A-034/resnet18/seed_17/degraded/input_rgb.png,figures/phase9/gradcam/P9A-034/resnet18/seed_17/degraded/annotation_overlay.png,figures/phase9/gradcam/P9A-034/resnet18/seed_17/degraded/predicted_class_craze_heatmap.png,figures/phase9/gradcam/P9A-034/resnet18/seed_17/degraded/predicted_class_craze_overlay.png
P9A-035,142_0,resnet18,17,jpeg_severe,clean,clean,true_class,2,surface_injure,corrosion,surface_injure,layer4.1,1x512x7x7,423044a36d0fe953eb20744fc6af7b5c725582d275a06c768e7a70401248b998,e87ca88dad134833a54171674332ea76920f957e7d7e1df10b9ec308ebeff8d8,frozen_imagenet_normalization_on_224x224_phase3_pixels,independent_per_map_minmax_after_relu,dbd440746bb68d21a038dd2fa4074c45202716ca1dbc397df30ea8df0ea0b621,True,0.0,1.0,figures/phase9/gradcam/P9A-035/resnet18/seed_17/clean/input_rgb.png,figures/phase9/gradcam/P9A-035/resnet18/seed_17/clean/annotation_overlay.png,figures/phase9/gradcam/P9A-035/resnet18/seed_17/clean/true_class_surface_injure_heatmap.png,figures/phase9/gradcam/P9A-035/resnet18/seed_17/clean/true_class_surface_injure_overlay.png
P9A-035,142_0,resnet18,17,jpeg_severe,clean,clean,predicted_class,1,corrosion,corrosion,surface_injure,layer4.1,1x512x7x7,423044a36d0fe953eb20744fc6af7b5c725582d275a06c768e7a70401248b998,e87ca88dad134833a54171674332ea76920f957e7d7e1df10b9ec308ebeff8d8,frozen_imagenet_normalization_on_224x224_phase3_pixels,independent_per_map_minmax_after_relu,b0ec8667b3833ae1bcbbaeb2fa35ccdb19a089512b740dd89d2d758c589287c4,True,0.0,1.0,figures/phase9/gradcam/P9A-035/resnet18/seed_17/clean/input_rgb.png,figures/phase9/gradcam/P9A-035/resnet18/seed_17/clean/annotation_overlay.png,figures/phase9/gradcam/P9A-035/resnet18/seed_17/clean/predicted_class_corrosion_heatmap.png,figures/phase9/gradcam/P9A-035/resnet18/seed_17/clean/predicted_class_corrosion_overlay.png
P9A-035,142_0,resnet18,17,jpeg_severe,degraded,jpeg_severe,true_class,2,surface_injure,corrosion,surface_injure,layer4.1,1x512x7x7,423044a36d0fe953eb20744fc6af7b5c725582d275a06c768e7a70401248b998,e87ca88dad134833a54171674332ea76920f957e7d7e1df10b9ec308ebeff8d8,frozen_imagenet_normalization_on_224x224_phase3_pixels,independent_per_map_minmax_after_relu,51339c2086351cbf7cb54531ad4816660f2720a3e59085138695fcb530606fea,True,0.0,1.0,figures/phase9/gradcam/P9A-035/resnet18/seed_17/degraded/input_rgb.png,figures/phase9/gradcam/P9A-035/resnet18/seed_17/degraded/annotation_overlay.png,figures/phase9/gradcam/P9A-035/resnet18/seed_17/degraded/true_class_surface_injure_heatmap.png,figures/phase9/gradcam/P9A-035/resnet18/seed_17/degraded/true_class_surface_injure_overlay.png
P9A-035,142_0,resnet18,17,jpeg_severe,degraded,jpeg_severe,predicted_class,1,corrosion,corrosion,surface_injure,layer4.1,1x512x7x7,423044a36d0fe953eb20744fc6af7b5c725582d275a06c768e7a70401248b998,e87ca88dad134833a54171674332ea76920f957e7d7e1df10b9ec308ebeff8d8,frozen_imagenet_normalization_on_224x224_phase3_pixels,independent_per_map_minmax_after_relu,7ee68d7dce470bab5abc3e21cb7dab76ed80b8fa876e8cf38c2ddaf7f0c71efb,True,0.0,1.0,figures/phase9/gradcam/P9A-035/resnet18/seed_17/degraded/input_rgb.png,figures/phase9/gradcam/P9A-035/resnet18/seed_17/degraded/annotation_overlay.png,figures/phase9/gradcam/P9A-035/resnet18/seed_17/degraded/predicted_class_corrosion_heatmap.png,figures/phase9/gradcam/P9A-035/resnet18/seed_17/degraded/predicted_class_corrosion_overlay.png
P9A-036,323_0,resnet18,17,jpeg_severe,clean,clean,true_class,1,corrosion,surface_injure,corrosion,layer4.1,1x512x7x7,423044a36d0fe953eb20744fc6af7b5c725582d275a06c768e7a70401248b998,e87ca88dad134833a54171674332ea76920f957e7d7e1df10b9ec308ebeff8d8,frozen_imagenet_normalization_on_224x224_phase3_pixels,independent_per_map_minmax_after_relu,c118138a7a34ea7cf63e0c8e72d2fbaee6d378fe6d2adfb2366494fc4c4dd45e,True,0.0,1.0,figures/phase9/gradcam/P9A-036/resnet18/seed_17/clean/input_rgb.png,figures/phase9/gradcam/P9A-036/resnet18/seed_17/clean/annotation_overlay.png,figures/phase9/gradcam/P9A-036/resnet18/seed_17/clean/true_class_corrosion_heatmap.png,figures/phase9/gradcam/P9A-036/resnet18/seed_17/clean/true_class_corrosion_overlay.png
P9A-036,323_0,resnet18,17,jpeg_severe,clean,clean,predicted_class,2,surface_injure,surface_injure,corrosion,layer4.1,1x512x7x7,423044a36d0fe953eb20744fc6af7b5c725582d275a06c768e7a70401248b998,e87ca88dad134833a54171674332ea76920f957e7d7e1df10b9ec308ebeff8d8,frozen_imagenet_normalization_on_224x224_phase3_pixels,independent_per_map_minmax_after_relu,ac197f1fa59733d1b45017377f09e3768c5d6a461710a17972652f1a5c7fc264,True,0.0,1.0,figures/phase9/gradcam/P9A-036/resnet18/seed_17/clean/input_rgb.png,figures/phase9/gradcam/P9A-036/resnet18/seed_17/clean/annotation_overlay.png,figures/phase9/gradcam/P9A-036/resnet18/seed_17/clean/predicted_class_surface_injure_heatmap.png,figures/phase9/gradcam/P9A-036/resnet18/seed_17/clean/predicted_class_surface_injure_overlay.png
P9A-036,323_0,resnet18,17,jpeg_severe,degraded,jpeg_severe,true_class,1,corrosion,surface_injure,corrosion,layer4.1,1x512x7x7,423044a36d0fe953eb20744fc6af7b5c725582d275a06c768e7a70401248b998,e87ca88dad134833a54171674332ea76920f957e7d7e1df10b9ec308ebeff8d8,frozen_imagenet_normalization_on_224x224_phase3_pixels,independent_per_map_minmax_after_relu,19fc82ecbe4fd18e550344378ec4b337ce76b8e0bb6c32ccc84124761135ba9b,True,0.0,1.0,figures/phase9/gradcam/P9A-036/resnet18/seed_17/degraded/input_rgb.png,figures/phase9/gradcam/P9A-036/resnet18/seed_17/degraded/annotation_overlay.png,figures/phase9/gradcam/P9A-036/resnet18/seed_17/degraded/true_class_corrosion_heatmap.png,figures/phase9/gradcam/P9A-036/resnet18/seed_17/degraded/true_class_corrosion_overlay.png
P9A-036,323_0,resnet18,17,jpeg_severe,degraded,jpeg_severe,predicted_class,2,surface_injure,surface_injure,corrosion,layer4.1,1x512x7x7,423044a36d0fe953eb20744fc6af7b5c725582d275a06c768e7a70401248b998,e87ca88dad134833a54171674332ea76920f957e7d7e1df10b9ec308ebeff8d8,frozen_imagenet_normalization_on_224x224_phase3_pixels,independent_per_map_minmax_after_relu,50be79c6facf5e73581f71e519353f0b576b965825929e71c70aa4d213c18b74,True,0.0,1.0,figures/phase9/gradcam/P9A-036/resnet18/seed_17/degraded/input_rgb.png,figures/phase9/gradcam/P9A-036/resnet18/seed_17/degraded/annotation_overlay.png,figures/phase9/gradcam/P9A-036/resnet18/seed_17/degraded/predicted_class_surface_injure_heatmap.png,figures/phase9/gradcam/P9A-036/resnet18/seed_17/degraded/predicted_class_surface_injure_overlay.png
P9A-038,546_0,resnet18,17,gaussian_blur_severe,clean,clean,true_class,1,corrosion,surface_injure,corrosion,layer4.1,1x512x7x7,423044a36d0fe953eb20744fc6af7b5c725582d275a06c768e7a70401248b998,e87ca88dad134833a54171674332ea76920f957e7d7e1df10b9ec308ebeff8d8,frozen_imagenet_normalization_on_224x224_phase3_pixels,independent_per_map_minmax_after_relu,24910ff6c0a7771f73be692ee9da5a8d93448dc155211bcf2a7908c17a093c11,True,0.0,1.0,figures/phase9/gradcam/P9A-038/resnet18/seed_17/clean/input_rgb.png,figures/phase9/gradcam/P9A-038/resnet18/seed_17/clean/annotation_overlay.png,figures/phase9/gradcam/P9A-038/resnet18/seed_17/clean/true_class_corrosion_heatmap.png,figures/phase9/gradcam/P9A-038/resnet18/seed_17/clean/true_class_corrosion_overlay.png
P9A-038,546_0,resnet18,17,gaussian_blur_severe,clean,clean,predicted_class,2,surface_injure,surface_injure,corrosion,layer4.1,1x512x7x7,423044a36d0fe953eb20744fc6af7b5c725582d275a06c768e7a70401248b998,e87ca88dad134833a54171674332ea76920f957e7d7e1df10b9ec308ebeff8d8,frozen_imagenet_normalization_on_224x224_phase3_pixels,independent_per_map_minmax_after_relu,6b7f2b3f4b8acd3359a5a110de68318d121753498ca740d51bbdcaf62bc18e73,True,0.0,1.0,figures/phase9/gradcam/P9A-038/resnet18/seed_17/clean/input_rgb.png,figures/phase9/gradcam/P9A-038/resnet18/seed_17/clean/annotation_overlay.png,figures/phase9/gradcam/P9A-038/resnet18/seed_17/clean/predicted_class_surface_injure_heatmap.png,figures/phase9/gradcam/P9A-038/resnet18/seed_17/clean/predicted_class_surface_injure_overlay.png
P9A-038,546_0,resnet18,17,gaussian_blur_severe,degraded,gaussian_blur_severe,true_class,1,corrosion,surface_injure,corrosion,layer4.1,1x512x7x7,423044a36d0fe953eb20744fc6af7b5c725582d275a06c768e7a70401248b998,e87ca88dad134833a54171674332ea76920f957e7d7e1df10b9ec308ebeff8d8,frozen_imagenet_normalization_on_224x224_phase3_pixels,independent_per_map_minmax_after_relu,829e1f16174f738d06b73b199e3b28737be3229c835d9d45f8997ef2e22c4c34,True,0.0,1.0,figures/phase9/gradcam/P9A-038/resnet18/seed_17/degraded/input_rgb.png,figures/phase9/gradcam/P9A-038/resnet18/seed_17/degraded/annotation_overlay.png,figures/phase9/gradcam/P9A-038/resnet18/seed_17/degraded/true_class_corrosion_heatmap.png,figures/phase9/gradcam/P9A-038/resnet18/seed_17/degraded/true_class_corrosion_overlay.png
P9A-038,546_0,resnet18,17,gaussian_blur_severe,degraded,gaussian_blur_severe,predicted_class,2,surface_injure,surface_injure,corrosion,layer4.1,1x512x7x7,423044a36d0fe953eb20744fc6af7b5c725582d275a06c768e7a70401248b998,e87ca88dad134833a54171674332ea76920f957e7d7e1df10b9ec308ebeff8d8,frozen_imagenet_normalization_on_224x224_phase3_pixels,independent_per_map_minmax_after_relu,5b8c7719e6b9d179dfef48e1b7d60117dadf5646dcf585ccf135cfd0407f2717,True,0.0,1.0,figures/phase9/gradcam/P9A-038/resnet18/seed_17/degraded/input_rgb.png,figures/phase9/gradcam/P9A-038/resnet18/seed_17/degraded/annotation_overlay.png,figures/phase9/gradcam/P9A-038/resnet18/seed_17/degraded/predicted_class_surface_injure_heatmap.png,figures/phase9/gradcam/P9A-038/resnet18/seed_17/degraded/predicted_class_surface_injure_overlay.png
P9A-039,13_0,resnet18,17,brightness_severe,clean,clean,true_class,5,hide_craze,hide_craze,hide_craze,layer4.1,1x512x7x7,423044a36d0fe953eb20744fc6af7b5c725582d275a06c768e7a70401248b998,e87ca88dad134833a54171674332ea76920f957e7d7e1df10b9ec308ebeff8d8,frozen_imagenet_normalization_on_224x224_phase3_pixels,independent_per_map_minmax_after_relu,cd45c23bf925c547ecc19ad243483a1a6b3910fc7a109c31cafa031f8eb7e8fe,True,0.0,1.0,figures/phase9/gradcam/P9A-039/resnet18/seed_17/clean/input_rgb.png,figures/phase9/gradcam/P9A-039/resnet18/seed_17/clean/annotation_overlay.png,figures/phase9/gradcam/P9A-039/resnet18/seed_17/clean/true_class_hide_craze_heatmap.png,figures/phase9/gradcam/P9A-039/resnet18/seed_17/clean/true_class_hide_craze_overlay.png
P9A-039,13_0,resnet18,17,brightness_severe,degraded,brightness_severe,true_class,5,hide_craze,hide_craze,hide_craze,layer4.1,1x512x7x7,423044a36d0fe953eb20744fc6af7b5c725582d275a06c768e7a70401248b998,e87ca88dad134833a54171674332ea76920f957e7d7e1df10b9ec308ebeff8d8,frozen_imagenet_normalization_on_224x224_phase3_pixels,independent_per_map_minmax_after_relu,795b945021a3ddc9cf00243aacf9e798ea7b7ab2d5e702df737f680cf759b321,True,0.0,1.0,figures/phase9/gradcam/P9A-039/resnet18/seed_17/degraded/input_rgb.png,figures/phase9/gradcam/P9A-039/resnet18/seed_17/degraded/annotation_overlay.png,figures/phase9/gradcam/P9A-039/resnet18/seed_17/degraded/true_class_hide_craze_heatmap.png,figures/phase9/gradcam/P9A-039/resnet18/seed_17/degraded/true_class_hide_craze_overlay.png
P9A-040,71_0,resnet18,17,brightness_severe,clean,clean,true_class,0,craze,craze,craze,layer4.1,1x512x7x7,423044a36d0fe953eb20744fc6af7b5c725582d275a06c768e7a70401248b998,e87ca88dad134833a54171674332ea76920f957e7d7e1df10b9ec308ebeff8d8,frozen_imagenet_normalization_on_224x224_phase3_pixels,independent_per_map_minmax_after_relu,73c85eaaec8221938167adf85e3c5016f55cbc5e84f3ff54098b78a887979234,True,0.0,1.0,figures/phase9/gradcam/P9A-040/resnet18/seed_17/clean/input_rgb.png,figures/phase9/gradcam/P9A-040/resnet18/seed_17/clean/annotation_overlay.png,figures/phase9/gradcam/P9A-040/resnet18/seed_17/clean/true_class_craze_heatmap.png,figures/phase9/gradcam/P9A-040/resnet18/seed_17/clean/true_class_craze_overlay.png
P9A-040,71_0,resnet18,17,brightness_severe,degraded,brightness_severe,true_class,0,craze,craze,craze,layer4.1,1x512x7x7,423044a36d0fe953eb20744fc6af7b5c725582d275a06c768e7a70401248b998,e87ca88dad134833a54171674332ea76920f957e7d7e1df10b9ec308ebeff8d8,frozen_imagenet_normalization_on_224x224_phase3_pixels,independent_per_map_minmax_after_relu,f455efce7f616fe3aa74eb325c4e06f31dbe0b5ceb6c788749cdf83a63bcf841,True,0.0,1.0,figures/phase9/gradcam/P9A-040/resnet18/seed_17/degraded/input_rgb.png,figures/phase9/gradcam/P9A-040/resnet18/seed_17/degraded/annotation_overlay.png,figures/phase9/gradcam/P9A-040/resnet18/seed_17/degraded/true_class_craze_heatmap.png,figures/phase9/gradcam/P9A-040/resnet18/seed_17/degraded/true_class_craze_overlay.png
P9A-041,103_0,resnet18,17,brightness_severe,clean,clean,true_class,0,craze,craze,craze,layer4.1,1x512x7x7,423044a36d0fe953eb20744fc6af7b5c725582d275a06c768e7a70401248b998,e87ca88dad134833a54171674332ea76920f957e7d7e1df10b9ec308ebeff8d8,frozen_imagenet_normalization_on_224x224_phase3_pixels,independent_per_map_minmax_after_relu,bd7af634ab169f55a10b6a3c2607b423d782a4fedba84c19e9859e8d69d3982e,True,0.0,1.0,figures/phase9/gradcam/P9A-041/resnet18/seed_17/clean/input_rgb.png,figures/phase9/gradcam/P9A-041/resnet18/seed_17/clean/annotation_overlay.png,figures/phase9/gradcam/P9A-041/resnet18/seed_17/clean/true_class_craze_heatmap.png,figures/phase9/gradcam/P9A-041/resnet18/seed_17/clean/true_class_craze_overlay.png
P9A-041,103_0,resnet18,17,brightness_severe,degraded,brightness_severe,true_class,0,craze,craze,craze,layer4.1,1x512x7x7,423044a36d0fe953eb20744fc6af7b5c725582d275a06c768e7a70401248b998,e87ca88dad134833a54171674332ea76920f957e7d7e1df10b9ec308ebeff8d8,frozen_imagenet_normalization_on_224x224_phase3_pixels,independent_per_map_minmax_after_relu,a864fd68add487cc67d0dda0b28037a5f1194d2474e02adaf4a8c6f2d12d3627,True,0.0,1.0,figures/phase9/gradcam/P9A-041/resnet18/seed_17/degraded/input_rgb.png,figures/phase9/gradcam/P9A-041/resnet18/seed_17/degraded/annotation_overlay.png,figures/phase9/gradcam/P9A-041/resnet18/seed_17/degraded/true_class_craze_heatmap.png,figures/phase9/gradcam/P9A-041/resnet18/seed_17/degraded/true_class_craze_overlay.png
P9A-042,112_1,resnet18,17,brightness_severe,clean,clean,true_class,2,surface_injure,surface_injure,surface_injure,layer4.1,1x512x7x7,423044a36d0fe953eb20744fc6af7b5c725582d275a06c768e7a70401248b998,e87ca88dad134833a54171674332ea76920f957e7d7e1df10b9ec308ebeff8d8,frozen_imagenet_normalization_on_224x224_phase3_pixels,independent_per_map_minmax_after_relu,ea57fd6b6bd0407b6a5202de3724c98f5d667d085408693f0c4e631e60770f5b,True,0.0,1.0,figures/phase9/gradcam/P9A-042/resnet18/seed_17/clean/input_rgb.png,figures/phase9/gradcam/P9A-042/resnet18/seed_17/clean/annotation_overlay.png,figures/phase9/gradcam/P9A-042/resnet18/seed_17/clean/true_class_surface_injure_heatmap.png,figures/phase9/gradcam/P9A-042/resnet18/seed_17/clean/true_class_surface_injure_overlay.png
P9A-042,112_1,resnet18,17,brightness_severe,degraded,brightness_severe,true_class,2,surface_injure,surface_injure,surface_injure,layer4.1,1x512x7x7,423044a36d0fe953eb20744fc6af7b5c725582d275a06c768e7a70401248b998,e87ca88dad134833a54171674332ea76920f957e7d7e1df10b9ec308ebeff8d8,frozen_imagenet_normalization_on_224x224_phase3_pixels,independent_per_map_minmax_after_relu,a2da1b8c8fea5366805f22e3530f1b29c9784e5705a1c4d930ea100faf7a5b41,True,0.0,1.0,figures/phase9/gradcam/P9A-042/resnet18/seed_17/degraded/input_rgb.png,figures/phase9/gradcam/P9A-042/resnet18/seed_17/degraded/annotation_overlay.png,figures/phase9/gradcam/P9A-042/resnet18/seed_17/degraded/true_class_surface_injure_heatmap.png,figures/phase9/gradcam/P9A-042/resnet18/seed_17/degraded/true_class_surface_injure_overlay.png
P9A-043,161_0,resnet18,17,brightness_severe,clean,clean,true_class,1,corrosion,corrosion,corrosion,layer4.1,1x512x7x7,423044a36d0fe953eb20744fc6af7b5c725582d275a06c768e7a70401248b998,e87ca88dad134833a54171674332ea76920f957e7d7e1df10b9ec308ebeff8d8,frozen_imagenet_normalization_on_224x224_phase3_pixels,independent_per_map_minmax_after_relu,cc835e00db200d4c69e0280d555b01d2da678c1b810e83151d18097e69e00544,True,0.0,1.0,figures/phase9/gradcam/P9A-043/resnet18/seed_17/clean/input_rgb.png,figures/phase9/gradcam/P9A-043/resnet18/seed_17/clean/annotation_overlay.png,figures/phase9/gradcam/P9A-043/resnet18/seed_17/clean/true_class_corrosion_heatmap.png,figures/phase9/gradcam/P9A-043/resnet18/seed_17/clean/true_class_corrosion_overlay.png
P9A-043,161_0,resnet18,17,brightness_severe,degraded,brightness_severe,true_class,1,corrosion,corrosion,corrosion,layer4.1,1x512x7x7,423044a36d0fe953eb20744fc6af7b5c725582d275a06c768e7a70401248b998,e87ca88dad134833a54171674332ea76920f957e7d7e1df10b9ec308ebeff8d8,frozen_imagenet_normalization_on_224x224_phase3_pixels,independent_per_map_minmax_after_relu,bd6680c1eed33ebb56f4594df2c2078c53fa3151cea77790a9a9a400dfc4bee6,True,0.0,1.0,figures/phase9/gradcam/P9A-043/resnet18/seed_17/degraded/input_rgb.png,figures/phase9/gradcam/P9A-043/resnet18/seed_17/degraded/annotation_overlay.png,figures/phase9/gradcam/P9A-043/resnet18/seed_17/degraded/true_class_corrosion_heatmap.png,figures/phase9/gradcam/P9A-043/resnet18/seed_17/degraded/true_class_corrosion_overlay.png
P9A-044,250_0,resnet18,17,brightness_severe,clean,clean,true_class,4,crack,crack,crack,layer4.1,1x512x7x7,423044a36d0fe953eb20744fc6af7b5c725582d275a06c768e7a70401248b998,e87ca88dad134833a54171674332ea76920f957e7d7e1df10b9ec308ebeff8d8,frozen_imagenet_normalization_on_224x224_phase3_pixels,independent_per_map_minmax_after_relu,f22fb5d7d6bca5c0d413c4652c15ca7be4139877c285baa6a45643c7424e1c58,True,0.0,1.0,figures/phase9/gradcam/P9A-044/resnet18/seed_17/clean/input_rgb.png,figures/phase9/gradcam/P9A-044/resnet18/seed_17/clean/annotation_overlay.png,figures/phase9/gradcam/P9A-044/resnet18/seed_17/clean/true_class_crack_heatmap.png,figures/phase9/gradcam/P9A-044/resnet18/seed_17/clean/true_class_crack_overlay.png
P9A-044,250_0,resnet18,17,brightness_severe,degraded,brightness_severe,true_class,4,crack,crack,crack,layer4.1,1x512x7x7,423044a36d0fe953eb20744fc6af7b5c725582d275a06c768e7a70401248b998,e87ca88dad134833a54171674332ea76920f957e7d7e1df10b9ec308ebeff8d8,frozen_imagenet_normalization_on_224x224_phase3_pixels,independent_per_map_minmax_after_relu,4d616b6effed8676cc167895c752c7f1a8e336ac593f73ca63b922b37735ce1f,True,0.0,1.0,figures/phase9/gradcam/P9A-044/resnet18/seed_17/degraded/input_rgb.png,figures/phase9/gradcam/P9A-044/resnet18/seed_17/degraded/annotation_overlay.png,figures/phase9/gradcam/P9A-044/resnet18/seed_17/degraded/true_class_crack_heatmap.png,figures/phase9/gradcam/P9A-044/resnet18/seed_17/degraded/true_class_crack_overlay.png
P9A-045,322_0,resnet18,17,brightness_severe,clean,clean,true_class,1,corrosion,corrosion,corrosion,layer4.1,1x512x7x7,423044a36d0fe953eb20744fc6af7b5c725582d275a06c768e7a70401248b998,e87ca88dad134833a54171674332ea76920f957e7d7e1df10b9ec308ebeff8d8,frozen_imagenet_normalization_on_224x224_phase3_pixels,independent_per_map_minmax_after_relu,ebd54ad9b201b30aef7788dd30a8e0841978851f8fa6ea8973fad6d16d15f913,True,0.0,1.0,figures/phase9/gradcam/P9A-045/resnet18/seed_17/clean/input_rgb.png,figures/phase9/gradcam/P9A-045/resnet18/seed_17/clean/annotation_overlay.png,figures/phase9/gradcam/P9A-045/resnet18/seed_17/clean/true_class_corrosion_heatmap.png,figures/phase9/gradcam/P9A-045/resnet18/seed_17/clean/true_class_corrosion_overlay.png
P9A-045,322_0,resnet18,17,brightness_severe,degraded,brightness_severe,true_class,1,corrosion,corrosion,corrosion,layer4.1,1x512x7x7,423044a36d0fe953eb20744fc6af7b5c725582d275a06c768e7a70401248b998,e87ca88dad134833a54171674332ea76920f957e7d7e1df10b9ec308ebeff8d8,frozen_imagenet_normalization_on_224x224_phase3_pixels,independent_per_map_minmax_after_relu,8e175313756b45041f50b327815b1f3bc8f93963f0db44e8fa994f78c3f64c00,True,0.0,1.0,figures/phase9/gradcam/P9A-045/resnet18/seed_17/degraded/input_rgb.png,figures/phase9/gradcam/P9A-045/resnet18/seed_17/degraded/annotation_overlay.png,figures/phase9/gradcam/P9A-045/resnet18/seed_17/degraded/true_class_corrosion_heatmap.png,figures/phase9/gradcam/P9A-045/resnet18/seed_17/degraded/true_class_corrosion_overlay.png
P9A-046,686_0,resnet18,17,brightness_severe,clean,clean,true_class,3,thunderstrike,thunderstrike,thunderstrike,layer4.1,1x512x7x7,423044a36d0fe953eb20744fc6af7b5c725582d275a06c768e7a70401248b998,e87ca88dad134833a54171674332ea76920f957e7d7e1df10b9ec308ebeff8d8,frozen_imagenet_normalization_on_224x224_phase3_pixels,independent_per_map_minmax_after_relu,5eb8af27d59b407eb59327bf1c05e1c95058d5747d596b676b2ce3ae6a04b8c2,True,0.0,1.0,figures/phase9/gradcam/P9A-046/resnet18/seed_17/clean/input_rgb.png,figures/phase9/gradcam/P9A-046/resnet18/seed_17/clean/annotation_overlay.png,figures/phase9/gradcam/P9A-046/resnet18/seed_17/clean/true_class_thunderstrike_heatmap.png,figures/phase9/gradcam/P9A-046/resnet18/seed_17/clean/true_class_thunderstrike_overlay.png
P9A-046,686_0,resnet18,17,brightness_severe,degraded,brightness_severe,true_class,3,thunderstrike,thunderstrike,thunderstrike,layer4.1,1x512x7x7,423044a36d0fe953eb20744fc6af7b5c725582d275a06c768e7a70401248b998,e87ca88dad134833a54171674332ea76920f957e7d7e1df10b9ec308ebeff8d8,frozen_imagenet_normalization_on_224x224_phase3_pixels,independent_per_map_minmax_after_relu,9d6c630a7de27fe87afd54742953af542686fa4eb4a4105e93d73a4e46dcf33a,True,0.0,1.0,figures/phase9/gradcam/P9A-046/resnet18/seed_17/degraded/input_rgb.png,figures/phase9/gradcam/P9A-046/resnet18/seed_17/degraded/annotation_overlay.png,figures/phase9/gradcam/P9A-046/resnet18/seed_17/degraded/true_class_thunderstrike_heatmap.png,figures/phase9/gradcam/P9A-046/resnet18/seed_17/degraded/true_class_thunderstrike_overlay.png
P9A-047,88_0,resnet18,17,gaussian_blur_moderate,clean,clean,true_class,4,crack,crack,crack,layer4.1,1x512x7x7,423044a36d0fe953eb20744fc6af7b5c725582d275a06c768e7a70401248b998,e87ca88dad134833a54171674332ea76920f957e7d7e1df10b9ec308ebeff8d8,frozen_imagenet_normalization_on_224x224_phase3_pixels,independent_per_map_minmax_after_relu,caeefed2db109458c4542857f66b533555da48cc6afebeda34febf747aba56d1,True,0.0,1.0,figures/phase9/gradcam/P9A-047/resnet18/seed_17/clean/input_rgb.png,figures/phase9/gradcam/P9A-047/resnet18/seed_17/clean/annotation_overlay.png,figures/phase9/gradcam/P9A-047/resnet18/seed_17/clean/true_class_crack_heatmap.png,figures/phase9/gradcam/P9A-047/resnet18/seed_17/clean/true_class_crack_overlay.png
P9A-047,88_0,resnet18,17,gaussian_blur_moderate,degraded,gaussian_blur_moderate,true_class,4,crack,crack,crack,layer4.1,1x512x7x7,423044a36d0fe953eb20744fc6af7b5c725582d275a06c768e7a70401248b998,e87ca88dad134833a54171674332ea76920f957e7d7e1df10b9ec308ebeff8d8,frozen_imagenet_normalization_on_224x224_phase3_pixels,independent_per_map_minmax_after_relu,94fbf1115a9265067c227e98edd4267a645de59e523506825e94fc54a529b660,True,0.0,1.0,figures/phase9/gradcam/P9A-047/resnet18/seed_17/degraded/input_rgb.png,figures/phase9/gradcam/P9A-047/resnet18/seed_17/degraded/annotation_overlay.png,figures/phase9/gradcam/P9A-047/resnet18/seed_17/degraded/true_class_crack_heatmap.png,figures/phase9/gradcam/P9A-047/resnet18/seed_17/degraded/true_class_crack_overlay.png
P9A-048,142_0,resnet18,17,gaussian_blur_moderate,clean,clean,true_class,2,surface_injure,corrosion,surface_injure,layer4.1,1x512x7x7,423044a36d0fe953eb20744fc6af7b5c725582d275a06c768e7a70401248b998,e87ca88dad134833a54171674332ea76920f957e7d7e1df10b9ec308ebeff8d8,frozen_imagenet_normalization_on_224x224_phase3_pixels,independent_per_map_minmax_after_relu,dbd440746bb68d21a038dd2fa4074c45202716ca1dbc397df30ea8df0ea0b621,True,0.0,1.0,figures/phase9/gradcam/P9A-048/resnet18/seed_17/clean/input_rgb.png,figures/phase9/gradcam/P9A-048/resnet18/seed_17/clean/annotation_overlay.png,figures/phase9/gradcam/P9A-048/resnet18/seed_17/clean/true_class_surface_injure_heatmap.png,figures/phase9/gradcam/P9A-048/resnet18/seed_17/clean/true_class_surface_injure_overlay.png
P9A-048,142_0,resnet18,17,gaussian_blur_moderate,clean,clean,predicted_class,1,corrosion,corrosion,surface_injure,layer4.1,1x512x7x7,423044a36d0fe953eb20744fc6af7b5c725582d275a06c768e7a70401248b998,e87ca88dad134833a54171674332ea76920f957e7d7e1df10b9ec308ebeff8d8,frozen_imagenet_normalization_on_224x224_phase3_pixels,independent_per_map_minmax_after_relu,b0ec8667b3833ae1bcbbaeb2fa35ccdb19a089512b740dd89d2d758c589287c4,True,0.0,1.0,figures/phase9/gradcam/P9A-048/resnet18/seed_17/clean/input_rgb.png,figures/phase9/gradcam/P9A-048/resnet18/seed_17/clean/annotation_overlay.png,figures/phase9/gradcam/P9A-048/resnet18/seed_17/clean/predicted_class_corrosion_heatmap.png,figures/phase9/gradcam/P9A-048/resnet18/seed_17/clean/predicted_class_corrosion_overlay.png
P9A-048,142_0,resnet18,17,gaussian_blur_moderate,degraded,gaussian_blur_moderate,true_class,2,surface_injure,surface_injure,surface_injure,layer4.1,1x512x7x7,423044a36d0fe953eb20744fc6af7b5c725582d275a06c768e7a70401248b998,e87ca88dad134833a54171674332ea76920f957e7d7e1df10b9ec308ebeff8d8,frozen_imagenet_normalization_on_224x224_phase3_pixels,independent_per_map_minmax_after_relu,c59ee7eb06ab3a20300f4c32b0244f9dadbd2999f193baf7c7482e80483ada98,True,0.0,1.0,figures/phase9/gradcam/P9A-048/resnet18/seed_17/degraded/input_rgb.png,figures/phase9/gradcam/P9A-048/resnet18/seed_17/degraded/annotation_overlay.png,figures/phase9/gradcam/P9A-048/resnet18/seed_17/degraded/true_class_surface_injure_heatmap.png,figures/phase9/gradcam/P9A-048/resnet18/seed_17/degraded/true_class_surface_injure_overlay.png
P9A-049,142_0,resnet18,17,gaussian_blur_severe,clean,clean,true_class,2,surface_injure,corrosion,surface_injure,layer4.1,1x512x7x7,423044a36d0fe953eb20744fc6af7b5c725582d275a06c768e7a70401248b998,e87ca88dad134833a54171674332ea76920f957e7d7e1df10b9ec308ebeff8d8,frozen_imagenet_normalization_on_224x224_phase3_pixels,independent_per_map_minmax_after_relu,dbd440746bb68d21a038dd2fa4074c45202716ca1dbc397df30ea8df0ea0b621,True,0.0,1.0,figures/phase9/gradcam/P9A-049/resnet18/seed_17/clean/input_rgb.png,figures/phase9/gradcam/P9A-049/resnet18/seed_17/clean/annotation_overlay.png,figures/phase9/gradcam/P9A-049/resnet18/seed_17/clean/true_class_surface_injure_heatmap.png,figures/phase9/gradcam/P9A-049/resnet18/seed_17/clean/true_class_surface_injure_overlay.png
P9A-049,142_0,resnet18,17,gaussian_blur_severe,clean,clean,predicted_class,1,corrosion,corrosion,surface_injure,layer4.1,1x512x7x7,423044a36d0fe953eb20744fc6af7b5c725582d275a06c768e7a70401248b998,e87ca88dad134833a54171674332ea76920f957e7d7e1df10b9ec308ebeff8d8,frozen_imagenet_normalization_on_224x224_phase3_pixels,independent_per_map_minmax_after_relu,b0ec8667b3833ae1bcbbaeb2fa35ccdb19a089512b740dd89d2d758c589287c4,True,0.0,1.0,figures/phase9/gradcam/P9A-049/resnet18/seed_17/clean/input_rgb.png,figures/phase9/gradcam/P9A-049/resnet18/seed_17/clean/annotation_overlay.png,figures/phase9/gradcam/P9A-049/resnet18/seed_17/clean/predicted_class_corrosion_heatmap.png,figures/phase9/gradcam/P9A-049/resnet18/seed_17/clean/predicted_class_corrosion_overlay.png
P9A-049,142_0,resnet18,17,gaussian_blur_severe,degraded,gaussian_blur_severe,true_class,2,surface_injure,surface_injure,surface_injure,layer4.1,1x512x7x7,423044a36d0fe953eb20744fc6af7b5c725582d275a06c768e7a70401248b998,e87ca88dad134833a54171674332ea76920f957e7d7e1df10b9ec308ebeff8d8,frozen_imagenet_normalization_on_224x224_phase3_pixels,independent_per_map_minmax_after_relu,cb9a28d5e48051ab56001c3fbee86378c594133e17156dcb44bbb863ec4a78d6,True,0.0,1.0,figures/phase9/gradcam/P9A-049/resnet18/seed_17/degraded/input_rgb.png,figures/phase9/gradcam/P9A-049/resnet18/seed_17/degraded/annotation_overlay.png,figures/phase9/gradcam/P9A-049/resnet18/seed_17/degraded/true_class_surface_injure_heatmap.png,figures/phase9/gradcam/P9A-049/resnet18/seed_17/degraded/true_class_surface_injure_overlay.png
P9A-050,228_1,resnet18,17,brightness_severe,clean,clean,true_class,5,hide_craze,craze,hide_craze,layer4.1,1x512x7x7,423044a36d0fe953eb20744fc6af7b5c725582d275a06c768e7a70401248b998,e87ca88dad134833a54171674332ea76920f957e7d7e1df10b9ec308ebeff8d8,frozen_imagenet_normalization_on_224x224_phase3_pixels,independent_per_map_minmax_after_relu,3e095dd93c830e3cbdf3084400be872d4aaca2e9a8d72d53aa5402b78b257d38,True,0.0,1.0,figures/phase9/gradcam/P9A-050/resnet18/seed_17/clean/input_rgb.png,figures/phase9/gradcam/P9A-050/resnet18/seed_17/clean/annotation_overlay.png,figures/phase9/gradcam/P9A-050/resnet18/seed_17/clean/true_class_hide_craze_heatmap.png,figures/phase9/gradcam/P9A-050/resnet18/seed_17/clean/true_class_hide_craze_overlay.png
P9A-050,228_1,resnet18,17,brightness_severe,clean,clean,predicted_class,0,craze,craze,hide_craze,layer4.1,1x512x7x7,423044a36d0fe953eb20744fc6af7b5c725582d275a06c768e7a70401248b998,e87ca88dad134833a54171674332ea76920f957e7d7e1df10b9ec308ebeff8d8,frozen_imagenet_normalization_on_224x224_phase3_pixels,independent_per_map_minmax_after_relu,1b2047501f257df3eaff6afba0fb31e395b0e2191fb8106900e77d6a3cb53d19,True,0.0,1.0,figures/phase9/gradcam/P9A-050/resnet18/seed_17/clean/input_rgb.png,figures/phase9/gradcam/P9A-050/resnet18/seed_17/clean/annotation_overlay.png,figures/phase9/gradcam/P9A-050/resnet18/seed_17/clean/predicted_class_craze_heatmap.png,figures/phase9/gradcam/P9A-050/resnet18/seed_17/clean/predicted_class_craze_overlay.png
P9A-050,228_1,resnet18,17,brightness_severe,degraded,brightness_severe,true_class,5,hide_craze,hide_craze,hide_craze,layer4.1,1x512x7x7,423044a36d0fe953eb20744fc6af7b5c725582d275a06c768e7a70401248b998,e87ca88dad134833a54171674332ea76920f957e7d7e1df10b9ec308ebeff8d8,frozen_imagenet_normalization_on_224x224_phase3_pixels,independent_per_map_minmax_after_relu,eda82d70e3d8af52c43c6af0505dc599147d00efa483976d14998febc382a039,True,0.0,1.0,figures/phase9/gradcam/P9A-050/resnet18/seed_17/degraded/input_rgb.png,figures/phase9/gradcam/P9A-050/resnet18/seed_17/degraded/annotation_overlay.png,figures/phase9/gradcam/P9A-050/resnet18/seed_17/degraded/true_class_hide_craze_heatmap.png,figures/phase9/gradcam/P9A-050/resnet18/seed_17/degraded/true_class_hide_craze_overlay.png
P9A-053,46_0,resnet18,17,brightness_severe,clean,clean,true_class,1,corrosion,corrosion,corrosion,layer4.1,1x512x7x7,423044a36d0fe953eb20744fc6af7b5c725582d275a06c768e7a70401248b998,e87ca88dad134833a54171674332ea76920f957e7d7e1df10b9ec308ebeff8d8,frozen_imagenet_normalization_on_224x224_phase3_pixels,independent_per_map_minmax_after_relu,359b3cc45a8777279f89977ec0a569cb6e1ea160fdfaee5708a75fbb5d485b98,True,0.0,1.0,figures/phase9/gradcam/P9A-053/resnet18/seed_17/clean/input_rgb.png,figures/phase9/gradcam/P9A-053/resnet18/seed_17/clean/annotation_overlay.png,figures/phase9/gradcam/P9A-053/resnet18/seed_17/clean/true_class_corrosion_heatmap.png,figures/phase9/gradcam/P9A-053/resnet18/seed_17/clean/true_class_corrosion_overlay.png
P9A-053,46_0,resnet18,17,brightness_severe,degraded,brightness_severe,true_class,1,corrosion,corrosion,corrosion,layer4.1,1x512x7x7,423044a36d0fe953eb20744fc6af7b5c725582d275a06c768e7a70401248b998,e87ca88dad134833a54171674332ea76920f957e7d7e1df10b9ec308ebeff8d8,frozen_imagenet_normalization_on_224x224_phase3_pixels,independent_per_map_minmax_after_relu,50bff898f76dd58a09923c57acc935fb73007ca9a07d06dab58d8c1bb71f0d93,True,0.0,1.0,figures/phase9/gradcam/P9A-053/resnet18/seed_17/degraded/input_rgb.png,figures/phase9/gradcam/P9A-053/resnet18/seed_17/degraded/annotation_overlay.png,figures/phase9/gradcam/P9A-053/resnet18/seed_17/degraded/true_class_corrosion_heatmap.png,figures/phase9/gradcam/P9A-053/resnet18/seed_17/degraded/true_class_corrosion_overlay.png
P9A-054,46_1,resnet18,17,brightness_severe,clean,clean,true_class,1,corrosion,corrosion,corrosion,layer4.1,1x512x7x7,423044a36d0fe953eb20744fc6af7b5c725582d275a06c768e7a70401248b998,e87ca88dad134833a54171674332ea76920f957e7d7e1df10b9ec308ebeff8d8,frozen_imagenet_normalization_on_224x224_phase3_pixels,independent_per_map_minmax_after_relu,afdeced74c595af4fe0d636cbaa3cee414835348ca9cf53ea0492bf33cafeb2f,True,0.0,1.0,figures/phase9/gradcam/P9A-054/resnet18/seed_17/clean/input_rgb.png,figures/phase9/gradcam/P9A-054/resnet18/seed_17/clean/annotation_overlay.png,figures/phase9/gradcam/P9A-054/resnet18/seed_17/clean/true_class_corrosion_heatmap.png,figures/phase9/gradcam/P9A-054/resnet18/seed_17/clean/true_class_corrosion_overlay.png
P9A-054,46_1,resnet18,17,brightness_severe,degraded,brightness_severe,true_class,1,corrosion,corrosion,corrosion,layer4.1,1x512x7x7,423044a36d0fe953eb20744fc6af7b5c725582d275a06c768e7a70401248b998,e87ca88dad134833a54171674332ea76920f957e7d7e1df10b9ec308ebeff8d8,frozen_imagenet_normalization_on_224x224_phase3_pixels,independent_per_map_minmax_after_relu,10717bb7e398a20866865dafc6e6fdce01cafd4d345560ff457ff21a3ce4802d,True,0.0,1.0,figures/phase9/gradcam/P9A-054/resnet18/seed_17/degraded/input_rgb.png,figures/phase9/gradcam/P9A-054/resnet18/seed_17/degraded/annotation_overlay.png,figures/phase9/gradcam/P9A-054/resnet18/seed_17/degraded/true_class_corrosion_heatmap.png,figures/phase9/gradcam/P9A-054/resnet18/seed_17/degraded/true_class_corrosion_overlay.png
P9A-055,48_0,resnet18,17,brightness_mild,clean,clean,true_class,2,surface_injure,craze,surface_injure,layer4.1,1x512x7x7,423044a36d0fe953eb20744fc6af7b5c725582d275a06c768e7a70401248b998,e87ca88dad134833a54171674332ea76920f957e7d7e1df10b9ec308ebeff8d8,frozen_imagenet_normalization_on_224x224_phase3_pixels,independent_per_map_minmax_after_relu,4c4b3d90316a654fd8be7fc5c031e7a1efd1d4d6b987bdb4323cf8c9d757eff8,True,0.0,1.0,figures/phase9/gradcam/P9A-055/resnet18/seed_17/clean/input_rgb.png,figures/phase9/gradcam/P9A-055/resnet18/seed_17/clean/annotation_overlay.png,figures/phase9/gradcam/P9A-055/resnet18/seed_17/clean/true_class_surface_injure_heatmap.png,figures/phase9/gradcam/P9A-055/resnet18/seed_17/clean/true_class_surface_injure_overlay.png
P9A-055,48_0,resnet18,17,brightness_mild,clean,clean,predicted_class,0,craze,craze,surface_injure,layer4.1,1x512x7x7,423044a36d0fe953eb20744fc6af7b5c725582d275a06c768e7a70401248b998,e87ca88dad134833a54171674332ea76920f957e7d7e1df10b9ec308ebeff8d8,frozen_imagenet_normalization_on_224x224_phase3_pixels,independent_per_map_minmax_after_relu,be6606aeca5fbb1cf6c8ff5d66d33f3e543a35d524e298ccf68ad63aac92d0dd,True,0.0,1.0,figures/phase9/gradcam/P9A-055/resnet18/seed_17/clean/input_rgb.png,figures/phase9/gradcam/P9A-055/resnet18/seed_17/clean/annotation_overlay.png,figures/phase9/gradcam/P9A-055/resnet18/seed_17/clean/predicted_class_craze_heatmap.png,figures/phase9/gradcam/P9A-055/resnet18/seed_17/clean/predicted_class_craze_overlay.png
P9A-055,48_0,resnet18,17,brightness_mild,degraded,brightness_mild,true_class,2,surface_injure,craze,surface_injure,layer4.1,1x512x7x7,423044a36d0fe953eb20744fc6af7b5c725582d275a06c768e7a70401248b998,e87ca88dad134833a54171674332ea76920f957e7d7e1df10b9ec308ebeff8d8,frozen_imagenet_normalization_on_224x224_phase3_pixels,independent_per_map_minmax_after_relu,f64bb78319b24ec83f83b528af855e9efb5b8035c206ba4533046e6092839445,True,0.0,1.0,figures/phase9/gradcam/P9A-055/resnet18/seed_17/degraded/input_rgb.png,figures/phase9/gradcam/P9A-055/resnet18/seed_17/degraded/annotation_overlay.png,figures/phase9/gradcam/P9A-055/resnet18/seed_17/degraded/true_class_surface_injure_heatmap.png,figures/phase9/gradcam/P9A-055/resnet18/seed_17/degraded/true_class_surface_injure_overlay.png
P9A-055,48_0,resnet18,17,brightness_mild,degraded,brightness_mild,predicted_class,0,craze,craze,surface_injure,layer4.1,1x512x7x7,423044a36d0fe953eb20744fc6af7b5c725582d275a06c768e7a70401248b998,e87ca88dad134833a54171674332ea76920f957e7d7e1df10b9ec308ebeff8d8,frozen_imagenet_normalization_on_224x224_phase3_pixels,independent_per_map_minmax_after_relu,460521481a2467a707162da6883b78e4a45a08798caa1b142a8cd39b14be785f,True,0.0,1.0,figures/phase9/gradcam/P9A-055/resnet18/seed_17/degraded/input_rgb.png,figures/phase9/gradcam/P9A-055/resnet18/seed_17/degraded/annotation_overlay.png,figures/phase9/gradcam/P9A-055/resnet18/seed_17/degraded/predicted_class_craze_heatmap.png,figures/phase9/gradcam/P9A-055/resnet18/seed_17/degraded/predicted_class_craze_overlay.png
P9A-056,51_0,resnet18,17,brightness_mild,clean,clean,true_class,0,craze,corrosion,craze,layer4.1,1x512x7x7,423044a36d0fe953eb20744fc6af7b5c725582d275a06c768e7a70401248b998,e87ca88dad134833a54171674332ea76920f957e7d7e1df10b9ec308ebeff8d8,frozen_imagenet_normalization_on_224x224_phase3_pixels,independent_per_map_minmax_after_relu,1b635f35410debc66557799b61d14a6685200b23e60d6393f6c4cdf0d52b57d6,True,0.0,1.0,figures/phase9/gradcam/P9A-056/resnet18/seed_17/clean/input_rgb.png,figures/phase9/gradcam/P9A-056/resnet18/seed_17/clean/annotation_overlay.png,figures/phase9/gradcam/P9A-056/resnet18/seed_17/clean/true_class_craze_heatmap.png,figures/phase9/gradcam/P9A-056/resnet18/seed_17/clean/true_class_craze_overlay.png
P9A-056,51_0,resnet18,17,brightness_mild,clean,clean,predicted_class,1,corrosion,corrosion,craze,layer4.1,1x512x7x7,423044a36d0fe953eb20744fc6af7b5c725582d275a06c768e7a70401248b998,e87ca88dad134833a54171674332ea76920f957e7d7e1df10b9ec308ebeff8d8,frozen_imagenet_normalization_on_224x224_phase3_pixels,independent_per_map_minmax_after_relu,f1e778a581ab3c7367791b447198f05b8e131c2a2c2f77b4757913e39664113b,True,0.0,1.0,figures/phase9/gradcam/P9A-056/resnet18/seed_17/clean/input_rgb.png,figures/phase9/gradcam/P9A-056/resnet18/seed_17/clean/annotation_overlay.png,figures/phase9/gradcam/P9A-056/resnet18/seed_17/clean/predicted_class_corrosion_heatmap.png,figures/phase9/gradcam/P9A-056/resnet18/seed_17/clean/predicted_class_corrosion_overlay.png
P9A-056,51_0,resnet18,17,brightness_mild,degraded,brightness_mild,true_class,0,craze,corrosion,craze,layer4.1,1x512x7x7,423044a36d0fe953eb20744fc6af7b5c725582d275a06c768e7a70401248b998,e87ca88dad134833a54171674332ea76920f957e7d7e1df10b9ec308ebeff8d8,frozen_imagenet_normalization_on_224x224_phase3_pixels,independent_per_map_minmax_after_relu,6c83e9fe9bace7e2031b0f473f08dcc3d79f282706357d6abd0f547b171c99e3,True,0.0,1.0,figures/phase9/gradcam/P9A-056/resnet18/seed_17/degraded/input_rgb.png,figures/phase9/gradcam/P9A-056/resnet18/seed_17/degraded/annotation_overlay.png,figures/phase9/gradcam/P9A-056/resnet18/seed_17/degraded/true_class_craze_heatmap.png,figures/phase9/gradcam/P9A-056/resnet18/seed_17/degraded/true_class_craze_overlay.png
P9A-056,51_0,resnet18,17,brightness_mild,degraded,brightness_mild,predicted_class,1,corrosion,corrosion,craze,layer4.1,1x512x7x7,423044a36d0fe953eb20744fc6af7b5c725582d275a06c768e7a70401248b998,e87ca88dad134833a54171674332ea76920f957e7d7e1df10b9ec308ebeff8d8,frozen_imagenet_normalization_on_224x224_phase3_pixels,independent_per_map_minmax_after_relu,4da7ec61982c39fecfccd6d5574303326fbad690d868f4e4428ceff8e59e7607,True,0.0,1.0,figures/phase9/gradcam/P9A-056/resnet18/seed_17/degraded/input_rgb.png,figures/phase9/gradcam/P9A-056/resnet18/seed_17/degraded/annotation_overlay.png,figures/phase9/gradcam/P9A-056/resnet18/seed_17/degraded/predicted_class_corrosion_heatmap.png,figures/phase9/gradcam/P9A-056/resnet18/seed_17/degraded/predicted_class_corrosion_overlay.png
P9A-057,51_0,resnet18,17,brightness_moderate,clean,clean,true_class,0,craze,corrosion,craze,layer4.1,1x512x7x7,423044a36d0fe953eb20744fc6af7b5c725582d275a06c768e7a70401248b998,e87ca88dad134833a54171674332ea76920f957e7d7e1df10b9ec308ebeff8d8,frozen_imagenet_normalization_on_224x224_phase3_pixels,independent_per_map_minmax_after_relu,1b635f35410debc66557799b61d14a6685200b23e60d6393f6c4cdf0d52b57d6,True,0.0,1.0,figures/phase9/gradcam/P9A-057/resnet18/seed_17/clean/input_rgb.png,figures/phase9/gradcam/P9A-057/resnet18/seed_17/clean/annotation_overlay.png,figures/phase9/gradcam/P9A-057/resnet18/seed_17/clean/true_class_craze_heatmap.png,figures/phase9/gradcam/P9A-057/resnet18/seed_17/clean/true_class_craze_overlay.png
P9A-057,51_0,resnet18,17,brightness_moderate,clean,clean,predicted_class,1,corrosion,corrosion,craze,layer4.1,1x512x7x7,423044a36d0fe953eb20744fc6af7b5c725582d275a06c768e7a70401248b998,e87ca88dad134833a54171674332ea76920f957e7d7e1df10b9ec308ebeff8d8,frozen_imagenet_normalization_on_224x224_phase3_pixels,independent_per_map_minmax_after_relu,f1e778a581ab3c7367791b447198f05b8e131c2a2c2f77b4757913e39664113b,True,0.0,1.0,figures/phase9/gradcam/P9A-057/resnet18/seed_17/clean/input_rgb.png,figures/phase9/gradcam/P9A-057/resnet18/seed_17/clean/annotation_overlay.png,figures/phase9/gradcam/P9A-057/resnet18/seed_17/clean/predicted_class_corrosion_heatmap.png,figures/phase9/gradcam/P9A-057/resnet18/seed_17/clean/predicted_class_corrosion_overlay.png
P9A-057,51_0,resnet18,17,brightness_moderate,degraded,brightness_moderate,true_class,0,craze,corrosion,craze,layer4.1,1x512x7x7,423044a36d0fe953eb20744fc6af7b5c725582d275a06c768e7a70401248b998,e87ca88dad134833a54171674332ea76920f957e7d7e1df10b9ec308ebeff8d8,frozen_imagenet_normalization_on_224x224_phase3_pixels,independent_per_map_minmax_after_relu,a6037a6a0bf34fe5fa3f304d16dc237e55e8cd9a5a094c817b624334c89b66fa,True,0.0,1.0,figures/phase9/gradcam/P9A-057/resnet18/seed_17/degraded/input_rgb.png,figures/phase9/gradcam/P9A-057/resnet18/seed_17/degraded/annotation_overlay.png,figures/phase9/gradcam/P9A-057/resnet18/seed_17/degraded/true_class_craze_heatmap.png,figures/phase9/gradcam/P9A-057/resnet18/seed_17/degraded/true_class_craze_overlay.png
P9A-057,51_0,resnet18,17,brightness_moderate,degraded,brightness_moderate,predicted_class,1,corrosion,corrosion,craze,layer4.1,1x512x7x7,423044a36d0fe953eb20744fc6af7b5c725582d275a06c768e7a70401248b998,e87ca88dad134833a54171674332ea76920f957e7d7e1df10b9ec308ebeff8d8,frozen_imagenet_normalization_on_224x224_phase3_pixels,independent_per_map_minmax_after_relu,56c858c125a85c8778486e7a32892efb061fac0799b5d53dffe489605e4d15c2,True,0.0,1.0,figures/phase9/gradcam/P9A-057/resnet18/seed_17/degraded/input_rgb.png,figures/phase9/gradcam/P9A-057/resnet18/seed_17/degraded/annotation_overlay.png,figures/phase9/gradcam/P9A-057/resnet18/seed_17/degraded/predicted_class_corrosion_heatmap.png,figures/phase9/gradcam/P9A-057/resnet18/seed_17/degraded/predicted_class_corrosion_overlay.png
P9A-058,54_0,resnet18,17,brightness_severe,clean,clean,true_class,5,hide_craze,hide_craze,hide_craze,layer4.1,1x512x7x7,423044a36d0fe953eb20744fc6af7b5c725582d275a06c768e7a70401248b998,e87ca88dad134833a54171674332ea76920f957e7d7e1df10b9ec308ebeff8d8,frozen_imagenet_normalization_on_224x224_phase3_pixels,independent_per_map_minmax_after_relu,cf846da2372a3228ff22ccf3db3275c5c6a9abd46bab33f624ff2f08f7325f76,True,0.0,1.0,figures/phase9/gradcam/P9A-058/resnet18/seed_17/clean/input_rgb.png,figures/phase9/gradcam/P9A-058/resnet18/seed_17/clean/annotation_overlay.png,figures/phase9/gradcam/P9A-058/resnet18/seed_17/clean/true_class_hide_craze_heatmap.png,figures/phase9/gradcam/P9A-058/resnet18/seed_17/clean/true_class_hide_craze_overlay.png
P9A-058,54_0,resnet18,17,brightness_severe,degraded,brightness_severe,true_class,5,hide_craze,corrosion,hide_craze,layer4.1,1x512x7x7,423044a36d0fe953eb20744fc6af7b5c725582d275a06c768e7a70401248b998,e87ca88dad134833a54171674332ea76920f957e7d7e1df10b9ec308ebeff8d8,frozen_imagenet_normalization_on_224x224_phase3_pixels,independent_per_map_minmax_after_relu,4acfe7663efbe23b028cf3e5917f8038241206a01f0091b20f7c828ad3d93590,True,0.0,1.0,figures/phase9/gradcam/P9A-058/resnet18/seed_17/degraded/input_rgb.png,figures/phase9/gradcam/P9A-058/resnet18/seed_17/degraded/annotation_overlay.png,figures/phase9/gradcam/P9A-058/resnet18/seed_17/degraded/true_class_hide_craze_heatmap.png,figures/phase9/gradcam/P9A-058/resnet18/seed_17/degraded/true_class_hide_craze_overlay.png
P9A-058,54_0,resnet18,17,brightness_severe,degraded,brightness_severe,predicted_class,1,corrosion,corrosion,hide_craze,layer4.1,1x512x7x7,423044a36d0fe953eb20744fc6af7b5c725582d275a06c768e7a70401248b998,e87ca88dad134833a54171674332ea76920f957e7d7e1df10b9ec308ebeff8d8,frozen_imagenet_normalization_on_224x224_phase3_pixels,independent_per_map_minmax_after_relu,f4c97f9e8c82ec72a9fec7d6441337cd4f1bdba3b744bac2a16060a3a95e85b4,True,0.0,1.0,figures/phase9/gradcam/P9A-058/resnet18/seed_17/degraded/input_rgb.png,figures/phase9/gradcam/P9A-058/resnet18/seed_17/degraded/annotation_overlay.png,figures/phase9/gradcam/P9A-058/resnet18/seed_17/degraded/predicted_class_corrosion_heatmap.png,figures/phase9/gradcam/P9A-058/resnet18/seed_17/degraded/predicted_class_corrosion_overlay.png
P9A-059,88_0,resnet18,17,brightness_mild,clean,clean,true_class,4,crack,crack,crack,layer4.1,1x512x7x7,423044a36d0fe953eb20744fc6af7b5c725582d275a06c768e7a70401248b998,e87ca88dad134833a54171674332ea76920f957e7d7e1df10b9ec308ebeff8d8,frozen_imagenet_normalization_on_224x224_phase3_pixels,independent_per_map_minmax_after_relu,caeefed2db109458c4542857f66b533555da48cc6afebeda34febf747aba56d1,True,0.0,1.0,figures/phase9/gradcam/P9A-059/resnet18/seed_17/clean/input_rgb.png,figures/phase9/gradcam/P9A-059/resnet18/seed_17/clean/annotation_overlay.png,figures/phase9/gradcam/P9A-059/resnet18/seed_17/clean/true_class_crack_heatmap.png,figures/phase9/gradcam/P9A-059/resnet18/seed_17/clean/true_class_crack_overlay.png
P9A-059,88_0,resnet18,17,brightness_mild,degraded,brightness_mild,true_class,4,crack,surface_injure,crack,layer4.1,1x512x7x7,423044a36d0fe953eb20744fc6af7b5c725582d275a06c768e7a70401248b998,e87ca88dad134833a54171674332ea76920f957e7d7e1df10b9ec308ebeff8d8,frozen_imagenet_normalization_on_224x224_phase3_pixels,independent_per_map_minmax_after_relu,8ac6d682f4a2304a84884c2de05ee0aa2e84824a8a0f58d6ae888e1c7397e2b0,True,0.0,1.0,figures/phase9/gradcam/P9A-059/resnet18/seed_17/degraded/input_rgb.png,figures/phase9/gradcam/P9A-059/resnet18/seed_17/degraded/annotation_overlay.png,figures/phase9/gradcam/P9A-059/resnet18/seed_17/degraded/true_class_crack_heatmap.png,figures/phase9/gradcam/P9A-059/resnet18/seed_17/degraded/true_class_crack_overlay.png
P9A-059,88_0,resnet18,17,brightness_mild,degraded,brightness_mild,predicted_class,2,surface_injure,surface_injure,crack,layer4.1,1x512x7x7,423044a36d0fe953eb20744fc6af7b5c725582d275a06c768e7a70401248b998,e87ca88dad134833a54171674332ea76920f957e7d7e1df10b9ec308ebeff8d8,frozen_imagenet_normalization_on_224x224_phase3_pixels,independent_per_map_minmax_after_relu,7bc947442d28dc4417083912b35da3a639c71c9628938f08fce25299f393ef46,True,0.0,1.0,figures/phase9/gradcam/P9A-059/resnet18/seed_17/degraded/input_rgb.png,figures/phase9/gradcam/P9A-059/resnet18/seed_17/degraded/annotation_overlay.png,figures/phase9/gradcam/P9A-059/resnet18/seed_17/degraded/predicted_class_surface_injure_heatmap.png,figures/phase9/gradcam/P9A-059/resnet18/seed_17/degraded/predicted_class_surface_injure_overlay.png
P9A-060,112_0,resnet18,17,brightness_mild,clean,clean,true_class,3,thunderstrike,thunderstrike,thunderstrike,layer4.1,1x512x7x7,423044a36d0fe953eb20744fc6af7b5c725582d275a06c768e7a70401248b998,e87ca88dad134833a54171674332ea76920f957e7d7e1df10b9ec308ebeff8d8,frozen_imagenet_normalization_on_224x224_phase3_pixels,independent_per_map_minmax_after_relu,439f53bbe27cb22182b99f2da60b5a707e527c347837cdfb435f98667f5272ba,True,0.0,1.0,figures/phase9/gradcam/P9A-060/resnet18/seed_17/clean/input_rgb.png,figures/phase9/gradcam/P9A-060/resnet18/seed_17/clean/annotation_overlay.png,figures/phase9/gradcam/P9A-060/resnet18/seed_17/clean/true_class_thunderstrike_heatmap.png,figures/phase9/gradcam/P9A-060/resnet18/seed_17/clean/true_class_thunderstrike_overlay.png
P9A-060,112_0,resnet18,17,brightness_mild,degraded,brightness_mild,true_class,3,thunderstrike,thunderstrike,thunderstrike,layer4.1,1x512x7x7,423044a36d0fe953eb20744fc6af7b5c725582d275a06c768e7a70401248b998,e87ca88dad134833a54171674332ea76920f957e7d7e1df10b9ec308ebeff8d8,frozen_imagenet_normalization_on_224x224_phase3_pixels,independent_per_map_minmax_after_relu,35da589526b87682f75878c816ab00e27303f775c18245225fea94b652a91d48,True,0.0,1.0,figures/phase9/gradcam/P9A-060/resnet18/seed_17/degraded/input_rgb.png,figures/phase9/gradcam/P9A-060/resnet18/seed_17/degraded/annotation_overlay.png,figures/phase9/gradcam/P9A-060/resnet18/seed_17/degraded/true_class_thunderstrike_heatmap.png,figures/phase9/gradcam/P9A-060/resnet18/seed_17/degraded/true_class_thunderstrike_overlay.png
P9A-001,48_0,resnet18,29,clean,clean,clean,true_class,2,surface_injure,craze,surface_injure,layer4.1,1x512x7x7,33124aa7b79d833d1853b993632681ad1c8251f8ac918c8d99fa55ce563b7671,53c4dd81213f271aa6b0e00c71dff7bad172bae3f5a560ba112bd6dc761b2848,frozen_imagenet_normalization_on_224x224_phase3_pixels,independent_per_map_minmax_after_relu,c6f43aa9551698d57e5e1f255e04e8c648bdef28468fc1f2af84b4fa25d4e51a,True,0.0,1.0,figures/phase9/gradcam/P9A-001/resnet18/seed_29/clean/input_rgb.png,figures/phase9/gradcam/P9A-001/resnet18/seed_29/clean/annotation_overlay.png,figures/phase9/gradcam/P9A-001/resnet18/seed_29/clean/true_class_surface_injure_heatmap.png,figures/phase9/gradcam/P9A-001/resnet18/seed_29/clean/true_class_surface_injure_overlay.png
P9A-001,48_0,resnet18,29,clean,clean,clean,predicted_class,0,craze,craze,surface_injure,layer4.1,1x512x7x7,33124aa7b79d833d1853b993632681ad1c8251f8ac918c8d99fa55ce563b7671,53c4dd81213f271aa6b0e00c71dff7bad172bae3f5a560ba112bd6dc761b2848,frozen_imagenet_normalization_on_224x224_phase3_pixels,independent_per_map_minmax_after_relu,7bca200eee1ede837dd2066640454297ecb7c91dd1571a9cda9f23493b928d28,True,0.0,1.0,figures/phase9/gradcam/P9A-001/resnet18/seed_29/clean/input_rgb.png,figures/phase9/gradcam/P9A-001/resnet18/seed_29/clean/annotation_overlay.png,figures/phase9/gradcam/P9A-001/resnet18/seed_29/clean/predicted_class_craze_heatmap.png,figures/phase9/gradcam/P9A-001/resnet18/seed_29/clean/predicted_class_craze_overlay.png
P9A-004,142_0,resnet18,29,clean,clean,clean,true_class,2,surface_injure,corrosion,surface_injure,layer4.1,1x512x7x7,33124aa7b79d833d1853b993632681ad1c8251f8ac918c8d99fa55ce563b7671,53c4dd81213f271aa6b0e00c71dff7bad172bae3f5a560ba112bd6dc761b2848,frozen_imagenet_normalization_on_224x224_phase3_pixels,independent_per_map_minmax_after_relu,869cdd78b792e7993736b9cfcfa2473b2e24e10f9465944bac44709d02875a80,True,0.0,1.0,figures/phase9/gradcam/P9A-004/resnet18/seed_29/clean/input_rgb.png,figures/phase9/gradcam/P9A-004/resnet18/seed_29/clean/annotation_overlay.png,figures/phase9/gradcam/P9A-004/resnet18/seed_29/clean/true_class_surface_injure_heatmap.png,figures/phase9/gradcam/P9A-004/resnet18/seed_29/clean/true_class_surface_injure_overlay.png
P9A-004,142_0,resnet18,29,clean,clean,clean,predicted_class,1,corrosion,corrosion,surface_injure,layer4.1,1x512x7x7,33124aa7b79d833d1853b993632681ad1c8251f8ac918c8d99fa55ce563b7671,53c4dd81213f271aa6b0e00c71dff7bad172bae3f5a560ba112bd6dc761b2848,frozen_imagenet_normalization_on_224x224_phase3_pixels,independent_per_map_minmax_after_relu,b3bd7422a29ea55fa34911183dd3e3d47eef98f66eb824d97a4807ee35c25719,True,0.0,1.0,figures/phase9/gradcam/P9A-004/resnet18/seed_29/clean/input_rgb.png,figures/phase9/gradcam/P9A-004/resnet18/seed_29/clean/annotation_overlay.png,figures/phase9/gradcam/P9A-004/resnet18/seed_29/clean/predicted_class_corrosion_heatmap.png,figures/phase9/gradcam/P9A-004/resnet18/seed_29/clean/predicted_class_corrosion_overlay.png
P9A-005,228_1,resnet18,29,clean,clean,clean,true_class,5,hide_craze,craze,hide_craze,layer4.1,1x512x7x7,33124aa7b79d833d1853b993632681ad1c8251f8ac918c8d99fa55ce563b7671,53c4dd81213f271aa6b0e00c71dff7bad172bae3f5a560ba112bd6dc761b2848,frozen_imagenet_normalization_on_224x224_phase3_pixels,independent_per_map_minmax_after_relu,8e6545369db701bbac8c143f833a692fe6cc4c742897519ea361f2eb8ddecc4b,True,0.0,1.0,figures/phase9/gradcam/P9A-005/resnet18/seed_29/clean/input_rgb.png,figures/phase9/gradcam/P9A-005/resnet18/seed_29/clean/annotation_overlay.png,figures/phase9/gradcam/P9A-005/resnet18/seed_29/clean/true_class_hide_craze_heatmap.png,figures/phase9/gradcam/P9A-005/resnet18/seed_29/clean/true_class_hide_craze_overlay.png
P9A-005,228_1,resnet18,29,clean,clean,clean,predicted_class,0,craze,craze,hide_craze,layer4.1,1x512x7x7,33124aa7b79d833d1853b993632681ad1c8251f8ac918c8d99fa55ce563b7671,53c4dd81213f271aa6b0e00c71dff7bad172bae3f5a560ba112bd6dc761b2848,frozen_imagenet_normalization_on_224x224_phase3_pixels,independent_per_map_minmax_after_relu,ff4e4d9db8a793018fdb3e9e5c42411fa202b4f863d8b7ed36ef9352428229ca,True,0.0,1.0,figures/phase9/gradcam/P9A-005/resnet18/seed_29/clean/input_rgb.png,figures/phase9/gradcam/P9A-005/resnet18/seed_29/clean/annotation_overlay.png,figures/phase9/gradcam/P9A-005/resnet18/seed_29/clean/predicted_class_craze_heatmap.png,figures/phase9/gradcam/P9A-005/resnet18/seed_29/clean/predicted_class_craze_overlay.png
P9A-007,323_0,resnet18,29,clean,clean,clean,true_class,1,corrosion,hide_craze,corrosion,layer4.1,1x512x7x7,33124aa7b79d833d1853b993632681ad1c8251f8ac918c8d99fa55ce563b7671,53c4dd81213f271aa6b0e00c71dff7bad172bae3f5a560ba112bd6dc761b2848,frozen_imagenet_normalization_on_224x224_phase3_pixels,independent_per_map_minmax_after_relu,aca75d31d983c42b9d8db238e2881b11e3b430c94586977972855de521ae2df2,True,0.0,1.0,figures/phase9/gradcam/P9A-007/resnet18/seed_29/clean/input_rgb.png,figures/phase9/gradcam/P9A-007/resnet18/seed_29/clean/annotation_overlay.png,figures/phase9/gradcam/P9A-007/resnet18/seed_29/clean/true_class_corrosion_heatmap.png,figures/phase9/gradcam/P9A-007/resnet18/seed_29/clean/true_class_corrosion_overlay.png
P9A-007,323_0,resnet18,29,clean,clean,clean,predicted_class,5,hide_craze,hide_craze,corrosion,layer4.1,1x512x7x7,33124aa7b79d833d1853b993632681ad1c8251f8ac918c8d99fa55ce563b7671,53c4dd81213f271aa6b0e00c71dff7bad172bae3f5a560ba112bd6dc761b2848,frozen_imagenet_normalization_on_224x224_phase3_pixels,independent_per_map_minmax_after_relu,4ae1bcceab8d8eb6363b30522b0dfe89dc994e5b6626c5e8eaf6ceda28a444ea,True,0.0,1.0,figures/phase9/gradcam/P9A-007/resnet18/seed_29/clean/input_rgb.png,figures/phase9/gradcam/P9A-007/resnet18/seed_29/clean/annotation_overlay.png,figures/phase9/gradcam/P9A-007/resnet18/seed_29/clean/predicted_class_hide_craze_heatmap.png,figures/phase9/gradcam/P9A-007/resnet18/seed_29/clean/predicted_class_hide_craze_overlay.png
P9A-009,521_0,resnet18,29,clean,clean,clean,true_class,1,corrosion,hide_craze,corrosion,layer4.1,1x512x7x7,33124aa7b79d833d1853b993632681ad1c8251f8ac918c8d99fa55ce563b7671,53c4dd81213f271aa6b0e00c71dff7bad172bae3f5a560ba112bd6dc761b2848,frozen_imagenet_normalization_on_224x224_phase3_pixels,independent_per_map_minmax_after_relu,959cb659067741e17c17f0bb846c2804938691214cba6f408c9a9309b48ca3a1,True,0.0,1.0,figures/phase9/gradcam/P9A-009/resnet18/seed_29/clean/input_rgb.png,figures/phase9/gradcam/P9A-009/resnet18/seed_29/clean/annotation_overlay.png,figures/phase9/gradcam/P9A-009/resnet18/seed_29/clean/true_class_corrosion_heatmap.png,figures/phase9/gradcam/P9A-009/resnet18/seed_29/clean/true_class_corrosion_overlay.png
P9A-009,521_0,resnet18,29,clean,clean,clean,predicted_class,5,hide_craze,hide_craze,corrosion,layer4.1,1x512x7x7,33124aa7b79d833d1853b993632681ad1c8251f8ac918c8d99fa55ce563b7671,53c4dd81213f271aa6b0e00c71dff7bad172bae3f5a560ba112bd6dc761b2848,frozen_imagenet_normalization_on_224x224_phase3_pixels,independent_per_map_minmax_after_relu,d405f40f8327a698d35644ea8fb6d4ff26af0a257a24c200bccdf8fa16587265,True,0.0,1.0,figures/phase9/gradcam/P9A-009/resnet18/seed_29/clean/input_rgb.png,figures/phase9/gradcam/P9A-009/resnet18/seed_29/clean/annotation_overlay.png,figures/phase9/gradcam/P9A-009/resnet18/seed_29/clean/predicted_class_hide_craze_heatmap.png,figures/phase9/gradcam/P9A-009/resnet18/seed_29/clean/predicted_class_hide_craze_overlay.png
P9A-010,521_1,resnet18,29,clean,clean,clean,true_class,1,corrosion,hide_craze,corrosion,layer4.1,1x512x7x7,33124aa7b79d833d1853b993632681ad1c8251f8ac918c8d99fa55ce563b7671,53c4dd81213f271aa6b0e00c71dff7bad172bae3f5a560ba112bd6dc761b2848,frozen_imagenet_normalization_on_224x224_phase3_pixels,independent_per_map_minmax_after_relu,a66dcbeee594f1f0b418bcd66745590c25af61a5d3b75b8924ea10dddbd3fefe,True,0.0,1.0,figures/phase9/gradcam/P9A-010/resnet18/seed_29/clean/input_rgb.png,figures/phase9/gradcam/P9A-010/resnet18/seed_29/clean/annotation_overlay.png,figures/phase9/gradcam/P9A-010/resnet18/seed_29/clean/true_class_corrosion_heatmap.png,figures/phase9/gradcam/P9A-010/resnet18/seed_29/clean/true_class_corrosion_overlay.png
P9A-010,521_1,resnet18,29,clean,clean,clean,predicted_class,5,hide_craze,hide_craze,corrosion,layer4.1,1x512x7x7,33124aa7b79d833d1853b993632681ad1c8251f8ac918c8d99fa55ce563b7671,53c4dd81213f271aa6b0e00c71dff7bad172bae3f5a560ba112bd6dc761b2848,frozen_imagenet_normalization_on_224x224_phase3_pixels,independent_per_map_minmax_after_relu,ec19d7fbf1ceb996a0aeb4d125f054c7e1bc186379774a4e7c5be397fca24733,True,0.0,1.0,figures/phase9/gradcam/P9A-010/resnet18/seed_29/clean/input_rgb.png,figures/phase9/gradcam/P9A-010/resnet18/seed_29/clean/annotation_overlay.png,figures/phase9/gradcam/P9A-010/resnet18/seed_29/clean/predicted_class_hide_craze_heatmap.png,figures/phase9/gradcam/P9A-010/resnet18/seed_29/clean/predicted_class_hide_craze_overlay.png
P9A-011,32_0,resnet18,29,brightness_severe,clean,clean,true_class,3,thunderstrike,thunderstrike,thunderstrike,layer4.1,1x512x7x7,33124aa7b79d833d1853b993632681ad1c8251f8ac918c8d99fa55ce563b7671,53c4dd81213f271aa6b0e00c71dff7bad172bae3f5a560ba112bd6dc761b2848,frozen_imagenet_normalization_on_224x224_phase3_pixels,independent_per_map_minmax_after_relu,6d22f6c1212f91bb8aed414f3a3ddd8d43378343d3294ceeedd8c11a67436ce9,True,0.0,1.0,figures/phase9/gradcam/P9A-011/resnet18/seed_29/clean/input_rgb.png,figures/phase9/gradcam/P9A-011/resnet18/seed_29/clean/annotation_overlay.png,figures/phase9/gradcam/P9A-011/resnet18/seed_29/clean/true_class_thunderstrike_heatmap.png,figures/phase9/gradcam/P9A-011/resnet18/seed_29/clean/true_class_thunderstrike_overlay.png
P9A-011,32_0,resnet18,29,brightness_severe,degraded,brightness_severe,true_class,3,thunderstrike,surface_injure,thunderstrike,layer4.1,1x512x7x7,33124aa7b79d833d1853b993632681ad1c8251f8ac918c8d99fa55ce563b7671,53c4dd81213f271aa6b0e00c71dff7bad172bae3f5a560ba112bd6dc761b2848,frozen_imagenet_normalization_on_224x224_phase3_pixels,independent_per_map_minmax_after_relu,346829351b232681cb34af0ac2baa90f8d2bb671a9d6ae6a1432f27d2cb3d1c7,True,0.0,0.0,figures/phase9/gradcam/P9A-011/resnet18/seed_29/degraded/input_rgb.png,figures/phase9/gradcam/P9A-011/resnet18/seed_29/degraded/annotation_overlay.png,figures/phase9/gradcam/P9A-011/resnet18/seed_29/degraded/true_class_thunderstrike_heatmap.png,figures/phase9/gradcam/P9A-011/resnet18/seed_29/degraded/true_class_thunderstrike_overlay.png
P9A-011,32_0,resnet18,29,brightness_severe,degraded,brightness_severe,predicted_class,2,surface_injure,surface_injure,thunderstrike,layer4.1,1x512x7x7,33124aa7b79d833d1853b993632681ad1c8251f8ac918c8d99fa55ce563b7671,53c4dd81213f271aa6b0e00c71dff7bad172bae3f5a560ba112bd6dc761b2848,frozen_imagenet_normalization_on_224x224_phase3_pixels,independent_per_map_minmax_after_relu,965b509a9c2573d34c32f80410dab2b04230537b949f323c825d9b9c93823cb7,True,0.0,1.0,figures/phase9/gradcam/P9A-011/resnet18/seed_29/degraded/input_rgb.png,figures/phase9/gradcam/P9A-011/resnet18/seed_29/degraded/annotation_overlay.png,figures/phase9/gradcam/P9A-011/resnet18/seed_29/degraded/predicted_class_surface_injure_heatmap.png,figures/phase9/gradcam/P9A-011/resnet18/seed_29/degraded/predicted_class_surface_injure_overlay.png
P9A-012,32_1,resnet18,29,brightness_severe,clean,clean,true_class,3,thunderstrike,thunderstrike,thunderstrike,layer4.1,1x512x7x7,33124aa7b79d833d1853b993632681ad1c8251f8ac918c8d99fa55ce563b7671,53c4dd81213f271aa6b0e00c71dff7bad172bae3f5a560ba112bd6dc761b2848,frozen_imagenet_normalization_on_224x224_phase3_pixels,independent_per_map_minmax_after_relu,7093eba40903ed06a5ed9fd39276c6a9640ef1171f35e4912f26a5ee0e914705,True,0.0,1.0,figures/phase9/gradcam/P9A-012/resnet18/seed_29/clean/input_rgb.png,figures/phase9/gradcam/P9A-012/resnet18/seed_29/clean/annotation_overlay.png,figures/phase9/gradcam/P9A-012/resnet18/seed_29/clean/true_class_thunderstrike_heatmap.png,figures/phase9/gradcam/P9A-012/resnet18/seed_29/clean/true_class_thunderstrike_overlay.png
P9A-012,32_1,resnet18,29,brightness_severe,degraded,brightness_severe,true_class,3,thunderstrike,surface_injure,thunderstrike,layer4.1,1x512x7x7,33124aa7b79d833d1853b993632681ad1c8251f8ac918c8d99fa55ce563b7671,53c4dd81213f271aa6b0e00c71dff7bad172bae3f5a560ba112bd6dc761b2848,frozen_imagenet_normalization_on_224x224_phase3_pixels,independent_per_map_minmax_after_relu,346829351b232681cb34af0ac2baa90f8d2bb671a9d6ae6a1432f27d2cb3d1c7,True,0.0,0.0,figures/phase9/gradcam/P9A-012/resnet18/seed_29/degraded/input_rgb.png,figures/phase9/gradcam/P9A-012/resnet18/seed_29/degraded/annotation_overlay.png,figures/phase9/gradcam/P9A-012/resnet18/seed_29/degraded/true_class_thunderstrike_heatmap.png,figures/phase9/gradcam/P9A-012/resnet18/seed_29/degraded/true_class_thunderstrike_overlay.png
P9A-012,32_1,resnet18,29,brightness_severe,degraded,brightness_severe,predicted_class,2,surface_injure,surface_injure,thunderstrike,layer4.1,1x512x7x7,33124aa7b79d833d1853b993632681ad1c8251f8ac918c8d99fa55ce563b7671,53c4dd81213f271aa6b0e00c71dff7bad172bae3f5a560ba112bd6dc761b2848,frozen_imagenet_normalization_on_224x224_phase3_pixels,independent_per_map_minmax_after_relu,b781d7aab4681500319bb8be1e8ce30fdabc61bf04c130f8fadb98bec1b3543d,True,0.0,1.0,figures/phase9/gradcam/P9A-012/resnet18/seed_29/degraded/input_rgb.png,figures/phase9/gradcam/P9A-012/resnet18/seed_29/degraded/annotation_overlay.png,figures/phase9/gradcam/P9A-012/resnet18/seed_29/degraded/predicted_class_surface_injure_heatmap.png,figures/phase9/gradcam/P9A-012/resnet18/seed_29/degraded/predicted_class_surface_injure_overlay.png
P9A-013,46_0,resnet18,29,gaussian_blur_severe,clean,clean,true_class,1,corrosion,corrosion,corrosion,layer4.1,1x512x7x7,33124aa7b79d833d1853b993632681ad1c8251f8ac918c8d99fa55ce563b7671,53c4dd81213f271aa6b0e00c71dff7bad172bae3f5a560ba112bd6dc761b2848,frozen_imagenet_normalization_on_224x224_phase3_pixels,independent_per_map_minmax_after_relu,9f6843d0dd767d99e2529113c793d99ea2ab5110e0ea1afd4e69fa868cb807e0,True,0.0,1.0,figures/phase9/gradcam/P9A-013/resnet18/seed_29/clean/input_rgb.png,figures/phase9/gradcam/P9A-013/resnet18/seed_29/clean/annotation_overlay.png,figures/phase9/gradcam/P9A-013/resnet18/seed_29/clean/true_class_corrosion_heatmap.png,figures/phase9/gradcam/P9A-013/resnet18/seed_29/clean/true_class_corrosion_overlay.png
P9A-013,46_0,resnet18,29,gaussian_blur_severe,degraded,gaussian_blur_severe,true_class,1,corrosion,hide_craze,corrosion,layer4.1,1x512x7x7,33124aa7b79d833d1853b993632681ad1c8251f8ac918c8d99fa55ce563b7671,53c4dd81213f271aa6b0e00c71dff7bad172bae3f5a560ba112bd6dc761b2848,frozen_imagenet_normalization_on_224x224_phase3_pixels,independent_per_map_minmax_after_relu,29dda0085a286c0da484749f3eb578c205854a6ae3341210a700e07add5d6df3,True,0.0,1.0,figures/phase9/gradcam/P9A-013/resnet18/seed_29/degraded/input_rgb.png,figures/phase9/gradcam/P9A-013/resnet18/seed_29/degraded/annotation_overlay.png,figures/phase9/gradcam/P9A-013/resnet18/seed_29/degraded/true_class_corrosion_heatmap.png,figures/phase9/gradcam/P9A-013/resnet18/seed_29/degraded/true_class_corrosion_overlay.png
P9A-013,46_0,resnet18,29,gaussian_blur_severe,degraded,gaussian_blur_severe,predicted_class,5,hide_craze,hide_craze,corrosion,layer4.1,1x512x7x7,33124aa7b79d833d1853b993632681ad1c8251f8ac918c8d99fa55ce563b7671,53c4dd81213f271aa6b0e00c71dff7bad172bae3f5a560ba112bd6dc761b2848,frozen_imagenet_normalization_on_224x224_phase3_pixels,independent_per_map_minmax_after_relu,4a6f86aa72adcb719894dce431c53297e645f953d98656c6625976843bdbba75,True,0.0,1.0,figures/phase9/gradcam/P9A-013/resnet18/seed_29/degraded/input_rgb.png,figures/phase9/gradcam/P9A-013/resnet18/seed_29/degraded/annotation_overlay.png,figures/phase9/gradcam/P9A-013/resnet18/seed_29/degraded/predicted_class_hide_craze_heatmap.png,figures/phase9/gradcam/P9A-013/resnet18/seed_29/degraded/predicted_class_hide_craze_overlay.png
P9A-014,46_1,resnet18,29,gaussian_blur_severe,clean,clean,true_class,1,corrosion,corrosion,corrosion,layer4.1,1x512x7x7,33124aa7b79d833d1853b993632681ad1c8251f8ac918c8d99fa55ce563b7671,53c4dd81213f271aa6b0e00c71dff7bad172bae3f5a560ba112bd6dc761b2848,frozen_imagenet_normalization_on_224x224_phase3_pixels,independent_per_map_minmax_after_relu,086d4ac570f279c1806aee3fd9255506c6b8cda60070600c4327e676059a8a91,True,0.0,1.0,figures/phase9/gradcam/P9A-014/resnet18/seed_29/clean/input_rgb.png,figures/phase9/gradcam/P9A-014/resnet18/seed_29/clean/annotation_overlay.png,figures/phase9/gradcam/P9A-014/resnet18/seed_29/clean/true_class_corrosion_heatmap.png,figures/phase9/gradcam/P9A-014/resnet18/seed_29/clean/true_class_corrosion_overlay.png
P9A-014,46_1,resnet18,29,gaussian_blur_severe,degraded,gaussian_blur_severe,true_class,1,corrosion,surface_injure,corrosion,layer4.1,1x512x7x7,33124aa7b79d833d1853b993632681ad1c8251f8ac918c8d99fa55ce563b7671,53c4dd81213f271aa6b0e00c71dff7bad172bae3f5a560ba112bd6dc761b2848,frozen_imagenet_normalization_on_224x224_phase3_pixels,independent_per_map_minmax_after_relu,eb39c7eff02961ed118fe83d9a6c5ac7f41ae165543bc5aeaa48b444f87699a3,True,0.0,1.0,figures/phase9/gradcam/P9A-014/resnet18/seed_29/degraded/input_rgb.png,figures/phase9/gradcam/P9A-014/resnet18/seed_29/degraded/annotation_overlay.png,figures/phase9/gradcam/P9A-014/resnet18/seed_29/degraded/true_class_corrosion_heatmap.png,figures/phase9/gradcam/P9A-014/resnet18/seed_29/degraded/true_class_corrosion_overlay.png
P9A-014,46_1,resnet18,29,gaussian_blur_severe,degraded,gaussian_blur_severe,predicted_class,2,surface_injure,surface_injure,corrosion,layer4.1,1x512x7x7,33124aa7b79d833d1853b993632681ad1c8251f8ac918c8d99fa55ce563b7671,53c4dd81213f271aa6b0e00c71dff7bad172bae3f5a560ba112bd6dc761b2848,frozen_imagenet_normalization_on_224x224_phase3_pixels,independent_per_map_minmax_after_relu,ae4449b74c5c850e7463566e3966e562fea1d5bc60cdcd946964fb600e7b0310,True,0.0,1.0,figures/phase9/gradcam/P9A-014/resnet18/seed_29/degraded/input_rgb.png,figures/phase9/gradcam/P9A-014/resnet18/seed_29/degraded/annotation_overlay.png,figures/phase9/gradcam/P9A-014/resnet18/seed_29/degraded/predicted_class_surface_injure_heatmap.png,figures/phase9/gradcam/P9A-014/resnet18/seed_29/degraded/predicted_class_surface_injure_overlay.png
P9A-015,51_1,resnet18,29,gaussian_blur_severe,clean,clean,true_class,0,craze,craze,craze,layer4.1,1x512x7x7,33124aa7b79d833d1853b993632681ad1c8251f8ac918c8d99fa55ce563b7671,53c4dd81213f271aa6b0e00c71dff7bad172bae3f5a560ba112bd6dc761b2848,frozen_imagenet_normalization_on_224x224_phase3_pixels,independent_per_map_minmax_after_relu,25d496c087aea615f403c78925c153f40ca5e4d5452489c98ea3ef11000e36b3,True,0.0,1.0,figures/phase9/gradcam/P9A-015/resnet18/seed_29/clean/input_rgb.png,figures/phase9/gradcam/P9A-015/resnet18/seed_29/clean/annotation_overlay.png,figures/phase9/gradcam/P9A-015/resnet18/seed_29/clean/true_class_craze_heatmap.png,figures/phase9/gradcam/P9A-015/resnet18/seed_29/clean/true_class_craze_overlay.png
P9A-015,51_1,resnet18,29,gaussian_blur_severe,degraded,gaussian_blur_severe,true_class,0,craze,surface_injure,craze,layer4.1,1x512x7x7,33124aa7b79d833d1853b993632681ad1c8251f8ac918c8d99fa55ce563b7671,53c4dd81213f271aa6b0e00c71dff7bad172bae3f5a560ba112bd6dc761b2848,frozen_imagenet_normalization_on_224x224_phase3_pixels,independent_per_map_minmax_after_relu,85b54dcc3833f312d805b9d62299021027ac69b78b533eb753421863a2e30c09,True,0.0,1.0,figures/phase9/gradcam/P9A-015/resnet18/seed_29/degraded/input_rgb.png,figures/phase9/gradcam/P9A-015/resnet18/seed_29/degraded/annotation_overlay.png,figures/phase9/gradcam/P9A-015/resnet18/seed_29/degraded/true_class_craze_heatmap.png,figures/phase9/gradcam/P9A-015/resnet18/seed_29/degraded/true_class_craze_overlay.png
P9A-015,51_1,resnet18,29,gaussian_blur_severe,degraded,gaussian_blur_severe,predicted_class,2,surface_injure,surface_injure,craze,layer4.1,1x512x7x7,33124aa7b79d833d1853b993632681ad1c8251f8ac918c8d99fa55ce563b7671,53c4dd81213f271aa6b0e00c71dff7bad172bae3f5a560ba112bd6dc761b2848,frozen_imagenet_normalization_on_224x224_phase3_pixels,independent_per_map_minmax_after_relu,305abba057f8082ba08b4b0b9e89de87decaa2bc8c67cc815c5eae71bb59834c,True,0.0,1.0,figures/phase9/gradcam/P9A-015/resnet18/seed_29/degraded/input_rgb.png,figures/phase9/gradcam/P9A-015/resnet18/seed_29/degraded/annotation_overlay.png,figures/phase9/gradcam/P9A-015/resnet18/seed_29/degraded/predicted_class_surface_injure_heatmap.png,figures/phase9/gradcam/P9A-015/resnet18/seed_29/degraded/predicted_class_surface_injure_overlay.png
P9A-016,57_0,resnet18,29,gaussian_blur_severe,clean,clean,true_class,0,craze,craze,craze,layer4.1,1x512x7x7,33124aa7b79d833d1853b993632681ad1c8251f8ac918c8d99fa55ce563b7671,53c4dd81213f271aa6b0e00c71dff7bad172bae3f5a560ba112bd6dc761b2848,frozen_imagenet_normalization_on_224x224_phase3_pixels,independent_per_map_minmax_after_relu,3a34470ec8ec11ac74c9ad7f9d7b1cd296c36ae7487c0b555511ba3b52082590,True,0.0,1.0,figures/phase9/gradcam/P9A-016/resnet18/seed_29/clean/input_rgb.png,figures/phase9/gradcam/P9A-016/resnet18/seed_29/clean/annotation_overlay.png,figures/phase9/gradcam/P9A-016/resnet18/seed_29/clean/true_class_craze_heatmap.png,figures/phase9/gradcam/P9A-016/resnet18/seed_29/clean/true_class_craze_overlay.png
P9A-016,57_0,resnet18,29,gaussian_blur_severe,degraded,gaussian_blur_severe,true_class,0,craze,hide_craze,craze,layer4.1,1x512x7x7,33124aa7b79d833d1853b993632681ad1c8251f8ac918c8d99fa55ce563b7671,53c4dd81213f271aa6b0e00c71dff7bad172bae3f5a560ba112bd6dc761b2848,frozen_imagenet_normalization_on_224x224_phase3_pixels,independent_per_map_minmax_after_relu,e38995d7274b2c9096a3736405d91866d44eda1f03ad4b47d22a52e0f3c44de9,True,0.0,1.0,figures/phase9/gradcam/P9A-016/resnet18/seed_29/degraded/input_rgb.png,figures/phase9/gradcam/P9A-016/resnet18/seed_29/degraded/annotation_overlay.png,figures/phase9/gradcam/P9A-016/resnet18/seed_29/degraded/true_class_craze_heatmap.png,figures/phase9/gradcam/P9A-016/resnet18/seed_29/degraded/true_class_craze_overlay.png
P9A-016,57_0,resnet18,29,gaussian_blur_severe,degraded,gaussian_blur_severe,predicted_class,5,hide_craze,hide_craze,craze,layer4.1,1x512x7x7,33124aa7b79d833d1853b993632681ad1c8251f8ac918c8d99fa55ce563b7671,53c4dd81213f271aa6b0e00c71dff7bad172bae3f5a560ba112bd6dc761b2848,frozen_imagenet_normalization_on_224x224_phase3_pixels,independent_per_map_minmax_after_relu,42f04551d2c5a495656b387490e0cfe0213b9d4413ec5f48747371d19da6a592,True,0.0,1.0,figures/phase9/gradcam/P9A-016/resnet18/seed_29/degraded/input_rgb.png,figures/phase9/gradcam/P9A-016/resnet18/seed_29/degraded/annotation_overlay.png,figures/phase9/gradcam/P9A-016/resnet18/seed_29/degraded/predicted_class_hide_craze_heatmap.png,figures/phase9/gradcam/P9A-016/resnet18/seed_29/degraded/predicted_class_hide_craze_overlay.png
P9A-017,112_0,resnet18,29,brightness_severe,clean,clean,true_class,3,thunderstrike,thunderstrike,thunderstrike,layer4.1,1x512x7x7,33124aa7b79d833d1853b993632681ad1c8251f8ac918c8d99fa55ce563b7671,53c4dd81213f271aa6b0e00c71dff7bad172bae3f5a560ba112bd6dc761b2848,frozen_imagenet_normalization_on_224x224_phase3_pixels,independent_per_map_minmax_after_relu,e30582f862624c6004f29715f1d6269f3f8998757029cd1bc61ad48e7f92fa27,True,0.0,1.0,figures/phase9/gradcam/P9A-017/resnet18/seed_29/clean/input_rgb.png,figures/phase9/gradcam/P9A-017/resnet18/seed_29/clean/annotation_overlay.png,figures/phase9/gradcam/P9A-017/resnet18/seed_29/clean/true_class_thunderstrike_heatmap.png,figures/phase9/gradcam/P9A-017/resnet18/seed_29/clean/true_class_thunderstrike_overlay.png
P9A-017,112_0,resnet18,29,brightness_severe,degraded,brightness_severe,true_class,3,thunderstrike,surface_injure,thunderstrike,layer4.1,1x512x7x7,33124aa7b79d833d1853b993632681ad1c8251f8ac918c8d99fa55ce563b7671,53c4dd81213f271aa6b0e00c71dff7bad172bae3f5a560ba112bd6dc761b2848,frozen_imagenet_normalization_on_224x224_phase3_pixels,independent_per_map_minmax_after_relu,2c37db8df538329b96273b9731152e65c0daea3a0f4084e70ef06d2d984b56b4,True,0.0,1.0,figures/phase9/gradcam/P9A-017/resnet18/seed_29/degraded/input_rgb.png,figures/phase9/gradcam/P9A-017/resnet18/seed_29/degraded/annotation_overlay.png,figures/phase9/gradcam/P9A-017/resnet18/seed_29/degraded/true_class_thunderstrike_heatmap.png,figures/phase9/gradcam/P9A-017/resnet18/seed_29/degraded/true_class_thunderstrike_overlay.png
P9A-017,112_0,resnet18,29,brightness_severe,degraded,brightness_severe,predicted_class,2,surface_injure,surface_injure,thunderstrike,layer4.1,1x512x7x7,33124aa7b79d833d1853b993632681ad1c8251f8ac918c8d99fa55ce563b7671,53c4dd81213f271aa6b0e00c71dff7bad172bae3f5a560ba112bd6dc761b2848,frozen_imagenet_normalization_on_224x224_phase3_pixels,independent_per_map_minmax_after_relu,4a553386d6da7e39970244faa0841f7a7c36a1c73c355fe9d63578c8a922a8b1,True,0.0,1.0,figures/phase9/gradcam/P9A-017/resnet18/seed_29/degraded/input_rgb.png,figures/phase9/gradcam/P9A-017/resnet18/seed_29/degraded/annotation_overlay.png,figures/phase9/gradcam/P9A-017/resnet18/seed_29/degraded/predicted_class_surface_injure_heatmap.png,figures/phase9/gradcam/P9A-017/resnet18/seed_29/degraded/predicted_class_surface_injure_overlay.png
P9A-018,161_0,resnet18,29,gaussian_blur_severe,clean,clean,true_class,1,corrosion,corrosion,corrosion,layer4.1,1x512x7x7,33124aa7b79d833d1853b993632681ad1c8251f8ac918c8d99fa55ce563b7671,53c4dd81213f271aa6b0e00c71dff7bad172bae3f5a560ba112bd6dc761b2848,frozen_imagenet_normalization_on_224x224_phase3_pixels,independent_per_map_minmax_after_relu,9e2e7d4cb5a7ae8b523ef2eacbd13ea6fd36daef98c2780c825a39c88f99809e,True,0.0,1.0,figures/phase9/gradcam/P9A-018/resnet18/seed_29/clean/input_rgb.png,figures/phase9/gradcam/P9A-018/resnet18/seed_29/clean/annotation_overlay.png,figures/phase9/gradcam/P9A-018/resnet18/seed_29/clean/true_class_corrosion_heatmap.png,figures/phase9/gradcam/P9A-018/resnet18/seed_29/clean/true_class_corrosion_overlay.png
P9A-018,161_0,resnet18,29,gaussian_blur_severe,degraded,gaussian_blur_severe,true_class,1,corrosion,surface_injure,corrosion,layer4.1,1x512x7x7,33124aa7b79d833d1853b993632681ad1c8251f8ac918c8d99fa55ce563b7671,53c4dd81213f271aa6b0e00c71dff7bad172bae3f5a560ba112bd6dc761b2848,frozen_imagenet_normalization_on_224x224_phase3_pixels,independent_per_map_minmax_after_relu,1b8d4f0eae1edccf7c4dd2b55da9da763fb6403cd602f8890f1ef43f9d76793e,True,0.0,1.0,figures/phase9/gradcam/P9A-018/resnet18/seed_29/degraded/input_rgb.png,figures/phase9/gradcam/P9A-018/resnet18/seed_29/degraded/annotation_overlay.png,figures/phase9/gradcam/P9A-018/resnet18/seed_29/degraded/true_class_corrosion_heatmap.png,figures/phase9/gradcam/P9A-018/resnet18/seed_29/degraded/true_class_corrosion_overlay.png
P9A-018,161_0,resnet18,29,gaussian_blur_severe,degraded,gaussian_blur_severe,predicted_class,2,surface_injure,surface_injure,corrosion,layer4.1,1x512x7x7,33124aa7b79d833d1853b993632681ad1c8251f8ac918c8d99fa55ce563b7671,53c4dd81213f271aa6b0e00c71dff7bad172bae3f5a560ba112bd6dc761b2848,frozen_imagenet_normalization_on_224x224_phase3_pixels,independent_per_map_minmax_after_relu,2cf7ad4853a186285204a94caf6bf77765881e8a2afde137cea4c31de1f08bf5,True,0.0,1.0,figures/phase9/gradcam/P9A-018/resnet18/seed_29/degraded/input_rgb.png,figures/phase9/gradcam/P9A-018/resnet18/seed_29/degraded/annotation_overlay.png,figures/phase9/gradcam/P9A-018/resnet18/seed_29/degraded/predicted_class_surface_injure_heatmap.png,figures/phase9/gradcam/P9A-018/resnet18/seed_29/degraded/predicted_class_surface_injure_overlay.png
P9A-019,209_0,resnet18,29,brightness_severe,clean,clean,true_class,5,hide_craze,hide_craze,hide_craze,layer4.1,1x512x7x7,33124aa7b79d833d1853b993632681ad1c8251f8ac918c8d99fa55ce563b7671,53c4dd81213f271aa6b0e00c71dff7bad172bae3f5a560ba112bd6dc761b2848,frozen_imagenet_normalization_on_224x224_phase3_pixels,independent_per_map_minmax_after_relu,bcd67583aff8bb97b8729b1d5e391c0b2d194c9eb677cb82cab10da88816a7c6,True,0.0,1.0,figures/phase9/gradcam/P9A-019/resnet18/seed_29/clean/input_rgb.png,figures/phase9/gradcam/P9A-019/resnet18/seed_29/clean/annotation_overlay.png,figures/phase9/gradcam/P9A-019/resnet18/seed_29/clean/true_class_hide_craze_heatmap.png,figures/phase9/gradcam/P9A-019/resnet18/seed_29/clean/true_class_hide_craze_overlay.png
P9A-019,209_0,resnet18,29,brightness_severe,degraded,brightness_severe,true_class,5,hide_craze,surface_injure,hide_craze,layer4.1,1x512x7x7,33124aa7b79d833d1853b993632681ad1c8251f8ac918c8d99fa55ce563b7671,53c4dd81213f271aa6b0e00c71dff7bad172bae3f5a560ba112bd6dc761b2848,frozen_imagenet_normalization_on_224x224_phase3_pixels,independent_per_map_minmax_after_relu,0919550f870d30ca39b117cb14a20f20093147b7912ae14232b55a43af91f518,True,0.0,1.0,figures/phase9/gradcam/P9A-019/resnet18/seed_29/degraded/input_rgb.png,figures/phase9/gradcam/P9A-019/resnet18/seed_29/degraded/annotation_overlay.png,figures/phase9/gradcam/P9A-019/resnet18/seed_29/degraded/true_class_hide_craze_heatmap.png,figures/phase9/gradcam/P9A-019/resnet18/seed_29/degraded/true_class_hide_craze_overlay.png
P9A-019,209_0,resnet18,29,brightness_severe,degraded,brightness_severe,predicted_class,2,surface_injure,surface_injure,hide_craze,layer4.1,1x512x7x7,33124aa7b79d833d1853b993632681ad1c8251f8ac918c8d99fa55ce563b7671,53c4dd81213f271aa6b0e00c71dff7bad172bae3f5a560ba112bd6dc761b2848,frozen_imagenet_normalization_on_224x224_phase3_pixels,independent_per_map_minmax_after_relu,f8df4da5329d7a075d30a00ceed1b22089582ce7846e80d800ae9036047b2248,True,0.0,1.0,figures/phase9/gradcam/P9A-019/resnet18/seed_29/degraded/input_rgb.png,figures/phase9/gradcam/P9A-019/resnet18/seed_29/degraded/annotation_overlay.png,figures/phase9/gradcam/P9A-019/resnet18/seed_29/degraded/predicted_class_surface_injure_heatmap.png,figures/phase9/gradcam/P9A-019/resnet18/seed_29/degraded/predicted_class_surface_injure_overlay.png
P9A-021,238_0,resnet18,29,brightness_severe,clean,clean,true_class,4,crack,crack,crack,layer4.1,1x512x7x7,33124aa7b79d833d1853b993632681ad1c8251f8ac918c8d99fa55ce563b7671,53c4dd81213f271aa6b0e00c71dff7bad172bae3f5a560ba112bd6dc761b2848,frozen_imagenet_normalization_on_224x224_phase3_pixels,independent_per_map_minmax_after_relu,99c7bfb606563db9b30e8759829a3aadd6ef961241581dc2a52c736b2634a29c,True,0.0,1.0,figures/phase9/gradcam/P9A-021/resnet18/seed_29/clean/input_rgb.png,figures/phase9/gradcam/P9A-021/resnet18/seed_29/clean/annotation_overlay.png,figures/phase9/gradcam/P9A-021/resnet18/seed_29/clean/true_class_crack_heatmap.png,figures/phase9/gradcam/P9A-021/resnet18/seed_29/clean/true_class_crack_overlay.png
P9A-021,238_0,resnet18,29,brightness_severe,degraded,brightness_severe,true_class,4,crack,surface_injure,crack,layer4.1,1x512x7x7,33124aa7b79d833d1853b993632681ad1c8251f8ac918c8d99fa55ce563b7671,53c4dd81213f271aa6b0e00c71dff7bad172bae3f5a560ba112bd6dc761b2848,frozen_imagenet_normalization_on_224x224_phase3_pixels,independent_per_map_minmax_after_relu,346829351b232681cb34af0ac2baa90f8d2bb671a9d6ae6a1432f27d2cb3d1c7,True,0.0,0.0,figures/phase9/gradcam/P9A-021/resnet18/seed_29/degraded/input_rgb.png,figures/phase9/gradcam/P9A-021/resnet18/seed_29/degraded/annotation_overlay.png,figures/phase9/gradcam/P9A-021/resnet18/seed_29/degraded/true_class_crack_heatmap.png,figures/phase9/gradcam/P9A-021/resnet18/seed_29/degraded/true_class_crack_overlay.png
P9A-021,238_0,resnet18,29,brightness_severe,degraded,brightness_severe,predicted_class,2,surface_injure,surface_injure,crack,layer4.1,1x512x7x7,33124aa7b79d833d1853b993632681ad1c8251f8ac918c8d99fa55ce563b7671,53c4dd81213f271aa6b0e00c71dff7bad172bae3f5a560ba112bd6dc761b2848,frozen_imagenet_normalization_on_224x224_phase3_pixels,independent_per_map_minmax_after_relu,80dedfad9958be73ab5d294e43e32dacf6c359156f7f3da02acbf073dcc8bd92,True,0.0,1.0,figures/phase9/gradcam/P9A-021/resnet18/seed_29/degraded/input_rgb.png,figures/phase9/gradcam/P9A-021/resnet18/seed_29/degraded/annotation_overlay.png,figures/phase9/gradcam/P9A-021/resnet18/seed_29/degraded/predicted_class_surface_injure_heatmap.png,figures/phase9/gradcam/P9A-021/resnet18/seed_29/degraded/predicted_class_surface_injure_overlay.png
P9A-022,238_1,resnet18,29,brightness_severe,clean,clean,true_class,4,crack,crack,crack,layer4.1,1x512x7x7,33124aa7b79d833d1853b993632681ad1c8251f8ac918c8d99fa55ce563b7671,53c4dd81213f271aa6b0e00c71dff7bad172bae3f5a560ba112bd6dc761b2848,frozen_imagenet_normalization_on_224x224_phase3_pixels,independent_per_map_minmax_after_relu,e24aba5191869a058061b1e13c55b480e2e8b462a3909e8a23fb5eb4a106d27b,True,0.0,1.0,figures/phase9/gradcam/P9A-022/resnet18/seed_29/clean/input_rgb.png,figures/phase9/gradcam/P9A-022/resnet18/seed_29/clean/annotation_overlay.png,figures/phase9/gradcam/P9A-022/resnet18/seed_29/clean/true_class_crack_heatmap.png,figures/phase9/gradcam/P9A-022/resnet18/seed_29/clean/true_class_crack_overlay.png
P9A-022,238_1,resnet18,29,brightness_severe,degraded,brightness_severe,true_class,4,crack,craze,crack,layer4.1,1x512x7x7,33124aa7b79d833d1853b993632681ad1c8251f8ac918c8d99fa55ce563b7671,53c4dd81213f271aa6b0e00c71dff7bad172bae3f5a560ba112bd6dc761b2848,frozen_imagenet_normalization_on_224x224_phase3_pixels,independent_per_map_minmax_after_relu,346829351b232681cb34af0ac2baa90f8d2bb671a9d6ae6a1432f27d2cb3d1c7,True,0.0,0.0,figures/phase9/gradcam/P9A-022/resnet18/seed_29/degraded/input_rgb.png,figures/phase9/gradcam/P9A-022/resnet18/seed_29/degraded/annotation_overlay.png,figures/phase9/gradcam/P9A-022/resnet18/seed_29/degraded/true_class_crack_heatmap.png,figures/phase9/gradcam/P9A-022/resnet18/seed_29/degraded/true_class_crack_overlay.png
P9A-022,238_1,resnet18,29,brightness_severe,degraded,brightness_severe,predicted_class,0,craze,craze,crack,layer4.1,1x512x7x7,33124aa7b79d833d1853b993632681ad1c8251f8ac918c8d99fa55ce563b7671,53c4dd81213f271aa6b0e00c71dff7bad172bae3f5a560ba112bd6dc761b2848,frozen_imagenet_normalization_on_224x224_phase3_pixels,independent_per_map_minmax_after_relu,5daab749d02a6d4f545564a431a90693d3e588330e3bddd274301b241f004883,True,0.0,1.0,figures/phase9/gradcam/P9A-022/resnet18/seed_29/degraded/input_rgb.png,figures/phase9/gradcam/P9A-022/resnet18/seed_29/degraded/annotation_overlay.png,figures/phase9/gradcam/P9A-022/resnet18/seed_29/degraded/predicted_class_craze_heatmap.png,figures/phase9/gradcam/P9A-022/resnet18/seed_29/degraded/predicted_class_craze_overlay.png
P9A-023,252_0,resnet18,29,brightness_severe,clean,clean,true_class,4,crack,crack,crack,layer4.1,1x512x7x7,33124aa7b79d833d1853b993632681ad1c8251f8ac918c8d99fa55ce563b7671,53c4dd81213f271aa6b0e00c71dff7bad172bae3f5a560ba112bd6dc761b2848,frozen_imagenet_normalization_on_224x224_phase3_pixels,independent_per_map_minmax_after_relu,70abfeb0a12890d12af0fd6eba91a7d6e15582a024ac432cd57e998a69fb4c6b,True,0.0,1.0,figures/phase9/gradcam/P9A-023/resnet18/seed_29/clean/input_rgb.png,figures/phase9/gradcam/P9A-023/resnet18/seed_29/clean/annotation_overlay.png,figures/phase9/gradcam/P9A-023/resnet18/seed_29/clean/true_class_crack_heatmap.png,figures/phase9/gradcam/P9A-023/resnet18/seed_29/clean/true_class_crack_overlay.png
P9A-023,252_0,resnet18,29,brightness_severe,degraded,brightness_severe,true_class,4,crack,craze,crack,layer4.1,1x512x7x7,33124aa7b79d833d1853b993632681ad1c8251f8ac918c8d99fa55ce563b7671,53c4dd81213f271aa6b0e00c71dff7bad172bae3f5a560ba112bd6dc761b2848,frozen_imagenet_normalization_on_224x224_phase3_pixels,independent_per_map_minmax_after_relu,301a7af4d50ee1c5cf747ecd10b94bd6b61b779ce18f7d929299624d3602160e,True,0.0,1.0,figures/phase9/gradcam/P9A-023/resnet18/seed_29/degraded/input_rgb.png,figures/phase9/gradcam/P9A-023/resnet18/seed_29/degraded/annotation_overlay.png,figures/phase9/gradcam/P9A-023/resnet18/seed_29/degraded/true_class_crack_heatmap.png,figures/phase9/gradcam/P9A-023/resnet18/seed_29/degraded/true_class_crack_overlay.png
P9A-023,252_0,resnet18,29,brightness_severe,degraded,brightness_severe,predicted_class,0,craze,craze,crack,layer4.1,1x512x7x7,33124aa7b79d833d1853b993632681ad1c8251f8ac918c8d99fa55ce563b7671,53c4dd81213f271aa6b0e00c71dff7bad172bae3f5a560ba112bd6dc761b2848,frozen_imagenet_normalization_on_224x224_phase3_pixels,independent_per_map_minmax_after_relu,6c9874f9f390193bb930b543c92e9a5202af77ddac8b572bd5c2139574a2f992,True,0.0,1.0,figures/phase9/gradcam/P9A-023/resnet18/seed_29/degraded/input_rgb.png,figures/phase9/gradcam/P9A-023/resnet18/seed_29/degraded/annotation_overlay.png,figures/phase9/gradcam/P9A-023/resnet18/seed_29/degraded/predicted_class_craze_heatmap.png,figures/phase9/gradcam/P9A-023/resnet18/seed_29/degraded/predicted_class_craze_overlay.png
P9A-024,255_1,resnet18,29,brightness_severe,clean,clean,true_class,2,surface_injure,surface_injure,surface_injure,layer4.1,1x512x7x7,33124aa7b79d833d1853b993632681ad1c8251f8ac918c8d99fa55ce563b7671,53c4dd81213f271aa6b0e00c71dff7bad172bae3f5a560ba112bd6dc761b2848,frozen_imagenet_normalization_on_224x224_phase3_pixels,independent_per_map_minmax_after_relu,fd1fdad2eed8f868ef7d31940bd0faebe2585173b828bdd3729954b545149d4d,True,0.0,1.0,figures/phase9/gradcam/P9A-024/resnet18/seed_29/clean/input_rgb.png,figures/phase9/gradcam/P9A-024/resnet18/seed_29/clean/annotation_overlay.png,figures/phase9/gradcam/P9A-024/resnet18/seed_29/clean/true_class_surface_injure_heatmap.png,figures/phase9/gradcam/P9A-024/resnet18/seed_29/clean/true_class_surface_injure_overlay.png
P9A-024,255_1,resnet18,29,brightness_severe,degraded,brightness_severe,true_class,2,surface_injure,hide_craze,surface_injure,layer4.1,1x512x7x7,33124aa7b79d833d1853b993632681ad1c8251f8ac918c8d99fa55ce563b7671,53c4dd81213f271aa6b0e00c71dff7bad172bae3f5a560ba112bd6dc761b2848,frozen_imagenet_normalization_on_224x224_phase3_pixels,independent_per_map_minmax_after_relu,b777536a03f97dd9ed1b2457f7a48d27a4f49a4d4ff67a8b36cc3528411ae886,True,0.0,1.0,figures/phase9/gradcam/P9A-024/resnet18/seed_29/degraded/input_rgb.png,figures/phase9/gradcam/P9A-024/resnet18/seed_29/degraded/annotation_overlay.png,figures/phase9/gradcam/P9A-024/resnet18/seed_29/degraded/true_class_surface_injure_heatmap.png,figures/phase9/gradcam/P9A-024/resnet18/seed_29/degraded/true_class_surface_injure_overlay.png
P9A-024,255_1,resnet18,29,brightness_severe,degraded,brightness_severe,predicted_class,5,hide_craze,hide_craze,surface_injure,layer4.1,1x512x7x7,33124aa7b79d833d1853b993632681ad1c8251f8ac918c8d99fa55ce563b7671,53c4dd81213f271aa6b0e00c71dff7bad172bae3f5a560ba112bd6dc761b2848,frozen_imagenet_normalization_on_224x224_phase3_pixels,independent_per_map_minmax_after_relu,9940bf9e4f54d47d8c4b249f29e6337ebe16810b8d4d838fe9dcb7349a598382,True,0.0,1.0,figures/phase9/gradcam/P9A-024/resnet18/seed_29/degraded/input_rgb.png,figures/phase9/gradcam/P9A-024/resnet18/seed_29/degraded/annotation_overlay.png,figures/phase9/gradcam/P9A-024/resnet18/seed_29/degraded/predicted_class_hide_craze_heatmap.png,figures/phase9/gradcam/P9A-024/resnet18/seed_29/degraded/predicted_class_hide_craze_overlay.png
P9A-025,326_0,resnet18,29,brightness_severe,clean,clean,true_class,2,surface_injure,surface_injure,surface_injure,layer4.1,1x512x7x7,33124aa7b79d833d1853b993632681ad1c8251f8ac918c8d99fa55ce563b7671,53c4dd81213f271aa6b0e00c71dff7bad172bae3f5a560ba112bd6dc761b2848,frozen_imagenet_normalization_on_224x224_phase3_pixels,independent_per_map_minmax_after_relu,c48545e048dd306e792a00ed821d05a257c590f3807bc9fff6a3d587096a7bb7,True,0.0,1.0,figures/phase9/gradcam/P9A-025/resnet18/seed_29/clean/input_rgb.png,figures/phase9/gradcam/P9A-025/resnet18/seed_29/clean/annotation_overlay.png,figures/phase9/gradcam/P9A-025/resnet18/seed_29/clean/true_class_surface_injure_heatmap.png,figures/phase9/gradcam/P9A-025/resnet18/seed_29/clean/true_class_surface_injure_overlay.png
P9A-025,326_0,resnet18,29,brightness_severe,degraded,brightness_severe,true_class,2,surface_injure,hide_craze,surface_injure,layer4.1,1x512x7x7,33124aa7b79d833d1853b993632681ad1c8251f8ac918c8d99fa55ce563b7671,53c4dd81213f271aa6b0e00c71dff7bad172bae3f5a560ba112bd6dc761b2848,frozen_imagenet_normalization_on_224x224_phase3_pixels,independent_per_map_minmax_after_relu,ea8aa0fa9c1ade78f1a5038ee0c42b3cba270b467fed1c8b67cf72a9c0d33f66,True,0.0,1.0,figures/phase9/gradcam/P9A-025/resnet18/seed_29/degraded/input_rgb.png,figures/phase9/gradcam/P9A-025/resnet18/seed_29/degraded/annotation_overlay.png,figures/phase9/gradcam/P9A-025/resnet18/seed_29/degraded/true_class_surface_injure_heatmap.png,figures/phase9/gradcam/P9A-025/resnet18/seed_29/degraded/true_class_surface_injure_overlay.png
P9A-025,326_0,resnet18,29,brightness_severe,degraded,brightness_severe,predicted_class,5,hide_craze,hide_craze,surface_injure,layer4.1,1x512x7x7,33124aa7b79d833d1853b993632681ad1c8251f8ac918c8d99fa55ce563b7671,53c4dd81213f271aa6b0e00c71dff7bad172bae3f5a560ba112bd6dc761b2848,frozen_imagenet_normalization_on_224x224_phase3_pixels,independent_per_map_minmax_after_relu,5e7b03cb8c70c243f67e00016931d92d69fb4e972cf74c82b88623568f86027a,True,0.0,1.0,figures/phase9/gradcam/P9A-025/resnet18/seed_29/degraded/input_rgb.png,figures/phase9/gradcam/P9A-025/resnet18/seed_29/degraded/annotation_overlay.png,figures/phase9/gradcam/P9A-025/resnet18/seed_29/degraded/predicted_class_hide_craze_heatmap.png,figures/phase9/gradcam/P9A-025/resnet18/seed_29/degraded/predicted_class_hide_craze_overlay.png
P9A-026,326_1,resnet18,29,brightness_severe,clean,clean,true_class,0,craze,craze,craze,layer4.1,1x512x7x7,33124aa7b79d833d1853b993632681ad1c8251f8ac918c8d99fa55ce563b7671,53c4dd81213f271aa6b0e00c71dff7bad172bae3f5a560ba112bd6dc761b2848,frozen_imagenet_normalization_on_224x224_phase3_pixels,independent_per_map_minmax_after_relu,f5c5ceb8e5b5fe5d5bf72f57ebc53393cdbe3d5f1edaf7d368a8132d108e0e95,True,0.0,1.0,figures/phase9/gradcam/P9A-026/resnet18/seed_29/clean/input_rgb.png,figures/phase9/gradcam/P9A-026/resnet18/seed_29/clean/annotation_overlay.png,figures/phase9/gradcam/P9A-026/resnet18/seed_29/clean/true_class_craze_heatmap.png,figures/phase9/gradcam/P9A-026/resnet18/seed_29/clean/true_class_craze_overlay.png
P9A-026,326_1,resnet18,29,brightness_severe,degraded,brightness_severe,true_class,0,craze,hide_craze,craze,layer4.1,1x512x7x7,33124aa7b79d833d1853b993632681ad1c8251f8ac918c8d99fa55ce563b7671,53c4dd81213f271aa6b0e00c71dff7bad172bae3f5a560ba112bd6dc761b2848,frozen_imagenet_normalization_on_224x224_phase3_pixels,independent_per_map_minmax_after_relu,b6b204327b0b398b73e4ebe7e93d62c81f4bdeb4ca4dd021df40fcb8b8f5bc3a,True,0.0,1.0,figures/phase9/gradcam/P9A-026/resnet18/seed_29/degraded/input_rgb.png,figures/phase9/gradcam/P9A-026/resnet18/seed_29/degraded/annotation_overlay.png,figures/phase9/gradcam/P9A-026/resnet18/seed_29/degraded/true_class_craze_heatmap.png,figures/phase9/gradcam/P9A-026/resnet18/seed_29/degraded/true_class_craze_overlay.png
P9A-026,326_1,resnet18,29,brightness_severe,degraded,brightness_severe,predicted_class,5,hide_craze,hide_craze,craze,layer4.1,1x512x7x7,33124aa7b79d833d1853b993632681ad1c8251f8ac918c8d99fa55ce563b7671,53c4dd81213f271aa6b0e00c71dff7bad172bae3f5a560ba112bd6dc761b2848,frozen_imagenet_normalization_on_224x224_phase3_pixels,independent_per_map_minmax_after_relu,9589f599e34d9ee9c1561cde2bcbf9793d8cfd6a55a1d22f3b92b4ca979c1866,True,0.0,1.0,figures/phase9/gradcam/P9A-026/resnet18/seed_29/degraded/input_rgb.png,figures/phase9/gradcam/P9A-026/resnet18/seed_29/degraded/annotation_overlay.png,figures/phase9/gradcam/P9A-026/resnet18/seed_29/degraded/predicted_class_hide_craze_heatmap.png,figures/phase9/gradcam/P9A-026/resnet18/seed_29/degraded/predicted_class_hide_craze_overlay.png
P9A-027,370_1,resnet18,29,gaussian_blur_severe,clean,clean,true_class,1,corrosion,corrosion,corrosion,layer4.1,1x512x7x7,33124aa7b79d833d1853b993632681ad1c8251f8ac918c8d99fa55ce563b7671,53c4dd81213f271aa6b0e00c71dff7bad172bae3f5a560ba112bd6dc761b2848,frozen_imagenet_normalization_on_224x224_phase3_pixels,independent_per_map_minmax_after_relu,0f9129e9ea05aff8f17458a188e1eba71e2fe3d815bb8d2144140733a8e38e7c,True,0.0,1.0,figures/phase9/gradcam/P9A-027/resnet18/seed_29/clean/input_rgb.png,figures/phase9/gradcam/P9A-027/resnet18/seed_29/clean/annotation_overlay.png,figures/phase9/gradcam/P9A-027/resnet18/seed_29/clean/true_class_corrosion_heatmap.png,figures/phase9/gradcam/P9A-027/resnet18/seed_29/clean/true_class_corrosion_overlay.png
P9A-027,370_1,resnet18,29,gaussian_blur_severe,degraded,gaussian_blur_severe,true_class,1,corrosion,hide_craze,corrosion,layer4.1,1x512x7x7,33124aa7b79d833d1853b993632681ad1c8251f8ac918c8d99fa55ce563b7671,53c4dd81213f271aa6b0e00c71dff7bad172bae3f5a560ba112bd6dc761b2848,frozen_imagenet_normalization_on_224x224_phase3_pixels,independent_per_map_minmax_after_relu,90b53dc5a49b34cdd5d01c6177e7c0e38426fd2d4af544d5542c3c32c5f05c39,True,0.0,1.0,figures/phase9/gradcam/P9A-027/resnet18/seed_29/degraded/input_rgb.png,figures/phase9/gradcam/P9A-027/resnet18/seed_29/degraded/annotation_overlay.png,figures/phase9/gradcam/P9A-027/resnet18/seed_29/degraded/true_class_corrosion_heatmap.png,figures/phase9/gradcam/P9A-027/resnet18/seed_29/degraded/true_class_corrosion_overlay.png
P9A-027,370_1,resnet18,29,gaussian_blur_severe,degraded,gaussian_blur_severe,predicted_class,5,hide_craze,hide_craze,corrosion,layer4.1,1x512x7x7,33124aa7b79d833d1853b993632681ad1c8251f8ac918c8d99fa55ce563b7671,53c4dd81213f271aa6b0e00c71dff7bad172bae3f5a560ba112bd6dc761b2848,frozen_imagenet_normalization_on_224x224_phase3_pixels,independent_per_map_minmax_after_relu,5a54ad0b3e706d593b44d72b89e4b69a913da09075ad6b991f68f6b78bfc4a6c,True,0.0,1.0,figures/phase9/gradcam/P9A-027/resnet18/seed_29/degraded/input_rgb.png,figures/phase9/gradcam/P9A-027/resnet18/seed_29/degraded/annotation_overlay.png,figures/phase9/gradcam/P9A-027/resnet18/seed_29/degraded/predicted_class_hide_craze_heatmap.png,figures/phase9/gradcam/P9A-027/resnet18/seed_29/degraded/predicted_class_hide_craze_overlay.png
P9A-028,464_0,resnet18,29,brightness_severe,clean,clean,true_class,0,craze,craze,craze,layer4.1,1x512x7x7,33124aa7b79d833d1853b993632681ad1c8251f8ac918c8d99fa55ce563b7671,53c4dd81213f271aa6b0e00c71dff7bad172bae3f5a560ba112bd6dc761b2848,frozen_imagenet_normalization_on_224x224_phase3_pixels,independent_per_map_minmax_after_relu,56ecfd3298b81d436774a5ac8ea2c4f0eeb3695a22f2505134f4339af1453db8,True,0.0,1.0,figures/phase9/gradcam/P9A-028/resnet18/seed_29/clean/input_rgb.png,figures/phase9/gradcam/P9A-028/resnet18/seed_29/clean/annotation_overlay.png,figures/phase9/gradcam/P9A-028/resnet18/seed_29/clean/true_class_craze_heatmap.png,figures/phase9/gradcam/P9A-028/resnet18/seed_29/clean/true_class_craze_overlay.png
P9A-028,464_0,resnet18,29,brightness_severe,degraded,brightness_severe,true_class,0,craze,surface_injure,craze,layer4.1,1x512x7x7,33124aa7b79d833d1853b993632681ad1c8251f8ac918c8d99fa55ce563b7671,53c4dd81213f271aa6b0e00c71dff7bad172bae3f5a560ba112bd6dc761b2848,frozen_imagenet_normalization_on_224x224_phase3_pixels,independent_per_map_minmax_after_relu,893a28eed8ce7d4d1d009a55d5cd5b68cdeea50c5fba221fae825dc020d5912f,True,0.0,1.0,figures/phase9/gradcam/P9A-028/resnet18/seed_29/degraded/input_rgb.png,figures/phase9/gradcam/P9A-028/resnet18/seed_29/degraded/annotation_overlay.png,figures/phase9/gradcam/P9A-028/resnet18/seed_29/degraded/true_class_craze_heatmap.png,figures/phase9/gradcam/P9A-028/resnet18/seed_29/degraded/true_class_craze_overlay.png
P9A-028,464_0,resnet18,29,brightness_severe,degraded,brightness_severe,predicted_class,2,surface_injure,surface_injure,craze,layer4.1,1x512x7x7,33124aa7b79d833d1853b993632681ad1c8251f8ac918c8d99fa55ce563b7671,53c4dd81213f271aa6b0e00c71dff7bad172bae3f5a560ba112bd6dc761b2848,frozen_imagenet_normalization_on_224x224_phase3_pixels,independent_per_map_minmax_after_relu,f6396bb234634971e78162735fc6fde31961afdaacf9e89f967df0a1677b7c21,True,0.0,1.0,figures/phase9/gradcam/P9A-028/resnet18/seed_29/degraded/input_rgb.png,figures/phase9/gradcam/P9A-028/resnet18/seed_29/degraded/annotation_overlay.png,figures/phase9/gradcam/P9A-028/resnet18/seed_29/degraded/predicted_class_surface_injure_heatmap.png,figures/phase9/gradcam/P9A-028/resnet18/seed_29/degraded/predicted_class_surface_injure_overlay.png
P9A-029,597_0,resnet18,29,gaussian_blur_severe,clean,clean,true_class,5,hide_craze,hide_craze,hide_craze,layer4.1,1x512x7x7,33124aa7b79d833d1853b993632681ad1c8251f8ac918c8d99fa55ce563b7671,53c4dd81213f271aa6b0e00c71dff7bad172bae3f5a560ba112bd6dc761b2848,frozen_imagenet_normalization_on_224x224_phase3_pixels,independent_per_map_minmax_after_relu,f3702509e24f37ef5ec84a55c8e8e191dd96f4acaf9fdd119551be768673cca4,True,0.0,1.0,figures/phase9/gradcam/P9A-029/resnet18/seed_29/clean/input_rgb.png,figures/phase9/gradcam/P9A-029/resnet18/seed_29/clean/annotation_overlay.png,figures/phase9/gradcam/P9A-029/resnet18/seed_29/clean/true_class_hide_craze_heatmap.png,figures/phase9/gradcam/P9A-029/resnet18/seed_29/clean/true_class_hide_craze_overlay.png
P9A-029,597_0,resnet18,29,gaussian_blur_severe,degraded,gaussian_blur_severe,true_class,5,hide_craze,surface_injure,hide_craze,layer4.1,1x512x7x7,33124aa7b79d833d1853b993632681ad1c8251f8ac918c8d99fa55ce563b7671,53c4dd81213f271aa6b0e00c71dff7bad172bae3f5a560ba112bd6dc761b2848,frozen_imagenet_normalization_on_224x224_phase3_pixels,independent_per_map_minmax_after_relu,874ff160b1938a705347794061354770c7e28940617c6404e3e9b208e437c404,True,0.0,1.0,figures/phase9/gradcam/P9A-029/resnet18/seed_29/degraded/input_rgb.png,figures/phase9/gradcam/P9A-029/resnet18/seed_29/degraded/annotation_overlay.png,figures/phase9/gradcam/P9A-029/resnet18/seed_29/degraded/true_class_hide_craze_heatmap.png,figures/phase9/gradcam/P9A-029/resnet18/seed_29/degraded/true_class_hide_craze_overlay.png
P9A-029,597_0,resnet18,29,gaussian_blur_severe,degraded,gaussian_blur_severe,predicted_class,2,surface_injure,surface_injure,hide_craze,layer4.1,1x512x7x7,33124aa7b79d833d1853b993632681ad1c8251f8ac918c8d99fa55ce563b7671,53c4dd81213f271aa6b0e00c71dff7bad172bae3f5a560ba112bd6dc761b2848,frozen_imagenet_normalization_on_224x224_phase3_pixels,independent_per_map_minmax_after_relu,997b1d79487b5c2bcdca0dd8cac830a7183a44fad9c6279a7e6821a85d6611d5,True,0.0,1.0,figures/phase9/gradcam/P9A-029/resnet18/seed_29/degraded/input_rgb.png,figures/phase9/gradcam/P9A-029/resnet18/seed_29/degraded/annotation_overlay.png,figures/phase9/gradcam/P9A-029/resnet18/seed_29/degraded/predicted_class_surface_injure_heatmap.png,figures/phase9/gradcam/P9A-029/resnet18/seed_29/degraded/predicted_class_surface_injure_overlay.png
P9A-030,864_0,resnet18,29,brightness_severe,clean,clean,true_class,2,surface_injure,surface_injure,surface_injure,layer4.1,1x512x7x7,33124aa7b79d833d1853b993632681ad1c8251f8ac918c8d99fa55ce563b7671,53c4dd81213f271aa6b0e00c71dff7bad172bae3f5a560ba112bd6dc761b2848,frozen_imagenet_normalization_on_224x224_phase3_pixels,independent_per_map_minmax_after_relu,da9dbadb74bf894ae9f0869ce96f146fc479efc1c3cbcafee8b7b71c092aa42b,True,0.0,1.0,figures/phase9/gradcam/P9A-030/resnet18/seed_29/clean/input_rgb.png,figures/phase9/gradcam/P9A-030/resnet18/seed_29/clean/annotation_overlay.png,figures/phase9/gradcam/P9A-030/resnet18/seed_29/clean/true_class_surface_injure_heatmap.png,figures/phase9/gradcam/P9A-030/resnet18/seed_29/clean/true_class_surface_injure_overlay.png
P9A-030,864_0,resnet18,29,brightness_severe,degraded,brightness_severe,true_class,2,surface_injure,hide_craze,surface_injure,layer4.1,1x512x7x7,33124aa7b79d833d1853b993632681ad1c8251f8ac918c8d99fa55ce563b7671,53c4dd81213f271aa6b0e00c71dff7bad172bae3f5a560ba112bd6dc761b2848,frozen_imagenet_normalization_on_224x224_phase3_pixels,independent_per_map_minmax_after_relu,94d147081a98b1d0102d5b1711779025842a3be415dab4e5fcc88fbf5b0aae48,True,0.0,1.0,figures/phase9/gradcam/P9A-030/resnet18/seed_29/degraded/input_rgb.png,figures/phase9/gradcam/P9A-030/resnet18/seed_29/degraded/annotation_overlay.png,figures/phase9/gradcam/P9A-030/resnet18/seed_29/degraded/true_class_surface_injure_heatmap.png,figures/phase9/gradcam/P9A-030/resnet18/seed_29/degraded/true_class_surface_injure_overlay.png
P9A-030,864_0,resnet18,29,brightness_severe,degraded,brightness_severe,predicted_class,5,hide_craze,hide_craze,surface_injure,layer4.1,1x512x7x7,33124aa7b79d833d1853b993632681ad1c8251f8ac918c8d99fa55ce563b7671,53c4dd81213f271aa6b0e00c71dff7bad172bae3f5a560ba112bd6dc761b2848,frozen_imagenet_normalization_on_224x224_phase3_pixels,independent_per_map_minmax_after_relu,02b1a8b429fd0d9cec71b29455482e756da9f3956b347f8c74fd82ee307e006f,True,0.0,1.0,figures/phase9/gradcam/P9A-030/resnet18/seed_29/degraded/input_rgb.png,figures/phase9/gradcam/P9A-030/resnet18/seed_29/degraded/annotation_overlay.png,figures/phase9/gradcam/P9A-030/resnet18/seed_29/degraded/predicted_class_hide_craze_heatmap.png,figures/phase9/gradcam/P9A-030/resnet18/seed_29/degraded/predicted_class_hide_craze_overlay.png
P9A-031,48_0,resnet18,29,brightness_severe,clean,clean,true_class,2,surface_injure,craze,surface_injure,layer4.1,1x512x7x7,33124aa7b79d833d1853b993632681ad1c8251f8ac918c8d99fa55ce563b7671,53c4dd81213f271aa6b0e00c71dff7bad172bae3f5a560ba112bd6dc761b2848,frozen_imagenet_normalization_on_224x224_phase3_pixels,independent_per_map_minmax_after_relu,c6f43aa9551698d57e5e1f255e04e8c648bdef28468fc1f2af84b4fa25d4e51a,True,0.0,1.0,figures/phase9/gradcam/P9A-031/resnet18/seed_29/clean/input_rgb.png,figures/phase9/gradcam/P9A-031/resnet18/seed_29/clean/annotation_overlay.png,figures/phase9/gradcam/P9A-031/resnet18/seed_29/clean/true_class_surface_injure_heatmap.png,figures/phase9/gradcam/P9A-031/resnet18/seed_29/clean/true_class_surface_injure_overlay.png
P9A-031,48_0,resnet18,29,brightness_severe,clean,clean,predicted_class,0,craze,craze,surface_injure,layer4.1,1x512x7x7,33124aa7b79d833d1853b993632681ad1c8251f8ac918c8d99fa55ce563b7671,53c4dd81213f271aa6b0e00c71dff7bad172bae3f5a560ba112bd6dc761b2848,frozen_imagenet_normalization_on_224x224_phase3_pixels,independent_per_map_minmax_after_relu,7bca200eee1ede837dd2066640454297ecb7c91dd1571a9cda9f23493b928d28,True,0.0,1.0,figures/phase9/gradcam/P9A-031/resnet18/seed_29/clean/input_rgb.png,figures/phase9/gradcam/P9A-031/resnet18/seed_29/clean/annotation_overlay.png,figures/phase9/gradcam/P9A-031/resnet18/seed_29/clean/predicted_class_craze_heatmap.png,figures/phase9/gradcam/P9A-031/resnet18/seed_29/clean/predicted_class_craze_overlay.png
P9A-031,48_0,resnet18,29,brightness_severe,degraded,brightness_severe,true_class,2,surface_injure,craze,surface_injure,layer4.1,1x512x7x7,33124aa7b79d833d1853b993632681ad1c8251f8ac918c8d99fa55ce563b7671,53c4dd81213f271aa6b0e00c71dff7bad172bae3f5a560ba112bd6dc761b2848,frozen_imagenet_normalization_on_224x224_phase3_pixels,independent_per_map_minmax_after_relu,6a31a18105d534a3fa341dd01ca4a27d2276e90441cd122a87db666125bf4bd7,True,0.0,1.0,figures/phase9/gradcam/P9A-031/resnet18/seed_29/degraded/input_rgb.png,figures/phase9/gradcam/P9A-031/resnet18/seed_29/degraded/annotation_overlay.png,figures/phase9/gradcam/P9A-031/resnet18/seed_29/degraded/true_class_surface_injure_heatmap.png,figures/phase9/gradcam/P9A-031/resnet18/seed_29/degraded/true_class_surface_injure_overlay.png
P9A-031,48_0,resnet18,29,brightness_severe,degraded,brightness_severe,predicted_class,0,craze,craze,surface_injure,layer4.1,1x512x7x7,33124aa7b79d833d1853b993632681ad1c8251f8ac918c8d99fa55ce563b7671,53c4dd81213f271aa6b0e00c71dff7bad172bae3f5a560ba112bd6dc761b2848,frozen_imagenet_normalization_on_224x224_phase3_pixels,independent_per_map_minmax_after_relu,66a394b60d3635304c148a3a34a23350391e4eadb8de1efa64a00b39e66cd3d8,True,0.0,1.0,figures/phase9/gradcam/P9A-031/resnet18/seed_29/degraded/input_rgb.png,figures/phase9/gradcam/P9A-031/resnet18/seed_29/degraded/annotation_overlay.png,figures/phase9/gradcam/P9A-031/resnet18/seed_29/degraded/predicted_class_craze_heatmap.png,figures/phase9/gradcam/P9A-031/resnet18/seed_29/degraded/predicted_class_craze_overlay.png
P9A-033,51_0,resnet18,29,jpeg_severe,clean,clean,true_class,0,craze,corrosion,craze,layer4.1,1x512x7x7,33124aa7b79d833d1853b993632681ad1c8251f8ac918c8d99fa55ce563b7671,53c4dd81213f271aa6b0e00c71dff7bad172bae3f5a560ba112bd6dc761b2848,frozen_imagenet_normalization_on_224x224_phase3_pixels,independent_per_map_minmax_after_relu,c657ab73f2f81bc728fda134ce1fd78cb748893e889d01d9e69e0e3fc93b33fd,True,0.0,1.0,figures/phase9/gradcam/P9A-033/resnet18/seed_29/clean/input_rgb.png,figures/phase9/gradcam/P9A-033/resnet18/seed_29/clean/annotation_overlay.png,figures/phase9/gradcam/P9A-033/resnet18/seed_29/clean/true_class_craze_heatmap.png,figures/phase9/gradcam/P9A-033/resnet18/seed_29/clean/true_class_craze_overlay.png
P9A-033,51_0,resnet18,29,jpeg_severe,clean,clean,predicted_class,1,corrosion,corrosion,craze,layer4.1,1x512x7x7,33124aa7b79d833d1853b993632681ad1c8251f8ac918c8d99fa55ce563b7671,53c4dd81213f271aa6b0e00c71dff7bad172bae3f5a560ba112bd6dc761b2848,frozen_imagenet_normalization_on_224x224_phase3_pixels,independent_per_map_minmax_after_relu,5736e1e15f8a6f8b3c864faf0c71e8dd0b4b844a49a1a150cbb830114fb770a0,True,0.0,1.0,figures/phase9/gradcam/P9A-033/resnet18/seed_29/clean/input_rgb.png,figures/phase9/gradcam/P9A-033/resnet18/seed_29/clean/annotation_overlay.png,figures/phase9/gradcam/P9A-033/resnet18/seed_29/clean/predicted_class_corrosion_heatmap.png,figures/phase9/gradcam/P9A-033/resnet18/seed_29/clean/predicted_class_corrosion_overlay.png
P9A-033,51_0,resnet18,29,jpeg_severe,degraded,jpeg_severe,true_class,0,craze,corrosion,craze,layer4.1,1x512x7x7,33124aa7b79d833d1853b993632681ad1c8251f8ac918c8d99fa55ce563b7671,53c4dd81213f271aa6b0e00c71dff7bad172bae3f5a560ba112bd6dc761b2848,frozen_imagenet_normalization_on_224x224_phase3_pixels,independent_per_map_minmax_after_relu,938bb63aef93590d70b2920b3338be7e26cd6bda396e5403b51bf410a0783ad8,True,0.0,1.0,figures/phase9/gradcam/P9A-033/resnet18/seed_29/degraded/input_rgb.png,figures/phase9/gradcam/P9A-033/resnet18/seed_29/degraded/annotation_overlay.png,figures/phase9/gradcam/P9A-033/resnet18/seed_29/degraded/true_class_craze_heatmap.png,figures/phase9/gradcam/P9A-033/resnet18/seed_29/degraded/true_class_craze_overlay.png
P9A-033,51_0,resnet18,29,jpeg_severe,degraded,jpeg_severe,predicted_class,1,corrosion,corrosion,craze,layer4.1,1x512x7x7,33124aa7b79d833d1853b993632681ad1c8251f8ac918c8d99fa55ce563b7671,53c4dd81213f271aa6b0e00c71dff7bad172bae3f5a560ba112bd6dc761b2848,frozen_imagenet_normalization_on_224x224_phase3_pixels,independent_per_map_minmax_after_relu,5c938f516386c8944de012c1b127d8f8bb4de9d40a8416a39245a3004ab3ed57,True,0.0,1.0,figures/phase9/gradcam/P9A-033/resnet18/seed_29/degraded/input_rgb.png,figures/phase9/gradcam/P9A-033/resnet18/seed_29/degraded/annotation_overlay.png,figures/phase9/gradcam/P9A-033/resnet18/seed_29/degraded/predicted_class_corrosion_heatmap.png,figures/phase9/gradcam/P9A-033/resnet18/seed_29/degraded/predicted_class_corrosion_overlay.png
P9A-034,88_0,resnet18,29,brightness_severe,clean,clean,true_class,4,crack,hide_craze,crack,layer4.1,1x512x7x7,33124aa7b79d833d1853b993632681ad1c8251f8ac918c8d99fa55ce563b7671,53c4dd81213f271aa6b0e00c71dff7bad172bae3f5a560ba112bd6dc761b2848,frozen_imagenet_normalization_on_224x224_phase3_pixels,independent_per_map_minmax_after_relu,067ea7dcc5acb463fb6ecbc3eb3c72b4e11631707b9b5702b533b91d79312728,True,0.0,1.0,figures/phase9/gradcam/P9A-034/resnet18/seed_29/clean/input_rgb.png,figures/phase9/gradcam/P9A-034/resnet18/seed_29/clean/annotation_overlay.png,figures/phase9/gradcam/P9A-034/resnet18/seed_29/clean/true_class_crack_heatmap.png,figures/phase9/gradcam/P9A-034/resnet18/seed_29/clean/true_class_crack_overlay.png
P9A-034,88_0,resnet18,29,brightness_severe,clean,clean,predicted_class,5,hide_craze,hide_craze,crack,layer4.1,1x512x7x7,33124aa7b79d833d1853b993632681ad1c8251f8ac918c8d99fa55ce563b7671,53c4dd81213f271aa6b0e00c71dff7bad172bae3f5a560ba112bd6dc761b2848,frozen_imagenet_normalization_on_224x224_phase3_pixels,independent_per_map_minmax_after_relu,90fdaf4fbc6171561a59c144d22fc95e699058de2f872de6ceee09ba9dd22d15,True,0.0,1.0,figures/phase9/gradcam/P9A-034/resnet18/seed_29/clean/input_rgb.png,figures/phase9/gradcam/P9A-034/resnet18/seed_29/clean/annotation_overlay.png,figures/phase9/gradcam/P9A-034/resnet18/seed_29/clean/predicted_class_hide_craze_heatmap.png,figures/phase9/gradcam/P9A-034/resnet18/seed_29/clean/predicted_class_hide_craze_overlay.png
P9A-034,88_0,resnet18,29,brightness_severe,degraded,brightness_severe,true_class,4,crack,hide_craze,crack,layer4.1,1x512x7x7,33124aa7b79d833d1853b993632681ad1c8251f8ac918c8d99fa55ce563b7671,53c4dd81213f271aa6b0e00c71dff7bad172bae3f5a560ba112bd6dc761b2848,frozen_imagenet_normalization_on_224x224_phase3_pixels,independent_per_map_minmax_after_relu,346829351b232681cb34af0ac2baa90f8d2bb671a9d6ae6a1432f27d2cb3d1c7,True,0.0,0.0,figures/phase9/gradcam/P9A-034/resnet18/seed_29/degraded/input_rgb.png,figures/phase9/gradcam/P9A-034/resnet18/seed_29/degraded/annotation_overlay.png,figures/phase9/gradcam/P9A-034/resnet18/seed_29/degraded/true_class_crack_heatmap.png,figures/phase9/gradcam/P9A-034/resnet18/seed_29/degraded/true_class_crack_overlay.png
P9A-034,88_0,resnet18,29,brightness_severe,degraded,brightness_severe,predicted_class,5,hide_craze,hide_craze,crack,layer4.1,1x512x7x7,33124aa7b79d833d1853b993632681ad1c8251f8ac918c8d99fa55ce563b7671,53c4dd81213f271aa6b0e00c71dff7bad172bae3f5a560ba112bd6dc761b2848,frozen_imagenet_normalization_on_224x224_phase3_pixels,independent_per_map_minmax_after_relu,4017dec2fe3b7ddcf2e2e77e64f6cc99aa2f564162de4b1fdbc384d4c408c68b,True,0.0,1.0,figures/phase9/gradcam/P9A-034/resnet18/seed_29/degraded/input_rgb.png,figures/phase9/gradcam/P9A-034/resnet18/seed_29/degraded/annotation_overlay.png,figures/phase9/gradcam/P9A-034/resnet18/seed_29/degraded/predicted_class_hide_craze_heatmap.png,figures/phase9/gradcam/P9A-034/resnet18/seed_29/degraded/predicted_class_hide_craze_overlay.png
P9A-035,142_0,resnet18,29,jpeg_severe,clean,clean,true_class,2,surface_injure,corrosion,surface_injure,layer4.1,1x512x7x7,33124aa7b79d833d1853b993632681ad1c8251f8ac918c8d99fa55ce563b7671,53c4dd81213f271aa6b0e00c71dff7bad172bae3f5a560ba112bd6dc761b2848,frozen_imagenet_normalization_on_224x224_phase3_pixels,independent_per_map_minmax_after_relu,869cdd78b792e7993736b9cfcfa2473b2e24e10f9465944bac44709d02875a80,True,0.0,1.0,figures/phase9/gradcam/P9A-035/resnet18/seed_29/clean/input_rgb.png,figures/phase9/gradcam/P9A-035/resnet18/seed_29/clean/annotation_overlay.png,figures/phase9/gradcam/P9A-035/resnet18/seed_29/clean/true_class_surface_injure_heatmap.png,figures/phase9/gradcam/P9A-035/resnet18/seed_29/clean/true_class_surface_injure_overlay.png
P9A-035,142_0,resnet18,29,jpeg_severe,clean,clean,predicted_class,1,corrosion,corrosion,surface_injure,layer4.1,1x512x7x7,33124aa7b79d833d1853b993632681ad1c8251f8ac918c8d99fa55ce563b7671,53c4dd81213f271aa6b0e00c71dff7bad172bae3f5a560ba112bd6dc761b2848,frozen_imagenet_normalization_on_224x224_phase3_pixels,independent_per_map_minmax_after_relu,b3bd7422a29ea55fa34911183dd3e3d47eef98f66eb824d97a4807ee35c25719,True,0.0,1.0,figures/phase9/gradcam/P9A-035/resnet18/seed_29/clean/input_rgb.png,figures/phase9/gradcam/P9A-035/resnet18/seed_29/clean/annotation_overlay.png,figures/phase9/gradcam/P9A-035/resnet18/seed_29/clean/predicted_class_corrosion_heatmap.png,figures/phase9/gradcam/P9A-035/resnet18/seed_29/clean/predicted_class_corrosion_overlay.png
P9A-035,142_0,resnet18,29,jpeg_severe,degraded,jpeg_severe,true_class,2,surface_injure,corrosion,surface_injure,layer4.1,1x512x7x7,33124aa7b79d833d1853b993632681ad1c8251f8ac918c8d99fa55ce563b7671,53c4dd81213f271aa6b0e00c71dff7bad172bae3f5a560ba112bd6dc761b2848,frozen_imagenet_normalization_on_224x224_phase3_pixels,independent_per_map_minmax_after_relu,bf836fef94082bfe2ba1794338795129c147cfc1c762683337535460f48d4537,True,0.0,1.0,figures/phase9/gradcam/P9A-035/resnet18/seed_29/degraded/input_rgb.png,figures/phase9/gradcam/P9A-035/resnet18/seed_29/degraded/annotation_overlay.png,figures/phase9/gradcam/P9A-035/resnet18/seed_29/degraded/true_class_surface_injure_heatmap.png,figures/phase9/gradcam/P9A-035/resnet18/seed_29/degraded/true_class_surface_injure_overlay.png
P9A-035,142_0,resnet18,29,jpeg_severe,degraded,jpeg_severe,predicted_class,1,corrosion,corrosion,surface_injure,layer4.1,1x512x7x7,33124aa7b79d833d1853b993632681ad1c8251f8ac918c8d99fa55ce563b7671,53c4dd81213f271aa6b0e00c71dff7bad172bae3f5a560ba112bd6dc761b2848,frozen_imagenet_normalization_on_224x224_phase3_pixels,independent_per_map_minmax_after_relu,631d90ac84eeac08c988f09dd4c0b196fb5b1e403062aa835456a4402aa86ee2,True,0.0,1.0,figures/phase9/gradcam/P9A-035/resnet18/seed_29/degraded/input_rgb.png,figures/phase9/gradcam/P9A-035/resnet18/seed_29/degraded/annotation_overlay.png,figures/phase9/gradcam/P9A-035/resnet18/seed_29/degraded/predicted_class_corrosion_heatmap.png,figures/phase9/gradcam/P9A-035/resnet18/seed_29/degraded/predicted_class_corrosion_overlay.png
P9A-036,323_0,resnet18,29,jpeg_severe,clean,clean,true_class,1,corrosion,hide_craze,corrosion,layer4.1,1x512x7x7,33124aa7b79d833d1853b993632681ad1c8251f8ac918c8d99fa55ce563b7671,53c4dd81213f271aa6b0e00c71dff7bad172bae3f5a560ba112bd6dc761b2848,frozen_imagenet_normalization_on_224x224_phase3_pixels,independent_per_map_minmax_after_relu,aca75d31d983c42b9d8db238e2881b11e3b430c94586977972855de521ae2df2,True,0.0,1.0,figures/phase9/gradcam/P9A-036/resnet18/seed_29/clean/input_rgb.png,figures/phase9/gradcam/P9A-036/resnet18/seed_29/clean/annotation_overlay.png,figures/phase9/gradcam/P9A-036/resnet18/seed_29/clean/true_class_corrosion_heatmap.png,figures/phase9/gradcam/P9A-036/resnet18/seed_29/clean/true_class_corrosion_overlay.png
P9A-036,323_0,resnet18,29,jpeg_severe,clean,clean,predicted_class,5,hide_craze,hide_craze,corrosion,layer4.1,1x512x7x7,33124aa7b79d833d1853b993632681ad1c8251f8ac918c8d99fa55ce563b7671,53c4dd81213f271aa6b0e00c71dff7bad172bae3f5a560ba112bd6dc761b2848,frozen_imagenet_normalization_on_224x224_phase3_pixels,independent_per_map_minmax_after_relu,4ae1bcceab8d8eb6363b30522b0dfe89dc994e5b6626c5e8eaf6ceda28a444ea,True,0.0,1.0,figures/phase9/gradcam/P9A-036/resnet18/seed_29/clean/input_rgb.png,figures/phase9/gradcam/P9A-036/resnet18/seed_29/clean/annotation_overlay.png,figures/phase9/gradcam/P9A-036/resnet18/seed_29/clean/predicted_class_hide_craze_heatmap.png,figures/phase9/gradcam/P9A-036/resnet18/seed_29/clean/predicted_class_hide_craze_overlay.png
P9A-036,323_0,resnet18,29,jpeg_severe,degraded,jpeg_severe,true_class,1,corrosion,hide_craze,corrosion,layer4.1,1x512x7x7,33124aa7b79d833d1853b993632681ad1c8251f8ac918c8d99fa55ce563b7671,53c4dd81213f271aa6b0e00c71dff7bad172bae3f5a560ba112bd6dc761b2848,frozen_imagenet_normalization_on_224x224_phase3_pixels,independent_per_map_minmax_after_relu,2a37a4e740b09a1398895e5e26b8f6d2b1451de1082f9517deb137c3385b1d25,True,0.0,1.0,figures/phase9/gradcam/P9A-036/resnet18/seed_29/degraded/input_rgb.png,figures/phase9/gradcam/P9A-036/resnet18/seed_29/degraded/annotation_overlay.png,figures/phase9/gradcam/P9A-036/resnet18/seed_29/degraded/true_class_corrosion_heatmap.png,figures/phase9/gradcam/P9A-036/resnet18/seed_29/degraded/true_class_corrosion_overlay.png
P9A-036,323_0,resnet18,29,jpeg_severe,degraded,jpeg_severe,predicted_class,5,hide_craze,hide_craze,corrosion,layer4.1,1x512x7x7,33124aa7b79d833d1853b993632681ad1c8251f8ac918c8d99fa55ce563b7671,53c4dd81213f271aa6b0e00c71dff7bad172bae3f5a560ba112bd6dc761b2848,frozen_imagenet_normalization_on_224x224_phase3_pixels,independent_per_map_minmax_after_relu,f0a4060b8f155c11883ae8e69ac4b5e5df08b6ecb3a0a2b0f38325da74554ebe,True,0.0,1.0,figures/phase9/gradcam/P9A-036/resnet18/seed_29/degraded/input_rgb.png,figures/phase9/gradcam/P9A-036/resnet18/seed_29/degraded/annotation_overlay.png,figures/phase9/gradcam/P9A-036/resnet18/seed_29/degraded/predicted_class_hide_craze_heatmap.png,figures/phase9/gradcam/P9A-036/resnet18/seed_29/degraded/predicted_class_hide_craze_overlay.png
P9A-038,546_0,resnet18,29,gaussian_blur_severe,clean,clean,true_class,1,corrosion,surface_injure,corrosion,layer4.1,1x512x7x7,33124aa7b79d833d1853b993632681ad1c8251f8ac918c8d99fa55ce563b7671,53c4dd81213f271aa6b0e00c71dff7bad172bae3f5a560ba112bd6dc761b2848,frozen_imagenet_normalization_on_224x224_phase3_pixels,independent_per_map_minmax_after_relu,f87ebdf218964ca59bc109ad07e6e1c50fceb575677da1c124543ff951038207,True,0.0,1.0,figures/phase9/gradcam/P9A-038/resnet18/seed_29/clean/input_rgb.png,figures/phase9/gradcam/P9A-038/resnet18/seed_29/clean/annotation_overlay.png,figures/phase9/gradcam/P9A-038/resnet18/seed_29/clean/true_class_corrosion_heatmap.png,figures/phase9/gradcam/P9A-038/resnet18/seed_29/clean/true_class_corrosion_overlay.png
P9A-038,546_0,resnet18,29,gaussian_blur_severe,clean,clean,predicted_class,2,surface_injure,surface_injure,corrosion,layer4.1,1x512x7x7,33124aa7b79d833d1853b993632681ad1c8251f8ac918c8d99fa55ce563b7671,53c4dd81213f271aa6b0e00c71dff7bad172bae3f5a560ba112bd6dc761b2848,frozen_imagenet_normalization_on_224x224_phase3_pixels,independent_per_map_minmax_after_relu,6981178b85e3348a66beabfb1da6ab229443e0f88d751a68a567b5be7963fe3f,True,0.0,1.0,figures/phase9/gradcam/P9A-038/resnet18/seed_29/clean/input_rgb.png,figures/phase9/gradcam/P9A-038/resnet18/seed_29/clean/annotation_overlay.png,figures/phase9/gradcam/P9A-038/resnet18/seed_29/clean/predicted_class_surface_injure_heatmap.png,figures/phase9/gradcam/P9A-038/resnet18/seed_29/clean/predicted_class_surface_injure_overlay.png
P9A-038,546_0,resnet18,29,gaussian_blur_severe,degraded,gaussian_blur_severe,true_class,1,corrosion,surface_injure,corrosion,layer4.1,1x512x7x7,33124aa7b79d833d1853b993632681ad1c8251f8ac918c8d99fa55ce563b7671,53c4dd81213f271aa6b0e00c71dff7bad172bae3f5a560ba112bd6dc761b2848,frozen_imagenet_normalization_on_224x224_phase3_pixels,independent_per_map_minmax_after_relu,346829351b232681cb34af0ac2baa90f8d2bb671a9d6ae6a1432f27d2cb3d1c7,True,0.0,0.0,figures/phase9/gradcam/P9A-038/resnet18/seed_29/degraded/input_rgb.png,figures/phase9/gradcam/P9A-038/resnet18/seed_29/degraded/annotation_overlay.png,figures/phase9/gradcam/P9A-038/resnet18/seed_29/degraded/true_class_corrosion_heatmap.png,figures/phase9/gradcam/P9A-038/resnet18/seed_29/degraded/true_class_corrosion_overlay.png
P9A-038,546_0,resnet18,29,gaussian_blur_severe,degraded,gaussian_blur_severe,predicted_class,2,surface_injure,surface_injure,corrosion,layer4.1,1x512x7x7,33124aa7b79d833d1853b993632681ad1c8251f8ac918c8d99fa55ce563b7671,53c4dd81213f271aa6b0e00c71dff7bad172bae3f5a560ba112bd6dc761b2848,frozen_imagenet_normalization_on_224x224_phase3_pixels,independent_per_map_minmax_after_relu,90e39a8c95a3cd449d529e716201d2d30194767dab46e6b241a731ba7afdda60,True,0.0,1.0,figures/phase9/gradcam/P9A-038/resnet18/seed_29/degraded/input_rgb.png,figures/phase9/gradcam/P9A-038/resnet18/seed_29/degraded/annotation_overlay.png,figures/phase9/gradcam/P9A-038/resnet18/seed_29/degraded/predicted_class_surface_injure_heatmap.png,figures/phase9/gradcam/P9A-038/resnet18/seed_29/degraded/predicted_class_surface_injure_overlay.png
P9A-039,13_0,resnet18,29,brightness_severe,clean,clean,true_class,5,hide_craze,hide_craze,hide_craze,layer4.1,1x512x7x7,33124aa7b79d833d1853b993632681ad1c8251f8ac918c8d99fa55ce563b7671,53c4dd81213f271aa6b0e00c71dff7bad172bae3f5a560ba112bd6dc761b2848,frozen_imagenet_normalization_on_224x224_phase3_pixels,independent_per_map_minmax_after_relu,22a9e1b290b08633b057aefff510611b3e0f327f280619cdfcb3e04eb3eedc70,True,0.0,1.0,figures/phase9/gradcam/P9A-039/resnet18/seed_29/clean/input_rgb.png,figures/phase9/gradcam/P9A-039/resnet18/seed_29/clean/annotation_overlay.png,figures/phase9/gradcam/P9A-039/resnet18/seed_29/clean/true_class_hide_craze_heatmap.png,figures/phase9/gradcam/P9A-039/resnet18/seed_29/clean/true_class_hide_craze_overlay.png
P9A-039,13_0,resnet18,29,brightness_severe,degraded,brightness_severe,true_class,5,hide_craze,hide_craze,hide_craze,layer4.1,1x512x7x7,33124aa7b79d833d1853b993632681ad1c8251f8ac918c8d99fa55ce563b7671,53c4dd81213f271aa6b0e00c71dff7bad172bae3f5a560ba112bd6dc761b2848,frozen_imagenet_normalization_on_224x224_phase3_pixels,independent_per_map_minmax_after_relu,6491391b0fa8a8e262f7fb5ec11fd9a4afd50f4cb72c1ea8893a6578d5b16ac6,True,0.0,1.0,figures/phase9/gradcam/P9A-039/resnet18/seed_29/degraded/input_rgb.png,figures/phase9/gradcam/P9A-039/resnet18/seed_29/degraded/annotation_overlay.png,figures/phase9/gradcam/P9A-039/resnet18/seed_29/degraded/true_class_hide_craze_heatmap.png,figures/phase9/gradcam/P9A-039/resnet18/seed_29/degraded/true_class_hide_craze_overlay.png
P9A-040,71_0,resnet18,29,brightness_severe,clean,clean,true_class,0,craze,craze,craze,layer4.1,1x512x7x7,33124aa7b79d833d1853b993632681ad1c8251f8ac918c8d99fa55ce563b7671,53c4dd81213f271aa6b0e00c71dff7bad172bae3f5a560ba112bd6dc761b2848,frozen_imagenet_normalization_on_224x224_phase3_pixels,independent_per_map_minmax_after_relu,a8506757b1128c2c7b3210507f7e411eb7be4400d60007a0898fee529fcc01c8,True,0.0,1.0,figures/phase9/gradcam/P9A-040/resnet18/seed_29/clean/input_rgb.png,figures/phase9/gradcam/P9A-040/resnet18/seed_29/clean/annotation_overlay.png,figures/phase9/gradcam/P9A-040/resnet18/seed_29/clean/true_class_craze_heatmap.png,figures/phase9/gradcam/P9A-040/resnet18/seed_29/clean/true_class_craze_overlay.png
P9A-040,71_0,resnet18,29,brightness_severe,degraded,brightness_severe,true_class,0,craze,craze,craze,layer4.1,1x512x7x7,33124aa7b79d833d1853b993632681ad1c8251f8ac918c8d99fa55ce563b7671,53c4dd81213f271aa6b0e00c71dff7bad172bae3f5a560ba112bd6dc761b2848,frozen_imagenet_normalization_on_224x224_phase3_pixels,independent_per_map_minmax_after_relu,fcff7ab2f6fdd2290d108f53a0aa42d834fe7438f6911f663b1b8fc8cbfa7661,True,0.0,1.0,figures/phase9/gradcam/P9A-040/resnet18/seed_29/degraded/input_rgb.png,figures/phase9/gradcam/P9A-040/resnet18/seed_29/degraded/annotation_overlay.png,figures/phase9/gradcam/P9A-040/resnet18/seed_29/degraded/true_class_craze_heatmap.png,figures/phase9/gradcam/P9A-040/resnet18/seed_29/degraded/true_class_craze_overlay.png
P9A-041,103_0,resnet18,29,brightness_severe,clean,clean,true_class,0,craze,craze,craze,layer4.1,1x512x7x7,33124aa7b79d833d1853b993632681ad1c8251f8ac918c8d99fa55ce563b7671,53c4dd81213f271aa6b0e00c71dff7bad172bae3f5a560ba112bd6dc761b2848,frozen_imagenet_normalization_on_224x224_phase3_pixels,independent_per_map_minmax_after_relu,c5fef9d61f2adee0718e634ee0683a1cfdc67e11cba760f4c0fda4cd4a514ab9,True,0.0,1.0,figures/phase9/gradcam/P9A-041/resnet18/seed_29/clean/input_rgb.png,figures/phase9/gradcam/P9A-041/resnet18/seed_29/clean/annotation_overlay.png,figures/phase9/gradcam/P9A-041/resnet18/seed_29/clean/true_class_craze_heatmap.png,figures/phase9/gradcam/P9A-041/resnet18/seed_29/clean/true_class_craze_overlay.png
P9A-041,103_0,resnet18,29,brightness_severe,degraded,brightness_severe,true_class,0,craze,craze,craze,layer4.1,1x512x7x7,33124aa7b79d833d1853b993632681ad1c8251f8ac918c8d99fa55ce563b7671,53c4dd81213f271aa6b0e00c71dff7bad172bae3f5a560ba112bd6dc761b2848,frozen_imagenet_normalization_on_224x224_phase3_pixels,independent_per_map_minmax_after_relu,dad6f232ef6d516f485e1ed353194ab99d619c4e1fd373972a95a11b09765d68,True,0.0,1.0,figures/phase9/gradcam/P9A-041/resnet18/seed_29/degraded/input_rgb.png,figures/phase9/gradcam/P9A-041/resnet18/seed_29/degraded/annotation_overlay.png,figures/phase9/gradcam/P9A-041/resnet18/seed_29/degraded/true_class_craze_heatmap.png,figures/phase9/gradcam/P9A-041/resnet18/seed_29/degraded/true_class_craze_overlay.png
P9A-042,112_1,resnet18,29,brightness_severe,clean,clean,true_class,2,surface_injure,surface_injure,surface_injure,layer4.1,1x512x7x7,33124aa7b79d833d1853b993632681ad1c8251f8ac918c8d99fa55ce563b7671,53c4dd81213f271aa6b0e00c71dff7bad172bae3f5a560ba112bd6dc761b2848,frozen_imagenet_normalization_on_224x224_phase3_pixels,independent_per_map_minmax_after_relu,958c98aa5acef103194adad948ce1167bcf12acec8f3d9926734689370ca597f,True,0.0,1.0,figures/phase9/gradcam/P9A-042/resnet18/seed_29/clean/input_rgb.png,figures/phase9/gradcam/P9A-042/resnet18/seed_29/clean/annotation_overlay.png,figures/phase9/gradcam/P9A-042/resnet18/seed_29/clean/true_class_surface_injure_heatmap.png,figures/phase9/gradcam/P9A-042/resnet18/seed_29/clean/true_class_surface_injure_overlay.png
P9A-042,112_1,resnet18,29,brightness_severe,degraded,brightness_severe,true_class,2,surface_injure,surface_injure,surface_injure,layer4.1,1x512x7x7,33124aa7b79d833d1853b993632681ad1c8251f8ac918c8d99fa55ce563b7671,53c4dd81213f271aa6b0e00c71dff7bad172bae3f5a560ba112bd6dc761b2848,frozen_imagenet_normalization_on_224x224_phase3_pixels,independent_per_map_minmax_after_relu,afb1039657a3b5814b62cb32046e056460d096842e5e95af067b90f772f35ba2,True,0.0,1.0,figures/phase9/gradcam/P9A-042/resnet18/seed_29/degraded/input_rgb.png,figures/phase9/gradcam/P9A-042/resnet18/seed_29/degraded/annotation_overlay.png,figures/phase9/gradcam/P9A-042/resnet18/seed_29/degraded/true_class_surface_injure_heatmap.png,figures/phase9/gradcam/P9A-042/resnet18/seed_29/degraded/true_class_surface_injure_overlay.png
P9A-043,161_0,resnet18,29,brightness_severe,clean,clean,true_class,1,corrosion,corrosion,corrosion,layer4.1,1x512x7x7,33124aa7b79d833d1853b993632681ad1c8251f8ac918c8d99fa55ce563b7671,53c4dd81213f271aa6b0e00c71dff7bad172bae3f5a560ba112bd6dc761b2848,frozen_imagenet_normalization_on_224x224_phase3_pixels,independent_per_map_minmax_after_relu,9e2e7d4cb5a7ae8b523ef2eacbd13ea6fd36daef98c2780c825a39c88f99809e,True,0.0,1.0,figures/phase9/gradcam/P9A-043/resnet18/seed_29/clean/input_rgb.png,figures/phase9/gradcam/P9A-043/resnet18/seed_29/clean/annotation_overlay.png,figures/phase9/gradcam/P9A-043/resnet18/seed_29/clean/true_class_corrosion_heatmap.png,figures/phase9/gradcam/P9A-043/resnet18/seed_29/clean/true_class_corrosion_overlay.png
P9A-043,161_0,resnet18,29,brightness_severe,degraded,brightness_severe,true_class,1,corrosion,corrosion,corrosion,layer4.1,1x512x7x7,33124aa7b79d833d1853b993632681ad1c8251f8ac918c8d99fa55ce563b7671,53c4dd81213f271aa6b0e00c71dff7bad172bae3f5a560ba112bd6dc761b2848,frozen_imagenet_normalization_on_224x224_phase3_pixels,independent_per_map_minmax_after_relu,3f8a94afd41f0b2717f4e8a40c157d8e1c3bdd4edbb255235e80c0642895f9f8,True,0.0,1.0,figures/phase9/gradcam/P9A-043/resnet18/seed_29/degraded/input_rgb.png,figures/phase9/gradcam/P9A-043/resnet18/seed_29/degraded/annotation_overlay.png,figures/phase9/gradcam/P9A-043/resnet18/seed_29/degraded/true_class_corrosion_heatmap.png,figures/phase9/gradcam/P9A-043/resnet18/seed_29/degraded/true_class_corrosion_overlay.png
P9A-044,250_0,resnet18,29,brightness_severe,clean,clean,true_class,4,crack,crack,crack,layer4.1,1x512x7x7,33124aa7b79d833d1853b993632681ad1c8251f8ac918c8d99fa55ce563b7671,53c4dd81213f271aa6b0e00c71dff7bad172bae3f5a560ba112bd6dc761b2848,frozen_imagenet_normalization_on_224x224_phase3_pixels,independent_per_map_minmax_after_relu,0c781383b532ba3133504bef1f0650cc9626d102d85b68c01a1fbb6c1ddf3f76,True,0.0,1.0,figures/phase9/gradcam/P9A-044/resnet18/seed_29/clean/input_rgb.png,figures/phase9/gradcam/P9A-044/resnet18/seed_29/clean/annotation_overlay.png,figures/phase9/gradcam/P9A-044/resnet18/seed_29/clean/true_class_crack_heatmap.png,figures/phase9/gradcam/P9A-044/resnet18/seed_29/clean/true_class_crack_overlay.png
P9A-044,250_0,resnet18,29,brightness_severe,degraded,brightness_severe,true_class,4,crack,crack,crack,layer4.1,1x512x7x7,33124aa7b79d833d1853b993632681ad1c8251f8ac918c8d99fa55ce563b7671,53c4dd81213f271aa6b0e00c71dff7bad172bae3f5a560ba112bd6dc761b2848,frozen_imagenet_normalization_on_224x224_phase3_pixels,independent_per_map_minmax_after_relu,5f97045600e8c42a48a8706d68775ee70aa70513fe6d97957fcf1b977d832738,True,0.0,1.0,figures/phase9/gradcam/P9A-044/resnet18/seed_29/degraded/input_rgb.png,figures/phase9/gradcam/P9A-044/resnet18/seed_29/degraded/annotation_overlay.png,figures/phase9/gradcam/P9A-044/resnet18/seed_29/degraded/true_class_crack_heatmap.png,figures/phase9/gradcam/P9A-044/resnet18/seed_29/degraded/true_class_crack_overlay.png
P9A-045,322_0,resnet18,29,brightness_severe,clean,clean,true_class,1,corrosion,corrosion,corrosion,layer4.1,1x512x7x7,33124aa7b79d833d1853b993632681ad1c8251f8ac918c8d99fa55ce563b7671,53c4dd81213f271aa6b0e00c71dff7bad172bae3f5a560ba112bd6dc761b2848,frozen_imagenet_normalization_on_224x224_phase3_pixels,independent_per_map_minmax_after_relu,feff7ac793f9876d07f456310053aaab68cb68ecaaa7cf639bd8e4995ee4f815,True,0.0,1.0,figures/phase9/gradcam/P9A-045/resnet18/seed_29/clean/input_rgb.png,figures/phase9/gradcam/P9A-045/resnet18/seed_29/clean/annotation_overlay.png,figures/phase9/gradcam/P9A-045/resnet18/seed_29/clean/true_class_corrosion_heatmap.png,figures/phase9/gradcam/P9A-045/resnet18/seed_29/clean/true_class_corrosion_overlay.png
P9A-045,322_0,resnet18,29,brightness_severe,degraded,brightness_severe,true_class,1,corrosion,corrosion,corrosion,layer4.1,1x512x7x7,33124aa7b79d833d1853b993632681ad1c8251f8ac918c8d99fa55ce563b7671,53c4dd81213f271aa6b0e00c71dff7bad172bae3f5a560ba112bd6dc761b2848,frozen_imagenet_normalization_on_224x224_phase3_pixels,independent_per_map_minmax_after_relu,7e225bdb3ae97e1c267a23dbc47e1ca9d017fb93630a4657ae7aaf7e4f5efc07,True,0.0,1.0,figures/phase9/gradcam/P9A-045/resnet18/seed_29/degraded/input_rgb.png,figures/phase9/gradcam/P9A-045/resnet18/seed_29/degraded/annotation_overlay.png,figures/phase9/gradcam/P9A-045/resnet18/seed_29/degraded/true_class_corrosion_heatmap.png,figures/phase9/gradcam/P9A-045/resnet18/seed_29/degraded/true_class_corrosion_overlay.png
P9A-046,686_0,resnet18,29,brightness_severe,clean,clean,true_class,3,thunderstrike,thunderstrike,thunderstrike,layer4.1,1x512x7x7,33124aa7b79d833d1853b993632681ad1c8251f8ac918c8d99fa55ce563b7671,53c4dd81213f271aa6b0e00c71dff7bad172bae3f5a560ba112bd6dc761b2848,frozen_imagenet_normalization_on_224x224_phase3_pixels,independent_per_map_minmax_after_relu,49ff4da2233f99d773ebbd49ea1eda22bbe8c30eb2dd638f0857d579e31fad53,True,0.0,1.0,figures/phase9/gradcam/P9A-046/resnet18/seed_29/clean/input_rgb.png,figures/phase9/gradcam/P9A-046/resnet18/seed_29/clean/annotation_overlay.png,figures/phase9/gradcam/P9A-046/resnet18/seed_29/clean/true_class_thunderstrike_heatmap.png,figures/phase9/gradcam/P9A-046/resnet18/seed_29/clean/true_class_thunderstrike_overlay.png
P9A-046,686_0,resnet18,29,brightness_severe,degraded,brightness_severe,true_class,3,thunderstrike,thunderstrike,thunderstrike,layer4.1,1x512x7x7,33124aa7b79d833d1853b993632681ad1c8251f8ac918c8d99fa55ce563b7671,53c4dd81213f271aa6b0e00c71dff7bad172bae3f5a560ba112bd6dc761b2848,frozen_imagenet_normalization_on_224x224_phase3_pixels,independent_per_map_minmax_after_relu,1a380c0a0e454bdc8cfd45b02ceffb2bf7e5b6e5c9f5e56eae6aff0fc7b45df2,True,0.0,1.0,figures/phase9/gradcam/P9A-046/resnet18/seed_29/degraded/input_rgb.png,figures/phase9/gradcam/P9A-046/resnet18/seed_29/degraded/annotation_overlay.png,figures/phase9/gradcam/P9A-046/resnet18/seed_29/degraded/true_class_thunderstrike_heatmap.png,figures/phase9/gradcam/P9A-046/resnet18/seed_29/degraded/true_class_thunderstrike_overlay.png
P9A-047,88_0,resnet18,29,gaussian_blur_moderate,clean,clean,true_class,4,crack,hide_craze,crack,layer4.1,1x512x7x7,33124aa7b79d833d1853b993632681ad1c8251f8ac918c8d99fa55ce563b7671,53c4dd81213f271aa6b0e00c71dff7bad172bae3f5a560ba112bd6dc761b2848,frozen_imagenet_normalization_on_224x224_phase3_pixels,independent_per_map_minmax_after_relu,067ea7dcc5acb463fb6ecbc3eb3c72b4e11631707b9b5702b533b91d79312728,True,0.0,1.0,figures/phase9/gradcam/P9A-047/resnet18/seed_29/clean/input_rgb.png,figures/phase9/gradcam/P9A-047/resnet18/seed_29/clean/annotation_overlay.png,figures/phase9/gradcam/P9A-047/resnet18/seed_29/clean/true_class_crack_heatmap.png,figures/phase9/gradcam/P9A-047/resnet18/seed_29/clean/true_class_crack_overlay.png
P9A-047,88_0,resnet18,29,gaussian_blur_moderate,clean,clean,predicted_class,5,hide_craze,hide_craze,crack,layer4.1,1x512x7x7,33124aa7b79d833d1853b993632681ad1c8251f8ac918c8d99fa55ce563b7671,53c4dd81213f271aa6b0e00c71dff7bad172bae3f5a560ba112bd6dc761b2848,frozen_imagenet_normalization_on_224x224_phase3_pixels,independent_per_map_minmax_after_relu,90fdaf4fbc6171561a59c144d22fc95e699058de2f872de6ceee09ba9dd22d15,True,0.0,1.0,figures/phase9/gradcam/P9A-047/resnet18/seed_29/clean/input_rgb.png,figures/phase9/gradcam/P9A-047/resnet18/seed_29/clean/annotation_overlay.png,figures/phase9/gradcam/P9A-047/resnet18/seed_29/clean/predicted_class_hide_craze_heatmap.png,figures/phase9/gradcam/P9A-047/resnet18/seed_29/clean/predicted_class_hide_craze_overlay.png
P9A-047,88_0,resnet18,29,gaussian_blur_moderate,degraded,gaussian_blur_moderate,true_class,4,crack,crack,crack,layer4.1,1x512x7x7,33124aa7b79d833d1853b993632681ad1c8251f8ac918c8d99fa55ce563b7671,53c4dd81213f271aa6b0e00c71dff7bad172bae3f5a560ba112bd6dc761b2848,frozen_imagenet_normalization_on_224x224_phase3_pixels,independent_per_map_minmax_after_relu,410bb05e0f397b0ad736ead107f4f84d8b0e35508b1ad79e206b74df59c63cbc,True,0.0,1.0,figures/phase9/gradcam/P9A-047/resnet18/seed_29/degraded/input_rgb.png,figures/phase9/gradcam/P9A-047/resnet18/seed_29/degraded/annotation_overlay.png,figures/phase9/gradcam/P9A-047/resnet18/seed_29/degraded/true_class_crack_heatmap.png,figures/phase9/gradcam/P9A-047/resnet18/seed_29/degraded/true_class_crack_overlay.png
P9A-048,142_0,resnet18,29,gaussian_blur_moderate,clean,clean,true_class,2,surface_injure,corrosion,surface_injure,layer4.1,1x512x7x7,33124aa7b79d833d1853b993632681ad1c8251f8ac918c8d99fa55ce563b7671,53c4dd81213f271aa6b0e00c71dff7bad172bae3f5a560ba112bd6dc761b2848,frozen_imagenet_normalization_on_224x224_phase3_pixels,independent_per_map_minmax_after_relu,869cdd78b792e7993736b9cfcfa2473b2e24e10f9465944bac44709d02875a80,True,0.0,1.0,figures/phase9/gradcam/P9A-048/resnet18/seed_29/clean/input_rgb.png,figures/phase9/gradcam/P9A-048/resnet18/seed_29/clean/annotation_overlay.png,figures/phase9/gradcam/P9A-048/resnet18/seed_29/clean/true_class_surface_injure_heatmap.png,figures/phase9/gradcam/P9A-048/resnet18/seed_29/clean/true_class_surface_injure_overlay.png
P9A-048,142_0,resnet18,29,gaussian_blur_moderate,clean,clean,predicted_class,1,corrosion,corrosion,surface_injure,layer4.1,1x512x7x7,33124aa7b79d833d1853b993632681ad1c8251f8ac918c8d99fa55ce563b7671,53c4dd81213f271aa6b0e00c71dff7bad172bae3f5a560ba112bd6dc761b2848,frozen_imagenet_normalization_on_224x224_phase3_pixels,independent_per_map_minmax_after_relu,b3bd7422a29ea55fa34911183dd3e3d47eef98f66eb824d97a4807ee35c25719,True,0.0,1.0,figures/phase9/gradcam/P9A-048/resnet18/seed_29/clean/input_rgb.png,figures/phase9/gradcam/P9A-048/resnet18/seed_29/clean/annotation_overlay.png,figures/phase9/gradcam/P9A-048/resnet18/seed_29/clean/predicted_class_corrosion_heatmap.png,figures/phase9/gradcam/P9A-048/resnet18/seed_29/clean/predicted_class_corrosion_overlay.png
P9A-048,142_0,resnet18,29,gaussian_blur_moderate,degraded,gaussian_blur_moderate,true_class,2,surface_injure,surface_injure,surface_injure,layer4.1,1x512x7x7,33124aa7b79d833d1853b993632681ad1c8251f8ac918c8d99fa55ce563b7671,53c4dd81213f271aa6b0e00c71dff7bad172bae3f5a560ba112bd6dc761b2848,frozen_imagenet_normalization_on_224x224_phase3_pixels,independent_per_map_minmax_after_relu,2ddafe675ff30c5a6607162a758cc979848d07e1ba5f1a4d2ec4199c4f8f5de5,True,0.0,1.0,figures/phase9/gradcam/P9A-048/resnet18/seed_29/degraded/input_rgb.png,figures/phase9/gradcam/P9A-048/resnet18/seed_29/degraded/annotation_overlay.png,figures/phase9/gradcam/P9A-048/resnet18/seed_29/degraded/true_class_surface_injure_heatmap.png,figures/phase9/gradcam/P9A-048/resnet18/seed_29/degraded/true_class_surface_injure_overlay.png
P9A-049,142_0,resnet18,29,gaussian_blur_severe,clean,clean,true_class,2,surface_injure,corrosion,surface_injure,layer4.1,1x512x7x7,33124aa7b79d833d1853b993632681ad1c8251f8ac918c8d99fa55ce563b7671,53c4dd81213f271aa6b0e00c71dff7bad172bae3f5a560ba112bd6dc761b2848,frozen_imagenet_normalization_on_224x224_phase3_pixels,independent_per_map_minmax_after_relu,869cdd78b792e7993736b9cfcfa2473b2e24e10f9465944bac44709d02875a80,True,0.0,1.0,figures/phase9/gradcam/P9A-049/resnet18/seed_29/clean/input_rgb.png,figures/phase9/gradcam/P9A-049/resnet18/seed_29/clean/annotation_overlay.png,figures/phase9/gradcam/P9A-049/resnet18/seed_29/clean/true_class_surface_injure_heatmap.png,figures/phase9/gradcam/P9A-049/resnet18/seed_29/clean/true_class_surface_injure_overlay.png
P9A-049,142_0,resnet18,29,gaussian_blur_severe,clean,clean,predicted_class,1,corrosion,corrosion,surface_injure,layer4.1,1x512x7x7,33124aa7b79d833d1853b993632681ad1c8251f8ac918c8d99fa55ce563b7671,53c4dd81213f271aa6b0e00c71dff7bad172bae3f5a560ba112bd6dc761b2848,frozen_imagenet_normalization_on_224x224_phase3_pixels,independent_per_map_minmax_after_relu,b3bd7422a29ea55fa34911183dd3e3d47eef98f66eb824d97a4807ee35c25719,True,0.0,1.0,figures/phase9/gradcam/P9A-049/resnet18/seed_29/clean/input_rgb.png,figures/phase9/gradcam/P9A-049/resnet18/seed_29/clean/annotation_overlay.png,figures/phase9/gradcam/P9A-049/resnet18/seed_29/clean/predicted_class_corrosion_heatmap.png,figures/phase9/gradcam/P9A-049/resnet18/seed_29/clean/predicted_class_corrosion_overlay.png
P9A-049,142_0,resnet18,29,gaussian_blur_severe,degraded,gaussian_blur_severe,true_class,2,surface_injure,surface_injure,surface_injure,layer4.1,1x512x7x7,33124aa7b79d833d1853b993632681ad1c8251f8ac918c8d99fa55ce563b7671,53c4dd81213f271aa6b0e00c71dff7bad172bae3f5a560ba112bd6dc761b2848,frozen_imagenet_normalization_on_224x224_phase3_pixels,independent_per_map_minmax_after_relu,f4304680423572757ac5387145d60cc14f749a21564ffec6f40f275c39a2dba2,True,0.0,1.0,figures/phase9/gradcam/P9A-049/resnet18/seed_29/degraded/input_rgb.png,figures/phase9/gradcam/P9A-049/resnet18/seed_29/degraded/annotation_overlay.png,figures/phase9/gradcam/P9A-049/resnet18/seed_29/degraded/true_class_surface_injure_heatmap.png,figures/phase9/gradcam/P9A-049/resnet18/seed_29/degraded/true_class_surface_injure_overlay.png
P9A-050,228_1,resnet18,29,brightness_severe,clean,clean,true_class,5,hide_craze,craze,hide_craze,layer4.1,1x512x7x7,33124aa7b79d833d1853b993632681ad1c8251f8ac918c8d99fa55ce563b7671,53c4dd81213f271aa6b0e00c71dff7bad172bae3f5a560ba112bd6dc761b2848,frozen_imagenet_normalization_on_224x224_phase3_pixels,independent_per_map_minmax_after_relu,8e6545369db701bbac8c143f833a692fe6cc4c742897519ea361f2eb8ddecc4b,True,0.0,1.0,figures/phase9/gradcam/P9A-050/resnet18/seed_29/clean/input_rgb.png,figures/phase9/gradcam/P9A-050/resnet18/seed_29/clean/annotation_overlay.png,figures/phase9/gradcam/P9A-050/resnet18/seed_29/clean/true_class_hide_craze_heatmap.png,figures/phase9/gradcam/P9A-050/resnet18/seed_29/clean/true_class_hide_craze_overlay.png
P9A-050,228_1,resnet18,29,brightness_severe,clean,clean,predicted_class,0,craze,craze,hide_craze,layer4.1,1x512x7x7,33124aa7b79d833d1853b993632681ad1c8251f8ac918c8d99fa55ce563b7671,53c4dd81213f271aa6b0e00c71dff7bad172bae3f5a560ba112bd6dc761b2848,frozen_imagenet_normalization_on_224x224_phase3_pixels,independent_per_map_minmax_after_relu,ff4e4d9db8a793018fdb3e9e5c42411fa202b4f863d8b7ed36ef9352428229ca,True,0.0,1.0,figures/phase9/gradcam/P9A-050/resnet18/seed_29/clean/input_rgb.png,figures/phase9/gradcam/P9A-050/resnet18/seed_29/clean/annotation_overlay.png,figures/phase9/gradcam/P9A-050/resnet18/seed_29/clean/predicted_class_craze_heatmap.png,figures/phase9/gradcam/P9A-050/resnet18/seed_29/clean/predicted_class_craze_overlay.png
P9A-050,228_1,resnet18,29,brightness_severe,degraded,brightness_severe,true_class,5,hide_craze,hide_craze,hide_craze,layer4.1,1x512x7x7,33124aa7b79d833d1853b993632681ad1c8251f8ac918c8d99fa55ce563b7671,53c4dd81213f271aa6b0e00c71dff7bad172bae3f5a560ba112bd6dc761b2848,frozen_imagenet_normalization_on_224x224_phase3_pixels,independent_per_map_minmax_after_relu,1e67b585ce7fed0691a968e2590cca9b6b06ade05957d5f7683cfdc0fdc070da,True,0.0,1.0,figures/phase9/gradcam/P9A-050/resnet18/seed_29/degraded/input_rgb.png,figures/phase9/gradcam/P9A-050/resnet18/seed_29/degraded/annotation_overlay.png,figures/phase9/gradcam/P9A-050/resnet18/seed_29/degraded/true_class_hide_craze_heatmap.png,figures/phase9/gradcam/P9A-050/resnet18/seed_29/degraded/true_class_hide_craze_overlay.png
P9A-053,46_0,resnet18,29,brightness_severe,clean,clean,true_class,1,corrosion,corrosion,corrosion,layer4.1,1x512x7x7,33124aa7b79d833d1853b993632681ad1c8251f8ac918c8d99fa55ce563b7671,53c4dd81213f271aa6b0e00c71dff7bad172bae3f5a560ba112bd6dc761b2848,frozen_imagenet_normalization_on_224x224_phase3_pixels,independent_per_map_minmax_after_relu,9f6843d0dd767d99e2529113c793d99ea2ab5110e0ea1afd4e69fa868cb807e0,True,0.0,1.0,figures/phase9/gradcam/P9A-053/resnet18/seed_29/clean/input_rgb.png,figures/phase9/gradcam/P9A-053/resnet18/seed_29/clean/annotation_overlay.png,figures/phase9/gradcam/P9A-053/resnet18/seed_29/clean/true_class_corrosion_heatmap.png,figures/phase9/gradcam/P9A-053/resnet18/seed_29/clean/true_class_corrosion_overlay.png
P9A-053,46_0,resnet18,29,brightness_severe,degraded,brightness_severe,true_class,1,corrosion,hide_craze,corrosion,layer4.1,1x512x7x7,33124aa7b79d833d1853b993632681ad1c8251f8ac918c8d99fa55ce563b7671,53c4dd81213f271aa6b0e00c71dff7bad172bae3f5a560ba112bd6dc761b2848,frozen_imagenet_normalization_on_224x224_phase3_pixels,independent_per_map_minmax_after_relu,632bc24d2c60fb5ca8aac43c935984fa1c829434ad788fd1685f336653dff7fc,True,0.0,1.0,figures/phase9/gradcam/P9A-053/resnet18/seed_29/degraded/input_rgb.png,figures/phase9/gradcam/P9A-053/resnet18/seed_29/degraded/annotation_overlay.png,figures/phase9/gradcam/P9A-053/resnet18/seed_29/degraded/true_class_corrosion_heatmap.png,figures/phase9/gradcam/P9A-053/resnet18/seed_29/degraded/true_class_corrosion_overlay.png
P9A-053,46_0,resnet18,29,brightness_severe,degraded,brightness_severe,predicted_class,5,hide_craze,hide_craze,corrosion,layer4.1,1x512x7x7,33124aa7b79d833d1853b993632681ad1c8251f8ac918c8d99fa55ce563b7671,53c4dd81213f271aa6b0e00c71dff7bad172bae3f5a560ba112bd6dc761b2848,frozen_imagenet_normalization_on_224x224_phase3_pixels,independent_per_map_minmax_after_relu,ad9b3701a762559fef405292d9dd105c5690b5598e65a06a56e27d2fa7fa3b05,True,0.0,1.0,figures/phase9/gradcam/P9A-053/resnet18/seed_29/degraded/input_rgb.png,figures/phase9/gradcam/P9A-053/resnet18/seed_29/degraded/annotation_overlay.png,figures/phase9/gradcam/P9A-053/resnet18/seed_29/degraded/predicted_class_hide_craze_heatmap.png,figures/phase9/gradcam/P9A-053/resnet18/seed_29/degraded/predicted_class_hide_craze_overlay.png
P9A-054,46_1,resnet18,29,brightness_severe,clean,clean,true_class,1,corrosion,corrosion,corrosion,layer4.1,1x512x7x7,33124aa7b79d833d1853b993632681ad1c8251f8ac918c8d99fa55ce563b7671,53c4dd81213f271aa6b0e00c71dff7bad172bae3f5a560ba112bd6dc761b2848,frozen_imagenet_normalization_on_224x224_phase3_pixels,independent_per_map_minmax_after_relu,086d4ac570f279c1806aee3fd9255506c6b8cda60070600c4327e676059a8a91,True,0.0,1.0,figures/phase9/gradcam/P9A-054/resnet18/seed_29/clean/input_rgb.png,figures/phase9/gradcam/P9A-054/resnet18/seed_29/clean/annotation_overlay.png,figures/phase9/gradcam/P9A-054/resnet18/seed_29/clean/true_class_corrosion_heatmap.png,figures/phase9/gradcam/P9A-054/resnet18/seed_29/clean/true_class_corrosion_overlay.png
P9A-054,46_1,resnet18,29,brightness_severe,degraded,brightness_severe,true_class,1,corrosion,corrosion,corrosion,layer4.1,1x512x7x7,33124aa7b79d833d1853b993632681ad1c8251f8ac918c8d99fa55ce563b7671,53c4dd81213f271aa6b0e00c71dff7bad172bae3f5a560ba112bd6dc761b2848,frozen_imagenet_normalization_on_224x224_phase3_pixels,independent_per_map_minmax_after_relu,2b4bc703344e7d510d09176b03d9eb06fb89673e7bfaba12029bb1f0a49bb764,True,0.0,1.0,figures/phase9/gradcam/P9A-054/resnet18/seed_29/degraded/input_rgb.png,figures/phase9/gradcam/P9A-054/resnet18/seed_29/degraded/annotation_overlay.png,figures/phase9/gradcam/P9A-054/resnet18/seed_29/degraded/true_class_corrosion_heatmap.png,figures/phase9/gradcam/P9A-054/resnet18/seed_29/degraded/true_class_corrosion_overlay.png
P9A-055,48_0,resnet18,29,brightness_mild,clean,clean,true_class,2,surface_injure,craze,surface_injure,layer4.1,1x512x7x7,33124aa7b79d833d1853b993632681ad1c8251f8ac918c8d99fa55ce563b7671,53c4dd81213f271aa6b0e00c71dff7bad172bae3f5a560ba112bd6dc761b2848,frozen_imagenet_normalization_on_224x224_phase3_pixels,independent_per_map_minmax_after_relu,c6f43aa9551698d57e5e1f255e04e8c648bdef28468fc1f2af84b4fa25d4e51a,True,0.0,1.0,figures/phase9/gradcam/P9A-055/resnet18/seed_29/clean/input_rgb.png,figures/phase9/gradcam/P9A-055/resnet18/seed_29/clean/annotation_overlay.png,figures/phase9/gradcam/P9A-055/resnet18/seed_29/clean/true_class_surface_injure_heatmap.png,figures/phase9/gradcam/P9A-055/resnet18/seed_29/clean/true_class_surface_injure_overlay.png
P9A-055,48_0,resnet18,29,brightness_mild,clean,clean,predicted_class,0,craze,craze,surface_injure,layer4.1,1x512x7x7,33124aa7b79d833d1853b993632681ad1c8251f8ac918c8d99fa55ce563b7671,53c4dd81213f271aa6b0e00c71dff7bad172bae3f5a560ba112bd6dc761b2848,frozen_imagenet_normalization_on_224x224_phase3_pixels,independent_per_map_minmax_after_relu,7bca200eee1ede837dd2066640454297ecb7c91dd1571a9cda9f23493b928d28,True,0.0,1.0,figures/phase9/gradcam/P9A-055/resnet18/seed_29/clean/input_rgb.png,figures/phase9/gradcam/P9A-055/resnet18/seed_29/clean/annotation_overlay.png,figures/phase9/gradcam/P9A-055/resnet18/seed_29/clean/predicted_class_craze_heatmap.png,figures/phase9/gradcam/P9A-055/resnet18/seed_29/clean/predicted_class_craze_overlay.png
P9A-055,48_0,resnet18,29,brightness_mild,degraded,brightness_mild,true_class,2,surface_injure,surface_injure,surface_injure,layer4.1,1x512x7x7,33124aa7b79d833d1853b993632681ad1c8251f8ac918c8d99fa55ce563b7671,53c4dd81213f271aa6b0e00c71dff7bad172bae3f5a560ba112bd6dc761b2848,frozen_imagenet_normalization_on_224x224_phase3_pixels,independent_per_map_minmax_after_relu,34bda9476384819ecd655ceada3b443f80a11bd614b6490f3a3546d90962aa05,True,0.0,1.0,figures/phase9/gradcam/P9A-055/resnet18/seed_29/degraded/input_rgb.png,figures/phase9/gradcam/P9A-055/resnet18/seed_29/degraded/annotation_overlay.png,figures/phase9/gradcam/P9A-055/resnet18/seed_29/degraded/true_class_surface_injure_heatmap.png,figures/phase9/gradcam/P9A-055/resnet18/seed_29/degraded/true_class_surface_injure_overlay.png
P9A-056,51_0,resnet18,29,brightness_mild,clean,clean,true_class,0,craze,corrosion,craze,layer4.1,1x512x7x7,33124aa7b79d833d1853b993632681ad1c8251f8ac918c8d99fa55ce563b7671,53c4dd81213f271aa6b0e00c71dff7bad172bae3f5a560ba112bd6dc761b2848,frozen_imagenet_normalization_on_224x224_phase3_pixels,independent_per_map_minmax_after_relu,c657ab73f2f81bc728fda134ce1fd78cb748893e889d01d9e69e0e3fc93b33fd,True,0.0,1.0,figures/phase9/gradcam/P9A-056/resnet18/seed_29/clean/input_rgb.png,figures/phase9/gradcam/P9A-056/resnet18/seed_29/clean/annotation_overlay.png,figures/phase9/gradcam/P9A-056/resnet18/seed_29/clean/true_class_craze_heatmap.png,figures/phase9/gradcam/P9A-056/resnet18/seed_29/clean/true_class_craze_overlay.png
P9A-056,51_0,resnet18,29,brightness_mild,clean,clean,predicted_class,1,corrosion,corrosion,craze,layer4.1,1x512x7x7,33124aa7b79d833d1853b993632681ad1c8251f8ac918c8d99fa55ce563b7671,53c4dd81213f271aa6b0e00c71dff7bad172bae3f5a560ba112bd6dc761b2848,frozen_imagenet_normalization_on_224x224_phase3_pixels,independent_per_map_minmax_after_relu,5736e1e15f8a6f8b3c864faf0c71e8dd0b4b844a49a1a150cbb830114fb770a0,True,0.0,1.0,figures/phase9/gradcam/P9A-056/resnet18/seed_29/clean/input_rgb.png,figures/phase9/gradcam/P9A-056/resnet18/seed_29/clean/annotation_overlay.png,figures/phase9/gradcam/P9A-056/resnet18/seed_29/clean/predicted_class_corrosion_heatmap.png,figures/phase9/gradcam/P9A-056/resnet18/seed_29/clean/predicted_class_corrosion_overlay.png
P9A-056,51_0,resnet18,29,brightness_mild,degraded,brightness_mild,true_class,0,craze,corrosion,craze,layer4.1,1x512x7x7,33124aa7b79d833d1853b993632681ad1c8251f8ac918c8d99fa55ce563b7671,53c4dd81213f271aa6b0e00c71dff7bad172bae3f5a560ba112bd6dc761b2848,frozen_imagenet_normalization_on_224x224_phase3_pixels,independent_per_map_minmax_after_relu,1082d94292833c1ae00fec9bb4cab91872e0384505834486171de90ecb5d0a19,True,0.0,1.0,figures/phase9/gradcam/P9A-056/resnet18/seed_29/degraded/input_rgb.png,figures/phase9/gradcam/P9A-056/resnet18/seed_29/degraded/annotation_overlay.png,figures/phase9/gradcam/P9A-056/resnet18/seed_29/degraded/true_class_craze_heatmap.png,figures/phase9/gradcam/P9A-056/resnet18/seed_29/degraded/true_class_craze_overlay.png
P9A-056,51_0,resnet18,29,brightness_mild,degraded,brightness_mild,predicted_class,1,corrosion,corrosion,craze,layer4.1,1x512x7x7,33124aa7b79d833d1853b993632681ad1c8251f8ac918c8d99fa55ce563b7671,53c4dd81213f271aa6b0e00c71dff7bad172bae3f5a560ba112bd6dc761b2848,frozen_imagenet_normalization_on_224x224_phase3_pixels,independent_per_map_minmax_after_relu,2f275749b499f1a918fb2e4bdf8d2c71949321dfbf7e346103b278188202d122,True,0.0,1.0,figures/phase9/gradcam/P9A-056/resnet18/seed_29/degraded/input_rgb.png,figures/phase9/gradcam/P9A-056/resnet18/seed_29/degraded/annotation_overlay.png,figures/phase9/gradcam/P9A-056/resnet18/seed_29/degraded/predicted_class_corrosion_heatmap.png,figures/phase9/gradcam/P9A-056/resnet18/seed_29/degraded/predicted_class_corrosion_overlay.png
P9A-057,51_0,resnet18,29,brightness_moderate,clean,clean,true_class,0,craze,corrosion,craze,layer4.1,1x512x7x7,33124aa7b79d833d1853b993632681ad1c8251f8ac918c8d99fa55ce563b7671,53c4dd81213f271aa6b0e00c71dff7bad172bae3f5a560ba112bd6dc761b2848,frozen_imagenet_normalization_on_224x224_phase3_pixels,independent_per_map_minmax_after_relu,c657ab73f2f81bc728fda134ce1fd78cb748893e889d01d9e69e0e3fc93b33fd,True,0.0,1.0,figures/phase9/gradcam/P9A-057/resnet18/seed_29/clean/input_rgb.png,figures/phase9/gradcam/P9A-057/resnet18/seed_29/clean/annotation_overlay.png,figures/phase9/gradcam/P9A-057/resnet18/seed_29/clean/true_class_craze_heatmap.png,figures/phase9/gradcam/P9A-057/resnet18/seed_29/clean/true_class_craze_overlay.png
P9A-057,51_0,resnet18,29,brightness_moderate,clean,clean,predicted_class,1,corrosion,corrosion,craze,layer4.1,1x512x7x7,33124aa7b79d833d1853b993632681ad1c8251f8ac918c8d99fa55ce563b7671,53c4dd81213f271aa6b0e00c71dff7bad172bae3f5a560ba112bd6dc761b2848,frozen_imagenet_normalization_on_224x224_phase3_pixels,independent_per_map_minmax_after_relu,5736e1e15f8a6f8b3c864faf0c71e8dd0b4b844a49a1a150cbb830114fb770a0,True,0.0,1.0,figures/phase9/gradcam/P9A-057/resnet18/seed_29/clean/input_rgb.png,figures/phase9/gradcam/P9A-057/resnet18/seed_29/clean/annotation_overlay.png,figures/phase9/gradcam/P9A-057/resnet18/seed_29/clean/predicted_class_corrosion_heatmap.png,figures/phase9/gradcam/P9A-057/resnet18/seed_29/clean/predicted_class_corrosion_overlay.png
P9A-057,51_0,resnet18,29,brightness_moderate,degraded,brightness_moderate,true_class,0,craze,corrosion,craze,layer4.1,1x512x7x7,33124aa7b79d833d1853b993632681ad1c8251f8ac918c8d99fa55ce563b7671,53c4dd81213f271aa6b0e00c71dff7bad172bae3f5a560ba112bd6dc761b2848,frozen_imagenet_normalization_on_224x224_phase3_pixels,independent_per_map_minmax_after_relu,344327a81a127c3ac02f64cbc6eba288e45c4038bd2710af2f6c443bb1ef6671,True,0.0,1.0,figures/phase9/gradcam/P9A-057/resnet18/seed_29/degraded/input_rgb.png,figures/phase9/gradcam/P9A-057/resnet18/seed_29/degraded/annotation_overlay.png,figures/phase9/gradcam/P9A-057/resnet18/seed_29/degraded/true_class_craze_heatmap.png,figures/phase9/gradcam/P9A-057/resnet18/seed_29/degraded/true_class_craze_overlay.png
P9A-057,51_0,resnet18,29,brightness_moderate,degraded,brightness_moderate,predicted_class,1,corrosion,corrosion,craze,layer4.1,1x512x7x7,33124aa7b79d833d1853b993632681ad1c8251f8ac918c8d99fa55ce563b7671,53c4dd81213f271aa6b0e00c71dff7bad172bae3f5a560ba112bd6dc761b2848,frozen_imagenet_normalization_on_224x224_phase3_pixels,independent_per_map_minmax_after_relu,70ab89639aea48d11ee8820dd332cf1b66eb0cc9b265aa1e672cde9493c2bb5e,True,0.0,1.0,figures/phase9/gradcam/P9A-057/resnet18/seed_29/degraded/input_rgb.png,figures/phase9/gradcam/P9A-057/resnet18/seed_29/degraded/annotation_overlay.png,figures/phase9/gradcam/P9A-057/resnet18/seed_29/degraded/predicted_class_corrosion_heatmap.png,figures/phase9/gradcam/P9A-057/resnet18/seed_29/degraded/predicted_class_corrosion_overlay.png
P9A-058,54_0,resnet18,29,brightness_severe,clean,clean,true_class,5,hide_craze,hide_craze,hide_craze,layer4.1,1x512x7x7,33124aa7b79d833d1853b993632681ad1c8251f8ac918c8d99fa55ce563b7671,53c4dd81213f271aa6b0e00c71dff7bad172bae3f5a560ba112bd6dc761b2848,frozen_imagenet_normalization_on_224x224_phase3_pixels,independent_per_map_minmax_after_relu,19bcf7b6c37b48ec7a28a34f4f1124b0f221df5158fef619862e67bb0a84630a,True,0.0,1.0,figures/phase9/gradcam/P9A-058/resnet18/seed_29/clean/input_rgb.png,figures/phase9/gradcam/P9A-058/resnet18/seed_29/clean/annotation_overlay.png,figures/phase9/gradcam/P9A-058/resnet18/seed_29/clean/true_class_hide_craze_heatmap.png,figures/phase9/gradcam/P9A-058/resnet18/seed_29/clean/true_class_hide_craze_overlay.png
P9A-058,54_0,resnet18,29,brightness_severe,degraded,brightness_severe,true_class,5,hide_craze,surface_injure,hide_craze,layer4.1,1x512x7x7,33124aa7b79d833d1853b993632681ad1c8251f8ac918c8d99fa55ce563b7671,53c4dd81213f271aa6b0e00c71dff7bad172bae3f5a560ba112bd6dc761b2848,frozen_imagenet_normalization_on_224x224_phase3_pixels,independent_per_map_minmax_after_relu,a59f2f4adf186ba37ece306d79ecdc5cef5e40495ad7accb97215ce846445da5,True,0.0,1.0,figures/phase9/gradcam/P9A-058/resnet18/seed_29/degraded/input_rgb.png,figures/phase9/gradcam/P9A-058/resnet18/seed_29/degraded/annotation_overlay.png,figures/phase9/gradcam/P9A-058/resnet18/seed_29/degraded/true_class_hide_craze_heatmap.png,figures/phase9/gradcam/P9A-058/resnet18/seed_29/degraded/true_class_hide_craze_overlay.png
P9A-058,54_0,resnet18,29,brightness_severe,degraded,brightness_severe,predicted_class,2,surface_injure,surface_injure,hide_craze,layer4.1,1x512x7x7,33124aa7b79d833d1853b993632681ad1c8251f8ac918c8d99fa55ce563b7671,53c4dd81213f271aa6b0e00c71dff7bad172bae3f5a560ba112bd6dc761b2848,frozen_imagenet_normalization_on_224x224_phase3_pixels,independent_per_map_minmax_after_relu,8f7465de4817fb35908e0ff35f12bb86bce9c2ab0e36d0ae1aa4fd1b74948d7f,True,0.0,1.0,figures/phase9/gradcam/P9A-058/resnet18/seed_29/degraded/input_rgb.png,figures/phase9/gradcam/P9A-058/resnet18/seed_29/degraded/annotation_overlay.png,figures/phase9/gradcam/P9A-058/resnet18/seed_29/degraded/predicted_class_surface_injure_heatmap.png,figures/phase9/gradcam/P9A-058/resnet18/seed_29/degraded/predicted_class_surface_injure_overlay.png
P9A-059,88_0,resnet18,29,brightness_mild,clean,clean,true_class,4,crack,hide_craze,crack,layer4.1,1x512x7x7,33124aa7b79d833d1853b993632681ad1c8251f8ac918c8d99fa55ce563b7671,53c4dd81213f271aa6b0e00c71dff7bad172bae3f5a560ba112bd6dc761b2848,frozen_imagenet_normalization_on_224x224_phase3_pixels,independent_per_map_minmax_after_relu,067ea7dcc5acb463fb6ecbc3eb3c72b4e11631707b9b5702b533b91d79312728,True,0.0,1.0,figures/phase9/gradcam/P9A-059/resnet18/seed_29/clean/input_rgb.png,figures/phase9/gradcam/P9A-059/resnet18/seed_29/clean/annotation_overlay.png,figures/phase9/gradcam/P9A-059/resnet18/seed_29/clean/true_class_crack_heatmap.png,figures/phase9/gradcam/P9A-059/resnet18/seed_29/clean/true_class_crack_overlay.png
P9A-059,88_0,resnet18,29,brightness_mild,clean,clean,predicted_class,5,hide_craze,hide_craze,crack,layer4.1,1x512x7x7,33124aa7b79d833d1853b993632681ad1c8251f8ac918c8d99fa55ce563b7671,53c4dd81213f271aa6b0e00c71dff7bad172bae3f5a560ba112bd6dc761b2848,frozen_imagenet_normalization_on_224x224_phase3_pixels,independent_per_map_minmax_after_relu,90fdaf4fbc6171561a59c144d22fc95e699058de2f872de6ceee09ba9dd22d15,True,0.0,1.0,figures/phase9/gradcam/P9A-059/resnet18/seed_29/clean/input_rgb.png,figures/phase9/gradcam/P9A-059/resnet18/seed_29/clean/annotation_overlay.png,figures/phase9/gradcam/P9A-059/resnet18/seed_29/clean/predicted_class_hide_craze_heatmap.png,figures/phase9/gradcam/P9A-059/resnet18/seed_29/clean/predicted_class_hide_craze_overlay.png
P9A-059,88_0,resnet18,29,brightness_mild,degraded,brightness_mild,true_class,4,crack,hide_craze,crack,layer4.1,1x512x7x7,33124aa7b79d833d1853b993632681ad1c8251f8ac918c8d99fa55ce563b7671,53c4dd81213f271aa6b0e00c71dff7bad172bae3f5a560ba112bd6dc761b2848,frozen_imagenet_normalization_on_224x224_phase3_pixels,independent_per_map_minmax_after_relu,3c1959accec7ffcc8e51bb1c1e643a6f3baaf2a68f125a6dc34e40885f86e7c6,True,0.0,1.0,figures/phase9/gradcam/P9A-059/resnet18/seed_29/degraded/input_rgb.png,figures/phase9/gradcam/P9A-059/resnet18/seed_29/degraded/annotation_overlay.png,figures/phase9/gradcam/P9A-059/resnet18/seed_29/degraded/true_class_crack_heatmap.png,figures/phase9/gradcam/P9A-059/resnet18/seed_29/degraded/true_class_crack_overlay.png
P9A-059,88_0,resnet18,29,brightness_mild,degraded,brightness_mild,predicted_class,5,hide_craze,hide_craze,crack,layer4.1,1x512x7x7,33124aa7b79d833d1853b993632681ad1c8251f8ac918c8d99fa55ce563b7671,53c4dd81213f271aa6b0e00c71dff7bad172bae3f5a560ba112bd6dc761b2848,frozen_imagenet_normalization_on_224x224_phase3_pixels,independent_per_map_minmax_after_relu,83bfb24e0211e8098e3f7190032f9aba909674316cd0bd8b7086cd028adbbb00,True,0.0,1.0,figures/phase9/gradcam/P9A-059/resnet18/seed_29/degraded/input_rgb.png,figures/phase9/gradcam/P9A-059/resnet18/seed_29/degraded/annotation_overlay.png,figures/phase9/gradcam/P9A-059/resnet18/seed_29/degraded/predicted_class_hide_craze_heatmap.png,figures/phase9/gradcam/P9A-059/resnet18/seed_29/degraded/predicted_class_hide_craze_overlay.png
P9A-060,112_0,resnet18,29,brightness_mild,clean,clean,true_class,3,thunderstrike,thunderstrike,thunderstrike,layer4.1,1x512x7x7,33124aa7b79d833d1853b993632681ad1c8251f8ac918c8d99fa55ce563b7671,53c4dd81213f271aa6b0e00c71dff7bad172bae3f5a560ba112bd6dc761b2848,frozen_imagenet_normalization_on_224x224_phase3_pixels,independent_per_map_minmax_after_relu,e30582f862624c6004f29715f1d6269f3f8998757029cd1bc61ad48e7f92fa27,True,0.0,1.0,figures/phase9/gradcam/P9A-060/resnet18/seed_29/clean/input_rgb.png,figures/phase9/gradcam/P9A-060/resnet18/seed_29/clean/annotation_overlay.png,figures/phase9/gradcam/P9A-060/resnet18/seed_29/clean/true_class_thunderstrike_heatmap.png,figures/phase9/gradcam/P9A-060/resnet18/seed_29/clean/true_class_thunderstrike_overlay.png
P9A-060,112_0,resnet18,29,brightness_mild,degraded,brightness_mild,true_class,3,thunderstrike,thunderstrike,thunderstrike,layer4.1,1x512x7x7,33124aa7b79d833d1853b993632681ad1c8251f8ac918c8d99fa55ce563b7671,53c4dd81213f271aa6b0e00c71dff7bad172bae3f5a560ba112bd6dc761b2848,frozen_imagenet_normalization_on_224x224_phase3_pixels,independent_per_map_minmax_after_relu,cfa7e0458067b1b3a5739993aab136e1c2ff4debd60a87c8e2e6eb4e260e5494,True,0.0,1.0,figures/phase9/gradcam/P9A-060/resnet18/seed_29/degraded/input_rgb.png,figures/phase9/gradcam/P9A-060/resnet18/seed_29/degraded/annotation_overlay.png,figures/phase9/gradcam/P9A-060/resnet18/seed_29/degraded/true_class_thunderstrike_heatmap.png,figures/phase9/gradcam/P9A-060/resnet18/seed_29/degraded/true_class_thunderstrike_overlay.png
P9A-001,48_0,resnet18,43,clean,clean,clean,true_class,2,surface_injure,craze,surface_injure,layer4.1,1x512x7x7,dd928989b3e8c70e343a1599693aecd391d1272f445a2b2f5c3b9d0f3f6eeccd,320ce93b293e6b810c1c6e1c4e845a68443fcfaae24ca7875a0648c352c3e23f,frozen_imagenet_normalization_on_224x224_phase3_pixels,independent_per_map_minmax_after_relu,e5379b49596eea5fb0ad82e6cde923fc2e4744d6d5efa9dfcf7c0a1e30b4d605,True,0.0,1.0,figures/phase9/gradcam/P9A-001/resnet18/seed_43/clean/input_rgb.png,figures/phase9/gradcam/P9A-001/resnet18/seed_43/clean/annotation_overlay.png,figures/phase9/gradcam/P9A-001/resnet18/seed_43/clean/true_class_surface_injure_heatmap.png,figures/phase9/gradcam/P9A-001/resnet18/seed_43/clean/true_class_surface_injure_overlay.png
P9A-001,48_0,resnet18,43,clean,clean,clean,predicted_class,0,craze,craze,surface_injure,layer4.1,1x512x7x7,dd928989b3e8c70e343a1599693aecd391d1272f445a2b2f5c3b9d0f3f6eeccd,320ce93b293e6b810c1c6e1c4e845a68443fcfaae24ca7875a0648c352c3e23f,frozen_imagenet_normalization_on_224x224_phase3_pixels,independent_per_map_minmax_after_relu,2e05078a385558fdb67de15543093c809f6e6763bdadaa6f0b3283d0dc187b7c,True,0.0,1.0,figures/phase9/gradcam/P9A-001/resnet18/seed_43/clean/input_rgb.png,figures/phase9/gradcam/P9A-001/resnet18/seed_43/clean/annotation_overlay.png,figures/phase9/gradcam/P9A-001/resnet18/seed_43/clean/predicted_class_craze_heatmap.png,figures/phase9/gradcam/P9A-001/resnet18/seed_43/clean/predicted_class_craze_overlay.png
P9A-004,142_0,resnet18,43,clean,clean,clean,true_class,2,surface_injure,corrosion,surface_injure,layer4.1,1x512x7x7,dd928989b3e8c70e343a1599693aecd391d1272f445a2b2f5c3b9d0f3f6eeccd,320ce93b293e6b810c1c6e1c4e845a68443fcfaae24ca7875a0648c352c3e23f,frozen_imagenet_normalization_on_224x224_phase3_pixels,independent_per_map_minmax_after_relu,94a6fd2a3cb89ef020d52ebde3778d93714e993a158f7459cd8ce7a4823c5ece,True,0.0,1.0,figures/phase9/gradcam/P9A-004/resnet18/seed_43/clean/input_rgb.png,figures/phase9/gradcam/P9A-004/resnet18/seed_43/clean/annotation_overlay.png,figures/phase9/gradcam/P9A-004/resnet18/seed_43/clean/true_class_surface_injure_heatmap.png,figures/phase9/gradcam/P9A-004/resnet18/seed_43/clean/true_class_surface_injure_overlay.png
P9A-004,142_0,resnet18,43,clean,clean,clean,predicted_class,1,corrosion,corrosion,surface_injure,layer4.1,1x512x7x7,dd928989b3e8c70e343a1599693aecd391d1272f445a2b2f5c3b9d0f3f6eeccd,320ce93b293e6b810c1c6e1c4e845a68443fcfaae24ca7875a0648c352c3e23f,frozen_imagenet_normalization_on_224x224_phase3_pixels,independent_per_map_minmax_after_relu,c6fe76440cc306e04866946d7ebfc56128f006eb77843ce07989b2d60ad1a0a0,True,0.0,1.0,figures/phase9/gradcam/P9A-004/resnet18/seed_43/clean/input_rgb.png,figures/phase9/gradcam/P9A-004/resnet18/seed_43/clean/annotation_overlay.png,figures/phase9/gradcam/P9A-004/resnet18/seed_43/clean/predicted_class_corrosion_heatmap.png,figures/phase9/gradcam/P9A-004/resnet18/seed_43/clean/predicted_class_corrosion_overlay.png
P9A-005,228_1,resnet18,43,clean,clean,clean,true_class,5,hide_craze,craze,hide_craze,layer4.1,1x512x7x7,dd928989b3e8c70e343a1599693aecd391d1272f445a2b2f5c3b9d0f3f6eeccd,320ce93b293e6b810c1c6e1c4e845a68443fcfaae24ca7875a0648c352c3e23f,frozen_imagenet_normalization_on_224x224_phase3_pixels,independent_per_map_minmax_after_relu,7d89ac603dc4c6fdf31082e9c92c4351bf00ee83277bd7733a4583975e528903,True,0.0,1.0,figures/phase9/gradcam/P9A-005/resnet18/seed_43/clean/input_rgb.png,figures/phase9/gradcam/P9A-005/resnet18/seed_43/clean/annotation_overlay.png,figures/phase9/gradcam/P9A-005/resnet18/seed_43/clean/true_class_hide_craze_heatmap.png,figures/phase9/gradcam/P9A-005/resnet18/seed_43/clean/true_class_hide_craze_overlay.png
P9A-005,228_1,resnet18,43,clean,clean,clean,predicted_class,0,craze,craze,hide_craze,layer4.1,1x512x7x7,dd928989b3e8c70e343a1599693aecd391d1272f445a2b2f5c3b9d0f3f6eeccd,320ce93b293e6b810c1c6e1c4e845a68443fcfaae24ca7875a0648c352c3e23f,frozen_imagenet_normalization_on_224x224_phase3_pixels,independent_per_map_minmax_after_relu,2fd46da8aca1e536cb0ead0eb08c09f00d2925ee9e40bfc61e8ac4a7eb9b97d7,True,0.0,1.0,figures/phase9/gradcam/P9A-005/resnet18/seed_43/clean/input_rgb.png,figures/phase9/gradcam/P9A-005/resnet18/seed_43/clean/annotation_overlay.png,figures/phase9/gradcam/P9A-005/resnet18/seed_43/clean/predicted_class_craze_heatmap.png,figures/phase9/gradcam/P9A-005/resnet18/seed_43/clean/predicted_class_craze_overlay.png
P9A-007,323_0,resnet18,43,clean,clean,clean,true_class,1,corrosion,surface_injure,corrosion,layer4.1,1x512x7x7,dd928989b3e8c70e343a1599693aecd391d1272f445a2b2f5c3b9d0f3f6eeccd,320ce93b293e6b810c1c6e1c4e845a68443fcfaae24ca7875a0648c352c3e23f,frozen_imagenet_normalization_on_224x224_phase3_pixels,independent_per_map_minmax_after_relu,4ced056106c4765565457319e9fd1546078164113c0a9a55f00bf1cf952518ef,True,0.0,1.0,figures/phase9/gradcam/P9A-007/resnet18/seed_43/clean/input_rgb.png,figures/phase9/gradcam/P9A-007/resnet18/seed_43/clean/annotation_overlay.png,figures/phase9/gradcam/P9A-007/resnet18/seed_43/clean/true_class_corrosion_heatmap.png,figures/phase9/gradcam/P9A-007/resnet18/seed_43/clean/true_class_corrosion_overlay.png
P9A-007,323_0,resnet18,43,clean,clean,clean,predicted_class,2,surface_injure,surface_injure,corrosion,layer4.1,1x512x7x7,dd928989b3e8c70e343a1599693aecd391d1272f445a2b2f5c3b9d0f3f6eeccd,320ce93b293e6b810c1c6e1c4e845a68443fcfaae24ca7875a0648c352c3e23f,frozen_imagenet_normalization_on_224x224_phase3_pixels,independent_per_map_minmax_after_relu,86f20af5f051879f4f646ca2f581c6779a412b25acaf36cd00395f445a20f66d,True,0.0,1.0,figures/phase9/gradcam/P9A-007/resnet18/seed_43/clean/input_rgb.png,figures/phase9/gradcam/P9A-007/resnet18/seed_43/clean/annotation_overlay.png,figures/phase9/gradcam/P9A-007/resnet18/seed_43/clean/predicted_class_surface_injure_heatmap.png,figures/phase9/gradcam/P9A-007/resnet18/seed_43/clean/predicted_class_surface_injure_overlay.png
P9A-009,521_0,resnet18,43,clean,clean,clean,true_class,1,corrosion,surface_injure,corrosion,layer4.1,1x512x7x7,dd928989b3e8c70e343a1599693aecd391d1272f445a2b2f5c3b9d0f3f6eeccd,320ce93b293e6b810c1c6e1c4e845a68443fcfaae24ca7875a0648c352c3e23f,frozen_imagenet_normalization_on_224x224_phase3_pixels,independent_per_map_minmax_after_relu,83d1f26364a671437e7d3962cdc9b54c315e36dea00992c1fab179e2e4e26b3e,True,0.0,1.0,figures/phase9/gradcam/P9A-009/resnet18/seed_43/clean/input_rgb.png,figures/phase9/gradcam/P9A-009/resnet18/seed_43/clean/annotation_overlay.png,figures/phase9/gradcam/P9A-009/resnet18/seed_43/clean/true_class_corrosion_heatmap.png,figures/phase9/gradcam/P9A-009/resnet18/seed_43/clean/true_class_corrosion_overlay.png
P9A-009,521_0,resnet18,43,clean,clean,clean,predicted_class,2,surface_injure,surface_injure,corrosion,layer4.1,1x512x7x7,dd928989b3e8c70e343a1599693aecd391d1272f445a2b2f5c3b9d0f3f6eeccd,320ce93b293e6b810c1c6e1c4e845a68443fcfaae24ca7875a0648c352c3e23f,frozen_imagenet_normalization_on_224x224_phase3_pixels,independent_per_map_minmax_after_relu,2272d33c29f2b93c5fc069573bcf4bcc44e36e97c6b8284e591b35be6e5d4a1b,True,0.0,1.0,figures/phase9/gradcam/P9A-009/resnet18/seed_43/clean/input_rgb.png,figures/phase9/gradcam/P9A-009/resnet18/seed_43/clean/annotation_overlay.png,figures/phase9/gradcam/P9A-009/resnet18/seed_43/clean/predicted_class_surface_injure_heatmap.png,figures/phase9/gradcam/P9A-009/resnet18/seed_43/clean/predicted_class_surface_injure_overlay.png
P9A-010,521_1,resnet18,43,clean,clean,clean,true_class,1,corrosion,hide_craze,corrosion,layer4.1,1x512x7x7,dd928989b3e8c70e343a1599693aecd391d1272f445a2b2f5c3b9d0f3f6eeccd,320ce93b293e6b810c1c6e1c4e845a68443fcfaae24ca7875a0648c352c3e23f,frozen_imagenet_normalization_on_224x224_phase3_pixels,independent_per_map_minmax_after_relu,757838dd10c3483465eb3642c5247205a23d40377f2ba53cbf1145ddc5158222,True,0.0,1.0,figures/phase9/gradcam/P9A-010/resnet18/seed_43/clean/input_rgb.png,figures/phase9/gradcam/P9A-010/resnet18/seed_43/clean/annotation_overlay.png,figures/phase9/gradcam/P9A-010/resnet18/seed_43/clean/true_class_corrosion_heatmap.png,figures/phase9/gradcam/P9A-010/resnet18/seed_43/clean/true_class_corrosion_overlay.png
P9A-010,521_1,resnet18,43,clean,clean,clean,predicted_class,5,hide_craze,hide_craze,corrosion,layer4.1,1x512x7x7,dd928989b3e8c70e343a1599693aecd391d1272f445a2b2f5c3b9d0f3f6eeccd,320ce93b293e6b810c1c6e1c4e845a68443fcfaae24ca7875a0648c352c3e23f,frozen_imagenet_normalization_on_224x224_phase3_pixels,independent_per_map_minmax_after_relu,84a4c7454d9f2c7a67c3eb9eade415b147ee73b4fb3480c0d8b9ee230484f5d2,True,0.0,1.0,figures/phase9/gradcam/P9A-010/resnet18/seed_43/clean/input_rgb.png,figures/phase9/gradcam/P9A-010/resnet18/seed_43/clean/annotation_overlay.png,figures/phase9/gradcam/P9A-010/resnet18/seed_43/clean/predicted_class_hide_craze_heatmap.png,figures/phase9/gradcam/P9A-010/resnet18/seed_43/clean/predicted_class_hide_craze_overlay.png
P9A-011,32_0,resnet18,43,brightness_severe,clean,clean,true_class,3,thunderstrike,thunderstrike,thunderstrike,layer4.1,1x512x7x7,dd928989b3e8c70e343a1599693aecd391d1272f445a2b2f5c3b9d0f3f6eeccd,320ce93b293e6b810c1c6e1c4e845a68443fcfaae24ca7875a0648c352c3e23f,frozen_imagenet_normalization_on_224x224_phase3_pixels,independent_per_map_minmax_after_relu,7958416ae4d88b5013e274ac4c4438af2c32d0acfebacd853a487c312f81c904,True,0.0,1.0,figures/phase9/gradcam/P9A-011/resnet18/seed_43/clean/input_rgb.png,figures/phase9/gradcam/P9A-011/resnet18/seed_43/clean/annotation_overlay.png,figures/phase9/gradcam/P9A-011/resnet18/seed_43/clean/true_class_thunderstrike_heatmap.png,figures/phase9/gradcam/P9A-011/resnet18/seed_43/clean/true_class_thunderstrike_overlay.png
P9A-011,32_0,resnet18,43,brightness_severe,degraded,brightness_severe,true_class,3,thunderstrike,hide_craze,thunderstrike,layer4.1,1x512x7x7,dd928989b3e8c70e343a1599693aecd391d1272f445a2b2f5c3b9d0f3f6eeccd,320ce93b293e6b810c1c6e1c4e845a68443fcfaae24ca7875a0648c352c3e23f,frozen_imagenet_normalization_on_224x224_phase3_pixels,independent_per_map_minmax_after_relu,ee19772d301bbb94e841aa9b273aad2b2c28c9394ff48a24c777234e3a3a9b61,True,0.0,1.0,figures/phase9/gradcam/P9A-011/resnet18/seed_43/degraded/input_rgb.png,figures/phase9/gradcam/P9A-011/resnet18/seed_43/degraded/annotation_overlay.png,figures/phase9/gradcam/P9A-011/resnet18/seed_43/degraded/true_class_thunderstrike_heatmap.png,figures/phase9/gradcam/P9A-011/resnet18/seed_43/degraded/true_class_thunderstrike_overlay.png
P9A-011,32_0,resnet18,43,brightness_severe,degraded,brightness_severe,predicted_class,5,hide_craze,hide_craze,thunderstrike,layer4.1,1x512x7x7,dd928989b3e8c70e343a1599693aecd391d1272f445a2b2f5c3b9d0f3f6eeccd,320ce93b293e6b810c1c6e1c4e845a68443fcfaae24ca7875a0648c352c3e23f,frozen_imagenet_normalization_on_224x224_phase3_pixels,independent_per_map_minmax_after_relu,f4bec5fcaac086073daa35bd248ba3071b546a8af033fb4fe06ec1a4304f5542,True,0.0,1.0,figures/phase9/gradcam/P9A-011/resnet18/seed_43/degraded/input_rgb.png,figures/phase9/gradcam/P9A-011/resnet18/seed_43/degraded/annotation_overlay.png,figures/phase9/gradcam/P9A-011/resnet18/seed_43/degraded/predicted_class_hide_craze_heatmap.png,figures/phase9/gradcam/P9A-011/resnet18/seed_43/degraded/predicted_class_hide_craze_overlay.png
P9A-012,32_1,resnet18,43,brightness_severe,clean,clean,true_class,3,thunderstrike,thunderstrike,thunderstrike,layer4.1,1x512x7x7,dd928989b3e8c70e343a1599693aecd391d1272f445a2b2f5c3b9d0f3f6eeccd,320ce93b293e6b810c1c6e1c4e845a68443fcfaae24ca7875a0648c352c3e23f,frozen_imagenet_normalization_on_224x224_phase3_pixels,independent_per_map_minmax_after_relu,34560085ef7c60d84f59ba45b26f7b6e0a5a253cf03401f6c391b7d4f9fd6416,True,0.0,1.0,figures/phase9/gradcam/P9A-012/resnet18/seed_43/clean/input_rgb.png,figures/phase9/gradcam/P9A-012/resnet18/seed_43/clean/annotation_overlay.png,figures/phase9/gradcam/P9A-012/resnet18/seed_43/clean/true_class_thunderstrike_heatmap.png,figures/phase9/gradcam/P9A-012/resnet18/seed_43/clean/true_class_thunderstrike_overlay.png
P9A-012,32_1,resnet18,43,brightness_severe,degraded,brightness_severe,true_class,3,thunderstrike,hide_craze,thunderstrike,layer4.1,1x512x7x7,dd928989b3e8c70e343a1599693aecd391d1272f445a2b2f5c3b9d0f3f6eeccd,320ce93b293e6b810c1c6e1c4e845a68443fcfaae24ca7875a0648c352c3e23f,frozen_imagenet_normalization_on_224x224_phase3_pixels,independent_per_map_minmax_after_relu,2939893516f193c52c2c5f4b9730fab44e2bb08fad177ec7c602a29a4d6613b9,True,0.0,1.0,figures/phase9/gradcam/P9A-012/resnet18/seed_43/degraded/input_rgb.png,figures/phase9/gradcam/P9A-012/resnet18/seed_43/degraded/annotation_overlay.png,figures/phase9/gradcam/P9A-012/resnet18/seed_43/degraded/true_class_thunderstrike_heatmap.png,figures/phase9/gradcam/P9A-012/resnet18/seed_43/degraded/true_class_thunderstrike_overlay.png
P9A-012,32_1,resnet18,43,brightness_severe,degraded,brightness_severe,predicted_class,5,hide_craze,hide_craze,thunderstrike,layer4.1,1x512x7x7,dd928989b3e8c70e343a1599693aecd391d1272f445a2b2f5c3b9d0f3f6eeccd,320ce93b293e6b810c1c6e1c4e845a68443fcfaae24ca7875a0648c352c3e23f,frozen_imagenet_normalization_on_224x224_phase3_pixels,independent_per_map_minmax_after_relu,c130f83e63453af2ac7627f08432d3147da9b51c31ad5b0dd59a3fd560b474be,True,0.0,1.0,figures/phase9/gradcam/P9A-012/resnet18/seed_43/degraded/input_rgb.png,figures/phase9/gradcam/P9A-012/resnet18/seed_43/degraded/annotation_overlay.png,figures/phase9/gradcam/P9A-012/resnet18/seed_43/degraded/predicted_class_hide_craze_heatmap.png,figures/phase9/gradcam/P9A-012/resnet18/seed_43/degraded/predicted_class_hide_craze_overlay.png
P9A-013,46_0,resnet18,43,gaussian_blur_severe,clean,clean,true_class,1,corrosion,corrosion,corrosion,layer4.1,1x512x7x7,dd928989b3e8c70e343a1599693aecd391d1272f445a2b2f5c3b9d0f3f6eeccd,320ce93b293e6b810c1c6e1c4e845a68443fcfaae24ca7875a0648c352c3e23f,frozen_imagenet_normalization_on_224x224_phase3_pixels,independent_per_map_minmax_after_relu,9fa69c978c1b4d27c6283f20d7c833e5e5a6926c60d05533facea288c317c65d,True,0.0,1.0,figures/phase9/gradcam/P9A-013/resnet18/seed_43/clean/input_rgb.png,figures/phase9/gradcam/P9A-013/resnet18/seed_43/clean/annotation_overlay.png,figures/phase9/gradcam/P9A-013/resnet18/seed_43/clean/true_class_corrosion_heatmap.png,figures/phase9/gradcam/P9A-013/resnet18/seed_43/clean/true_class_corrosion_overlay.png
P9A-013,46_0,resnet18,43,gaussian_blur_severe,degraded,gaussian_blur_severe,true_class,1,corrosion,hide_craze,corrosion,layer4.1,1x512x7x7,dd928989b3e8c70e343a1599693aecd391d1272f445a2b2f5c3b9d0f3f6eeccd,320ce93b293e6b810c1c6e1c4e845a68443fcfaae24ca7875a0648c352c3e23f,frozen_imagenet_normalization_on_224x224_phase3_pixels,independent_per_map_minmax_after_relu,314e7791ab3685951436d676a31fc5633772234a7392b0016ae2395142a1c293,True,0.0,1.0,figures/phase9/gradcam/P9A-013/resnet18/seed_43/degraded/input_rgb.png,figures/phase9/gradcam/P9A-013/resnet18/seed_43/degraded/annotation_overlay.png,figures/phase9/gradcam/P9A-013/resnet18/seed_43/degraded/true_class_corrosion_heatmap.png,figures/phase9/gradcam/P9A-013/resnet18/seed_43/degraded/true_class_corrosion_overlay.png
P9A-013,46_0,resnet18,43,gaussian_blur_severe,degraded,gaussian_blur_severe,predicted_class,5,hide_craze,hide_craze,corrosion,layer4.1,1x512x7x7,dd928989b3e8c70e343a1599693aecd391d1272f445a2b2f5c3b9d0f3f6eeccd,320ce93b293e6b810c1c6e1c4e845a68443fcfaae24ca7875a0648c352c3e23f,frozen_imagenet_normalization_on_224x224_phase3_pixels,independent_per_map_minmax_after_relu,0231b29ab43dd996b06cdd7be119611248385ec56b929d7c5ee9531cbb0133c8,True,0.0,1.0,figures/phase9/gradcam/P9A-013/resnet18/seed_43/degraded/input_rgb.png,figures/phase9/gradcam/P9A-013/resnet18/seed_43/degraded/annotation_overlay.png,figures/phase9/gradcam/P9A-013/resnet18/seed_43/degraded/predicted_class_hide_craze_heatmap.png,figures/phase9/gradcam/P9A-013/resnet18/seed_43/degraded/predicted_class_hide_craze_overlay.png
P9A-014,46_1,resnet18,43,gaussian_blur_severe,clean,clean,true_class,1,corrosion,corrosion,corrosion,layer4.1,1x512x7x7,dd928989b3e8c70e343a1599693aecd391d1272f445a2b2f5c3b9d0f3f6eeccd,320ce93b293e6b810c1c6e1c4e845a68443fcfaae24ca7875a0648c352c3e23f,frozen_imagenet_normalization_on_224x224_phase3_pixels,independent_per_map_minmax_after_relu,0cea0a333f539bfb9db0963a22a2aded86f1bc1c2f1db606f0d120d93f42658a,True,0.0,1.0,figures/phase9/gradcam/P9A-014/resnet18/seed_43/clean/input_rgb.png,figures/phase9/gradcam/P9A-014/resnet18/seed_43/clean/annotation_overlay.png,figures/phase9/gradcam/P9A-014/resnet18/seed_43/clean/true_class_corrosion_heatmap.png,figures/phase9/gradcam/P9A-014/resnet18/seed_43/clean/true_class_corrosion_overlay.png
P9A-014,46_1,resnet18,43,gaussian_blur_severe,degraded,gaussian_blur_severe,true_class,1,corrosion,hide_craze,corrosion,layer4.1,1x512x7x7,dd928989b3e8c70e343a1599693aecd391d1272f445a2b2f5c3b9d0f3f6eeccd,320ce93b293e6b810c1c6e1c4e845a68443fcfaae24ca7875a0648c352c3e23f,frozen_imagenet_normalization_on_224x224_phase3_pixels,independent_per_map_minmax_after_relu,4f96b727406cd6e1b982d0150f80cd95f4517256b2b502f6f7ded35c0ff3771a,True,0.0,1.0,figures/phase9/gradcam/P9A-014/resnet18/seed_43/degraded/input_rgb.png,figures/phase9/gradcam/P9A-014/resnet18/seed_43/degraded/annotation_overlay.png,figures/phase9/gradcam/P9A-014/resnet18/seed_43/degraded/true_class_corrosion_heatmap.png,figures/phase9/gradcam/P9A-014/resnet18/seed_43/degraded/true_class_corrosion_overlay.png
P9A-014,46_1,resnet18,43,gaussian_blur_severe,degraded,gaussian_blur_severe,predicted_class,5,hide_craze,hide_craze,corrosion,layer4.1,1x512x7x7,dd928989b3e8c70e343a1599693aecd391d1272f445a2b2f5c3b9d0f3f6eeccd,320ce93b293e6b810c1c6e1c4e845a68443fcfaae24ca7875a0648c352c3e23f,frozen_imagenet_normalization_on_224x224_phase3_pixels,independent_per_map_minmax_after_relu,46db483ec01a4e70e167e77cf7adea94aabb2e1d7839c97b117bf456ca3c15a2,True,0.0,1.0,figures/phase9/gradcam/P9A-014/resnet18/seed_43/degraded/input_rgb.png,figures/phase9/gradcam/P9A-014/resnet18/seed_43/degraded/annotation_overlay.png,figures/phase9/gradcam/P9A-014/resnet18/seed_43/degraded/predicted_class_hide_craze_heatmap.png,figures/phase9/gradcam/P9A-014/resnet18/seed_43/degraded/predicted_class_hide_craze_overlay.png
P9A-015,51_1,resnet18,43,gaussian_blur_severe,clean,clean,true_class,0,craze,craze,craze,layer4.1,1x512x7x7,dd928989b3e8c70e343a1599693aecd391d1272f445a2b2f5c3b9d0f3f6eeccd,320ce93b293e6b810c1c6e1c4e845a68443fcfaae24ca7875a0648c352c3e23f,frozen_imagenet_normalization_on_224x224_phase3_pixels,independent_per_map_minmax_after_relu,0007711251a6869a8d5f3121f2d3bc1b979badab3d8f440a6c8f7e761a435db3,True,0.0,1.0,figures/phase9/gradcam/P9A-015/resnet18/seed_43/clean/input_rgb.png,figures/phase9/gradcam/P9A-015/resnet18/seed_43/clean/annotation_overlay.png,figures/phase9/gradcam/P9A-015/resnet18/seed_43/clean/true_class_craze_heatmap.png,figures/phase9/gradcam/P9A-015/resnet18/seed_43/clean/true_class_craze_overlay.png
P9A-015,51_1,resnet18,43,gaussian_blur_severe,degraded,gaussian_blur_severe,true_class,0,craze,hide_craze,craze,layer4.1,1x512x7x7,dd928989b3e8c70e343a1599693aecd391d1272f445a2b2f5c3b9d0f3f6eeccd,320ce93b293e6b810c1c6e1c4e845a68443fcfaae24ca7875a0648c352c3e23f,frozen_imagenet_normalization_on_224x224_phase3_pixels,independent_per_map_minmax_after_relu,2a50f24252753ed95975019489057302e8178ee43e0974764e0a257e61048bf6,True,0.0,1.0,figures/phase9/gradcam/P9A-015/resnet18/seed_43/degraded/input_rgb.png,figures/phase9/gradcam/P9A-015/resnet18/seed_43/degraded/annotation_overlay.png,figures/phase9/gradcam/P9A-015/resnet18/seed_43/degraded/true_class_craze_heatmap.png,figures/phase9/gradcam/P9A-015/resnet18/seed_43/degraded/true_class_craze_overlay.png
P9A-015,51_1,resnet18,43,gaussian_blur_severe,degraded,gaussian_blur_severe,predicted_class,5,hide_craze,hide_craze,craze,layer4.1,1x512x7x7,dd928989b3e8c70e343a1599693aecd391d1272f445a2b2f5c3b9d0f3f6eeccd,320ce93b293e6b810c1c6e1c4e845a68443fcfaae24ca7875a0648c352c3e23f,frozen_imagenet_normalization_on_224x224_phase3_pixels,independent_per_map_minmax_after_relu,2ab13ee7dc6a03a0c393099b78d8862c402baba6ed822e6c77d0f7adb8481f19,True,0.0,1.0,figures/phase9/gradcam/P9A-015/resnet18/seed_43/degraded/input_rgb.png,figures/phase9/gradcam/P9A-015/resnet18/seed_43/degraded/annotation_overlay.png,figures/phase9/gradcam/P9A-015/resnet18/seed_43/degraded/predicted_class_hide_craze_heatmap.png,figures/phase9/gradcam/P9A-015/resnet18/seed_43/degraded/predicted_class_hide_craze_overlay.png
P9A-016,57_0,resnet18,43,gaussian_blur_severe,clean,clean,true_class,0,craze,craze,craze,layer4.1,1x512x7x7,dd928989b3e8c70e343a1599693aecd391d1272f445a2b2f5c3b9d0f3f6eeccd,320ce93b293e6b810c1c6e1c4e845a68443fcfaae24ca7875a0648c352c3e23f,frozen_imagenet_normalization_on_224x224_phase3_pixels,independent_per_map_minmax_after_relu,fa990f8f8741daeea2597acec2c65478d9d681bf617dccb59aa616d691a93d7c,True,0.0,1.0,figures/phase9/gradcam/P9A-016/resnet18/seed_43/clean/input_rgb.png,figures/phase9/gradcam/P9A-016/resnet18/seed_43/clean/annotation_overlay.png,figures/phase9/gradcam/P9A-016/resnet18/seed_43/clean/true_class_craze_heatmap.png,figures/phase9/gradcam/P9A-016/resnet18/seed_43/clean/true_class_craze_overlay.png
P9A-016,57_0,resnet18,43,gaussian_blur_severe,degraded,gaussian_blur_severe,true_class,0,craze,hide_craze,craze,layer4.1,1x512x7x7,dd928989b3e8c70e343a1599693aecd391d1272f445a2b2f5c3b9d0f3f6eeccd,320ce93b293e6b810c1c6e1c4e845a68443fcfaae24ca7875a0648c352c3e23f,frozen_imagenet_normalization_on_224x224_phase3_pixels,independent_per_map_minmax_after_relu,9985f2b98439ff1e5ff538a680deb4a714dee271d889f31493f65ec3c33222f6,True,0.0,1.0,figures/phase9/gradcam/P9A-016/resnet18/seed_43/degraded/input_rgb.png,figures/phase9/gradcam/P9A-016/resnet18/seed_43/degraded/annotation_overlay.png,figures/phase9/gradcam/P9A-016/resnet18/seed_43/degraded/true_class_craze_heatmap.png,figures/phase9/gradcam/P9A-016/resnet18/seed_43/degraded/true_class_craze_overlay.png
P9A-016,57_0,resnet18,43,gaussian_blur_severe,degraded,gaussian_blur_severe,predicted_class,5,hide_craze,hide_craze,craze,layer4.1,1x512x7x7,dd928989b3e8c70e343a1599693aecd391d1272f445a2b2f5c3b9d0f3f6eeccd,320ce93b293e6b810c1c6e1c4e845a68443fcfaae24ca7875a0648c352c3e23f,frozen_imagenet_normalization_on_224x224_phase3_pixels,independent_per_map_minmax_after_relu,ac0b866afc640ea041b24ce017f23e0feff7b2dd1ab434eb9a2e04a3d70be602,True,0.0,1.0,figures/phase9/gradcam/P9A-016/resnet18/seed_43/degraded/input_rgb.png,figures/phase9/gradcam/P9A-016/resnet18/seed_43/degraded/annotation_overlay.png,figures/phase9/gradcam/P9A-016/resnet18/seed_43/degraded/predicted_class_hide_craze_heatmap.png,figures/phase9/gradcam/P9A-016/resnet18/seed_43/degraded/predicted_class_hide_craze_overlay.png
P9A-017,112_0,resnet18,43,brightness_severe,clean,clean,true_class,3,thunderstrike,thunderstrike,thunderstrike,layer4.1,1x512x7x7,dd928989b3e8c70e343a1599693aecd391d1272f445a2b2f5c3b9d0f3f6eeccd,320ce93b293e6b810c1c6e1c4e845a68443fcfaae24ca7875a0648c352c3e23f,frozen_imagenet_normalization_on_224x224_phase3_pixels,independent_per_map_minmax_after_relu,92e61ee969b3175c73608ff383ded91a785fdb95d084973d4cfad3db4237f501,True,0.0,1.0,figures/phase9/gradcam/P9A-017/resnet18/seed_43/clean/input_rgb.png,figures/phase9/gradcam/P9A-017/resnet18/seed_43/clean/annotation_overlay.png,figures/phase9/gradcam/P9A-017/resnet18/seed_43/clean/true_class_thunderstrike_heatmap.png,figures/phase9/gradcam/P9A-017/resnet18/seed_43/clean/true_class_thunderstrike_overlay.png
P9A-017,112_0,resnet18,43,brightness_severe,degraded,brightness_severe,true_class,3,thunderstrike,surface_injure,thunderstrike,layer4.1,1x512x7x7,dd928989b3e8c70e343a1599693aecd391d1272f445a2b2f5c3b9d0f3f6eeccd,320ce93b293e6b810c1c6e1c4e845a68443fcfaae24ca7875a0648c352c3e23f,frozen_imagenet_normalization_on_224x224_phase3_pixels,independent_per_map_minmax_after_relu,28fc9629d14cbd0f035060b3fe019a4b79fdebd721d657f1a48ba14ccfe337c5,True,0.0,1.0,figures/phase9/gradcam/P9A-017/resnet18/seed_43/degraded/input_rgb.png,figures/phase9/gradcam/P9A-017/resnet18/seed_43/degraded/annotation_overlay.png,figures/phase9/gradcam/P9A-017/resnet18/seed_43/degraded/true_class_thunderstrike_heatmap.png,figures/phase9/gradcam/P9A-017/resnet18/seed_43/degraded/true_class_thunderstrike_overlay.png
P9A-017,112_0,resnet18,43,brightness_severe,degraded,brightness_severe,predicted_class,2,surface_injure,surface_injure,thunderstrike,layer4.1,1x512x7x7,dd928989b3e8c70e343a1599693aecd391d1272f445a2b2f5c3b9d0f3f6eeccd,320ce93b293e6b810c1c6e1c4e845a68443fcfaae24ca7875a0648c352c3e23f,frozen_imagenet_normalization_on_224x224_phase3_pixels,independent_per_map_minmax_after_relu,019613d956fa53e5e32523d9e4dc8bb9342c13ce883e6fe6266e46539712e36d,True,0.0,1.0,figures/phase9/gradcam/P9A-017/resnet18/seed_43/degraded/input_rgb.png,figures/phase9/gradcam/P9A-017/resnet18/seed_43/degraded/annotation_overlay.png,figures/phase9/gradcam/P9A-017/resnet18/seed_43/degraded/predicted_class_surface_injure_heatmap.png,figures/phase9/gradcam/P9A-017/resnet18/seed_43/degraded/predicted_class_surface_injure_overlay.png
P9A-018,161_0,resnet18,43,gaussian_blur_severe,clean,clean,true_class,1,corrosion,corrosion,corrosion,layer4.1,1x512x7x7,dd928989b3e8c70e343a1599693aecd391d1272f445a2b2f5c3b9d0f3f6eeccd,320ce93b293e6b810c1c6e1c4e845a68443fcfaae24ca7875a0648c352c3e23f,frozen_imagenet_normalization_on_224x224_phase3_pixels,independent_per_map_minmax_after_relu,f32e3abbfbcac8f986df66b2e78c2ce54e124df1d5169af9c582b036ea5fe459,True,0.0,1.0,figures/phase9/gradcam/P9A-018/resnet18/seed_43/clean/input_rgb.png,figures/phase9/gradcam/P9A-018/resnet18/seed_43/clean/annotation_overlay.png,figures/phase9/gradcam/P9A-018/resnet18/seed_43/clean/true_class_corrosion_heatmap.png,figures/phase9/gradcam/P9A-018/resnet18/seed_43/clean/true_class_corrosion_overlay.png
P9A-018,161_0,resnet18,43,gaussian_blur_severe,degraded,gaussian_blur_severe,true_class,1,corrosion,surface_injure,corrosion,layer4.1,1x512x7x7,dd928989b3e8c70e343a1599693aecd391d1272f445a2b2f5c3b9d0f3f6eeccd,320ce93b293e6b810c1c6e1c4e845a68443fcfaae24ca7875a0648c352c3e23f,frozen_imagenet_normalization_on_224x224_phase3_pixels,independent_per_map_minmax_after_relu,9b0d3410aa2636221bd5988414c609cc5ca6a24154079ba3fde184d389791af4,True,0.0,1.0,figures/phase9/gradcam/P9A-018/resnet18/seed_43/degraded/input_rgb.png,figures/phase9/gradcam/P9A-018/resnet18/seed_43/degraded/annotation_overlay.png,figures/phase9/gradcam/P9A-018/resnet18/seed_43/degraded/true_class_corrosion_heatmap.png,figures/phase9/gradcam/P9A-018/resnet18/seed_43/degraded/true_class_corrosion_overlay.png
P9A-018,161_0,resnet18,43,gaussian_blur_severe,degraded,gaussian_blur_severe,predicted_class,2,surface_injure,surface_injure,corrosion,layer4.1,1x512x7x7,dd928989b3e8c70e343a1599693aecd391d1272f445a2b2f5c3b9d0f3f6eeccd,320ce93b293e6b810c1c6e1c4e845a68443fcfaae24ca7875a0648c352c3e23f,frozen_imagenet_normalization_on_224x224_phase3_pixels,independent_per_map_minmax_after_relu,0e498e06a5b7813313932bb3111f33ccfc869de3bb9e18983ba5284bf6515773,True,0.0,1.0,figures/phase9/gradcam/P9A-018/resnet18/seed_43/degraded/input_rgb.png,figures/phase9/gradcam/P9A-018/resnet18/seed_43/degraded/annotation_overlay.png,figures/phase9/gradcam/P9A-018/resnet18/seed_43/degraded/predicted_class_surface_injure_heatmap.png,figures/phase9/gradcam/P9A-018/resnet18/seed_43/degraded/predicted_class_surface_injure_overlay.png
P9A-019,209_0,resnet18,43,brightness_severe,clean,clean,true_class,5,hide_craze,hide_craze,hide_craze,layer4.1,1x512x7x7,dd928989b3e8c70e343a1599693aecd391d1272f445a2b2f5c3b9d0f3f6eeccd,320ce93b293e6b810c1c6e1c4e845a68443fcfaae24ca7875a0648c352c3e23f,frozen_imagenet_normalization_on_224x224_phase3_pixels,independent_per_map_minmax_after_relu,3de893bd484634515f98c675c0798ba1cef5914d2435a64dd70b764fa5e32c93,True,0.0,1.0,figures/phase9/gradcam/P9A-019/resnet18/seed_43/clean/input_rgb.png,figures/phase9/gradcam/P9A-019/resnet18/seed_43/clean/annotation_overlay.png,figures/phase9/gradcam/P9A-019/resnet18/seed_43/clean/true_class_hide_craze_heatmap.png,figures/phase9/gradcam/P9A-019/resnet18/seed_43/clean/true_class_hide_craze_overlay.png
P9A-019,209_0,resnet18,43,brightness_severe,degraded,brightness_severe,true_class,5,hide_craze,surface_injure,hide_craze,layer4.1,1x512x7x7,dd928989b3e8c70e343a1599693aecd391d1272f445a2b2f5c3b9d0f3f6eeccd,320ce93b293e6b810c1c6e1c4e845a68443fcfaae24ca7875a0648c352c3e23f,frozen_imagenet_normalization_on_224x224_phase3_pixels,independent_per_map_minmax_after_relu,bba9b3a111f37797b34f9f4b2033a889a0a16c3e9b26c399f74af2d662054240,True,0.0,1.0,figures/phase9/gradcam/P9A-019/resnet18/seed_43/degraded/input_rgb.png,figures/phase9/gradcam/P9A-019/resnet18/seed_43/degraded/annotation_overlay.png,figures/phase9/gradcam/P9A-019/resnet18/seed_43/degraded/true_class_hide_craze_heatmap.png,figures/phase9/gradcam/P9A-019/resnet18/seed_43/degraded/true_class_hide_craze_overlay.png
P9A-019,209_0,resnet18,43,brightness_severe,degraded,brightness_severe,predicted_class,2,surface_injure,surface_injure,hide_craze,layer4.1,1x512x7x7,dd928989b3e8c70e343a1599693aecd391d1272f445a2b2f5c3b9d0f3f6eeccd,320ce93b293e6b810c1c6e1c4e845a68443fcfaae24ca7875a0648c352c3e23f,frozen_imagenet_normalization_on_224x224_phase3_pixels,independent_per_map_minmax_after_relu,c4465bb853d2720b0a49dff9831c0e220e2929de68ec59b988f0a0df8b96ac0e,True,0.0,1.0,figures/phase9/gradcam/P9A-019/resnet18/seed_43/degraded/input_rgb.png,figures/phase9/gradcam/P9A-019/resnet18/seed_43/degraded/annotation_overlay.png,figures/phase9/gradcam/P9A-019/resnet18/seed_43/degraded/predicted_class_surface_injure_heatmap.png,figures/phase9/gradcam/P9A-019/resnet18/seed_43/degraded/predicted_class_surface_injure_overlay.png
P9A-021,238_0,resnet18,43,brightness_severe,clean,clean,true_class,4,crack,crack,crack,layer4.1,1x512x7x7,dd928989b3e8c70e343a1599693aecd391d1272f445a2b2f5c3b9d0f3f6eeccd,320ce93b293e6b810c1c6e1c4e845a68443fcfaae24ca7875a0648c352c3e23f,frozen_imagenet_normalization_on_224x224_phase3_pixels,independent_per_map_minmax_after_relu,84dee64194824599bf7e30a44c6ad7491744bbf0f9491cf0410d7e2cc0fc64b0,True,0.0,1.0,figures/phase9/gradcam/P9A-021/resnet18/seed_43/clean/input_rgb.png,figures/phase9/gradcam/P9A-021/resnet18/seed_43/clean/annotation_overlay.png,figures/phase9/gradcam/P9A-021/resnet18/seed_43/clean/true_class_crack_heatmap.png,figures/phase9/gradcam/P9A-021/resnet18/seed_43/clean/true_class_crack_overlay.png
P9A-021,238_0,resnet18,43,brightness_severe,degraded,brightness_severe,true_class,4,crack,hide_craze,crack,layer4.1,1x512x7x7,dd928989b3e8c70e343a1599693aecd391d1272f445a2b2f5c3b9d0f3f6eeccd,320ce93b293e6b810c1c6e1c4e845a68443fcfaae24ca7875a0648c352c3e23f,frozen_imagenet_normalization_on_224x224_phase3_pixels,independent_per_map_minmax_after_relu,f94b4c539344da93389d4bbfc82da799bd3859657fcec649eb35e7623b46a5db,True,0.0,1.0,figures/phase9/gradcam/P9A-021/resnet18/seed_43/degraded/input_rgb.png,figures/phase9/gradcam/P9A-021/resnet18/seed_43/degraded/annotation_overlay.png,figures/phase9/gradcam/P9A-021/resnet18/seed_43/degraded/true_class_crack_heatmap.png,figures/phase9/gradcam/P9A-021/resnet18/seed_43/degraded/true_class_crack_overlay.png
P9A-021,238_0,resnet18,43,brightness_severe,degraded,brightness_severe,predicted_class,5,hide_craze,hide_craze,crack,layer4.1,1x512x7x7,dd928989b3e8c70e343a1599693aecd391d1272f445a2b2f5c3b9d0f3f6eeccd,320ce93b293e6b810c1c6e1c4e845a68443fcfaae24ca7875a0648c352c3e23f,frozen_imagenet_normalization_on_224x224_phase3_pixels,independent_per_map_minmax_after_relu,33142830a8b3831f91d3190bb280039fe0c69654d48042e42b422801af069a1e,True,0.0,1.0,figures/phase9/gradcam/P9A-021/resnet18/seed_43/degraded/input_rgb.png,figures/phase9/gradcam/P9A-021/resnet18/seed_43/degraded/annotation_overlay.png,figures/phase9/gradcam/P9A-021/resnet18/seed_43/degraded/predicted_class_hide_craze_heatmap.png,figures/phase9/gradcam/P9A-021/resnet18/seed_43/degraded/predicted_class_hide_craze_overlay.png
P9A-022,238_1,resnet18,43,brightness_severe,clean,clean,true_class,4,crack,crack,crack,layer4.1,1x512x7x7,dd928989b3e8c70e343a1599693aecd391d1272f445a2b2f5c3b9d0f3f6eeccd,320ce93b293e6b810c1c6e1c4e845a68443fcfaae24ca7875a0648c352c3e23f,frozen_imagenet_normalization_on_224x224_phase3_pixels,independent_per_map_minmax_after_relu,2b949544a4a3e7c093255a1ff62551e8aa87af54fa5ce88218ef90aa8910e2a2,True,0.0,1.0,figures/phase9/gradcam/P9A-022/resnet18/seed_43/clean/input_rgb.png,figures/phase9/gradcam/P9A-022/resnet18/seed_43/clean/annotation_overlay.png,figures/phase9/gradcam/P9A-022/resnet18/seed_43/clean/true_class_crack_heatmap.png,figures/phase9/gradcam/P9A-022/resnet18/seed_43/clean/true_class_crack_overlay.png
P9A-022,238_1,resnet18,43,brightness_severe,degraded,brightness_severe,true_class,4,crack,hide_craze,crack,layer4.1,1x512x7x7,dd928989b3e8c70e343a1599693aecd391d1272f445a2b2f5c3b9d0f3f6eeccd,320ce93b293e6b810c1c6e1c4e845a68443fcfaae24ca7875a0648c352c3e23f,frozen_imagenet_normalization_on_224x224_phase3_pixels,independent_per_map_minmax_after_relu,c60658d4d9284b6c65acb60dc550016d0d00d6942a77ff10b1a816e82f8aa829,True,0.0,1.0,figures/phase9/gradcam/P9A-022/resnet18/seed_43/degraded/input_rgb.png,figures/phase9/gradcam/P9A-022/resnet18/seed_43/degraded/annotation_overlay.png,figures/phase9/gradcam/P9A-022/resnet18/seed_43/degraded/true_class_crack_heatmap.png,figures/phase9/gradcam/P9A-022/resnet18/seed_43/degraded/true_class_crack_overlay.png
P9A-022,238_1,resnet18,43,brightness_severe,degraded,brightness_severe,predicted_class,5,hide_craze,hide_craze,crack,layer4.1,1x512x7x7,dd928989b3e8c70e343a1599693aecd391d1272f445a2b2f5c3b9d0f3f6eeccd,320ce93b293e6b810c1c6e1c4e845a68443fcfaae24ca7875a0648c352c3e23f,frozen_imagenet_normalization_on_224x224_phase3_pixels,independent_per_map_minmax_after_relu,4b92274ea0d1eb6061c7ca5c20eae40c201931e3fe315ca72420bf89f12b8854,True,0.0,1.0,figures/phase9/gradcam/P9A-022/resnet18/seed_43/degraded/input_rgb.png,figures/phase9/gradcam/P9A-022/resnet18/seed_43/degraded/annotation_overlay.png,figures/phase9/gradcam/P9A-022/resnet18/seed_43/degraded/predicted_class_hide_craze_heatmap.png,figures/phase9/gradcam/P9A-022/resnet18/seed_43/degraded/predicted_class_hide_craze_overlay.png
P9A-023,252_0,resnet18,43,brightness_severe,clean,clean,true_class,4,crack,crack,crack,layer4.1,1x512x7x7,dd928989b3e8c70e343a1599693aecd391d1272f445a2b2f5c3b9d0f3f6eeccd,320ce93b293e6b810c1c6e1c4e845a68443fcfaae24ca7875a0648c352c3e23f,frozen_imagenet_normalization_on_224x224_phase3_pixels,independent_per_map_minmax_after_relu,9f3e76442f7ec225fbbc9671ac962e31501bf55787f74d93332690b83117e0ae,True,0.0,1.0,figures/phase9/gradcam/P9A-023/resnet18/seed_43/clean/input_rgb.png,figures/phase9/gradcam/P9A-023/resnet18/seed_43/clean/annotation_overlay.png,figures/phase9/gradcam/P9A-023/resnet18/seed_43/clean/true_class_crack_heatmap.png,figures/phase9/gradcam/P9A-023/resnet18/seed_43/clean/true_class_crack_overlay.png
P9A-023,252_0,resnet18,43,brightness_severe,degraded,brightness_severe,true_class,4,crack,hide_craze,crack,layer4.1,1x512x7x7,dd928989b3e8c70e343a1599693aecd391d1272f445a2b2f5c3b9d0f3f6eeccd,320ce93b293e6b810c1c6e1c4e845a68443fcfaae24ca7875a0648c352c3e23f,frozen_imagenet_normalization_on_224x224_phase3_pixels,independent_per_map_minmax_after_relu,ac41b1360d7d6454baad5d2ec93aba962b614c87d3d44879eab80c9372481c87,True,0.0,1.0,figures/phase9/gradcam/P9A-023/resnet18/seed_43/degraded/input_rgb.png,figures/phase9/gradcam/P9A-023/resnet18/seed_43/degraded/annotation_overlay.png,figures/phase9/gradcam/P9A-023/resnet18/seed_43/degraded/true_class_crack_heatmap.png,figures/phase9/gradcam/P9A-023/resnet18/seed_43/degraded/true_class_crack_overlay.png
P9A-023,252_0,resnet18,43,brightness_severe,degraded,brightness_severe,predicted_class,5,hide_craze,hide_craze,crack,layer4.1,1x512x7x7,dd928989b3e8c70e343a1599693aecd391d1272f445a2b2f5c3b9d0f3f6eeccd,320ce93b293e6b810c1c6e1c4e845a68443fcfaae24ca7875a0648c352c3e23f,frozen_imagenet_normalization_on_224x224_phase3_pixels,independent_per_map_minmax_after_relu,6b01c55639de011af71584cc3762e3b888f9b311eb89bf5e9044f91ecbdbfb7e,True,0.0,1.0,figures/phase9/gradcam/P9A-023/resnet18/seed_43/degraded/input_rgb.png,figures/phase9/gradcam/P9A-023/resnet18/seed_43/degraded/annotation_overlay.png,figures/phase9/gradcam/P9A-023/resnet18/seed_43/degraded/predicted_class_hide_craze_heatmap.png,figures/phase9/gradcam/P9A-023/resnet18/seed_43/degraded/predicted_class_hide_craze_overlay.png
P9A-024,255_1,resnet18,43,brightness_severe,clean,clean,true_class,2,surface_injure,surface_injure,surface_injure,layer4.1,1x512x7x7,dd928989b3e8c70e343a1599693aecd391d1272f445a2b2f5c3b9d0f3f6eeccd,320ce93b293e6b810c1c6e1c4e845a68443fcfaae24ca7875a0648c352c3e23f,frozen_imagenet_normalization_on_224x224_phase3_pixels,independent_per_map_minmax_after_relu,e2fa48713a6cbf2936abf8a14dad743cd6edcacfca58a50046d26d36cc7ceec4,True,0.0,1.0,figures/phase9/gradcam/P9A-024/resnet18/seed_43/clean/input_rgb.png,figures/phase9/gradcam/P9A-024/resnet18/seed_43/clean/annotation_overlay.png,figures/phase9/gradcam/P9A-024/resnet18/seed_43/clean/true_class_surface_injure_heatmap.png,figures/phase9/gradcam/P9A-024/resnet18/seed_43/clean/true_class_surface_injure_overlay.png
P9A-024,255_1,resnet18,43,brightness_severe,degraded,brightness_severe,true_class,2,surface_injure,hide_craze,surface_injure,layer4.1,1x512x7x7,dd928989b3e8c70e343a1599693aecd391d1272f445a2b2f5c3b9d0f3f6eeccd,320ce93b293e6b810c1c6e1c4e845a68443fcfaae24ca7875a0648c352c3e23f,frozen_imagenet_normalization_on_224x224_phase3_pixels,independent_per_map_minmax_after_relu,114c186abc5f14a062c80810f9e719ff23158eba47f390f215adf1a082dbde91,True,0.0,1.0,figures/phase9/gradcam/P9A-024/resnet18/seed_43/degraded/input_rgb.png,figures/phase9/gradcam/P9A-024/resnet18/seed_43/degraded/annotation_overlay.png,figures/phase9/gradcam/P9A-024/resnet18/seed_43/degraded/true_class_surface_injure_heatmap.png,figures/phase9/gradcam/P9A-024/resnet18/seed_43/degraded/true_class_surface_injure_overlay.png
P9A-024,255_1,resnet18,43,brightness_severe,degraded,brightness_severe,predicted_class,5,hide_craze,hide_craze,surface_injure,layer4.1,1x512x7x7,dd928989b3e8c70e343a1599693aecd391d1272f445a2b2f5c3b9d0f3f6eeccd,320ce93b293e6b810c1c6e1c4e845a68443fcfaae24ca7875a0648c352c3e23f,frozen_imagenet_normalization_on_224x224_phase3_pixels,independent_per_map_minmax_after_relu,3c70cf31ff4f050652360bd48d3b91120fb37e2f6eafaa1880db4ea37eff41ee,True,0.0,1.0,figures/phase9/gradcam/P9A-024/resnet18/seed_43/degraded/input_rgb.png,figures/phase9/gradcam/P9A-024/resnet18/seed_43/degraded/annotation_overlay.png,figures/phase9/gradcam/P9A-024/resnet18/seed_43/degraded/predicted_class_hide_craze_heatmap.png,figures/phase9/gradcam/P9A-024/resnet18/seed_43/degraded/predicted_class_hide_craze_overlay.png
P9A-025,326_0,resnet18,43,brightness_severe,clean,clean,true_class,2,surface_injure,surface_injure,surface_injure,layer4.1,1x512x7x7,dd928989b3e8c70e343a1599693aecd391d1272f445a2b2f5c3b9d0f3f6eeccd,320ce93b293e6b810c1c6e1c4e845a68443fcfaae24ca7875a0648c352c3e23f,frozen_imagenet_normalization_on_224x224_phase3_pixels,independent_per_map_minmax_after_relu,b6a0fa16d1a4bd37695bfdead7604b9f437efafb338e6135eb3c398e23226929,True,0.0,1.0,figures/phase9/gradcam/P9A-025/resnet18/seed_43/clean/input_rgb.png,figures/phase9/gradcam/P9A-025/resnet18/seed_43/clean/annotation_overlay.png,figures/phase9/gradcam/P9A-025/resnet18/seed_43/clean/true_class_surface_injure_heatmap.png,figures/phase9/gradcam/P9A-025/resnet18/seed_43/clean/true_class_surface_injure_overlay.png
P9A-025,326_0,resnet18,43,brightness_severe,degraded,brightness_severe,true_class,2,surface_injure,hide_craze,surface_injure,layer4.1,1x512x7x7,dd928989b3e8c70e343a1599693aecd391d1272f445a2b2f5c3b9d0f3f6eeccd,320ce93b293e6b810c1c6e1c4e845a68443fcfaae24ca7875a0648c352c3e23f,frozen_imagenet_normalization_on_224x224_phase3_pixels,independent_per_map_minmax_after_relu,2e938a702d36270d2b56b70b5b38f659bc2cd583e133090b21deb122ee89be52,True,0.0,1.0,figures/phase9/gradcam/P9A-025/resnet18/seed_43/degraded/input_rgb.png,figures/phase9/gradcam/P9A-025/resnet18/seed_43/degraded/annotation_overlay.png,figures/phase9/gradcam/P9A-025/resnet18/seed_43/degraded/true_class_surface_injure_heatmap.png,figures/phase9/gradcam/P9A-025/resnet18/seed_43/degraded/true_class_surface_injure_overlay.png
P9A-025,326_0,resnet18,43,brightness_severe,degraded,brightness_severe,predicted_class,5,hide_craze,hide_craze,surface_injure,layer4.1,1x512x7x7,dd928989b3e8c70e343a1599693aecd391d1272f445a2b2f5c3b9d0f3f6eeccd,320ce93b293e6b810c1c6e1c4e845a68443fcfaae24ca7875a0648c352c3e23f,frozen_imagenet_normalization_on_224x224_phase3_pixels,independent_per_map_minmax_after_relu,555ce1292ecd7e05b3a32dcad2be6d098b8bf0c270c242365e55a988631e17a2,True,0.0,1.0,figures/phase9/gradcam/P9A-025/resnet18/seed_43/degraded/input_rgb.png,figures/phase9/gradcam/P9A-025/resnet18/seed_43/degraded/annotation_overlay.png,figures/phase9/gradcam/P9A-025/resnet18/seed_43/degraded/predicted_class_hide_craze_heatmap.png,figures/phase9/gradcam/P9A-025/resnet18/seed_43/degraded/predicted_class_hide_craze_overlay.png
P9A-026,326_1,resnet18,43,brightness_severe,clean,clean,true_class,0,craze,craze,craze,layer4.1,1x512x7x7,dd928989b3e8c70e343a1599693aecd391d1272f445a2b2f5c3b9d0f3f6eeccd,320ce93b293e6b810c1c6e1c4e845a68443fcfaae24ca7875a0648c352c3e23f,frozen_imagenet_normalization_on_224x224_phase3_pixels,independent_per_map_minmax_after_relu,8d9bc2ac20e5e5c4424a6eaa0f0699e9a28801166f80532f8b4a0398a9fa338e,True,0.0,1.0,figures/phase9/gradcam/P9A-026/resnet18/seed_43/clean/input_rgb.png,figures/phase9/gradcam/P9A-026/resnet18/seed_43/clean/annotation_overlay.png,figures/phase9/gradcam/P9A-026/resnet18/seed_43/clean/true_class_craze_heatmap.png,figures/phase9/gradcam/P9A-026/resnet18/seed_43/clean/true_class_craze_overlay.png
P9A-026,326_1,resnet18,43,brightness_severe,degraded,brightness_severe,true_class,0,craze,hide_craze,craze,layer4.1,1x512x7x7,dd928989b3e8c70e343a1599693aecd391d1272f445a2b2f5c3b9d0f3f6eeccd,320ce93b293e6b810c1c6e1c4e845a68443fcfaae24ca7875a0648c352c3e23f,frozen_imagenet_normalization_on_224x224_phase3_pixels,independent_per_map_minmax_after_relu,d1ec7c7a35f770116b48885b78e90905dccbb1263de356813224cf4b50b2fc25,True,0.0,1.0,figures/phase9/gradcam/P9A-026/resnet18/seed_43/degraded/input_rgb.png,figures/phase9/gradcam/P9A-026/resnet18/seed_43/degraded/annotation_overlay.png,figures/phase9/gradcam/P9A-026/resnet18/seed_43/degraded/true_class_craze_heatmap.png,figures/phase9/gradcam/P9A-026/resnet18/seed_43/degraded/true_class_craze_overlay.png
P9A-026,326_1,resnet18,43,brightness_severe,degraded,brightness_severe,predicted_class,5,hide_craze,hide_craze,craze,layer4.1,1x512x7x7,dd928989b3e8c70e343a1599693aecd391d1272f445a2b2f5c3b9d0f3f6eeccd,320ce93b293e6b810c1c6e1c4e845a68443fcfaae24ca7875a0648c352c3e23f,frozen_imagenet_normalization_on_224x224_phase3_pixels,independent_per_map_minmax_after_relu,30300f80c96e6d5693aea784ef8800db4a45820e5efe91651a889644da7385e2,True,0.0,1.0,figures/phase9/gradcam/P9A-026/resnet18/seed_43/degraded/input_rgb.png,figures/phase9/gradcam/P9A-026/resnet18/seed_43/degraded/annotation_overlay.png,figures/phase9/gradcam/P9A-026/resnet18/seed_43/degraded/predicted_class_hide_craze_heatmap.png,figures/phase9/gradcam/P9A-026/resnet18/seed_43/degraded/predicted_class_hide_craze_overlay.png
P9A-027,370_1,resnet18,43,gaussian_blur_severe,clean,clean,true_class,1,corrosion,corrosion,corrosion,layer4.1,1x512x7x7,dd928989b3e8c70e343a1599693aecd391d1272f445a2b2f5c3b9d0f3f6eeccd,320ce93b293e6b810c1c6e1c4e845a68443fcfaae24ca7875a0648c352c3e23f,frozen_imagenet_normalization_on_224x224_phase3_pixels,independent_per_map_minmax_after_relu,06107d8028b3688ec713c2d27da5c2d3132edb6f42c0993577a3e6a3debcd8c1,True,0.0,1.0,figures/phase9/gradcam/P9A-027/resnet18/seed_43/clean/input_rgb.png,figures/phase9/gradcam/P9A-027/resnet18/seed_43/clean/annotation_overlay.png,figures/phase9/gradcam/P9A-027/resnet18/seed_43/clean/true_class_corrosion_heatmap.png,figures/phase9/gradcam/P9A-027/resnet18/seed_43/clean/true_class_corrosion_overlay.png
P9A-027,370_1,resnet18,43,gaussian_blur_severe,degraded,gaussian_blur_severe,true_class,1,corrosion,hide_craze,corrosion,layer4.1,1x512x7x7,dd928989b3e8c70e343a1599693aecd391d1272f445a2b2f5c3b9d0f3f6eeccd,320ce93b293e6b810c1c6e1c4e845a68443fcfaae24ca7875a0648c352c3e23f,frozen_imagenet_normalization_on_224x224_phase3_pixels,independent_per_map_minmax_after_relu,a73ccff82402c3b7499d007f627a21fd0e34b3a0cfcce1180ac96e86372dc894,True,0.0,1.0,figures/phase9/gradcam/P9A-027/resnet18/seed_43/degraded/input_rgb.png,figures/phase9/gradcam/P9A-027/resnet18/seed_43/degraded/annotation_overlay.png,figures/phase9/gradcam/P9A-027/resnet18/seed_43/degraded/true_class_corrosion_heatmap.png,figures/phase9/gradcam/P9A-027/resnet18/seed_43/degraded/true_class_corrosion_overlay.png
P9A-027,370_1,resnet18,43,gaussian_blur_severe,degraded,gaussian_blur_severe,predicted_class,5,hide_craze,hide_craze,corrosion,layer4.1,1x512x7x7,dd928989b3e8c70e343a1599693aecd391d1272f445a2b2f5c3b9d0f3f6eeccd,320ce93b293e6b810c1c6e1c4e845a68443fcfaae24ca7875a0648c352c3e23f,frozen_imagenet_normalization_on_224x224_phase3_pixels,independent_per_map_minmax_after_relu,dedcaa5c9fde221d8dbac26a24717a47e2bc4f42de79e64921781e4b61508dc2,True,0.0,1.0,figures/phase9/gradcam/P9A-027/resnet18/seed_43/degraded/input_rgb.png,figures/phase9/gradcam/P9A-027/resnet18/seed_43/degraded/annotation_overlay.png,figures/phase9/gradcam/P9A-027/resnet18/seed_43/degraded/predicted_class_hide_craze_heatmap.png,figures/phase9/gradcam/P9A-027/resnet18/seed_43/degraded/predicted_class_hide_craze_overlay.png
P9A-028,464_0,resnet18,43,brightness_severe,clean,clean,true_class,0,craze,craze,craze,layer4.1,1x512x7x7,dd928989b3e8c70e343a1599693aecd391d1272f445a2b2f5c3b9d0f3f6eeccd,320ce93b293e6b810c1c6e1c4e845a68443fcfaae24ca7875a0648c352c3e23f,frozen_imagenet_normalization_on_224x224_phase3_pixels,independent_per_map_minmax_after_relu,7cc13986699c60962d3a7d51f878711bb18da64fb63ae34cb825d202109970e9,True,0.0,1.0,figures/phase9/gradcam/P9A-028/resnet18/seed_43/clean/input_rgb.png,figures/phase9/gradcam/P9A-028/resnet18/seed_43/clean/annotation_overlay.png,figures/phase9/gradcam/P9A-028/resnet18/seed_43/clean/true_class_craze_heatmap.png,figures/phase9/gradcam/P9A-028/resnet18/seed_43/clean/true_class_craze_overlay.png
P9A-028,464_0,resnet18,43,brightness_severe,degraded,brightness_severe,true_class,0,craze,surface_injure,craze,layer4.1,1x512x7x7,dd928989b3e8c70e343a1599693aecd391d1272f445a2b2f5c3b9d0f3f6eeccd,320ce93b293e6b810c1c6e1c4e845a68443fcfaae24ca7875a0648c352c3e23f,frozen_imagenet_normalization_on_224x224_phase3_pixels,independent_per_map_minmax_after_relu,f34c85b0897fd58b3698ff4faafd55d800f8ded93ba9a0b1a0d3e6ecce4dc663,True,0.0,1.0,figures/phase9/gradcam/P9A-028/resnet18/seed_43/degraded/input_rgb.png,figures/phase9/gradcam/P9A-028/resnet18/seed_43/degraded/annotation_overlay.png,figures/phase9/gradcam/P9A-028/resnet18/seed_43/degraded/true_class_craze_heatmap.png,figures/phase9/gradcam/P9A-028/resnet18/seed_43/degraded/true_class_craze_overlay.png
P9A-028,464_0,resnet18,43,brightness_severe,degraded,brightness_severe,predicted_class,2,surface_injure,surface_injure,craze,layer4.1,1x512x7x7,dd928989b3e8c70e343a1599693aecd391d1272f445a2b2f5c3b9d0f3f6eeccd,320ce93b293e6b810c1c6e1c4e845a68443fcfaae24ca7875a0648c352c3e23f,frozen_imagenet_normalization_on_224x224_phase3_pixels,independent_per_map_minmax_after_relu,7e2cfcd7e92540b6c0e4b6d2d6469e17c13a8a5c47f3c7b44d7da7ddd7b0487a,True,0.0,1.0,figures/phase9/gradcam/P9A-028/resnet18/seed_43/degraded/input_rgb.png,figures/phase9/gradcam/P9A-028/resnet18/seed_43/degraded/annotation_overlay.png,figures/phase9/gradcam/P9A-028/resnet18/seed_43/degraded/predicted_class_surface_injure_heatmap.png,figures/phase9/gradcam/P9A-028/resnet18/seed_43/degraded/predicted_class_surface_injure_overlay.png
P9A-029,597_0,resnet18,43,gaussian_blur_severe,clean,clean,true_class,5,hide_craze,hide_craze,hide_craze,layer4.1,1x512x7x7,dd928989b3e8c70e343a1599693aecd391d1272f445a2b2f5c3b9d0f3f6eeccd,320ce93b293e6b810c1c6e1c4e845a68443fcfaae24ca7875a0648c352c3e23f,frozen_imagenet_normalization_on_224x224_phase3_pixels,independent_per_map_minmax_after_relu,2be5f4c0bb74ad8579b1a64291cb1779881f7c11388abdc2ac70939c4b06a1b4,True,0.0,1.0,figures/phase9/gradcam/P9A-029/resnet18/seed_43/clean/input_rgb.png,figures/phase9/gradcam/P9A-029/resnet18/seed_43/clean/annotation_overlay.png,figures/phase9/gradcam/P9A-029/resnet18/seed_43/clean/true_class_hide_craze_heatmap.png,figures/phase9/gradcam/P9A-029/resnet18/seed_43/clean/true_class_hide_craze_overlay.png
P9A-029,597_0,resnet18,43,gaussian_blur_severe,degraded,gaussian_blur_severe,true_class,5,hide_craze,surface_injure,hide_craze,layer4.1,1x512x7x7,dd928989b3e8c70e343a1599693aecd391d1272f445a2b2f5c3b9d0f3f6eeccd,320ce93b293e6b810c1c6e1c4e845a68443fcfaae24ca7875a0648c352c3e23f,frozen_imagenet_normalization_on_224x224_phase3_pixels,independent_per_map_minmax_after_relu,c32ba6701f73ab98778c11cf7830e11f999212eb006f6fa90bee34147fd7a37c,True,0.0,1.0,figures/phase9/gradcam/P9A-029/resnet18/seed_43/degraded/input_rgb.png,figures/phase9/gradcam/P9A-029/resnet18/seed_43/degraded/annotation_overlay.png,figures/phase9/gradcam/P9A-029/resnet18/seed_43/degraded/true_class_hide_craze_heatmap.png,figures/phase9/gradcam/P9A-029/resnet18/seed_43/degraded/true_class_hide_craze_overlay.png
P9A-029,597_0,resnet18,43,gaussian_blur_severe,degraded,gaussian_blur_severe,predicted_class,2,surface_injure,surface_injure,hide_craze,layer4.1,1x512x7x7,dd928989b3e8c70e343a1599693aecd391d1272f445a2b2f5c3b9d0f3f6eeccd,320ce93b293e6b810c1c6e1c4e845a68443fcfaae24ca7875a0648c352c3e23f,frozen_imagenet_normalization_on_224x224_phase3_pixels,independent_per_map_minmax_after_relu,f2c993a02dde810e1e71711e7d8f0c9c23630d9eb64440ca50fd30731cad0ec4,True,0.0,1.0,figures/phase9/gradcam/P9A-029/resnet18/seed_43/degraded/input_rgb.png,figures/phase9/gradcam/P9A-029/resnet18/seed_43/degraded/annotation_overlay.png,figures/phase9/gradcam/P9A-029/resnet18/seed_43/degraded/predicted_class_surface_injure_heatmap.png,figures/phase9/gradcam/P9A-029/resnet18/seed_43/degraded/predicted_class_surface_injure_overlay.png
P9A-030,864_0,resnet18,43,brightness_severe,clean,clean,true_class,2,surface_injure,surface_injure,surface_injure,layer4.1,1x512x7x7,dd928989b3e8c70e343a1599693aecd391d1272f445a2b2f5c3b9d0f3f6eeccd,320ce93b293e6b810c1c6e1c4e845a68443fcfaae24ca7875a0648c352c3e23f,frozen_imagenet_normalization_on_224x224_phase3_pixels,independent_per_map_minmax_after_relu,2175460568ad21f19cbda72cd70a404cd4e201ece1abb614d54e1be4c25d45bf,True,0.0,1.0,figures/phase9/gradcam/P9A-030/resnet18/seed_43/clean/input_rgb.png,figures/phase9/gradcam/P9A-030/resnet18/seed_43/clean/annotation_overlay.png,figures/phase9/gradcam/P9A-030/resnet18/seed_43/clean/true_class_surface_injure_heatmap.png,figures/phase9/gradcam/P9A-030/resnet18/seed_43/clean/true_class_surface_injure_overlay.png
P9A-030,864_0,resnet18,43,brightness_severe,degraded,brightness_severe,true_class,2,surface_injure,hide_craze,surface_injure,layer4.1,1x512x7x7,dd928989b3e8c70e343a1599693aecd391d1272f445a2b2f5c3b9d0f3f6eeccd,320ce93b293e6b810c1c6e1c4e845a68443fcfaae24ca7875a0648c352c3e23f,frozen_imagenet_normalization_on_224x224_phase3_pixels,independent_per_map_minmax_after_relu,92f5414a9cafbcf50e0182a6d0c8ac31390a7981d961d09a6ae62f379715f077,True,0.0,1.0,figures/phase9/gradcam/P9A-030/resnet18/seed_43/degraded/input_rgb.png,figures/phase9/gradcam/P9A-030/resnet18/seed_43/degraded/annotation_overlay.png,figures/phase9/gradcam/P9A-030/resnet18/seed_43/degraded/true_class_surface_injure_heatmap.png,figures/phase9/gradcam/P9A-030/resnet18/seed_43/degraded/true_class_surface_injure_overlay.png
P9A-030,864_0,resnet18,43,brightness_severe,degraded,brightness_severe,predicted_class,5,hide_craze,hide_craze,surface_injure,layer4.1,1x512x7x7,dd928989b3e8c70e343a1599693aecd391d1272f445a2b2f5c3b9d0f3f6eeccd,320ce93b293e6b810c1c6e1c4e845a68443fcfaae24ca7875a0648c352c3e23f,frozen_imagenet_normalization_on_224x224_phase3_pixels,independent_per_map_minmax_after_relu,951505587efefb1aafd574934dc3a817f9fe5d728bb9984f9243e24fc9018326,True,0.0,1.0,figures/phase9/gradcam/P9A-030/resnet18/seed_43/degraded/input_rgb.png,figures/phase9/gradcam/P9A-030/resnet18/seed_43/degraded/annotation_overlay.png,figures/phase9/gradcam/P9A-030/resnet18/seed_43/degraded/predicted_class_hide_craze_heatmap.png,figures/phase9/gradcam/P9A-030/resnet18/seed_43/degraded/predicted_class_hide_craze_overlay.png
P9A-031,48_0,resnet18,43,brightness_severe,clean,clean,true_class,2,surface_injure,craze,surface_injure,layer4.1,1x512x7x7,dd928989b3e8c70e343a1599693aecd391d1272f445a2b2f5c3b9d0f3f6eeccd,320ce93b293e6b810c1c6e1c4e845a68443fcfaae24ca7875a0648c352c3e23f,frozen_imagenet_normalization_on_224x224_phase3_pixels,independent_per_map_minmax_after_relu,e5379b49596eea5fb0ad82e6cde923fc2e4744d6d5efa9dfcf7c0a1e30b4d605,True,0.0,1.0,figures/phase9/gradcam/P9A-031/resnet18/seed_43/clean/input_rgb.png,figures/phase9/gradcam/P9A-031/resnet18/seed_43/clean/annotation_overlay.png,figures/phase9/gradcam/P9A-031/resnet18/seed_43/clean/true_class_surface_injure_heatmap.png,figures/phase9/gradcam/P9A-031/resnet18/seed_43/clean/true_class_surface_injure_overlay.png
P9A-031,48_0,resnet18,43,brightness_severe,clean,clean,predicted_class,0,craze,craze,surface_injure,layer4.1,1x512x7x7,dd928989b3e8c70e343a1599693aecd391d1272f445a2b2f5c3b9d0f3f6eeccd,320ce93b293e6b810c1c6e1c4e845a68443fcfaae24ca7875a0648c352c3e23f,frozen_imagenet_normalization_on_224x224_phase3_pixels,independent_per_map_minmax_after_relu,2e05078a385558fdb67de15543093c809f6e6763bdadaa6f0b3283d0dc187b7c,True,0.0,1.0,figures/phase9/gradcam/P9A-031/resnet18/seed_43/clean/input_rgb.png,figures/phase9/gradcam/P9A-031/resnet18/seed_43/clean/annotation_overlay.png,figures/phase9/gradcam/P9A-031/resnet18/seed_43/clean/predicted_class_craze_heatmap.png,figures/phase9/gradcam/P9A-031/resnet18/seed_43/clean/predicted_class_craze_overlay.png
P9A-031,48_0,resnet18,43,brightness_severe,degraded,brightness_severe,true_class,2,surface_injure,craze,surface_injure,layer4.1,1x512x7x7,dd928989b3e8c70e343a1599693aecd391d1272f445a2b2f5c3b9d0f3f6eeccd,320ce93b293e6b810c1c6e1c4e845a68443fcfaae24ca7875a0648c352c3e23f,frozen_imagenet_normalization_on_224x224_phase3_pixels,independent_per_map_minmax_after_relu,b0d7e1bedbb514d59dbcfb86a61229f5298e12bd52cf2e4901e04daeba333862,True,0.0,1.0,figures/phase9/gradcam/P9A-031/resnet18/seed_43/degraded/input_rgb.png,figures/phase9/gradcam/P9A-031/resnet18/seed_43/degraded/annotation_overlay.png,figures/phase9/gradcam/P9A-031/resnet18/seed_43/degraded/true_class_surface_injure_heatmap.png,figures/phase9/gradcam/P9A-031/resnet18/seed_43/degraded/true_class_surface_injure_overlay.png
P9A-031,48_0,resnet18,43,brightness_severe,degraded,brightness_severe,predicted_class,0,craze,craze,surface_injure,layer4.1,1x512x7x7,dd928989b3e8c70e343a1599693aecd391d1272f445a2b2f5c3b9d0f3f6eeccd,320ce93b293e6b810c1c6e1c4e845a68443fcfaae24ca7875a0648c352c3e23f,frozen_imagenet_normalization_on_224x224_phase3_pixels,independent_per_map_minmax_after_relu,ed281c1d19431072abdeb0c456f58d3c3e488a3a7ae16336fa237f25c35b0e48,True,0.0,1.0,figures/phase9/gradcam/P9A-031/resnet18/seed_43/degraded/input_rgb.png,figures/phase9/gradcam/P9A-031/resnet18/seed_43/degraded/annotation_overlay.png,figures/phase9/gradcam/P9A-031/resnet18/seed_43/degraded/predicted_class_craze_heatmap.png,figures/phase9/gradcam/P9A-031/resnet18/seed_43/degraded/predicted_class_craze_overlay.png
P9A-033,51_0,resnet18,43,jpeg_severe,clean,clean,true_class,0,craze,craze,craze,layer4.1,1x512x7x7,dd928989b3e8c70e343a1599693aecd391d1272f445a2b2f5c3b9d0f3f6eeccd,320ce93b293e6b810c1c6e1c4e845a68443fcfaae24ca7875a0648c352c3e23f,frozen_imagenet_normalization_on_224x224_phase3_pixels,independent_per_map_minmax_after_relu,3657cf3d1ec257889b470c72b2664752c3ed3daf8beb9392b7c5767c152edfe7,True,0.0,1.0,figures/phase9/gradcam/P9A-033/resnet18/seed_43/clean/input_rgb.png,figures/phase9/gradcam/P9A-033/resnet18/seed_43/clean/annotation_overlay.png,figures/phase9/gradcam/P9A-033/resnet18/seed_43/clean/true_class_craze_heatmap.png,figures/phase9/gradcam/P9A-033/resnet18/seed_43/clean/true_class_craze_overlay.png
P9A-033,51_0,resnet18,43,jpeg_severe,degraded,jpeg_severe,true_class,0,craze,craze,craze,layer4.1,1x512x7x7,dd928989b3e8c70e343a1599693aecd391d1272f445a2b2f5c3b9d0f3f6eeccd,320ce93b293e6b810c1c6e1c4e845a68443fcfaae24ca7875a0648c352c3e23f,frozen_imagenet_normalization_on_224x224_phase3_pixels,independent_per_map_minmax_after_relu,80a127380d42f4bec4ae730d24d930aaa86f9a42039f134d23ba6ed3e25ff8ca,True,0.0,1.0,figures/phase9/gradcam/P9A-033/resnet18/seed_43/degraded/input_rgb.png,figures/phase9/gradcam/P9A-033/resnet18/seed_43/degraded/annotation_overlay.png,figures/phase9/gradcam/P9A-033/resnet18/seed_43/degraded/true_class_craze_heatmap.png,figures/phase9/gradcam/P9A-033/resnet18/seed_43/degraded/true_class_craze_overlay.png
P9A-034,88_0,resnet18,43,brightness_severe,clean,clean,true_class,4,crack,hide_craze,crack,layer4.1,1x512x7x7,dd928989b3e8c70e343a1599693aecd391d1272f445a2b2f5c3b9d0f3f6eeccd,320ce93b293e6b810c1c6e1c4e845a68443fcfaae24ca7875a0648c352c3e23f,frozen_imagenet_normalization_on_224x224_phase3_pixels,independent_per_map_minmax_after_relu,bf8b646ced4edf1cfa5fa1b411229a1657846b87f21cfa84e4dff2df1361e45c,True,0.0,1.0,figures/phase9/gradcam/P9A-034/resnet18/seed_43/clean/input_rgb.png,figures/phase9/gradcam/P9A-034/resnet18/seed_43/clean/annotation_overlay.png,figures/phase9/gradcam/P9A-034/resnet18/seed_43/clean/true_class_crack_heatmap.png,figures/phase9/gradcam/P9A-034/resnet18/seed_43/clean/true_class_crack_overlay.png
P9A-034,88_0,resnet18,43,brightness_severe,clean,clean,predicted_class,5,hide_craze,hide_craze,crack,layer4.1,1x512x7x7,dd928989b3e8c70e343a1599693aecd391d1272f445a2b2f5c3b9d0f3f6eeccd,320ce93b293e6b810c1c6e1c4e845a68443fcfaae24ca7875a0648c352c3e23f,frozen_imagenet_normalization_on_224x224_phase3_pixels,independent_per_map_minmax_after_relu,4d35e462f8ac864b7eb82d2c42bb35ffe61a1e0785b274a08047256f0503c5cb,True,0.0,1.0,figures/phase9/gradcam/P9A-034/resnet18/seed_43/clean/input_rgb.png,figures/phase9/gradcam/P9A-034/resnet18/seed_43/clean/annotation_overlay.png,figures/phase9/gradcam/P9A-034/resnet18/seed_43/clean/predicted_class_hide_craze_heatmap.png,figures/phase9/gradcam/P9A-034/resnet18/seed_43/clean/predicted_class_hide_craze_overlay.png
P9A-034,88_0,resnet18,43,brightness_severe,degraded,brightness_severe,true_class,4,crack,hide_craze,crack,layer4.1,1x512x7x7,dd928989b3e8c70e343a1599693aecd391d1272f445a2b2f5c3b9d0f3f6eeccd,320ce93b293e6b810c1c6e1c4e845a68443fcfaae24ca7875a0648c352c3e23f,frozen_imagenet_normalization_on_224x224_phase3_pixels,independent_per_map_minmax_after_relu,346829351b232681cb34af0ac2baa90f8d2bb671a9d6ae6a1432f27d2cb3d1c7,True,0.0,0.0,figures/phase9/gradcam/P9A-034/resnet18/seed_43/degraded/input_rgb.png,figures/phase9/gradcam/P9A-034/resnet18/seed_43/degraded/annotation_overlay.png,figures/phase9/gradcam/P9A-034/resnet18/seed_43/degraded/true_class_crack_heatmap.png,figures/phase9/gradcam/P9A-034/resnet18/seed_43/degraded/true_class_crack_overlay.png
P9A-034,88_0,resnet18,43,brightness_severe,degraded,brightness_severe,predicted_class,5,hide_craze,hide_craze,crack,layer4.1,1x512x7x7,dd928989b3e8c70e343a1599693aecd391d1272f445a2b2f5c3b9d0f3f6eeccd,320ce93b293e6b810c1c6e1c4e845a68443fcfaae24ca7875a0648c352c3e23f,frozen_imagenet_normalization_on_224x224_phase3_pixels,independent_per_map_minmax_after_relu,7f6509c476fea3d4c2ffa45450b0420548bfd1cb9b956b2de02dba8eb6970bde,True,0.0,1.0,figures/phase9/gradcam/P9A-034/resnet18/seed_43/degraded/input_rgb.png,figures/phase9/gradcam/P9A-034/resnet18/seed_43/degraded/annotation_overlay.png,figures/phase9/gradcam/P9A-034/resnet18/seed_43/degraded/predicted_class_hide_craze_heatmap.png,figures/phase9/gradcam/P9A-034/resnet18/seed_43/degraded/predicted_class_hide_craze_overlay.png
P9A-035,142_0,resnet18,43,jpeg_severe,clean,clean,true_class,2,surface_injure,corrosion,surface_injure,layer4.1,1x512x7x7,dd928989b3e8c70e343a1599693aecd391d1272f445a2b2f5c3b9d0f3f6eeccd,320ce93b293e6b810c1c6e1c4e845a68443fcfaae24ca7875a0648c352c3e23f,frozen_imagenet_normalization_on_224x224_phase3_pixels,independent_per_map_minmax_after_relu,94a6fd2a3cb89ef020d52ebde3778d93714e993a158f7459cd8ce7a4823c5ece,True,0.0,1.0,figures/phase9/gradcam/P9A-035/resnet18/seed_43/clean/input_rgb.png,figures/phase9/gradcam/P9A-035/resnet18/seed_43/clean/annotation_overlay.png,figures/phase9/gradcam/P9A-035/resnet18/seed_43/clean/true_class_surface_injure_heatmap.png,figures/phase9/gradcam/P9A-035/resnet18/seed_43/clean/true_class_surface_injure_overlay.png
P9A-035,142_0,resnet18,43,jpeg_severe,clean,clean,predicted_class,1,corrosion,corrosion,surface_injure,layer4.1,1x512x7x7,dd928989b3e8c70e343a1599693aecd391d1272f445a2b2f5c3b9d0f3f6eeccd,320ce93b293e6b810c1c6e1c4e845a68443fcfaae24ca7875a0648c352c3e23f,frozen_imagenet_normalization_on_224x224_phase3_pixels,independent_per_map_minmax_after_relu,c6fe76440cc306e04866946d7ebfc56128f006eb77843ce07989b2d60ad1a0a0,True,0.0,1.0,figures/phase9/gradcam/P9A-035/resnet18/seed_43/clean/input_rgb.png,figures/phase9/gradcam/P9A-035/resnet18/seed_43/clean/annotation_overlay.png,figures/phase9/gradcam/P9A-035/resnet18/seed_43/clean/predicted_class_corrosion_heatmap.png,figures/phase9/gradcam/P9A-035/resnet18/seed_43/clean/predicted_class_corrosion_overlay.png
P9A-035,142_0,resnet18,43,jpeg_severe,degraded,jpeg_severe,true_class,2,surface_injure,corrosion,surface_injure,layer4.1,1x512x7x7,dd928989b3e8c70e343a1599693aecd391d1272f445a2b2f5c3b9d0f3f6eeccd,320ce93b293e6b810c1c6e1c4e845a68443fcfaae24ca7875a0648c352c3e23f,frozen_imagenet_normalization_on_224x224_phase3_pixels,independent_per_map_minmax_after_relu,a0e374193a5276bd5ef35e8ca9b8dc4248602895ea28118dbaa84d5d7d5c64e5,True,0.0,1.0,figures/phase9/gradcam/P9A-035/resnet18/seed_43/degraded/input_rgb.png,figures/phase9/gradcam/P9A-035/resnet18/seed_43/degraded/annotation_overlay.png,figures/phase9/gradcam/P9A-035/resnet18/seed_43/degraded/true_class_surface_injure_heatmap.png,figures/phase9/gradcam/P9A-035/resnet18/seed_43/degraded/true_class_surface_injure_overlay.png
P9A-035,142_0,resnet18,43,jpeg_severe,degraded,jpeg_severe,predicted_class,1,corrosion,corrosion,surface_injure,layer4.1,1x512x7x7,dd928989b3e8c70e343a1599693aecd391d1272f445a2b2f5c3b9d0f3f6eeccd,320ce93b293e6b810c1c6e1c4e845a68443fcfaae24ca7875a0648c352c3e23f,frozen_imagenet_normalization_on_224x224_phase3_pixels,independent_per_map_minmax_after_relu,589faa71a3b52b68d6a7b94e6ac264e0dce201ba18e7b7087e354e9d3c3555f0,True,0.0,1.0,figures/phase9/gradcam/P9A-035/resnet18/seed_43/degraded/input_rgb.png,figures/phase9/gradcam/P9A-035/resnet18/seed_43/degraded/annotation_overlay.png,figures/phase9/gradcam/P9A-035/resnet18/seed_43/degraded/predicted_class_corrosion_heatmap.png,figures/phase9/gradcam/P9A-035/resnet18/seed_43/degraded/predicted_class_corrosion_overlay.png
P9A-036,323_0,resnet18,43,jpeg_severe,clean,clean,true_class,1,corrosion,surface_injure,corrosion,layer4.1,1x512x7x7,dd928989b3e8c70e343a1599693aecd391d1272f445a2b2f5c3b9d0f3f6eeccd,320ce93b293e6b810c1c6e1c4e845a68443fcfaae24ca7875a0648c352c3e23f,frozen_imagenet_normalization_on_224x224_phase3_pixels,independent_per_map_minmax_after_relu,4ced056106c4765565457319e9fd1546078164113c0a9a55f00bf1cf952518ef,True,0.0,1.0,figures/phase9/gradcam/P9A-036/resnet18/seed_43/clean/input_rgb.png,figures/phase9/gradcam/P9A-036/resnet18/seed_43/clean/annotation_overlay.png,figures/phase9/gradcam/P9A-036/resnet18/seed_43/clean/true_class_corrosion_heatmap.png,figures/phase9/gradcam/P9A-036/resnet18/seed_43/clean/true_class_corrosion_overlay.png
P9A-036,323_0,resnet18,43,jpeg_severe,clean,clean,predicted_class,2,surface_injure,surface_injure,corrosion,layer4.1,1x512x7x7,dd928989b3e8c70e343a1599693aecd391d1272f445a2b2f5c3b9d0f3f6eeccd,320ce93b293e6b810c1c6e1c4e845a68443fcfaae24ca7875a0648c352c3e23f,frozen_imagenet_normalization_on_224x224_phase3_pixels,independent_per_map_minmax_after_relu,86f20af5f051879f4f646ca2f581c6779a412b25acaf36cd00395f445a20f66d,True,0.0,1.0,figures/phase9/gradcam/P9A-036/resnet18/seed_43/clean/input_rgb.png,figures/phase9/gradcam/P9A-036/resnet18/seed_43/clean/annotation_overlay.png,figures/phase9/gradcam/P9A-036/resnet18/seed_43/clean/predicted_class_surface_injure_heatmap.png,figures/phase9/gradcam/P9A-036/resnet18/seed_43/clean/predicted_class_surface_injure_overlay.png
P9A-036,323_0,resnet18,43,jpeg_severe,degraded,jpeg_severe,true_class,1,corrosion,surface_injure,corrosion,layer4.1,1x512x7x7,dd928989b3e8c70e343a1599693aecd391d1272f445a2b2f5c3b9d0f3f6eeccd,320ce93b293e6b810c1c6e1c4e845a68443fcfaae24ca7875a0648c352c3e23f,frozen_imagenet_normalization_on_224x224_phase3_pixels,independent_per_map_minmax_after_relu,5703eba340718c5879b5df0b2efac4f7d9559e22558bf00b50231be08ce56484,True,0.0,1.0,figures/phase9/gradcam/P9A-036/resnet18/seed_43/degraded/input_rgb.png,figures/phase9/gradcam/P9A-036/resnet18/seed_43/degraded/annotation_overlay.png,figures/phase9/gradcam/P9A-036/resnet18/seed_43/degraded/true_class_corrosion_heatmap.png,figures/phase9/gradcam/P9A-036/resnet18/seed_43/degraded/true_class_corrosion_overlay.png
P9A-036,323_0,resnet18,43,jpeg_severe,degraded,jpeg_severe,predicted_class,2,surface_injure,surface_injure,corrosion,layer4.1,1x512x7x7,dd928989b3e8c70e343a1599693aecd391d1272f445a2b2f5c3b9d0f3f6eeccd,320ce93b293e6b810c1c6e1c4e845a68443fcfaae24ca7875a0648c352c3e23f,frozen_imagenet_normalization_on_224x224_phase3_pixels,independent_per_map_minmax_after_relu,21b0fdce4e83b7b7deae60b71a3c32e83e3448b8e854de4a6b3f6d37d98603d5,True,0.0,1.0,figures/phase9/gradcam/P9A-036/resnet18/seed_43/degraded/input_rgb.png,figures/phase9/gradcam/P9A-036/resnet18/seed_43/degraded/annotation_overlay.png,figures/phase9/gradcam/P9A-036/resnet18/seed_43/degraded/predicted_class_surface_injure_heatmap.png,figures/phase9/gradcam/P9A-036/resnet18/seed_43/degraded/predicted_class_surface_injure_overlay.png
P9A-038,546_0,resnet18,43,gaussian_blur_severe,clean,clean,true_class,1,corrosion,surface_injure,corrosion,layer4.1,1x512x7x7,dd928989b3e8c70e343a1599693aecd391d1272f445a2b2f5c3b9d0f3f6eeccd,320ce93b293e6b810c1c6e1c4e845a68443fcfaae24ca7875a0648c352c3e23f,frozen_imagenet_normalization_on_224x224_phase3_pixels,independent_per_map_minmax_after_relu,b25baa737c6541e3753b3b5073e35d4d7cdca85beefb66fa5b96d5cf03c05862,True,0.0,1.0,figures/phase9/gradcam/P9A-038/resnet18/seed_43/clean/input_rgb.png,figures/phase9/gradcam/P9A-038/resnet18/seed_43/clean/annotation_overlay.png,figures/phase9/gradcam/P9A-038/resnet18/seed_43/clean/true_class_corrosion_heatmap.png,figures/phase9/gradcam/P9A-038/resnet18/seed_43/clean/true_class_corrosion_overlay.png
P9A-038,546_0,resnet18,43,gaussian_blur_severe,clean,clean,predicted_class,2,surface_injure,surface_injure,corrosion,layer4.1,1x512x7x7,dd928989b3e8c70e343a1599693aecd391d1272f445a2b2f5c3b9d0f3f6eeccd,320ce93b293e6b810c1c6e1c4e845a68443fcfaae24ca7875a0648c352c3e23f,frozen_imagenet_normalization_on_224x224_phase3_pixels,independent_per_map_minmax_after_relu,ea9534f691e7d935e3ed2aa2c16415667b7c1891b91e8b2ad508aec39df3676c,True,0.0,1.0,figures/phase9/gradcam/P9A-038/resnet18/seed_43/clean/input_rgb.png,figures/phase9/gradcam/P9A-038/resnet18/seed_43/clean/annotation_overlay.png,figures/phase9/gradcam/P9A-038/resnet18/seed_43/clean/predicted_class_surface_injure_heatmap.png,figures/phase9/gradcam/P9A-038/resnet18/seed_43/clean/predicted_class_surface_injure_overlay.png
P9A-038,546_0,resnet18,43,gaussian_blur_severe,degraded,gaussian_blur_severe,true_class,1,corrosion,surface_injure,corrosion,layer4.1,1x512x7x7,dd928989b3e8c70e343a1599693aecd391d1272f445a2b2f5c3b9d0f3f6eeccd,320ce93b293e6b810c1c6e1c4e845a68443fcfaae24ca7875a0648c352c3e23f,frozen_imagenet_normalization_on_224x224_phase3_pixels,independent_per_map_minmax_after_relu,0dec65a6d4b4031823573359340dbf7df1e715221256c8e3e36d60387862af0a,True,0.0,1.0,figures/phase9/gradcam/P9A-038/resnet18/seed_43/degraded/input_rgb.png,figures/phase9/gradcam/P9A-038/resnet18/seed_43/degraded/annotation_overlay.png,figures/phase9/gradcam/P9A-038/resnet18/seed_43/degraded/true_class_corrosion_heatmap.png,figures/phase9/gradcam/P9A-038/resnet18/seed_43/degraded/true_class_corrosion_overlay.png
P9A-038,546_0,resnet18,43,gaussian_blur_severe,degraded,gaussian_blur_severe,predicted_class,2,surface_injure,surface_injure,corrosion,layer4.1,1x512x7x7,dd928989b3e8c70e343a1599693aecd391d1272f445a2b2f5c3b9d0f3f6eeccd,320ce93b293e6b810c1c6e1c4e845a68443fcfaae24ca7875a0648c352c3e23f,frozen_imagenet_normalization_on_224x224_phase3_pixels,independent_per_map_minmax_after_relu,2f77278db271dc467ddb52b371b102e6ec24f4b97e12e2d37a2846672c1a2163,True,0.0,1.0,figures/phase9/gradcam/P9A-038/resnet18/seed_43/degraded/input_rgb.png,figures/phase9/gradcam/P9A-038/resnet18/seed_43/degraded/annotation_overlay.png,figures/phase9/gradcam/P9A-038/resnet18/seed_43/degraded/predicted_class_surface_injure_heatmap.png,figures/phase9/gradcam/P9A-038/resnet18/seed_43/degraded/predicted_class_surface_injure_overlay.png
P9A-039,13_0,resnet18,43,brightness_severe,clean,clean,true_class,5,hide_craze,hide_craze,hide_craze,layer4.1,1x512x7x7,dd928989b3e8c70e343a1599693aecd391d1272f445a2b2f5c3b9d0f3f6eeccd,320ce93b293e6b810c1c6e1c4e845a68443fcfaae24ca7875a0648c352c3e23f,frozen_imagenet_normalization_on_224x224_phase3_pixels,independent_per_map_minmax_after_relu,09a43c203f3aaa22d8d57a93547abe1b6b513f3254ac342b62fda880f38abf35,True,0.0,1.0,figures/phase9/gradcam/P9A-039/resnet18/seed_43/clean/input_rgb.png,figures/phase9/gradcam/P9A-039/resnet18/seed_43/clean/annotation_overlay.png,figures/phase9/gradcam/P9A-039/resnet18/seed_43/clean/true_class_hide_craze_heatmap.png,figures/phase9/gradcam/P9A-039/resnet18/seed_43/clean/true_class_hide_craze_overlay.png
P9A-039,13_0,resnet18,43,brightness_severe,degraded,brightness_severe,true_class,5,hide_craze,hide_craze,hide_craze,layer4.1,1x512x7x7,dd928989b3e8c70e343a1599693aecd391d1272f445a2b2f5c3b9d0f3f6eeccd,320ce93b293e6b810c1c6e1c4e845a68443fcfaae24ca7875a0648c352c3e23f,frozen_imagenet_normalization_on_224x224_phase3_pixels,independent_per_map_minmax_after_relu,641bbaf80304d6157d763e73d460c26af64b78a2db29849a68fb72ec69e1e22f,True,0.0,1.0,figures/phase9/gradcam/P9A-039/resnet18/seed_43/degraded/input_rgb.png,figures/phase9/gradcam/P9A-039/resnet18/seed_43/degraded/annotation_overlay.png,figures/phase9/gradcam/P9A-039/resnet18/seed_43/degraded/true_class_hide_craze_heatmap.png,figures/phase9/gradcam/P9A-039/resnet18/seed_43/degraded/true_class_hide_craze_overlay.png
P9A-040,71_0,resnet18,43,brightness_severe,clean,clean,true_class,0,craze,craze,craze,layer4.1,1x512x7x7,dd928989b3e8c70e343a1599693aecd391d1272f445a2b2f5c3b9d0f3f6eeccd,320ce93b293e6b810c1c6e1c4e845a68443fcfaae24ca7875a0648c352c3e23f,frozen_imagenet_normalization_on_224x224_phase3_pixels,independent_per_map_minmax_after_relu,7935f2d8d55c37507199528cb099b4ccc4bfcb8b800670dd75f02185aafb8f40,True,0.0,1.0,figures/phase9/gradcam/P9A-040/resnet18/seed_43/clean/input_rgb.png,figures/phase9/gradcam/P9A-040/resnet18/seed_43/clean/annotation_overlay.png,figures/phase9/gradcam/P9A-040/resnet18/seed_43/clean/true_class_craze_heatmap.png,figures/phase9/gradcam/P9A-040/resnet18/seed_43/clean/true_class_craze_overlay.png
P9A-040,71_0,resnet18,43,brightness_severe,degraded,brightness_severe,true_class,0,craze,craze,craze,layer4.1,1x512x7x7,dd928989b3e8c70e343a1599693aecd391d1272f445a2b2f5c3b9d0f3f6eeccd,320ce93b293e6b810c1c6e1c4e845a68443fcfaae24ca7875a0648c352c3e23f,frozen_imagenet_normalization_on_224x224_phase3_pixels,independent_per_map_minmax_after_relu,70fb3e6b5faa820b7b1b0695cf5699fc9f65b1259758ec7ce10f6572e38d6851,True,0.0,1.0,figures/phase9/gradcam/P9A-040/resnet18/seed_43/degraded/input_rgb.png,figures/phase9/gradcam/P9A-040/resnet18/seed_43/degraded/annotation_overlay.png,figures/phase9/gradcam/P9A-040/resnet18/seed_43/degraded/true_class_craze_heatmap.png,figures/phase9/gradcam/P9A-040/resnet18/seed_43/degraded/true_class_craze_overlay.png
P9A-041,103_0,resnet18,43,brightness_severe,clean,clean,true_class,0,craze,craze,craze,layer4.1,1x512x7x7,dd928989b3e8c70e343a1599693aecd391d1272f445a2b2f5c3b9d0f3f6eeccd,320ce93b293e6b810c1c6e1c4e845a68443fcfaae24ca7875a0648c352c3e23f,frozen_imagenet_normalization_on_224x224_phase3_pixels,independent_per_map_minmax_after_relu,1e489c5d6df0645a270da499558f3aa1777f3e169042dc0b6dd119ed44ba9236,True,0.0,1.0,figures/phase9/gradcam/P9A-041/resnet18/seed_43/clean/input_rgb.png,figures/phase9/gradcam/P9A-041/resnet18/seed_43/clean/annotation_overlay.png,figures/phase9/gradcam/P9A-041/resnet18/seed_43/clean/true_class_craze_heatmap.png,figures/phase9/gradcam/P9A-041/resnet18/seed_43/clean/true_class_craze_overlay.png
P9A-041,103_0,resnet18,43,brightness_severe,degraded,brightness_severe,true_class,0,craze,craze,craze,layer4.1,1x512x7x7,dd928989b3e8c70e343a1599693aecd391d1272f445a2b2f5c3b9d0f3f6eeccd,320ce93b293e6b810c1c6e1c4e845a68443fcfaae24ca7875a0648c352c3e23f,frozen_imagenet_normalization_on_224x224_phase3_pixels,independent_per_map_minmax_after_relu,d9600ae12cad19d9a97b19d9d376ad551b8bd29a92dc1524b1667a3c159c41f4,True,0.0,1.0,figures/phase9/gradcam/P9A-041/resnet18/seed_43/degraded/input_rgb.png,figures/phase9/gradcam/P9A-041/resnet18/seed_43/degraded/annotation_overlay.png,figures/phase9/gradcam/P9A-041/resnet18/seed_43/degraded/true_class_craze_heatmap.png,figures/phase9/gradcam/P9A-041/resnet18/seed_43/degraded/true_class_craze_overlay.png
P9A-042,112_1,resnet18,43,brightness_severe,clean,clean,true_class,2,surface_injure,surface_injure,surface_injure,layer4.1,1x512x7x7,dd928989b3e8c70e343a1599693aecd391d1272f445a2b2f5c3b9d0f3f6eeccd,320ce93b293e6b810c1c6e1c4e845a68443fcfaae24ca7875a0648c352c3e23f,frozen_imagenet_normalization_on_224x224_phase3_pixels,independent_per_map_minmax_after_relu,041192166f6a061c76ff243b13598bd91024731f08b1f42b0b43e16564ad3e45,True,0.0,1.0,figures/phase9/gradcam/P9A-042/resnet18/seed_43/clean/input_rgb.png,figures/phase9/gradcam/P9A-042/resnet18/seed_43/clean/annotation_overlay.png,figures/phase9/gradcam/P9A-042/resnet18/seed_43/clean/true_class_surface_injure_heatmap.png,figures/phase9/gradcam/P9A-042/resnet18/seed_43/clean/true_class_surface_injure_overlay.png
P9A-042,112_1,resnet18,43,brightness_severe,degraded,brightness_severe,true_class,2,surface_injure,surface_injure,surface_injure,layer4.1,1x512x7x7,dd928989b3e8c70e343a1599693aecd391d1272f445a2b2f5c3b9d0f3f6eeccd,320ce93b293e6b810c1c6e1c4e845a68443fcfaae24ca7875a0648c352c3e23f,frozen_imagenet_normalization_on_224x224_phase3_pixels,independent_per_map_minmax_after_relu,0f0b383855ffbf82d615cd171d8a87238fb6316b1289ddca58329997cd99a0cf,True,0.0,1.0,figures/phase9/gradcam/P9A-042/resnet18/seed_43/degraded/input_rgb.png,figures/phase9/gradcam/P9A-042/resnet18/seed_43/degraded/annotation_overlay.png,figures/phase9/gradcam/P9A-042/resnet18/seed_43/degraded/true_class_surface_injure_heatmap.png,figures/phase9/gradcam/P9A-042/resnet18/seed_43/degraded/true_class_surface_injure_overlay.png
P9A-043,161_0,resnet18,43,brightness_severe,clean,clean,true_class,1,corrosion,corrosion,corrosion,layer4.1,1x512x7x7,dd928989b3e8c70e343a1599693aecd391d1272f445a2b2f5c3b9d0f3f6eeccd,320ce93b293e6b810c1c6e1c4e845a68443fcfaae24ca7875a0648c352c3e23f,frozen_imagenet_normalization_on_224x224_phase3_pixels,independent_per_map_minmax_after_relu,f32e3abbfbcac8f986df66b2e78c2ce54e124df1d5169af9c582b036ea5fe459,True,0.0,1.0,figures/phase9/gradcam/P9A-043/resnet18/seed_43/clean/input_rgb.png,figures/phase9/gradcam/P9A-043/resnet18/seed_43/clean/annotation_overlay.png,figures/phase9/gradcam/P9A-043/resnet18/seed_43/clean/true_class_corrosion_heatmap.png,figures/phase9/gradcam/P9A-043/resnet18/seed_43/clean/true_class_corrosion_overlay.png
P9A-043,161_0,resnet18,43,brightness_severe,degraded,brightness_severe,true_class,1,corrosion,corrosion,corrosion,layer4.1,1x512x7x7,dd928989b3e8c70e343a1599693aecd391d1272f445a2b2f5c3b9d0f3f6eeccd,320ce93b293e6b810c1c6e1c4e845a68443fcfaae24ca7875a0648c352c3e23f,frozen_imagenet_normalization_on_224x224_phase3_pixels,independent_per_map_minmax_after_relu,9456c95f8877b3377dfa240a03e7360df3ed13770d746c03c42524984aa86dd0,True,0.0,1.0,figures/phase9/gradcam/P9A-043/resnet18/seed_43/degraded/input_rgb.png,figures/phase9/gradcam/P9A-043/resnet18/seed_43/degraded/annotation_overlay.png,figures/phase9/gradcam/P9A-043/resnet18/seed_43/degraded/true_class_corrosion_heatmap.png,figures/phase9/gradcam/P9A-043/resnet18/seed_43/degraded/true_class_corrosion_overlay.png
P9A-044,250_0,resnet18,43,brightness_severe,clean,clean,true_class,4,crack,crack,crack,layer4.1,1x512x7x7,dd928989b3e8c70e343a1599693aecd391d1272f445a2b2f5c3b9d0f3f6eeccd,320ce93b293e6b810c1c6e1c4e845a68443fcfaae24ca7875a0648c352c3e23f,frozen_imagenet_normalization_on_224x224_phase3_pixels,independent_per_map_minmax_after_relu,5c7004f3c02f3676ef4168a6b3c8b435a91f9f65c0b8828689d58ad3032548dc,True,0.0,1.0,figures/phase9/gradcam/P9A-044/resnet18/seed_43/clean/input_rgb.png,figures/phase9/gradcam/P9A-044/resnet18/seed_43/clean/annotation_overlay.png,figures/phase9/gradcam/P9A-044/resnet18/seed_43/clean/true_class_crack_heatmap.png,figures/phase9/gradcam/P9A-044/resnet18/seed_43/clean/true_class_crack_overlay.png
P9A-044,250_0,resnet18,43,brightness_severe,degraded,brightness_severe,true_class,4,crack,crack,crack,layer4.1,1x512x7x7,dd928989b3e8c70e343a1599693aecd391d1272f445a2b2f5c3b9d0f3f6eeccd,320ce93b293e6b810c1c6e1c4e845a68443fcfaae24ca7875a0648c352c3e23f,frozen_imagenet_normalization_on_224x224_phase3_pixels,independent_per_map_minmax_after_relu,269a520f7f20e2821f343bbdf99c4f7b20bc5da955d9abc23fcd2c20d3275083,True,0.0,1.0,figures/phase9/gradcam/P9A-044/resnet18/seed_43/degraded/input_rgb.png,figures/phase9/gradcam/P9A-044/resnet18/seed_43/degraded/annotation_overlay.png,figures/phase9/gradcam/P9A-044/resnet18/seed_43/degraded/true_class_crack_heatmap.png,figures/phase9/gradcam/P9A-044/resnet18/seed_43/degraded/true_class_crack_overlay.png
P9A-045,322_0,resnet18,43,brightness_severe,clean,clean,true_class,1,corrosion,corrosion,corrosion,layer4.1,1x512x7x7,dd928989b3e8c70e343a1599693aecd391d1272f445a2b2f5c3b9d0f3f6eeccd,320ce93b293e6b810c1c6e1c4e845a68443fcfaae24ca7875a0648c352c3e23f,frozen_imagenet_normalization_on_224x224_phase3_pixels,independent_per_map_minmax_after_relu,e5be2a28c9fcdd3f574bb33afa1df526d6049a18bbfefd592b087b4fc2b406ba,True,0.0,1.0,figures/phase9/gradcam/P9A-045/resnet18/seed_43/clean/input_rgb.png,figures/phase9/gradcam/P9A-045/resnet18/seed_43/clean/annotation_overlay.png,figures/phase9/gradcam/P9A-045/resnet18/seed_43/clean/true_class_corrosion_heatmap.png,figures/phase9/gradcam/P9A-045/resnet18/seed_43/clean/true_class_corrosion_overlay.png
P9A-045,322_0,resnet18,43,brightness_severe,degraded,brightness_severe,true_class,1,corrosion,corrosion,corrosion,layer4.1,1x512x7x7,dd928989b3e8c70e343a1599693aecd391d1272f445a2b2f5c3b9d0f3f6eeccd,320ce93b293e6b810c1c6e1c4e845a68443fcfaae24ca7875a0648c352c3e23f,frozen_imagenet_normalization_on_224x224_phase3_pixels,independent_per_map_minmax_after_relu,b77d13ac6371eeee6208e259a4357d8a0b8512701ceccdd597850a8c948e1bef,True,0.0,1.0,figures/phase9/gradcam/P9A-045/resnet18/seed_43/degraded/input_rgb.png,figures/phase9/gradcam/P9A-045/resnet18/seed_43/degraded/annotation_overlay.png,figures/phase9/gradcam/P9A-045/resnet18/seed_43/degraded/true_class_corrosion_heatmap.png,figures/phase9/gradcam/P9A-045/resnet18/seed_43/degraded/true_class_corrosion_overlay.png
P9A-046,686_0,resnet18,43,brightness_severe,clean,clean,true_class,3,thunderstrike,thunderstrike,thunderstrike,layer4.1,1x512x7x7,dd928989b3e8c70e343a1599693aecd391d1272f445a2b2f5c3b9d0f3f6eeccd,320ce93b293e6b810c1c6e1c4e845a68443fcfaae24ca7875a0648c352c3e23f,frozen_imagenet_normalization_on_224x224_phase3_pixels,independent_per_map_minmax_after_relu,eb1c4ec17da6d06f6b28dbd384ea4d7fe0d24e6b936fd863cfaabf936f653144,True,0.0,1.0,figures/phase9/gradcam/P9A-046/resnet18/seed_43/clean/input_rgb.png,figures/phase9/gradcam/P9A-046/resnet18/seed_43/clean/annotation_overlay.png,figures/phase9/gradcam/P9A-046/resnet18/seed_43/clean/true_class_thunderstrike_heatmap.png,figures/phase9/gradcam/P9A-046/resnet18/seed_43/clean/true_class_thunderstrike_overlay.png
P9A-046,686_0,resnet18,43,brightness_severe,degraded,brightness_severe,true_class,3,thunderstrike,thunderstrike,thunderstrike,layer4.1,1x512x7x7,dd928989b3e8c70e343a1599693aecd391d1272f445a2b2f5c3b9d0f3f6eeccd,320ce93b293e6b810c1c6e1c4e845a68443fcfaae24ca7875a0648c352c3e23f,frozen_imagenet_normalization_on_224x224_phase3_pixels,independent_per_map_minmax_after_relu,d07ed7fadf033dcc2681a9c0227aed210d617ebe4f1c3a56519c30d97fa91967,True,0.0,1.0,figures/phase9/gradcam/P9A-046/resnet18/seed_43/degraded/input_rgb.png,figures/phase9/gradcam/P9A-046/resnet18/seed_43/degraded/annotation_overlay.png,figures/phase9/gradcam/P9A-046/resnet18/seed_43/degraded/true_class_thunderstrike_heatmap.png,figures/phase9/gradcam/P9A-046/resnet18/seed_43/degraded/true_class_thunderstrike_overlay.png
P9A-047,88_0,resnet18,43,gaussian_blur_moderate,clean,clean,true_class,4,crack,hide_craze,crack,layer4.1,1x512x7x7,dd928989b3e8c70e343a1599693aecd391d1272f445a2b2f5c3b9d0f3f6eeccd,320ce93b293e6b810c1c6e1c4e845a68443fcfaae24ca7875a0648c352c3e23f,frozen_imagenet_normalization_on_224x224_phase3_pixels,independent_per_map_minmax_after_relu,bf8b646ced4edf1cfa5fa1b411229a1657846b87f21cfa84e4dff2df1361e45c,True,0.0,1.0,figures/phase9/gradcam/P9A-047/resnet18/seed_43/clean/input_rgb.png,figures/phase9/gradcam/P9A-047/resnet18/seed_43/clean/annotation_overlay.png,figures/phase9/gradcam/P9A-047/resnet18/seed_43/clean/true_class_crack_heatmap.png,figures/phase9/gradcam/P9A-047/resnet18/seed_43/clean/true_class_crack_overlay.png
P9A-047,88_0,resnet18,43,gaussian_blur_moderate,clean,clean,predicted_class,5,hide_craze,hide_craze,crack,layer4.1,1x512x7x7,dd928989b3e8c70e343a1599693aecd391d1272f445a2b2f5c3b9d0f3f6eeccd,320ce93b293e6b810c1c6e1c4e845a68443fcfaae24ca7875a0648c352c3e23f,frozen_imagenet_normalization_on_224x224_phase3_pixels,independent_per_map_minmax_after_relu,4d35e462f8ac864b7eb82d2c42bb35ffe61a1e0785b274a08047256f0503c5cb,True,0.0,1.0,figures/phase9/gradcam/P9A-047/resnet18/seed_43/clean/input_rgb.png,figures/phase9/gradcam/P9A-047/resnet18/seed_43/clean/annotation_overlay.png,figures/phase9/gradcam/P9A-047/resnet18/seed_43/clean/predicted_class_hide_craze_heatmap.png,figures/phase9/gradcam/P9A-047/resnet18/seed_43/clean/predicted_class_hide_craze_overlay.png
P9A-047,88_0,resnet18,43,gaussian_blur_moderate,degraded,gaussian_blur_moderate,true_class,4,crack,crack,crack,layer4.1,1x512x7x7,dd928989b3e8c70e343a1599693aecd391d1272f445a2b2f5c3b9d0f3f6eeccd,320ce93b293e6b810c1c6e1c4e845a68443fcfaae24ca7875a0648c352c3e23f,frozen_imagenet_normalization_on_224x224_phase3_pixels,independent_per_map_minmax_after_relu,a53d589ff31c119b69b13e4603e35caf3744de895131e58e697f193d70596c6a,True,0.0,1.0,figures/phase9/gradcam/P9A-047/resnet18/seed_43/degraded/input_rgb.png,figures/phase9/gradcam/P9A-047/resnet18/seed_43/degraded/annotation_overlay.png,figures/phase9/gradcam/P9A-047/resnet18/seed_43/degraded/true_class_crack_heatmap.png,figures/phase9/gradcam/P9A-047/resnet18/seed_43/degraded/true_class_crack_overlay.png
P9A-048,142_0,resnet18,43,gaussian_blur_moderate,clean,clean,true_class,2,surface_injure,corrosion,surface_injure,layer4.1,1x512x7x7,dd928989b3e8c70e343a1599693aecd391d1272f445a2b2f5c3b9d0f3f6eeccd,320ce93b293e6b810c1c6e1c4e845a68443fcfaae24ca7875a0648c352c3e23f,frozen_imagenet_normalization_on_224x224_phase3_pixels,independent_per_map_minmax_after_relu,94a6fd2a3cb89ef020d52ebde3778d93714e993a158f7459cd8ce7a4823c5ece,True,0.0,1.0,figures/phase9/gradcam/P9A-048/resnet18/seed_43/clean/input_rgb.png,figures/phase9/gradcam/P9A-048/resnet18/seed_43/clean/annotation_overlay.png,figures/phase9/gradcam/P9A-048/resnet18/seed_43/clean/true_class_surface_injure_heatmap.png,figures/phase9/gradcam/P9A-048/resnet18/seed_43/clean/true_class_surface_injure_overlay.png
P9A-048,142_0,resnet18,43,gaussian_blur_moderate,clean,clean,predicted_class,1,corrosion,corrosion,surface_injure,layer4.1,1x512x7x7,dd928989b3e8c70e343a1599693aecd391d1272f445a2b2f5c3b9d0f3f6eeccd,320ce93b293e6b810c1c6e1c4e845a68443fcfaae24ca7875a0648c352c3e23f,frozen_imagenet_normalization_on_224x224_phase3_pixels,independent_per_map_minmax_after_relu,c6fe76440cc306e04866946d7ebfc56128f006eb77843ce07989b2d60ad1a0a0,True,0.0,1.0,figures/phase9/gradcam/P9A-048/resnet18/seed_43/clean/input_rgb.png,figures/phase9/gradcam/P9A-048/resnet18/seed_43/clean/annotation_overlay.png,figures/phase9/gradcam/P9A-048/resnet18/seed_43/clean/predicted_class_corrosion_heatmap.png,figures/phase9/gradcam/P9A-048/resnet18/seed_43/clean/predicted_class_corrosion_overlay.png
P9A-048,142_0,resnet18,43,gaussian_blur_moderate,degraded,gaussian_blur_moderate,true_class,2,surface_injure,surface_injure,surface_injure,layer4.1,1x512x7x7,dd928989b3e8c70e343a1599693aecd391d1272f445a2b2f5c3b9d0f3f6eeccd,320ce93b293e6b810c1c6e1c4e845a68443fcfaae24ca7875a0648c352c3e23f,frozen_imagenet_normalization_on_224x224_phase3_pixels,independent_per_map_minmax_after_relu,4a46bffad1256d83b1630a15f5074466fd2e4e3df754652e88a1ba8d336b25c1,True,0.0,1.0,figures/phase9/gradcam/P9A-048/resnet18/seed_43/degraded/input_rgb.png,figures/phase9/gradcam/P9A-048/resnet18/seed_43/degraded/annotation_overlay.png,figures/phase9/gradcam/P9A-048/resnet18/seed_43/degraded/true_class_surface_injure_heatmap.png,figures/phase9/gradcam/P9A-048/resnet18/seed_43/degraded/true_class_surface_injure_overlay.png
P9A-049,142_0,resnet18,43,gaussian_blur_severe,clean,clean,true_class,2,surface_injure,corrosion,surface_injure,layer4.1,1x512x7x7,dd928989b3e8c70e343a1599693aecd391d1272f445a2b2f5c3b9d0f3f6eeccd,320ce93b293e6b810c1c6e1c4e845a68443fcfaae24ca7875a0648c352c3e23f,frozen_imagenet_normalization_on_224x224_phase3_pixels,independent_per_map_minmax_after_relu,94a6fd2a3cb89ef020d52ebde3778d93714e993a158f7459cd8ce7a4823c5ece,True,0.0,1.0,figures/phase9/gradcam/P9A-049/resnet18/seed_43/clean/input_rgb.png,figures/phase9/gradcam/P9A-049/resnet18/seed_43/clean/annotation_overlay.png,figures/phase9/gradcam/P9A-049/resnet18/seed_43/clean/true_class_surface_injure_heatmap.png,figures/phase9/gradcam/P9A-049/resnet18/seed_43/clean/true_class_surface_injure_overlay.png
P9A-049,142_0,resnet18,43,gaussian_blur_severe,clean,clean,predicted_class,1,corrosion,corrosion,surface_injure,layer4.1,1x512x7x7,dd928989b3e8c70e343a1599693aecd391d1272f445a2b2f5c3b9d0f3f6eeccd,320ce93b293e6b810c1c6e1c4e845a68443fcfaae24ca7875a0648c352c3e23f,frozen_imagenet_normalization_on_224x224_phase3_pixels,independent_per_map_minmax_after_relu,c6fe76440cc306e04866946d7ebfc56128f006eb77843ce07989b2d60ad1a0a0,True,0.0,1.0,figures/phase9/gradcam/P9A-049/resnet18/seed_43/clean/input_rgb.png,figures/phase9/gradcam/P9A-049/resnet18/seed_43/clean/annotation_overlay.png,figures/phase9/gradcam/P9A-049/resnet18/seed_43/clean/predicted_class_corrosion_heatmap.png,figures/phase9/gradcam/P9A-049/resnet18/seed_43/clean/predicted_class_corrosion_overlay.png
P9A-049,142_0,resnet18,43,gaussian_blur_severe,degraded,gaussian_blur_severe,true_class,2,surface_injure,surface_injure,surface_injure,layer4.1,1x512x7x7,dd928989b3e8c70e343a1599693aecd391d1272f445a2b2f5c3b9d0f3f6eeccd,320ce93b293e6b810c1c6e1c4e845a68443fcfaae24ca7875a0648c352c3e23f,frozen_imagenet_normalization_on_224x224_phase3_pixels,independent_per_map_minmax_after_relu,fdb163214795495c7c6746fc6fe35eda6019b46bf77c23c139c0f56a60de02eb,True,0.0,1.0,figures/phase9/gradcam/P9A-049/resnet18/seed_43/degraded/input_rgb.png,figures/phase9/gradcam/P9A-049/resnet18/seed_43/degraded/annotation_overlay.png,figures/phase9/gradcam/P9A-049/resnet18/seed_43/degraded/true_class_surface_injure_heatmap.png,figures/phase9/gradcam/P9A-049/resnet18/seed_43/degraded/true_class_surface_injure_overlay.png
P9A-050,228_1,resnet18,43,brightness_severe,clean,clean,true_class,5,hide_craze,craze,hide_craze,layer4.1,1x512x7x7,dd928989b3e8c70e343a1599693aecd391d1272f445a2b2f5c3b9d0f3f6eeccd,320ce93b293e6b810c1c6e1c4e845a68443fcfaae24ca7875a0648c352c3e23f,frozen_imagenet_normalization_on_224x224_phase3_pixels,independent_per_map_minmax_after_relu,7d89ac603dc4c6fdf31082e9c92c4351bf00ee83277bd7733a4583975e528903,True,0.0,1.0,figures/phase9/gradcam/P9A-050/resnet18/seed_43/clean/input_rgb.png,figures/phase9/gradcam/P9A-050/resnet18/seed_43/clean/annotation_overlay.png,figures/phase9/gradcam/P9A-050/resnet18/seed_43/clean/true_class_hide_craze_heatmap.png,figures/phase9/gradcam/P9A-050/resnet18/seed_43/clean/true_class_hide_craze_overlay.png
P9A-050,228_1,resnet18,43,brightness_severe,clean,clean,predicted_class,0,craze,craze,hide_craze,layer4.1,1x512x7x7,dd928989b3e8c70e343a1599693aecd391d1272f445a2b2f5c3b9d0f3f6eeccd,320ce93b293e6b810c1c6e1c4e845a68443fcfaae24ca7875a0648c352c3e23f,frozen_imagenet_normalization_on_224x224_phase3_pixels,independent_per_map_minmax_after_relu,2fd46da8aca1e536cb0ead0eb08c09f00d2925ee9e40bfc61e8ac4a7eb9b97d7,True,0.0,1.0,figures/phase9/gradcam/P9A-050/resnet18/seed_43/clean/input_rgb.png,figures/phase9/gradcam/P9A-050/resnet18/seed_43/clean/annotation_overlay.png,figures/phase9/gradcam/P9A-050/resnet18/seed_43/clean/predicted_class_craze_heatmap.png,figures/phase9/gradcam/P9A-050/resnet18/seed_43/clean/predicted_class_craze_overlay.png
P9A-050,228_1,resnet18,43,brightness_severe,degraded,brightness_severe,true_class,5,hide_craze,hide_craze,hide_craze,layer4.1,1x512x7x7,dd928989b3e8c70e343a1599693aecd391d1272f445a2b2f5c3b9d0f3f6eeccd,320ce93b293e6b810c1c6e1c4e845a68443fcfaae24ca7875a0648c352c3e23f,frozen_imagenet_normalization_on_224x224_phase3_pixels,independent_per_map_minmax_after_relu,c29b600b0618abd7ba1b0571487d8a7fb8fd09ac32adf8c1ad3442583c1bd5d6,True,0.0,1.0,figures/phase9/gradcam/P9A-050/resnet18/seed_43/degraded/input_rgb.png,figures/phase9/gradcam/P9A-050/resnet18/seed_43/degraded/annotation_overlay.png,figures/phase9/gradcam/P9A-050/resnet18/seed_43/degraded/true_class_hide_craze_heatmap.png,figures/phase9/gradcam/P9A-050/resnet18/seed_43/degraded/true_class_hide_craze_overlay.png
P9A-053,46_0,resnet18,43,brightness_severe,clean,clean,true_class,1,corrosion,corrosion,corrosion,layer4.1,1x512x7x7,dd928989b3e8c70e343a1599693aecd391d1272f445a2b2f5c3b9d0f3f6eeccd,320ce93b293e6b810c1c6e1c4e845a68443fcfaae24ca7875a0648c352c3e23f,frozen_imagenet_normalization_on_224x224_phase3_pixels,independent_per_map_minmax_after_relu,9fa69c978c1b4d27c6283f20d7c833e5e5a6926c60d05533facea288c317c65d,True,0.0,1.0,figures/phase9/gradcam/P9A-053/resnet18/seed_43/clean/input_rgb.png,figures/phase9/gradcam/P9A-053/resnet18/seed_43/clean/annotation_overlay.png,figures/phase9/gradcam/P9A-053/resnet18/seed_43/clean/true_class_corrosion_heatmap.png,figures/phase9/gradcam/P9A-053/resnet18/seed_43/clean/true_class_corrosion_overlay.png
P9A-053,46_0,resnet18,43,brightness_severe,degraded,brightness_severe,true_class,1,corrosion,hide_craze,corrosion,layer4.1,1x512x7x7,dd928989b3e8c70e343a1599693aecd391d1272f445a2b2f5c3b9d0f3f6eeccd,320ce93b293e6b810c1c6e1c4e845a68443fcfaae24ca7875a0648c352c3e23f,frozen_imagenet_normalization_on_224x224_phase3_pixels,independent_per_map_minmax_after_relu,9715e004bed8a6f89a01fb7eabaa61a2c2d625bb682a95dd5b618e11ed4a0577,True,0.0,1.0,figures/phase9/gradcam/P9A-053/resnet18/seed_43/degraded/input_rgb.png,figures/phase9/gradcam/P9A-053/resnet18/seed_43/degraded/annotation_overlay.png,figures/phase9/gradcam/P9A-053/resnet18/seed_43/degraded/true_class_corrosion_heatmap.png,figures/phase9/gradcam/P9A-053/resnet18/seed_43/degraded/true_class_corrosion_overlay.png
P9A-053,46_0,resnet18,43,brightness_severe,degraded,brightness_severe,predicted_class,5,hide_craze,hide_craze,corrosion,layer4.1,1x512x7x7,dd928989b3e8c70e343a1599693aecd391d1272f445a2b2f5c3b9d0f3f6eeccd,320ce93b293e6b810c1c6e1c4e845a68443fcfaae24ca7875a0648c352c3e23f,frozen_imagenet_normalization_on_224x224_phase3_pixels,independent_per_map_minmax_after_relu,8281f417124f8481ce4dd3784e2765391aea1607d8344f4e16675fc1a3736a3d,True,0.0,1.0,figures/phase9/gradcam/P9A-053/resnet18/seed_43/degraded/input_rgb.png,figures/phase9/gradcam/P9A-053/resnet18/seed_43/degraded/annotation_overlay.png,figures/phase9/gradcam/P9A-053/resnet18/seed_43/degraded/predicted_class_hide_craze_heatmap.png,figures/phase9/gradcam/P9A-053/resnet18/seed_43/degraded/predicted_class_hide_craze_overlay.png
P9A-054,46_1,resnet18,43,brightness_severe,clean,clean,true_class,1,corrosion,corrosion,corrosion,layer4.1,1x512x7x7,dd928989b3e8c70e343a1599693aecd391d1272f445a2b2f5c3b9d0f3f6eeccd,320ce93b293e6b810c1c6e1c4e845a68443fcfaae24ca7875a0648c352c3e23f,frozen_imagenet_normalization_on_224x224_phase3_pixels,independent_per_map_minmax_after_relu,0cea0a333f539bfb9db0963a22a2aded86f1bc1c2f1db606f0d120d93f42658a,True,0.0,1.0,figures/phase9/gradcam/P9A-054/resnet18/seed_43/clean/input_rgb.png,figures/phase9/gradcam/P9A-054/resnet18/seed_43/clean/annotation_overlay.png,figures/phase9/gradcam/P9A-054/resnet18/seed_43/clean/true_class_corrosion_heatmap.png,figures/phase9/gradcam/P9A-054/resnet18/seed_43/clean/true_class_corrosion_overlay.png
P9A-054,46_1,resnet18,43,brightness_severe,degraded,brightness_severe,true_class,1,corrosion,hide_craze,corrosion,layer4.1,1x512x7x7,dd928989b3e8c70e343a1599693aecd391d1272f445a2b2f5c3b9d0f3f6eeccd,320ce93b293e6b810c1c6e1c4e845a68443fcfaae24ca7875a0648c352c3e23f,frozen_imagenet_normalization_on_224x224_phase3_pixels,independent_per_map_minmax_after_relu,7ebe518ee7838a99ba5b525811b69897654899535ad18b2c926fd47e9b5152bc,True,0.0,1.0,figures/phase9/gradcam/P9A-054/resnet18/seed_43/degraded/input_rgb.png,figures/phase9/gradcam/P9A-054/resnet18/seed_43/degraded/annotation_overlay.png,figures/phase9/gradcam/P9A-054/resnet18/seed_43/degraded/true_class_corrosion_heatmap.png,figures/phase9/gradcam/P9A-054/resnet18/seed_43/degraded/true_class_corrosion_overlay.png
P9A-054,46_1,resnet18,43,brightness_severe,degraded,brightness_severe,predicted_class,5,hide_craze,hide_craze,corrosion,layer4.1,1x512x7x7,dd928989b3e8c70e343a1599693aecd391d1272f445a2b2f5c3b9d0f3f6eeccd,320ce93b293e6b810c1c6e1c4e845a68443fcfaae24ca7875a0648c352c3e23f,frozen_imagenet_normalization_on_224x224_phase3_pixels,independent_per_map_minmax_after_relu,1cf90cb0825e0b74b3afa26cef2d5738f5589d26f3f8c7bfb4074df4a7f437b8,True,0.0,1.0,figures/phase9/gradcam/P9A-054/resnet18/seed_43/degraded/input_rgb.png,figures/phase9/gradcam/P9A-054/resnet18/seed_43/degraded/annotation_overlay.png,figures/phase9/gradcam/P9A-054/resnet18/seed_43/degraded/predicted_class_hide_craze_heatmap.png,figures/phase9/gradcam/P9A-054/resnet18/seed_43/degraded/predicted_class_hide_craze_overlay.png
P9A-055,48_0,resnet18,43,brightness_mild,clean,clean,true_class,2,surface_injure,craze,surface_injure,layer4.1,1x512x7x7,dd928989b3e8c70e343a1599693aecd391d1272f445a2b2f5c3b9d0f3f6eeccd,320ce93b293e6b810c1c6e1c4e845a68443fcfaae24ca7875a0648c352c3e23f,frozen_imagenet_normalization_on_224x224_phase3_pixels,independent_per_map_minmax_after_relu,e5379b49596eea5fb0ad82e6cde923fc2e4744d6d5efa9dfcf7c0a1e30b4d605,True,0.0,1.0,figures/phase9/gradcam/P9A-055/resnet18/seed_43/clean/input_rgb.png,figures/phase9/gradcam/P9A-055/resnet18/seed_43/clean/annotation_overlay.png,figures/phase9/gradcam/P9A-055/resnet18/seed_43/clean/true_class_surface_injure_heatmap.png,figures/phase9/gradcam/P9A-055/resnet18/seed_43/clean/true_class_surface_injure_overlay.png
P9A-055,48_0,resnet18,43,brightness_mild,clean,clean,predicted_class,0,craze,craze,surface_injure,layer4.1,1x512x7x7,dd928989b3e8c70e343a1599693aecd391d1272f445a2b2f5c3b9d0f3f6eeccd,320ce93b293e6b810c1c6e1c4e845a68443fcfaae24ca7875a0648c352c3e23f,frozen_imagenet_normalization_on_224x224_phase3_pixels,independent_per_map_minmax_after_relu,2e05078a385558fdb67de15543093c809f6e6763bdadaa6f0b3283d0dc187b7c,True,0.0,1.0,figures/phase9/gradcam/P9A-055/resnet18/seed_43/clean/input_rgb.png,figures/phase9/gradcam/P9A-055/resnet18/seed_43/clean/annotation_overlay.png,figures/phase9/gradcam/P9A-055/resnet18/seed_43/clean/predicted_class_craze_heatmap.png,figures/phase9/gradcam/P9A-055/resnet18/seed_43/clean/predicted_class_craze_overlay.png
P9A-055,48_0,resnet18,43,brightness_mild,degraded,brightness_mild,true_class,2,surface_injure,craze,surface_injure,layer4.1,1x512x7x7,dd928989b3e8c70e343a1599693aecd391d1272f445a2b2f5c3b9d0f3f6eeccd,320ce93b293e6b810c1c6e1c4e845a68443fcfaae24ca7875a0648c352c3e23f,frozen_imagenet_normalization_on_224x224_phase3_pixels,independent_per_map_minmax_after_relu,7cd935c95168ff387746bdd71bd4c829654cf7d98c6337dfb7dc4f046781eff9,True,0.0,1.0,figures/phase9/gradcam/P9A-055/resnet18/seed_43/degraded/input_rgb.png,figures/phase9/gradcam/P9A-055/resnet18/seed_43/degraded/annotation_overlay.png,figures/phase9/gradcam/P9A-055/resnet18/seed_43/degraded/true_class_surface_injure_heatmap.png,figures/phase9/gradcam/P9A-055/resnet18/seed_43/degraded/true_class_surface_injure_overlay.png
P9A-055,48_0,resnet18,43,brightness_mild,degraded,brightness_mild,predicted_class,0,craze,craze,surface_injure,layer4.1,1x512x7x7,dd928989b3e8c70e343a1599693aecd391d1272f445a2b2f5c3b9d0f3f6eeccd,320ce93b293e6b810c1c6e1c4e845a68443fcfaae24ca7875a0648c352c3e23f,frozen_imagenet_normalization_on_224x224_phase3_pixels,independent_per_map_minmax_after_relu,82551600fcbf43d57cd4d15f7e98861f16658f90bf470b87c7e793d7aa7d72a1,True,0.0,1.0,figures/phase9/gradcam/P9A-055/resnet18/seed_43/degraded/input_rgb.png,figures/phase9/gradcam/P9A-055/resnet18/seed_43/degraded/annotation_overlay.png,figures/phase9/gradcam/P9A-055/resnet18/seed_43/degraded/predicted_class_craze_heatmap.png,figures/phase9/gradcam/P9A-055/resnet18/seed_43/degraded/predicted_class_craze_overlay.png
P9A-056,51_0,resnet18,43,brightness_mild,clean,clean,true_class,0,craze,craze,craze,layer4.1,1x512x7x7,dd928989b3e8c70e343a1599693aecd391d1272f445a2b2f5c3b9d0f3f6eeccd,320ce93b293e6b810c1c6e1c4e845a68443fcfaae24ca7875a0648c352c3e23f,frozen_imagenet_normalization_on_224x224_phase3_pixels,independent_per_map_minmax_after_relu,3657cf3d1ec257889b470c72b2664752c3ed3daf8beb9392b7c5767c152edfe7,True,0.0,1.0,figures/phase9/gradcam/P9A-056/resnet18/seed_43/clean/input_rgb.png,figures/phase9/gradcam/P9A-056/resnet18/seed_43/clean/annotation_overlay.png,figures/phase9/gradcam/P9A-056/resnet18/seed_43/clean/true_class_craze_heatmap.png,figures/phase9/gradcam/P9A-056/resnet18/seed_43/clean/true_class_craze_overlay.png
P9A-056,51_0,resnet18,43,brightness_mild,degraded,brightness_mild,true_class,0,craze,craze,craze,layer4.1,1x512x7x7,dd928989b3e8c70e343a1599693aecd391d1272f445a2b2f5c3b9d0f3f6eeccd,320ce93b293e6b810c1c6e1c4e845a68443fcfaae24ca7875a0648c352c3e23f,frozen_imagenet_normalization_on_224x224_phase3_pixels,independent_per_map_minmax_after_relu,33e376b84b3036cdd1f91ee14a4e5818fe4166ea41f248b7c2ec22cd67dc328f,True,0.0,1.0,figures/phase9/gradcam/P9A-056/resnet18/seed_43/degraded/input_rgb.png,figures/phase9/gradcam/P9A-056/resnet18/seed_43/degraded/annotation_overlay.png,figures/phase9/gradcam/P9A-056/resnet18/seed_43/degraded/true_class_craze_heatmap.png,figures/phase9/gradcam/P9A-056/resnet18/seed_43/degraded/true_class_craze_overlay.png
P9A-057,51_0,resnet18,43,brightness_moderate,clean,clean,true_class,0,craze,craze,craze,layer4.1,1x512x7x7,dd928989b3e8c70e343a1599693aecd391d1272f445a2b2f5c3b9d0f3f6eeccd,320ce93b293e6b810c1c6e1c4e845a68443fcfaae24ca7875a0648c352c3e23f,frozen_imagenet_normalization_on_224x224_phase3_pixels,independent_per_map_minmax_after_relu,3657cf3d1ec257889b470c72b2664752c3ed3daf8beb9392b7c5767c152edfe7,True,0.0,1.0,figures/phase9/gradcam/P9A-057/resnet18/seed_43/clean/input_rgb.png,figures/phase9/gradcam/P9A-057/resnet18/seed_43/clean/annotation_overlay.png,figures/phase9/gradcam/P9A-057/resnet18/seed_43/clean/true_class_craze_heatmap.png,figures/phase9/gradcam/P9A-057/resnet18/seed_43/clean/true_class_craze_overlay.png
P9A-057,51_0,resnet18,43,brightness_moderate,degraded,brightness_moderate,true_class,0,craze,surface_injure,craze,layer4.1,1x512x7x7,dd928989b3e8c70e343a1599693aecd391d1272f445a2b2f5c3b9d0f3f6eeccd,320ce93b293e6b810c1c6e1c4e845a68443fcfaae24ca7875a0648c352c3e23f,frozen_imagenet_normalization_on_224x224_phase3_pixels,independent_per_map_minmax_after_relu,4627e4b702e89b82132cb56d4c2d6dc05b0dd2bd7dd5a1e8f043ddb8da57fae7,True,0.0,1.0,figures/phase9/gradcam/P9A-057/resnet18/seed_43/degraded/input_rgb.png,figures/phase9/gradcam/P9A-057/resnet18/seed_43/degraded/annotation_overlay.png,figures/phase9/gradcam/P9A-057/resnet18/seed_43/degraded/true_class_craze_heatmap.png,figures/phase9/gradcam/P9A-057/resnet18/seed_43/degraded/true_class_craze_overlay.png
P9A-057,51_0,resnet18,43,brightness_moderate,degraded,brightness_moderate,predicted_class,2,surface_injure,surface_injure,craze,layer4.1,1x512x7x7,dd928989b3e8c70e343a1599693aecd391d1272f445a2b2f5c3b9d0f3f6eeccd,320ce93b293e6b810c1c6e1c4e845a68443fcfaae24ca7875a0648c352c3e23f,frozen_imagenet_normalization_on_224x224_phase3_pixels,independent_per_map_minmax_after_relu,c59fd619951963f32805788a49f3722d86dbbd6a11643984c7a8fe05a60a8b64,True,0.0,1.0,figures/phase9/gradcam/P9A-057/resnet18/seed_43/degraded/input_rgb.png,figures/phase9/gradcam/P9A-057/resnet18/seed_43/degraded/annotation_overlay.png,figures/phase9/gradcam/P9A-057/resnet18/seed_43/degraded/predicted_class_surface_injure_heatmap.png,figures/phase9/gradcam/P9A-057/resnet18/seed_43/degraded/predicted_class_surface_injure_overlay.png
P9A-058,54_0,resnet18,43,brightness_severe,clean,clean,true_class,5,hide_craze,hide_craze,hide_craze,layer4.1,1x512x7x7,dd928989b3e8c70e343a1599693aecd391d1272f445a2b2f5c3b9d0f3f6eeccd,320ce93b293e6b810c1c6e1c4e845a68443fcfaae24ca7875a0648c352c3e23f,frozen_imagenet_normalization_on_224x224_phase3_pixels,independent_per_map_minmax_after_relu,89ac1ef07381b51163587ebf9296846a2b0949484888ee810cfdaef676aa51a6,True,0.0,1.0,figures/phase9/gradcam/P9A-058/resnet18/seed_43/clean/input_rgb.png,figures/phase9/gradcam/P9A-058/resnet18/seed_43/clean/annotation_overlay.png,figures/phase9/gradcam/P9A-058/resnet18/seed_43/clean/true_class_hide_craze_heatmap.png,figures/phase9/gradcam/P9A-058/resnet18/seed_43/clean/true_class_hide_craze_overlay.png
P9A-058,54_0,resnet18,43,brightness_severe,degraded,brightness_severe,true_class,5,hide_craze,hide_craze,hide_craze,layer4.1,1x512x7x7,dd928989b3e8c70e343a1599693aecd391d1272f445a2b2f5c3b9d0f3f6eeccd,320ce93b293e6b810c1c6e1c4e845a68443fcfaae24ca7875a0648c352c3e23f,frozen_imagenet_normalization_on_224x224_phase3_pixels,independent_per_map_minmax_after_relu,a729be475d4c5896e829f23cbb5464f8ac2716bbdb736baed2b4625a9b806c1a,True,0.0,1.0,figures/phase9/gradcam/P9A-058/resnet18/seed_43/degraded/input_rgb.png,figures/phase9/gradcam/P9A-058/resnet18/seed_43/degraded/annotation_overlay.png,figures/phase9/gradcam/P9A-058/resnet18/seed_43/degraded/true_class_hide_craze_heatmap.png,figures/phase9/gradcam/P9A-058/resnet18/seed_43/degraded/true_class_hide_craze_overlay.png
P9A-059,88_0,resnet18,43,brightness_mild,clean,clean,true_class,4,crack,hide_craze,crack,layer4.1,1x512x7x7,dd928989b3e8c70e343a1599693aecd391d1272f445a2b2f5c3b9d0f3f6eeccd,320ce93b293e6b810c1c6e1c4e845a68443fcfaae24ca7875a0648c352c3e23f,frozen_imagenet_normalization_on_224x224_phase3_pixels,independent_per_map_minmax_after_relu,bf8b646ced4edf1cfa5fa1b411229a1657846b87f21cfa84e4dff2df1361e45c,True,0.0,1.0,figures/phase9/gradcam/P9A-059/resnet18/seed_43/clean/input_rgb.png,figures/phase9/gradcam/P9A-059/resnet18/seed_43/clean/annotation_overlay.png,figures/phase9/gradcam/P9A-059/resnet18/seed_43/clean/true_class_crack_heatmap.png,figures/phase9/gradcam/P9A-059/resnet18/seed_43/clean/true_class_crack_overlay.png
P9A-059,88_0,resnet18,43,brightness_mild,clean,clean,predicted_class,5,hide_craze,hide_craze,crack,layer4.1,1x512x7x7,dd928989b3e8c70e343a1599693aecd391d1272f445a2b2f5c3b9d0f3f6eeccd,320ce93b293e6b810c1c6e1c4e845a68443fcfaae24ca7875a0648c352c3e23f,frozen_imagenet_normalization_on_224x224_phase3_pixels,independent_per_map_minmax_after_relu,4d35e462f8ac864b7eb82d2c42bb35ffe61a1e0785b274a08047256f0503c5cb,True,0.0,1.0,figures/phase9/gradcam/P9A-059/resnet18/seed_43/clean/input_rgb.png,figures/phase9/gradcam/P9A-059/resnet18/seed_43/clean/annotation_overlay.png,figures/phase9/gradcam/P9A-059/resnet18/seed_43/clean/predicted_class_hide_craze_heatmap.png,figures/phase9/gradcam/P9A-059/resnet18/seed_43/clean/predicted_class_hide_craze_overlay.png
P9A-059,88_0,resnet18,43,brightness_mild,degraded,brightness_mild,true_class,4,crack,hide_craze,crack,layer4.1,1x512x7x7,dd928989b3e8c70e343a1599693aecd391d1272f445a2b2f5c3b9d0f3f6eeccd,320ce93b293e6b810c1c6e1c4e845a68443fcfaae24ca7875a0648c352c3e23f,frozen_imagenet_normalization_on_224x224_phase3_pixels,independent_per_map_minmax_after_relu,f3a6da0bd7bb28ad137da8c25639d13bd2809cfa5d6beed3a50a8c26c08d6459,True,0.0,1.0,figures/phase9/gradcam/P9A-059/resnet18/seed_43/degraded/input_rgb.png,figures/phase9/gradcam/P9A-059/resnet18/seed_43/degraded/annotation_overlay.png,figures/phase9/gradcam/P9A-059/resnet18/seed_43/degraded/true_class_crack_heatmap.png,figures/phase9/gradcam/P9A-059/resnet18/seed_43/degraded/true_class_crack_overlay.png
P9A-059,88_0,resnet18,43,brightness_mild,degraded,brightness_mild,predicted_class,5,hide_craze,hide_craze,crack,layer4.1,1x512x7x7,dd928989b3e8c70e343a1599693aecd391d1272f445a2b2f5c3b9d0f3f6eeccd,320ce93b293e6b810c1c6e1c4e845a68443fcfaae24ca7875a0648c352c3e23f,frozen_imagenet_normalization_on_224x224_phase3_pixels,independent_per_map_minmax_after_relu,d609e8e1e72d485c2112791869f4355ce1af014e6ac4b4a2892dcf2b38ae76a9,True,0.0,1.0,figures/phase9/gradcam/P9A-059/resnet18/seed_43/degraded/input_rgb.png,figures/phase9/gradcam/P9A-059/resnet18/seed_43/degraded/annotation_overlay.png,figures/phase9/gradcam/P9A-059/resnet18/seed_43/degraded/predicted_class_hide_craze_heatmap.png,figures/phase9/gradcam/P9A-059/resnet18/seed_43/degraded/predicted_class_hide_craze_overlay.png
P9A-060,112_0,resnet18,43,brightness_mild,clean,clean,true_class,3,thunderstrike,thunderstrike,thunderstrike,layer4.1,1x512x7x7,dd928989b3e8c70e343a1599693aecd391d1272f445a2b2f5c3b9d0f3f6eeccd,320ce93b293e6b810c1c6e1c4e845a68443fcfaae24ca7875a0648c352c3e23f,frozen_imagenet_normalization_on_224x224_phase3_pixels,independent_per_map_minmax_after_relu,92e61ee969b3175c73608ff383ded91a785fdb95d084973d4cfad3db4237f501,True,0.0,1.0,figures/phase9/gradcam/P9A-060/resnet18/seed_43/clean/input_rgb.png,figures/phase9/gradcam/P9A-060/resnet18/seed_43/clean/annotation_overlay.png,figures/phase9/gradcam/P9A-060/resnet18/seed_43/clean/true_class_thunderstrike_heatmap.png,figures/phase9/gradcam/P9A-060/resnet18/seed_43/clean/true_class_thunderstrike_overlay.png
P9A-060,112_0,resnet18,43,brightness_mild,degraded,brightness_mild,true_class,3,thunderstrike,surface_injure,thunderstrike,layer4.1,1x512x7x7,dd928989b3e8c70e343a1599693aecd391d1272f445a2b2f5c3b9d0f3f6eeccd,320ce93b293e6b810c1c6e1c4e845a68443fcfaae24ca7875a0648c352c3e23f,frozen_imagenet_normalization_on_224x224_phase3_pixels,independent_per_map_minmax_after_relu,d6f386e49bc146d63afa651f3d2389f6f532365083fe04684ca8b9c1d9c0c736,True,0.0,1.0,figures/phase9/gradcam/P9A-060/resnet18/seed_43/degraded/input_rgb.png,figures/phase9/gradcam/P9A-060/resnet18/seed_43/degraded/annotation_overlay.png,figures/phase9/gradcam/P9A-060/resnet18/seed_43/degraded/true_class_thunderstrike_heatmap.png,figures/phase9/gradcam/P9A-060/resnet18/seed_43/degraded/true_class_thunderstrike_overlay.png
P9A-060,112_0,resnet18,43,brightness_mild,degraded,brightness_mild,predicted_class,2,surface_injure,surface_injure,thunderstrike,layer4.1,1x512x7x7,dd928989b3e8c70e343a1599693aecd391d1272f445a2b2f5c3b9d0f3f6eeccd,320ce93b293e6b810c1c6e1c4e845a68443fcfaae24ca7875a0648c352c3e23f,frozen_imagenet_normalization_on_224x224_phase3_pixels,independent_per_map_minmax_after_relu,3e4711a030dd1fcf73bbcdc03e29815d8ea392152b6c84d9fbe4d9d954e233d9,True,0.0,1.0,figures/phase9/gradcam/P9A-060/resnet18/seed_43/degraded/input_rgb.png,figures/phase9/gradcam/P9A-060/resnet18/seed_43/degraded/annotation_overlay.png,figures/phase9/gradcam/P9A-060/resnet18/seed_43/degraded/predicted_class_surface_injure_heatmap.png,figures/phase9/gradcam/P9A-060/resnet18/seed_43/degraded/predicted_class_surface_injure_overlay.png
P9A-002,51_0,mobilenet_v3_small,17,clean,clean,clean,true_class,0,craze,surface_injure,craze,features.12,1x576x7x7,9c7a5f18e7d05a320e1296c73bbeb9366636e0e55dc7c6ff2bab6d8808a0e5a5,3c17629d1b1748e2f3d9046cb9a3d88c6369786acc1381f105974396c0f46757,frozen_imagenet_normalization_on_224x224_phase3_pixels,independent_per_map_minmax_after_relu,c8924a373e2a4e829dc963f4529e22a5c34fa49a08dc05edea97f212abec38c1,True,0.0,1.0,figures/phase9/gradcam/P9A-002/mobilenet_v3_small/seed_17/clean/input_rgb.png,figures/phase9/gradcam/P9A-002/mobilenet_v3_small/seed_17/clean/annotation_overlay.png,figures/phase9/gradcam/P9A-002/mobilenet_v3_small/seed_17/clean/true_class_craze_heatmap.png,figures/phase9/gradcam/P9A-002/mobilenet_v3_small/seed_17/clean/true_class_craze_overlay.png
P9A-002,51_0,mobilenet_v3_small,17,clean,clean,clean,predicted_class,2,surface_injure,surface_injure,craze,features.12,1x576x7x7,9c7a5f18e7d05a320e1296c73bbeb9366636e0e55dc7c6ff2bab6d8808a0e5a5,3c17629d1b1748e2f3d9046cb9a3d88c6369786acc1381f105974396c0f46757,frozen_imagenet_normalization_on_224x224_phase3_pixels,independent_per_map_minmax_after_relu,ddf011cc33b282c9a3a49d26dc001ab9cf9956bb54cf9f5e946a4edb93675bf6,True,0.0,1.0,figures/phase9/gradcam/P9A-002/mobilenet_v3_small/seed_17/clean/input_rgb.png,figures/phase9/gradcam/P9A-002/mobilenet_v3_small/seed_17/clean/annotation_overlay.png,figures/phase9/gradcam/P9A-002/mobilenet_v3_small/seed_17/clean/predicted_class_surface_injure_heatmap.png,figures/phase9/gradcam/P9A-002/mobilenet_v3_small/seed_17/clean/predicted_class_surface_injure_overlay.png
P9A-003,57_0,mobilenet_v3_small,17,clean,clean,clean,true_class,0,craze,corrosion,craze,features.12,1x576x7x7,9c7a5f18e7d05a320e1296c73bbeb9366636e0e55dc7c6ff2bab6d8808a0e5a5,3c17629d1b1748e2f3d9046cb9a3d88c6369786acc1381f105974396c0f46757,frozen_imagenet_normalization_on_224x224_phase3_pixels,independent_per_map_minmax_after_relu,d87ee83080687e856ad4503a9e7bf1dabd71b8a1ecb6fc45d5649a1f02de7168,True,0.0,1.0,figures/phase9/gradcam/P9A-003/mobilenet_v3_small/seed_17/clean/input_rgb.png,figures/phase9/gradcam/P9A-003/mobilenet_v3_small/seed_17/clean/annotation_overlay.png,figures/phase9/gradcam/P9A-003/mobilenet_v3_small/seed_17/clean/true_class_craze_heatmap.png,figures/phase9/gradcam/P9A-003/mobilenet_v3_small/seed_17/clean/true_class_craze_overlay.png
P9A-003,57_0,mobilenet_v3_small,17,clean,clean,clean,predicted_class,1,corrosion,corrosion,craze,features.12,1x576x7x7,9c7a5f18e7d05a320e1296c73bbeb9366636e0e55dc7c6ff2bab6d8808a0e5a5,3c17629d1b1748e2f3d9046cb9a3d88c6369786acc1381f105974396c0f46757,frozen_imagenet_normalization_on_224x224_phase3_pixels,independent_per_map_minmax_after_relu,577ebe4a8994de9721c90cc528d011aa5191fc31df97663433104bbfe9f46c24,True,0.0,1.0,figures/phase9/gradcam/P9A-003/mobilenet_v3_small/seed_17/clean/input_rgb.png,figures/phase9/gradcam/P9A-003/mobilenet_v3_small/seed_17/clean/annotation_overlay.png,figures/phase9/gradcam/P9A-003/mobilenet_v3_small/seed_17/clean/predicted_class_corrosion_heatmap.png,figures/phase9/gradcam/P9A-003/mobilenet_v3_small/seed_17/clean/predicted_class_corrosion_overlay.png
P9A-006,255_0,mobilenet_v3_small,17,clean,clean,clean,true_class,2,surface_injure,corrosion,surface_injure,features.12,1x576x7x7,9c7a5f18e7d05a320e1296c73bbeb9366636e0e55dc7c6ff2bab6d8808a0e5a5,3c17629d1b1748e2f3d9046cb9a3d88c6369786acc1381f105974396c0f46757,frozen_imagenet_normalization_on_224x224_phase3_pixels,independent_per_map_minmax_after_relu,1baa8967dc443f1451cbde3f8b1fe928e74c22e361f37f80e195b1f8c5971e78,True,0.0,1.0,figures/phase9/gradcam/P9A-006/mobilenet_v3_small/seed_17/clean/input_rgb.png,figures/phase9/gradcam/P9A-006/mobilenet_v3_small/seed_17/clean/annotation_overlay.png,figures/phase9/gradcam/P9A-006/mobilenet_v3_small/seed_17/clean/true_class_surface_injure_heatmap.png,figures/phase9/gradcam/P9A-006/mobilenet_v3_small/seed_17/clean/true_class_surface_injure_overlay.png
P9A-006,255_0,mobilenet_v3_small,17,clean,clean,clean,predicted_class,1,corrosion,corrosion,surface_injure,features.12,1x576x7x7,9c7a5f18e7d05a320e1296c73bbeb9366636e0e55dc7c6ff2bab6d8808a0e5a5,3c17629d1b1748e2f3d9046cb9a3d88c6369786acc1381f105974396c0f46757,frozen_imagenet_normalization_on_224x224_phase3_pixels,independent_per_map_minmax_after_relu,2999be8b47f6102c06083fe2251e3925a79239b181ac5294c022ac29500c9f6a,True,0.0,1.0,figures/phase9/gradcam/P9A-006/mobilenet_v3_small/seed_17/clean/input_rgb.png,figures/phase9/gradcam/P9A-006/mobilenet_v3_small/seed_17/clean/annotation_overlay.png,figures/phase9/gradcam/P9A-006/mobilenet_v3_small/seed_17/clean/predicted_class_corrosion_heatmap.png,figures/phase9/gradcam/P9A-006/mobilenet_v3_small/seed_17/clean/predicted_class_corrosion_overlay.png
P9A-008,464_1,mobilenet_v3_small,17,clean,clean,clean,true_class,5,hide_craze,surface_injure,hide_craze,features.12,1x576x7x7,9c7a5f18e7d05a320e1296c73bbeb9366636e0e55dc7c6ff2bab6d8808a0e5a5,3c17629d1b1748e2f3d9046cb9a3d88c6369786acc1381f105974396c0f46757,frozen_imagenet_normalization_on_224x224_phase3_pixels,independent_per_map_minmax_after_relu,77a156fc301c6c802b1ac8471cfc5450864dea5278c98ae31b8445bb0b770630,True,0.0,1.0,figures/phase9/gradcam/P9A-008/mobilenet_v3_small/seed_17/clean/input_rgb.png,figures/phase9/gradcam/P9A-008/mobilenet_v3_small/seed_17/clean/annotation_overlay.png,figures/phase9/gradcam/P9A-008/mobilenet_v3_small/seed_17/clean/true_class_hide_craze_heatmap.png,figures/phase9/gradcam/P9A-008/mobilenet_v3_small/seed_17/clean/true_class_hide_craze_overlay.png
P9A-008,464_1,mobilenet_v3_small,17,clean,clean,clean,predicted_class,2,surface_injure,surface_injure,hide_craze,features.12,1x576x7x7,9c7a5f18e7d05a320e1296c73bbeb9366636e0e55dc7c6ff2bab6d8808a0e5a5,3c17629d1b1748e2f3d9046cb9a3d88c6369786acc1381f105974396c0f46757,frozen_imagenet_normalization_on_224x224_phase3_pixels,independent_per_map_minmax_after_relu,462d0a76201238f10cf7e0bb34c1255e2e18ccacf34505e6730ac7ad23390c86,True,0.0,1.0,figures/phase9/gradcam/P9A-008/mobilenet_v3_small/seed_17/clean/input_rgb.png,figures/phase9/gradcam/P9A-008/mobilenet_v3_small/seed_17/clean/annotation_overlay.png,figures/phase9/gradcam/P9A-008/mobilenet_v3_small/seed_17/clean/predicted_class_surface_injure_heatmap.png,figures/phase9/gradcam/P9A-008/mobilenet_v3_small/seed_17/clean/predicted_class_surface_injure_overlay.png
P9A-020,209_0,mobilenet_v3_small,17,gaussian_blur_severe,clean,clean,true_class,5,hide_craze,hide_craze,hide_craze,features.12,1x576x7x7,9c7a5f18e7d05a320e1296c73bbeb9366636e0e55dc7c6ff2bab6d8808a0e5a5,3c17629d1b1748e2f3d9046cb9a3d88c6369786acc1381f105974396c0f46757,frozen_imagenet_normalization_on_224x224_phase3_pixels,independent_per_map_minmax_after_relu,09354cc679eb3910c8755f32d15a358faddb100f9cff877c06b86404e4f7c4d8,True,0.0,1.0,figures/phase9/gradcam/P9A-020/mobilenet_v3_small/seed_17/clean/input_rgb.png,figures/phase9/gradcam/P9A-020/mobilenet_v3_small/seed_17/clean/annotation_overlay.png,figures/phase9/gradcam/P9A-020/mobilenet_v3_small/seed_17/clean/true_class_hide_craze_heatmap.png,figures/phase9/gradcam/P9A-020/mobilenet_v3_small/seed_17/clean/true_class_hide_craze_overlay.png
P9A-020,209_0,mobilenet_v3_small,17,gaussian_blur_severe,degraded,gaussian_blur_severe,true_class,5,hide_craze,surface_injure,hide_craze,features.12,1x576x7x7,9c7a5f18e7d05a320e1296c73bbeb9366636e0e55dc7c6ff2bab6d8808a0e5a5,3c17629d1b1748e2f3d9046cb9a3d88c6369786acc1381f105974396c0f46757,frozen_imagenet_normalization_on_224x224_phase3_pixels,independent_per_map_minmax_after_relu,7e7200fc8e290f2915468cf9410e40db00a7dff152a723c68453997879b8aceb,True,0.0,1.0,figures/phase9/gradcam/P9A-020/mobilenet_v3_small/seed_17/degraded/input_rgb.png,figures/phase9/gradcam/P9A-020/mobilenet_v3_small/seed_17/degraded/annotation_overlay.png,figures/phase9/gradcam/P9A-020/mobilenet_v3_small/seed_17/degraded/true_class_hide_craze_heatmap.png,figures/phase9/gradcam/P9A-020/mobilenet_v3_small/seed_17/degraded/true_class_hide_craze_overlay.png
P9A-020,209_0,mobilenet_v3_small,17,gaussian_blur_severe,degraded,gaussian_blur_severe,predicted_class,2,surface_injure,surface_injure,hide_craze,features.12,1x576x7x7,9c7a5f18e7d05a320e1296c73bbeb9366636e0e55dc7c6ff2bab6d8808a0e5a5,3c17629d1b1748e2f3d9046cb9a3d88c6369786acc1381f105974396c0f46757,frozen_imagenet_normalization_on_224x224_phase3_pixels,independent_per_map_minmax_after_relu,1f49ee0c4beca6ac1b1c4c35d1991e5c9933b3ba128f1f8d51e2221359862c2f,True,0.0,1.0,figures/phase9/gradcam/P9A-020/mobilenet_v3_small/seed_17/degraded/input_rgb.png,figures/phase9/gradcam/P9A-020/mobilenet_v3_small/seed_17/degraded/annotation_overlay.png,figures/phase9/gradcam/P9A-020/mobilenet_v3_small/seed_17/degraded/predicted_class_surface_injure_heatmap.png,figures/phase9/gradcam/P9A-020/mobilenet_v3_small/seed_17/degraded/predicted_class_surface_injure_overlay.png
P9A-032,51_0,mobilenet_v3_small,17,brightness_severe,clean,clean,true_class,0,craze,surface_injure,craze,features.12,1x576x7x7,9c7a5f18e7d05a320e1296c73bbeb9366636e0e55dc7c6ff2bab6d8808a0e5a5,3c17629d1b1748e2f3d9046cb9a3d88c6369786acc1381f105974396c0f46757,frozen_imagenet_normalization_on_224x224_phase3_pixels,independent_per_map_minmax_after_relu,c8924a373e2a4e829dc963f4529e22a5c34fa49a08dc05edea97f212abec38c1,True,0.0,1.0,figures/phase9/gradcam/P9A-032/mobilenet_v3_small/seed_17/clean/input_rgb.png,figures/phase9/gradcam/P9A-032/mobilenet_v3_small/seed_17/clean/annotation_overlay.png,figures/phase9/gradcam/P9A-032/mobilenet_v3_small/seed_17/clean/true_class_craze_heatmap.png,figures/phase9/gradcam/P9A-032/mobilenet_v3_small/seed_17/clean/true_class_craze_overlay.png
P9A-032,51_0,mobilenet_v3_small,17,brightness_severe,clean,clean,predicted_class,2,surface_injure,surface_injure,craze,features.12,1x576x7x7,9c7a5f18e7d05a320e1296c73bbeb9366636e0e55dc7c6ff2bab6d8808a0e5a5,3c17629d1b1748e2f3d9046cb9a3d88c6369786acc1381f105974396c0f46757,frozen_imagenet_normalization_on_224x224_phase3_pixels,independent_per_map_minmax_after_relu,ddf011cc33b282c9a3a49d26dc001ab9cf9956bb54cf9f5e946a4edb93675bf6,True,0.0,1.0,figures/phase9/gradcam/P9A-032/mobilenet_v3_small/seed_17/clean/input_rgb.png,figures/phase9/gradcam/P9A-032/mobilenet_v3_small/seed_17/clean/annotation_overlay.png,figures/phase9/gradcam/P9A-032/mobilenet_v3_small/seed_17/clean/predicted_class_surface_injure_heatmap.png,figures/phase9/gradcam/P9A-032/mobilenet_v3_small/seed_17/clean/predicted_class_surface_injure_overlay.png
P9A-032,51_0,mobilenet_v3_small,17,brightness_severe,degraded,brightness_severe,true_class,0,craze,surface_injure,craze,features.12,1x576x7x7,9c7a5f18e7d05a320e1296c73bbeb9366636e0e55dc7c6ff2bab6d8808a0e5a5,3c17629d1b1748e2f3d9046cb9a3d88c6369786acc1381f105974396c0f46757,frozen_imagenet_normalization_on_224x224_phase3_pixels,independent_per_map_minmax_after_relu,60c47442fdf56c85ae14544fc25642024a07c860951efd827512205ab5fef6a8,True,0.0,1.0,figures/phase9/gradcam/P9A-032/mobilenet_v3_small/seed_17/degraded/input_rgb.png,figures/phase9/gradcam/P9A-032/mobilenet_v3_small/seed_17/degraded/annotation_overlay.png,figures/phase9/gradcam/P9A-032/mobilenet_v3_small/seed_17/degraded/true_class_craze_heatmap.png,figures/phase9/gradcam/P9A-032/mobilenet_v3_small/seed_17/degraded/true_class_craze_overlay.png
P9A-032,51_0,mobilenet_v3_small,17,brightness_severe,degraded,brightness_severe,predicted_class,2,surface_injure,surface_injure,craze,features.12,1x576x7x7,9c7a5f18e7d05a320e1296c73bbeb9366636e0e55dc7c6ff2bab6d8808a0e5a5,3c17629d1b1748e2f3d9046cb9a3d88c6369786acc1381f105974396c0f46757,frozen_imagenet_normalization_on_224x224_phase3_pixels,independent_per_map_minmax_after_relu,988427c25459f5407654ee24cecd4037eb102b881a98d25111cec6c0827b5658,True,0.0,1.0,figures/phase9/gradcam/P9A-032/mobilenet_v3_small/seed_17/degraded/input_rgb.png,figures/phase9/gradcam/P9A-032/mobilenet_v3_small/seed_17/degraded/annotation_overlay.png,figures/phase9/gradcam/P9A-032/mobilenet_v3_small/seed_17/degraded/predicted_class_surface_injure_heatmap.png,figures/phase9/gradcam/P9A-032/mobilenet_v3_small/seed_17/degraded/predicted_class_surface_injure_overlay.png
P9A-037,464_1,mobilenet_v3_small,17,gaussian_blur_severe,clean,clean,true_class,5,hide_craze,surface_injure,hide_craze,features.12,1x576x7x7,9c7a5f18e7d05a320e1296c73bbeb9366636e0e55dc7c6ff2bab6d8808a0e5a5,3c17629d1b1748e2f3d9046cb9a3d88c6369786acc1381f105974396c0f46757,frozen_imagenet_normalization_on_224x224_phase3_pixels,independent_per_map_minmax_after_relu,77a156fc301c6c802b1ac8471cfc5450864dea5278c98ae31b8445bb0b770630,True,0.0,1.0,figures/phase9/gradcam/P9A-037/mobilenet_v3_small/seed_17/clean/input_rgb.png,figures/phase9/gradcam/P9A-037/mobilenet_v3_small/seed_17/clean/annotation_overlay.png,figures/phase9/gradcam/P9A-037/mobilenet_v3_small/seed_17/clean/true_class_hide_craze_heatmap.png,figures/phase9/gradcam/P9A-037/mobilenet_v3_small/seed_17/clean/true_class_hide_craze_overlay.png
P9A-037,464_1,mobilenet_v3_small,17,gaussian_blur_severe,clean,clean,predicted_class,2,surface_injure,surface_injure,hide_craze,features.12,1x576x7x7,9c7a5f18e7d05a320e1296c73bbeb9366636e0e55dc7c6ff2bab6d8808a0e5a5,3c17629d1b1748e2f3d9046cb9a3d88c6369786acc1381f105974396c0f46757,frozen_imagenet_normalization_on_224x224_phase3_pixels,independent_per_map_minmax_after_relu,462d0a76201238f10cf7e0bb34c1255e2e18ccacf34505e6730ac7ad23390c86,True,0.0,1.0,figures/phase9/gradcam/P9A-037/mobilenet_v3_small/seed_17/clean/input_rgb.png,figures/phase9/gradcam/P9A-037/mobilenet_v3_small/seed_17/clean/annotation_overlay.png,figures/phase9/gradcam/P9A-037/mobilenet_v3_small/seed_17/clean/predicted_class_surface_injure_heatmap.png,figures/phase9/gradcam/P9A-037/mobilenet_v3_small/seed_17/clean/predicted_class_surface_injure_overlay.png
P9A-037,464_1,mobilenet_v3_small,17,gaussian_blur_severe,degraded,gaussian_blur_severe,true_class,5,hide_craze,surface_injure,hide_craze,features.12,1x576x7x7,9c7a5f18e7d05a320e1296c73bbeb9366636e0e55dc7c6ff2bab6d8808a0e5a5,3c17629d1b1748e2f3d9046cb9a3d88c6369786acc1381f105974396c0f46757,frozen_imagenet_normalization_on_224x224_phase3_pixels,independent_per_map_minmax_after_relu,7347411b5508af451a818118e61db1e7b27c8f72aac09cec4be4263534a6534a,True,0.0,1.0,figures/phase9/gradcam/P9A-037/mobilenet_v3_small/seed_17/degraded/input_rgb.png,figures/phase9/gradcam/P9A-037/mobilenet_v3_small/seed_17/degraded/annotation_overlay.png,figures/phase9/gradcam/P9A-037/mobilenet_v3_small/seed_17/degraded/true_class_hide_craze_heatmap.png,figures/phase9/gradcam/P9A-037/mobilenet_v3_small/seed_17/degraded/true_class_hide_craze_overlay.png
P9A-037,464_1,mobilenet_v3_small,17,gaussian_blur_severe,degraded,gaussian_blur_severe,predicted_class,2,surface_injure,surface_injure,hide_craze,features.12,1x576x7x7,9c7a5f18e7d05a320e1296c73bbeb9366636e0e55dc7c6ff2bab6d8808a0e5a5,3c17629d1b1748e2f3d9046cb9a3d88c6369786acc1381f105974396c0f46757,frozen_imagenet_normalization_on_224x224_phase3_pixels,independent_per_map_minmax_after_relu,5ca9e5014e339475768f93b440ec607e367240b570d8b60e58dc978b393f3314,True,0.0,1.0,figures/phase9/gradcam/P9A-037/mobilenet_v3_small/seed_17/degraded/input_rgb.png,figures/phase9/gradcam/P9A-037/mobilenet_v3_small/seed_17/degraded/annotation_overlay.png,figures/phase9/gradcam/P9A-037/mobilenet_v3_small/seed_17/degraded/predicted_class_surface_injure_heatmap.png,figures/phase9/gradcam/P9A-037/mobilenet_v3_small/seed_17/degraded/predicted_class_surface_injure_overlay.png
P9A-051,546_0,mobilenet_v3_small,17,brightness_severe,clean,clean,true_class,1,corrosion,surface_injure,corrosion,features.12,1x576x7x7,9c7a5f18e7d05a320e1296c73bbeb9366636e0e55dc7c6ff2bab6d8808a0e5a5,3c17629d1b1748e2f3d9046cb9a3d88c6369786acc1381f105974396c0f46757,frozen_imagenet_normalization_on_224x224_phase3_pixels,independent_per_map_minmax_after_relu,a82e5c25a9c76b2d7ffb4ef2bf883208f4eaf1845a1bb77a6eb1279c2ea0ead9,True,0.0,1.0,figures/phase9/gradcam/P9A-051/mobilenet_v3_small/seed_17/clean/input_rgb.png,figures/phase9/gradcam/P9A-051/mobilenet_v3_small/seed_17/clean/annotation_overlay.png,figures/phase9/gradcam/P9A-051/mobilenet_v3_small/seed_17/clean/true_class_corrosion_heatmap.png,figures/phase9/gradcam/P9A-051/mobilenet_v3_small/seed_17/clean/true_class_corrosion_overlay.png
P9A-051,546_0,mobilenet_v3_small,17,brightness_severe,clean,clean,predicted_class,2,surface_injure,surface_injure,corrosion,features.12,1x576x7x7,9c7a5f18e7d05a320e1296c73bbeb9366636e0e55dc7c6ff2bab6d8808a0e5a5,3c17629d1b1748e2f3d9046cb9a3d88c6369786acc1381f105974396c0f46757,frozen_imagenet_normalization_on_224x224_phase3_pixels,independent_per_map_minmax_after_relu,51caf19724ecedf3fcee919257d06dbf9b3805ee08609b198ad9ae5bffc920de,True,0.0,1.0,figures/phase9/gradcam/P9A-051/mobilenet_v3_small/seed_17/clean/input_rgb.png,figures/phase9/gradcam/P9A-051/mobilenet_v3_small/seed_17/clean/annotation_overlay.png,figures/phase9/gradcam/P9A-051/mobilenet_v3_small/seed_17/clean/predicted_class_surface_injure_heatmap.png,figures/phase9/gradcam/P9A-051/mobilenet_v3_small/seed_17/clean/predicted_class_surface_injure_overlay.png
P9A-051,546_0,mobilenet_v3_small,17,brightness_severe,degraded,brightness_severe,true_class,1,corrosion,corrosion,corrosion,features.12,1x576x7x7,9c7a5f18e7d05a320e1296c73bbeb9366636e0e55dc7c6ff2bab6d8808a0e5a5,3c17629d1b1748e2f3d9046cb9a3d88c6369786acc1381f105974396c0f46757,frozen_imagenet_normalization_on_224x224_phase3_pixels,independent_per_map_minmax_after_relu,bba374a3f01aa763f45a909e7d6533d0d68ac5ee9b379cd879beb59a554c987b,True,0.0,1.0,figures/phase9/gradcam/P9A-051/mobilenet_v3_small/seed_17/degraded/input_rgb.png,figures/phase9/gradcam/P9A-051/mobilenet_v3_small/seed_17/degraded/annotation_overlay.png,figures/phase9/gradcam/P9A-051/mobilenet_v3_small/seed_17/degraded/true_class_corrosion_heatmap.png,figures/phase9/gradcam/P9A-051/mobilenet_v3_small/seed_17/degraded/true_class_corrosion_overlay.png
P9A-052,546_1,mobilenet_v3_small,17,brightness_severe,clean,clean,true_class,1,corrosion,hide_craze,corrosion,features.12,1x576x7x7,9c7a5f18e7d05a320e1296c73bbeb9366636e0e55dc7c6ff2bab6d8808a0e5a5,3c17629d1b1748e2f3d9046cb9a3d88c6369786acc1381f105974396c0f46757,frozen_imagenet_normalization_on_224x224_phase3_pixels,independent_per_map_minmax_after_relu,4498f0e5ba7c4d05369108d240af0e0661ad0df256c18dbd053451f0085cc668,True,0.0,1.0,figures/phase9/gradcam/P9A-052/mobilenet_v3_small/seed_17/clean/input_rgb.png,figures/phase9/gradcam/P9A-052/mobilenet_v3_small/seed_17/clean/annotation_overlay.png,figures/phase9/gradcam/P9A-052/mobilenet_v3_small/seed_17/clean/true_class_corrosion_heatmap.png,figures/phase9/gradcam/P9A-052/mobilenet_v3_small/seed_17/clean/true_class_corrosion_overlay.png
P9A-052,546_1,mobilenet_v3_small,17,brightness_severe,clean,clean,predicted_class,5,hide_craze,hide_craze,corrosion,features.12,1x576x7x7,9c7a5f18e7d05a320e1296c73bbeb9366636e0e55dc7c6ff2bab6d8808a0e5a5,3c17629d1b1748e2f3d9046cb9a3d88c6369786acc1381f105974396c0f46757,frozen_imagenet_normalization_on_224x224_phase3_pixels,independent_per_map_minmax_after_relu,40f01950bf2a44706dddcb6275b6b9d9fad9d6086cb9a002b5b51db85359cc29,True,0.0,1.0,figures/phase9/gradcam/P9A-052/mobilenet_v3_small/seed_17/clean/input_rgb.png,figures/phase9/gradcam/P9A-052/mobilenet_v3_small/seed_17/clean/annotation_overlay.png,figures/phase9/gradcam/P9A-052/mobilenet_v3_small/seed_17/clean/predicted_class_hide_craze_heatmap.png,figures/phase9/gradcam/P9A-052/mobilenet_v3_small/seed_17/clean/predicted_class_hide_craze_overlay.png
P9A-052,546_1,mobilenet_v3_small,17,brightness_severe,degraded,brightness_severe,true_class,1,corrosion,corrosion,corrosion,features.12,1x576x7x7,9c7a5f18e7d05a320e1296c73bbeb9366636e0e55dc7c6ff2bab6d8808a0e5a5,3c17629d1b1748e2f3d9046cb9a3d88c6369786acc1381f105974396c0f46757,frozen_imagenet_normalization_on_224x224_phase3_pixels,independent_per_map_minmax_after_relu,305a7ab7d904a621a5892fe5a608880d950d0eb5b89afa2af80f5df500cb189e,True,0.0,1.0,figures/phase9/gradcam/P9A-052/mobilenet_v3_small/seed_17/degraded/input_rgb.png,figures/phase9/gradcam/P9A-052/mobilenet_v3_small/seed_17/degraded/annotation_overlay.png,figures/phase9/gradcam/P9A-052/mobilenet_v3_small/seed_17/degraded/true_class_corrosion_heatmap.png,figures/phase9/gradcam/P9A-052/mobilenet_v3_small/seed_17/degraded/true_class_corrosion_overlay.png
P9A-002,51_0,mobilenet_v3_small,29,clean,clean,clean,true_class,0,craze,corrosion,craze,features.12,1x576x7x7,a35411c0232ea747405045cb7874d7a97fe0195cfa7ffbd44606e46555925ea2,9b7379911e193f8568bdfe4e6d7045eaeeb1d709b4c9f51b73b8d3eaaf28b49a,frozen_imagenet_normalization_on_224x224_phase3_pixels,independent_per_map_minmax_after_relu,9646eb29a447780a52a3da563d0b549a56dd262b4f5052bf76addc68d37a2d4f,True,0.0,1.0,figures/phase9/gradcam/P9A-002/mobilenet_v3_small/seed_29/clean/input_rgb.png,figures/phase9/gradcam/P9A-002/mobilenet_v3_small/seed_29/clean/annotation_overlay.png,figures/phase9/gradcam/P9A-002/mobilenet_v3_small/seed_29/clean/true_class_craze_heatmap.png,figures/phase9/gradcam/P9A-002/mobilenet_v3_small/seed_29/clean/true_class_craze_overlay.png
P9A-002,51_0,mobilenet_v3_small,29,clean,clean,clean,predicted_class,1,corrosion,corrosion,craze,features.12,1x576x7x7,a35411c0232ea747405045cb7874d7a97fe0195cfa7ffbd44606e46555925ea2,9b7379911e193f8568bdfe4e6d7045eaeeb1d709b4c9f51b73b8d3eaaf28b49a,frozen_imagenet_normalization_on_224x224_phase3_pixels,independent_per_map_minmax_after_relu,392f003fed8c43bb813cf2aaab292762606d6a13f0118564bc6fa43afb05e120,True,0.0,1.0,figures/phase9/gradcam/P9A-002/mobilenet_v3_small/seed_29/clean/input_rgb.png,figures/phase9/gradcam/P9A-002/mobilenet_v3_small/seed_29/clean/annotation_overlay.png,figures/phase9/gradcam/P9A-002/mobilenet_v3_small/seed_29/clean/predicted_class_corrosion_heatmap.png,figures/phase9/gradcam/P9A-002/mobilenet_v3_small/seed_29/clean/predicted_class_corrosion_overlay.png
P9A-003,57_0,mobilenet_v3_small,29,clean,clean,clean,true_class,0,craze,corrosion,craze,features.12,1x576x7x7,a35411c0232ea747405045cb7874d7a97fe0195cfa7ffbd44606e46555925ea2,9b7379911e193f8568bdfe4e6d7045eaeeb1d709b4c9f51b73b8d3eaaf28b49a,frozen_imagenet_normalization_on_224x224_phase3_pixels,independent_per_map_minmax_after_relu,d0ff41a513d0bb30233de04901294e6bdb80971ba3313b642bd5643d300b9b54,True,0.0,1.0,figures/phase9/gradcam/P9A-003/mobilenet_v3_small/seed_29/clean/input_rgb.png,figures/phase9/gradcam/P9A-003/mobilenet_v3_small/seed_29/clean/annotation_overlay.png,figures/phase9/gradcam/P9A-003/mobilenet_v3_small/seed_29/clean/true_class_craze_heatmap.png,figures/phase9/gradcam/P9A-003/mobilenet_v3_small/seed_29/clean/true_class_craze_overlay.png
P9A-003,57_0,mobilenet_v3_small,29,clean,clean,clean,predicted_class,1,corrosion,corrosion,craze,features.12,1x576x7x7,a35411c0232ea747405045cb7874d7a97fe0195cfa7ffbd44606e46555925ea2,9b7379911e193f8568bdfe4e6d7045eaeeb1d709b4c9f51b73b8d3eaaf28b49a,frozen_imagenet_normalization_on_224x224_phase3_pixels,independent_per_map_minmax_after_relu,6512b344e04e80d1ef65ff6d7b90e03af7f9c5f29b851085237d6ea9f0912fd6,True,0.0,1.0,figures/phase9/gradcam/P9A-003/mobilenet_v3_small/seed_29/clean/input_rgb.png,figures/phase9/gradcam/P9A-003/mobilenet_v3_small/seed_29/clean/annotation_overlay.png,figures/phase9/gradcam/P9A-003/mobilenet_v3_small/seed_29/clean/predicted_class_corrosion_heatmap.png,figures/phase9/gradcam/P9A-003/mobilenet_v3_small/seed_29/clean/predicted_class_corrosion_overlay.png
P9A-006,255_0,mobilenet_v3_small,29,clean,clean,clean,true_class,2,surface_injure,corrosion,surface_injure,features.12,1x576x7x7,a35411c0232ea747405045cb7874d7a97fe0195cfa7ffbd44606e46555925ea2,9b7379911e193f8568bdfe4e6d7045eaeeb1d709b4c9f51b73b8d3eaaf28b49a,frozen_imagenet_normalization_on_224x224_phase3_pixels,independent_per_map_minmax_after_relu,db7c8870b6cb8745fd5e047aeb3a4c2a06c4fb478deab4ee87085383163c7330,True,0.0,1.0,figures/phase9/gradcam/P9A-006/mobilenet_v3_small/seed_29/clean/input_rgb.png,figures/phase9/gradcam/P9A-006/mobilenet_v3_small/seed_29/clean/annotation_overlay.png,figures/phase9/gradcam/P9A-006/mobilenet_v3_small/seed_29/clean/true_class_surface_injure_heatmap.png,figures/phase9/gradcam/P9A-006/mobilenet_v3_small/seed_29/clean/true_class_surface_injure_overlay.png
P9A-006,255_0,mobilenet_v3_small,29,clean,clean,clean,predicted_class,1,corrosion,corrosion,surface_injure,features.12,1x576x7x7,a35411c0232ea747405045cb7874d7a97fe0195cfa7ffbd44606e46555925ea2,9b7379911e193f8568bdfe4e6d7045eaeeb1d709b4c9f51b73b8d3eaaf28b49a,frozen_imagenet_normalization_on_224x224_phase3_pixels,independent_per_map_minmax_after_relu,cd4ab6c0bc41aed6dac64cf1bdca49ffb0f93cc4876fd7b458ccd57c5d09dc63,True,0.0,1.0,figures/phase9/gradcam/P9A-006/mobilenet_v3_small/seed_29/clean/input_rgb.png,figures/phase9/gradcam/P9A-006/mobilenet_v3_small/seed_29/clean/annotation_overlay.png,figures/phase9/gradcam/P9A-006/mobilenet_v3_small/seed_29/clean/predicted_class_corrosion_heatmap.png,figures/phase9/gradcam/P9A-006/mobilenet_v3_small/seed_29/clean/predicted_class_corrosion_overlay.png
P9A-008,464_1,mobilenet_v3_small,29,clean,clean,clean,true_class,5,hide_craze,surface_injure,hide_craze,features.12,1x576x7x7,a35411c0232ea747405045cb7874d7a97fe0195cfa7ffbd44606e46555925ea2,9b7379911e193f8568bdfe4e6d7045eaeeb1d709b4c9f51b73b8d3eaaf28b49a,frozen_imagenet_normalization_on_224x224_phase3_pixels,independent_per_map_minmax_after_relu,ef879a3f0ee456b07e1a43cdc09a379d6df83bfb74a48bc1da8c4d56cea8f8a7,True,0.0,1.0,figures/phase9/gradcam/P9A-008/mobilenet_v3_small/seed_29/clean/input_rgb.png,figures/phase9/gradcam/P9A-008/mobilenet_v3_small/seed_29/clean/annotation_overlay.png,figures/phase9/gradcam/P9A-008/mobilenet_v3_small/seed_29/clean/true_class_hide_craze_heatmap.png,figures/phase9/gradcam/P9A-008/mobilenet_v3_small/seed_29/clean/true_class_hide_craze_overlay.png
P9A-008,464_1,mobilenet_v3_small,29,clean,clean,clean,predicted_class,2,surface_injure,surface_injure,hide_craze,features.12,1x576x7x7,a35411c0232ea747405045cb7874d7a97fe0195cfa7ffbd44606e46555925ea2,9b7379911e193f8568bdfe4e6d7045eaeeb1d709b4c9f51b73b8d3eaaf28b49a,frozen_imagenet_normalization_on_224x224_phase3_pixels,independent_per_map_minmax_after_relu,d893b77a17e138973f640b5993854ba1afbe775b9e11845776613a1d10b0c962,True,0.0,1.0,figures/phase9/gradcam/P9A-008/mobilenet_v3_small/seed_29/clean/input_rgb.png,figures/phase9/gradcam/P9A-008/mobilenet_v3_small/seed_29/clean/annotation_overlay.png,figures/phase9/gradcam/P9A-008/mobilenet_v3_small/seed_29/clean/predicted_class_surface_injure_heatmap.png,figures/phase9/gradcam/P9A-008/mobilenet_v3_small/seed_29/clean/predicted_class_surface_injure_overlay.png
P9A-020,209_0,mobilenet_v3_small,29,gaussian_blur_severe,clean,clean,true_class,5,hide_craze,hide_craze,hide_craze,features.12,1x576x7x7,a35411c0232ea747405045cb7874d7a97fe0195cfa7ffbd44606e46555925ea2,9b7379911e193f8568bdfe4e6d7045eaeeb1d709b4c9f51b73b8d3eaaf28b49a,frozen_imagenet_normalization_on_224x224_phase3_pixels,independent_per_map_minmax_after_relu,fbad91c7e48542c702b0b4ba88234831cd8aa01a56b1cd0c352652f1d60806de,True,0.0,1.0,figures/phase9/gradcam/P9A-020/mobilenet_v3_small/seed_29/clean/input_rgb.png,figures/phase9/gradcam/P9A-020/mobilenet_v3_small/seed_29/clean/annotation_overlay.png,figures/phase9/gradcam/P9A-020/mobilenet_v3_small/seed_29/clean/true_class_hide_craze_heatmap.png,figures/phase9/gradcam/P9A-020/mobilenet_v3_small/seed_29/clean/true_class_hide_craze_overlay.png
P9A-020,209_0,mobilenet_v3_small,29,gaussian_blur_severe,degraded,gaussian_blur_severe,true_class,5,hide_craze,surface_injure,hide_craze,features.12,1x576x7x7,a35411c0232ea747405045cb7874d7a97fe0195cfa7ffbd44606e46555925ea2,9b7379911e193f8568bdfe4e6d7045eaeeb1d709b4c9f51b73b8d3eaaf28b49a,frozen_imagenet_normalization_on_224x224_phase3_pixels,independent_per_map_minmax_after_relu,95eda50be574e0fb4f3a3b60d2c4baa898e6772a4e2b60adb7bc0a3daccad84e,True,0.0,1.0,figures/phase9/gradcam/P9A-020/mobilenet_v3_small/seed_29/degraded/input_rgb.png,figures/phase9/gradcam/P9A-020/mobilenet_v3_small/seed_29/degraded/annotation_overlay.png,figures/phase9/gradcam/P9A-020/mobilenet_v3_small/seed_29/degraded/true_class_hide_craze_heatmap.png,figures/phase9/gradcam/P9A-020/mobilenet_v3_small/seed_29/degraded/true_class_hide_craze_overlay.png
P9A-020,209_0,mobilenet_v3_small,29,gaussian_blur_severe,degraded,gaussian_blur_severe,predicted_class,2,surface_injure,surface_injure,hide_craze,features.12,1x576x7x7,a35411c0232ea747405045cb7874d7a97fe0195cfa7ffbd44606e46555925ea2,9b7379911e193f8568bdfe4e6d7045eaeeb1d709b4c9f51b73b8d3eaaf28b49a,frozen_imagenet_normalization_on_224x224_phase3_pixels,independent_per_map_minmax_after_relu,0bda6065d362f736f5847fe40b9ed592f81928b908d0f794cf5b8d99e28b4d6e,True,0.0,1.0,figures/phase9/gradcam/P9A-020/mobilenet_v3_small/seed_29/degraded/input_rgb.png,figures/phase9/gradcam/P9A-020/mobilenet_v3_small/seed_29/degraded/annotation_overlay.png,figures/phase9/gradcam/P9A-020/mobilenet_v3_small/seed_29/degraded/predicted_class_surface_injure_heatmap.png,figures/phase9/gradcam/P9A-020/mobilenet_v3_small/seed_29/degraded/predicted_class_surface_injure_overlay.png
P9A-032,51_0,mobilenet_v3_small,29,brightness_severe,clean,clean,true_class,0,craze,corrosion,craze,features.12,1x576x7x7,a35411c0232ea747405045cb7874d7a97fe0195cfa7ffbd44606e46555925ea2,9b7379911e193f8568bdfe4e6d7045eaeeb1d709b4c9f51b73b8d3eaaf28b49a,frozen_imagenet_normalization_on_224x224_phase3_pixels,independent_per_map_minmax_after_relu,9646eb29a447780a52a3da563d0b549a56dd262b4f5052bf76addc68d37a2d4f,True,0.0,1.0,figures/phase9/gradcam/P9A-032/mobilenet_v3_small/seed_29/clean/input_rgb.png,figures/phase9/gradcam/P9A-032/mobilenet_v3_small/seed_29/clean/annotation_overlay.png,figures/phase9/gradcam/P9A-032/mobilenet_v3_small/seed_29/clean/true_class_craze_heatmap.png,figures/phase9/gradcam/P9A-032/mobilenet_v3_small/seed_29/clean/true_class_craze_overlay.png
P9A-032,51_0,mobilenet_v3_small,29,brightness_severe,clean,clean,predicted_class,1,corrosion,corrosion,craze,features.12,1x576x7x7,a35411c0232ea747405045cb7874d7a97fe0195cfa7ffbd44606e46555925ea2,9b7379911e193f8568bdfe4e6d7045eaeeb1d709b4c9f51b73b8d3eaaf28b49a,frozen_imagenet_normalization_on_224x224_phase3_pixels,independent_per_map_minmax_after_relu,392f003fed8c43bb813cf2aaab292762606d6a13f0118564bc6fa43afb05e120,True,0.0,1.0,figures/phase9/gradcam/P9A-032/mobilenet_v3_small/seed_29/clean/input_rgb.png,figures/phase9/gradcam/P9A-032/mobilenet_v3_small/seed_29/clean/annotation_overlay.png,figures/phase9/gradcam/P9A-032/mobilenet_v3_small/seed_29/clean/predicted_class_corrosion_heatmap.png,figures/phase9/gradcam/P9A-032/mobilenet_v3_small/seed_29/clean/predicted_class_corrosion_overlay.png
P9A-032,51_0,mobilenet_v3_small,29,brightness_severe,degraded,brightness_severe,true_class,0,craze,corrosion,craze,features.12,1x576x7x7,a35411c0232ea747405045cb7874d7a97fe0195cfa7ffbd44606e46555925ea2,9b7379911e193f8568bdfe4e6d7045eaeeb1d709b4c9f51b73b8d3eaaf28b49a,frozen_imagenet_normalization_on_224x224_phase3_pixels,independent_per_map_minmax_after_relu,5e2d9a5b7014b7cc3519b9af9fccdddc03a639715376287476aaa5d3d3d5b927,True,0.0,1.0,figures/phase9/gradcam/P9A-032/mobilenet_v3_small/seed_29/degraded/input_rgb.png,figures/phase9/gradcam/P9A-032/mobilenet_v3_small/seed_29/degraded/annotation_overlay.png,figures/phase9/gradcam/P9A-032/mobilenet_v3_small/seed_29/degraded/true_class_craze_heatmap.png,figures/phase9/gradcam/P9A-032/mobilenet_v3_small/seed_29/degraded/true_class_craze_overlay.png
P9A-032,51_0,mobilenet_v3_small,29,brightness_severe,degraded,brightness_severe,predicted_class,1,corrosion,corrosion,craze,features.12,1x576x7x7,a35411c0232ea747405045cb7874d7a97fe0195cfa7ffbd44606e46555925ea2,9b7379911e193f8568bdfe4e6d7045eaeeb1d709b4c9f51b73b8d3eaaf28b49a,frozen_imagenet_normalization_on_224x224_phase3_pixels,independent_per_map_minmax_after_relu,4408ed8ee311e19d5c02a65d74c570935e5fa32136747c98a2d159d5faf950b8,True,0.0,1.0,figures/phase9/gradcam/P9A-032/mobilenet_v3_small/seed_29/degraded/input_rgb.png,figures/phase9/gradcam/P9A-032/mobilenet_v3_small/seed_29/degraded/annotation_overlay.png,figures/phase9/gradcam/P9A-032/mobilenet_v3_small/seed_29/degraded/predicted_class_corrosion_heatmap.png,figures/phase9/gradcam/P9A-032/mobilenet_v3_small/seed_29/degraded/predicted_class_corrosion_overlay.png
P9A-037,464_1,mobilenet_v3_small,29,gaussian_blur_severe,clean,clean,true_class,5,hide_craze,surface_injure,hide_craze,features.12,1x576x7x7,a35411c0232ea747405045cb7874d7a97fe0195cfa7ffbd44606e46555925ea2,9b7379911e193f8568bdfe4e6d7045eaeeb1d709b4c9f51b73b8d3eaaf28b49a,frozen_imagenet_normalization_on_224x224_phase3_pixels,independent_per_map_minmax_after_relu,ef879a3f0ee456b07e1a43cdc09a379d6df83bfb74a48bc1da8c4d56cea8f8a7,True,0.0,1.0,figures/phase9/gradcam/P9A-037/mobilenet_v3_small/seed_29/clean/input_rgb.png,figures/phase9/gradcam/P9A-037/mobilenet_v3_small/seed_29/clean/annotation_overlay.png,figures/phase9/gradcam/P9A-037/mobilenet_v3_small/seed_29/clean/true_class_hide_craze_heatmap.png,figures/phase9/gradcam/P9A-037/mobilenet_v3_small/seed_29/clean/true_class_hide_craze_overlay.png
P9A-037,464_1,mobilenet_v3_small,29,gaussian_blur_severe,clean,clean,predicted_class,2,surface_injure,surface_injure,hide_craze,features.12,1x576x7x7,a35411c0232ea747405045cb7874d7a97fe0195cfa7ffbd44606e46555925ea2,9b7379911e193f8568bdfe4e6d7045eaeeb1d709b4c9f51b73b8d3eaaf28b49a,frozen_imagenet_normalization_on_224x224_phase3_pixels,independent_per_map_minmax_after_relu,d893b77a17e138973f640b5993854ba1afbe775b9e11845776613a1d10b0c962,True,0.0,1.0,figures/phase9/gradcam/P9A-037/mobilenet_v3_small/seed_29/clean/input_rgb.png,figures/phase9/gradcam/P9A-037/mobilenet_v3_small/seed_29/clean/annotation_overlay.png,figures/phase9/gradcam/P9A-037/mobilenet_v3_small/seed_29/clean/predicted_class_surface_injure_heatmap.png,figures/phase9/gradcam/P9A-037/mobilenet_v3_small/seed_29/clean/predicted_class_surface_injure_overlay.png
P9A-037,464_1,mobilenet_v3_small,29,gaussian_blur_severe,degraded,gaussian_blur_severe,true_class,5,hide_craze,surface_injure,hide_craze,features.12,1x576x7x7,a35411c0232ea747405045cb7874d7a97fe0195cfa7ffbd44606e46555925ea2,9b7379911e193f8568bdfe4e6d7045eaeeb1d709b4c9f51b73b8d3eaaf28b49a,frozen_imagenet_normalization_on_224x224_phase3_pixels,independent_per_map_minmax_after_relu,99e5bcf0e274a0bad8a597f53db93fc7c76b0464f5e470eed98635e332333fa0,True,0.0,1.0,figures/phase9/gradcam/P9A-037/mobilenet_v3_small/seed_29/degraded/input_rgb.png,figures/phase9/gradcam/P9A-037/mobilenet_v3_small/seed_29/degraded/annotation_overlay.png,figures/phase9/gradcam/P9A-037/mobilenet_v3_small/seed_29/degraded/true_class_hide_craze_heatmap.png,figures/phase9/gradcam/P9A-037/mobilenet_v3_small/seed_29/degraded/true_class_hide_craze_overlay.png
P9A-037,464_1,mobilenet_v3_small,29,gaussian_blur_severe,degraded,gaussian_blur_severe,predicted_class,2,surface_injure,surface_injure,hide_craze,features.12,1x576x7x7,a35411c0232ea747405045cb7874d7a97fe0195cfa7ffbd44606e46555925ea2,9b7379911e193f8568bdfe4e6d7045eaeeb1d709b4c9f51b73b8d3eaaf28b49a,frozen_imagenet_normalization_on_224x224_phase3_pixels,independent_per_map_minmax_after_relu,2edbe4dd7b78349949bc5ad7bb9ec506c0d95e3c81fe15c70cf59e256bd6ee83,True,0.0,1.0,figures/phase9/gradcam/P9A-037/mobilenet_v3_small/seed_29/degraded/input_rgb.png,figures/phase9/gradcam/P9A-037/mobilenet_v3_small/seed_29/degraded/annotation_overlay.png,figures/phase9/gradcam/P9A-037/mobilenet_v3_small/seed_29/degraded/predicted_class_surface_injure_heatmap.png,figures/phase9/gradcam/P9A-037/mobilenet_v3_small/seed_29/degraded/predicted_class_surface_injure_overlay.png
P9A-051,546_0,mobilenet_v3_small,29,brightness_severe,clean,clean,true_class,1,corrosion,surface_injure,corrosion,features.12,1x576x7x7,a35411c0232ea747405045cb7874d7a97fe0195cfa7ffbd44606e46555925ea2,9b7379911e193f8568bdfe4e6d7045eaeeb1d709b4c9f51b73b8d3eaaf28b49a,frozen_imagenet_normalization_on_224x224_phase3_pixels,independent_per_map_minmax_after_relu,9c03c5372b4716e6538dd52e204cfa41242535015300b227aa7f0c7282ec5b97,True,0.0,1.0,figures/phase9/gradcam/P9A-051/mobilenet_v3_small/seed_29/clean/input_rgb.png,figures/phase9/gradcam/P9A-051/mobilenet_v3_small/seed_29/clean/annotation_overlay.png,figures/phase9/gradcam/P9A-051/mobilenet_v3_small/seed_29/clean/true_class_corrosion_heatmap.png,figures/phase9/gradcam/P9A-051/mobilenet_v3_small/seed_29/clean/true_class_corrosion_overlay.png
P9A-051,546_0,mobilenet_v3_small,29,brightness_severe,clean,clean,predicted_class,2,surface_injure,surface_injure,corrosion,features.12,1x576x7x7,a35411c0232ea747405045cb7874d7a97fe0195cfa7ffbd44606e46555925ea2,9b7379911e193f8568bdfe4e6d7045eaeeb1d709b4c9f51b73b8d3eaaf28b49a,frozen_imagenet_normalization_on_224x224_phase3_pixels,independent_per_map_minmax_after_relu,6013b24e44e2715cfbb3113f06ffd22ed574144d4457ebb9c73f9b480d05cbcb,True,0.0,1.0,figures/phase9/gradcam/P9A-051/mobilenet_v3_small/seed_29/clean/input_rgb.png,figures/phase9/gradcam/P9A-051/mobilenet_v3_small/seed_29/clean/annotation_overlay.png,figures/phase9/gradcam/P9A-051/mobilenet_v3_small/seed_29/clean/predicted_class_surface_injure_heatmap.png,figures/phase9/gradcam/P9A-051/mobilenet_v3_small/seed_29/clean/predicted_class_surface_injure_overlay.png
P9A-051,546_0,mobilenet_v3_small,29,brightness_severe,degraded,brightness_severe,true_class,1,corrosion,corrosion,corrosion,features.12,1x576x7x7,a35411c0232ea747405045cb7874d7a97fe0195cfa7ffbd44606e46555925ea2,9b7379911e193f8568bdfe4e6d7045eaeeb1d709b4c9f51b73b8d3eaaf28b49a,frozen_imagenet_normalization_on_224x224_phase3_pixels,independent_per_map_minmax_after_relu,34cde7541b3dde6e577343789e35b26099681ad2b285db90f8373ad0361a75af,True,0.0,1.0,figures/phase9/gradcam/P9A-051/mobilenet_v3_small/seed_29/degraded/input_rgb.png,figures/phase9/gradcam/P9A-051/mobilenet_v3_small/seed_29/degraded/annotation_overlay.png,figures/phase9/gradcam/P9A-051/mobilenet_v3_small/seed_29/degraded/true_class_corrosion_heatmap.png,figures/phase9/gradcam/P9A-051/mobilenet_v3_small/seed_29/degraded/true_class_corrosion_overlay.png
P9A-052,546_1,mobilenet_v3_small,29,brightness_severe,clean,clean,true_class,1,corrosion,hide_craze,corrosion,features.12,1x576x7x7,a35411c0232ea747405045cb7874d7a97fe0195cfa7ffbd44606e46555925ea2,9b7379911e193f8568bdfe4e6d7045eaeeb1d709b4c9f51b73b8d3eaaf28b49a,frozen_imagenet_normalization_on_224x224_phase3_pixels,independent_per_map_minmax_after_relu,1f7df47f0d27ef84981a110dcfa6f280e902eabe7421ae79d4229471331e7eac,True,0.0,1.0,figures/phase9/gradcam/P9A-052/mobilenet_v3_small/seed_29/clean/input_rgb.png,figures/phase9/gradcam/P9A-052/mobilenet_v3_small/seed_29/clean/annotation_overlay.png,figures/phase9/gradcam/P9A-052/mobilenet_v3_small/seed_29/clean/true_class_corrosion_heatmap.png,figures/phase9/gradcam/P9A-052/mobilenet_v3_small/seed_29/clean/true_class_corrosion_overlay.png
P9A-052,546_1,mobilenet_v3_small,29,brightness_severe,clean,clean,predicted_class,5,hide_craze,hide_craze,corrosion,features.12,1x576x7x7,a35411c0232ea747405045cb7874d7a97fe0195cfa7ffbd44606e46555925ea2,9b7379911e193f8568bdfe4e6d7045eaeeb1d709b4c9f51b73b8d3eaaf28b49a,frozen_imagenet_normalization_on_224x224_phase3_pixels,independent_per_map_minmax_after_relu,6eabae37715306ba1845be965a02cc30ffb9464e92bbbc57b0f55060d84e4a88,True,0.0,1.0,figures/phase9/gradcam/P9A-052/mobilenet_v3_small/seed_29/clean/input_rgb.png,figures/phase9/gradcam/P9A-052/mobilenet_v3_small/seed_29/clean/annotation_overlay.png,figures/phase9/gradcam/P9A-052/mobilenet_v3_small/seed_29/clean/predicted_class_hide_craze_heatmap.png,figures/phase9/gradcam/P9A-052/mobilenet_v3_small/seed_29/clean/predicted_class_hide_craze_overlay.png
P9A-052,546_1,mobilenet_v3_small,29,brightness_severe,degraded,brightness_severe,true_class,1,corrosion,corrosion,corrosion,features.12,1x576x7x7,a35411c0232ea747405045cb7874d7a97fe0195cfa7ffbd44606e46555925ea2,9b7379911e193f8568bdfe4e6d7045eaeeb1d709b4c9f51b73b8d3eaaf28b49a,frozen_imagenet_normalization_on_224x224_phase3_pixels,independent_per_map_minmax_after_relu,6736ac0912857ca391cafdeedbc8292e92009a3825a3f810d208a6887a9b4e33,True,0.0,1.0,figures/phase9/gradcam/P9A-052/mobilenet_v3_small/seed_29/degraded/input_rgb.png,figures/phase9/gradcam/P9A-052/mobilenet_v3_small/seed_29/degraded/annotation_overlay.png,figures/phase9/gradcam/P9A-052/mobilenet_v3_small/seed_29/degraded/true_class_corrosion_heatmap.png,figures/phase9/gradcam/P9A-052/mobilenet_v3_small/seed_29/degraded/true_class_corrosion_overlay.png
P9A-002,51_0,mobilenet_v3_small,43,clean,clean,clean,true_class,0,craze,corrosion,craze,features.12,1x576x7x7,e2c1cfd91c9ceb6030fa24eba80b4481f93f8afb28be2f9f5e27946b019ed3e7,7dd6d8689dd85960dfc794033afbab9cdd9128b216a2ff5ac222e0e2c11cf068,frozen_imagenet_normalization_on_224x224_phase3_pixels,independent_per_map_minmax_after_relu,fadf0ebcba00737e320c38e80cdbea52247a0795689c73677e5e009f695599e7,True,0.0,1.0,figures/phase9/gradcam/P9A-002/mobilenet_v3_small/seed_43/clean/input_rgb.png,figures/phase9/gradcam/P9A-002/mobilenet_v3_small/seed_43/clean/annotation_overlay.png,figures/phase9/gradcam/P9A-002/mobilenet_v3_small/seed_43/clean/true_class_craze_heatmap.png,figures/phase9/gradcam/P9A-002/mobilenet_v3_small/seed_43/clean/true_class_craze_overlay.png
P9A-002,51_0,mobilenet_v3_small,43,clean,clean,clean,predicted_class,1,corrosion,corrosion,craze,features.12,1x576x7x7,e2c1cfd91c9ceb6030fa24eba80b4481f93f8afb28be2f9f5e27946b019ed3e7,7dd6d8689dd85960dfc794033afbab9cdd9128b216a2ff5ac222e0e2c11cf068,frozen_imagenet_normalization_on_224x224_phase3_pixels,independent_per_map_minmax_after_relu,ba64089e7bb93e8674aa0761d0de3a27ce3935407ec765e0b7810837cbf03614,True,0.0,1.0,figures/phase9/gradcam/P9A-002/mobilenet_v3_small/seed_43/clean/input_rgb.png,figures/phase9/gradcam/P9A-002/mobilenet_v3_small/seed_43/clean/annotation_overlay.png,figures/phase9/gradcam/P9A-002/mobilenet_v3_small/seed_43/clean/predicted_class_corrosion_heatmap.png,figures/phase9/gradcam/P9A-002/mobilenet_v3_small/seed_43/clean/predicted_class_corrosion_overlay.png
P9A-003,57_0,mobilenet_v3_small,43,clean,clean,clean,true_class,0,craze,corrosion,craze,features.12,1x576x7x7,e2c1cfd91c9ceb6030fa24eba80b4481f93f8afb28be2f9f5e27946b019ed3e7,7dd6d8689dd85960dfc794033afbab9cdd9128b216a2ff5ac222e0e2c11cf068,frozen_imagenet_normalization_on_224x224_phase3_pixels,independent_per_map_minmax_after_relu,05ea1f0951b64d11d9980654e5bd08d3d66318c075f1e1dd228324e3c03306c7,True,0.0,1.0,figures/phase9/gradcam/P9A-003/mobilenet_v3_small/seed_43/clean/input_rgb.png,figures/phase9/gradcam/P9A-003/mobilenet_v3_small/seed_43/clean/annotation_overlay.png,figures/phase9/gradcam/P9A-003/mobilenet_v3_small/seed_43/clean/true_class_craze_heatmap.png,figures/phase9/gradcam/P9A-003/mobilenet_v3_small/seed_43/clean/true_class_craze_overlay.png
P9A-003,57_0,mobilenet_v3_small,43,clean,clean,clean,predicted_class,1,corrosion,corrosion,craze,features.12,1x576x7x7,e2c1cfd91c9ceb6030fa24eba80b4481f93f8afb28be2f9f5e27946b019ed3e7,7dd6d8689dd85960dfc794033afbab9cdd9128b216a2ff5ac222e0e2c11cf068,frozen_imagenet_normalization_on_224x224_phase3_pixels,independent_per_map_minmax_after_relu,254e32396127674e0a426bd9178fe1498bea69a988d1e95c2d446b8c91695ffb,True,0.0,1.0,figures/phase9/gradcam/P9A-003/mobilenet_v3_small/seed_43/clean/input_rgb.png,figures/phase9/gradcam/P9A-003/mobilenet_v3_small/seed_43/clean/annotation_overlay.png,figures/phase9/gradcam/P9A-003/mobilenet_v3_small/seed_43/clean/predicted_class_corrosion_heatmap.png,figures/phase9/gradcam/P9A-003/mobilenet_v3_small/seed_43/clean/predicted_class_corrosion_overlay.png
P9A-006,255_0,mobilenet_v3_small,43,clean,clean,clean,true_class,2,surface_injure,corrosion,surface_injure,features.12,1x576x7x7,e2c1cfd91c9ceb6030fa24eba80b4481f93f8afb28be2f9f5e27946b019ed3e7,7dd6d8689dd85960dfc794033afbab9cdd9128b216a2ff5ac222e0e2c11cf068,frozen_imagenet_normalization_on_224x224_phase3_pixels,independent_per_map_minmax_after_relu,c5cb67429be7ef3380205f943079e828b9ae76ee25ccd21edd6623f7ce837b60,True,0.0,1.0,figures/phase9/gradcam/P9A-006/mobilenet_v3_small/seed_43/clean/input_rgb.png,figures/phase9/gradcam/P9A-006/mobilenet_v3_small/seed_43/clean/annotation_overlay.png,figures/phase9/gradcam/P9A-006/mobilenet_v3_small/seed_43/clean/true_class_surface_injure_heatmap.png,figures/phase9/gradcam/P9A-006/mobilenet_v3_small/seed_43/clean/true_class_surface_injure_overlay.png
P9A-006,255_0,mobilenet_v3_small,43,clean,clean,clean,predicted_class,1,corrosion,corrosion,surface_injure,features.12,1x576x7x7,e2c1cfd91c9ceb6030fa24eba80b4481f93f8afb28be2f9f5e27946b019ed3e7,7dd6d8689dd85960dfc794033afbab9cdd9128b216a2ff5ac222e0e2c11cf068,frozen_imagenet_normalization_on_224x224_phase3_pixels,independent_per_map_minmax_after_relu,8f30117fd221ab5dcf598095336d9354dc2ec6d9efaf3e3ee5c373f922697289,True,0.0,1.0,figures/phase9/gradcam/P9A-006/mobilenet_v3_small/seed_43/clean/input_rgb.png,figures/phase9/gradcam/P9A-006/mobilenet_v3_small/seed_43/clean/annotation_overlay.png,figures/phase9/gradcam/P9A-006/mobilenet_v3_small/seed_43/clean/predicted_class_corrosion_heatmap.png,figures/phase9/gradcam/P9A-006/mobilenet_v3_small/seed_43/clean/predicted_class_corrosion_overlay.png
P9A-008,464_1,mobilenet_v3_small,43,clean,clean,clean,true_class,5,hide_craze,surface_injure,hide_craze,features.12,1x576x7x7,e2c1cfd91c9ceb6030fa24eba80b4481f93f8afb28be2f9f5e27946b019ed3e7,7dd6d8689dd85960dfc794033afbab9cdd9128b216a2ff5ac222e0e2c11cf068,frozen_imagenet_normalization_on_224x224_phase3_pixels,independent_per_map_minmax_after_relu,835735023dd6a54339c5a2af7a89a32ef4c803259079bc3963943a68643059af,True,0.0,1.0,figures/phase9/gradcam/P9A-008/mobilenet_v3_small/seed_43/clean/input_rgb.png,figures/phase9/gradcam/P9A-008/mobilenet_v3_small/seed_43/clean/annotation_overlay.png,figures/phase9/gradcam/P9A-008/mobilenet_v3_small/seed_43/clean/true_class_hide_craze_heatmap.png,figures/phase9/gradcam/P9A-008/mobilenet_v3_small/seed_43/clean/true_class_hide_craze_overlay.png
P9A-008,464_1,mobilenet_v3_small,43,clean,clean,clean,predicted_class,2,surface_injure,surface_injure,hide_craze,features.12,1x576x7x7,e2c1cfd91c9ceb6030fa24eba80b4481f93f8afb28be2f9f5e27946b019ed3e7,7dd6d8689dd85960dfc794033afbab9cdd9128b216a2ff5ac222e0e2c11cf068,frozen_imagenet_normalization_on_224x224_phase3_pixels,independent_per_map_minmax_after_relu,13d491fe0c2675f450579eae64a1d07d3d925e8db7ee33996ea53fedc2bddacd,True,0.0,1.0,figures/phase9/gradcam/P9A-008/mobilenet_v3_small/seed_43/clean/input_rgb.png,figures/phase9/gradcam/P9A-008/mobilenet_v3_small/seed_43/clean/annotation_overlay.png,figures/phase9/gradcam/P9A-008/mobilenet_v3_small/seed_43/clean/predicted_class_surface_injure_heatmap.png,figures/phase9/gradcam/P9A-008/mobilenet_v3_small/seed_43/clean/predicted_class_surface_injure_overlay.png
P9A-020,209_0,mobilenet_v3_small,43,gaussian_blur_severe,clean,clean,true_class,5,hide_craze,hide_craze,hide_craze,features.12,1x576x7x7,e2c1cfd91c9ceb6030fa24eba80b4481f93f8afb28be2f9f5e27946b019ed3e7,7dd6d8689dd85960dfc794033afbab9cdd9128b216a2ff5ac222e0e2c11cf068,frozen_imagenet_normalization_on_224x224_phase3_pixels,independent_per_map_minmax_after_relu,653edb5ed2a70b4f279345d81ce35abfe787026209394b5bf63eea251bebcec8,True,0.0,1.0,figures/phase9/gradcam/P9A-020/mobilenet_v3_small/seed_43/clean/input_rgb.png,figures/phase9/gradcam/P9A-020/mobilenet_v3_small/seed_43/clean/annotation_overlay.png,figures/phase9/gradcam/P9A-020/mobilenet_v3_small/seed_43/clean/true_class_hide_craze_heatmap.png,figures/phase9/gradcam/P9A-020/mobilenet_v3_small/seed_43/clean/true_class_hide_craze_overlay.png
P9A-020,209_0,mobilenet_v3_small,43,gaussian_blur_severe,degraded,gaussian_blur_severe,true_class,5,hide_craze,surface_injure,hide_craze,features.12,1x576x7x7,e2c1cfd91c9ceb6030fa24eba80b4481f93f8afb28be2f9f5e27946b019ed3e7,7dd6d8689dd85960dfc794033afbab9cdd9128b216a2ff5ac222e0e2c11cf068,frozen_imagenet_normalization_on_224x224_phase3_pixels,independent_per_map_minmax_after_relu,219dc77d2d924be3151369512b72ad34f3a840f7a70b7b2b17f1f3a1f68a5f0b,True,0.0,1.0,figures/phase9/gradcam/P9A-020/mobilenet_v3_small/seed_43/degraded/input_rgb.png,figures/phase9/gradcam/P9A-020/mobilenet_v3_small/seed_43/degraded/annotation_overlay.png,figures/phase9/gradcam/P9A-020/mobilenet_v3_small/seed_43/degraded/true_class_hide_craze_heatmap.png,figures/phase9/gradcam/P9A-020/mobilenet_v3_small/seed_43/degraded/true_class_hide_craze_overlay.png
P9A-020,209_0,mobilenet_v3_small,43,gaussian_blur_severe,degraded,gaussian_blur_severe,predicted_class,2,surface_injure,surface_injure,hide_craze,features.12,1x576x7x7,e2c1cfd91c9ceb6030fa24eba80b4481f93f8afb28be2f9f5e27946b019ed3e7,7dd6d8689dd85960dfc794033afbab9cdd9128b216a2ff5ac222e0e2c11cf068,frozen_imagenet_normalization_on_224x224_phase3_pixels,independent_per_map_minmax_after_relu,2fa015ad31179e82955ca8879aaa6d47c9a4322516a4357f721f3be22d24f225,True,0.0,1.0,figures/phase9/gradcam/P9A-020/mobilenet_v3_small/seed_43/degraded/input_rgb.png,figures/phase9/gradcam/P9A-020/mobilenet_v3_small/seed_43/degraded/annotation_overlay.png,figures/phase9/gradcam/P9A-020/mobilenet_v3_small/seed_43/degraded/predicted_class_surface_injure_heatmap.png,figures/phase9/gradcam/P9A-020/mobilenet_v3_small/seed_43/degraded/predicted_class_surface_injure_overlay.png
P9A-032,51_0,mobilenet_v3_small,43,brightness_severe,clean,clean,true_class,0,craze,corrosion,craze,features.12,1x576x7x7,e2c1cfd91c9ceb6030fa24eba80b4481f93f8afb28be2f9f5e27946b019ed3e7,7dd6d8689dd85960dfc794033afbab9cdd9128b216a2ff5ac222e0e2c11cf068,frozen_imagenet_normalization_on_224x224_phase3_pixels,independent_per_map_minmax_after_relu,fadf0ebcba00737e320c38e80cdbea52247a0795689c73677e5e009f695599e7,True,0.0,1.0,figures/phase9/gradcam/P9A-032/mobilenet_v3_small/seed_43/clean/input_rgb.png,figures/phase9/gradcam/P9A-032/mobilenet_v3_small/seed_43/clean/annotation_overlay.png,figures/phase9/gradcam/P9A-032/mobilenet_v3_small/seed_43/clean/true_class_craze_heatmap.png,figures/phase9/gradcam/P9A-032/mobilenet_v3_small/seed_43/clean/true_class_craze_overlay.png
P9A-032,51_0,mobilenet_v3_small,43,brightness_severe,clean,clean,predicted_class,1,corrosion,corrosion,craze,features.12,1x576x7x7,e2c1cfd91c9ceb6030fa24eba80b4481f93f8afb28be2f9f5e27946b019ed3e7,7dd6d8689dd85960dfc794033afbab9cdd9128b216a2ff5ac222e0e2c11cf068,frozen_imagenet_normalization_on_224x224_phase3_pixels,independent_per_map_minmax_after_relu,ba64089e7bb93e8674aa0761d0de3a27ce3935407ec765e0b7810837cbf03614,True,0.0,1.0,figures/phase9/gradcam/P9A-032/mobilenet_v3_small/seed_43/clean/input_rgb.png,figures/phase9/gradcam/P9A-032/mobilenet_v3_small/seed_43/clean/annotation_overlay.png,figures/phase9/gradcam/P9A-032/mobilenet_v3_small/seed_43/clean/predicted_class_corrosion_heatmap.png,figures/phase9/gradcam/P9A-032/mobilenet_v3_small/seed_43/clean/predicted_class_corrosion_overlay.png
P9A-032,51_0,mobilenet_v3_small,43,brightness_severe,degraded,brightness_severe,true_class,0,craze,corrosion,craze,features.12,1x576x7x7,e2c1cfd91c9ceb6030fa24eba80b4481f93f8afb28be2f9f5e27946b019ed3e7,7dd6d8689dd85960dfc794033afbab9cdd9128b216a2ff5ac222e0e2c11cf068,frozen_imagenet_normalization_on_224x224_phase3_pixels,independent_per_map_minmax_after_relu,0b5ef025f889dd0e58ecf93eee57cdf42a6a1f0e85b85def2baa4007d50f3330,True,0.0,1.0,figures/phase9/gradcam/P9A-032/mobilenet_v3_small/seed_43/degraded/input_rgb.png,figures/phase9/gradcam/P9A-032/mobilenet_v3_small/seed_43/degraded/annotation_overlay.png,figures/phase9/gradcam/P9A-032/mobilenet_v3_small/seed_43/degraded/true_class_craze_heatmap.png,figures/phase9/gradcam/P9A-032/mobilenet_v3_small/seed_43/degraded/true_class_craze_overlay.png
P9A-032,51_0,mobilenet_v3_small,43,brightness_severe,degraded,brightness_severe,predicted_class,1,corrosion,corrosion,craze,features.12,1x576x7x7,e2c1cfd91c9ceb6030fa24eba80b4481f93f8afb28be2f9f5e27946b019ed3e7,7dd6d8689dd85960dfc794033afbab9cdd9128b216a2ff5ac222e0e2c11cf068,frozen_imagenet_normalization_on_224x224_phase3_pixels,independent_per_map_minmax_after_relu,ea7e85037ab621f5faf99de682e9ac6fa850ef0538fc9ba5fcf74a9f1cb65b2c,True,0.0,1.0,figures/phase9/gradcam/P9A-032/mobilenet_v3_small/seed_43/degraded/input_rgb.png,figures/phase9/gradcam/P9A-032/mobilenet_v3_small/seed_43/degraded/annotation_overlay.png,figures/phase9/gradcam/P9A-032/mobilenet_v3_small/seed_43/degraded/predicted_class_corrosion_heatmap.png,figures/phase9/gradcam/P9A-032/mobilenet_v3_small/seed_43/degraded/predicted_class_corrosion_overlay.png
P9A-037,464_1,mobilenet_v3_small,43,gaussian_blur_severe,clean,clean,true_class,5,hide_craze,surface_injure,hide_craze,features.12,1x576x7x7,e2c1cfd91c9ceb6030fa24eba80b4481f93f8afb28be2f9f5e27946b019ed3e7,7dd6d8689dd85960dfc794033afbab9cdd9128b216a2ff5ac222e0e2c11cf068,frozen_imagenet_normalization_on_224x224_phase3_pixels,independent_per_map_minmax_after_relu,835735023dd6a54339c5a2af7a89a32ef4c803259079bc3963943a68643059af,True,0.0,1.0,figures/phase9/gradcam/P9A-037/mobilenet_v3_small/seed_43/clean/input_rgb.png,figures/phase9/gradcam/P9A-037/mobilenet_v3_small/seed_43/clean/annotation_overlay.png,figures/phase9/gradcam/P9A-037/mobilenet_v3_small/seed_43/clean/true_class_hide_craze_heatmap.png,figures/phase9/gradcam/P9A-037/mobilenet_v3_small/seed_43/clean/true_class_hide_craze_overlay.png
P9A-037,464_1,mobilenet_v3_small,43,gaussian_blur_severe,clean,clean,predicted_class,2,surface_injure,surface_injure,hide_craze,features.12,1x576x7x7,e2c1cfd91c9ceb6030fa24eba80b4481f93f8afb28be2f9f5e27946b019ed3e7,7dd6d8689dd85960dfc794033afbab9cdd9128b216a2ff5ac222e0e2c11cf068,frozen_imagenet_normalization_on_224x224_phase3_pixels,independent_per_map_minmax_after_relu,13d491fe0c2675f450579eae64a1d07d3d925e8db7ee33996ea53fedc2bddacd,True,0.0,1.0,figures/phase9/gradcam/P9A-037/mobilenet_v3_small/seed_43/clean/input_rgb.png,figures/phase9/gradcam/P9A-037/mobilenet_v3_small/seed_43/clean/annotation_overlay.png,figures/phase9/gradcam/P9A-037/mobilenet_v3_small/seed_43/clean/predicted_class_surface_injure_heatmap.png,figures/phase9/gradcam/P9A-037/mobilenet_v3_small/seed_43/clean/predicted_class_surface_injure_overlay.png
P9A-037,464_1,mobilenet_v3_small,43,gaussian_blur_severe,degraded,gaussian_blur_severe,true_class,5,hide_craze,surface_injure,hide_craze,features.12,1x576x7x7,e2c1cfd91c9ceb6030fa24eba80b4481f93f8afb28be2f9f5e27946b019ed3e7,7dd6d8689dd85960dfc794033afbab9cdd9128b216a2ff5ac222e0e2c11cf068,frozen_imagenet_normalization_on_224x224_phase3_pixels,independent_per_map_minmax_after_relu,1b99a3df7644b3ddff82b7807f4242f3363e1a270b3849ad871217aece3d8435,True,0.0,1.0,figures/phase9/gradcam/P9A-037/mobilenet_v3_small/seed_43/degraded/input_rgb.png,figures/phase9/gradcam/P9A-037/mobilenet_v3_small/seed_43/degraded/annotation_overlay.png,figures/phase9/gradcam/P9A-037/mobilenet_v3_small/seed_43/degraded/true_class_hide_craze_heatmap.png,figures/phase9/gradcam/P9A-037/mobilenet_v3_small/seed_43/degraded/true_class_hide_craze_overlay.png
P9A-037,464_1,mobilenet_v3_small,43,gaussian_blur_severe,degraded,gaussian_blur_severe,predicted_class,2,surface_injure,surface_injure,hide_craze,features.12,1x576x7x7,e2c1cfd91c9ceb6030fa24eba80b4481f93f8afb28be2f9f5e27946b019ed3e7,7dd6d8689dd85960dfc794033afbab9cdd9128b216a2ff5ac222e0e2c11cf068,frozen_imagenet_normalization_on_224x224_phase3_pixels,independent_per_map_minmax_after_relu,fec602dda355b922e6271ae3881c4f28373c20c477fe03d9f0da58ab5872670e,True,0.0,1.0,figures/phase9/gradcam/P9A-037/mobilenet_v3_small/seed_43/degraded/input_rgb.png,figures/phase9/gradcam/P9A-037/mobilenet_v3_small/seed_43/degraded/annotation_overlay.png,figures/phase9/gradcam/P9A-037/mobilenet_v3_small/seed_43/degraded/predicted_class_surface_injure_heatmap.png,figures/phase9/gradcam/P9A-037/mobilenet_v3_small/seed_43/degraded/predicted_class_surface_injure_overlay.png
P9A-051,546_0,mobilenet_v3_small,43,brightness_severe,clean,clean,true_class,1,corrosion,surface_injure,corrosion,features.12,1x576x7x7,e2c1cfd91c9ceb6030fa24eba80b4481f93f8afb28be2f9f5e27946b019ed3e7,7dd6d8689dd85960dfc794033afbab9cdd9128b216a2ff5ac222e0e2c11cf068,frozen_imagenet_normalization_on_224x224_phase3_pixels,independent_per_map_minmax_after_relu,1f573011f559708b4a5cae32112c15b727dc762ed2f6b7eed101174fb9a85970,True,0.0,1.0,figures/phase9/gradcam/P9A-051/mobilenet_v3_small/seed_43/clean/input_rgb.png,figures/phase9/gradcam/P9A-051/mobilenet_v3_small/seed_43/clean/annotation_overlay.png,figures/phase9/gradcam/P9A-051/mobilenet_v3_small/seed_43/clean/true_class_corrosion_heatmap.png,figures/phase9/gradcam/P9A-051/mobilenet_v3_small/seed_43/clean/true_class_corrosion_overlay.png
P9A-051,546_0,mobilenet_v3_small,43,brightness_severe,clean,clean,predicted_class,2,surface_injure,surface_injure,corrosion,features.12,1x576x7x7,e2c1cfd91c9ceb6030fa24eba80b4481f93f8afb28be2f9f5e27946b019ed3e7,7dd6d8689dd85960dfc794033afbab9cdd9128b216a2ff5ac222e0e2c11cf068,frozen_imagenet_normalization_on_224x224_phase3_pixels,independent_per_map_minmax_after_relu,89a51a65249ac805103557424abc834288127322e061adc1e5b8b10aee50df88,True,0.0,1.0,figures/phase9/gradcam/P9A-051/mobilenet_v3_small/seed_43/clean/input_rgb.png,figures/phase9/gradcam/P9A-051/mobilenet_v3_small/seed_43/clean/annotation_overlay.png,figures/phase9/gradcam/P9A-051/mobilenet_v3_small/seed_43/clean/predicted_class_surface_injure_heatmap.png,figures/phase9/gradcam/P9A-051/mobilenet_v3_small/seed_43/clean/predicted_class_surface_injure_overlay.png
P9A-051,546_0,mobilenet_v3_small,43,brightness_severe,degraded,brightness_severe,true_class,1,corrosion,corrosion,corrosion,features.12,1x576x7x7,e2c1cfd91c9ceb6030fa24eba80b4481f93f8afb28be2f9f5e27946b019ed3e7,7dd6d8689dd85960dfc794033afbab9cdd9128b216a2ff5ac222e0e2c11cf068,frozen_imagenet_normalization_on_224x224_phase3_pixels,independent_per_map_minmax_after_relu,d9d07e73091c74dff711ea24be925125bc298c5ed78e24975cca60d21e0f6f72,True,0.0,1.0,figures/phase9/gradcam/P9A-051/mobilenet_v3_small/seed_43/degraded/input_rgb.png,figures/phase9/gradcam/P9A-051/mobilenet_v3_small/seed_43/degraded/annotation_overlay.png,figures/phase9/gradcam/P9A-051/mobilenet_v3_small/seed_43/degraded/true_class_corrosion_heatmap.png,figures/phase9/gradcam/P9A-051/mobilenet_v3_small/seed_43/degraded/true_class_corrosion_overlay.png
P9A-052,546_1,mobilenet_v3_small,43,brightness_severe,clean,clean,true_class,1,corrosion,hide_craze,corrosion,features.12,1x576x7x7,e2c1cfd91c9ceb6030fa24eba80b4481f93f8afb28be2f9f5e27946b019ed3e7,7dd6d8689dd85960dfc794033afbab9cdd9128b216a2ff5ac222e0e2c11cf068,frozen_imagenet_normalization_on_224x224_phase3_pixels,independent_per_map_minmax_after_relu,dab3adab7fe0266ff4ea11b5c9b8537c3ce49a32d9f3a5f7b31cb87ad079acef,True,0.0,1.0,figures/phase9/gradcam/P9A-052/mobilenet_v3_small/seed_43/clean/input_rgb.png,figures/phase9/gradcam/P9A-052/mobilenet_v3_small/seed_43/clean/annotation_overlay.png,figures/phase9/gradcam/P9A-052/mobilenet_v3_small/seed_43/clean/true_class_corrosion_heatmap.png,figures/phase9/gradcam/P9A-052/mobilenet_v3_small/seed_43/clean/true_class_corrosion_overlay.png
P9A-052,546_1,mobilenet_v3_small,43,brightness_severe,clean,clean,predicted_class,5,hide_craze,hide_craze,corrosion,features.12,1x576x7x7,e2c1cfd91c9ceb6030fa24eba80b4481f93f8afb28be2f9f5e27946b019ed3e7,7dd6d8689dd85960dfc794033afbab9cdd9128b216a2ff5ac222e0e2c11cf068,frozen_imagenet_normalization_on_224x224_phase3_pixels,independent_per_map_minmax_after_relu,26344ce492d576b66215e4e0f41cc35520eb3016191a480a754a78813f20db88,True,0.0,1.0,figures/phase9/gradcam/P9A-052/mobilenet_v3_small/seed_43/clean/input_rgb.png,figures/phase9/gradcam/P9A-052/mobilenet_v3_small/seed_43/clean/annotation_overlay.png,figures/phase9/gradcam/P9A-052/mobilenet_v3_small/seed_43/clean/predicted_class_hide_craze_heatmap.png,figures/phase9/gradcam/P9A-052/mobilenet_v3_small/seed_43/clean/predicted_class_hide_craze_overlay.png
P9A-052,546_1,mobilenet_v3_small,43,brightness_severe,degraded,brightness_severe,true_class,1,corrosion,corrosion,corrosion,features.12,1x576x7x7,e2c1cfd91c9ceb6030fa24eba80b4481f93f8afb28be2f9f5e27946b019ed3e7,7dd6d8689dd85960dfc794033afbab9cdd9128b216a2ff5ac222e0e2c11cf068,frozen_imagenet_normalization_on_224x224_phase3_pixels,independent_per_map_minmax_after_relu,ffa170465136103c60e7277bdcc93fcbd753695758eabe5e59e3cefa5ba4956b,True,0.0,1.0,figures/phase9/gradcam/P9A-052/mobilenet_v3_small/seed_43/degraded/input_rgb.png,figures/phase9/gradcam/P9A-052/mobilenet_v3_small/seed_43/degraded/annotation_overlay.png,figures/phase9/gradcam/P9A-052/mobilenet_v3_small/seed_43/degraded/true_class_corrosion_heatmap.png,figures/phase9/gradcam/P9A-052/mobilenet_v3_small/seed_43/degraded/true_class_corrosion_overlay.png
