source_image_id,filename,split,width,height,sha256,pixel_sha256,annotation_source,number_of_boxes,number_of_classes
0,0.jpg,validation,1024,1024,362547ff383c509ca25a782c5a168fe6153eb3642980ff1e7b6eec2ab022105b,c6c564351a05cdf55c05af19534b9ab226767353114575317a18c0fb657cb9d8,primary,1,1
1,1.jpg,train,1024,1024,9caf2d6b0ee4b215fc1e614916d8e89738621b52c6b23b15682b4cf2736b9b87,fb13fd870c46d921ece6735ed9af94754f8e429ec6289e57c21801d9ebda579b,primary,1,1
2,2.jpg,train,1024,1024,f26299242481246c605cb64d6fe573fb94c32932de4927c750d491f04caf767f,704bab395199a916ac38f0cead0ffcf5802dcc95b0c864aba07fdf62ffaa255a,primary,1,1
3,3.jpg,validation,1024,1024,77f92d5aa52ecd64e00c308d321552bf6ed600d9c74187f7498e63b460a6c86c,3d0b8a40127277c506471645a166ba7b5d0c234eefce7eacb4e19039533db31c,primary,1,1
4,4.jpg,train,1024,1024,09de11f671f5cadf81721e2368400356968df5100a90962893f7acd3b6eccb93,8b865f26ffc458faae112cd0a0c748a3a57462018e5dbab097dfbe6c0b6c063f,primary,1,1
5,5.jpg,train,1024,1024,6f728a07947e0e63d088229918d9029db9bbc0959f0d927983b3436b16d3565a,51e6f89199ae25a7deb4c5468a68ef0fc0b4c73cc2c31f064cb9408efde02379,primary,3,1
6,6.jpg,train,1024,1024,fcc96028ed4dbaa2f02935c0eebc6f914582ceefc2e6b46e7b8f31c4914be51b,94ebb78f4a4d5aaa0de2c64b0fb729db2cabbd5e3756d5ae3af1a2e587738ff0,primary,1,1
7,7.jpg,validation,1024,1024,a6f31a5b9c830a697fb2d2a60fed63c698d23d386a7d7fa765fc1dc91d3c02d2,b49d89c19fe278a4ca549236bcef5d099da6b350ef6947bd601b6986cb9a7e14,primary,1,1
8,8.jpg,train,1024,1024,6287575d33c0af33cf6bc4d9cae2634543ba7c866419943fb3383899c104a20a,ee1b9d2397ebefb78b4d9c755678ff01afaf8636b6b2f08a206ff1b35443840b,primary,1,1
9,9.jpg,train,1024,1024,0dfb269a508c3696d7eba9fbc960d355bf376d67300752870b99f93745f0ff1e,7ba42387ea9a99ffd5590a92122bfd325d78ec0a5ff754448e91445128fba49d,primary,1,1
10,10.jpg,train,1024,1024,91c8443f67d652e341707508f75ca6a91a7555a7428646e1ee3480892cf326e7,46eac51f49707742b8c7fcfd9288ce48e812dcaac41eacf970dbf4ecac2158bf,primary,2,2
11,11.jpg,validation,1024,1024,a6eeaecbb5ec2600788b2e4fbef9a5b056e15f67f128fef4f7f10501559e26c7,0c37aeedfd797809618b39b9ea9019dce17097ee96522505508449c1d44400a0,primary,1,1
12,12.jpg,train,1024,1024,807b2ed999e9ddecd066d28b26426dba716556fd94fd64bc3fc7d208b55e9fc9,73da3eb5de5433ba1ed2e3b1b103e1d6e6e6f0bdf9936326e813db94f9125c47,primary,1,1
13,13.jpg,test,1024,1024,358329e3df591068ae6a387fa71adeb896afe3bebee86fac645857aedc048cc3,92e1d615c4fd13b4208fcb8cf7f51405868af3d1f38e1a354b0ce5c45988bedf,primary,2,1
14,14.jpg,train,1024,1024,2b0e626ca952b0cc524057f50dba8818d052782ea4ec862e1556d6aef1e03586,419ffa80e7caed629c01b1676b309c1f7a3d070d4104eb2be7f831f599b171e4,primary,2,2
15,15.jpg,train,1024,1024,082cface59da24cd88b0045a38343b8c5d04245cb9ca5412521edd36fc62b858,8912ad02e921f01eb999af4f72fc19323da962a67df96ed959585d362bba075a,primary,1,1
16,16.jpg,train,1024,1024,ce0672e3d2f3db47b1bd8ce200cebb92fae13b8038d02b3905c4f8fd8b50fcf2,fde7408e520019ed84e3485deacdac56b00d7deb2fa9bd8ddfc009fee305b088,primary,1,1
17,17.jpg,train,1024,1024,b2fa427df6a79f2843894e5394eb5d965f2b3b79a04a950389ac0a9111fc4516,c16e7ec39e4a63aa0c4eba5bf42d46d20d0c7114e4fe194bde6b22829b8d5fef,primary,1,1
18,18.jpg,train,1024,1024,f48241f15506c239c9d590a2cef8a5c04ed1a4574e2eabb384e47c9c3c86ed65,dafe4fadb204fd8a09ee7aa442263ae40f5f3b10971b2ac786aae7f578b88cd2,primary,1,1
19,19.jpg,validation,1024,1024,20f73bda4c65c841583ceb0fe84fb7da635363157780d831d77f043981b053f4,8b5f03d18bd4896b3ffcf82484b391c1ec06d987f315c61b3c25515bf95601ce,primary,2,1
20,20.jpg,train,1024,1024,07cbc349d4b7eb5fdedfa8e56b5ba7e0da385757c48cfe0e8d67c4337e58ce16,3ca61750e07bcedc0261a42134e537fb91805aa3e6c3a70bea6c00be8212a373,primary,1,1
21,21.jpg,validation,1024,1024,0b3bec5329f4ed16238826c386461beb3b01b2974068a17d41a49426b91c45ad,26f0d2543afb5c2b664d6f1915b11c3639aa1ad7c46614ee086171ca7d2799ca,primary,1,1
22,22.jpg,train,1024,1024,29107b9d185279fdf216c5fe3ae01d20252fc4d6898037b02ebc86ecf571fb83,8f61d0a867f4ae14e5cd13dfba3fec57e268ff5e8bdaa963374cd8ea86601bd1,primary,1,1
23,23.jpg,train,1024,1024,a9e5548d3d6b0210fc1abe88cb6233a0f474d6160f029c3533340f269cc104fb,ec6b92a16ef9d4f9c34621b7c3a8ba350ec63aebaf6081f1965140d8e7a08f74,primary,1,1
24,24.jpg,train,1024,1024,33accffbeb08d3b4b3ab64357715e1d86b7342f3bed200405dbf787313ed460a,ece10836528ecc54a0b03a484244df7f5706721e98028c372e38fe1060898f01,primary,1,1
25,25.jpg,train,1024,1024,e311e45fe9e5fe531f942b8cb338222a88a69266a9c284c8024bf26a41480d51,5060750115a3817dce827c831d2e487ba11cba3c867d8c6695b9188cc757b356,primary,1,1
26,26.jpg,train,1024,1024,091d06e7a0c9a4a3e2b9d8cdd84fe1043404c1462e1f30d3add5102d860148af,bd09d158f1be6ac2d4bdb4921886b2af416fa3e8f773b8f4ea436db58f9ee1f5,primary,1,1
27,27.jpg,train,1024,1024,b4d95721b46f1071080136bdcc0af991d0ed084d54c35ff4f3c24e503643c169,0e11aee014c1105d8dccb2d49300fd35cd8667129832da56b6025affac05a37b,primary,3,1
28,28.jpg,train,1024,1024,6b906dcf479a3acdecef686198086648d7b95dabb780eeeb1c543e72bc33fcb2,2020ca844043a54c392a8abf52b5001ea205d37b8c124da1d0321382131f99fb,primary,1,1
29,29.jpg,train,1024,1024,96dddb2d514547799dd9fc2bb1e44282dcf8574ca774c95c3c368b8b06ce6838,d8d8f1480689ec05066bf1385b19f81351ec93f152299cb8cb49847d663383cc,primary,1,1
30,30.jpg,train,1024,1024,8a2681e935865f27d568aefee2bb4424a1880a83637d15c638d88d02acb7a731,59161b207b469aead84b0cf622dffae8a2c0e2ab7e3970b107ff9ef22dc37dec,primary,2,1
31,31.jpg,train,1024,1024,9f5b2c8c8f7ce6a7d68f1a4b1782c80b3010c5a1416be6aaa0746e8891dac935,5867844659026e604a0fcc04e860dfe3fc538788b23eb94e2c1a4f446ac324f3,primary,2,1
32,32.jpg,test,1024,1024,77abf41eafe2a8e6759d50a55d6ce206e7bc1d4583d2aea1735f49c0f0fc6a10,84f9d76f14a97946644292106cae7bbf89bea2c2d14cbee6b714484b7a2c09d6,primary,2,1
33,33.jpg,train,1024,1024,d570bc62c3682ba82e5cf7177383b38f1bb82cee16fd44ea5c625eed22002aa3,8cc4d7c117dc2747d3cea03008f53e8d3014b70aef3a48f013f472a7058c1eac,primary,2,1
34,34.jpg,train,1024,1024,7a52f0b680b59bf9d0f968088d5df7a12308b95430eb708e2748bb8eb50e8d30,89281ed652cedb833915209b0f33aee7bfd560f095bd00037cf4eded5f071e74,primary,2,2
35,35.jpg,train,1024,1024,67d0169a1654a8ad9c7ee8d12788f01e0b84f70ee9ff60bed8fbe61d8385499f,87f0f05176825f13ddc3d0686317f3402f112e1defe7fc5eb0a67cf299bf20a5,primary,2,1
36,36.jpg,train,1024,1024,0214247382840dedea5009e041468fd13faba1102cc0495d9a5823d7367f9896,d5bf165f48472cbc1f1196045df80fae327bc1daaba2e762d25fd0f70867ad44,primary,2,1
37,37.jpg,train,1024,1024,60990b80560fc21f045f41403b928c81bc88468aec6e1e3024c1539bd44ca0c8,348eb1af125f7ea2a9ec1610381fe5fb8f41ea0272afc6672c05dbbee80ec1a2,primary,2,2
38,38.jpg,train,1024,1024,11f9553a678091f719e96cb57f5dca2d5681be23fbd539cec8c5dbf2731add3e,dbcc7f0ea1225c8fd9bf06f12df355420813282ecc5c9d784ecdeaf9d2084d0f,primary,1,1
39,39.jpg,train,1024,1024,a6d8b79c2f81c45f6364dc660e79d07f09dff6c7ab2be42986900c9c6b2bf87f,ba4c3145613e4062957a671618e2c6d6b1f065615398185b7edec793d5d0479a,primary,1,1
40,40.jpg,train,1024,1024,191fc8b7f81a1517a9e28e0e3ef9f25e436d5074bfa3e007828703627fbd826f,02700c66779a5b99a4b6a1ff7179453c3f31e8eb66fd6368871bcd6fa9be53d1,primary,1,1
41,41.jpg,train,1024,1024,680221bfdd02ec8208d76e0f5bd7d6253cadc611ea11e228449075a0215f82ad,c018df4d7aef2d4bdf60cfcdd05ceab79d8ff52dc93902549bd9eb727b33edbc,primary,1,1
42,42.jpg,train,1024,1024,33ead05e0aa5c7b258ae8ed0c1d8ea234dc2ee14de452da2698d06c5a3739001,0f8dc3d5d8e85a9fe7e01acf9eca084b1432f76cf5291b25c32f5cbd46858f2c,primary,3,1
43,43.jpg,train,1024,1024,4b175d68fb1ebe6ab81e76220e4f2b9d059911154c795b0fc7f4047287ce99f8,dd9ffab6fddeb5f163921f06616b12445c3b94075fa6e91d09c10e9f5109aaaf,primary,2,1
44,44.jpg,train,1024,1024,04dece1cda54af3b9873a788cb1c2d9dc41b95a71f2047b29cca5c9a68cc5755,1707a022794e3426dd0e25424db92ff2d8ed124f51d6bf510052768c6c4f08d1,primary,1,1
45,45.jpg,train,1024,1024,8206223b5b212be6bd3b380c31aadea9d64fdb60d0a1e024c95c42ec1d668503,163d12d057c9806324d3893facd508064ea2338e39351ead4201ec7bcd55f1cf,primary,2,1
46,46.jpg,test,1024,1024,d543951cbf574ec2ee58facd129d6c1f27b874f7810a9b2a2e4d1603541646f4,4a28c076ed49a1168a86edb0894e06abd49c08c9a464913bf2ab92412ffc6e68,primary,2,1
47,47.jpg,train,1024,1024,06910a6c6ed2e47d26d9190f02d22b7038140b91edee6017e78b95570e061c4a,d7178a7363ed0a7c4e62e5bdf7ac3700d4d1990d54207a5c14c3010d5a6eb403,primary,3,1
48,48.jpg,test,1024,1024,f97a28e29b915b4e6c2ab8888d4e4e740c7c2f64ebcf9fe703ad3deae44f79a7,b14188ac5292ef764d8b191870267232c2c98d946a8401f32e4771610f7795dd,primary,1,1
49,49.jpg,train,1024,1024,a4e898bb773b14ece1e4db2b2f67328f4cfd033ba8450d4833d4d601e8cb91b9,142c6aba97b036f1982d1c4d526ce59cffd061516562975ac13c790effe694e1,primary,1,1
50,50.jpg,train,1024,1024,60717bb7b5b1d5d336b0d5f188e783e2ad887f488250b416d7c11be9b2b971b2,99edffd0ef51081bbe52aff392642945c55d9e90a93b90718e6cd12a3587b40f,primary,3,1
51,51.jpg,test,1024,1024,93e90d2521db86ae1781cdcde46071c573d31ba3e6dce7a481e44b1cdab20f75,355eca97e0e23f6f0424d3890c3f15efd843ad94e4f1387a3278d7a24358ebd2,primary,2,1
52,52.jpg,train,1024,1024,fa5a91aa3c842464cc5ed767ad6578859fd35f321e9f4be2eb6ef629eace16c5,55dcf95576f56b569be9e898ae3378393019d3d87f78ec9a99e21ab2bbbdf1c7,primary,1,1
53,53.jpg,train,1024,1024,d4d674a47bc1e4549297e3ed197b5ead5454b2b53e3944df64166f92be08fefe,270cd5057b9a986ecdd1f2060026e1be478d9a5ab6b994aa7db18d11ce0925b4,primary,1,1
54,54.jpg,test,1024,1024,5183b3986ea2067c566d5a777d788750dd0f762e3dd051606d3a0bcd168b9d27,ca136811e041b663f831a5e62fc2256314f1831ef5fbeb656fc7bcb8df3d7204,primary,2,1
55,55.jpg,validation,1024,1024,a83701eb9a76665cd3e45c6200d457d6795bf8a474513505dcdc4562b264be35,0b8bd8f92762f568ea41efe9aa7adad2200ae554bba00cd4bfbc3bde018e4bd4,primary,1,1
56,56.jpg,train,1024,1024,f5fba4ed668226386b0f519c8550aa26e382a8a39b3254a730692d382f976055,70e477819a519d5f3f3b7d3463285d76faf7ac3538c02f5fdfc7f6f6cf668b27,primary,4,1
57,57.jpg,test,1024,1024,69cbcbfc0f4fd6a06e9bf33161bb147cf5e66c5097307bb8920d9cbee53aa82b,b1c34ce32241f2e978688c26c84ec658cec3c907fc3aebfa4cceccf6b35ce061,primary,2,2
58,58.jpg,train,1024,1024,cd6355ac9e90a33056a2a4eb327e762ee1349d4c7f99343de90365f8094e913b,a85b40bec96d5366eba934b5f7af765c503a67992e7c280916cb38a1965c86f5,primary,1,1
59,59.jpg,validation,1024,1024,760c65bbc066a994e15fd3f3b04fc4a4d63029016ce0f1f6e4cfba28eb1aa1ef,b34d9d08372eeb147f6e7ca2e50b6b1a6a1ae63ab5e8a338bb732c0b0927df62,primary,1,1
60,60.jpg,validation,1024,1024,1580d16805bdd2b85c3021d4ce1083357db0dbef1a812452632fe92470c8c229,9acb8b2c6d100648e50d3f0ab1a6b9c3d6189f312bb9d0bf0716e0520ecfa3d9,primary,2,2
61,61.jpg,test,1024,1024,3502f5974d65f158802582844b7ecad792d685543b8e9d820317bf08918cd3ca,6d30a0ff3cc3ebf817a097a44af4fc09fd0074e9c1124d94123fc0e39984d362,primary,3,1
62,62.jpg,validation,1024,1024,1480a69bd1ad9fa3a5bf3777e9e1a57abb3b70b88c4ee67c90e6cc11e12dbffa,8f4e8843e3abda8d78502e6e2b331ce21cb24ab7a75045a075f594bce11c6e66,primary,2,2
63,63.jpg,train,1024,1024,7ff936a5b77b340ed59fc6a3e2d1fa88fd86fb86c134149f1914874dbf9772ed,3349720425e2d3e6041d17494b1f9f2dab826f1dee1e9eef22f91b4b9e824044,primary,2,1
64,64.jpg,train,1024,1024,78069012304cebf3c6e5a5875a734a2ec1c4f2499f037b3434c5670b3f5b8d55,8e7245df786edd9fefa0f23e9daab5cf7430ec5f99b8937457b2f8d3de8410c0,primary,1,1
65,65.jpg,test,1024,1024,8ff2983284bffe8a8d3cf9b912d5bf813b220b48f869560ac9893affc86898d7,6f000ee6ec19e356040a124d2fccb2aa1212e1c81e9005100df274dcf87d57b3,primary,1,1
66,66.jpg,train,1024,1024,8ce21311247ac2749accea15751084ac4f53481b547f65fb791cb6acd023246a,eb5fcb252df0c148bd6754054ad32ebc8adcb39a19209f2029d783e71f2d837b,primary,2,1
67,67.jpg,test,1024,1024,4a4a7ee8f01d53cb473f61fcf0f334af32dad86c78b034ee7ba02592c647565c,06a0370a4714d4c36744933fb486e2817bdbecb7bd6ef43fd95727cf6822fb88,primary,1,1
68,68.jpg,train,1024,1024,fcdc3ac634500b63b9217aceedaf4435beb08854115c130b5d7b31c28d64f5cc,f11dc2106dcd0510bbeaf5a3d239f0fec28b804a683dbae493ca0b69c228847a,primary,2,1
69,69.jpg,validation,1024,1024,a2bc9d418b9d4304aee4cad2a7f90ced432644ee3f4257f233f1379f0acc1e7c,25531fb027c891574196267345d807d6ef3f9182eaa55f1065662bf647e40d22,primary,2,1
70,70.jpg,validation,1024,1024,75c138f4c56a177242d0863c1500b1c04d167b7ff051cb096aedfa0b748ce39e,5a691c7ef002cb3fac1e12c283b1f832f65b3a0acd11357c998a83391ff2a5e7,primary,2,1
71,71.jpg,test,1024,1024,75bbbaa02951587dd92e6ba49a30ff4afbe5c2163c7ed666b7197a89504eac73,78b35476edc0c998902230b5caa36d7a44f38cda58df2ae856d7904a7803f160,primary,1,1
72,72.jpg,validation,1024,1024,4489afe5514093241e4f31a610299db842ad6085f3c8e75089b009a8c63a4789,6691de1ff11fe55be6c510b3830b9652e024f69221023cd934f339e51ca6bd51,primary,1,1
73,73.jpg,test,1024,1024,ced7416a8431908bb14ae30b09631e9d35ffac896bfdeb70380223cc31efb612,8a8219fef5d857cfe39b3cc50974d48d981c8bca159244e55d5a9d27a5506b89,primary,1,1
74,74.jpg,train,1024,1024,3f65bdbcf604440e13f02b08b95dafecb3b7d64720de8dc01dd6c81c917d0609,6fbbe81bbe1e72d2aa2e0362cbe390d728607593c948e6adb6ca230a6fc6f6cf,primary,1,1
75,75.jpg,train,1024,1024,a6756addf0231053f260dc7bd275e6a305ef1391be25a8845e8c220115bc5e83,088050976d9c653ec942be87643c0f8df30fcb019ba79dc5182fdbe5a2ccae2e,primary,2,1
76,76.jpg,train,1024,1024,6d4a37f95931ecbac9017530205931871ca5550a221e9fa80136dbe83165676a,8b757bb96a1ed7ccfaa80de08cd163c9232ec700bc246d690b9ec596c30bca95,primary,1,1
77,77.jpg,validation,1024,1024,5641b75867b1f87dc941b3707af52756271c78dd3d400db589a9a28233eced88,f250cee01529a609b2447ae9576bd34925c8a5cbd1f13f95c3f9c18cd1d4be2d,primary,1,1
78,78.jpg,train,1024,1024,41b35569a3cd536441a1a7a86bfcbb030f9ecc1f07cd7bebb94f55fb668e264b,d1ac458d9cca6e1db6b48b7ff30df514dd140dd948359d1a4188bc3f85099faf,primary,1,1
79,79.jpg,train,1024,1024,e89e39b37b6149d6c018f0b8963b5ceb513d6cfc4d0bc58bff8862f1cf51efc6,4fc29ec4a26882ecb1017f7e943df62d8caa9210d56855cb58416464ef367eac,primary,1,1
81,81.jpg,test,1024,1024,8a53be32556a362c61806790f817e79bb97116cde009d17d403ee783671033d8,6756a982d1bfc795eab9d9c24688531bc1143fed8f1c78d989c2c6d2afbae122,primary,3,1
82,82.jpg,train,1024,1024,738a178e8f2873606fa2bfcc66e6f07beeed88b876ff7b29fa9147615d7c090e,4afe9cb73da72bf7bf03d9bbabaeeab191a628d6b5582417053e85689f4e83d6,primary,1,1
83,83.jpg,train,1024,1024,a7bab4633b18f120620d6a37388d5c2c3051caa5a35292de196446e959fc09f4,b1587e5bfcae281954e09f01d11259b880b15197ab9e233a855d6d26f3e53047,primary,2,1
84,84.jpg,train,1024,1024,ca3c270e59b042560566876eedbfc129bd679dc5640eaa5d3484a033e5087b34,f5f37c224d4ff11a854d1fd2b9e3bd3542ac5116ffbd9cdc3a83259c8be36406,primary,1,1
85,85.jpg,train,1024,1024,a25a9f279a2f56039402010408d3a233ee0c0f02f06e13700baee234e2b6080a,fe703588f033a26ed35dded361a8c35687157b8691f2dce01c8cede5f16f24b1,primary,1,1
86,86.jpg,train,1024,1024,4b1033bb1ea30818e73bf75954e192568d4a19a8680886156bfe8946b9c7ab22,3bc3eb5e301e39cd42fc36f47c91ad15e9faff2cc829a983038bf1d684f924c7,primary,1,1
87,87.jpg,validation,1024,1024,5d98b3a2f6de2a700d1f5ac195978550101cdbd2d8261bab8778af6326185de6,e17c500bfe67f33d77ec2583677f9f37f954c165a2e5fa0012d6150c1adcb74f,primary,1,1
88,88.jpg,test,1024,1024,77209c6be6cedeaa8dde8ce8e3b3dfe6383ff5f2d7059bc9b0d211731bb437ee,82b9a82d23f3f48f11c797d4949a6c0e07c191ff63b6b324b1c0db2f159b8d67,primary,1,1
89,89.jpg,train,1024,1024,bcd6fd5c8e6e5da78b6f5b0526c66db9b42feac80b95cbb2c20b52ab2cb6a1fe,b84b231af1b0e4abd00608141dd68ec67024a1b16e3f93b7c66acb122b0d09dc,primary,2,1
90,90.jpg,train,1024,1024,382735c6d8314c8ea4066e52abe2b5615687abcc693a4ce4b6677c2fa77fe1c8,3587da0404b49b6ebae4c05fd9b2a40d2b16105d4f995a88cd2e128404eaf2d9,primary,3,1
91,91.jpg,train,1024,1024,20abebc725084c47071c38f580f112b714e577937a281fd674f6da71b71d1bec,08fb8f2b4881b9833bf8dddebac42d9fda3c122d2938816af3388a7ac3a52630,primary,1,1
92,92.jpg,train,1024,1024,90c4ae078b571b301b39c27679f961fbce84f74cb009c64f651a21fcd0d6dff1,cacc3da1b1cf7b667af0b7e5b15b648f2e5e6e4dea8fe76d7a384aff075bcf77,primary,1,1
93,93.jpg,test,1024,1024,38c5ce8f77aa3ceecd6479f6ad671c5890cd7e3a82218101491a8bf16d0ee801,7dd470872d69ee0216c907f903ef92295bd3a36f7dc3a6774c133eaad5609247,primary,1,1
94,94.jpg,train,1024,1024,d389ed2413e8cf33da8bce022d27136ee0a9b681f19b3458913bd12b2497c12f,df039ab47030b0c0fa3d2cefef163f52931d23135b24d21478ac6ba867451ecb,primary,2,1
95,95.jpg,train,1024,1024,ff9eafd1b80c3759315b79c178f5238b446021a987b948dbdccb81f75e0b7158,672a726bb00c014ad855775b5434c6316c2eb858c0bb2e1d72cf73c71a8059a7,primary,3,2
96,96.jpg,validation,1024,1024,d21eb7b133d2cbe84d0d055b0217aab72becfa81fd088ed465e61b77ecc426bc,693c535272e3d6616d0c8cdc1ea39f4ac819de25edb20f6f0264da7b5b245496,primary,2,1
97,97.jpg,train,1024,1024,c2ccce5150f9ad83d1a353a51d17afc05dfa128d746d01bf90d3471ed789ed99,1144f1005d29ac951ead940e7c9e7143098d6b2e34403699529eb878301598f9,primary,1,1
99,99.jpg,validation,1024,1024,96e3be88150041069f94753f02a6294f030526febd056d866392fdc39da796a0,b0060d425ed69f8a58684e51e6d3fc6385d5e113badacec8df22c4d7d003edeb,primary,1,1
100,100.jpg,validation,1024,1024,1ca79058b7194215941abc691cd925eb4b009a799ff6953900a71754912be6db,717a24fbedb020b2b88085c625d7373584ed8cc99504033103eff87bf2e6af2a,primary,1,1
101,101.jpg,train,1024,1024,1d505ddbecfb3ce7a041fd37a2c5cdb35d9f954caae0133690a0c87c6ff7be79,ff9bcb2448280a93af7ecd60a0fc631d8bfbefcc3e3177cc496ba68535464ac1,primary,1,1
102,102.jpg,train,1024,1024,78ba890b2ce45e0e5298d34f3910fa2a3b670d8939c43ecb522ffc73ff744ea4,089a3d7bf218e33003a2a48f5809dcb68f7fb456b52be01f1ff72c3ec322b5ad,primary,1,1
103,103.jpg,test,1024,1024,71a3c3fe603324f7dc4eed16cae9e587a55165173c2a34eed1fbca119f132c9a,a9928b492fdbfdeb8ab0dc8fa5c2bd2e78c15453ce69bff981a75119b92de32b,primary,1,1
104,104.jpg,train,1024,1024,ad9d93aa6a6e625996e2f3f79bc37347939b7341ad0d8c546aadc259662c0750,d9a6a013803d34a51f56125250b2260f715d43976b215b042542119f1041b762,primary,1,1
106,106.jpg,train,1024,1024,1ff35d6ac3dbdccd4b9d348a18ef58aeeca5decc22349bb3f23edf89bb8b102d,7846834d86b771ec91c53ba25cd07fbd7406713b9d99f9764eee53015a747743,primary,7,1
107,107.jpg,train,1024,1024,d00da8b41e228b0fbd654f95d05222e9858ab6da05950acedd75c05592b5a916,7216ad1fd3c88cc58ffabd3fdc9167743b4d6407ed35fe6ffef13a6ab2e6e31b,primary,2,1
108,108.jpg,validation,1024,1024,0796cf2130ead12ec22b078adfba60781810abfaab9a083638db4eda897d8ee9,762a5e3e23318f32b50f21b7f4d536c097b2e9bfcee49130c1b1e2292b1be55f,primary,3,2
109,109.jpg,train,1024,1024,79e8b1b76bd87b705fff5d66f1441080091e33020b7edd9417686ca86a6b1326,2e8fd8ba8e4eccb1e2fc86d3faa205b408c05904dd15071a9af2c09f1a980a4a,primary,1,1
110,110.jpg,train,1024,1024,c1e06e22bd5ad9822485901953f67eb3771d3ab7c93f1d8eed0cc2aa8f4ac856,5b288b60415195b13ab3528f567f42354c42cd2b73681e44c305d7624e979888,primary,1,1
111,111.jpg,validation,1024,1024,61380e22e62d233997c7aa36692b52476041c972063ef4bbd2ac6a4bfc444b98,32747db9881e9af2c91f1343ba89618ed76babc5a27c6e50f4565ed6baeeda52,primary,1,1
112,112.jpg,test,1024,1024,5e002b7972ff197bd5e6e06cc900b2669796c79f8a66fb8373a185fb77044875,c2ad35cfeaa0917da2d08e0ab8fe7910dc10e94fd6b0659ebea7403dbf3b3878,primary,2,2
113,113.jpg,train,1024,1024,3f22db88431983f7ffb633a61b11e10c53b23eb4c26258f41abea1abf6463b80,f5e8f751e2e6facac5f56b2e2a5a6d32238f40b257d2e0dae823fd6937fe2b66,primary,2,1
114,114.jpg,validation,1024,1024,a3f1e6d8c3b6156f61a7e376b7afc871416997ef6b19ea5bbf76f7c77c114d14,5a1bddc5c631034843654b36084f7050f22d84714d380e91cacd2510ff4e1818,primary,2,1
115,115.jpg,train,1024,1024,65c67b4a2c1154b1f10f554596607a3723a0e685a38ffb155f9e658f7c3830fc,1d82bfd5f3ade2621f9fa59695694d569ef6a5e2bb2f8c8cbec40f73c3281a3e,primary,2,1
116,116.jpg,train,1024,1024,2602355ad79fe4d53313538073e8c29247d906c9e868ff6606cdf4f6684f8e45,91550d89eb44d24ccc0e8492f5e606259cdf1fb0b18b90f950b3ee41d2c12e22,primary,3,2
117,117.jpg,validation,1024,1024,030e755022350316a084bf6ac22171b7af4e712e7283d065669dc418090a96bd,cfe8f53c8a53cefaa85926653ae04bab0b6dd93dd6c2999a0d91301db480e780,primary,1,1
118,118.jpg,train,1024,1024,e7e8b96b6cf08d2a92a62188b1784f126a8fb0650de35657929304a79729b1da,ac46224b8188b89882ebd63fd44af6de7b12bc46fb6922385313e3687188633b,primary,1,1
119,119.jpg,train,1024,1024,e1ff0817e976bd6344f10a721aac39fa845bd140521ce025d778fab288563652,abc2ad198fc7d715c066a7e9c9b0da1e7eb862ad1c8ef6bc63e177146acc75ea,primary,1,1
120,120.jpg,train,1024,1024,755f66288d8ae14658f556b6f26965cad9328ca2e81901c04987f5d4df67fe1e,f2370e7b6a9fa4426537be08b10c1b32c040309f0651ff95aa44faaccab438f2,primary,1,1
121,121.jpg,train,1024,1024,00335f01ea58c32174b9937efc402c046530b26f2227cbdbe92ab23b1cd620a9,53056e711aaf415d7791e27b720175701441fbf4aad1e313d1fa3ced29128b4a,primary,1,1
122,122.jpg,train,1024,1024,b759c84c4e1c8578cfd3e102901bdef813726e39601ce925b2400484d2649cb1,d4a7c46d83edbf87f20ca8c0a2e1bf0bf1125ca9bde7f17ec53ba19be7c15c4c,primary,2,1
123,123.jpg,validation,1024,1024,3c635fd971547687af7f0dd46c026f81eebe4e7efc89f9e5717c3b8f72fed5da,16ec91875a3dc52b02f9f89979ee9456e549418530a579b03d371d13ff454d12,primary,3,1
124,124.jpg,train,1024,1024,e4d879d0a86d49df79feaf25888b4dcfe63f9201663aa8081143f55c5db347b4,bdd10086df7f2e435165b22fedbfe801827eca52cc3732f17b54ac2f1f33a5d8,primary,1,1
125,125.jpg,train,1024,1024,7a156f8839b50576e49dd6cacfe39d344896df4142ec244891278e3cdef34c3f,46be52ca00c64a1fbe1deac08165fb0c65aeffe08419279bb343dc9df6151103,primary,2,1
126,126.jpg,train,1024,1024,07999ec21dd74b4e703e6ac1ced0e3bd5a2c4afdfbe6fea94795338d11fb3c8c,718cb6fa5f74c6137ffda3630b426c224622978dcd60a6e3340fc360dd0bdbf5,primary,4,2
127,127.jpg,train,1024,1024,e68ce1a84ce72e989b39a91d6a9849af1dc74ac5b49b6afcf0b8d4b6088e08f1,a5c0491ae815007f7d2d566d1e76bb19525a15a7cec6cdbe75b26cff66ce8c87,primary,2,1
128,128.jpg,validation,1024,1024,dd1585d99365a70ac588f1427a24d1d73d509cc8df0c99b9e817ceaa2c1a7736,f768fd711152a0ac06bec368004813166ffb6e6ffac497715197a7a0c25225da,primary,1,1
129,129.jpg,train,1024,1024,90fa13b881c4e4aced3e239db24fdec31b7f616a1d61900900a7c3fbe4efbbc2,679e731c83bf5d21165e14d35284e6a4b58ff72c6db9149c78b3afad13149985,primary,1,1
130,130.jpg,train,1024,1024,b638a40db9eb3630b36aa49d9a4e29b1c5926591870e28a8f1eab18de76cd910,decaaebe22f3e1c9b05a806630927116aa798af484266dd1e23ffe138079d0f6,primary,2,1
131,131.jpg,validation,1024,1024,c42157ddfef6bf7fb1c49639f735cc337e75bcc82b718072f5383b22be6ba11f,517095e0cab1c173d75b50c048ebc92f9ffbefc009dae8211f85f672950fd724,primary,1,1
132,132.jpg,train,1024,1024,37591000040d0933110a60ac8415fdc6a96eeafd255b71c0ae2ed08a54d23415,05ca142c42d3ae1911a7ff2f05c4500e38ba1611b5ef5b552e70eaaefc32462a,primary,2,1
133,133.jpg,train,1024,1024,2e3d2a62d6f69d24656edbeb6c930a1f7540b749f23c946caad4e40f2dd97ca9,e66f38ca3ce18a30e2136a375c718db1af7a9020b89fbd66d7b25409ea2eeda2,primary,1,1
134,134.jpg,train,1024,1024,3e1c664008fcdcfceb7f9f483855e192c7fa5296e11b42e78936e9aaf9247ee3,3dc06bf6b3d7bc436ddc3603c70311578c13abe9a8c1aee30f1b18b1c113193c,primary,1,1
136,136.jpg,train,1024,1024,21f18a1a901731c7ba0f3b7b2c5c7e59df8b2859f210be10397b06827e7db129,03212ee96069526c46b28ebfb80483f9788ec7fe6dd53083456e918a828d41ef,primary,1,1
138,138.jpg,train,1024,1024,6b3377dbe8f542477992dff3e446e7129e98a7ffc7169577f2ae24b2af2e7c51,54be0c2ed4a33214a7f66a3063727ee4b859846986effce2f448ccca6cf531e1,primary,1,1
140,140.jpg,train,1024,1024,569b7b6448c6656b610e9c49d03f1371606b4be4cc99707c501f0a57ab7d58c5,a107d8fec29beadee07d23be1f4bbed1ccdb7d81d10eb029e44611e9420971ec,primary,2,1
142,142.jpg,test,1024,1024,082ccd44015dee68883dddb8c5e6853155b443cb5ddbf5cbcd9a22242c40b9d1,37f5db35cdb3cf22c19f04fb4250b1e173d670a947b942070495d2d72c22fa3e,primary,1,1
143,143.jpg,validation,1024,1024,24adf44c1878b21233f74d4f874aee62561cf0436c0418180653bfed09de29ab,599b6c52692544d12d0728e708d21af2d1ce28d005b46b01d6192afd1b9bb946,primary,1,1
144,144.jpg,train,1024,1024,11b4df33ce9231c6c77cacd169ea1348cf212d647b1e0c1cd4cc2d57c4413d9f,89ad53b84dd7fb77f8c5e7e22ab5edba12e5ee4ad540a5e9b82598a4a370937c,primary,4,1
145,145.jpg,train,1024,1024,021d5cffdd15d27fbc31fdcc7901f63f496d91f8e209e6a032101532968494c9,0560464119ef8078c44ef9eb825c2fe39882cf2132c7d6d8f94e68faccfb3ba2,primary,1,1
146,146.jpg,test,1024,1024,f1940ba411199b864416e5a6561c94dce1b5e738d2238f1ac73beb82295a7dce,79f34516503f6ad50a04fd0d90b42902ae94aaf90db70e0472200083936b3cdf,primary,1,1
147,147.jpg,train,1024,1024,2f9d4e149c9bb14c295b2441e148d1bfcd871808bc543c6fdb568ae3463afe1a,24732349f849b05a64ec25c98ac8060ea055590662dd886aa3e7bf0d878d3f66,primary,1,1
148,148.jpg,train,1024,1024,138497904d2ba295f066c200af2a6330d5551db2a553111c9b6d8769cc73a811,89c83461d6b727085d36da5bd9c7f7fa6d7926add41e06bb841c890fbf306d90,primary,2,1
149,149.jpg,train,1024,1024,c246a3aaacfde1562e5b32c88fd77f73a8737bc9e158cc80d7efe1c508704a37,183847e7de992722aa9a9931c35fa96eba51ce783b5f856e12e223dd8b25d859,primary,1,1
151,151.jpg,train,1024,1024,2c5424381346d24799f1de7842b1a1b0626aa1aa936a1b9243a40d431d430171,5b00cebcd38517d7972c5c3ef287e1c3ead44dba16c277bc36567d025ba6ca2b,primary,1,1
152,152.jpg,train,1024,1024,1f89ade802cf2d647481e146136981d19f0f6668a9a4f43b1da956720445f015,ae91cb6ab17fc227f07c70f2667d74ae07c452453204f2383b709bc91e10fe7d,primary,2,1
153,153.jpg,train,1024,1024,d75ae5258cf6eb97a3b1184a7bba75917ba5ffb708b9fd44b7b46f0b893e1eab,c6a488ae839c811993799959c435f3609b892d72c524c4cbdec5de2c907ba1ce,primary,1,1
154,154.jpg,train,1024,1024,d0804461562feedefbdd2995d35ac301d846b034421e4f1ad454dde611e5a964,6170b5e4e5710054532b014ea04f092d39de3cdf5f23fb7e6f3454904e564f40,primary,2,1
155,155.jpg,train,1024,1024,0895c2d2474458a6e002bd7dcb3d4202e5c821d65ed4d8d370fc6d7a06689500,cf4e6ae7dc1209f257c9051f51deba2f6a597f92f170a972d8f3aa4e61c2ec1e,primary,5,2
156,156.jpg,test,1024,1024,e7562d89735f991810654f47a43eec8a05e1c4c9e4e3708e882963bc7fb2b29a,93a0135f11cadc16df09714fda58070f835f3e291ee678d8284639712ea0ad2a,primary,1,1
157,157.jpg,train,1024,1024,e75d2ce53db72043de719239dccbe5d7c88d2d7f1d810c2af7f0bb1aec2164e0,70e79f57d847539517b194b09132baf1683572900f9df88e72c1aa1a92ec7dc1,primary,1,1
158,158.jpg,train,1024,1024,4069d10ab2a992922156152ea209a11ff9bd95ddf5b108df492123aafedef52a,145c6a7fea6ff310553084e54158f35c209dc33dc9a9ef1a56f3981025ba6f97,primary,2,2
159,159.jpg,train,1024,1024,ffe6823c203249fe651476a2ec2666c9a263c368793a62b33ef757a1026898e4,128a271f06c2de9034118a905d595cd6ccde1b0666f52e14ca5220ead5b16885,primary,1,1
160,160.jpg,train,1024,1024,d9c79d5eeb0a3cdb932e7d00aae077f1a9aaf3aa70fac3af7081a5fee3d3d9a1,c816a8102a10d2007af861a9bb1ab9683f45f3dcdf883aaadcca1ff00beefe7c,primary,1,1
161,161.jpg,test,1024,1024,b214a5bc1c974f921478386ec25ca1ac7176743427ab1bb8bbaebf110406eb67,66ee9ebee17ec691cbc9e60e8775dddd82c6a7e2d66012466d0cfa43867034a7,primary,1,1
162,162.jpg,train,1024,1024,a24a2a4b29087528f422262f6da3b27fad72fbf20d012568f85828e7923274b3,bd73f8362363e94077a0b08404248a80d230866cc27cdd073af8688d869169e0,primary,2,1
163,163.jpg,test,1024,1024,7f63414ac85ff9a12b6f411236e2b500e1bea8422b8d8a6008e8f2dc7992a3cf,c8d91309283c4ab29d6a3fc0824417e1d56b2d37e823cee07fb3bbfbc91a1f0f,primary,1,1
164,164.jpg,train,1024,1024,1dd6e9e97944e7d6d644285f3690163621bd9c4bc8f286d7c908ea167fa0fab5,8492747c863236d202b66018c81be209865cd1c84411588c3b857454eebb679b,primary,1,1
165,165.jpg,validation,1024,1024,f223e48f0afeb23258cd6f12df6b14f20476a3b43dd3489bec368cc7b50052f4,80ce02d62fb89428207d883582230c7598e2044c0bef16f92bd84d1254a267d8,primary,2,1
166,166.jpg,test,1024,1024,1141e1cefdae6d26d265fb927ceb6de6b359b75b4b3d38252a780452ebee9c12,c9052f5fb813f47c86a0cda9ebbb8c8af5d27f8daefd0121baef9ef2ea3db6e1,primary,1,1
167,167.jpg,test,1024,1024,e12fbe908638a0fffae0e640170900d8e6fa757a5258f25cffe610117521cc10,355730f38d0b3987ac921a5af8fd7998beee6c67fa897dd76577cf0e0f6be9f3,primary,2,1
168,168.jpg,train,1024,1024,145374c329e412adc22638298e2261e9c180f5a7c80c6f288d18d5dd3cb9c9a9,ec8e192a3a4e0f1dedd6c9bdd08cea810283c0b6ca4b286cba9166323e6cb3fa,primary,1,1
169,169.jpg,validation,1024,1024,7bbff05ddaa089d71c54a471dbb0b6ec0094fbcf0e67a96a752154c9d61934fc,a1b464fd01d79ff31ec45121aee90a71dbb5360809a0eddecd15f111c47783bb,primary,2,2
170,170.jpg,train,1024,1024,2a0739ee1a2e65d79d5e5df95192e281c9bb088b2fd21fcaf984935e19298211,98514722eafc408502939db811b90686f8f9e8219fed8dfe9ccea74360ab1fb2,primary,3,1
171,171.jpg,train,1024,1024,803ccf12b54d94b330c21866c1aa4ce070775f7535d192ad22c25e3dcb82c40d,4e672d12ffbe2328ce00f465176bd2bff1f4dfe701f5771ad79ee50800d63df5,primary,2,1
172,172.jpg,train,1024,1024,66c3b554e095654750280ea0cccc44bb00d2b721bfb81eb13d36553d37ae52dc,81778bcda603b166067eb4c1a2749ff3029031fc8781f07ca66904a79ee6c063,primary,2,1
173,173.jpg,train,1024,1024,3e6abea7c4f5a876256e10db153a3d217d61c4f1d818fcfea38b0c17e9234b95,9f7d72c748aa22c449fb5acd096d6ece8f7585d19a5f19bd49a3ec1af86846f1,primary,1,1
176,176.jpg,train,1024,1024,fc13b70481916c14d5b8daab267753147fc8b47b6d3afad87114e72f8ea59702,088883f955332d4bc6b6ee3515db05415e406c4fb8a329ed18a60d4073aa2592,primary,2,1
177,177.jpg,train,1024,1024,3e2fa50082fdac3b1cbb9466d84e73653b607e70e6b33dd069e4a4f445c27094,97bf060b2e01ddaf272df6817a0d6f57f47df2ecfea29208bca2b46c96911361,primary,1,1
178,178.jpg,test,1024,1024,32f88e640da657f9173af5f8abd7b50fffa8abf3aa95a5158a7d3f1899d2d798,7b15ef6f52eb52d5876f3a6df8fbb6499b2000f7b739cc40167f2b9c8c221ae0,primary,3,1
180,180.jpg,train,1024,1024,cbf616bf3b857143a0091f09deab06895c1f8d37c86c7fbd3d2de2c9846fa065,d82075ad7bd73e83a6289f86f2db655f83931d31952e804a22dcb95fcc8d608c,primary,1,1
181,181.jpg,train,1024,1024,fe5dc643bc60b00113eedc4f8ef90a97d96eaece0efc783a2bdb809ca7da944a,94a1b325358af7ccbbbef7843405c32af860fe666653f4bfdfd1392b8fbc6aff,primary,1,1
182,182.jpg,validation,1024,1024,82ac1dea0d6fcdeec4c3fba647a988e2015ce653c581354e85ba5d9b33385b9d,2543728b06096e00d20e84ad1feb66808a09043a4391073c6f20f73aae2c7cf8,primary,1,1
183,183.jpg,train,1024,1024,fa2d2c4fc5771c28873a7daa55b0ff924ab8865c544bccdd02ff949008d8aebc,eb6e4fa63b499ea900057536dcb20a4b29e9d9511e2739ae3f2b72fd3fefbe8b,primary,2,1
184,184.jpg,train,1024,1024,afdda161f64bafa82d229c8f143199f5da0831a28feacef295c8abf824bfc6a6,8d5697981e5f8e392d5a1e7c2cbfd5a596d3f9a99d3a7dbef23c6ed19a95276e,primary,2,1
185,185.jpg,train,1024,1024,d0580feba55764f06b7045ce15f6c9c3ad454344404cc221af2fa2e9a44cd6eb,bd3d3cc0ec096324240b52e91da1df560d167fd0d0cb9a17f75ba0cfb50099e9,primary,2,1
186,186.jpg,train,1024,1024,dcbd7eb7f4a2ae7b898a818ff4c3edadbe07b651d2cc4146032d95579bdd2fd1,4f539fd1a60bd253ab4c6263ea11f5bcd63e6b6b32765a0fbbc8917af4d12651,primary,1,1
187,187.jpg,validation,1024,1024,533c793ddb57f42e32eb68e0e0eb1f199056ac3932115eddc095f4b817def82e,2ef753174e59efc39d4cf45334ab3c18ab46211b44d58a1cab16e91e8dcba5fd,primary,2,1
188,188.jpg,train,1024,1024,38c4c65ea8791c4ab75b0b25a19c6681ba8d751a7a7aee60fbf55915035dcff5,9ffc986478893d6c9218e20a1ea585c6a8f0ed6aadb2e2f63fcc087c6c5eeac3,primary,2,1
190,190.jpg,train,1024,1024,436cd4cce87fb6f5938a76a428e7fe24cc71094f8edf46daa0ccc87d66617820,3deed9b844ca401abbad9c5beffd95ecae008662f31c90f01ef17ada42f4181a,primary,1,1
192,192.jpg,train,1024,1024,406f9bdac953558e034491fdf36d643b598e86aa3643117e825be7eb546e95b2,665f70ce3fe98314bfbc1382e96765abeff62f2c67e1fd8b8a3fd100c91f0b98,primary,3,2
193,193.jpg,train,1024,1024,5bf69d47319ee10f0301049bce97f32c3863098fe11141bb2ca4f57fba847c34,8cbe93709e4326ecd2093c1e52a96ad449fb36d104a40a7b3c55667710b48251,primary,1,1
194,194.jpg,validation,1024,1024,5e56ef26abb31da0a8b8a135d86e496c766759b21a10fe9f8e159e98b3a175c5,331a1d7b79c95eee3760caf3cb196d58f39c2504bc0b9b1f32426c93df87580e,primary,2,1
195,195.jpg,train,1024,1024,80b0b243493b6ffda0fd6535efc2c92b3fb01e7446843d1628a40fd8034f408d,fd660008bdb3e4574d5b59bc7ed843ecb9908e55f94f5ed4edd883233b4e9306,primary,1,1
198,198.jpg,test,1024,1024,f3e57c4c42a3c020f63a69cc5a6980a2003733dd0d3d62578f1fc57afc58e52e,c0a752d902a72c96561fac69de6df2031bd1d920018cb732d183016b85f65ee0,primary,2,2
199,199.jpg,train,1024,1024,38ec4deff652ed17b42a77d1556809e74ae4baa4bd46b263d6d163d9a97097f9,3c99583e331d66408af2eae23de41f17f262ec4ceb8bfe55316dd43df0a15c0b,primary,1,1
200,200.jpg,train,1024,1024,3846acf35264eb24bc16e7db2b371db3de9753caf49d3e5b0c4170ed37e03454,4eaf000ac39696fa1bd36822d1bd2716fb44ac449b25d9e0133994fc663690fb,primary,2,1
201,201.jpg,train,1024,1024,638c9d1bce5a701296d9d632989603e749f437f088cc056922761872ffa3e692,a89924ce7b7a0f977e92bfa76420edc417346d165fe9aac43c887c3c9c892504,primary,2,1
203,203.jpg,validation,1024,1024,4f5362bf11e7ef2a692a67406bcb745404bcf750e0b9ec9467a48533e874e30d,181d5913633f60654420400f162cc20386d15b83a6a1ac25b7b0f96f3c48d08d,primary,2,1
204,204.jpg,train,1024,1024,3bb8c0de5cd2675569ae9c1f3e65e64c5eeee637dc0904a4fb197aeefea3ea3d,12fbb538b99b6ee0260fdb6c77eebbf705f3f4e70c7a68f954a8c565573a0420,primary,1,1
205,205.jpg,validation,1024,1024,8abf8196ff3c3b8eae1698c2d9ffd960fc03d9c6e401ab94b11068634f89df7e,ee9474b35bb7743b40863ac73878a365528adea2c0cd09c41b30ea230746e2d9,primary,3,2
206,206.jpg,train,1024,1024,a70498ff697c65c4af7678fca5c99390c33f85ffe028988f9cc1af1eb3f475d2,12a880edf7a9770ae437c6fe2cc1acffecb99ae6aa1f2fa6cbf7fce748575a6a,primary,1,1
207,207.jpg,train,1024,1024,625abbbc7278cc809d2b857a1de71241bc26d1823f9929f2ef2ee8755253fc64,3b531b9318a13a0327a2bedcfd888dc3e6681c6c74872597dac38f3c995b0b54,primary,2,1
208,208.jpg,train,1024,1024,ceaf43d91884f78f654ac63b9db3da9448bd650c9c7e67bdb922ae97512e74c4,b3a2ec7c88b3cd85c130c305b80e0a72ce622d30d0e09f9958c80ef598d1af9b,primary,1,1
209,209.jpg,test,1024,1024,6ec474936d10bfb59042660a7cf3c2d6ba3e1cb76846481b054ceefcd37fb418,6a99ca4dc867b5e94c928ab47e62e18a798f14ceff6e376981d7a115dbd8e7b0,primary,1,1
211,211.jpg,train,1024,1024,cffb91046084999dcb2eb44f4bbd0d58b8d887eebd2e12da2a52982137ed76c2,ec53bc44ff67451d6f22246343427f4e5c798bbeb3fee63b80e960ff1d497bb4,primary,2,1
212,212.jpg,train,1024,1024,d9a1d1bff8c0437e61c84add1c0ae0afd7bb6862d1f8f5ec66cb91b49a7bfb49,adff08b5df84341673f243b04ea78f94c0cbece4f8d809f538e58be3cb610d6c,primary,1,1
213,213.jpg,train,1024,1024,140bd876e166b5ea501472fa9c2834078bad31948ce5079e88d4d7588b6fa0b9,6239d777245a1d0d115acd320a143b74261720d124c17e7724d341e1f38fc783,primary,1,1
214,214.jpg,test,1024,1024,e4e9a1f8b47a0e93a0ae97dfc6049fb925ff2d61847c09cb2a05abb193f1fa2d,6af010776312b9e8aa9308e18bfa86148c1fc1456e6dbd14af204c1ecdc00ae5,primary,1,1
215,215.jpg,train,1024,1024,faf7001aa9dcaf6f2120665ed408441557114a6291c70fe46fdc086c352eb53d,f91c47c12b12151b7595ba498c416e8e926c3903cf2e3dacf976a5d055fe13f4,primary,1,1
216,216.jpg,test,1024,1024,a1a43e68dc6b88d63cc0ba0af70bb2050a149af2aa4274a31ad5801216ae60bb,cc173755352b5b044f33e3ca1f0f68350a9c054ff3ce1aa0115111da5fc6777e,primary,1,1
217,217.jpg,test,1024,1024,e637f9025a4b8fb793887b3b2aed99def71f91c8981428da09c6a6a6f95251bd,66357341404c9e4a3e293c7450637ea287b14a0e3fb95439cebcef5aa95c6b49,primary,1,1
218,218.jpg,train,1024,1024,725a980b9ae37bdc1f644689199c40e0cd95d04bf071363ac2ea4511af3a131e,127c6084a9e8bea4504ad53b42345d5954c72a04f3faea7540d6e80c247524ff,primary,2,1
219,219.jpg,validation,1024,1024,ce73dbe782dd5017419fd887568fe6815296090d3ca729c08119c0d325742fab,5e48a125ad6f922cf0b97d1b493f3bb6df004e126223057df0ace64e3e187087,primary,3,1
220,220.jpg,train,1024,1024,ab0adc18178b570ab454d56f2f354fd5fc86dbadc4af45eaa2c180a7b88606c3,e0b9b1f7a65e93f291366a8c75fd72cf6db8dbf5a4d1d7d20cc598ffc46de6d6,primary,2,1
221,221.jpg,train,1024,1024,31c2d359339f82f9205a3ee10783bccfce673e26f06b2e9419df1fe1b1e903fe,8389ad16c7147482417c8c10b184cbe496119292bb99726441dc2aafbe54784a,primary,2,1
222,222.jpg,train,1024,1024,4b3d5da6e4099ad618f06cbdc711d29bc75af5384c258c2a8433de32f373bd2d,13515cde4ac4897d3dbe4c08ee226dc82dd1e3c2ffccc4faf4feb1411ac561b1,primary,2,1
223,223.jpg,train,1024,1024,79a8f2c1f0cfb30c43afb072ba138110deb057768bac7e5223763fdcc8ae68c6,27c8f677a2f0204a2964e6e8b90b1d806220bc8ff508235d7f369531e8cde3f4,primary,1,1
224,224.jpg,test,1024,1024,90d0eff9b3f038bd2d9a536fa93314d68995bf1d97d7d44b7cc3cdc509cd44d6,437a0f192586ea11ed3bed306994a2f66b86cb4e3d2fce86ee3d3df8a80f664b,primary,1,1
225,225.jpg,validation,1024,1024,0c108307e1d72ce27700745e6fde8889f5f3eacb2beb3812625fb3ff1d57533a,77054414604bbb80467dd8c9c0602b507bca64497697ae5f7074298cd53451fb,primary,1,1
226,226.jpg,train,1024,1024,0049a27c4cb76e5c5c786d7679378e62234b065f8207ff01cc3a0a5434b29098,c94efe12a3b471349f609b437ff0604e917bb6cd4c63c61879c77d2127531d86,primary,1,1
227,227.jpg,train,1024,1024,324156baacbe05183a7f2e50939d152165506fb9e3f256200632c3a1ebec0aa0,cac1916737f3271dab7dad7e665e6b4e1361ca0d9dcc591194481215ce6109a5,primary,1,1
228,228.jpg,test,1024,1024,2dc8445830cd11cd603875ad760f72d9b3e6f662370042ab87d6e235fdc6f91b,e306a1eded1b2aa2f338885479860c35e0530a131d1cb924544499833c4f1dde,primary,2,1
229,229.jpg,train,1024,1024,281541efbfa2bea6f75da001e3095b98aefa42025c11c507956e04e6af55e4f4,6c9d8682dced181c45cef3cf7a7a0bbf0cdaf77a60e2cc390f3e8721bc190f5d,primary,1,1
230,230.jpg,validation,1024,1024,6913b184a60e02b3b781fb542020b01e3c51d659ec5fad47d4c55289f4956c42,b52e59a30b21333d6d3abf15cb36db1ad43bb3a6bb3d255d76fef2aa266e560c,primary,2,1
231,231.jpg,train,1024,1024,3183d50380dc6cba33ae12ba401bbf1b649f5475a215044c4ae98f3fc5fb59e2,641cfc0869599e1c3099391c24ed45f139d335006c6344c99e62bd882de4bccd,primary,1,1
232,232.jpg,train,1024,1024,1b1ddbbd7d0bc02c4d69a54b7a56f1c8284664c83dbec00d70b68d3314b9d642,8a995cb9fc290aa7716d6b99b091cb49948ef1ab1786a2cdf2530d27f3471349,primary,1,1
234,234.jpg,test,1024,1024,f7c330c3ec276080a9332be81d81d63615b7f824ecffdd30f62e98ffc8d9a0ef,61b37d9ce38d640ce4b5b05f0ae8633de7c57e8315ae728355d332c04c5464b8,primary,5,2
236,236.jpg,train,1024,1024,1d50d0d72b668821e86d99469903192ceba8945951c8ccbf6416237e1c74e9c0,5629e643157fe977a6737122cb44236830c7ec3637318d0857a2b66fb235b19b,primary,2,1
237,237.jpg,train,1024,1024,5e9aeccc64f8446c8b21106745aeeebce4dd0c53ceb2edef6e6ef59b6a0b69ad,9011a1d74df28d233631ab6f980c682bdea9f02685bbaaec32b864e789ce6e80,primary,2,2
238,238.jpg,test,1024,1024,0e9e460b431532c1fb8bea6cda886972c2f28c70f37469cf2ce61bd1b7d48f53,6d1517491ea248c954eb599fdf2fcecac885d0de6704c251000504f157e61fce,primary,2,1
239,239.jpg,train,1024,1024,1a3071856fae9ff775feb6f4a22f3072a897bc88b96c27e558418a0f91001239,a389a0baefd5249accc53538c8c4ec81dd035ade8388103009bdead1ad29b30b,primary,2,1
240,240.jpg,train,1024,1024,142963aae0d5da53d9204474e8fbc6c59de40e529c694916904581375e134f77,ebccd2b595d5ae7dd2bda8efac62b7ad0da9376ad9b6e9dbf2a857facb324340,primary,4,1
241,241.jpg,train,1024,1024,0f18369becb8a4e6cca46a1dcd7876db2f4770c9ec9b87cecff5ca5f6bea3994,3b5df85859c068b5a7508c43a8e96a133f48963b49c6fa7d179caf14b011631b,primary,1,1
242,242.jpg,train,1024,1024,b10ac0cf308c146365031e091d28c56832ecad24f16ad0c955465bef35c8765b,3583faf65d2e11486d1e070a34a2b0c0e95233017e3483190c2125c900b3dcb0,primary,2,1
243,243.jpg,validation,1024,1024,526685f44fa0ead0d42965ac43f6a2f3c33435cae8c1ba380a36a631f8da4d42,a70604cfe8ec47c03c9f907c3aac690f8f91ddfed18a6b33a1ad8a68e0caa496,primary,1,1
244,244.jpg,train,1024,1024,28d5cad241052636b8875e1cd6bb1a144f02efacbe39e27d8096ee43872600a3,fd72e5c96c937b913fc8229e010cff810cbb552c857fad2cb2a117f61e14decd,primary,1,1
246,246.jpg,validation,1024,1024,90c6578f78d3a99020a5f321bf264a4b92890f14052c391a562f69d9c8eadbf9,03d0b42928e4806322dd8b1aa83bd6e1e9e07407cdf0836d099091d240837605,primary,1,1
247,247.jpg,train,1024,1024,d2ab44ca849cdb4920fbc123622f174b14fc89e5bb481d05f1402b528ce86491,41f7bd7e88006109aa397ed636847a8a5b4061bba8ccb74fd639885a517845e8,primary,1,1
248,248.jpg,validation,1024,1024,51973b14425b67999f6f8d591ad7e0c27502a2bb2ebd6555867f75f3f378e055,253b6473dc93f4eb728585495c2556b43f7aa455aaabf4a42c3c9aa7a581dcc7,primary,2,1
250,250.jpg,test,1024,1024,26c75fb7f19e5e37cbf8bf8cacfdfc05023c3addbec6c0a25662b3d640a84741,eaaa45b98c05c6fa87bda06227a8c511f394cc58da20a0919166cb37d03e3ed7,primary,1,1
251,251.jpg,train,1024,1024,30a87491b6f3241273dd7c4a77dc8bdb13f6b29b5bb8fcdf930a36173e081aa4,bafee01bd5902810f3615d22ee31803752030b9669a29abf1d8b6c72ebc21b91,primary,3,1
252,252.jpg,test,1024,1024,738a3fb513469c1fead64467d9014ccb4864b634081008067e1356ec589b77b3,396df9a1e4def5617758900e7937be165687b736716419818757cf6b2db22ff5,primary,1,1
254,254.jpg,validation,1024,1024,8ada93966ed4f2ba69f90c77d67e8946f114da9aeef3749781a3f28097a33a2d,36110550296ad806e5b7c3144a74e955951ca162f2c28af98fa53c775883a996,primary,1,1
255,255.jpg,test,1024,1024,ff32671cb4e4fbae619e8b8e608c27981dc27caa7d57275cec9924c8e9bf5b6b,541fe51eb9edc96b90a107cd802172e9387575c2e53976f97b1a9c5144955228,primary,2,1
257,257.jpg,test,1024,1024,84a414cb9bb1c0eeb88a4e79dcde0dde8ac0d4e0e5169e57101ab4e8bc605ae5,3a2a362b8e3039c53b30d62322cefbbd63d9fe263a1e8eda6eded72c92628260,primary,2,1
258,258.jpg,train,1024,1024,1f193ae5111b0c72ccc72b465bd27dfa4ffa0467cbe1f13a2e24be9800f41470,d64c0bf68292b0c97962ae19a558fd46b538992568dfdd219d66de7b2ba24ac0,primary,1,1
259,259.jpg,train,1024,1024,31aafa64430e8a395503c740253363c29021a23a6aead8c9ec383b125f207224,846494ab8108ca05f8be61fb1d6676cf919368166d3a269ef0638bf66d751cc7,primary,1,1
260,260.jpg,train,1024,1024,326a7e6fb1e826635a73638d3a30e5edc97668c087d13b6519247b30f3bd861a,81d2b2b7a0a64e7b584362e4c2eedc5b8d432ca52fff9a8015f7f00879badda8,primary,1,1
261,261.jpg,train,1024,1024,f61c39b35e5eb075377acc29080340e5396524c8e0374309b6ffcbfb44fc9de4,11165fff611cbfd825cab38ecc8347c951a508bc9a9a18ada6d9dd96bd1246cf,primary,1,1
262,262.jpg,train,1024,1024,2f19a0ff4916230a5d05c91261b2ac4e1212b466c1b1a9d014ced0ed06f9b29b,0c49bf69e2c7d423492d2ef25f829966154eb5457a247871ac23daa9614fd9e0,primary,1,1
265,265.jpg,train,1024,1024,5ef720c275b9847d44d432d078ab595e0e8aeaa8b36f25f726db81e88b759a76,ddce19ef28cee8f7cceb297175685802a414f591425fc3137b0beadf64362be4,primary,2,1
266,266.jpg,train,1024,1024,2c18734f463cc8ca7e53ffcb9a91e936e497ea13c7c412f38fd32bd40a24de2a,2f21cab9c7f2ff53947f5c56a3ce45cb36770b24f419ddb0997d0952f069b89d,primary,2,1
267,267.jpg,train,1024,1024,ad0c6e36797a79cff7af1982312bc3c1a572389c5b29cc4b3906cf3bc1ccb592,9e45236e4093f287c12aea095495fb2b6189a0f5c447b83b5a05a9da5739d345,primary,2,1
268,268.jpg,train,1024,1024,0f54358e8e0c24f530c20085a1ca64e12fcddb3e515176cf98584dad60a35c24,e39b41d993b1508d1e12400e3edc58224a0ad06ae1f9061deafa98f6f50b35eb,primary,2,1
269,269.jpg,test,1024,1024,77958afc5aa1c22162657b42666ed69919974cded9be5a618db2c0d1649b1bee,1f5d23f720f20389dcf97389082e9ad3b543e08ccdc114db601389ab54b8351d,primary,1,1
270,270.jpg,train,1024,1024,49c52741f92ed029314399e8909208550b57d0095f6ea1b1a451e8379e08602a,dbdcd626f0b4c3ba84dd8c1ff2b5bb0c743c64f4862affa5afa1a941bb9bb922,primary,1,1
272,272.jpg,train,1024,1024,a4269bbc96117ab6136fc8dd139017aac516bc6a53906cd4906fd6c491738f36,8bbe418674cf94522671b40926a3bb3b0df8fa2626e08de1c2c60f441a1a64ff,primary,2,1
273,273.jpg,test,1024,1024,d725a3c2402e379632ca05604bc06fd4059d0025fc7125cefd01cc6e1ddb868b,6e73318b444abe0d54adb72b86e0c8998d046aab80751d7d5a759bc46dbe9823,primary,2,2
276,276.jpg,test,1024,1024,e673fa1215c9f203ad0da3872070a4a150e7cedbb73152d06dc40eaaefbbae1d,8490516cee130c3149d8977ee9561545e4ce46881722b091ddde50e1a28b8290,primary,2,1
277,277.jpg,train,1024,1024,6f861a60721f279f0e980a3a424337e8a35bc80344467bbd2def0f55ed8b5309,d0393d3e88022bdb5366202655c315e31f54e2c46cfbecf7496e285a3b331cc7,primary,2,1
278,278.jpg,train,1024,1024,ea2595ac7d5ba00a3a7e1738bf7f747d1508fb6dc07610078bbea81ec72d2256,8337b376fca1cbb9afe92f465ed717efb280449b65bc81b016ba1a59960b12b9,primary,2,1
279,279.jpg,train,1024,1024,cd4b90856107b82a03bbda1ae15648f6e185efc9c03142f6c3d4924dd738303a,bbd25085ebb61acaaccb4813e44fcd94896f901097ca00df45da551ad0488115,primary,1,1
280,280.jpg,train,1024,1024,e5a0fe14139a2a0b354addce58e418ebe8c96841bb05515563a2bda717c8c0bc,6094add1fe87871f3478184cd3c83b964898058073bee0df1f100b4a98f1eeda,primary,1,1
281,281.jpg,train,1024,1024,aee3c016120ab7f36a49ccba468564f762b376330b04df4ab1582900301e482a,7cc640db58294d6300fa1e0fb610cb79618863cc1f417bb432ba990ff906837a,primary,2,1
282,282.jpg,train,1024,1024,80a3eede5483bc6bee009cb7079ae51706f602b618ef053ac2523ee6eaa7c2cd,bd1306b41b799c252e3c73311a6da790649dbb3dadf114cbd35e0fc35185952d,primary,3,1
283,283.jpg,train,1024,1024,148ea40d6dcec32f8adff67e0e7a35654676e3aa07a663c0e06fb0e1cb243827,deacbe8f2de6af76d54a371da38e0e0ae0737b37954704f7e09b10360cd98f48,primary,2,2
284,284.jpg,test,1024,1024,3f6126088ecca1b4cc128d5bd6376b5b1842a5dd3f7d396cb68178bfa01898b9,5e84bac6ea5af26e640cc4dbd274716cff8efa3978a0943c461296ca1f79200f,primary,1,1
285,285.jpg,test,1024,1024,adb5ae508e8484fa5e1f7852f45e07a49339a0e3099dd109cfbe91776d837c32,56ad47ed4be51b2f9df5a4e77a69bfe884a33fd96a20075f6888557c75d99ff7,primary,2,1
286,286.jpg,train,1024,1024,9dd3de1036c2e90ea9761c027943f55452b20a31349fe4bee3226e346d3fa45f,feb1bebf4f4ed47b63e3908fea138eee281953cfd936648e25d98c82c01ab8ed,primary,1,1
287,287.jpg,train,1024,1024,958647410b7cb502c9c48503072f9869b6cf83155ffc2bcd1ca2471401095689,f75752fc1c985262e494975500b47236c7fe11d71f09882d57de5bb1d2113c1c,primary,1,1
288,288.jpg,train,1024,1024,7caf3a100426a2ec223ea1a00cc4713b77086565e33f73455682132d79b41563,8510ec0884cf6ed344894a24f0ea997d22aa798d7c2c2a549653d78825cb70f4,primary,1,1
289,289.jpg,train,1024,1024,139f27db6e4dee60b1e1d1bea9ff831b4e29049e679c3afeb7d47df76d068f49,4ed1d24cc52ca5f7da8e0c6e0c5467fc9e41bae00409be6f6f354f23b9aca07f,primary,3,1
290,290.jpg,train,1024,1024,1a36ee347e80b0af4aaa35b392532c247998c97e2e0a15cab476e51405ec8367,f93a30e538c0fd09d6c000e3391fc1f0dbd73ca4bbcc5f50f6f2206af154c1a4,primary,1,1
291,291.jpg,train,1024,1024,934984d932d7530d63a00b5ee422eea806593d9f0e94c802b5b1fe7ace517bd0,5987d0c79181b4a0d5415d880c95054cf80301ab5789f062bcf41d87f96e0b95,primary,1,1
292,292.jpg,train,1024,1024,c360891d953f00e7357d4c5be7fcb28b88382dd3b68f5a5ac0009595170ff7a7,ae3133a95409dce319bae9439e0f224a5993c5c286563d838a19ede750e4da93,primary,1,1
293,293.jpg,train,1024,1024,06c3b626ec4b104582f589672d30aefa2832650d55b22c340c72ce1b6df8b4d0,131092aaa3129d3a8837752db2452d0b7cca7b5a254a940602003047dac9e872,primary,1,1
294,294.jpg,train,1024,1024,4cc6f240532aabbb9d6f622f7c9c5a11a7e544685c82ca570966b4610cfd08a8,505aa09924d4da1995c5187f5f354db4def3aa4e0fe2623ca2ce52b77494fdda,primary,1,1
295,295.jpg,train,1024,1024,95003ea1753ca8279b47c69277179c87c9e6e21a8aaec8c8f8e538a26c7dde29,239da37a7097ce0c02ec98e8d2ada5ec29a9059bd8f090a20a2067b3e65d6779,primary,2,1
297,297.jpg,train,1024,1024,1f1b9e040297b66d0cd3f3f805f4ce5571aed2701afa270eb426bb11e968b0b4,f5926d08483c0b0c9d928230a3c4be1b480f8feaf4791002eb29af6a752b59bb,primary,2,1
299,299.jpg,train,1024,1024,079b955bce173b66822b7fcdabd08e4a36eb8068541e16eb22c46806ef8875bc,42e8f201e197645130fc06f19add051edb3eaeaf4a522f05741a475ab6eb421e,primary,5,2
300,300.jpg,validation,1024,1024,1883bce20e50f53830e077f11779e9921fd1de391482adfea4abb78bfaa3f002,d7e2f161aa678b145c0a41803f5d4fb1c864c8479d707c37c2a1c9b7a3497066,primary,1,1
301,301.jpg,train,1024,1024,83cd6beedd5b3b7ab57b953228370ad90d96aec0e1ff1cb241e737d22d380ec2,467a4aca0c5a62f2c3a902ec890c28ab9b209db943b0c1863b11714d8256c38f,primary,1,1
302,302.jpg,train,1024,1024,c045e2e572b07ef36ae7bcf8b16cc69b8a7ebc66676ec12bafc4e9842d6ebdc9,a09da41ebb5a07b30b209979615dd182c481e464988e83dabdf0f86c1b576267,primary,2,1
303,303.jpg,train,1024,1024,e934e4cb6aec6860c2aac45d5f6802e7bd19dbf5717aa21713eaa264f0d0e786,8a45a2336b5a44131e379945280e4f7d0586f76b02bb306fda32c4b7f5d5192c,primary,2,1
304,304.jpg,train,1024,1024,4d84b174fb9f0a52ad789e5f9cf8683c224307d17d929581cfe55f940e81969f,7021814e81fb0b310472d472542589df81817dad3c1b7d5d83f59cba7ec87260,primary,1,1
306,306.jpg,train,1024,1024,c32ca8e95a1765d7a2f169529a8fd40c482367084488a0ccf5884d8b51af5d09,02fa7ecc869c6d74c4844d5b79cacb983398869286ea624ade9bc663236fc014,primary,1,1
308,308.jpg,train,1024,1024,d6289249c3008a8f87565b9136313909d1ca24f285841dd641091e09aae0fcfc,07f2fe172673ea5c96923145af16a1202a5a9c84bc834ab0cf3c7021b8d25f94,primary,2,1
309,309.jpg,train,1024,1024,9791ed81d58f2d710c0df0d5079e71c949d0800574f33acd080695d6de16de40,b961c386d19594fe029f56a5d7817ee0fc2ae7579aba59d2b102a378a3cd3089,primary,1,1
310,310.jpg,train,1024,1024,5ba6913975ba90727da1039e1bbd1478c4144e8a27fe00c1c6636c25f100bec3,ea6ba438f1fbca12a914a5442442ce42d852e0d901ea8dab77ad80a627372c8e,primary,1,1
311,311.jpg,train,1024,1024,e042287913e0cd93452e6048eee659748be5cac554fb7bf3e39551bf7ddb177c,588f26899101919c1e6c5cab78eda0bf3d013d485600a64de392870099713fe3,primary,6,1
312,312.jpg,train,1024,1024,a07bca8d38168c7e7ff521efb0402d2bf5bead52c7c9693b085f7d2361116bb9,a4f6f6c7b7545c258777c83741f9df9cf0436c658fdfba382b04005fff1b42b6,primary,2,1
313,313.jpg,train,1024,1024,7cd9917ad838c528726aabcdf1b94da04e348b9ad1093da793522547a8a8360e,ea62be346d3c584876a5fd4e62a39d4c8b869da675d6e1aaa15adcaf3f79f9ce,primary,2,1
314,314.jpg,validation,1024,1024,deb6000484750cc59f7ed2517f986620573813890552bfbbb4e8b8859445fa44,eb0ba961b4e0223682d3d17b2651c1ed3e2353de2b3bf46f2c5ffe944260c984,primary,2,1
315,315.jpg,train,1024,1024,bc2f2af94774c2180534489ee49ccc3396ff83a627d1c427221da5550b6483e3,4834e0ace4b5cf1efbe9c436a4bf20ea2a73de020e461a0339172e76913f001f,primary,1,1
316,316.jpg,train,1024,1024,5acbdba3ad0fc976ef757c4a54a1de41b8f5e5d8da4f0196edd7a790dc3fc23c,2f7f1c5c0068e75ac47bd328d4dc87d0df02f61342da2edbe191f3fccca47e5e,primary,1,1
317,317.jpg,train,1024,1024,07aede4bd430167ef0b7cae489a191dd92e4dc39f32a654ae392b0a587fab8d1,fffae8e1658ad2377bc088103e3c184a4c0ae59d527e803996bbe29395ac49cd,primary,2,1
318,318.jpg,test,1024,1024,51fd954b7d5a66d24cd07e7a500a7d187337004b87ab5bc0807600550153a151,88fe8896ab6115da899ca6136e80626c2b069d590edefefa9911431bc06cb7b2,primary,1,1
321,321.jpg,train,1024,1024,bc4df7054410e89ca998759c55d405b7f633935cc10d781dbe3de24b1b5015c7,e1ccbf65519e7c8385e75a05f7c63c1ea321bd1273c196cb522e7567c187ea5f,primary,1,1
322,322.jpg,test,1024,1024,2253c8b69bb3816ae5eb658d9e53e16211b7dbbc839905cc27f0e7585b877a57,e235ff171e07754decc2c4cc2fb25631654e18f9bf54880b7ae4b4c47b8506c5,primary,1,1
323,323.jpg,test,1024,1024,18ec94211c38b3b5ac96b2b43078f754f40ea4bd0da021ba8f29068970bcc35e,bd06b9ccf3692240b2e255e577feda655b9c8534e346ca9e94290537eca7144e,primary,1,1
324,324.jpg,train,1024,1024,f13ea688efcb4821ee7a0f72f7a94e33cf33560ac1917647dc1f500e0b6b270f,4a4f29435620c11ef9146b77384f487620a871a1bb0549d95e9f89bb8bd07b2e,primary,1,1
325,325.jpg,train,1024,1024,11e4f13f12090006fb22e4cb2eda9d4542750c55aebfa7e425862bdeddf1b6d5,f29a5cc3554974d16bef6b23dd50e4bdbb123a58715437d2c5f317be153ce4f8,primary,3,1
326,326.jpg,test,1024,1024,ea0d256fb36a9f51a00691f978c892d304d12beae5f346b94fd36567ff6a5503,e737a539714304f88ef739e70e14571ec7b72764d729c0c33b5d3e87568b54db,primary,2,2
327,327.jpg,train,1024,1024,21237f353afa6d79bb2a6de59d8e2d6672c8b362c99cdef7bb20ddb1d5b8865b,f782a39a5a31e350dd78fc4c7f37bb084023129b4d3dd018587aa24e370a983f,primary,1,1
329,329.jpg,train,1024,1024,68b2d6984d4527bb412dd45f88582cef96f5bf1e473fa6e509cb6bdd59414352,1fadea3fa443f5d1b24c32d8f9dea9eb62d8217ba53a8a1e932276ab758fa99b,primary,1,1
330,330.jpg,train,1024,1024,d756f59ab51b1c8500a815f7cc7d71c9806507b1bb68a0a504dd1feb408a7c2c,d8e3b40b069f5d81d57061869d0132f2405c74ba70cafadf2924742b7a72dbb3,primary,1,1
331,331.jpg,validation,1024,1024,ec87557b967eb071259c48914070aebc0c9657a9ebd4495d5a5ea928842c2a4c,8e86bad037fba2aabaade1fb20306f13dbe60d5afa324855746d495696fd7cc0,primary,5,1
332,332.jpg,test,1024,1024,c197b6771eaf302dd8ce25ea8592e83f9196f61c9811241dfd50f4d8e0893e2c,0030725ebe9cfdeec49a3ec5dd00e62b3c2fa42cb53131a446c479e3170db884,primary,1,1
333,333.jpg,train,1024,1024,7cc4efcbfa75a7e8c1ed30aef294e5f78472c9ece12cc6d2634c327cd0204d5a,4707a6ae8566cef7677fc8241ca805a8c61efe03a559beb50f65b989a7a4d9b7,primary,1,1
334,334.jpg,train,1024,1024,8b7514121224732bed2709650ebc712024f01449effe56125ff958fc912dbf34,a6ccce51a71ee11bc8413c0e607d9b560c1e34ab788ac2705725caf11dc3c279,primary,1,1
336,336.jpg,train,1024,1024,a6f4999dc76040a1d9350efde59fd8ca5baabf5cc21a5029d2bb60e536c920b2,5fedae2bb4a4b9df6bb01d769883683dc8424ea45b4453ee4ca96d0bb1458461,primary,1,1
337,337.jpg,train,1024,1024,8564ed808553c7541ef5c8985752b2da5a79684e71a2c256348b9ac455bb1b09,56869e907a4dea9153ad0c5ad13d93bb0c1db9a1f580b8ae24901bef4e13f228,primary,1,1
338,338.jpg,validation,1024,1024,62b256c80c63d96b53d2cead858bfd976807bffeafdc26b2b636cb6bf0486e8e,bb84268fad1679226a761fc741c0b18dee8fa5d1fd357db7a75f86c199755ff2,primary,1,1
339,339.jpg,train,1024,1024,0ccbc492816c8fa94935dea89bb719d7b834b8956316633fed8057ccb0600f8e,f627ed847b54602d69f2b0ed6c4ec2d05212fab8bce8414d9e8bc741eb53522a,primary,1,1
340,340.jpg,train,1024,1024,25b340fc9ad20d62a08e0d2cfe3dc8e99d48b5d745deaa5fcb07eb7b7463c1ba,9151cdb74d40b963506e994434dbf2ef227df1f57d549aff15fca4730b3b0f77,primary,2,1
342,342.jpg,train,1024,1024,e3b64b5b8592773595f9e1246346ad398de351d39279afa8e1e622398294073f,29762f56f541a80e499c5b1798cd55196823e7942f571f065825eb925e5ba503,primary,1,1
344,344.jpg,train,1024,1024,808f61a977d722b8dd4c9fcbacb8c8d02f5bb0653f934b612f34d1921be74a0a,2602dccf3937d840ebf8a718fa98eb6dfc895080c2682e5d4ad9269ac577b736,primary,1,1
345,345.jpg,train,1024,1024,fe35a02f8557eae0f7733e7f29f51825ed1f710542a012423caacc9a745540e4,3849ffd653d6d72bd79b8318160356762d18ee31a4718be31ad965ee3f8aaa45,primary,2,2
346,346.jpg,validation,1024,1024,47f27ecf68536da25a9ced9da64212ebb4e49b3ad2e73251ee18f88c0c1812d8,034f3bb13f084aeb90e5d029443fb3f7987612d051a491b328bd41c372638c63,primary,1,1
347,347.jpg,validation,1024,1024,a8cc5b83277f3e2fa88f8d188fc01bfd0e344e23e06c57bccaed4be5f2192a73,d927a36088a6f628e46922c46c0b5efc89f6d45e17db226f7d734764812f3172,primary,1,1
350,350.jpg,train,1024,1024,4a1a301e2b01fe1cbb4d5d50f7343e0916ad6179ffe149786c7e576700d07b33,1ef398add5cab940eaae40e6f43ad592f023f87a9e45b7cd41ba68d77e50ad1c,primary,1,1
351,351.jpg,train,1024,1024,fe5c8fbc66dcef1fae8a14504828730c061f9504c5b93fae7383ad31b69443d0,9d8caa66f4501d6b7bc6a7d9f9ee48699b6c9e30aab744ccfec98a455fa7188c,primary,3,2
354,354.jpg,train,1024,1024,16fff0a03635d069c7b83c8e2a7c391a5cf34be7e6b9c95d72071ca54e939485,6ae7e7eb60698844fd29deb1865d340940849bc96aa9d34eaddc6110d6255646,primary,1,1
356,356.jpg,train,1024,1024,5f1ac92c47c28715bc0ecdc0ada033e0263eacd059f8f2a034d6dcbb6704765b,624289db16afc9d3e1c2c84812af033a8f93cbba5ca5b925032e1c8628ec21f0,primary,1,1
357,357.jpg,train,1024,1024,73b716292ed02b99bc9e965ff03ae3cb874f75bc9daa7671f66b9a336121a7d0,7a74385972acf69d9f80bcbaed159b07203dcbf471a53fe5ffce08f81ceec300,primary,1,1
358,358.jpg,train,1024,1024,94908d44512465b37844bc19d23ad9d7ef7c8bd734d9f1434ddea71c3618a11f,1fa13fe46f3bc08dceffefcb77dededf15aaae9081da60565b97c1104c350cd8,primary,1,1
360,360.jpg,train,1024,1024,9c205f60cc7e4ddb40b16cd9678a33b6bd51f5da362cedb18b59cd8f6d29e1d0,185296f38bce02000ab9bd31dc36b952518be5e01b4d07cd47c25d4ea9344608,primary,1,1
362,362.jpg,validation,1024,1024,6464de159614e59628606487b46be44bdec636b1f8ca6d25def963c4204c7bd8,5a14fcdcf52f10c377a9a1ec7f255c08b91ee68d6a0ce6030c8343e0bb250eb5,primary,1,1
363,363.jpg,test,1024,1024,8aca40b34103fdd35d8eee764e2f7152f4c635a11afeb3b11dba84499b3ee8da,c3021a80f88781299872e862679d4c16f5645f3754aa1375da0ac62322f4c1fe,primary,1,1
364,364.jpg,train,1024,1024,b7039c67034b5e309ef624937faabf4f49a073ba3d95edbbb915bf0e539c4f95,920aad5e57f8cc3809cb0160065be57c2f6791381793a149338a5d5fd833f425,primary,1,1
365,365.jpg,train,1024,1024,12349b338f46b98fa80eb72ea558d8a4c67e782d0d7c9b33ee18b29440aee994,27e1e410145287dea5291d9a71f212aff9df6c469c103985fec216aec93958d3,primary,1,1
367,367.jpg,train,1024,1024,18cb3449a3646003fe88ec7d0b2f1b1813159e0d0623c3e8f2185a18fde15878,1dbfaf8543f35765599db6c29a0d87543f9e52a8080ca3e4ed1cf63db9a37e81,primary,1,1
368,368.jpg,train,1024,1024,50dbedebb5909db243821e1199d57048c6fd1527ac81c8b4b6aac5ca4ddfb363,a3ab78e4ce95cd7af517ab4985abda3c4ae8835cf988fea6c5eeacfa5005fbea,primary,1,1
369,369.jpg,train,1024,1024,e941ad4e7a3e8114e88633f989177d02d3a62cb09ad20bf88c6751c2e6b280d0,e987b8c4d1d931b7a30ee8aef622f7c974db508fd7c4b6816c1a99eefda36c5d,primary,1,1
370,370.jpg,test,1024,1024,a951eb93a737ab79227c0e056b89f604945ba94546a5baccdee96b821d252c04,eb96918f8f0c77a9e5ec9a5ea536d75c5c1c766b212258c173f403d12c2035ff,primary,3,1
371,371.jpg,validation,1024,1024,b650a8d0007bf4af64fb56de4ef556dba1388523608aa560210108f1a4eb9dfc,5f50188ce69d464c17166b4fc170176cc2a2032f44021ff92adf60aaf896fbfb,primary,1,1
372,372.jpg,train,1024,1024,db81bb001082d5938da3e13155075938ffd0a8f127e08a6f271730915b3c8327,e13d716cfcfe5056821c015eccee944a8970ad37ad32eb27c24eefcfa70a02dd,primary,1,1
373,373.jpg,test,1024,1024,256d427cd53f19fd3cbc3ce0b8184e9811d2f22164f7a6385b98893f687aca9e,2ba97ed8b7b4e6a02e991026e7f1a7be212635b7f8aca77ee30b4bf38f077a25,primary,1,1
374,374.jpg,train,1024,1024,aaa35015054e849f37fb68b7f75f33475b14a3a98487329cde81c0ea9be56e54,2ff3fef53efc5dc2f5276f50064b8bf57e8e545c562c9ee7753f70ab3438034a,primary,1,1
375,375.jpg,train,1024,1024,bd823c6d378524b87b84f24879453ac0c99ac5d7ff8ba9f80393caad3e6b623e,135bd2093826d7dcf7cfffca2cce7441d545d0e4da1bba02d73ffd6d88ebaa78,primary,1,1
376,376.jpg,train,1024,1024,b47e7c3aa1753b702e77c1f2e9ebc5f35287d92bd3238e04d91fcf7f352c35f2,4962bee8c9987014ad2c75d1b938230db5e799c1d9dcccb049004182b823f625,primary,3,2
377,377.jpg,train,1024,1024,b8639b7f7e2b30a5496157007d93edc457f2cc71d3b3b6b2ab6863a5b43d1358,fa1509b201e6edd2626fcb40a751cea992b7141a5c69681978f3f30c1fadbb89,primary,1,1
379,379.jpg,test,1024,1024,a70af8fb28364f1446563426f882380c22a601c28ec07d3e08e7efe49de09f0c,e25b1501cec8d68da75ce626a38983b5ff0d4707a1f8c411d3c47c2bb4159791,primary,2,1
380,380.jpg,train,1024,1024,d524cf3c447be37082e6ab3db2a398a25032acbe60a7c1ef21e0bfb9df2d29d1,d3a87749166316bf0b646f582004616f0d10b1dfa5ddba07bae6409aba7b1499,primary,1,1
381,381.jpg,train,1024,1024,951a80de02f1c46b47943b510826899aebea32069daa80d94e90aec48a8855c3,e0b1b67425245f9d3ba821987ef70bddf0946ad15d49a47c51efc5d018ca30b7,primary,1,1
382,382.jpg,validation,1024,1024,7e25d2dac95ee248f9382c01bbe2187f4e98d9e843bab926aeacf41f0b80d669,69497b2e857d1e0aebc343327099602662420536a2db36da3a4869ed0c88b27e,primary,3,2
383,383.jpg,train,1024,1024,979c2b909a79c4f2bfb59c6fe2e3563fda9f260c5634b55cc02f2672cdd7472a,a44b5dfe8a15b25d98dfc16d0df1291c3ce79079b85e86378b4244913965178a,primary,1,1
384,384.jpg,train,1024,1024,78ecd0e461d7e129d6eba5cc2bd04e823346b73d1bd3ae35c8bd5b7c5e8ce423,1a0bae2604b8b3bec50b743bb972c625437b1a2cd38731a427fc3c82564da295,primary,1,1
385,385.jpg,train,1024,1024,a154e83bea8fe73f75f34ff51ac2d8bd6ab9523418dce5e4150f2d71d3dce88f,51b7ca400d5765709e483404e35979569ad7503f47c4aa3c0c1aa4ee83c38af7,primary,2,2
386,386.jpg,train,1024,1024,2bde04f4c3bc4717fa76925f2aa99a59ab2ca799088f5e457253010f558aadc0,dbbff3468c23f48066d8151bd819aff67fbe3402df9ba918b775528be89524f7,primary,3,1
387,387.jpg,train,1024,1024,d32fe8086b8ece8b4be905f98c6a8aae04667d9a0736bbdc5fac629ac62ad560,b30c6082929f3a513ab274eaa0b6ae4d418ed1391060069f28c9cb39e03615fc,primary,1,1
388,388.jpg,test,1024,1024,399ac6a58a34f97fced30e04efffa22bdb6daa75812afcca076a6e6a5b9cee4d,952e790c27458146b52d8ab8b8dd631f94e92b73fcdc823c5f18149d537e9956,primary,1,1
389,389.jpg,test,1024,1024,e2a0f9ef1d9dd40df46942cdacf3eabc32452462a578a9129895933dbe926475,9289c35e601e4c9a27c5562747dc2631342803bc3d02c514538de1aa1ce4ee27,primary,1,1
390,390.jpg,test,1024,1024,7ab580fa225111b65ac51d43b671c7721c6adb0c127d95217207e0c09a1893bb,3d59992686edbff4bdb35b15d66ff7d5c9cdd631a3df4e3835d9d7526cfa4bd1,primary,1,1
391,391.jpg,train,1024,1024,f954599d7ef9c9c53afd738b6c8bcc3fc1f2d4fac460d6a0ca139ded8b09ca12,32287c92b074dbbf5a0b2987d85d7398a2740e3e74e26f3b07e7d3b388725e72,primary,1,1
392,392.jpg,train,1024,1024,35fc476fc191c3e3da1c8584b979d89dcb11a8a330cefdd07dbd12d280bd5a98,71b2c5c360f62dc987048055acf65b25bef67e6621b7c9a8a2621f727f697c7e,primary,2,1
393,393.jpg,train,1024,1024,2c84e2ac151bc30404459d8f2834617847e8ea8e2684410acf75d3d8653d8af6,a2e738a8d5c392c0cd40e10afb2c0e5c80ed34934c50bdf4bcb60a58ca669fd0,primary,1,1
394,394.jpg,test,1024,1024,fb0ad3f8bff0544dd73e33ce230018c54b67343753d3ddf2796b0893fb336a1e,619c78148b71fb2d725a5922be29d8f160d8668a9e90d5422cb2c2b125fa2feb,primary,1,1
395,395.jpg,train,1024,1024,9db3686b34b65ff898013047b8f3833239e7c60d1a33616abae0a4c07bd0182f,d29192043de45c202d9adbe92e87fa018e95cdb59e1ba92e8190d83aba8d7bd3,primary,1,1
397,397.jpg,train,1024,1024,c7efe1f8fdc2e053fc14c8bb1b7fbc41379f6a2bab21e389e531636ce751f504,2c15dee10fd11df3172f516fb241a6c7de10c4f66cd82c0f9112cf7da2fc1b0d,primary,1,1
398,398.jpg,train,1024,1024,09e432545aa1786a0b910fb99eb83f1a2efd5b9c611d53a02902c8fec65b70af,d32866275bd9d03a577364a11eef25ca420026be92193369a003f592a3d3d93f,primary,3,2
400,400.jpg,train,1024,1024,ad43de7533d0c56aae81d16ab38129c667b4b89ee36dba065df5eba1dc620d64,6360a8c4691b784d32b16a70241d8c2f6cfecb877fe455ad7e6bff1b4ee78df9,primary,5,2
401,401.jpg,train,1024,1024,08629faed6a1055e8e8980c3d42121d7436fdf4a430337745592f04e085a9759,daf3aaa8fe68c2235c401b2dab6124fbedafe6aa956ed4d12fae97215660addf,primary,1,1
403,403.jpg,train,1024,1024,cd3a2136b99a13ddcc0e5839613280a39eda6d04c1b433627b5649f00549340e,94d0cc4b6c66ae27087c757e011be434e9d535a3246b42608b67bd51c7a0a307,primary,2,1
404,404.jpg,train,1024,1024,fbe14a165495c0efe90a672c861ade7dfb5601ec2949b77a2afa6250848cef47,4ca4c8f80db9f13d55f071b3f92e78664e80415634f19828fe4c4bbcb64b2b3a,primary,1,1
405,405.jpg,test,1024,1024,383a72ac3d1d74f2c50cb840529e5548c63d0bd80c3e0ffd0acff5c211039010,72fa4744419621f6b2c06128d79ac09b4953cf501d10f0dc3aefc72e15a4a108,primary,1,1
406,406.jpg,train,1024,1024,abe48139eb15316845b70fc515034606a55956c62f01539d94d7689b562d71eb,a17b31aee01383b5d8a8018fc0c1cffbd853eabfcc00b518262a58cbece63a46,primary,1,1
407,407.jpg,test,1024,1024,279df85a5d927f47c436d6341c0b288ca5b47fa3080cf5970736bb1a8ed7876c,035ee73f1ca471e45945bf0cb751c45f671fb7c32381e188382a6f37ef00670c,primary,1,1
408,408.jpg,test,1024,1024,dc26e4bbf34d88edd0b5b2cfd1973829e6637c4b297b328ae28ff1d5af3b3c36,388047ffff8a52b4a04ac81a6c9faa7f592ecb26c2356af5f54acf4af2350e56,primary,2,1
409,409.jpg,train,1024,1024,519564a01d1b103fee1aa2d9f2aa9cb79ed71a565e8262e3d1368a22588206f9,583f1e80ae1d3cb3a60082f39128b2439d387159f6ac067ef19b4bf65b44e0cb,primary,1,1
410,410.jpg,test,1024,1024,9249648b8c30b5b6d6607c9b28c5ec0ced90f262271f1c4f1b8d84cc89860557,c34046390afcf66f5df6befe2f2abd87d33ac00813b6988d1bd2d582b0194018,primary,2,1
411,411.jpg,train,1024,1024,8ebb69e3b786c161ec168ab6fd873c69eb3164b86229fea71db3f627ea7f589e,69819366350b575d4d663dc6a10d676af424dc97f627c8998ee2513fd21edc2c,primary,2,1
412,412.jpg,validation,1024,1024,0fb8ad0018f748cacaf59fb2376515ef7d38da44bd5339fdb64113e8b617930f,8c261ef831382ce506dde33da9ee465d4bf104dcbbd34bec5628c939e77df9b0,primary,2,1
413,413.jpg,train,1024,1024,0217050e582fcf555e73d3439342d0bf02cb9a8fda0bd5f2aa4ad0a98920d76d,efb0912402901446ac6d9b0aa8529d52e71ff512de02457db8a7430b55a17a67,primary,3,1
414,414.jpg,train,1024,1024,b7f99610d7ff31fa35ff899983ae899f64d0fb92192993d445433156f0e64ba7,c540e8e8d474fa0711b95114f12bbd0a1b41b1acbfe3a8f2fc9b7cdf482a34fc,primary,1,1
415,415.jpg,train,1024,1024,a796362a5f948fd183b043e96936d94020e6e23deaee89f4eb9c590ad07005f9,3308410720ce3b3ac48c1326a20259467d459376e6103e3cdb2a889eadae6a8c,primary,2,2
416,416.jpg,validation,1024,1024,01f66ea3e3d31c83a966a3b24e0da3b23a99653e2755783de8f05885c2bebfd7,075f963f26ca434479c411a0d11f1b5e6e64e51f7a5211984f549a3d5227800b,primary,1,1
417,417.jpg,train,1024,1024,dde49668f3a4337dac63a6f442d5c733b510a578533516525f87ae34329482f0,08dfc3af9763326ce9f491666750b3dd19116839b9b03b79e775224c5a54d83b,primary,1,1
418,418.jpg,train,1024,1024,0faddc4a518449b28e505747b253b25e577264abf21f81c69d8a408278a297fe,20635d1d00db7c0e2e888246c470e46b1456ff3093ae6b2bc8bfaa6ba95a3acd,primary,1,1
419,419.jpg,train,1024,1024,61bc0fc5522128a842101652b669648ddf2df3c6fb7819db458e7c8c9312d3ef,9c15cc6d5faeb9a93130ffead5984701d3b96a64557e987aef0672e15f0dac19,primary,1,1
420,420.jpg,validation,1024,1024,56453b2af69b76e83d00aca7d50c193073ad59cffe5cfc68dd4d54eae1fa60b1,76e31bfeb9c361e8209c15e90d755f1088c4e773ed7e619806c17bde5d23636e,primary,1,1
421,421.jpg,train,1024,1024,f048882dc6ecdaef412984b4c462ae21fc92d16f573fee147fb4bfd6302e043c,821f570e1dbc1c87a816495b3ced73282b2069a0cfeacf755ff47fd309a2e546,primary,2,1
422,422.jpg,train,1024,1024,ba7a165974d613fc6be6a9b124a042d6f5424f74e4b39b7af068f0571d9a1242,0b1520761f4868b3c94e8f3ee9943600d213f956d02bf5a79b79af93d805cd25,primary,2,1
423,423.jpg,train,1024,1024,0cb7d2ade8c26e25e55c5210b9b8eff9a548bc5d45e315a5958ab984793d3454,8116a08ba6eab08424849d4938c5fd6664dcbe9e94a1d7cd440f9b2018243766,primary,2,2
424,424.jpg,train,1024,1024,6cdaa00db4d164036efd3e3a2c6dedef8a2a16706d3cca3a18b03ececadc7e09,a4d22402c671de56b087ff30686a56b9ae2a702b911f37368e16777e69d18160,primary,3,2
425,425.jpg,train,1024,1024,56ad239845e749dd8c6a18955af5335cc8712ed42cfcc33139558baf92a9e2ed,426e0aac7fd55c22f643be7afbe10ba3fa430b378c689c8df3835701501ea0b5,primary,1,1
426,426.jpg,train,1024,1024,ab4f5a3cc34d33f505815127bccfcca0db5cfd381be878713d344fe4048169bb,45b27d704cbd5263c0477587544b2044f3f90d8b1e5cd0243e3d13719e2ab452,primary,1,1
427,427.jpg,train,1024,1024,673b0828209608870bcc5458f50206eb552428ee69d8a2ef6bcb73ef17042bdb,4f07b470f0de10616d0bede23c602f8f9f4a957644384b14c359cc634dd32725,primary,3,1
428,428.jpg,train,1024,1024,ee3496edada3cabc9ec61aa6acb16e4946b63ebff580c2cc5dd746d0e46af781,c775874f2f8b5602ea3b0b385d793222caebaad94f6c4607116bf54e2974df00,primary,1,1
429,429.jpg,train,1024,1024,e25172b833f13eed2166c2dc34fbdb8fa855f3b0f2b68d3d3778521a3cb2319b,041e694bf0134fa12d6f8a4c4d353849ed5fd9feb0c898c3887e179a337bb839,primary,1,1
430,430.jpg,train,1024,1024,42d23b68eede57bee75b56bb306c775e89ca7bb3c0725c7a15aa3dc4c17a6daf,6b06aeba5a3dbb6cb9203e4b973feb314085237bb438a6847a8623fc05b972f2,primary,3,1
431,431.jpg,train,1024,1024,227b4a9aee1f9c3f35864ce298da5f76cffbceb8d953cc4ae9614a65686c2b84,2e573c132424ffa0c500daa2a7b7bf816d750bdc994f87748b98b717b41dcfec,primary,1,1
432,432.jpg,test,1024,1024,63f5f0873551e27aaa24c4310288d92ddf0223496387a313179510b23df55bdb,e680b02af209394a45f4f7aa98e1253fa95e14147794249acbea476c411d7443,primary,1,1
433,433.jpg,validation,1024,1024,4f903c50375184e81fc5814edbf2a6ef6a74d4c84c01040dd41051347fee4e6a,390d8804d2c4d43932c9c8ca5ef737adaf01cf65a6ebe4ee6f31630271069698,primary,1,1
434,434.jpg,train,1024,1024,a9b22d6e5cd9a5f369047dd56ab2dd2729e5d7283de60a21e788a0ec4d28097f,5172307866b116f659fd0cd171281b917688ff1105715ee7633b4115fbe53a3e,primary,2,1
435,435.jpg,train,1024,1024,506c16cd976d557be6855fc1ef3636b9b4c746293f8bca72574270c95d01384a,e332a35f484e29cc9bf433dad7b91c616d7ffbf9ec2d5d5b9a44c4039ec0bbf6,primary,1,1
436,436.jpg,train,1024,1024,94c28063177ce03fad13b87d704f0824816485ee28c9550dd1299e9d28660c67,707c9fed799513a0d03a83c23091f9df70c2f223d1be1749da31e7883db0e094,primary,2,2
437,437.jpg,train,1024,1024,7b07ff7317c0fe682bad298aa2803fb3bbde52766bb66d4502e68172e15e8cbd,3e3989a92321f74b8a42932b24b6f58cd21c6015e4ecc2e01e0c4b7418461c5b,primary,1,1
438,438.jpg,test,1024,1024,bf791ba5df9aafe724d20b7f3a79576b8f9a6b2b8b124b7cb5b60f683a6427cc,356cfc5a81fc40954bd0501bb4b9cf46fdc659bad4e0206ceeca32b1ab559665,primary,1,1
439,439.jpg,train,1024,1024,ac1b3c092153b3da50872bc23193550d02c2e281b1416e207d4bf772305bc3d6,30948b0af4736260a74b9002b25bafeeff0f7beac64d6c1f7df25f93697818fe,primary,1,1
440,440.jpg,test,1024,1024,1986dcf24e95719157d86b85423cc92bff88002e462faf235bfbea670728ee16,4b9cb2b60dd368c06371d94e24e70cc47f612dcc090edc91259806f33850a9a3,primary,1,1
441,441.jpg,validation,1024,1024,7742efeb719223b67e2c71132edd57d42aeebb1204ce6a07a0d38876f11bb0aa,2d2559e03c62106445d5a7d134eafdede4566ad2efb7b2e6b436448589172b0e,primary,1,1
442,442.jpg,train,1024,1024,72e0d0a56ef4ff90e7c3d6e63fefa1060744b36e6302bcfb92ada9b3e5644a92,87dd22489334c12c7e848d13a16ec61ec2eb80696c5bc1db02b152b0d677ab5a,primary,3,1
443,443.jpg,train,1024,1024,bae60e31a16d09bb007fcc6724b389f40c3ac184ab49f560b09686b5a1c7a9d1,ebe77979619185738c782a61b569826020a1e432f53e84f121ed180033324e03,primary,1,1
444,444.jpg,train,1024,1024,6a9e20e0ae175b2d509436b1cfb7d33edff2798c568a92750b1f451b85114f32,fa80880852209f06026b6412e4c81eb8aff83a6357559ea9d875e1ab946299f5,primary,1,1
446,446.jpg,train,1024,1024,3585f5ae822af4025f46bdf6ae707d423f9281c27f1be8606261accef8f73d2c,cb562685b6668e2e9a07b55d09046abd81b0bdc9eb053a9317a36a46657bb09d,primary,1,1
447,447.jpg,test,1024,1024,14685297dd4c8646014d6ba62660ebfb5206c3da7a6d3bc457c77e2951bff9da,12ed5d6c5ee62444575e02b753be4c8d05064e922b5223ece98746fa5a0248bb,primary,2,1
448,448.jpg,validation,1024,1024,0ef0f35f1bc811961c3bc15376a234d94b3422d54d92221e805e7e1244f8f49d,31b62622359624638963edd99f211e97e49b546e50a6844a2e56f89e8e48d8e8,primary,1,1
449,449.jpg,train,1024,1024,99a63cf3b77310b44a55204e288ba914c23ef576032dd949a466edaf43ffb1f9,c47c5c3ed8643b21ee55a58a4d43eacdcc82a2b9335d55a8b2168935291d1211,primary,1,1
450,450.jpg,train,1024,1024,01d57dd4a7ec43d7b229c5e0692156c5e6d03d973714de5b533989388e9f5724,60dbb7ee12faa02ed715f00a79408d184a1e67c7987b0f794ec51a327524ea5d,primary,1,1
451,451.jpg,test,1024,1024,cb98763588f8e25c51b3a7850356746d105d8369b1f5247fc0d1334e851ad032,186dde8ecd8a4b5030477fdc1b71c4dce7f1e15aafdece900a861dfbef62bcdf,primary,1,1
452,452.jpg,train,1024,1024,79f4b55116fa238b753d9c319c39f3bceaa62e292b28d8ed4818e1b3162a363f,765b2e7c1e39ce6ccdc05f95f54773291070a94b715c562a8a8049c84e7f8835,primary,1,1
453,453.jpg,validation,1024,1024,2d9f64385a2bbc89d27bab9b844564544a1e4bc1356e94a88c03ed9bd6f60d9c,8bb5106497faa24f989aa53469521199788789126ca28abd24d340d37e6d844b,primary,1,1
454,454.jpg,train,1024,1024,932f4681defe9b30093e001c1e890984db174712cefb2b526926206fd16b55b8,474a5cbc5f8d1ddea7ab4ed19184a38de2e26910b8cfe323aab996b13e657716,primary,1,1
455,455.jpg,train,1024,1024,efdfb77fae4a7094949a0c63c528b76af94b1360e1324fe907309c3c758f7738,a127666345daee9a54cade7dda4ce0ac7cf000732e17f4c4bad379992e9b6983,primary,1,1
456,456.jpg,train,1024,1024,f62dd21bb31c99e4952b0ec03407166bdfb370d483082389affcf41ffdce935a,57b43410c22fec5c12e97d7aae584aba2e65a788f53211713f2c8760bcfd58eb,primary,2,1
457,457.jpg,test,1024,1024,d747789f0671157e200dab62e14371eab94f827b2e9b92c40c9f7a889f301a25,96aa04b7b386284ba8d450149cae15d3353c56b394285c69f0be3d145fd7cfaf,primary,3,1
458,458.jpg,train,1024,1024,90ee9efb3ac1d78192ae0c46105c0cc25f2d376996ad92b08267236c165d21d3,9360ceef880190f39dd606cd4f1b23e6fbbbdeb56b3a37fd51778d135e8ebd93,primary,1,1
459,459.jpg,validation,1024,1024,d05649127003661be2274048fcf469ca1a6255da4d23b56e2602e21a51f00304,5cf37a932f3075f585fc67e36c1a9d95f9d52de6e0b9425355801d358f8ef902,primary,2,1
461,461.jpg,train,1024,1024,c91e4f1b00f1f47ed270d61300e596f4ee18dd1ea7b67a13bb16869cb4c5a4d3,834c86be31d11e0fa349d0e6fef8838e31d020a1eb942e6cfaad671751d783ad,primary,1,1
462,462.jpg,validation,1024,1024,d5b4b72bf1249148ff501df286038011e35d9a8bd42600fa86df7a85167ab44e,0209297db7db6c1bbd8cf9278f70f0963195070f6fb61588f8cdd801918bd9e8,primary,4,1
463,463.jpg,train,1024,1024,709221e4df30cbdda39da2a2916ec1cdcb3fdd3d7838a4d12e5e8532fa5ba909,cb55e79bb1ad9664e9714575d53cc6282118ea4c7edd032318fa3dbd2977bb8e,primary,1,1
464,464.jpg,test,1024,1024,ffdec3d43ed85a2b95a3d2357bd809a7570448e33bef6139ddeffd7dfc7d2760,b3dc1c1d964cd426b57d5afb51dcac2a2c7b0fe065fb3bf12941f760875cf5c3,primary,2,2
465,465.jpg,train,1024,1024,ebfd7397384e624c9f622dfed9535ca6d985ae9a0243ede714fb487ceaea5acb,3316eeab06f2b52d04e943fd44128914d5e16acdcdd3079f99b7b39031ce0ce1,primary,1,1
467,467.jpg,train,1024,1024,d0b387681b41e9d912f13bca0be70f115e9fb51a997f4c494114bab1bb9fc94f,3d918b305ab985b8e6360fde683bb8cac9bd31923e40fe4be59a168307052560,primary,3,2
468,468.jpg,train,1024,1024,e91e12a4b2e70af548020594f56b22b46b41fbe6717ae0a31cbde36674dfae08,9a292ecc3f9dc7daf24ee6ba3f601da999c8c86c37dfb2c0395a74555b180562,primary,2,1
469,469.jpg,test,1024,1024,743c591bb688c4e2dd76e9c2c6e8f0a00b206bc41094703dad257c045b093eb8,c1d05458006d21091733a336b1e77cf27bbd4ab702524e10786e01a3e2425159,primary,1,1
470,470.jpg,train,1024,1024,5ae2c873782348e11558c3f47a3f1ca76accab27cd61f792e73f0edcb108e564,7b3edda473ad1ebc033dbe51f16359dc20c5a7722c292f83ad2d806e4cf319df,primary,1,1
471,471.jpg,train,1024,1024,d1f894db8c954a168bd8ef7f3f9d6a1c129d18bf6f643ed46ae2584cf369b524,5ad56bef69fb37d789dde2d7ab534f4b55a72036ac7363ad4fda833970a872e9,primary,1,1
473,473.jpg,test,1024,1024,e45e9ff207b5263597a52085239afcf4e98cfd5c3a80d608cbacfa57530979ef,81823fbb49c51dc1a827b66432ce61ce17a1f63672552230220cd55d6cfb8108,primary,1,1
474,474.jpg,train,1024,1024,cf645d49099f8dafb2117e865482536727306053498e340fbc01fdea2d999fc1,7cc90fc5aa515d0d9b2b40e5c4c76a2c3c38b0c30aa851c1e3411ee881084ab9,primary,1,1
475,475.jpg,train,1024,1024,7f57b954da8db0f6db108fa058d530f8fab85eae4315487290c17c110670ded7,9890d24329dad66cbe0301b784df6eba4e223cdcd243089372c547052d8085fc,primary,3,1
476,476.jpg,test,1024,1024,aa6101682c1222dcfef68f86fbcdb32480b44569ee31b57cb0ae94d36f9c2607,9455b53662fb52296c1d54ab9989a36cd58ecbadbb9adbc4e43565e8fd51a21b,primary,1,1
477,477.jpg,train,1024,1024,31eebd31af1d8c74ae2f0be2751a16add70ed48065a73a07f14609d389aa6a26,1b7468ddeae5e841e3035a9e814a3e81bd4bcfdaa71dc94c715970fb3c5b2af1,primary,1,1
478,478.jpg,validation,1024,1024,a8ad1e9ea84e8d13d0e5da96d95e0c8e7770bf1a47a7aa14db62293ef64ec11b,34c7c25fd9c6c22c0b8879f8acae312e1721e725ecdb9ec07a8e6baea6ce2ccb,primary,2,1
479,479.jpg,test,1024,1024,27bc2ad6f959e820863c903c4697356370e85758681fc54a6f2d71904ec92ba1,a884723715d64435cccdf430c31d99a4cdd4bc062cccb879988b51e222e7223f,primary,2,2
480,480.jpg,train,1024,1024,26c3769110be98a76b3a01281ad40cd8aa0450869ea5e1e8fcb156195fcb31c0,8af9c91596d77cc983ba922be6cc552d5910b853f4e88b2ce135710619c3d991,primary,3,1
481,481.jpg,train,1024,1024,3d2973f2e4a4f95527a4030322ac3d97dd52998faac16f9f7e0729d957132b69,11db52ca53f78d4389e86928b8deca97311f09508f880e3b1addebd2004c66fc,primary,3,1
482,482.jpg,train,1024,1024,dbbaf123e1489110df9d1391f0495644642c2094dd7b385cf40a9b6298a1252b,5b553ec93f6f6c7ae41c4f939643f51edb59402817132a4679e27d4477bcd1e9,primary,1,1
483,483.jpg,train,1024,1024,8a285eca3b2b34f37aac4594cb2e345bf74859174b04a7036a44d235215c5937,688ed7bd501f95cb80fca5ed9d9380004c95fe8cffa9acefc83ecf40592f739a,primary,1,1
484,484.jpg,validation,1024,1024,e268eda2e68a5ecef4e3bbf663ecd697e4bb0579723855818024e0081a685130,36cc56e5fc315547930506426bbe2221e569e5307152a9955c1d092fcf74e560,primary,3,1
485,485.jpg,train,1024,1024,6bde2ce3edf1d8961f40c510784c3ee0c4d7a82e12885d7fa94900da37e8cc57,5c6b391197f6715f39f15f84373faad0dea7254b5cb4a23d641e5b3eaa97b0c0,primary,1,1
486,486.jpg,validation,1024,1024,0eb477fd0110525d06347470180b57f971bd0fa0bc356f74ab2b46ed8adb83a4,f088f86827c2acc8ae4ea2ebb2098c869473cd6ba29f2cbcd86dcc70efea4e19,primary,1,1
487,487.jpg,train,1024,1024,4cffec0b942a4d4d84c8ffbf1b8fb2110f4a695de3354e9419406a00c4957e45,2a6a2470f3f51c9ac2e97f74eb29f08dc783205e125ab259ea47798561bdaf00,primary,2,1
488,488.jpg,train,1024,1024,cf4d75d13f5698d11aa313b78b1333653e6f1bb7456619a9012cd45cae18a311,6f570f0ef06bcd2ba83f50f321fe04e976763012694d4457a241de4d10bb2389,primary,1,1
489,489.jpg,train,1024,1024,9ddb79a0ab91e3d3648a960598cd3a60374deb994da86c471fad53906b29f7ba,0ce6da4aa4c958c0e21e1e61e2657ac345a285e8132437fd73794247ffaa535a,primary,3,1
491,491.jpg,train,1024,1024,b7744301e7589ece63329693906561fa3d9a2ff9de391b705265645dd1977193,d614f338c378ee1da929c943dddcd2b75d014354ac784590e6be80216dbe6f0a,primary,1,1
492,492.jpg,train,1024,1024,6d197c0861919ba61d5cabc162582129a6071f635a2700905f484d337ceb9d3c,59c94df212a3c024234845a580a8cdc06c7318762406ba4b0d11db38eaa6eb23,primary,1,1
493,493.jpg,train,1024,1024,e276c03b6ab2ba69edd963aa41e021f1065921b6332f7f7ea7920ba1ee2827b5,81686b4ab21e04018d0bdb08f0bddaf29f6d2329c9585805c0674d272464b950,primary,3,1
494,494.jpg,train,1024,1024,9eff8bd7dc16decf32bc580090219c134f9864c77f90d68175fe89d200e4345c,bcb4dd2ddd408b15e7d5a32017bc5785b80b016f6340c080d8f518ecb7d19b47,primary,2,1
495,495.jpg,train,1024,1024,e689545af1ea4b157c824ea0381ce739860f89cd9f3b095d3ab02becc202fda8,cfb1aabd989770094051009e013eff780fac91c3ec4da71f484d7969e2037929,primary,1,1
496,496.jpg,train,1024,1024,8d8f6cac3ffb5801a92e350ef603bec0b434ac9aeb63b60650f6a01c87f7dab5,dacebbc3abce59ffea8eb966bf0981f2449b46e7fdc109938de976f0889290fc,primary,2,1
497,497.jpg,validation,1024,1024,b4eb312d82d738591195ed1c56ff4f05378f9a7b4ccae2b44d8f75b212d8e13d,f6c94d313a43f9f759ce39c05394949476e19677863878f7767791b1743d4899,primary,1,1
498,498.jpg,train,1024,1024,ebe2a64452bad9b1280468ff47b3955e70a4d0d14ace6b38540bfdd9558da5ac,5b94950acfcb8bdcd50fd4bf346b544539fe9e91efc8b0ea71964464ba584472,primary,2,1
499,499.jpg,train,1024,1024,1765294a159b275d371941bd0edf4c2d330995f889f16961f02080a1f83c5d17,4efbc9bdc58a2d8cbeb5a81727dd1da86960c106b2ad348c1fd321d0ef2aaabc,primary,1,1
500,500.jpg,validation,1024,1024,5f46553a1e95538cd9d02da569a0b9f3a1313ec7948cea0455f8b1dca38892d5,51614a2d19a3de873f2ee1dd4b00aa7aa19b672176b5678b61a2428586ef1ff1,primary,1,1
501,501.jpg,test,1024,1024,e221b5bf1dd3aa91d4437934100c25f062f939c9b733abcd3f79a35166c7ca64,8084c42ea0f5b6ce7f43d02f1164ce0b1797869582c06844c834badfb47a000b,primary,1,1
502,502.jpg,train,1024,1024,ee60b145a502aa850ea2f77dc27011e8790b2ff6831623bc4cd14351f18587d6,30c503b03af3cc01dfd2f94115d089b3e618e3a0b03be14c9117eb8c87933843,primary,1,1
503,503.jpg,train,1024,1024,c317b75c6ea6ca3f66d19e145521ab221e5bfe98f2b623bd3492f60cbb16004e,778b7a5d08ef78cab5b4aac8d6809336ad4dab8607358b520fa48184f7a4f220,primary,2,1
504,504.jpg,train,1024,1024,754e05207155e6ad12f5b148ba42066e41e72ec509e0aaf20219e1fdc5e27cdd,9963984e79d4405c632197459e44bab13e3a4f2e063947ec62c5b46b5b46b055,primary,1,1
505,505.jpg,test,1024,1024,abb06fcf954d3e39e3f51d4b9771fa5bdf89686e5cde352f5712daebffd53a19,3cbab6de4f950ab66faa717d4beb4c88e3934ccfeacc2c280beddd4c6b634088,primary,1,1
507,507.jpg,train,1024,1024,19c047950caae690379067dea68d176f14ee7bf9290585b1456ea4f954bf9473,e0280699375ecd5d9bf083a6e2f9ed5644564736bd079565c89b6d47d2728736,primary,1,1
508,508.jpg,train,1024,1024,bfe376c1f0205151e96051c7a8912fdede2b9644756a84cd665e6c8084ad6c3a,73465485c4eb26ddc22fd7b09597b92cc5df3f01f9ecc3c5d6d7ca6899d607ec,primary,1,1
509,509.jpg,train,1024,1024,088a7686f4e83b65c043a07c75deffccd97c257188ed5dffe86a2411ba2b8ddb,8bbae7af870fc8b3485880243d556756dc285ac6c3b763979cdd014b868039b1,primary,1,1
510,510.jpg,train,1024,1024,e32bbb969c9205bd3ae4d8206fbc9635a6bde6554339881b59937c26ed164498,d51b17070b85a0aa0f102892d79c497326fd0f8eddadee26872fb99996db250e,primary,2,1
511,511.jpg,test,1024,1024,c88309f87fce437638f0ef4efcdf9a25586e761c34a42a0a45b3be6b32150dab,851566a2a870fc3bb949ab6abb06b4b742010a182843bfbd9a06d65f02049716,primary,2,1
512,512.jpg,validation,1024,1024,303d46334b157c25fa695bdd242c1cd34daf4181e0577b8bdfc0d5155228969c,165e0751b9dc6f9838564fe041e8092e10607d5529a8c4d6320299523d865ef1,primary,2,1
513,513.jpg,train,1024,1024,7c89ca996c80214f7ce5d8f47ecdb148d369de6ae9b26fdbeff803935d06f704,056ffaab2e58d3da1f19c355bcb1684a00f6529aa2acc049cc909805a2897aa4,primary,1,1
514,514.jpg,train,1024,1024,f9403f098b732545c57f5fee3cd3b49c34c82d519df88527007f0444b21267d6,84525db1793b9ef9d4e5676c09c07a015fc50e9213493beeecd76c96b5824c12,primary,1,1
515,515.jpg,train,1024,1024,1b0d2815ba8bad4bb5267fdb3d4af9fbcbb27b879ac8be932925f3487b7748e1,1ee9d226892acd3be463cad28c6a6392c3d412a3ca318ca99899df7d88eccd2e,primary,1,1
516,516.jpg,train,1024,1024,d8fc9b4a9242a4b63aab0ec7244ef4f96dade1b647fab5db42f99792b8ed30e5,254102c76a64053d4768ba60b6a38752a6ea7db3dc93ec318b84228bfc7ceafa,primary,1,1
517,517.jpg,train,1024,1024,0fca4051c50f038504055cb9691ccee5bc218b0288d011cc0e276ab11fa2c98f,ca271a4f4b5135fbad85af5b6f6f7e844f0cb9157bd63881a71f4785a5c34206,primary,1,1
518,518.jpg,train,1024,1024,bf0fcbaaf09b01674e18c2c0008dbb9dfb812fcf83df1a0e6739856d8dd9c80a,2847726ccb6f192b22f8cb9f3a039ec9d13e37b46f0605fb725c5cb1fd7d9c1f,primary,1,1
519,519.jpg,validation,1024,1024,a68f83ec028fdfbb70de785d22365020d0337b8495151872380b08501d6e69fe,03e1738c8343766c91801f739e42614b08cb99648897e6794e20fe3683745b6d,primary,1,1
520,520.jpg,train,1024,1024,f163d5a639b813bca0c39bfe37495efb5fee958b109ea4da8c971b669e4acbd4,2b1c1f93aad53903887781a7e5dfba9d451a05d6f63461cae62861023a0f1ff3,primary,1,1
521,521.jpg,test,1024,1024,38de2cafabf7f535c7bb7f554d02e4c43f6e42f8bfab2753e052e31a2d0c1c1f,4c62674c9999bce3266a25eb100727c741c78cfa9e35d024a47dc4a2f4a90aaa,primary,2,1
522,522.jpg,train,1024,1024,2b1a311542c16c1347bfa4f528e7d8d794cdf090320972a2835b13335d1074ab,9b4de5f221b5af8ddccb72810ebc8c283089afcdfb807cdb45157dc91faedd58,primary,2,1
523,523.jpg,train,1024,1024,d5ab514e2abac3bfb6fa43c6286983ec92aff6ebfe7f1e676ff6e8061c1c5964,352141def51ff30ffcd405bdfeb04bf04834996b21146ecc03e7c1a43052f45e,primary,1,1
524,524.jpg,train,1024,1024,f479e841e911d28ca77948008e23cad3ecd3e77980a2b526adfee3c7ab9595b4,c736474dda3ee43d8e54ab499089c3d1c4b62c6f656fddd90322601c453cb7cf,primary,1,1
525,525.jpg,train,1024,1024,0f128b9c1f6f5acbfd37b36027617a0f5b01d10d6af664e8b85fec54d2ba7dc7,550833ad6adbcc6bdaff0feb57a53e9209958fe8cc1bebf913124a0e2452d132,primary,1,1
526,526.jpg,validation,1024,1024,7929250df3a5ad912040b56b799b4fbe29a89a0922574803dd4c177bbaf367b1,08ed93c630c0440dbfaa8a34e6f48a587ab7b2b4dd96b08472c28e43d4724788,primary,1,1
527,527.jpg,train,1024,1024,f01e04aa04683a9c21c55449cb9b14c4b42b868ba9794041d9f1e7a579716f87,b688f34e8220f75cf86eca35f1073c6c80352d01cdf9d8629184523128473b3e,primary,3,1
528,528.jpg,train,1024,1024,c98c6a62af46e80354c8956f2064d75fea7216e500b15b2438e461f42179007b,7408a7cc07bfeb882c07d451663c0f11974b7974ba52ac774e2c7a2aa26def8c,primary,1,1
529,529.jpg,validation,1024,1024,1644fd17aaa5d28027bb3aa1456fff4143382f1ca4d6003f3a13021366c8c5c2,8db6a4d13e85bad563548a01abf51d188d990d635c1eee5e57ab95fcddd61163,primary,1,1
530,530.jpg,train,1024,1024,ec2248a8d3f4724176507b57b2e1a4f4d9c028b11348b58234d1e4a159601e20,1616ebcda66ba405d45a462003e638165390c432d195a423569874479f5cc685,primary,1,1
531,531.jpg,train,1024,1024,42f7f159a500603b08ef916ab6629dc974fd1a5940c7a7b2ba6677dde87a5904,2f2d75987d27f7bc09373496b07e38888400a64f3baee179124e8dbc53410dfc,primary,1,1
532,532.jpg,train,1024,1024,35a1b7daab4ce994678e3c6e6f21eee5c7d4bde67ec18f6034e18170d4f08184,40cbd435f7b3b0641af9b3050c83717004ac21036773f0943e53c73f50077dbb,primary,1,1
533,533.jpg,train,1024,1024,0420c6f709b8ff6b48a530600d02c935792b0943fad4d6ff1ab4984f4ee92196,7f948a8ed656ade32da600fd06db3d2d17b9f54a5b5a4c8c12a6502cd8f40863,primary,1,1
534,534.jpg,train,1024,1024,8bbc83e7df15a576c37f8b351f724daa82b8266c512ca76e0ea48bd19967a140,b76c46342e0b13971cec32f01e770c29da7e4efb3e7e45e3ea8aa4be3379a0f8,primary,1,1
535,535.jpg,train,1024,1024,a775740d8bfb8e9508b99ae536f6ce673d5044f9d83240d722f176244e68f21d,0a720f046d5aafa3016bbbdfb4d95b2e88c3673d2d2ca5991ddabe3c9ce71d54,primary,1,1
536,536.jpg,train,1024,1024,841b37a87c5cdfed8eb38925e59b0c098d11ee1875d57fab2d024ec17f6db480,9de1280965ae3eb06a92bd4d75b955ce7a71826f1b93a6e7532356a5e06aa598,primary,1,1
537,537.jpg,train,1024,1024,22b77e28ecb4ca79aa94e915459e26f289e66792701749de2f7f8141924ed952,78633ab5e1cb078a0180bb1c176b45ef410380c9a8dd5023c67fce5c7d165d3c,primary,2,1
538,538.jpg,train,1024,1024,6a09237559e64941048cd921f1a3cfffec33c15651f05b19a13959771d2932f0,64f81866a72205d56c0b1f1d7f219c5a22f05a58d715ef57b20bf52f4ffbc636,primary,1,1
539,539.jpg,train,1024,1024,71ffab9c36166cb0a7de5223f6b216f0f0ee05a5ddb7480e8a8ea467680d10b6,0d0e4b249f8814057ab8a187f1dc46adffc7febad244393e7e14e96fc5038f2c,primary,2,1
540,540.jpg,validation,1024,1024,d344b1346cee3536305ea074e135bac8d1a212d37591a84af56e98600f1c150d,14de0e6d96ce5a44e53af641b5f79cec97d60e71c9d6bb7b0b61684a74d58780,primary,1,1
541,541.jpg,test,1024,1024,f93968d02772afb473a4718bfbfc4256e93daae781d138410d5d79233deb39d4,a382eef200f94a2bcf58299e111473d7e8435f80a1fb1a9b913dfbdc298c1920,primary,1,1
542,542.jpg,train,1024,1024,3eb71347d12bb2ff05918c6a4e3d66e0c919169e318136415fc4732d29feeb4e,07cb3fe0aa1af37dc552b022af055d2e7ec936ebc8610962eb449cc11c77ce66,primary,1,1
544,544.jpg,train,1024,1024,acf8b8e1f4094eaca9784226eff49d5f9230c3fd939841ffd4fee3844867a26d,bf8c4475667d3e5a63cf01fbb2e4c4a70c974c6ce10b43381c50474ffd885278,primary,1,1
545,545.jpg,validation,1024,1024,1028991c58749b43e71c915eb54b2dc24a1b69a3c53f83bd16fb25e7a890ff03,599c0a43141943a6b405255a336590d9d05a95fa18fe773d22bbf80e91118561,primary,1,1
546,546.jpg,test,1024,1024,fc726b08354fd28d031244805160f0da861ab8850be16bb838557dcdec25da97,2b4ba82d9d6d88a14813f7a65cbf55927eaeb903a58ca0af877d8022f3ddbb7f,primary,3,1
547,547.jpg,train,1024,1024,47cc9396d36798c6968f28713da19f517129660a0ca3ee5e388964c2e137175f,38c09bc3a48a9fec6a9f6121d480ddf579b9ec13b389a07eb89d10d1b02a8e96,primary,1,1
548,548.jpg,train,1024,1024,cd240e55ca470d1e03b53032d931a66400ff6fe97006b9c0146a5dd192211860,c8c5500ae0da26c40ee2bb5d60fd2a76dbbd30d1af0a78ed574993a10aa46992,primary,2,1
549,549.jpg,validation,1024,1024,5e21a59e58b3384c09554c23d48122ba8c399abcbe7bc942cf187edfe94c985b,53a385a1f94bace8f7c02bad42df231cf94fd28fe283eb1a1baec676739b2ab8,primary,1,1
550,550.jpg,train,1024,1024,2ba9aead7147e1b298ef8793087585d16aea857c26d1e5fca3376a7930386e53,69a6baa6749465bdb3be4db5e6c52b3db4bc60ed2ec65e2b85e6d318a39b157e,primary,1,1
552,552.jpg,validation,1024,1024,6b4d9b8737363ee67ac525b1178dc20c41a226f775ddfabead3fc6e0f4fb7a78,9f1dbf8e8781528bbdde3d106f10d81c290395d3ecd7bababc6a3abfed8d3b27,primary,1,1
553,553.jpg,train,1024,1024,8c3bc9493e43aef1b028f85bb8bf237602c6cfb9ca321e92b2cdca6c4310bd9a,0aacc9e071698e42060c42cef5573b97a5e8378506311aa3f1fe327b6efecec1,primary,1,1
554,554.jpg,train,1024,1024,f759263eb57f15f4e81077e4d525a2b02ae64b36b6f4cef91881d2a0a7fb17e2,c7aa0c8168fd761cd1d7f78132eba7e1c635ec30c45063b8f876ce9b876d26da,primary,1,1
555,555.jpg,train,1024,1024,d5472719d238b4507155ff68bf1d4b8abd2db5917232a6dc9bdf59d9970e8b27,144fe7bb948094a4c999e996485d75b2d8e87d2d580df3bc1607c9ebbd067abc,primary,1,1
556,556.jpg,train,1024,1024,284da8822d003aaa18c1dd3134364940efaadc1c21dd98ab38f84ca6bcfb5b7d,8ecf0da612cd823ee6ddb0a106d80175d66565888d890b85df43064e34bac44d,primary,1,1
557,557.jpg,train,1024,1024,7aaecd8fc67ca53442f769ab3bb5ff303115601809f2d33b6fa2e677d205596d,409fa2b9669b78d4aedc84bd0e02ee9e8782ba88fd0d2241319877bba629bdb4,primary,1,1
558,558.jpg,train,1024,1024,9f72a5603754ebcbd823d673c809dbeb28ed76443c260df514062a75f2521b55,9b2f99f5511d3202603a681de813b7da1922c9e7a52670bf1012981e0611c8fb,primary,1,1
559,559.jpg,train,1024,1024,1e1e33a29d77f8f9604be7141a85f3c2e638f7e6872660c55bbf11a7702eb363,fe9f9717d1b5e771aa17bcdcae89acc174efbb38efac65938b624c2feb158c76,primary,3,1
560,560.jpg,train,1024,1024,f197a7f06c0a430d2617757255fce32256906772d42b5a90566fe551b48c883d,1a0afb4ea44b310bbb4bdfa2c85dc2d2c1ea08c60fde4f73394275bf806b32e1,primary,2,1
561,561.jpg,train,1024,1024,d29486b2ae5e54b56c1b8d3836240003a4e611637653dde981c8931e93e248e3,393427fd6ef1c3e7d480cefcc888f6dfcb576357675ab5e0a177ac744434574e,primary,1,1
562,562.jpg,validation,1024,1024,5139f8f4a4e7c6617c3ffb80979bbf7ff3d27bfbda7a71226990c3567865aab6,b9ae7df6dd98f30afeb89b6241f9e99db68f16b6a04cd8760cd94d0a33b2f68e,primary,2,1
563,563.jpg,test,1024,1024,1876c2ea621a76e745275346bcf48b0ab5c8158640e8dfb5e78d1e3709342266,8a89f83d07855b74c40fcd9e73a76e95b9489ad722c650eb6ceaf0f41fc426eb,primary,1,1
564,564.jpg,train,1024,1024,300bc3d23056922764a25ec467a2c638623e92e37c86bf3656798a70117ca1ba,62181a43e722ff4f1257e6464e46185623d8beb6f3011f664450f7cd8c26a5a6,primary,1,1
565,565.jpg,train,1024,1024,ed9ff90a27b997e13bbc08a4add814497ea646909d4e66f47c7aadf7d6a48e14,0766244330aad007df53f7a95d5dba952e2a1e2b5905e03b1bfc708815666ee6,primary,1,1
566,566.jpg,test,1024,1024,6b8e9700929533cbf6930cc3b0c3c72eb0c4fe7b71e79d9848afaab9e6423d8a,f065a9de0b155466be986370edee9dfafd3b5a3cb3d0cf8c758f49bcca0cf3ca,primary,1,1
569,569.jpg,test,1024,1024,e829120d08271c6f1f9eb3524304050a2d9625e8cac82d052fafea0e11ba008d,4788ca6b75832a1051948a793a856318f310f706fd73fe53d346295ecd6f5894,primary,1,1
571,571.jpg,train,1024,1024,9b0a26929029c30202a1764f4650846464ceb097055eb1daa40d2a02d9697bcc,1f657728ac12a19cb117969724841723ed5e7784b1cfb5c55d7f39f2a1eae592,primary,1,1
572,572.jpg,train,1024,1024,b80d55f04ac171e56f61366810c5d67f344f5d41858b6c84b8bfaf227cb929f4,a6bf7e30e3beb8b40f6838e1f8578fe190b178591365b47bae93c49d3cc66f4c,primary,1,1
573,573.jpg,train,1024,1024,7eb93a056351fef05b3c4c28c10ee2bffca37260646e44b92f987d66837cad1d,ae7b44e41484b838317c65bbf3b893c163e8e971ca2dcb362fa45656ff38115e,primary,2,1
574,574.jpg,test,1024,1024,d29e43048f52cbd917795e68cf831ab6cad827036d61ba6e5a0b94bb29a1a4c8,39abc3cb936d747662f070db58860b201aac5ffe94660b22402618f7216b9c48,primary,1,1
575,575.jpg,train,1024,1024,2278cba2e1ee72a005a13f7a40bc3892b79e88d05e1d20b8d40bc581c8630efd,9bcc9af9c48b1ac375a6f955f6342b908c231e78597ab16ecb666a85effae7a9,primary,1,1
576,576.jpg,train,1024,1024,d475a86a62f65e5999aafde5aa4a1bd735eea88f2304d18656d58dcdc8731883,1a4c27a2afde3b0323ce9b8dd7433e7ac50693f6f5a39cbf5dcb6ea7009d6d59,primary,3,1
577,577.jpg,train,1024,1024,675c3950472423c2b2e82acec85ea1c3a89094107367d81b6dbbc1e84577f041,04e8b0987c62d70a94e3f90cad79b0bd0ac563553ab88f604aa76a3167f5ae5e,primary,1,1
578,578.jpg,train,1024,1024,d3ce35fa4b36f001a2a41ff04b8036711131b1f6a1656728be1d56ca1c89d413,d8b677b7a8c1f73c5e4522d4fa7b13ebf9a53be1135b0abdb3cb488178760674,primary,1,1
579,579.jpg,train,1024,1024,01c416f1ceb5942ccb98bd19ab061293af68adc06d9636101931645974497e13,6a55f37a5ba0b78c5f61444aebc1629358185c995767066e56d34482ceb47b48,primary,1,1
580,580.jpg,test,1024,1024,3b40a7add26cf6a437d451ffe924d824dbcc4fafbad00976a5287c08d61092f3,ac683b06091958e89bbc3fa5f7476c41c5da82687eab84263ca41ab5f0780c15,primary,1,1
581,581.jpg,train,1024,1024,da18639d0418ae1abf7c20328686bf3e69e18272426678b6b496895a7ef60c6a,bcebd28544d8071c1eed696df7cb57b158e285e134f520046a07e0a896757b85,primary,1,1
583,583.jpg,train,1024,1024,0a3956b83fb93542f4a8cecbb982af7071c42abb7f1fbbd115e4152e65241376,c07a84b68c75f6a9351301c7b7f9912c7fc7ae6f3fb3b6bb686065660b43815f,primary,1,1
584,584.jpg,validation,1024,1024,c965ae7f66959782498ff27d81f691254b9082b069a52609b5feb310b74c6b91,d8fce6cb973dcbbc4d38eea148f584f3bc248ab3e77cbd1eefa97ed7de253a48,primary,1,1
585,585.jpg,train,1024,1024,b4803ce77faee2834cdd95ce48f8b4057cec38475bb6bab27626b725f4dafe19,5d8dfc9ee719192d53b7fc73c74075d7ac6fc78a90d89b2211ffa87df7e7c9ad,primary,1,1
587,587.jpg,train,1024,1024,d9e53498477a6f8b4d8ee4f4e9d31fadb77190643841642f62c78797c24f9f29,b3ad7078baeee10a59fc734696c4801a5dfe103e542533b5b24cb0d38c823cf3,primary,2,2
588,588.jpg,train,1024,1024,233efefcf2ecfb353ae506603c1c8569989d8a09c9ae55916a560348b6bbc5de,e8a63dd64535640e48d3d54e1de657b3588a75a3fdfcb4179d676be05ffa6334,primary,1,1
589,589.jpg,train,1024,1024,66c26407b26b8b83ae377cc7295f515003eea534ff85e41876358c9b9d6223bb,9bec429318358729c19c9d5cac89c5f1e9ba8ec1bcb67f4064f973ae81ea09b8,primary,1,1
590,590.jpg,validation,1024,1024,c78ab248a7e4d61fea3cb5f7f3f4f7d55879881f910ff8474f5a2eeafd0577c2,cb3077a47d2fefc6483f307f75c7e67590cc7b06d9aae62bc3ba94ec4fa31514,primary,1,1
591,591.jpg,test,1024,1024,e7a506e15642bd32dccb318434cd11ab636215af2d2fc26ee0cb7217aaa74256,0af1f4dd3db1c0a3c633ea56150b1161c11393d20866b618f11d60aed8724da6,primary,3,2
592,592.jpg,train,1024,1024,66e5c5d6eac1bdc105a1af1d8ac11ca275028928331b4fb2f64d1ddf24cc7d9d,9aee33fd614876fde4f36e656df30f231c9c7aa08a3217bff3d3f1e234d9b72a,primary,1,1
595,595.jpg,train,1024,1024,3169351558e35ca82293af532602205036de529edb02cb378fdcb7d5cc9a0716,6dab193df633ec0f8dd50214832a12805a1f64f0ac3f9ed0eefa6aa0ff0fdb17,primary,2,2
596,596.jpg,train,1024,1024,254d916d8ffd273493a4cb3d0195d845d0aff9ca03b85b5082bbfd44b1e51555,f223ff88605b0dcc8eefa70bb58242db929d4b89d480ab11e8781dbd70657404,primary,1,1
597,597.jpg,test,1024,1024,20a7803ca498a8b697804660c40d7adb3f9a91cdf4e38dda0d380206fb2d5fed,652ed919f4f99315ff5f0c8b3be623c3d480652af7c4dfa367dc565b0a15233c,primary,1,1
598,598.jpg,test,1024,1024,d67e52bf6722d6f87af918bd5ed1fefbd8e65f062db68cde735c6dce7a765611,96bfed8e6a3633b99a4062232652a28b1466f45c34a1d0bc538df5c2b97d852a,primary,2,1
599,599.jpg,train,1024,1024,aec52b65117c9e515f335cef6d13e3d1307425751f71f9a9b46dd310a4c6b721,887929e773b2d6a6552ee5956b02ec5905d5e0f1c66a6709f41a1c8de8f1da5d,primary,1,1
600,600.jpg,test,1024,1024,2e0b8185d4b561ef7297a73fd2e3f1844367f1b247b4afec5d23f69c51f05cd0,b0b8e1a6949786a1d204caf62f98ca3eae82687b4608411379b7a1e663ff60e3,primary,1,1
601,601.jpg,train,1024,1024,65803b8622c73e41637b29c3451e488f2cbc3b9abfde50c035613f31793a280a,57796cb54e9bf806a746326754afc2457d774da2d740b29f55f25a93d996090b,primary,1,1
602,602.jpg,validation,1024,1024,ce95847f31108864d260ec257199861cc108f90d09f00f1457c3ad6baf5ae945,1b297f26fb19ca16b7a7c99078edeb8c09d7709e7c9f9d236ad2ac81115229dd,primary,1,1
603,603.jpg,train,1024,1024,7d6f857c123ea2cc5498d72c433493923bae53fb9a6ea241081908f3dba85431,5e7d3eb591f1705a770d13393dc384933d22659cb3297c118e07f25469fb4467,primary,3,2
604,604.jpg,train,1024,1024,792adac89fcad33503da3dccf444d4685436a8670445948080f31f129b8b511d,27a429d3d13cc3eb5c91503bbe643f5388731dcd985f3d45c3d5d7f5c2544c9e,primary,1,1
606,606.jpg,train,1024,1024,775c68b321c76937bc7b716c25d19d5c79b91304d1a4bde46c5d970ae47f0717,ab648a2259ebc407859bb30412d861d7959aca81a42e2cfd3eb1164750e35eda,primary,1,1
607,607.jpg,train,1024,1024,b51c8cf3f426eecb0579b9f67d0987fa5b3ea46ed2b532b458800c1e7991ca5e,cadec513ffad4dc20db076903e52a3b2b74c87661a29134e7c47deaded278c45,primary,1,1
608,608.jpg,train,1024,1024,11738256f77910d3e71667aad8ecdbc06b143b14627cf589394bc4f85ad912b1,d92c51b0161e538951f4d759da4bca7c9ba0959c8a15b17710d6fa20cd60d65f,primary,1,1
609,609.jpg,train,1024,1024,d8b916f15394d3b9e72e69c0bf97cf3d40730eac4690a99edf999d6cfd44f0ab,b80d3500c4e202a03e4baca1f832881b7260ed52cfc494dd96accc06bcfcc98a,primary,2,2
610,610.jpg,test,1024,1024,66ca5a13ad4e9a73dad42d9e22ee9f11386dd7cd600f71b79f35aa5aa5a75434,a7a85be100343600a337d77252c929f4bea6ac81b05aa3c50b65d105bbc992b5,primary,1,1
611,611.jpg,train,1024,1024,d6ac8492315aed0d0fbfd2f12722ec59051c3089b5036ce03d70b1613393a4a0,a9b80d1779f1b0812f0d57deca8aab861e0108350b2f7df950935a402109520f,primary,1,1
612,612.jpg,train,1024,1024,15eb9515bb2a320f6679b3645759a5c60c5a740a425bd08a38df0cb035234c68,f53cd2f6948d07be9ba23f1752da948439e73d8bd4e5cc07b15af4bacb32f076,primary,1,1
613,613.jpg,validation,1024,1024,8cb95264b502bf8c0b164b7a8af3d3cd7813c189de6e5d5648dfd1b4a965aa57,51b7f6626e0d41a82d46ee1514eabd6687ba13b7dcdfb8a2ef63f96982aadd77,primary,1,1
614,614.jpg,train,1024,1024,5917056986d8e5c858868f1fc648801fbed8fd2b60138d71339073d4a429b6ac,e99a1a3a21c9a2ab773bf1b43b0976f82c82297fe3c90d77cd42b767f07d8352,primary,1,1
615,615.jpg,train,1024,1024,5d2f2dd57a11a8404aceba8c5be3eefbfcb127afec5838fa112d492d28b35b00,b108dcbd8f589db74dce6d69447860ee329aaab60ce96aaaca6da475e91e3f3a,primary,2,1
616,616.jpg,train,1024,1024,c35a829bbbaf25c305255fb293eb240337a1e8b6b3aa9f706acffb5c1faa76a0,deafe98be2f5cc1a09ea9a84a11401183f4b59366ecfd0801dd55dedbebfaf71,primary,1,1
617,617.jpg,train,1024,1024,8cb8050028bc0fa577049e5c7f35d8e9cb1546daadc8d6261258579aca6a37e7,722e5388df1ade73343c1944b7a26e8e3b7d82a327e12ddb40cd1ded23cdb7df,primary,1,1
618,618.jpg,train,1024,1024,5406d139473f9a6e749e732f76511c6f6361113a9431e185ba93999bf12bafe8,c5b0a77ec499a2ac2da4d55714a590915b467cdf352588662a6bfcfd0b2f6537,primary,1,1
619,619.jpg,train,1024,1024,77f0eb7f608aa83c0d6f5a52a75ec714458da6b17f084122d520c9b478bf45bf,25b1d8c0b54d196c6668d0108b7c3f2f010a3d2db6a4f381baf608f5d97a473a,primary,1,1
620,620.jpg,train,1024,1024,7badc0bf5143a5fba6c862b3b78392531873d3d5c7905c707827f1b1bb3f622e,cda064ce3195c66546074b8911aa2eecd34de25686c0117765061e63b6bf10bf,primary,1,1
621,621.jpg,validation,1024,1024,d3dab00e76d2eb0a39ea9621f0846ec83a91a846095766661fc954d8e5584593,ead00ad3c248620fc05b1543daf1bcdd8d61fd6297c8766789c0ed932de0e30c,primary,3,2
622,622.jpg,train,1024,1024,675e428dfb1eab28840d560aa4c8da2d290c3482242f9c2a487eda4dc61cfcfa,d30cb1d9f75faef625363f48ac7968803d8d65cd81e1edc9accc4f6c5f161669,primary,1,1
623,623.jpg,test,1024,1024,1710993058ca4b47b51a71abc014301ae21f04c2bde34a4d49f38b1b03b519af,253fdb52b0db86c2ffe8a3498cb8786727d9e39f7255cdd270afb8154995d810,primary,2,2
624,624.jpg,train,1024,1024,0ab9f505bfb3e6425015397fad58ff324a26544292689d10450e059d7a256501,a93f8a926f62928352400371bdacc9fd4d988b8fbea7c199b7018d31e46e4edb,primary,1,1
625,625.jpg,train,1024,1024,c74fd8c06f05e784fa61add8041cc3ea056445b6e7b0c892730d7a3a0545b764,3be3dcebfcb68a62cf8c0e7c3188a698b00f87e1dfca9f04f75d5d246713b512,primary,1,1
626,626.jpg,train,1024,1024,ab5c660d8ab95f769c92abd4f040163b407916a0a6d5e6547b16e10227b864e5,862c29ce90ef15730736833cf88c7329e3ae3f294e5a9903f1312c977bae09b8,primary,1,1
627,627.jpg,train,1024,1024,f534be910526e7661606a9fa7167728bc5d330ab38434a5700ddfebd2d1f657a,11ca782fc561bba90493ef3898183a4dbf19ed3563120a937009ba4832fdd32c,primary,2,1
628,628.jpg,train,1024,1024,8e99c248a975b8a3135231e6e850ea94a25cdc460748ee5a96b8640c826b6eb9,a957db5b4d24e4914f599db4c4c1849ae753ec45c7c3dd6d5f5423bbf415b99e,primary,2,1
629,629.jpg,train,1024,1024,ebed6222f107bc011ede1aa1f72d365b746334faa9f9ecd0c228d699b1f451cd,0dacce26d340f3872ba2b8b045b97ebf23013aa86ddf681575cb703efb5c77d7,primary,1,1
630,630.jpg,train,1024,1024,bd3ad5d3f46a5486291d98401ea055b4306f42e819c96b0db72e7bb0780cb593,11ca07cba93a738b193564520ff99c9df2fdd2802dc99874ef3fc251e3759353,primary,1,1
631,631.jpg,train,1024,1024,15a63298243e3897f0028781ddab8b37c1941410d4866f3d2bb9bd6458bb1322,b5bf15be99688c5104c342cff626f3fb12b37873a6dba649ef8e2e0aac10b43d,primary,1,1
632,632.jpg,train,1024,1024,d32008f58a683a6eb5c0d1819fefc13c9e7fb1377b9a214b66c3e143422f9ebb,b8ddec1cd261d315422774cf1080a495be0489421318a213c0663acee2959f3a,primary,1,1
633,633.jpg,test,1024,1024,6a62b6dd863451a6f6aba83095c70692291cf39fa2b9cddebd323040fe755b20,14a1c5d01cd9ef866f0600329ff44f654d273cd3e032c061f5033c4fe1dc53c6,primary,1,1
634,634.jpg,train,1024,1024,410da92e1eada9f84dd9c2f52edda80161faedc26ae712bce5d6ad58105b75fc,dfceaddb358b8c52abf104b037a74e469e995e25f67b580f9abfd3574d99d8b3,primary,1,1
635,635.jpg,train,1024,1024,50b372ddbb5196ddc0b62f01fbffcba6222e82fb247830e7f095727a6db330cb,39f3c8715d01b2379f483e772944d817d8b6cd39d0fa334493229eeefad34888,primary,1,1
636,636.jpg,train,1024,1024,72b1adbf452ae2ffda98dce769bb6de74f81dea00c3867c6ac530e8f8827cf9d,311b38540e6a6592a625315b1d95a8a06a9d20df5bf537536daeb94a18646a50,primary,2,1
637,637.jpg,train,1024,1024,67d22afb1497f9560dc1dc9625b50e4d1d2ccf5837b53387964dc8bdb5939232,ba1f4562db7ad864f96b8670306831fa2f613006a5f70f03494f379491659bb1,primary,1,1
638,638.jpg,train,1024,1024,645b0851aa11fe281eb664a3b8ce1f2ba206c0b5f6375a24f4dd89e952982c46,6030772e735d03326d7bb1a983f5f92c34764769f7b91d341adef4a5779771df,primary,1,1
639,639.jpg,train,1024,1024,1000663b5ef5526fd2b2eeb13766d218ab5043458f24ba15b1c1e18a38fcdf46,3cadf311f11c1e5a14005efcbe2533025ba743bbf02d7bd8999496a978dcee7b,primary,2,2
641,641.jpg,train,1024,1024,5b2594866837e9abc9cf642f8ab4a56162e4a1c62065e929959bd8996d9065b5,df01485ac0ee56430c8d2e52ccf8a33729f13f32dcb28216db2deefd71e03b23,primary,3,2
642,642.jpg,test,1024,1024,9f597df939ecb936f2a499ca2bed0011dd343417e68bc86dfe206a79d4f6cb79,87fc63136f37921ba04042bfec8adeb4fb7ef33f31fda34c4261a14dabfd4831,primary,2,2
643,643.jpg,test,1024,1024,1bce313b290b241abb9778382c414a36ac5b250f9aac179cd1f18ce4ed52dee7,28360874a555fb79a77d2146dfc488d99dc1077a9926323d0a35dd0b4fd068fe,primary,1,1
644,644.jpg,train,1024,1024,d4059b20a4f35cfc7eac2f8a9ec7510e3532b8a30066a87e315f22c2f15384a7,5d5267ce8754b5645f190b7651d3ff9dc84c19fc1172c9a229505234bf4af086,primary,1,1
645,645.jpg,train,1024,1024,7a1dacd55bebecaa6c2c3ab44bd9c94b67b59718993c4f9c5259f46aa9082ec6,fbb2118b795c032780baca6d2319f6d44d393e9e5896f2491c418a30968655f1,primary,1,1
646,646.jpg,validation,1024,1024,2d8875c4f6f324080e81576767b8b409cd9346f890f401e1d41995856995f5a4,b48bab3d71c5b0e23c582bb3ef43f5a0543c822491efd9355370a1755c5c9399,primary,1,1
647,647.jpg,train,1024,1024,9e6964829e4545d9cd00df1c8531ea87efb3e11ec45cb56c6dba6e1b8a965f64,0f8d59d08f067e413666c986bb7fbbd8d52fdde3d288413a919fbea03f9cb0c9,primary,1,1
648,648.jpg,train,1024,1024,d4c3a30188f0c73c0bda2de826e6b185437cb64150fb60fbc9e82e940661737c,e183c5f02d1a313939630a63ae2ffd7c14d0d71ba5e021f7564cfe336797410e,primary,2,1
649,649.jpg,train,1024,1024,2bb53f30be797014ecb3b827a977229fd4758561cf1e59bb43d504cad5fcae19,b567509afaaa20932ac3e12175adeedf92d982935fc974468f91e60f63bed02c,primary,1,1
650,650.jpg,test,1024,1024,37a4547f801296f7dd9fef068a93e19d8be7a9a33db3c33b437af68708bd22ca,a3fde0b61a302a554895c396a637939b51f1cbfaf1b5b9e65fad12cbaa0ebb39,primary,1,1
651,651.jpg,train,1024,1024,f03ce14bf622aa932d68f95b9d4d93079700f20d5ebe1f34aa204da961e45518,e1718b9e8e89babcf8ab6bcbae4163bd1add4aa3478643b1bc29c061dff9a006,primary,1,1
652,652.jpg,train,1024,1024,ed2bb99075eae8ea25a4b77e4601acdea754672eb8aefd63a875e096a3be748d,6939a0687ce4954ef3fd6fac618d075927dcca3cf9001fc027ac41a3faed8c9e,primary,2,2
653,653.jpg,train,1024,1024,5417654034eaaff92b0342586e8749925327e8dec060c8e46d42670bd9e19c02,ce1715f56a283fa2f1956efcd8d6d2f873d62630ad32c4fda85ad655b8315db3,primary,1,1
654,654.jpg,validation,1024,1024,4ab6444e51b29669f4e44eaa57842c6f311767b80dc1b9662be53fe3f298f7c2,2e46f53d0698853be94541d0879b138dd8a5a5fb2a319d54726239ce1899aea5,primary,1,1
655,655.jpg,test,1024,1024,620117b81623cc5d0317f175a3c89000198b1345f5fac79d54ae1306b5784ab1,de3f05c24433f5d320673bc85ee38a8e2c7098e02ebed8025010d893163bb932,primary,1,1
656,656.jpg,validation,1024,1024,d32659c9429b0a5f583c01b16d931f2b68411ff580d7a66f2fffd9a4692a30de,6c9ffdb645e30f317c5cb3646d8743a90e0c890641c5f47ec82b0d7d2a115e43,primary,1,1
657,657.jpg,train,1024,1024,b423b5c3937fb22dabf7fa86aebbdbf14776602054eadcaf3d41f3ddf51fbb3a,b706592dee08102c928360055d98c55bef00477d1d49d4f8c67a1cd1944e9899,primary,1,1
658,658.jpg,test,1024,1024,211cccc8b6f65fef673c8bfbbc3b24921efbbc977b13ef65bcf373ee3bc8bbb5,e3eb54efce9649ab379872ac7161bc0cb70d5c3b9031263019865334a5ea9bea,primary,1,1
659,659.jpg,train,1024,1024,0776bbfc3dcf39bac05f72614f6c57f1faf960d80684878b3da6787dd9575079,a3df85bf7ea7428cfa8b5b33ff8f0f031140bfdeda49063d18482a9491873a0a,primary,1,1
660,660.jpg,train,1024,1024,5764d39129d4ff2a3309edc37129cbbeaf922beb2f6f4dfa1617d9d2381c05ad,c97d979342f38d8db2844c0fec0286834f3694efc43c09a57f142fa03761f36c,primary,2,2
661,661.jpg,validation,1024,1024,af9540c6d463fa98dcdb60a85a936dd8bb65e591fb93b27399c0ce4f04997a14,8f5386e13b1b80aaf5fef5e2bafe4cb359e433e40327ab33e97ec0ed330f34c9,primary,1,1
662,662.jpg,train,1024,1024,48243f2abc1525dc256e339ef01f9efde4b45ff7f69a27337c0ea728eafbdf0a,f7f91edce8e76bd9bb14b7e654ef7cb19e4f7f6882ebcac7d99a0b2fca17040f,primary,2,1
663,663.jpg,test,1024,1024,e175a609acd58cfccee2efcb3ed6f352d4b9803ac9a2f76bc1044cbed9af9569,7e4be543ff7ff147da5043df4556b5437f658430c0fb7c5b6db9c33d6cfce96f,primary,1,1
664,664.jpg,train,1024,1024,23c3b865f739501fa6cac8bc27f3ed786b9b7aee3920efee994a308379627bb3,d209af8c9a260c3e12233709e5e17d0466aafacfe6a8f798a8c8f28f44b6dab4,primary,2,1
665,665.jpg,validation,1024,1024,32d87dcd2f08fb1fc640ed544c3ce0aa52ec9b515004c65cda771bc648733c54,fc04520805ac72f264c209a46be398282cbfeca9a6201239f0cd7203c5c8a7b5,primary,1,1
666,666.jpg,train,1024,1024,67f37e632f3aba18f4de247efb9c27f1a41d7d7dd192e7945aa61ba1ecc16b48,6627b7fc0a1ee248b1173f006f83761ace9900f4d7291f745eaaed772e4803f6,primary,2,1
667,667.jpg,train,1024,1024,589a2f78f646427edf62f54f832f5efc977ab41325edea5ed14c11834fc0dd13,394b956af9cde244eaaf2b4e873d646c32b2562262b23f8711a8183d043bd7e0,primary,1,1
669,669.jpg,validation,1024,1024,a8fd0f265d7c8333323cbb3c0d5e8fe165bf7f6a631782716b1d8b127cc31032,af6a6fd686fb6d55730c0131a1eb3f68db50b96e37a6bd71c242c12c3b64bc17,primary,2,1
670,670.jpg,train,1024,1024,32868a042d4f9c734730a705e66ae863720f4e54a5eaa5a11606b51cb67fe2b8,8a62fe1f26c33efb36ebb74320236249e0b32ca087feb324c349c6128359d167,primary,2,2
671,671.jpg,test,1024,1024,b1bcccb5e58a0a5f7224852243e9da493af1acb9a346a6dd9abf1c0cb4706686,99f353863ba7b077e44e87c18dd04a5c6704438f07bdf62728aad13d071e5421,primary,2,2
672,672.jpg,train,1024,1024,532684c8aee2e04b86842723773f0c1226b5febd256e1ff9cd46ee2aa7421eae,605e08aa47e32e26598509bca595da98a2cd975a91c9dd56542eae6114b79ce2,primary,3,2
673,673.jpg,train,1024,1024,4e701a46f6ee66a81915bd5bb176b0d64914c762227f460318407168d0c73135,5757782e914f1c62ce00f181056c0bc88d17352f968a4fb0f072768361a7e26c,primary,1,1
674,674.jpg,validation,1024,1024,22de20e8a5aea6e51655b360ba90c49c2fe8afdebbb1357567c0bf48a60d949f,ebbc9506f58b634c1de173808dcfe85ce35117e668ad9a29d39a3640ef6ab2bf,primary,1,1
675,675.jpg,validation,1024,1024,9df30876f54675cb9132570e939293f71327103aaf5647a90cbdc366b54a257d,16f5b54572ee7dc6dfc14c732cb804b734a59db5eb67b90b948cbb4fb43c200d,primary,1,1
676,676.jpg,train,1024,1024,7527b6d38d74461cabe3271858e7e82cfb2992fd0e92fa71ae0b14f34075437c,d20dd6839c3a680e136bbedbc4ea3e06770c16e5ad3f17ccacfb63da89135b4e,primary,2,1
677,677.jpg,test,1024,1024,0317aca183eeeda001ec98a1f241518e3ad7bf9690ec47b4edb19676d2e705b7,a4c7e9a3f017f177bfd9ca730d03083e22aea1f43ef383c82c8cb0d8207a6f9d,primary,1,1
678,678.jpg,train,1024,1024,e0b5eab834d3c4bc73d3ecdcda58bdcdabaf98e57c03c55ce7b7ddebbee65b8e,fb2a28e37140934b46dc9ca033d1f1646186ba6d97a5bd91233889deb5460537,primary,1,1
679,679.jpg,train,1024,1024,fd9eda96f177dae114875c45900655e9d968ef5e84cb516d7abd090836270b9e,c37469051425288f8ef015962b36ee6a0d3cdf0800a58f1b4a2818e7c6bac36a,primary,1,1
680,680.jpg,train,1024,1024,e7aa1e2723d420a709d45c556f6f20a9c43cf7352e444dff6bb581696f045267,2ebba838b298ea771b063df54f710848bdcbe136c49b312d0c177f06027a870d,primary,1,1
681,681.jpg,train,1024,1024,02d8c578ed2408d30f2d7f949f171a458ff16c45c9e8db7cf1b81278ae78571d,d918a69f59c57b532e2d947e0f290feeb93f4a72c5f7a3b70220c85091a2536a,primary,2,1
682,682.jpg,train,1024,1024,4aac17a662e99e1bf0ed20606b4ccbef4c22f52cafbd11d614e81eb5c21c6e68,bea94f5c3aafa62d9c1d259f672b200b9d425e93d118c0696c8ed92a13456719,primary,2,1
683,683.jpg,train,1024,1024,b1cbbd0bf8a423ac0e8a22c85d17c85e344e60da50599cd468affaf2e502330b,0b18e6826ecdf39c031078d3e31dbb81d78fc253512394b38a7f975f0243aa4d,primary,3,1
684,684.jpg,train,1024,1024,05ad8e677cae5aa7bed647c7a1479bb1e510f710ec78ca1d53ab801a3a2e239a,15ae4f85f612589416df3db603535e6c2972c46ed9f8971edb65b95b81a708d6,primary,2,1
685,685.jpg,validation,1024,1024,9ce88339d972540b34938e57e1eb2b1b299ce60e9faebb2786f7497dbef92b18,a1536884cc11b18711ce274062f7a9fea23191d084f336f3a3e68507d3130a3d,primary,2,1
686,686.jpg,test,1024,1024,bf043de2c8d5db2294adb0159117568aec6b3bd6b7bc786d1b131f814ec23d3a,97efd97c06eded599f8a67e8870a1a3ddfd8c05c7d6df226c96ab6d741bfcbc9,primary,1,1
687,687.jpg,validation,1024,1024,4e2dad5175ff52b8817689f08532b25706bb5b6b5fc2fc5f80a756001ea52962,9a146769fb76020ed47bc7622c66d55c8b3209552b6ea8a8c31f7cde4bbf2fd4,primary,1,1
688,688.jpg,train,1024,1024,48209a9a34edb7d5c67425bf263074f77c65e53aaa792fecdb0109a5667599f3,e82fb3eaea4565171134b487adbc3e0ab253c98c2240c44d5e0370139590627e,primary,1,1
689,689.jpg,test,1024,1024,e60f6175823e878230fdd0dba76b135fbcacc7d185fc87cc4e811bbe305b149d,e4e8a64755e24b1a5688e7882cc02700be9cfc4282b03efa9e9b1c02f27e3f39,primary,4,1
690,690.jpg,train,1024,1024,83b640176014805ada1d7bb9c19410789bcf68913cb8f4572b772262e8501ef1,bd24c599307ac2aa01346d646c3e44f0f2fe3aa20b446f1dc0ac1ff851eaed5c,primary,1,1
691,691.jpg,train,1024,1024,ff72d2206ecfe72a89410cd9716b0215218865d4be965b57b355fcfa6d9e0a49,f5c3e2b816cb4a765ee7b0593e773e7d8dc136c54abb0237b85e198f6230578c,primary,1,1
692,692.jpg,train,1024,1024,0ff713117e90514f630898185c601501b97e909542b99817e30ca57303d435f7,01d3d571fd240326d3480df5f1169ad0c668e7947292098676e141f521c6f556,primary,1,1
693,693.jpg,train,1024,1024,660ace8605862cd3bb468bd34dde2f803b09816595fe39c541305bd078d15bfc,8e0a4e1f1e54d9e81aa8d165ee4885aee8064c009db06d1efba78ef0f16195f2,primary,1,1
694,694.jpg,train,1024,1024,92ed6eb7d042bfcb158aa118d26d788e6bfb6c38f56b0faa37b7aef3d138facb,45464ba0a50e1d044795f2fed777eeed946305df97bfd66c23eb5283a9b04117,primary,1,1
695,695.jpg,train,1024,1024,7f32d931c0e26eb5660da319c4e5a37f8ed777d428b82da10d97471a56200712,c82d592743f7823b4034bee4e686c908c29ffec41456a7143d5d5c7800d89e68,primary,2,1
696,696.jpg,test,1024,1024,e0a9d90478a4e7f94365b148226c7a81b983a80ea3f48567fcdfbe800bc8db4e,c7b4e7746d0985ef0b0aa7f78011dc1fd426248a40117f9f28822023ad237f5a,primary,2,1
697,697.jpg,train,1024,1024,bedc00789e00c43b14058fc712337000160eec7beba43bf508432f31c3662ff9,8bb690027dbb71144c60c0df8c334441334493ce4a0f586c4bff0fec4e9e340a,primary,2,1
698,698.jpg,validation,1024,1024,504214e67b931c5317b2121c1c406aea0c565c01f7cce097da0f04a776fbe808,2db63603517c8a9bb2c68a32001300bd7e7f47903ee0b8133dffbb85b80fd969,primary,1,1
699,699.jpg,test,1024,1024,13cf8c51216e1331100d6d29f6b523a3c26e892d64e6d45774295b83f38b01a2,47287593ffa36ecd48b3406dc0a3bf1b0ceb35222c29e5b2d05bdb3bdbd563c5,primary,1,1
701,701.jpg,test,1024,1024,985ed0f0324f5238f028e3b9f4d662e9888e1d9a361ce06b0a8bc2d91bb5fe18,63846310c6e5e2062cd1db7d7fa3337969afcee11bb55c5b2cc88c039c0ba378,primary,1,1
702,702.jpg,train,1024,1024,043cb1de0cd15c3c63cb75ca7da279ce69922625c9af0340f9b0d82e8e4015a1,36704bf3853429c9496d68965d961b4aa31a5b4254a863614293c11153b3ec2c,primary,2,1
703,703.jpg,train,1024,1024,6f873faca28d8ea29c817ad16a75d31ec9f8b32f0621df7a96ff79702772addc,81bdcb6b11b00808fa85fed535cfa448f5f6df7cb337fd0d90a9bdddcb4c889f,primary,1,1
704,704.jpg,test,1024,1024,b9e0b8c3d2f53622d5a0809371509f45f1546d78a05d9dd4129e392d77749b98,c07ce870b0646cc24507644e415bc3330e6eff618552a7fd8d82a67f8a297894,primary,1,1
705,705.jpg,train,1024,1024,13c10b7c477a3a3dfa7c2a97a13726bc686aac18218ed1d704a61a0f27858697,a419a2047e64ab98201982e1b61d2e3db1433b613bc89ff26fcc1979919f1dbc,primary,1,1
706,706.jpg,validation,1024,1024,435a9fd69c2e3ff1f6fe8c09b9ffa98b0ecc7c3ac42630b15a03ce6aa412b7d5,03cdd90714cf78fb70645b3cb8af00c7680c77be1d3eda22f373aa0451eb5753,primary,1,1
707,707.jpg,train,1024,1024,3f37ff92fbfa04fc3ce0ed0859915ec44afca3ee5bdbc57121b29fe9b03fe10a,642895e3e6555d857bf122782fd1accd9b4dd3569bff15da0099ac706c470386,primary,1,1
708,708.jpg,train,1024,1024,f29f73ba9de0b811e7c484e4a332dd50e29d22aca41ee7044694bdc2abce09d3,6ddd8324c7180fa7be434228ea85d9a8932208334e4d44c1da482e8fc98fa51b,primary,1,1
709,709.jpg,train,1024,1024,f620d6e2bec4b214f4f0f5afbbe05fd61a70227450f0936e557c2b7aa2acfe46,a1f9d1f084a546ef81e2ca6b618888adc11cfb0f6af6906bcbdfd20aab84bc4d,primary,1,1
710,710.jpg,train,1024,1024,40e6a30dead7957340b6c101fb6e4f8e442b3bd60c2c9295f186147b8fec1db4,3f8cfe9547f073a00e8e4b855912ec08cbbd30e1d7e847d15d28b5fde18fa62a,primary,1,1
711,711.jpg,train,1024,1024,e80c6bb23251ed92747a504e4bf8aeecfb9e2e394bbed9516318bbd56443a180,1ec94a9bd8d018f34820830f01e995bee5797c7deeef8e1b8adbba8c8d5534b3,primary,1,1
712,712.jpg,train,1024,1024,071abe7e1340c4d56677451f3cfa2d940b0600ed30c8ad5d34fbd0f61764da24,a24db64adcfcbf5ef1c54cc6af72aafb8f95cdb9136eb1014d583c96b3335aa6,primary,1,1
713,713.jpg,train,1024,1024,0e3c36c4965ed554e36f49bffb67f34c637068efa0875836cf7401a97d9aee2f,c537b9d20342dd265e1908316242723fb1085a7dc053f2e5447d1b19805711f6,primary,1,1
714,714.jpg,train,788,788,35f8d49f90b725844caf28dbbcc9e7c48f128f5c7d030b2c629d64b237655419,34f1c4c22bef9750d36eb7b646a982f23fb77eae5413d55e9f58a7916582dd4e,primary,1,1
715,715.jpg,train,1024,1024,0716e6400ce7983a3094a1937db2923041a38ccab1099a0e032b8fcec839550a,8c26e48f4de6068e75e3179563de8eb54684c1f829fba965a91377513a00927b,primary,1,1
716,716.jpg,train,1024,1024,c46bc15bf1389de14f186769b9a03994d8204a05f9c0ee1a14131a49f6709310,2640157ca9433951b76f92274bc6b2c171b17888e9c51495e79974e8666a42a9,primary,2,1
717,717.jpg,train,1024,1024,2279f69a0b63a0dacd769e58430bab1947b1e6883cf6137e90ab97fd80630217,9523f978ec29f5538cf9290941c398f8fb3804b988bd769879a968dedafce197,primary,2,2
719,719.jpg,train,1024,1024,532350f3ed6a5847d13a2984997e6768300312a36710202d21b8b49b961e3cdf,8aa704c6da8eaea911bcf666ea06fae62b4ab7e268b4dd9049f7a1c32e92ee9d,primary,2,1
720,720.jpg,train,1024,1024,2961defe588ed346782e7d8c94d82fdffe1ce4bb21260adf31b4108dfd4a2ca1,87bc467910d939725138ec42703deb3c29cb356638eaf08d8e306bab0ba5c6df,primary,1,1
721,721.jpg,test,1024,1024,a1f21a99d7b8fcf0928ad16de77a5c69c0abe327547d96ad2d0c2d1f54fe28ef,5a3c3186486f22edcb14e86d6df4ed7bce220f5c96f78d012a8404decadc5f50,primary,1,1
722,722.jpg,train,1024,1024,2e67e7c5c2a7e3196e8b048949511f8c48fa7f0ddf829afab5447fe2889090eb,cc42eb974892560688d9ea06c0d2f8342a20810f3f70117e8476796759beccd7,primary,1,1
723,723.jpg,train,1024,1024,c843097150817603ad4a3e90463ef7cdfdb60928ac791acc1504c8795274a675,8a2a872c3793c31b61912c046a203c4adb3f6d35a24ab21dc6f52569cbd5683c,primary,1,1
724,724.jpg,validation,1024,1024,b20a539435884c060f00f20c30b500b00f8e8601fb9deba0fe2e28b350fe8914,59220530a56d103e56c3ff860aba17e1d38225f4430366d06dc4f7a053f13ccc,primary,1,1
725,725.jpg,train,1024,1024,9758a1151738ec0ac1dc8bc9e7fce840584671bdd803f0fe6511abd5e34d239f,d8e2c9192935315b5bd8e60df6ade79c622083d516aae71bc721efb66d59ed8e,primary,1,1
726,726.jpg,train,1024,1024,b6a701deacc6f8541ae469e240716640ae03c74ccbcb2b9440b9b977ae13ad5c,54c717077185abcd36c8f803571ea09f6463f55773ddf062d4fcba08aa08e6aa,primary,1,1
727,727.jpg,train,1024,1024,03ce9c7cfb7c7af66b756d8516189652dfae94bc16eb5a127ddbc3d308be1bc3,97f1890dddd5805de1c08c9394694c8982df8cb7d626b8a57ee65376da497ae9,primary,1,1
728,728.jpg,train,1024,1024,7b135728141fc075d8df23fe309272ad07501e68dc0800b505cab76e2cc18d33,c4d2a9e536c59182f61c055de8c4ff1943c20f28dcef86cdb20e4eb9d6cb82f2,primary,2,2
729,729.jpg,train,1024,1024,d2ab77c25c6abb2d7800fa0871a074ab667c0ce66575332170dc93abe0682423,13c1459963297cc1d8cbc3dc8a55bdaead0415d28665d4d9b1ee5061097aa1f7,primary,1,1
730,730.jpg,validation,1024,1024,fb710f82873af7ac5a97fc392598537c5cf1fe8dda1f51cafa79d2ee6f489b03,a26d5785c0c018de4c1829e0447def0bb0c73ad100cbd8f0d4e9509310a1b372,primary,2,2
731,731.jpg,train,1024,1024,430a9cba51d252dc675d3b60023713c9c3a227103bdc3899cac9264ae8e171dd,e0be2e38783672b8f49f1b2a8dcacbd397bf21178be8008ced36d0b5e1e22654,primary,1,1
732,732.jpg,train,1024,1024,1a1c5dad8503c89da4c3b9e5b074fd3e39d038c78a5a507335a9f4f602f94177,ce6e4831741b7c869dd9921038a8b70bb939748b424a1b9b965c6d934937c8d5,primary,1,1
733,733.jpg,train,1024,1024,0032c85035a4874061556aeac98417edb851152790eeaea86f66e10445bf2d76,b587ccbfeb7a2d4a6f60c3a428e2c3463367ebc8f041c6a0e5bebf8f19df94b1,primary,2,1
734,734.jpg,train,1024,1024,47d4e5ccbf2a17aea2e3646bf94ed265fede34ef79625b62c877bbae5193e1a3,444ef8938b21505921d416a047fec355bd6e583be7b0c12e1b543b5192db7ba0,primary,1,1
736,736.jpg,validation,1024,1024,a310afd6f5ebb5cd4c4f6b5277b9cd367144c074ddffc4e55275aca50662f45e,b39a2e864e18f17e55b289fdf3be612662a1720d21d23284ca194d5758ac63b1,primary,1,1
737,737.jpg,train,1024,1024,7f0744c682f1cac3f62531df642db23d18a94486151e295411f1304b4f968e24,8cf703dc96fc91e0948abfaa10deb6768df841f6c1afc88245724cb743b2812f,primary,2,1
738,738.jpg,validation,1024,1024,18f0ec28c3c5ece1f338f98d25f624acbe29b898bf9d91b44dee0aecffc62b2f,35216b83018f51f6e9cd8c4253e64c7ac8aa0e312c777b734f24973cb54af5ea,primary,1,1
739,739.jpg,validation,1024,1024,cb814ade601a1191a06a77b6db0bd3b822ee950fef3bf0add952dc4d5a506563,50ac4cf38e9af5fbb09d804477fcbeb0c84b4062948cd0861ab4c8274309ffbf,primary,2,1
740,740.jpg,validation,1024,1024,56cff1b6d20de0e6d40c99dd93d643099db992797bd9cb8849ec59537729093a,092fe343f50695b6483005435fa130e90c5f17e5d43ca9ed03865acf8f1069a9,primary,1,1
741,741.jpg,train,1024,1024,eab3be4a199113b7fbb42d3ef53a6a2d8b027384da1f3f33053b3cdfbdc86664,0fb765e66b40f14e8dc7575eef134f7938ef6884fa3d37667908c0d76593b3a1,primary,1,1
742,742.jpg,train,1024,1024,b1f53681405ef89c0be46885e8ab50092f5f09843ce68b27805ecb33ed2920a1,7a858ad3cdb367e65c519c1f10a64ad71e67bc7890c8c24fbd11ccae50f40bd6,primary,1,1
754,754.jpg,train,1024,1024,51039fa10bd96b17f7ce931f104022512c86bd6a2b88cfffd7b7630a868417dd,678caac376b83a8d2f73bb177beb68903f4c3b2d933c23a78e3259ece3cae63b,primary,3,2
756,756.jpg,train,1024,1024,2af56f3a4a85ba0483ce341641b7885e901f421275855f8a54917f86a1395469,566be36e88f4c1eb446bcacb717f2b3286376e62eecb07255e436fc09132fd0c,primary,1,1
757,757.jpg,train,1024,1024,11fb9ee28221cccc134c3a927bdd4ab3290cbe9acd2fd8d1d68d7eed7b806c8a,1776e0a3427bf271339b12994d4fda66d94bb549666192d7133ffb877829be41,primary,2,1
765,765.jpg,validation,1024,1024,74b22187e94b355b15a838007b2f36a250212eb4988bcb88b1fb31c7f3daef56,648e40872a66e385727866ae72cbbe31ad40dac925ea30cd5c2a7d5fd42ad826,primary,1,1
787,787.jpg,validation,1024,1024,8d367db03c4341c52f5b97659ae3c73ff0d53f42d4ae72500538f49cfac7e404,d1a595db3e631fcb5d83be7b3937594ad74c7841c465b1292305b59cc0aecf46,primary,1,1
809,809.jpg,validation,1024,1024,86099426a5f04a6ded84b17a277238bca28ae916233cfc6f4e53acd34afc0dee,23d1f4546b76e1718411e5ad3b22da3c7b18a69dabd4be0059e3840b0af9bcc9,primary,1,1
818,818.jpg,train,1024,1024,94daeb485a02b120148e69ae3ee665153ec5f499cb2e3357c39dda756fb1e49c,452de944423879f439da0a694c684c3475c8ce9763c63c5b27ec57ea7de297c2,primary,5,2
824,824.jpg,test,1024,1024,19aaa80b7f4f0a5c418e0c5f5d013b888f2eba63c526f51a91805e4495cc1033,7217ff2758749cde28525e9285435ccc8a2b876a5efcf8f137aa7980595b83a7,primary,1,1
834,834.jpg,train,1024,1024,98718cc78cfec6cbb34246e87b49908c35733e3a2b278f8fa1206ef417205774,9e4e3cd3a55a266c40794bcfdd519ff18a46baaaa406848638abc36429160005,primary,1,1
835,835.jpg,validation,1024,1024,214f11fd60295cfda63891a3b7ee4a6b20142d090acb77b061e1577e609c84df,304eb04c79b58e2cbf3b6299f3f2b0dcdaa00a081c434c44dcd9ddbecdb9493e,primary,1,1
839,839.jpg,train,1024,1024,c1e06323dfec0d8936fe1dc7022dab881fa5cb2d6e9c9f4bb50f7e2245fc9633,2aab05fd97c5b4afc1b2adc2b8a4e6aba1c1a051b178dc272bb0d40e66d23899,primary,2,1
863,863.jpg,test,1024,1024,3547d2fe3b92a93d1b5665d8902c04befec21463fe77ba4be12cfd54f4fea5c2,90c9853a9052b0ccd6f7800716e85329491e8a5776fa6e681754568cb6a428a7,primary,1,1
864,864.jpg,test,1024,1024,7ace7e29724c2d46e60a521b1e2e60463ffdc8357db9e6576b9f728b27dd5a56,d80969cb07a8b24766f5774a903141679b7ca302d2ba395dce97f0b5230235f5,primary,1,1
871,871.jpg,train,1024,1024,02c42c37fcabfe6c02d77b3661fd75b524c2714253a43bad69f420ce3f3f687e,d7ed207074471e1d6d8922d1adeaff766a2493edb722b3c350de5bdb4a64d85a,primary,2,2
874,874.jpg,train,1024,1024,36496e5966ca114f944a742c5d248c688c09fb03651762dfb124207a146025c9,2fc5754b44a2d78e3defb00822f89cb009e0702df1b714975f68111e5a548146,primary,1,1
875,875.jpg,test,1024,1024,68228c3d371da451d76b80970ff47c4f2d0f8c23c5f1c8e1b8c57738626ccc38,df21a4d3677cf37bf6b76ed9345f614423e6600d3c5cd08ac1900db73b5a022a,primary,2,1
880,880.jpg,train,1024,1024,64f411bc1b2aac960f58cb5e9c9c7fd32049ce921ec3e2e1b4b689a5b666b123,f45d96b350061ffc56c61beff74d71568d66e9a6284b1643c18718e9678c77ba,primary,1,1
883,883.jpg,train,1024,1024,8e3cc35af1cdd337c7db5c2d5ec7500ffa5e0add6cfd4f404f8e7291d86d2a80,5cd76a1c8fbf74210b1d65b63f9a5465941bfa943d975a0af541b613cca23428,primary,2,2
885,885.jpg,train,1024,1024,cb3cc801d9d2610cc6f24b820aefacf0be27a239c886121bbbbd0ee1df1eb308,87f92046164202c9e145ce5ad592295f2ffc17651cb34e97d6bf79395cfa17e2,primary,2,2
893,893.jpg,train,1024,1024,c5507de3280b93434e6225f6c04151727058d7be5b6a8068ad897aca7d141003,5ded0eff3e8d32031883ae0936c3c8ae363ce15abe643e5272a005c4f77b1317,primary,1,1
894,894.jpg,train,1024,1024,8a6b51eb424296a87dc3c1ea2f83d534c32ccc7312cbf00c98a8b76d20ce9525,08cffc49346fe3fd2a8de4792ed7098ead65876c507ae4f3cc39b2da523d7627,primary,1,1
895,895.jpg,train,1024,1024,966d66a31f05e6741970ec53e3ed881192188f1830e7c104f6bfbed10597598c,9723bb6d237a246633d494fb171725bbd83fd3dd72d9cbdba9e513ad50af89ca,primary,2,2
920,920.jpg,validation,1024,1024,e889cceb0c1c5f049c769abdb73861de100165d7244d40c100af63c33a60b612,4609877ed1b7cc8973bcd973a7d368e0b4543aa295b994cea2a9abba3a50dfcc,primary,1,1
932,932.jpg,train,1024,1024,729727373c7442428db7fb9a8420618257f66077f7b6dd2a55beba0718eadce9,7bf2bb10cf35d1cfdb10ed778b78ea815e8586562b0b80fa78f0d27a1ab176cd,primary,1,1
945,945.jpg,train,1024,1024,0137a16f610c4183202434689d5cc68da815d4d0dc05597bc329daffc7c503ae,48c95326ee8fea119ad340810d28cc3072d8922b5ece361cc463be046dff6cb7,primary,1,1
955,955.jpg,validation,1024,1024,600b6ba5b6bf0d590d2f602a5d41385f354b96f8e84a9205efb973cf1d3b8dda,f1167cd00c1315c0f501c6fecdd8360e9dc9cb9c507a69fb206e6d42278a4e0f,primary,1,1
963,963.jpg,train,1024,1024,5606a86cfc74473c5663edf3298f2853ef9d00d905edf7a6d7a158efc3ced338,07faec851ca4f0c2d6d8e03613a1797e0d03b00aec37259edc668a2c432e81f0,primary,1,1
965,965.jpg,train,1024,1024,45591117a303658b0f72f763a7387ad9b974b1af057dc97b29b4a95bca78953a,dae9a5f02b7e692366e14938d05e00bebdad219a3569494a3f51a94cc4a3b09b,primary,1,1
969,969.jpg,train,1024,1024,e83d1144757413e8e7248780ddabf69cfc7d5e313316d5712e7622c101fa6b83,8c607a571c9c2cd73bf5d9b16e3ebb5c6a02f6e59f8dcdaa0a7ca0f4468f6f19,primary,1,1
980,980.jpg,train,1024,1024,dac3844be2f26254bbf9d8f125e90036f624ce8ad4e5ae2149a9b0e49ddf6d64,de20560090b8b9113fe72e49a7f3e01401c4593e96d7d9fffb5e9b2257497bd6,primary,3,2
984,984.jpg,train,1024,1024,b69f11e3d30ec18fe205ded9dcc97e2d352d117388596b10325ab6189eed1c70,a0eae312f9d82a80b249db30b0dda6dd1d915b267bb6cf06cab368479cc54030,primary,1,1
986,986.jpg,train,1024,1024,8f5bbf6ddae9fda28ec742d3e6eb76c44c3549ba9b6fc4737cfbf3cbfac005b1,3df391d4023ea36c3e375a6869ba3bb1feaee57e50fe263843116af836c913e4,primary,1,1
992,992.jpg,train,1024,1024,bb144c229afbdb9166d4deb91744fa763b553270476702a0b205f3794f394dca,3f64d5b07badbf80abeca385fb13111e929fa93fa378a82df38b5fff1eed6d07,primary,1,1
997,997.jpg,train,1024,1024,5d44e81061f15096419aa6e6b2fa3efeb574ba077a28143171c98b25eb0dda5b,f29b5f083f5f86fdb1f2526e995db973766b909139f1dc1a4606f51d2ff58a99,primary,1,1
998,998.jpg,train,1024,1024,a9f201d28eb5c223b8137316366fe20bfb4aa508753041e3fa39f1f6af52a582,929c7aa6abfa26ba990f0f66baf30b0f4449403bd5a067030b40361cc819cc77,primary,1,1
1002,1002.jpg,train,1024,1024,252de14dd91bbc173d463286209da45658c47adc1b9c9617239959a43303cf67,e1965a48ee41875e0c3f6d8e9b6f0b950af1b3e8bae775d4863feb6509b7afd8,primary,1,1
1004,1004.jpg,train,1024,1024,795955f9881336078b3fdce3ac508a0ea9cd4927e4539a54d27f2f765f6874ba,5c13741e2e88ee6b8b188be3e4502cdd30c39c8d0a9ccaea1d1502a53235d4f1,primary,2,2
1007,1007.jpg,train,1024,1024,7261bbcf408a42a313a5e7889dd528842324e3995c590e02c5e0decffe2168ac,87d2fbda20f123dd51f2cd808351b2e0bfcc018c3186aa50723fd434937c8a71,primary,1,1
1008,1008.jpg,train,1024,1024,b595f3854c023db1b75cdfbb36a09090c325619643f8eca96794a76344df4b19,87af4adc54a82185cd02d2ba2638450de011047b251346f271868a09178b9bee,primary,1,1
1010,1010.jpg,train,1024,1024,7fef20bccf0ad4e6ea05ce158bed33f58897d0063aba4913320cf2de69313833,eab5a2cf0e20eb2d1ae311346c5592e5da2371ba4d210774684cc8b605da6519,primary,1,1
1017,1017.jpg,test,1024,1024,a0f9070920a7b9f5e0ea44cc8ae5eea4b03c7944743c5c9c8a7c9bb5adc1d2e5,44aa0143cb4575c8772f5567b2b41a0e6737455a660e8e50ab5127f99c3e2a62,primary,2,1
1019,1019.jpg,train,1024,1024,a70e6c4c54dc1e54494dd7589037df32ba249b6d5e7c9b3ede2ff9b1cffb4b4f,21273860b7a37afffa6f627f82ed55dc0d14a1fb07f521d573678a0149caf831,primary,1,1
1046,1046.jpg,train,1024,1024,a03c2a484b7b450ecc0e6cdc000f321b61d54426347b43dc80eba8d99c09235e,8d979c4002c9dadff29175a2a432aa813a4aeacfd4633819a98e74a1f8351821,primary,1,1
1048,1048.jpg,train,1024,1024,f6951b33b4a83088d3eac468463a5c0f0a29671e8cc676afedd0297cf0fc85ba,bb2f1b185b8bf923d4cbaf7203d2ebb417e24dea7d66336b11dd183fc99d95d0,primary,1,1
1060,1060.jpg,train,1024,1024,c452c0b8c13eb1b29f3edf98da1ed229e24f17ab2b0ad74dfece8ca419b28d2f,8f5def9b8011764f4656fe4fbdf5e5cfcd51bd173c0138f0b730e401a9a0b75f,primary,3,1
1061,1061.jpg,train,1024,1024,ee3874565f086b763b9f40cd8fd3ee6dff1a923be913f7a20daed10e26e4e2e0,544688d169de9bae29635a5fb7c506fc0fc5cad63541bbafd4a8e8b47b437a1f,primary,1,1
1063,1063.jpg,train,1024,1024,df007d073a6f067ca9f3716428c54604fe0e008c8583696e02eb58dc94ff94bd,43577abf897fa1b0586d512e97b36f274bad9ba93bad1ae300fdaef2244606df,primary,2,1
1064,1064.jpg,train,1024,1024,8db4fec1be6acd35de8d0dc3b1dc7719ca9268ae0f48cf93468ef06fa9879ada,5d7900bfc0324d6aed92ed2d3f8bdfa24f7836f464993514732c5ee06d76be09,primary,1,1
