instance_id,source_image_id,object_index,class_id,class_name,defect_class_id,xmin,ymin,xmax,ymax,bbox_width,bbox_height,bbox_area_pixels,bbox_area_fraction,bbox_aspect_ratio,yolo_x_center,yolo_y_center,yolo_width,yolo_height,split
0_0,0,0,1,corrosion,0,304,13,848,1020,545,1008,549360,0.5239105224609375,0.5406746031746031,0.56201171875,0.50390625,0.5322265625,0.984375,validation
1_0,1,0,0,craze,0,781,430,931,763,151,334,50434,0.04809761047363281,0.45209580838323354,0.83544921875,0.58203125,0.1474609375,0.326171875,train
2_0,2,0,2,surface_injure,0,500,144,594,220,95,77,7315,0.006976127624511719,1.2337662337662338,0.53369140625,0.17724609375,0.0927734375,0.0751953125,train
3_0,3,0,1,corrosion,0,767,27,887,1016,121,990,119790,0.11424064636230469,0.12222222222222222,0.80712890625,0.5087890625,0.1181640625,0.966796875,validation
4_0,4,0,4,crack,0,336,6,642,708,307,703,215821,0.20582294464111328,0.4366998577524893,0.47705078125,0.34814453125,0.2998046875,0.6865234375,train
5_0,5,0,1,corrosion,0,5,222,361,306,357,85,30345,0.028939247131347656,4.2,0.17822265625,0.25732421875,0.3486328125,0.0830078125,train
5_1,5,1,1,corrosion,0,367,269,602,367,236,99,23364,0.022281646728515625,2.3838383838383836,0.47265625,0.31005859375,0.23046875,0.0966796875,train
5_2,5,2,1,corrosion,0,609,311,911,430,303,120,36360,0.03467559814453125,2.525,0.74169921875,0.361328125,0.2958984375,0.1171875,train
6_0,6,0,0,craze,0,456,613,714,706,259,94,24346,0.023218154907226562,2.75531914893617,0.57080078125,0.6435546875,0.2529296875,0.091796875,train
7_0,7,0,5,hide_craze,0,520,267,553,510,34,244,8296,0.00791168212890625,0.13934426229508196,0.5234375,0.37890625,0.033203125,0.23828125,validation
8_0,8,0,4,crack,0,484,60,617,658,134,599,80266,0.07654762268066406,0.22370617696160267,0.537109375,0.35009765625,0.130859375,0.5849609375,train
9_0,9,0,5,hide_craze,0,652,720,791,936,140,217,30380,0.028972625732421875,0.6451612903225806,0.7041015625,0.80810546875,0.13671875,0.2119140625,train
10_0,10,0,3,thunderstrike,0,517,336,870,472,354,137,48498,0.04625129699707031,2.5839416058394162,0.6767578125,0.39404296875,0.345703125,0.1337890625,train
10_1,10,1,2,surface_injure,0,383,931,470,975,88,45,3960,0.00377655029296875,1.9555555555555555,0.416015625,0.93017578125,0.0859375,0.0439453125,train
11_0,11,0,2,surface_injure,0,741,106,825,177,85,72,6120,0.00583648681640625,1.1805555555555556,0.76416015625,0.1376953125,0.0830078125,0.0703125,validation
12_0,12,0,4,crack,0,355,1,486,727,132,727,95964,0.09151840209960938,0.1815680880330124,0.41015625,0.35498046875,0.12890625,0.7099609375,train
13_0,13,0,5,hide_craze,0,11,649,162,808,152,160,24320,0.023193359375,0.95,0.083984375,0.7109375,0.1484375,0.15625,test
13_1,13,1,5,hide_craze,0,483,611,514,775,32,165,5280,0.005035400390625,0.19393939393939394,0.486328125,0.67626953125,0.03125,0.1611328125,test
14_0,14,0,5,hide_craze,0,170,910,272,972,103,63,6489,0.006188392639160156,1.6349206349206349,0.21533203125,0.91845703125,0.1005859375,0.0615234375,train
14_1,14,1,2,surface_injure,0,261,94,327,153,67,60,4020,0.003833770751953125,1.1166666666666667,0.28662109375,0.1201171875,0.0654296875,0.05859375,train
15_0,15,0,0,craze,0,280,166,703,280,424,115,48760,0.04650115966796875,3.6869565217391305,0.4794921875,0.21728515625,0.4140625,0.1123046875,train
16_0,16,0,0,craze,0,180,214,389,295,210,82,17220,0.016422271728515625,2.5609756097560976,0.27734375,0.248046875,0.205078125,0.080078125,train
17_0,17,0,3,thunderstrike,0,277,3,977,489,701,487,341387,0.32557201385498047,1.4394250513347022,0.61181640625,0.23974609375,0.6845703125,0.4755859375,train
18_0,18,0,0,craze,0,127,385,1009,722,883,338,298454,0.28462791442871094,2.6124260355029585,0.55419921875,0.5400390625,0.8623046875,0.330078125,train
19_0,19,0,2,surface_injure,0,311,122,369,208,59,87,5133,0.004895210266113281,0.6781609195402298,0.33154296875,0.16064453125,0.0576171875,0.0849609375,validation
19_1,19,1,2,surface_injure,0,205,663,894,999,690,337,232530,0.2217578887939453,2.0474777448071215,0.5361328125,0.81103515625,0.673828125,0.3291015625,validation
20_0,20,0,0,craze,0,423,561,786,716,364,156,56784,0.0541534423828125,2.3333333333333335,0.58984375,0.623046875,0.35546875,0.15234375,train
21_0,21,0,0,craze,0,547,417,655,775,109,359,39131,0.03731822967529297,0.30362116991643456,0.58642578125,0.58154296875,0.1064453125,0.3505859375,validation
22_0,22,0,2,surface_injure,0,47,130,895,660,849,531,450819,0.4299345016479492,1.5988700564971752,0.45947265625,0.38525390625,0.8291015625,0.5185546875,train
23_0,23,0,4,crack,0,570,413,759,805,190,393,74670,0.07121086120605469,0.48346055979643765,0.6484375,0.59423828125,0.185546875,0.3837890625,train
24_0,24,0,0,craze,0,366,360,602,613,237,254,60198,0.05740928649902344,0.9330708661417323,0.47216796875,0.474609375,0.2314453125,0.248046875,train
25_0,25,0,5,hide_craze,0,356,3,459,1013,104,1011,105144,0.10027313232421875,0.10286844708209693,0.3974609375,0.49560546875,0.1015625,0.9873046875,train
26_0,26,0,4,crack,0,377,74,502,910,126,837,105462,0.10057640075683594,0.15053763440860216,0.4287109375,0.47998046875,0.123046875,0.8173828125,train
27_0,27,0,2,surface_injure,0,8,178,431,480,424,303,128472,0.12252044677734375,1.3993399339933994,0.2138671875,0.32080078125,0.4140625,0.2958984375,train
27_1,27,1,2,surface_injure,0,455,413,731,777,277,365,101105,0.0964212417602539,0.7589041095890411,0.57861328125,0.58056640625,0.2705078125,0.3564453125,train
27_2,27,2,2,surface_injure,0,753,680,869,886,117,207,24219,0.02309703826904297,0.5652173913043478,0.79150390625,0.76416015625,0.1142578125,0.2021484375,train
28_0,28,0,5,hide_craze,0,523,599,559,985,37,387,14319,0.013655662536621094,0.09560723514211886,0.52783203125,0.77294921875,0.0361328125,0.3779296875,train
29_0,29,0,5,hide_craze,0,67,210,159,328,93,119,11067,0.010554313659667969,0.7815126050420168,0.10986328125,0.26220703125,0.0908203125,0.1162109375,train
30_0,30,0,0,craze,0,225,22,494,211,270,190,51300,0.048923492431640625,1.4210526315789473,0.3505859375,0.11328125,0.263671875,0.185546875,train
30_1,30,1,0,craze,0,509,194,1012,645,504,452,227808,0.217254638671875,1.1150442477876106,0.7421875,0.4091796875,0.4921875,0.44140625,train
31_0,31,0,2,surface_injure,0,136,358,628,517,493,160,78880,0.075225830078125,3.08125,0.37255859375,0.4267578125,0.4814453125,0.15625,train
31_1,31,1,2,surface_injure,0,1,441,141,686,141,246,34686,0.03307914733886719,0.573170731707317,0.06884765625,0.5498046875,0.1376953125,0.240234375,train
32_0,32,0,3,thunderstrike,0,58,558,527,849,470,292,137240,0.13088226318359375,1.6095890410958904,0.28515625,0.6865234375,0.458984375,0.28515625,test
32_1,32,1,3,thunderstrike,0,739,692,987,975,249,284,70716,0.06744003295898438,0.8767605633802817,0.84228515625,0.8134765625,0.2431640625,0.27734375,test
33_0,33,0,4,crack,0,259,341,300,560,42,220,9240,0.00881195068359375,0.19090909090909092,0.2724609375,0.439453125,0.041015625,0.21484375,train
33_1,33,1,4,crack,0,453,202,619,478,167,277,46259,0.04411602020263672,0.6028880866425993,0.52294921875,0.33154296875,0.1630859375,0.2705078125,train
34_0,34,0,2,surface_injure,0,91,803,142,861,52,59,3068,0.002925872802734375,0.8813559322033898,0.11328125,0.81201171875,0.05078125,0.0576171875,train
34_1,34,1,5,hide_craze,0,436,716,869,785,434,70,30380,0.028972625732421875,6.2,0.63671875,0.732421875,0.423828125,0.068359375,train
35_0,35,0,1,corrosion,0,119,505,745,1014,627,510,319770,0.30495643615722656,1.2294117647058824,0.42138671875,0.7412109375,0.6123046875,0.498046875,train
35_1,35,1,1,corrosion,0,44,5,472,492,429,488,209352,0.19965362548828125,0.8790983606557377,0.25146484375,0.2421875,0.4189453125,0.4765625,train
36_0,36,0,5,hide_craze,0,147,20,533,631,387,612,236844,0.22587203979492188,0.6323529411764706,0.33154296875,0.3173828125,0.3779296875,0.59765625,train
36_1,36,1,5,hide_craze,0,695,463,1020,708,326,246,80196,0.07648086547851562,1.3252032520325203,0.8369140625,0.5712890625,0.318359375,0.240234375,train
37_0,37,0,3,thunderstrike,0,380,403,649,684,270,282,76140,0.07261276245117188,0.9574468085106383,0.501953125,0.5302734375,0.263671875,0.275390625,train
37_1,37,1,2,surface_injure,0,286,105,792,774,507,670,339690,0.32395362854003906,0.7567164179104477,0.52587890625,0.4287109375,0.4951171875,0.654296875,train
38_0,38,0,5,hide_craze,0,603,5,644,385,42,381,16002,0.015260696411132812,0.11023622047244094,0.6083984375,0.18994140625,0.041015625,0.3720703125,train
39_0,39,0,1,corrosion,0,391,127,600,989,210,863,181230,0.1728343963623047,0.24333719582850522,0.4833984375,0.54443359375,0.205078125,0.8427734375,train
40_0,40,0,3,thunderstrike,0,1,339,427,583,427,245,104615,0.09976863861083984,1.7428571428571429,0.20849609375,0.44970703125,0.4169921875,0.2392578125,train
41_0,41,0,5,hide_craze,0,400,630,977,666,578,37,21386,0.020395278930664062,15.621621621621621,0.671875,0.63232421875,0.564453125,0.0361328125,train
42_0,42,0,0,craze,0,627,83,1024,789,398,707,281386,0.26835060119628906,0.562942008486563,0.8056640625,0.42529296875,0.388671875,0.6904296875,train
42_1,42,1,0,craze,0,81,278,286,469,206,192,39552,0.0377197265625,1.0729166666666667,0.1787109375,0.3642578125,0.201171875,0.1875,train
42_2,42,2,0,craze,0,411,233,609,514,199,282,56118,0.05351829528808594,0.7056737588652482,0.49755859375,0.3642578125,0.1943359375,0.275390625,train
43_0,43,0,2,surface_injure,0,177,1,502,689,326,689,224614,0.21420860290527344,0.4731494920174166,0.3310546875,0.33642578125,0.318359375,0.6728515625,train
43_1,43,1,2,surface_injure,0,300,724,553,885,254,162,41148,0.039241790771484375,1.5679012345679013,0.416015625,0.78515625,0.248046875,0.158203125,train
44_0,44,0,5,hide_craze,0,286,591,631,783,346,193,66778,0.06368446350097656,1.7927461139896372,0.447265625,0.67041015625,0.337890625,0.1884765625,train
45_0,45,0,2,surface_injure,0,191,417,664,655,474,239,113286,0.10803794860839844,1.9832635983263598,0.4169921875,0.52294921875,0.462890625,0.2333984375,train
45_1,45,1,2,surface_injure,0,16,517,181,872,166,356,59096,0.05635833740234375,0.46629213483146065,0.095703125,0.677734375,0.162109375,0.34765625,train
46_0,46,0,1,corrosion,0,20,563,548,680,529,118,62422,0.05953025817871094,4.483050847457627,0.27685546875,0.6064453125,0.5166015625,0.115234375,test
46_1,46,1,1,corrosion,0,569,491,814,578,246,88,21648,0.0206451416015625,2.7954545454545454,0.6748046875,0.521484375,0.240234375,0.0859375,test
47_0,47,0,0,craze,0,683,731,941,1002,259,272,70448,0.0671844482421875,0.9522058823529411,0.79248046875,0.845703125,0.2529296875,0.265625,train
47_1,47,1,0,craze,0,523,513,683,716,161,204,32844,0.031322479248046875,0.7892156862745098,0.58837890625,0.599609375,0.1572265625,0.19921875,train
47_2,47,2,0,craze,0,328,335,498,491,171,157,26847,0.025603294372558594,1.089171974522293,0.40283203125,0.40283203125,0.1669921875,0.1533203125,train
48_0,48,0,2,surface_injure,0,394,473,553,794,160,322,51520,0.04913330078125,0.4968944099378882,0.4619140625,0.6181640625,0.15625,0.314453125,test
49_0,49,0,0,craze,0,375,269,806,364,432,96,41472,0.03955078125,4.5,0.576171875,0.30859375,0.421875,0.09375,train
50_0,50,0,0,craze,0,6,83,467,899,462,817,377454,0.3599681854248047,0.565483476132191,0.23046875,0.47900390625,0.451171875,0.7978515625,train
50_1,50,1,0,craze,0,731,261,955,503,225,243,54675,0.05214214324951172,0.9259259259259259,0.82275390625,0.37255859375,0.2197265625,0.2373046875,train
50_2,50,2,0,craze,0,494,278,619,513,126,236,29736,0.02835845947265625,0.5338983050847458,0.54296875,0.3857421875,0.123046875,0.23046875,train
51_0,51,0,0,craze,0,447,894,547,1019,101,126,12726,0.012136459350585938,0.8015873015873016,0.48486328125,0.93359375,0.0986328125,0.123046875,test
51_1,51,1,0,craze,0,473,20,658,850,186,831,154566,0.14740562438964844,0.22382671480144403,0.5517578125,0.42431640625,0.181640625,0.8115234375,test
52_0,52,0,3,thunderstrike,0,208,174,511,938,304,765,232560,0.2217864990234375,0.39738562091503266,0.3505859375,0.54248046875,0.296875,0.7470703125,train
53_0,53,0,4,crack,0,420,153,509,424,90,272,24480,0.023345947265625,0.33088235294117646,0.453125,0.28125,0.087890625,0.265625,train
54_0,54,0,5,hide_craze,0,478,272,503,631,26,360,9360,0.0089263916015625,0.07222222222222222,0.478515625,0.4404296875,0.025390625,0.3515625,test
54_1,54,1,5,hide_craze,0,470,691,500,928,31,238,7378,0.0070362091064453125,0.13025210084033614,0.47314453125,0.7900390625,0.0302734375,0.232421875,test
55_0,55,0,5,hide_craze,0,477,705,941,939,465,235,109275,0.10421276092529297,1.9787234042553192,0.69189453125,0.80224609375,0.4541015625,0.2294921875,validation
56_0,56,0,5,hide_craze,0,405,875,652,924,248,50,12400,0.0118255615234375,4.96,0.515625,0.8779296875,0.2421875,0.048828125,train
56_1,56,1,5,hide_craze,0,427,495,598,547,172,53,9116,0.008693695068359375,3.2452830188679247,0.5,0.50830078125,0.16796875,0.0517578125,train
56_2,56,2,5,hide_craze,0,362,719,603,835,242,117,28314,0.027002334594726562,2.0683760683760686,0.470703125,0.75830078125,0.236328125,0.1142578125,train
56_3,56,3,5,hide_craze,0,425,606,612,672,188,67,12596,0.012012481689453125,2.8059701492537314,0.505859375,0.62353515625,0.18359375,0.0654296875,train
57_0,57,0,0,craze,0,550,314,850,438,301,125,37625,0.035881996154785156,2.408,0.68310546875,0.36669921875,0.2939453125,0.1220703125,test
57_1,57,1,2,surface_injure,0,422,313,531,374,110,62,6820,0.006504058837890625,1.7741935483870968,0.46484375,0.3349609375,0.107421875,0.060546875,test
58_0,58,0,5,hide_craze,0,1,420,728,522,728,103,74984,0.07151031494140625,7.067961165048544,0.35546875,0.45947265625,0.7109375,0.1005859375,train
59_0,59,0,4,crack,0,767,380,903,614,137,235,32195,0.03070354461669922,0.5829787234042553,0.81494140625,0.48486328125,0.1337890625,0.2294921875,validation
60_0,60,0,3,thunderstrike,0,87,639,397,722,311,84,26124,0.024913787841796875,3.7023809523809526,0.23583984375,0.6640625,0.3037109375,0.08203125,validation
60_1,60,1,5,hide_craze,0,783,1,809,264,27,264,7128,0.00679779052734375,0.10227272727272728,0.77685546875,0.12890625,0.0263671875,0.2578125,validation
61_0,61,0,0,craze,0,623,688,958,1014,336,327,109872,0.1047821044921875,1.0275229357798166,0.771484375,0.83056640625,0.328125,0.3193359375,test
61_1,61,1,0,craze,0,367,389,631,650,265,262,69430,0.06621360778808594,1.0114503816793894,0.48681640625,0.5068359375,0.2587890625,0.255859375,test
61_2,61,2,0,craze,0,203,200,402,366,200,167,33400,0.03185272216796875,1.1976047904191616,0.294921875,0.27587890625,0.1953125,0.1630859375,test
62_0,62,0,3,thunderstrike,0,19,450,512,555,494,106,52364,0.049938201904296875,4.660377358490566,0.2587890625,0.490234375,0.482421875,0.103515625,validation
62_1,62,1,5,hide_craze,0,814,494,841,589,28,96,2688,0.0025634765625,0.2916666666666667,0.8076171875,0.5283203125,0.02734375,0.09375,validation
63_0,63,0,2,surface_injure,0,122,425,191,511,70,87,6090,0.0058078765869140625,0.8045977011494253,0.15234375,0.45654296875,0.068359375,0.0849609375,train
63_1,63,1,2,surface_injure,0,308,714,356,763,49,50,2450,0.0023365020751953125,0.98,0.32373046875,0.720703125,0.0478515625,0.048828125,train
64_0,64,0,1,corrosion,0,362,450,498,991,137,542,74254,0.07081413269042969,0.25276752767527677,0.41943359375,0.703125,0.1337890625,0.529296875,train
65_0,65,0,1,corrosion,0,87,39,445,989,359,951,341409,0.3255929946899414,0.3774973711882229,0.25927734375,0.50146484375,0.3505859375,0.9287109375,test
66_0,66,0,4,crack,0,428,155,531,694,104,540,56160,0.053558349609375,0.1925925925925926,0.4677734375,0.4140625,0.1015625,0.52734375,train
66_1,66,1,4,crack,0,802,247,894,745,93,499,46407,0.044257164001464844,0.18637274549098196,0.82763671875,0.48388671875,0.0908203125,0.4873046875,train
67_0,67,0,5,hide_craze,0,359,589,666,688,308,100,30800,0.0293731689453125,3.08,0.5,0.623046875,0.30078125,0.09765625,test
68_0,68,0,5,hide_craze,0,522,497,550,933,29,437,12673,0.012085914611816406,0.06636155606407322,0.52294921875,0.69775390625,0.0283203125,0.4267578125,train
68_1,68,1,5,hide_craze,0,530,145,550,356,21,212,4452,0.004245758056640625,0.09905660377358491,0.52685546875,0.244140625,0.0205078125,0.20703125,train
69_0,69,0,4,crack,0,278,78,445,263,168,186,31248,0.0298004150390625,0.9032258064516129,0.3525390625,0.166015625,0.1640625,0.181640625,validation
69_1,69,1,4,crack,0,761,245,928,385,168,141,23688,0.02259063720703125,1.1914893617021276,0.82421875,0.30712890625,0.1640625,0.1376953125,validation
70_0,70,0,4,crack,0,184,213,392,567,209,355,74195,0.07075786590576172,0.5887323943661972,0.28076171875,0.38037109375,0.2041015625,0.3466796875,validation
70_1,70,1,4,crack,0,545,16,659,466,115,451,51865,0.049462318420410156,0.2549889135254989,0.58740234375,0.23486328125,0.1123046875,0.4404296875,validation
71_0,71,0,0,craze,0,108,377,1011,783,904,407,367928,0.35088348388671875,2.2211302211302213,0.5458984375,0.56591796875,0.8828125,0.3974609375,test
72_0,72,0,1,corrosion,0,462,378,503,944,42,567,23814,0.022710800170898438,0.07407407407407407,0.470703125,0.64501953125,0.041015625,0.5537109375,validation
73_0,73,0,0,craze,0,286,270,766,700,481,431,207311,0.1977071762084961,1.1160092807424593,0.51318359375,0.47314453125,0.4697265625,0.4208984375,test
74_0,74,0,0,craze,0,425,688,850,836,426,149,63474,0.06053352355957031,2.859060402684564,0.6220703125,0.74365234375,0.416015625,0.1455078125,train
75_0,75,0,2,surface_injure,0,103,586,177,1017,75,432,32400,0.0308990478515625,0.1736111111111111,0.13623046875,0.7822265625,0.0732421875,0.421875,train
75_1,75,1,2,surface_injure,0,727,6,1024,325,298,320,95360,0.0909423828125,0.93125,0.8544921875,0.1611328125,0.291015625,0.3125,train
76_0,76,0,0,craze,0,172,181,694,606,523,426,222798,0.2124767303466797,1.227699530516432,0.42236328125,0.3837890625,0.5107421875,0.416015625,train
77_0,77,0,3,thunderstrike,0,227,825,339,908,113,84,9492,0.009052276611328125,1.3452380952380953,0.27587890625,0.845703125,0.1103515625,0.08203125,validation
78_0,78,0,4,crack,0,527,169,670,761,144,593,85392,0.0814361572265625,0.24283305227655985,0.583984375,0.45361328125,0.140625,0.5791015625,train
79_0,79,0,0,craze,0,289,275,767,710,479,436,208844,0.19916915893554688,1.098623853211009,0.51513671875,0.48046875,0.4677734375,0.42578125,train
81_0,81,0,0,craze,0,20,3,231,181,212,179,37948,0.036190032958984375,1.1843575418994414,0.1220703125,0.08935546875,0.20703125,0.1748046875,test
81_1,81,1,0,craze,0,256,197,566,538,311,342,106362,0.10143470764160156,0.9093567251461988,0.40087890625,0.3583984375,0.3037109375,0.333984375,test
81_2,81,2,0,craze,0,600,481,1016,870,417,390,162630,0.15509605407714844,1.0692307692307692,0.78857421875,0.6591796875,0.4072265625,0.380859375,test
82_0,82,0,4,crack,0,145,536,414,642,270,107,28890,0.027551651000976562,2.5233644859813085,0.2724609375,0.57470703125,0.263671875,0.1044921875,train
83_0,83,0,5,hide_craze,0,39,694,236,1024,198,331,65538,0.06250190734863281,0.5981873111782477,0.1337890625,0.83837890625,0.193359375,0.3232421875,train
83_1,83,1,5,hide_craze,0,259,739,1009,861,751,123,92373,0.08809375762939453,6.105691056910569,0.61865234375,0.78076171875,0.7333984375,0.1201171875,train
84_0,84,0,3,thunderstrike,0,620,608,766,872,147,265,38955,0.03715038299560547,0.5547169811320755,0.67626953125,0.72216796875,0.1435546875,0.2587890625,train
85_0,85,0,4,crack,0,484,166,542,220,59,55,3245,0.0030946731567382812,1.0727272727272728,0.50048828125,0.18798828125,0.0576171875,0.0537109375,train
86_0,86,0,5,hide_craze,0,125,131,464,195,340,65,22100,0.021076202392578125,5.230769230769231,0.287109375,0.15869140625,0.33203125,0.0634765625,train
87_0,87,0,0,craze,0,133,106,961,710,829,605,501545,0.47831058502197266,1.3702479338842974,0.53369140625,0.39794921875,0.8095703125,0.5908203125,validation
88_0,88,0,4,crack,0,580,72,791,370,212,299,63388,0.060451507568359375,0.7090301003344481,0.6689453125,0.21533203125,0.20703125,0.2919921875,test
89_0,89,0,4,crack,0,106,333,191,644,86,312,26832,0.0255889892578125,0.27564102564102566,0.14453125,0.4765625,0.083984375,0.3046875,train
89_1,89,1,4,crack,0,383,100,592,528,210,429,90090,0.08591651916503906,0.48951048951048953,0.4755859375,0.30615234375,0.205078125,0.4189453125,train
90_0,90,0,2,surface_injure,0,69,578,139,1024,71,447,31737,0.030266761779785156,0.15883668903803133,0.10107421875,0.78173828125,0.0693359375,0.4365234375,train
90_1,90,1,2,surface_injure,0,1,1,533,233,533,233,124189,0.11843585968017578,2.2875536480686693,0.26025390625,0.11376953125,0.5205078125,0.2275390625,train
90_2,90,2,2,surface_injure,0,548,1,1002,556,455,556,252980,0.24126052856445312,0.8183453237410072,0.75634765625,0.271484375,0.4443359375,0.54296875,train
91_0,91,0,5,hide_craze,0,420,461,625,911,206,451,92906,0.08860206604003906,0.4567627494456763,0.509765625,0.66943359375,0.201171875,0.4404296875,train
92_0,92,0,4,crack,0,416,35,706,708,291,674,196134,0.18704795837402344,0.4317507418397626,0.54736328125,0.3623046875,0.2841796875,0.658203125,train
93_0,93,0,0,craze,0,233,369,1023,681,791,313,247583,0.2361135482788086,2.527156549520767,0.61279296875,0.51220703125,0.7724609375,0.3056640625,test
94_0,94,0,4,crack,0,273,394,319,594,47,201,9447,0.009009361267089844,0.23383084577114427,0.28857421875,0.48193359375,0.0458984375,0.1962890625,train
94_1,94,1,4,crack,0,428,266,566,536,139,271,37669,0.03592395782470703,0.5129151291512916,0.48486328125,0.39111328125,0.1357421875,0.2646484375,train
95_0,95,0,1,corrosion,0,241,530,323,1011,83,482,40006,0.03815269470214844,0.17219917012448133,0.27490234375,0.751953125,0.0810546875,0.470703125,train
95_1,95,1,1,corrosion,0,295,13,423,516,129,504,65016,0.06200408935546875,0.25595238095238093,0.35009765625,0.2578125,0.1259765625,0.4921875,train
95_2,95,2,3,thunderstrike,0,600,10,691,69,92,60,5520,0.0052642822265625,1.5333333333333334,0.6298828125,0.0380859375,0.08984375,0.05859375,train
96_0,96,0,2,surface_injure,0,608,505,739,639,132,135,17820,0.016994476318359375,0.9777777777777777,0.6572265625,0.55810546875,0.12890625,0.1318359375,validation
96_1,96,1,2,surface_injure,0,875,545,1017,653,143,109,15587,0.014864921569824219,1.311926605504587,0.92333984375,0.58447265625,0.1396484375,0.1064453125,validation
97_0,97,0,4,crack,0,358,422,616,686,259,265,68635,0.06545543670654297,0.9773584905660377,0.47509765625,0.54052734375,0.2529296875,0.2587890625,train
99_0,99,0,5,hide_craze,0,394,513,920,555,527,43,22661,0.02161121368408203,12.255813953488373,0.64111328125,0.52099609375,0.5146484375,0.0419921875,validation
100_0,100,0,3,thunderstrike,0,494,142,842,961,349,820,286180,0.2729225158691406,0.42560975609756097,0.65185546875,0.5380859375,0.3408203125,0.80078125,validation
101_0,101,0,2,surface_injure,0,314,114,659,542,346,429,148434,0.1415576934814453,0.8065268065268065,0.474609375,0.31982421875,0.337890625,0.4189453125,train
102_0,102,0,3,thunderstrike,0,475,510,602,722,128,213,27264,0.0260009765625,0.6009389671361502,0.525390625,0.60107421875,0.125,0.2080078125,train
103_0,103,0,0,craze,0,14,383,812,683,799,301,240499,0.22935771942138672,2.654485049833887,0.40283203125,0.52001953125,0.7802734375,0.2939453125,test
104_0,104,0,4,crack,0,406,419,697,663,292,245,71540,0.06822586059570312,1.1918367346938776,0.5380859375,0.52783203125,0.28515625,0.2392578125,train
106_0,106,0,2,surface_injure,0,337,805,372,860,36,56,2016,0.001922607421875,0.6428571428571429,0.345703125,0.8125,0.03515625,0.0546875,train
106_1,106,1,2,surface_injure,0,616,792,653,1002,38,211,8018,0.0076465606689453125,0.18009478672985782,0.619140625,0.87548828125,0.037109375,0.2060546875,train
106_2,106,2,2,surface_injure,0,619,627,753,705,135,79,10665,0.010170936584472656,1.7088607594936709,0.66943359375,0.64990234375,0.1318359375,0.0771484375,train
106_3,106,3,2,surface_injure,0,623,520,661,614,39,95,3705,0.0035333633422851562,0.4105263157894737,0.62646484375,0.55322265625,0.0380859375,0.0927734375,train
106_4,106,4,2,surface_injure,0,631,80,698,316,68,237,16116,0.015369415283203125,0.2869198312236287,0.6484375,0.19287109375,0.06640625,0.2314453125,train
106_5,106,5,2,surface_injure,0,700,92,752,142,53,51,2703,0.0025777816772460938,1.0392156862745099,0.70849609375,0.11376953125,0.0517578125,0.0498046875,train
106_6,106,6,2,surface_injure,0,789,11,831,49,43,39,1677,0.0015993118286132812,1.1025641025641026,0.79052734375,0.02880859375,0.0419921875,0.0380859375,train
107_0,107,0,4,crack,0,356,99,397,310,42,212,8904,0.00849151611328125,0.19811320754716982,0.3671875,0.19921875,0.041015625,0.20703125,train
107_1,107,1,4,crack,0,472,124,517,353,46,230,10580,0.010089874267578125,0.2,0.482421875,0.232421875,0.044921875,0.224609375,train
108_0,108,0,3,thunderstrike,0,542,313,911,800,370,488,180560,0.1721954345703125,0.7581967213114754,0.708984375,0.54296875,0.361328125,0.4765625,validation
108_1,108,1,2,surface_injure,0,928,2,1014,781,87,780,67860,0.06471633911132812,0.11153846153846154,0.94775390625,0.3818359375,0.0849609375,0.76171875,validation
108_2,108,2,2,surface_injure,0,342,10,534,935,193,926,178718,0.1704387664794922,0.2084233261339093,0.42724609375,0.4609375,0.1884765625,0.904296875,validation
109_0,109,0,2,surface_injure,0,180,470,819,549,640,80,51200,0.048828125,8.0,0.4873046875,0.4970703125,0.625,0.078125,train
110_0,110,0,2,surface_injure,0,41,128,616,213,576,86,49536,0.0472412109375,6.6976744186046515,0.3203125,0.166015625,0.5625,0.083984375,train
111_0,111,0,4,crack,0,416,263,586,402,171,140,23940,0.022830963134765625,1.2214285714285715,0.48876953125,0.32421875,0.1669921875,0.13671875,validation
112_0,112,0,3,thunderstrike,0,250,320,600,695,351,376,131976,0.12586212158203125,0.9335106382978723,0.41455078125,0.4951171875,0.3427734375,0.3671875,test
112_1,112,1,2,surface_injure,0,56,95,691,281,636,187,118932,0.11342239379882812,3.4010695187165774,0.3642578125,0.18310546875,0.62109375,0.1826171875,test
113_0,113,0,1,corrosion,0,462,502,572,1024,111,523,58053,0.05536365509033203,0.21223709369024857,0.50439453125,0.74462890625,0.1083984375,0.5107421875,train
113_1,113,1,1,corrosion,0,536,5,587,488,52,484,25168,0.0240020751953125,0.10743801652892562,0.5478515625,0.240234375,0.05078125,0.47265625,train
114_0,114,0,5,hide_craze,0,639,625,691,985,53,361,19133,0.01824665069580078,0.14681440443213298,0.64892578125,0.78564453125,0.0517578125,0.3525390625,validation
114_1,114,1,5,hide_craze,0,689,10,773,606,85,597,50745,0.048394203186035156,0.1423785594639866,0.71337890625,0.30029296875,0.0830078125,0.5830078125,validation
115_0,115,0,1,corrosion,0,302,438,447,977,146,540,78840,0.07518768310546875,0.27037037037037037,0.365234375,0.6904296875,0.142578125,0.52734375,train
115_1,115,1,1,corrosion,0,406,24,555,427,150,404,60600,0.05779266357421875,0.3712871287128713,0.46875,0.2197265625,0.146484375,0.39453125,train
116_0,116,0,2,surface_injure,0,491,670,536,714,46,45,2070,0.0019741058349609375,1.0222222222222221,0.5009765625,0.67529296875,0.044921875,0.0439453125,train
116_1,116,1,5,hide_craze,0,456,450,481,516,26,67,1742,0.0016613006591796875,0.3880597014925373,0.45703125,0.47119140625,0.025390625,0.0654296875,train
116_2,116,2,5,hide_craze,0,437,86,486,439,50,354,17700,0.016880035400390625,0.14124293785310735,0.4501953125,0.255859375,0.048828125,0.345703125,train
117_0,117,0,0,craze,0,402,356,1023,1008,622,653,406166,0.38735008239746094,0.9525267993874426,0.6953125,0.66552734375,0.607421875,0.6376953125,validation
118_0,118,0,2,surface_injure,0,695,277,814,1002,120,726,87120,0.0830841064453125,0.1652892561983471,0.736328125,0.6240234375,0.1171875,0.708984375,train
119_0,119,0,3,thunderstrike,0,547,449,639,642,93,194,18042,0.017206192016601562,0.4793814432989691,0.57861328125,0.5322265625,0.0908203125,0.189453125,train
120_0,120,0,1,corrosion,0,512,13,647,988,136,976,132736,0.1265869140625,0.13934426229508196,0.5654296875,0.48828125,0.1328125,0.953125,train
121_0,121,0,5,hide_craze,0,722,13,1012,242,291,230,66930,0.06382942199707031,1.2652173913043478,0.84619140625,0.1240234375,0.2841796875,0.224609375,train
122_0,122,0,5,hide_craze,0,89,431,336,472,248,42,10416,0.0099334716796875,5.904761904761905,0.20703125,0.4404296875,0.2421875,0.041015625,train
122_1,122,1,5,hide_craze,0,762,281,991,306,230,26,5980,0.005702972412109375,8.846153846153847,0.85546875,0.2861328125,0.224609375,0.025390625,train
123_0,123,0,0,craze,0,459,20,561,208,103,189,19467,0.01856517791748047,0.544973544973545,0.49755859375,0.11083984375,0.1005859375,0.1845703125,validation
123_1,123,1,0,craze,0,481,222,595,581,115,360,41400,0.03948211669921875,0.3194444444444444,0.52490234375,0.3916015625,0.1123046875,0.3515625,validation
123_2,123,2,0,craze,0,492,606,620,944,129,339,43731,0.04170513153076172,0.3805309734513274,0.54248046875,0.75634765625,0.1259765625,0.3310546875,validation
124_0,124,0,5,hide_craze,0,173,13,295,1008,123,996,122508,0.11683273315429688,0.12349397590361445,0.22802734375,0.498046875,0.1201171875,0.97265625,train
125_0,125,0,5,hide_craze,0,330,538,819,569,490,32,15680,0.01495361328125,15.3125,0.560546875,0.5400390625,0.478515625,0.03125,train
125_1,125,1,5,hide_craze,0,928,544,1023,569,96,26,2496,0.00238037109375,3.6923076923076925,0.9521484375,0.54296875,0.09375,0.025390625,train
126_0,126,0,0,craze,0,56,664,164,872,109,209,22781,0.02172565460205078,0.5215311004784688,0.10693359375,0.74951171875,0.1064453125,0.2041015625,train
126_1,126,1,0,craze,0,594,110,702,706,109,597,65073,0.062058448791503906,0.18257956448911222,0.63232421875,0.39794921875,0.1064453125,0.5830078125,train
126_2,126,2,0,craze,0,336,339,572,681,237,343,81291,0.07752513885498047,0.6909620991253644,0.44287109375,0.49755859375,0.2314453125,0.3349609375,train
126_3,126,3,2,surface_injure,0,694,3,1000,156,307,154,47278,0.04508781433105469,1.9935064935064934,0.82666015625,0.0771484375,0.2998046875,0.150390625,train
127_0,127,0,2,surface_injure,0,1,2,117,980,117,979,114543,0.1092367172241211,0.1195097037793667,0.05712890625,0.47900390625,0.1142578125,0.9560546875,train
127_1,127,1,2,surface_injure,0,125,1,812,391,688,391,269008,0.2565460205078125,1.7595907928388748,0.45703125,0.19091796875,0.671875,0.3818359375,train
128_0,128,0,2,surface_injure,0,427,780,534,836,108,57,6156,0.005870819091796875,1.894736842105263,0.46875,0.78857421875,0.10546875,0.0556640625,validation
129_0,129,0,5,hide_craze,0,422,1,562,964,141,964,135924,0.12962722778320312,0.1462655601659751,0.47998046875,0.470703125,0.1376953125,0.94140625,train
130_0,130,0,4,crack,0,100,233,170,583,71,351,24921,0.023766517639160156,0.2022792022792023,0.13134765625,0.39794921875,0.0693359375,0.3427734375,train
130_1,130,1,4,crack,0,420,8,697,469,278,462,128436,0.12248611450195312,0.6017316017316018,0.544921875,0.232421875,0.271484375,0.451171875,train
131_0,131,0,2,surface_injure,0,391,650,520,830,130,181,23530,0.022439956665039062,0.7182320441988951,0.4443359375,0.72216796875,0.126953125,0.1767578125,validation
132_0,132,0,1,corrosion,0,550,585,956,674,407,90,36630,0.03493309020996094,4.522222222222222,0.73486328125,0.6142578125,0.3974609375,0.087890625,train
132_1,132,1,1,corrosion,0,267,513,530,592,264,80,21120,0.0201416015625,3.3,0.388671875,0.5390625,0.2578125,0.078125,train
133_0,133,0,4,crack,0,420,50,555,630,136,581,79016,0.07535552978515625,0.23407917383820998,0.4755859375,0.33154296875,0.1328125,0.5673828125,train
134_0,134,0,4,crack,0,472,252,633,420,162,169,27378,0.026109695434570312,0.9585798816568047,0.5390625,0.32763671875,0.158203125,0.1650390625,train
136_0,136,0,4,crack,0,689,569,997,906,309,338,104442,0.09960365295410156,0.9142011834319527,0.82275390625,0.7197265625,0.3017578125,0.330078125,train
138_0,138,0,5,hide_craze,0,2,77,969,272,968,196,189728,0.180938720703125,4.938775510204081,0.4736328125,0.169921875,0.9453125,0.19140625,train
140_0,140,0,5,hide_craze,0,311,13,661,520,351,508,178308,0.17004776000976562,0.6909448818897638,0.47412109375,0.259765625,0.3427734375,0.49609375,train
140_1,140,1,5,hide_craze,0,681,527,1014,930,334,404,134936,0.12868499755859375,0.8267326732673267,0.8271484375,0.7109375,0.326171875,0.39453125,train
142_0,142,0,2,surface_injure,0,53,488,947,586,895,99,88605,0.08450031280517578,9.04040404040404,0.48779296875,0.52392578125,0.8740234375,0.0966796875,test
143_0,143,0,4,crack,0,370,185,556,819,187,635,118745,0.11324405670166016,0.29448818897637796,0.45166015625,0.48974609375,0.1826171875,0.6201171875,validation
144_0,144,0,5,hide_craze,0,83,281,125,478,43,198,8514,0.008119583129882812,0.21717171717171718,0.10107421875,0.3701171875,0.0419921875,0.193359375,train
144_1,144,1,5,hide_craze,0,8,411,917,524,910,114,103740,0.09893417358398438,7.982456140350878,0.451171875,0.4560546875,0.888671875,0.111328125,train
144_2,144,2,5,hide_craze,0,198,472,230,764,33,293,9669,0.009221076965332031,0.11262798634812286,0.20849609375,0.60302734375,0.0322265625,0.2861328125,train
144_3,144,3,5,hide_craze,0,808,252,853,413,46,162,7452,0.007106781005859375,0.2839506172839506,0.810546875,0.32421875,0.044921875,0.158203125,train
145_0,145,0,2,surface_injure,0,748,475,958,803,211,329,69419,0.06620311737060547,0.6413373860182371,0.83251953125,0.62353515625,0.2060546875,0.3212890625,train
146_0,146,0,5,hide_craze,0,312,266,512,725,201,460,92460,0.08817672729492188,0.4369565217391304,0.40185546875,0.4833984375,0.1962890625,0.44921875,test
147_0,147,0,5,hide_craze,0,339,505,402,847,64,343,21952,0.02093505859375,0.18658892128279883,0.361328125,0.65966796875,0.0625,0.3349609375,train
148_0,148,0,5,hide_craze,0,516,869,602,999,87,131,11397,0.010869026184082031,0.6641221374045801,0.54541015625,0.91162109375,0.0849609375,0.1279296875,train
148_1,148,1,5,hide_craze,0,531,381,647,516,117,136,15912,0.01517486572265625,0.8602941176470589,0.57470703125,0.4375,0.1142578125,0.1328125,train
149_0,149,0,2,surface_injure,0,95,700,381,758,287,59,16933,0.01614856719970703,4.864406779661017,0.23193359375,0.71142578125,0.2802734375,0.0576171875,train
151_0,151,0,5,hide_craze,0,614,406,661,885,48,480,23040,0.02197265625,0.1,0.6220703125,0.6298828125,0.046875,0.46875,train
152_0,152,0,4,crack,0,706,381,752,597,47,217,10199,0.009726524353027344,0.21658986175115208,0.71142578125,0.47705078125,0.0458984375,0.2119140625,train
152_1,152,1,4,crack,0,477,261,605,519,129,259,33411,0.03186321258544922,0.4980694980694981,0.52783203125,0.38037109375,0.1259765625,0.2529296875,train
153_0,153,0,0,craze,0,427,354,1024,1019,598,666,398268,0.3798179626464844,0.8978978978978979,0.7080078125,0.669921875,0.583984375,0.650390625,train
154_0,154,0,1,corrosion,0,352,1,625,567,274,567,155358,0.1481609344482422,0.48324514991181655,0.4765625,0.27685546875,0.267578125,0.5537109375,train
154_1,154,1,1,corrosion,0,561,586,745,1014,185,429,79365,0.07568836212158203,0.43123543123543123,0.63720703125,0.78076171875,0.1806640625,0.4189453125,train
155_0,155,0,3,thunderstrike,0,323,339,728,661,406,323,131138,0.1250629425048828,1.256965944272446,0.5126953125,0.48779296875,0.396484375,0.3154296875,train
155_1,155,1,2,surface_injure,0,778,194,947,735,170,542,92140,0.08787155151367188,0.31365313653136534,0.841796875,0.453125,0.166015625,0.529296875,train
155_2,155,2,2,surface_injure,0,227,278,311,613,85,336,28560,0.0272369384765625,0.25297619047619047,0.26220703125,0.4345703125,0.0830078125,0.328125,train
155_3,155,3,2,surface_injure,0,334,205,761,303,428,99,42372,0.040409088134765625,4.3232323232323235,0.5341796875,0.24755859375,0.41796875,0.0966796875,train
155_4,155,4,2,surface_injure,0,334,672,761,736,428,65,27820,0.026531219482421875,6.584615384615384,0.5341796875,0.68701171875,0.41796875,0.0634765625,train
156_0,156,0,0,craze,0,577,500,825,774,249,275,68475,0.06530284881591797,0.9054545454545454,0.68408203125,0.62158203125,0.2431640625,0.2685546875,test
157_0,157,0,4,crack,0,436,278,505,749,70,472,33040,0.0315093994140625,0.1483050847457627,0.458984375,0.5009765625,0.068359375,0.4609375,train
158_0,158,0,3,thunderstrike,0,870,339,1000,447,131,109,14279,0.013617515563964844,1.201834862385321,0.91259765625,0.38330078125,0.1279296875,0.1064453125,train
158_1,158,1,1,corrosion,0,259,327,356,449,98,123,12054,0.011495590209960938,0.7967479674796748,0.2998046875,0.37841796875,0.095703125,0.1201171875,train
159_0,159,0,4,crack,0,528,149,603,435,76,287,21812,0.020801544189453125,0.26480836236933797,0.5517578125,0.28466796875,0.07421875,0.2802734375,train
160_0,160,0,1,corrosion,0,450,10,656,1005,207,996,206172,0.19662094116210938,0.20783132530120482,0.53955078125,0.4951171875,0.2021484375,0.97265625,train
161_0,161,0,1,corrosion,0,450,8,878,1020,429,1013,434577,0.4144449234008789,0.42349457058242845,0.64794921875,0.50146484375,0.4189453125,0.9892578125,test
162_0,162,0,1,corrosion,0,348,16,441,428,94,413,38822,0.03702354431152344,0.22760290556900725,0.384765625,0.21630859375,0.091796875,0.4033203125,train
162_1,162,1,1,corrosion,0,392,444,491,1013,100,570,57000,0.05435943603515625,0.17543859649122806,0.4306640625,0.7109375,0.09765625,0.556640625,train
163_0,163,0,5,hide_craze,0,517,263,577,400,61,138,8418,0.008028030395507812,0.4420289855072464,0.53369140625,0.3232421875,0.0595703125,0.134765625,test
164_0,164,0,4,crack,0,386,413,689,691,304,279,84816,0.0808868408203125,1.0896057347670252,0.5244140625,0.53857421875,0.296875,0.2724609375,train
165_0,165,0,1,corrosion,0,256,502,750,1019,495,518,256410,0.24453163146972656,0.9555984555984556,0.49072265625,0.7421875,0.4833984375,0.505859375,validation
165_1,165,1,1,corrosion,0,208,31,481,486,274,456,124944,0.1191558837890625,0.6008771929824561,0.3359375,0.251953125,0.267578125,0.4453125,validation
166_0,166,0,0,craze,0,295,305,584,406,290,102,29580,0.028209686279296875,2.843137254901961,0.4287109375,0.3466796875,0.283203125,0.099609375,test
167_0,167,0,0,craze,0,422,14,898,800,477,787,375399,0.35800838470458984,0.6060991105463787,0.64404296875,0.39697265625,0.4658203125,0.7685546875,test
167_1,167,1,0,craze,0,181,8,341,300,161,293,47173,0.04498767852783203,0.5494880546075085,0.25439453125,0.14990234375,0.1572265625,0.2861328125,test
168_0,168,0,4,crack,0,391,414,694,685,304,272,82688,0.078857421875,1.1176470588235294,0.529296875,0.5361328125,0.296875,0.265625,train
169_0,169,0,2,surface_injure,0,462,308,592,374,131,67,8777,0.008370399475097656,1.955223880597015,0.51416015625,0.33251953125,0.1279296875,0.0654296875,validation
169_1,169,1,0,craze,0,637,333,959,456,323,124,40052,0.038196563720703125,2.6048387096774195,0.77880859375,0.384765625,0.3154296875,0.12109375,validation
170_0,170,0,1,corrosion,0,1,1,442,422,442,422,186524,0.17788314819335938,1.04739336492891,0.2158203125,0.2060546875,0.431640625,0.412109375,train
170_1,170,1,1,corrosion,0,455,272,748,661,294,390,114660,0.10934829711914062,0.7538461538461538,0.5869140625,0.455078125,0.287109375,0.380859375,train
170_2,170,2,1,corrosion,0,753,505,1023,863,271,359,97289,0.09278202056884766,0.754874651810585,0.86669921875,0.66748046875,0.2646484375,0.3505859375,train
171_0,171,0,5,hide_craze,0,58,475,186,1011,129,537,69273,0.06606388092041016,0.24022346368715083,0.11865234375,0.72509765625,0.1259765625,0.5244140625,train
171_1,171,1,5,hide_craze,0,176,94,336,484,161,391,62951,0.060034751892089844,0.4117647058823529,0.24951171875,0.28173828125,0.1572265625,0.3818359375,train
172_0,172,0,0,craze,0,294,260,731,545,438,286,125268,0.11946487426757812,1.5314685314685315,0.5,0.392578125,0.427734375,0.279296875,train
172_1,172,1,0,craze,0,756,570,1006,778,251,209,52459,0.05002880096435547,1.200956937799043,0.85986328125,0.65771484375,0.2451171875,0.2041015625,train
173_0,173,0,0,craze,0,94,635,1000,835,907,201,182307,0.17386150360107422,4.512437810945274,0.53369140625,0.71728515625,0.8857421875,0.1962890625,train
176_0,176,0,4,crack,0,347,103,406,286,60,184,11040,0.010528564453125,0.32608695652173914,0.3671875,0.189453125,0.05859375,0.1796875,train
176_1,176,1,4,crack,0,464,125,522,335,59,211,12449,0.011872291564941406,0.2796208530805687,0.48095703125,0.22412109375,0.0576171875,0.2060546875,train
177_0,177,0,0,craze,0,36,392,647,510,612,119,72828,0.06945419311523438,5.142857142857143,0.3330078125,0.43994140625,0.59765625,0.1162109375,train
178_0,178,0,2,surface_injure,0,600,469,742,744,143,276,39468,0.037639617919921875,0.5181159420289855,0.65478515625,0.591796875,0.1396484375,0.26953125,test
178_1,178,1,2,surface_injure,0,522,695,606,919,85,225,19125,0.01823902130126953,0.37777777777777777,0.55029296875,0.78759765625,0.0830078125,0.2197265625,test
178_2,178,2,2,surface_injure,0,433,5,578,766,146,762,111252,0.10609817504882812,0.19160104986876642,0.4931640625,0.3759765625,0.142578125,0.744140625,test
180_0,180,0,0,craze,0,287,444,550,928,264,485,128040,0.12210845947265625,0.5443298969072164,0.408203125,0.66943359375,0.2578125,0.4736328125,train
181_0,181,0,0,craze,0,8,480,1020,714,1013,235,238055,0.22702693939208984,4.31063829787234,0.50146484375,0.58251953125,0.9892578125,0.2294921875,train
182_0,182,0,4,crack,0,391,17,512,731,122,715,87230,0.08318901062011719,0.17062937062937064,0.4404296875,0.36474609375,0.119140625,0.6982421875,validation
183_0,183,0,4,crack,0,527,14,619,324,93,311,28923,0.02758312225341797,0.2990353697749196,0.55908203125,0.16455078125,0.0908203125,0.3037109375,train
183_1,183,1,4,crack,0,344,180,462,402,119,223,26537,0.025307655334472656,0.5336322869955157,0.39306640625,0.28369140625,0.1162109375,0.2177734375,train
184_0,184,0,0,craze,0,511,25,962,542,452,518,234136,0.22328948974609375,0.8725868725868726,0.71875,0.2763671875,0.44140625,0.505859375,train
184_1,184,1,0,craze,0,73,174,292,281,220,108,23760,0.0226593017578125,2.037037037037037,0.177734375,0.2216796875,0.21484375,0.10546875,train
185_0,185,0,5,hide_craze,0,398,474,750,502,353,29,10237,0.009762763977050781,12.172413793103448,0.56005859375,0.47607421875,0.3447265625,0.0283203125,train
185_1,185,1,5,hide_craze,0,122,474,314,497,193,24,4632,0.00441741943359375,8.041666666666666,0.21240234375,0.4736328125,0.1884765625,0.0234375,train
186_0,186,0,3,thunderstrike,0,94,345,870,844,777,500,388500,0.3705024719238281,1.554,0.47021484375,0.580078125,0.7587890625,0.48828125,train
187_0,187,0,4,crack,0,119,186,305,311,187,126,23562,0.022470474243164062,1.4841269841269842,0.20654296875,0.2421875,0.1826171875,0.123046875,validation
187_1,187,1,4,crack,0,595,53,761,200,167,148,24716,0.023571014404296875,1.1283783783783783,0.66162109375,0.123046875,0.1630859375,0.14453125,validation
188_0,188,0,4,crack,0,272,392,316,592,45,201,9045,0.008625984191894531,0.22388059701492538,0.28662109375,0.47998046875,0.0439453125,0.1962890625,train
188_1,188,1,4,crack,0,430,253,566,547,137,295,40415,0.038542747497558594,0.46440677966101696,0.48583984375,0.39013671875,0.1337890625,0.2880859375,train
190_0,190,0,2,surface_injure,0,219,522,595,908,377,387,145899,0.13914012908935547,0.9741602067183462,0.39697265625,0.69775390625,0.3681640625,0.3779296875,train
192_0,192,0,2,surface_injure,0,328,550,377,600,50,51,2550,0.0024318695068359375,0.9803921568627451,0.34375,0.56103515625,0.048828125,0.0498046875,train
192_1,192,1,5,hide_craze,0,539,517,600,539,62,23,1426,0.0013599395751953125,2.6956521739130435,0.5556640625,0.51513671875,0.060546875,0.0224609375,train
192_2,192,2,5,hide_craze,0,616,493,989,543,374,51,19074,0.018190383911132812,7.333333333333333,0.783203125,0.50537109375,0.365234375,0.0498046875,train
193_0,193,0,0,craze,0,581,299,759,477,179,179,32041,0.030556678771972656,1.0,0.65380859375,0.37841796875,0.1748046875,0.1748046875,train
194_0,194,0,3,thunderstrike,0,773,300,898,406,126,107,13482,0.012857437133789062,1.1775700934579438,0.8154296875,0.34423828125,0.123046875,0.1044921875,validation
194_1,194,1,3,thunderstrike,0,708,102,761,167,54,66,3564,0.003398895263671875,0.8181818181818182,0.716796875,0.130859375,0.052734375,0.064453125,validation
195_0,195,0,0,craze,0,227,319,584,410,358,92,32936,0.03141021728515625,3.891304347826087,0.3955078125,0.35546875,0.349609375,0.08984375,train
198_0,198,0,0,craze,0,387,60,998,922,612,863,528156,0.5036888122558594,0.709154113557358,0.67578125,0.47900390625,0.59765625,0.8427734375,test
198_1,198,1,5,hide_craze,0,84,378,366,438,283,61,17263,0.016463279724121094,4.639344262295082,0.21923828125,0.39794921875,0.2763671875,0.0595703125,test
199_0,199,0,4,crack,0,523,286,625,974,103,689,70967,0.06767940521240234,0.14949201741654572,0.56005859375,0.61474609375,0.1005859375,0.6728515625,train
200_0,200,0,2,surface_injure,0,253,292,333,347,81,56,4536,0.00432586669921875,1.4464285714285714,0.28564453125,0.3115234375,0.0791015625,0.0546875,train
200_1,200,1,2,surface_injure,0,275,470,344,517,70,48,3360,0.003204345703125,1.4583333333333333,0.3017578125,0.4814453125,0.068359375,0.046875,train
201_0,201,0,4,crack,0,356,99,394,308,39,210,8190,0.0078105926513671875,0.18571428571428572,0.36572265625,0.1982421875,0.0380859375,0.205078125,train
201_1,201,1,4,crack,0,472,120,512,350,41,231,9471,0.009032249450683594,0.1774891774891775,0.47998046875,0.22900390625,0.0400390625,0.2255859375,train
203_0,203,0,4,crack,0,284,66,433,200,150,135,20250,0.019311904907226562,1.1111111111111112,0.349609375,0.12939453125,0.146484375,0.1318359375,validation
203_1,203,1,4,crack,0,742,202,897,300,156,99,15444,0.014728546142578125,1.5757575757575757,0.7998046875,0.24462890625,0.15234375,0.0966796875,validation
204_0,204,0,3,thunderstrike,0,703,113,806,156,104,44,4576,0.004364013671875,2.3636363636363638,0.736328125,0.130859375,0.1015625,0.04296875,train
205_0,205,0,1,corrosion,0,3,217,391,314,389,98,38122,0.03635597229003906,3.9693877551020407,0.19189453125,0.2587890625,0.3798828125,0.095703125,validation
205_1,205,1,1,corrosion,0,405,269,900,428,496,160,79360,0.07568359375,3.1,0.63671875,0.33984375,0.484375,0.15625,validation
205_2,205,2,3,thunderstrike,0,836,594,889,708,54,115,6210,0.0059223175048828125,0.46956521739130436,0.841796875,0.63525390625,0.052734375,0.1123046875,validation
206_0,206,0,4,crack,0,528,274,587,747,60,474,28440,0.02712249755859375,0.12658227848101267,0.5439453125,0.498046875,0.05859375,0.462890625,train
207_0,207,0,1,corrosion,0,369,688,714,910,346,223,77158,0.07358360290527344,1.5515695067264574,0.5283203125,0.77978515625,0.337890625,0.2177734375,train
207_1,207,1,1,corrosion,0,631,49,861,658,231,610,140910,0.1343822479248047,0.37868852459016394,0.72802734375,0.3447265625,0.2255859375,0.595703125,train
208_0,208,0,2,surface_injure,0,502,524,845,747,344,224,77056,0.073486328125,1.5357142857142858,0.6572265625,0.6201171875,0.3359375,0.21875,train
209_0,209,0,5,hide_craze,0,25,372,473,436,449,65,29185,0.027832984924316406,6.907692307692308,0.24267578125,0.39404296875,0.4384765625,0.0634765625,test
211_0,211,0,4,crack,0,462,170,697,245,236,76,17936,0.0171051025390625,3.1052631578947367,0.5654296875,0.2021484375,0.23046875,0.07421875,train
211_1,211,1,4,crack,0,527,431,833,663,307,233,71531,0.06821727752685547,1.3175965665236051,0.66357421875,0.53369140625,0.2998046875,0.2275390625,train
212_0,212,0,4,crack,0,331,399,650,720,320,322,103040,0.0982666015625,0.9937888198757764,0.478515625,0.5458984375,0.3125,0.314453125,train
213_0,213,0,0,craze,0,11,661,686,1024,676,364,246064,0.2346649169921875,1.8571428571428572,0.33984375,0.822265625,0.66015625,0.35546875,train
214_0,214,0,0,craze,0,72,400,942,886,871,487,424177,0.4045267105102539,1.788501026694045,0.49462890625,0.62744140625,0.8505859375,0.4755859375,test
215_0,215,0,0,craze,0,584,725,998,825,415,101,41915,0.03997325897216797,4.108910891089109,0.77197265625,0.75634765625,0.4052734375,0.0986328125,train
216_0,216,0,4,crack,0,478,111,556,175,79,65,5135,0.004897117614746094,1.2153846153846153,0.50439453125,0.13916015625,0.0771484375,0.0634765625,test
217_0,217,0,2,surface_injure,0,834,514,891,713,58,200,11600,0.0110626220703125,0.29,0.841796875,0.5986328125,0.056640625,0.1953125,test
218_0,218,0,1,corrosion,0,5,436,377,492,373,57,21261,0.02027606964111328,6.543859649122807,0.18603515625,0.45263671875,0.3642578125,0.0556640625,train
218_1,218,1,1,corrosion,0,394,441,1022,560,629,120,75480,0.07198333740234375,5.241666666666666,0.69091796875,0.48828125,0.6142578125,0.1171875,train
219_0,219,0,0,craze,0,506,147,1014,877,509,731,372079,0.3548421859741211,0.6963064295485636,0.74169921875,0.49951171875,0.4970703125,0.7138671875,validation
219_1,219,1,0,craze,0,269,267,447,542,179,276,49404,0.047115325927734375,0.6485507246376812,0.34912109375,0.39453125,0.1748046875,0.26953125,validation
219_2,219,2,0,craze,0,5,242,117,438,113,197,22261,0.02122974395751953,0.5736040609137056,0.05908203125,0.33154296875,0.1103515625,0.1923828125,validation
220_0,220,0,5,hide_craze,0,253,524,531,874,279,351,97929,0.09339237213134766,0.7948717948717948,0.38232421875,0.68212890625,0.2724609375,0.3427734375,train
220_1,220,1,5,hide_craze,0,545,116,711,527,167,412,68804,0.06561660766601562,0.4053398058252427,0.61279296875,0.3134765625,0.1630859375,0.40234375,train
221_0,221,0,4,crack,0,762,111,881,280,120,170,20400,0.0194549560546875,0.7058823529411765,0.8017578125,0.1904296875,0.1171875,0.166015625,train
221_1,221,1,4,crack,0,898,588,1022,753,125,166,20750,0.019788742065429688,0.7530120481927711,0.93701171875,0.654296875,0.1220703125,0.162109375,train
222_0,222,0,2,surface_injure,0,459,566,703,831,245,266,65170,0.06215095520019531,0.9210526315789473,0.56689453125,0.681640625,0.2392578125,0.259765625,train
222_1,222,1,2,surface_injure,0,483,139,556,289,74,151,11174,0.010656356811523438,0.4900662251655629,0.5068359375,0.20849609375,0.072265625,0.1474609375,train
223_0,223,0,3,thunderstrike,0,394,458,573,728,180,271,48780,0.046520233154296875,0.6642066420664207,0.4716796875,0.57861328125,0.17578125,0.2646484375,train
224_0,224,0,5,hide_craze,0,12,660,845,930,834,271,226014,0.2155437469482422,3.077490774907749,0.41796875,0.77587890625,0.814453125,0.2646484375,test
225_0,225,0,4,crack,0,372,1,497,364,126,364,45864,0.04373931884765625,0.34615384615384615,0.423828125,0.177734375,0.123046875,0.35546875,validation
226_0,226,0,4,crack,0,961,466,1024,564,64,99,6336,0.00604248046875,0.6464646464646465,0.96875,0.50244140625,0.0625,0.0966796875,train
227_0,227,0,1,corrosion,0,494,766,558,1020,65,255,16575,0.015807151794433594,0.2549019607843137,0.51318359375,0.87158203125,0.0634765625,0.2490234375,train
228_0,228,0,5,hide_craze,0,312,320,389,399,78,80,6240,0.005950927734375,0.975,0.341796875,0.3505859375,0.076171875,0.078125,test
228_1,228,1,5,hide_craze,0,527,519,653,627,127,109,13843,0.013201713562011719,1.165137614678899,0.57568359375,0.55908203125,0.1240234375,0.1064453125,test
229_0,229,0,4,crack,0,334,30,644,411,311,382,118802,0.11329841613769531,0.8141361256544503,0.47705078125,0.21484375,0.3037109375,0.373046875,train
230_0,230,0,1,corrosion,0,234,470,342,1010,109,541,58969,0.056237220764160156,0.20147874306839186,0.28076171875,0.72216796875,0.1064453125,0.5283203125,validation
230_1,230,1,1,corrosion,0,311,14,430,460,120,447,53640,0.05115509033203125,0.2684563758389262,0.361328125,0.23095703125,0.1171875,0.4365234375,validation
231_0,231,0,4,crack,0,628,417,867,577,240,161,38640,0.0368499755859375,1.4906832298136645,0.7294921875,0.48486328125,0.234375,0.1572265625,train
232_0,232,0,3,thunderstrike,0,675,280,787,322,113,43,4859,0.004633903503417969,2.627906976744186,0.71337890625,0.29345703125,0.1103515625,0.0419921875,train
234_0,234,0,2,surface_injure,0,370,414,545,631,176,218,38368,0.036590576171875,0.8073394495412844,0.4462890625,0.509765625,0.171875,0.212890625,test
234_1,234,1,5,hide_craze,0,200,95,372,466,173,372,64356,0.061374664306640625,0.4650537634408602,0.27880859375,0.2734375,0.1689453125,0.36328125,test
234_2,234,2,5,hide_craze,0,394,161,648,377,255,217,55335,0.052771568298339844,1.1751152073732718,0.50830078125,0.26220703125,0.2490234375,0.2119140625,test
234_3,234,3,5,hide_craze,0,512,667,675,822,164,156,25584,0.0243988037109375,1.0512820512820513,0.5791015625,0.7265625,0.16015625,0.15234375,test
234_4,234,4,5,hide_craze,0,521,354,770,486,250,133,33250,0.03170967102050781,1.8796992481203008,0.6298828125,0.40966796875,0.244140625,0.1298828125,test
236_0,236,0,0,craze,0,122,203,287,294,166,92,15272,0.01456451416015625,1.8043478260869565,0.19921875,0.2421875,0.162109375,0.08984375,train
236_1,236,1,0,craze,0,756,642,900,749,145,108,15660,0.014934539794921875,1.3425925925925926,0.80810546875,0.6787109375,0.1416015625,0.10546875,train
237_0,237,0,2,surface_injure,0,216,491,252,533,37,43,1591,0.0015172958374023438,0.8604651162790697,0.22802734375,0.49951171875,0.0361328125,0.0419921875,train
237_1,237,1,5,hide_craze,0,359,444,664,492,306,49,14994,0.014299392700195312,6.244897959183674,0.4990234375,0.45654296875,0.298828125,0.0478515625,train
238_0,238,0,4,crack,0,106,172,294,316,189,145,27405,0.02613544464111328,1.303448275862069,0.19482421875,0.23779296875,0.1845703125,0.1416015625,test
238_1,238,1,4,crack,0,578,49,767,206,190,158,30020,0.028629302978515625,1.2025316455696202,0.65625,0.1240234375,0.185546875,0.154296875,test
239_0,239,0,1,corrosion,0,5,461,509,570,505,110,55550,0.05297660827636719,4.590909090909091,0.25048828125,0.5029296875,0.4931640625,0.107421875,train
239_1,239,1,1,corrosion,0,530,441,1022,510,493,70,34510,0.03291130065917969,7.042857142857143,0.75732421875,0.4638671875,0.4814453125,0.068359375,train
240_0,240,0,5,hide_craze,0,6,708,173,889,168,182,30576,0.0291595458984375,0.9230769230769231,0.0869140625,0.779296875,0.1640625,0.177734375,train
240_1,240,1,5,hide_craze,0,314,472,358,703,45,232,10440,0.00995635986328125,0.1939655172413793,0.32763671875,0.5732421875,0.0439453125,0.2265625,train
240_2,240,2,5,hide_craze,0,539,664,580,853,42,190,7980,0.007610321044921875,0.22105263157894736,0.5458984375,0.740234375,0.041015625,0.185546875,train
240_3,240,3,5,hide_craze,0,511,610,1016,666,506,57,28842,0.027505874633789062,8.87719298245614,0.7451171875,0.62255859375,0.494140625,0.0556640625,train
241_0,241,0,5,hide_craze,0,614,813,797,852,184,40,7360,0.00701904296875,4.6,0.6884765625,0.8125,0.1796875,0.0390625,train
242_0,242,0,0,craze,0,37,155,580,411,544,257,139808,0.133331298828125,2.1167315175097277,0.30078125,0.27587890625,0.53125,0.2509765625,train
242_1,242,1,0,craze,0,619,328,997,628,379,301,114079,0.1087942123413086,1.2591362126245846,0.78857421875,0.46630859375,0.3701171875,0.2939453125,train
243_0,243,0,0,craze,0,542,402,653,780,112,379,42448,0.0404815673828125,0.2955145118733509,0.5830078125,0.57666015625,0.109375,0.3701171875,validation
244_0,244,0,5,hide_craze,0,725,411,866,472,142,62,8804,0.008396148681640625,2.2903225806451615,0.7763671875,0.4306640625,0.138671875,0.060546875,train
246_0,246,0,2,surface_injure,0,587,772,662,833,76,62,4712,0.00449371337890625,1.2258064516129032,0.609375,0.783203125,0.07421875,0.060546875,validation
247_0,247,0,2,surface_injure,0,266,824,758,980,493,157,77401,0.07381534576416016,3.140127388535032,0.49951171875,0.88037109375,0.4814453125,0.1533203125,train
248_0,248,0,1,corrosion,0,464,604,795,1010,332,407,135124,0.12886428833007812,0.8157248157248157,0.6142578125,0.78759765625,0.32421875,0.3974609375,validation
248_1,248,1,1,corrosion,0,327,60,650,594,324,535,173340,0.16530990600585938,0.6056074766355141,0.4765625,0.31884765625,0.31640625,0.5224609375,validation
250_0,250,0,4,crack,0,678,286,819,530,142,245,34790,0.03317832946777344,0.5795918367346938,0.73046875,0.39794921875,0.138671875,0.2392578125,test
251_0,251,0,0,craze,0,28,553,403,860,376,308,115808,0.110443115234375,1.2207792207792207,0.2099609375,0.689453125,0.3671875,0.30078125,train
251_1,251,1,0,craze,0,417,177,784,627,368,451,165968,0.1582794189453125,0.8159645232815964,0.5859375,0.39208984375,0.359375,0.4404296875,train
251_2,251,2,0,craze,0,780,10,1023,161,244,152,37088,0.035369873046875,1.605263157894737,0.8798828125,0.0830078125,0.23828125,0.1484375,train
252_0,252,0,4,crack,0,469,105,561,174,93,70,6510,0.0062084197998046875,1.3285714285714285,0.50244140625,0.1357421875,0.0908203125,0.068359375,test
254_0,254,0,5,hide_craze,0,330,424,594,480,265,57,15105,0.014405250549316406,4.649122807017544,0.45068359375,0.44091796875,0.2587890625,0.0556640625,validation
255_0,255,0,2,surface_injure,0,422,83,578,963,157,881,138317,0.13190937042236328,0.1782065834279228,0.48779296875,0.51025390625,0.1533203125,0.8603515625,test
255_1,255,1,2,surface_injure,0,228,688,295,786,68,99,6732,0.006420135498046875,0.6868686868686869,0.2548828125,0.71923828125,0.06640625,0.0966796875,test
257_0,257,0,2,surface_injure,0,344,405,525,805,182,401,72982,0.06960105895996094,0.4538653366583541,0.423828125,0.59033203125,0.177734375,0.3916015625,test
257_1,257,1,2,surface_injure,0,403,814,677,1024,275,211,58025,0.055336952209472656,1.3033175355450237,0.52685546875,0.89697265625,0.2685546875,0.2060546875,test
258_0,258,0,0,craze,0,223,281,800,602,578,322,186116,0.17749404907226562,1.795031055900621,0.4990234375,0.4306640625,0.564453125,0.314453125,train
259_0,259,0,2,surface_injure,0,695,247,972,361,278,115,31970,0.030488967895507812,2.417391304347826,0.8134765625,0.29638671875,0.271484375,0.1123046875,train
260_0,260,0,0,craze,0,253,95,756,500,504,406,204624,0.1951446533203125,1.2413793103448276,0.4921875,0.2900390625,0.4921875,0.396484375,train
261_0,261,0,0,craze,0,25,450,997,649,973,200,194600,0.18558502197265625,4.865,0.49853515625,0.5361328125,0.9501953125,0.1953125,train
262_0,262,0,5,hide_craze,0,308,16,350,1019,43,1004,43172,0.041172027587890625,0.04282868525896414,0.32080078125,0.5048828125,0.0419921875,0.98046875,train
265_0,265,0,1,corrosion,0,23,424,737,511,715,88,62920,0.06000518798828125,8.125,0.37060546875,0.4560546875,0.6982421875,0.0859375,train
265_1,265,1,1,corrosion,0,836,438,986,481,151,44,6644,0.006336212158203125,3.4318181818181817,0.88916015625,0.4482421875,0.1474609375,0.04296875,train
266_0,266,0,1,corrosion,0,202,89,367,655,166,567,94122,0.08976173400878906,0.2927689594356261,0.27734375,0.36279296875,0.162109375,0.5537109375,train
266_1,266,1,1,corrosion,0,266,777,361,1013,96,237,22752,0.021697998046875,0.4050632911392405,0.3056640625,0.87353515625,0.09375,0.2314453125,train
267_0,267,0,0,craze,0,47,1,817,625,771,625,481875,0.4595518112182617,1.2336,0.42138671875,0.30517578125,0.7529296875,0.6103515625,train
267_1,267,1,0,craze,0,200,653,534,881,335,229,76715,0.07316112518310547,1.462882096069869,0.35791015625,0.74853515625,0.3271484375,0.2236328125,train
268_0,268,0,5,hide_craze,0,89,463,383,506,295,44,12980,0.012378692626953125,6.704545454545454,0.22998046875,0.47265625,0.2880859375,0.04296875,train
268_1,268,1,5,hide_craze,0,689,355,986,422,298,68,20264,0.01932525634765625,4.382352941176471,0.8173828125,0.37890625,0.291015625,0.06640625,train
269_0,269,0,4,crack,0,445,67,567,836,123,770,94710,0.09032249450683594,0.15974025974025974,0.49365234375,0.4404296875,0.1201171875,0.751953125,test
270_0,270,0,0,craze,0,273,306,637,517,365,212,77380,0.07379531860351562,1.721698113207547,0.44384765625,0.4013671875,0.3564453125,0.20703125,train
272_0,272,0,1,corrosion,0,8,467,503,663,496,197,97712,0.0931854248046875,2.517766497461929,0.2490234375,0.55126953125,0.484375,0.1923828125,train
272_1,272,1,1,corrosion,0,511,374,1017,558,507,185,93795,0.08944988250732422,2.7405405405405405,0.74560546875,0.45458984375,0.4951171875,0.1806640625,train
273_0,273,0,3,thunderstrike,0,517,510,737,591,221,82,18122,0.017282485961914062,2.6951219512195124,0.61181640625,0.537109375,0.2158203125,0.080078125,test
273_1,273,1,2,surface_injure,0,273,383,370,444,98,62,6076,0.005794525146484375,1.5806451612903225,0.3134765625,0.4033203125,0.095703125,0.060546875,test
276_0,276,0,5,hide_craze,0,1,222,480,313,480,92,44160,0.0421142578125,5.217391304347826,0.234375,0.2607421875,0.46875,0.08984375,test
276_1,276,1,5,hide_craze,0,498,310,842,380,345,71,24495,0.023360252380371094,4.859154929577465,0.65380859375,0.33642578125,0.3369140625,0.0693359375,test
277_0,277,0,4,crack,0,262,339,306,564,45,226,10170,0.009698867797851562,0.19911504424778761,0.27685546875,0.4404296875,0.0439453125,0.220703125,train
277_1,277,1,4,crack,0,456,199,620,483,165,285,47025,0.044846534729003906,0.5789473684210527,0.52490234375,0.33251953125,0.1611328125,0.2783203125,train
278_0,278,0,1,corrosion,0,200,47,516,513,317,467,148039,0.14118099212646484,0.6788008565310493,0.34912109375,0.27294921875,0.3095703125,0.4560546875,train
278_1,278,1,1,corrosion,0,527,430,852,955,326,526,171476,0.16353225708007812,0.6197718631178707,0.6728515625,0.67578125,0.318359375,0.513671875,train
279_0,279,0,5,hide_craze,0,12,458,978,566,967,109,105403,0.10052013397216797,8.871559633027523,0.48291015625,0.49951171875,0.9443359375,0.1064453125,train
280_0,280,0,5,hide_craze,0,422,3,486,88,65,86,5590,0.0053310394287109375,0.7558139534883721,0.44287109375,0.0439453125,0.0634765625,0.083984375,train
281_0,281,0,5,hide_craze,0,416,222,912,272,497,51,25347,0.02417278289794922,9.745098039215685,0.64794921875,0.24072265625,0.4853515625,0.0498046875,train
281_1,281,1,5,hide_craze,0,856,2,995,1013,140,1012,141680,0.1351165771484375,0.1383399209486166,0.9033203125,0.4951171875,0.13671875,0.98828125,train
282_0,282,0,1,corrosion,0,1,153,302,585,302,433,130766,0.12470817565917969,0.6974595842956121,0.1474609375,0.35986328125,0.294921875,0.4228515625,train
282_1,282,1,1,corrosion,0,623,510,1000,1013,378,504,190512,0.1816864013671875,0.75,0.7919921875,0.7431640625,0.369140625,0.4921875,train
282_2,282,2,1,corrosion,0,309,439,620,914,312,476,148512,0.141632080078125,0.6554621848739496,0.453125,0.66015625,0.3046875,0.46484375,train
283_0,283,0,2,surface_injure,0,652,547,705,591,54,45,2430,0.0023174285888671875,1.2,0.662109375,0.55517578125,0.052734375,0.0439453125,train
283_1,283,1,5,hide_craze,0,48,594,486,649,439,56,24584,0.02344512939453125,7.839285714285714,0.26025390625,0.6064453125,0.4287109375,0.0546875,train
284_0,284,0,5,hide_craze,0,695,330,755,775,61,446,27206,0.025945663452148438,0.1367713004484305,0.70751953125,0.5390625,0.0595703125,0.435546875,test
285_0,285,0,2,surface_injure,0,664,2,1024,225,361,224,80864,0.077117919921875,1.6116071428571428,0.82373046875,0.1103515625,0.3525390625,0.21875,test
285_1,285,1,2,surface_injure,0,998,664,1024,988,27,325,8775,0.008368492126464844,0.08307692307692308,0.98681640625,0.80615234375,0.0263671875,0.3173828125,test
286_0,286,0,5,hide_craze,0,8,410,787,605,780,196,152880,0.1457977294921875,3.979591836734694,0.3876953125,0.4951171875,0.76171875,0.19140625,train
287_0,287,0,2,surface_injure,0,1,95,336,624,336,530,178080,0.169830322265625,0.6339622641509434,0.1640625,0.3505859375,0.328125,0.517578125,train
288_0,288,0,2,surface_injure,0,283,102,634,399,352,298,104896,0.10003662109375,1.1812080536912752,0.447265625,0.244140625,0.34375,0.291015625,train
289_0,289,0,0,craze,0,103,24,452,302,350,279,97650,0.09312629699707031,1.2544802867383513,0.2705078125,0.15869140625,0.341796875,0.2724609375,train
289_1,289,1,0,craze,0,459,263,731,541,273,279,76167,0.07263851165771484,0.978494623655914,0.58056640625,0.39208984375,0.2666015625,0.2724609375,train
289_2,289,2,0,craze,0,753,527,937,702,185,176,32560,0.0310516357421875,1.0511363636363635,0.82470703125,0.599609375,0.1806640625,0.171875,train
290_0,290,0,3,thunderstrike,0,112,853,331,977,220,125,27500,0.026226043701171875,1.76,0.2158203125,0.89306640625,0.21484375,0.1220703125,train
291_0,291,0,1,corrosion,0,486,6,680,935,195,930,181350,0.17294883728027344,0.20967741935483872,0.56884765625,0.458984375,0.1904296875,0.908203125,train
292_0,292,0,4,crack,0,130,349,308,675,179,327,58533,0.05582141876220703,0.5474006116207951,0.21337890625,0.49951171875,0.1748046875,0.3193359375,train
293_0,293,0,5,hide_craze,0,409,489,566,630,158,142,22436,0.021396636962890625,1.1126760563380282,0.4755859375,0.5458984375,0.154296875,0.138671875,train
294_0,294,0,1,corrosion,0,14,478,1014,963,1001,486,486486,0.46394920349121094,2.0596707818930042,0.50146484375,0.703125,0.9775390625,0.474609375,train
295_0,295,0,2,surface_injure,0,5,550,375,958,371,409,151739,0.14470958709716797,0.9070904645476773,0.18505859375,0.73583984375,0.3623046875,0.3994140625,train
295_1,295,1,2,surface_injure,0,398,452,1011,735,614,284,174376,0.16629791259765625,2.1619718309859155,0.6875,0.5791015625,0.599609375,0.27734375,train
297_0,297,0,4,crack,0,327,344,406,563,80,220,17600,0.01678466796875,0.36363636363636365,0.357421875,0.4423828125,0.078125,0.21484375,train
297_1,297,1,4,crack,0,592,200,794,477,203,278,56434,0.05381965637207031,0.7302158273381295,0.67626953125,0.330078125,0.1982421875,0.271484375,train
299_0,299,0,2,surface_injure,0,230,360,547,713,318,354,112572,0.10735702514648438,0.8983050847457628,0.37890625,0.5234375,0.310546875,0.345703125,train
299_1,299,1,5,hide_craze,0,1,138,217,491,217,354,76818,0.07325935363769531,0.6129943502824858,0.10595703125,0.306640625,0.2119140625,0.345703125,train
299_2,299,2,5,hide_craze,0,181,1,764,278,584,278,162352,0.1548309326171875,2.1007194244604315,0.4609375,0.1357421875,0.5703125,0.271484375,train
299_3,299,3,5,hide_craze,0,566,535,716,761,151,227,34277,0.03268909454345703,0.6651982378854625,0.62548828125,0.63232421875,0.1474609375,0.2216796875,train
299_4,299,4,5,hide_craze,0,511,741,773,1024,263,284,74692,0.07123184204101562,0.926056338028169,0.62646484375,0.861328125,0.2568359375,0.27734375,train
300_0,300,0,5,hide_craze,0,589,20,678,1016,90,997,89730,0.08557319641113281,0.09027081243731194,0.6181640625,0.50537109375,0.087890625,0.9736328125,validation
301_0,301,0,2,surface_injure,0,373,703,1020,841,648,139,90072,0.08589935302734375,4.661870503597123,0.6796875,0.75341796875,0.6328125,0.1357421875,train
302_0,302,0,1,corrosion,0,395,553,559,1005,165,453,74745,0.07128238677978516,0.36423841059602646,0.46533203125,0.76025390625,0.1611328125,0.4423828125,train
302_1,302,1,1,corrosion,0,456,195,553,545,98,351,34398,0.03280448913574219,0.2792022792022792,0.4921875,0.36083984375,0.095703125,0.3427734375,train
303_0,303,0,0,craze,0,317,127,1023,881,707,755,533785,0.5090570449829102,0.9364238410596026,0.65380859375,0.49169921875,0.6904296875,0.7373046875,train
303_1,303,1,0,craze,0,64,242,289,519,226,278,62828,0.059917449951171875,0.8129496402877698,0.171875,0.37109375,0.220703125,0.271484375,train
304_0,304,0,3,thunderstrike,0,434,502,652,880,219,379,83001,0.07915592193603516,0.5778364116094987,0.52978515625,0.67431640625,0.2138671875,0.3701171875,train
306_0,306,0,0,craze,0,284,372,686,514,403,143,57629,0.05495929718017578,2.8181818181818183,0.47314453125,0.43212890625,0.3935546875,0.1396484375,train
308_0,308,0,5,hide_craze,0,370,563,477,752,108,190,20520,0.01956939697265625,0.5684210526315789,0.4130859375,0.6416015625,0.10546875,0.185546875,train
308_1,308,1,5,hide_craze,0,603,183,728,385,126,203,25578,0.024393081665039062,0.6206896551724138,0.6494140625,0.27685546875,0.123046875,0.1982421875,train
309_0,309,0,5,hide_craze,0,841,817,898,972,58,156,9048,0.00862884521484375,0.3717948717948718,0.8486328125,0.873046875,0.056640625,0.15234375,train
310_0,310,0,4,crack,0,431,38,541,619,111,582,64602,0.06160926818847656,0.19072164948453607,0.47412109375,0.3203125,0.1083984375,0.568359375,train
311_0,311,0,2,surface_injure,0,173,445,208,492,36,48,1728,0.00164794921875,0.75,0.185546875,0.45703125,0.03515625,0.046875,train
311_1,311,1,2,surface_injure,0,319,481,372,525,54,45,2430,0.0023174285888671875,1.2,0.3369140625,0.49072265625,0.052734375,0.0439453125,train
311_2,311,2,2,surface_injure,0,316,606,342,638,27,33,891,0.0008497238159179688,0.8181818181818182,0.32080078125,0.60693359375,0.0263671875,0.0322265625,train
311_3,311,3,2,surface_injure,0,444,561,481,597,38,37,1406,0.0013408660888671875,1.027027027027027,0.451171875,0.56494140625,0.037109375,0.0361328125,train
311_4,311,4,2,surface_injure,0,558,506,639,630,82,125,10250,0.009775161743164062,0.656,0.583984375,0.55419921875,0.080078125,0.1220703125,train
311_5,311,5,2,surface_injure,0,712,574,830,691,119,118,14042,0.013391494750976562,1.0084745762711864,0.75244140625,0.6171875,0.1162109375,0.115234375,train
312_0,312,0,0,craze,0,395,58,703,495,309,438,135342,0.1290721893310547,0.7054794520547946,0.53564453125,0.26953125,0.3017578125,0.427734375,train
312_1,312,1,0,craze,0,562,520,627,1013,66,494,32604,0.031093597412109375,0.13360323886639677,0.580078125,0.748046875,0.064453125,0.482421875,train
313_0,313,0,1,corrosion,0,159,324,528,428,370,105,38850,0.03705024719238281,3.5238095238095237,0.3349609375,0.36669921875,0.361328125,0.1025390625,train
313_1,313,1,1,corrosion,0,542,270,908,374,367,105,38535,0.036749839782714844,3.4952380952380953,0.70751953125,0.31396484375,0.3583984375,0.1025390625,train
314_0,314,0,2,surface_injure,0,523,699,627,972,105,274,28770,0.027437210083007812,0.38321167883211676,0.56103515625,0.8154296875,0.1025390625,0.267578125,validation
314_1,314,1,2,surface_injure,0,609,594,655,667,47,74,3478,0.0033168792724609375,0.6351351351351351,0.61669921875,0.615234375,0.0458984375,0.072265625,validation
315_0,315,0,4,crack,0,377,367,753,574,377,208,78416,0.0747833251953125,1.8125,0.55126953125,0.458984375,0.3681640625,0.203125,train
316_0,316,0,3,thunderstrike,0,550,283,722,536,173,254,43942,0.04190635681152344,0.6811023622047244,0.62060546875,0.3994140625,0.1689453125,0.248046875,train
317_0,317,0,1,corrosion,0,48,153,517,644,470,492,231240,0.22052764892578125,0.9552845528455285,0.275390625,0.388671875,0.458984375,0.48046875,train
317_1,317,1,1,corrosion,0,558,6,983,411,426,406,172956,0.16494369506835938,1.0492610837438423,0.751953125,0.203125,0.416015625,0.396484375,train
318_0,318,0,4,crack,0,684,261,773,764,90,504,45360,0.0432586669921875,0.17857142857142858,0.7109375,0.5,0.087890625,0.4921875,test
321_0,321,0,1,corrosion,0,500,8,873,1008,374,1001,374374,0.35703086853027344,0.37362637362637363,0.669921875,0.49560546875,0.365234375,0.9775390625,train
322_0,322,0,1,corrosion,0,402,30,656,989,255,960,244800,0.23345947265625,0.265625,0.51611328125,0.4970703125,0.2490234375,0.9375,test
323_0,323,0,1,corrosion,0,173,752,356,875,184,124,22816,0.021759033203125,1.4838709677419355,0.2578125,0.7939453125,0.1796875,0.12109375,test
324_0,324,0,2,surface_injure,0,492,710,811,794,320,85,27200,0.02593994140625,3.764705882352941,0.6357421875,0.73388671875,0.3125,0.0830078125,train
325_0,325,0,2,surface_injure,0,106,756,344,875,239,120,28680,0.02735137939453125,1.9916666666666667,0.21923828125,0.7958984375,0.2333984375,0.1171875,train
325_1,325,1,2,surface_injure,0,211,406,622,735,412,330,135960,0.12966156005859375,1.2484848484848485,0.40625,0.556640625,0.40234375,0.322265625,train
325_2,325,2,2,surface_injure,0,502,27,828,395,327,369,120663,0.11507320404052734,0.8861788617886179,0.64892578125,0.20556640625,0.3193359375,0.3603515625,train
326_0,326,0,2,surface_injure,0,418,314,540,373,123,60,7380,0.007038116455078125,2.05,0.46728515625,0.3349609375,0.1201171875,0.05859375,test
326_1,326,1,0,craze,0,13,324,403,465,391,142,55522,0.05294990539550781,2.7535211267605635,0.20263671875,0.384765625,0.3818359375,0.138671875,test
327_0,327,0,2,surface_injure,0,312,455,647,922,336,468,157248,0.14996337890625,0.717948717948718,0.4677734375,0.671875,0.328125,0.45703125,train
329_0,329,0,5,hide_craze,0,600,16,706,1016,107,1001,107107,0.10214519500732422,0.1068931068931069,0.63720703125,0.50341796875,0.1044921875,0.9775390625,train
330_0,330,0,0,craze,0,309,22,786,466,478,445,212710,0.20285606384277344,1.0741573033707865,0.5341796875,0.23779296875,0.466796875,0.4345703125,train
331_0,331,0,2,surface_injure,0,175,467,278,538,104,72,7488,0.00714111328125,1.4444444444444444,0.220703125,0.490234375,0.1015625,0.0703125,validation
331_1,331,1,2,surface_injure,0,183,683,228,727,46,45,2070,0.0019741058349609375,1.0222222222222221,0.2001953125,0.68798828125,0.044921875,0.0439453125,validation
331_2,331,2,2,surface_injure,0,406,588,464,666,59,79,4661,0.004445075988769531,0.7468354430379747,0.42431640625,0.61181640625,0.0576171875,0.0771484375,validation
331_3,331,3,2,surface_injure,0,586,508,722,705,137,198,27126,0.025869369506835938,0.6919191919191919,0.63818359375,0.591796875,0.1337890625,0.193359375,validation
331_4,331,4,2,surface_injure,0,848,616,1024,810,177,195,34515,0.03291606903076172,0.9076923076923077,0.91357421875,0.69580078125,0.1728515625,0.1904296875,validation
332_0,332,0,2,surface_injure,0,306,86,1017,294,712,209,148808,0.14191436767578125,3.4066985645933014,0.6455078125,0.18505859375,0.6953125,0.2041015625,test
333_0,333,0,3,thunderstrike,0,103,163,258,460,156,298,46488,0.04433441162109375,0.5234899328859061,0.17578125,0.3037109375,0.15234375,0.291015625,train
334_0,334,0,2,surface_injure,0,839,886,894,933,56,48,2688,0.0025634765625,1.1666666666666667,0.845703125,0.8876953125,0.0546875,0.046875,train
336_0,336,0,3,thunderstrike,0,655,499,708,599,54,101,5454,0.0052013397216796875,0.5346534653465347,0.6650390625,0.53564453125,0.052734375,0.0986328125,train
337_0,337,0,2,surface_injure,0,303,16,591,336,289,321,92769,0.0884714126586914,0.9003115264797508,0.43603515625,0.17138671875,0.2822265625,0.3134765625,train
338_0,338,0,4,crack,0,481,219,819,400,339,182,61698,0.05883979797363281,1.8626373626373627,0.63427734375,0.3017578125,0.3310546875,0.177734375,validation
339_0,339,0,1,corrosion,0,17,488,917,580,901,93,83793,0.0799112319946289,9.688172043010752,0.45556640625,0.52099609375,0.8798828125,0.0908203125,train
340_0,340,0,1,corrosion,0,2,217,412,317,411,101,41511,0.039587974548339844,4.069306930693069,0.20166015625,0.26025390625,0.4013671875,0.0986328125,train
340_1,340,1,1,corrosion,0,428,281,881,428,454,148,67192,0.06407928466796875,3.0675675675675675,0.638671875,0.345703125,0.443359375,0.14453125,train
342_0,342,0,2,surface_injure,0,97,236,314,553,218,318,69324,0.06611251831054688,0.6855345911949685,0.2001953125,0.384765625,0.212890625,0.310546875,train
344_0,344,0,4,crack,0,741,10,844,367,104,358,37232,0.0355072021484375,0.2905027932960894,0.7734375,0.18359375,0.1015625,0.349609375,train
345_0,345,0,2,surface_injure,0,495,863,533,910,39,48,1872,0.0017852783203125,0.8125,0.50146484375,0.865234375,0.0380859375,0.046875,train
345_1,345,1,5,hide_craze,0,439,314,483,714,45,401,18045,0.01720905303955078,0.11221945137157108,0.44970703125,0.50146484375,0.0439453125,0.3916015625,train
346_0,346,0,1,corrosion,0,389,10,764,1022,376,1013,380888,0.36324310302734375,0.3711747285291214,0.5625,0.50341796875,0.3671875,0.9892578125,validation
347_0,347,0,0,craze,0,502,130,920,999,419,870,364530,0.3476428985595703,0.48160919540229885,0.69384765625,0.55078125,0.4091796875,0.849609375,validation
350_0,350,0,5,hide_craze,0,478,370,544,685,67,316,21172,0.020191192626953125,0.2120253164556962,0.49853515625,0.5146484375,0.0654296875,0.30859375,train
351_0,351,0,5,hide_craze,0,108,338,167,608,60,271,16260,0.015506744384765625,0.22140221402214022,0.1337890625,0.46142578125,0.05859375,0.2646484375,train
351_1,351,1,5,hide_craze,0,103,610,609,827,507,218,110526,0.10540580749511719,2.3256880733944953,0.34716796875,0.701171875,0.4951171875,0.212890625,train
351_2,351,2,0,craze,0,642,466,973,925,332,460,152720,0.1456451416015625,0.7217391304347827,0.7880859375,0.6787109375,0.32421875,0.44921875,train
354_0,354,0,0,craze,0,286,381,477,566,192,186,35712,0.0340576171875,1.032258064516129,0.3720703125,0.4619140625,0.1875,0.181640625,train
356_0,356,0,3,thunderstrike,0,311,705,617,870,307,166,50962,0.04860115051269531,1.8493975903614457,0.45263671875,0.7685546875,0.2998046875,0.162109375,train
357_0,357,0,2,surface_injure,0,697,244,986,356,290,113,32770,0.03125190734863281,2.566371681415929,0.8212890625,0.29248046875,0.283203125,0.1103515625,train
358_0,358,0,0,craze,0,537,236,731,411,195,176,34320,0.0327301025390625,1.1079545454545454,0.61865234375,0.3154296875,0.1904296875,0.171875,train
360_0,360,0,2,surface_injure,0,555,194,634,652,80,459,36720,0.0350189208984375,0.17429193899782136,0.580078125,0.41259765625,0.078125,0.4482421875,train
362_0,362,0,5,hide_craze,0,578,1,816,283,239,283,67637,0.06450366973876953,0.8445229681978799,0.68017578125,0.13818359375,0.2333984375,0.2763671875,validation
363_0,363,0,2,surface_injure,0,312,258,662,819,351,562,197262,0.1881237030029297,0.6245551601423488,0.47509765625,0.525390625,0.3427734375,0.548828125,test
364_0,364,0,5,hide_craze,0,287,10,350,867,64,858,54912,0.0523681640625,0.07459207459207459,0.310546875,0.427734375,0.0625,0.837890625,train
365_0,365,0,4,crack,0,709,355,862,639,154,285,43890,0.04185676574707031,0.5403508771929825,0.7666015625,0.48486328125,0.150390625,0.2783203125,train
367_0,367,0,4,crack,0,334,328,803,805,470,478,224660,0.21425247192382812,0.9832635983263598,0.5546875,0.552734375,0.458984375,0.466796875,train
368_0,368,0,1,corrosion,0,231,45,396,958,166,914,151724,0.14469528198242188,0.18161925601750548,0.3056640625,0.4892578125,0.162109375,0.892578125,train
369_0,369,0,2,surface_injure,0,752,3,1024,325,273,323,88179,0.08409404754638672,0.8452012383900929,0.86669921875,0.15966796875,0.2666015625,0.3154296875,train
370_0,370,0,1,corrosion,0,34,195,278,411,245,217,53165,0.05070209503173828,1.1290322580645162,0.15185546875,0.29541015625,0.2392578125,0.2119140625,test
370_1,370,1,1,corrosion,0,302,395,514,650,213,256,54528,0.052001953125,0.83203125,0.39794921875,0.509765625,0.2080078125,0.25,test
370_2,370,2,1,corrosion,0,534,555,877,864,344,310,106640,0.1016998291015625,1.1096774193548387,0.6884765625,0.6923828125,0.3359375,0.302734375,test
371_0,371,0,1,corrosion,0,572,5,608,461,37,457,16909,0.01612567901611328,0.08096280087527352,0.57568359375,0.22705078125,0.0361328125,0.4462890625,validation
372_0,372,0,5,hide_craze,0,56,647,634,702,579,56,32424,0.03092193603515625,10.339285714285714,0.33642578125,0.658203125,0.5654296875,0.0546875,train
373_0,373,0,1,corrosion,0,39,425,969,516,931,92,85652,0.08168411254882812,10.119565217391305,0.49169921875,0.458984375,0.9091796875,0.08984375,test
374_0,374,0,5,hide_craze,0,489,433,820,725,332,293,97276,0.09276962280273438,1.1331058020477816,0.638671875,0.56494140625,0.32421875,0.2861328125,train
375_0,375,0,1,corrosion,0,458,355,617,999,160,645,103200,0.098419189453125,0.24806201550387597,0.5244140625,0.66064453125,0.15625,0.6298828125,train
376_0,376,0,5,hide_craze,0,352,216,387,389,36,174,6264,0.00597381591796875,0.20689655172413793,0.3603515625,0.294921875,0.03515625,0.169921875,train
376_1,376,1,5,hide_craze,0,366,397,831,533,466,137,63842,0.06088447570800781,3.4014598540145986,0.583984375,0.45361328125,0.455078125,0.1337890625,train
376_2,376,2,0,craze,0,861,374,1019,514,159,141,22419,0.02138042449951172,1.127659574468085,0.91748046875,0.43310546875,0.1552734375,0.1376953125,train
377_0,377,0,0,craze,0,14,55,552,794,539,740,398860,0.3803825378417969,0.7283783783783784,0.27587890625,0.4140625,0.5263671875,0.72265625,train
379_0,379,0,5,hide_craze,0,2,336,420,727,419,392,164248,0.15663909912109375,1.0688775510204083,0.20556640625,0.5185546875,0.4091796875,0.3828125,test
379_1,379,1,5,hide_craze,0,442,747,827,1024,386,278,107308,0.10233688354492188,1.3884892086330936,0.619140625,0.8642578125,0.376953125,0.271484375,test
380_0,380,0,0,craze,0,33,350,762,567,730,218,159140,0.15176773071289062,3.3486238532110093,0.3876953125,0.447265625,0.712890625,0.212890625,train
381_0,381,0,4,crack,0,472,136,562,269,91,134,12194,0.011629104614257812,0.6791044776119403,0.50439453125,0.197265625,0.0888671875,0.130859375,train
382_0,382,0,5,hide_craze,0,255,205,297,386,43,182,7826,0.0074634552001953125,0.23626373626373626,0.26904296875,0.2880859375,0.0419921875,0.177734375,validation
382_1,382,1,5,hide_craze,0,272,395,647,527,376,133,50008,0.04769134521484375,2.827067669172932,0.4482421875,0.44970703125,0.3671875,0.1298828125,validation
382_2,382,2,0,craze,0,661,302,872,589,212,288,61056,0.0582275390625,0.7361111111111112,0.748046875,0.4345703125,0.20703125,0.28125,validation
383_0,383,0,0,craze,0,281,585,939,924,659,340,224060,0.21368026733398438,1.938235294117647,0.59521484375,0.736328125,0.6435546875,0.33203125,train
384_0,384,0,1,corrosion,0,420,6,639,972,220,967,212740,0.20288467407226562,0.22750775594622544,0.5166015625,0.47705078125,0.21484375,0.9443359375,train
385_0,385,0,1,corrosion,0,245,461,442,689,198,229,45342,0.04324150085449219,0.8646288209606987,0.3349609375,0.56103515625,0.193359375,0.2236328125,train
385_1,385,1,3,thunderstrike,0,403,127,523,180,121,54,6534,0.0062313079833984375,2.240740740740741,0.45166015625,0.1494140625,0.1181640625,0.052734375,train
386_0,386,0,2,surface_injure,0,178,531,306,688,129,158,20382,0.019437789916992188,0.8164556962025317,0.23583984375,0.5947265625,0.1259765625,0.154296875,train
386_1,386,1,2,surface_injure,0,319,314,617,595,299,282,84318,0.08041191101074219,1.0602836879432624,0.45654296875,0.443359375,0.2919921875,0.275390625,train
386_2,386,2,2,surface_injure,0,636,142,967,392,332,251,83332,0.07947158813476562,1.3227091633466135,0.7822265625,0.26025390625,0.32421875,0.2451171875,train
387_0,387,0,0,craze,0,180,1,681,403,502,403,202306,0.1929340362548828,1.2456575682382134,0.419921875,0.19677734375,0.490234375,0.3935546875,train
388_0,388,0,5,hide_craze,0,625,878,852,925,228,48,10944,0.01043701171875,4.75,0.720703125,0.8798828125,0.22265625,0.046875,test
389_0,389,0,4,crack,0,773,478,884,547,112,70,7840,0.007476806640625,1.6,0.80859375,0.5,0.109375,0.068359375,test
390_0,390,0,1,corrosion,0,137,533,345,719,209,187,39083,0.03727245330810547,1.1176470588235294,0.23486328125,0.61083984375,0.2041015625,0.1826171875,test
391_0,391,0,4,crack,0,459,1,625,919,167,919,153473,0.1463632583618164,0.18171926006528835,0.52880859375,0.44873046875,0.1630859375,0.8974609375,train
392_0,392,0,0,craze,0,92,39,542,436,451,398,179498,0.17118263244628906,1.1331658291457287,0.30908203125,0.2314453125,0.4404296875,0.388671875,train
392_1,392,1,0,craze,0,525,510,719,703,195,194,37830,0.03607749938964844,1.0051546391752577,0.60693359375,0.591796875,0.1904296875,0.189453125,train
393_0,393,0,3,thunderstrike,0,264,95,669,311,406,217,88102,0.08402061462402344,1.8709677419354838,0.455078125,0.19775390625,0.396484375,0.2119140625,train
394_0,394,0,4,crack,0,272,320,634,775,363,456,165528,0.15785980224609375,0.7960526315789473,0.44189453125,0.5341796875,0.3544921875,0.4453125,test
395_0,395,0,4,crack,0,495,22,675,774,181,753,136293,0.12997913360595703,0.2403718459495352,0.57080078125,0.38818359375,0.1767578125,0.7353515625,train
397_0,397,0,4,crack,0,383,1,809,980,427,980,418460,0.3990745544433594,0.4357142857142857,0.58154296875,0.478515625,0.4169921875,0.95703125,train
398_0,398,0,5,hide_craze,0,253,206,286,395,34,190,6460,0.006160736083984375,0.17894736842105263,0.2626953125,0.29296875,0.033203125,0.185546875,train
398_1,398,1,5,hide_craze,0,269,405,662,527,394,123,48462,0.04621696472167969,3.203252032520325,0.4541015625,0.45458984375,0.384765625,0.1201171875,train
398_2,398,2,0,craze,0,675,302,884,589,210,288,60480,0.05767822265625,0.7291666666666666,0.7607421875,0.4345703125,0.205078125,0.28125,train
400_0,400,0,3,thunderstrike,0,364,347,677,688,314,342,107388,0.10241317749023438,0.9181286549707602,0.5078125,0.5048828125,0.306640625,0.333984375,train
400_1,400,1,2,surface_injure,0,203,92,741,330,539,239,128821,0.12285327911376953,2.2552301255230125,0.46044921875,0.20556640625,0.5263671875,0.2333984375,train
400_2,400,2,2,surface_injure,0,284,702,644,794,361,93,33573,0.03201770782470703,3.881720430107527,0.45263671875,0.72998046875,0.3525390625,0.0908203125,train
400_3,400,3,2,surface_injure,0,683,374,734,641,52,268,13936,0.0132904052734375,0.19402985074626866,0.69140625,0.4951171875,0.05078125,0.26171875,train
400_4,400,4,2,surface_injure,0,233,347,345,689,113,343,38759,0.036963462829589844,0.3294460641399417,0.28173828125,0.50537109375,0.1103515625,0.3349609375,train
401_0,401,0,4,crack,0,205,283,655,631,451,349,157399,0.15010738372802734,1.2922636103151863,0.41943359375,0.44580078125,0.4404296875,0.3408203125,train
403_0,403,0,4,crack,0,614,6,742,386,129,381,49149,0.04687213897705078,0.33858267716535434,0.66162109375,0.19091796875,0.1259765625,0.3720703125,train
403_1,403,1,4,crack,0,325,161,492,422,168,262,44016,0.0419769287109375,0.6412213740458015,0.3984375,0.2841796875,0.1640625,0.255859375,train
404_0,404,0,0,craze,0,102,581,1017,720,916,140,128240,0.1222991943359375,6.542857142857143,0.5458984375,0.634765625,0.89453125,0.13671875,train
405_0,405,0,1,corrosion,0,511,13,830,1016,320,1004,321280,0.306396484375,0.3187250996015936,0.654296875,0.501953125,0.3125,0.98046875,test
406_0,406,0,0,craze,0,244,241,570,461,327,221,72267,0.06891918182373047,1.4796380090497738,0.39697265625,0.34228515625,0.3193359375,0.2158203125,train
407_0,407,0,2,surface_injure,0,642,1,1024,464,383,464,177712,0.1694793701171875,0.8254310344827587,0.81298828125,0.2265625,0.3740234375,0.453125,test
408_0,408,0,1,corrosion,0,34,545,742,683,709,139,98551,0.09398555755615234,5.100719424460432,0.37841796875,0.59912109375,0.6923828125,0.1357421875,test
408_1,408,1,1,corrosion,0,753,374,1012,689,260,316,82160,0.0783538818359375,0.8227848101265823,0.861328125,0.5185546875,0.25390625,0.30859375,test
409_0,409,0,5,hide_craze,0,303,708,537,792,235,85,19975,0.019049644470214844,2.764705882352941,0.40966796875,0.73193359375,0.2294921875,0.0830078125,train
410_0,410,0,1,corrosion,0,12,347,486,438,475,92,43700,0.041675567626953125,5.163043478260869,0.24267578125,0.3828125,0.4638671875,0.08984375,test
410_1,410,1,1,corrosion,0,502,399,909,505,408,107,43656,0.04163360595703125,3.8130841121495327,0.6884765625,0.44091796875,0.3984375,0.1044921875,test
411_0,411,0,1,corrosion,0,28,439,423,486,396,48,19008,0.01812744140625,8.25,0.2197265625,0.451171875,0.38671875,0.046875,train
411_1,411,1,1,corrosion,0,441,445,991,553,551,109,60059,0.05727672576904297,5.055045871559633,0.69873046875,0.48681640625,0.5380859375,0.1064453125,train
412_0,412,0,2,surface_injure,0,30,145,552,355,523,211,110353,0.1052408218383789,2.4786729857819907,0.28369140625,0.24365234375,0.5107421875,0.2060546875,validation
412_1,412,1,2,surface_injure,0,572,319,1005,636,434,318,138012,0.13161849975585938,1.3647798742138364,0.76953125,0.4658203125,0.423828125,0.310546875,validation
413_0,413,0,2,surface_injure,0,517,167,566,222,50,56,2800,0.0026702880859375,0.8928571428571429,0.5283203125,0.189453125,0.048828125,0.0546875,train
413_1,413,1,2,surface_injure,0,503,264,564,325,62,62,3844,0.003665924072265625,1.0,0.5205078125,0.287109375,0.060546875,0.060546875,train
413_2,413,2,2,surface_injure,0,478,420,550,475,73,56,4088,0.00389862060546875,1.3035714285714286,0.50146484375,0.4365234375,0.0712890625,0.0546875,train
414_0,414,0,4,crack,0,722,519,936,880,215,362,77830,0.07422447204589844,0.5939226519337016,0.80908203125,0.6826171875,0.2099609375,0.353515625,train
415_0,415,0,2,surface_injure,0,658,575,711,703,54,129,6966,0.0066432952880859375,0.4186046511627907,0.66796875,0.62353515625,0.052734375,0.1259765625,train
415_1,415,1,0,craze,0,622,713,700,1024,79,312,24648,0.02350616455078125,0.2532051282051282,0.64501953125,0.84765625,0.0771484375,0.3046875,train
416_0,416,0,2,surface_injure,0,242,105,345,341,104,237,24648,0.02350616455078125,0.4388185654008439,0.2861328125,0.21728515625,0.1015625,0.2314453125,validation
417_0,417,0,5,hide_craze,0,534,752,694,892,161,141,22701,0.02164936065673828,1.1418439716312057,0.59912109375,0.80224609375,0.1572265625,0.1376953125,train
418_0,418,0,4,crack,0,775,483,883,542,109,60,6540,0.006237030029296875,1.8166666666666667,0.80908203125,0.5,0.1064453125,0.05859375,train
419_0,419,0,4,crack,0,448,153,775,819,328,667,218776,0.20864105224609375,0.4917541229385307,0.5966796875,0.47412109375,0.3203125,0.6513671875,train
420_0,420,0,5,hide_craze,0,756,685,791,839,36,155,5580,0.005321502685546875,0.23225806451612904,0.7548828125,0.74365234375,0.03515625,0.1513671875,validation
421_0,421,0,2,surface_injure,0,67,574,220,697,154,124,19096,0.01821136474609375,1.2419354838709677,0.1396484375,0.6201171875,0.150390625,0.12109375,train
421_1,421,1,2,surface_injure,0,336,514,420,630,85,117,9945,0.009484291076660156,0.7264957264957265,0.36865234375,0.55810546875,0.0830078125,0.1142578125,train
422_0,422,0,5,hide_craze,0,441,475,825,500,385,26,10010,0.009546279907226562,14.807692307692308,0.61767578125,0.4755859375,0.3759765625,0.025390625,train
422_1,422,1,5,hide_craze,0,131,470,369,492,239,23,5497,0.005242347717285156,10.391304347826088,0.24365234375,0.46923828125,0.2333984375,0.0224609375,train
423_0,423,0,1,corrosion,0,406,19,573,760,168,742,124656,0.1188812255859375,0.22641509433962265,0.4775390625,0.3798828125,0.1640625,0.724609375,train
423_1,423,1,5,hide_craze,0,395,905,420,1022,26,118,3068,0.002925872802734375,0.22033898305084745,0.3974609375,0.9404296875,0.025390625,0.115234375,train
424_0,424,0,2,surface_injure,0,309,416,556,642,248,227,56296,0.05368804931640625,1.092511013215859,0.421875,0.51611328125,0.2421875,0.2216796875,train
424_1,424,1,5,hide_craze,0,152,83,684,367,533,285,151905,0.1448678970336914,1.8701754385964913,0.40771484375,0.21923828125,0.5205078125,0.2783203125,train
424_2,424,2,5,hide_craze,0,178,525,292,664,115,140,16100,0.015354156494140625,0.8214285714285714,0.22900390625,0.580078125,0.1123046875,0.13671875,train
425_0,425,0,1,corrosion,0,342,36,587,978,246,943,231978,0.22123146057128906,0.2608695652173913,0.453125,0.49462890625,0.240234375,0.9208984375,train
426_0,426,0,5,hide_craze,0,417,244,531,378,115,135,15525,0.014805793762207031,0.8518518518518519,0.46240234375,0.30322265625,0.1123046875,0.1318359375,train
427_0,427,0,2,surface_injure,0,353,460,536,560,184,101,18584,0.01772308349609375,1.8217821782178218,0.43359375,0.49755859375,0.1796875,0.0986328125,train
427_1,427,1,2,surface_injure,0,655,380,742,469,88,90,7920,0.0075531005859375,0.9777777777777777,0.681640625,0.4140625,0.0859375,0.087890625,train
427_2,427,2,2,surface_injure,0,466,58,642,236,177,179,31683,0.03021526336669922,0.9888268156424581,0.54052734375,0.14306640625,0.1728515625,0.1748046875,train
428_0,428,0,2,surface_injure,0,236,236,306,331,71,96,6816,0.006500244140625,0.7395833333333334,0.26416015625,0.2763671875,0.0693359375,0.09375,train
429_0,429,0,0,craze,0,462,272,759,489,298,218,64964,0.061954498291015625,1.3669724770642202,0.595703125,0.37109375,0.291015625,0.212890625,train
430_0,430,0,1,corrosion,0,241,697,508,1016,268,320,85760,0.081787109375,0.8375,0.365234375,0.8359375,0.26171875,0.3125,train
430_1,430,1,1,corrosion,0,462,397,712,688,251,292,73292,0.06989669799804688,0.8595890410958904,0.57275390625,0.529296875,0.2451171875,0.28515625,train
430_2,430,2,1,corrosion,0,527,22,844,380,318,359,114162,0.10887336730957031,0.8857938718662952,0.6689453125,0.19580078125,0.310546875,0.3505859375,train
431_0,431,0,4,crack,0,548,172,800,788,253,617,156101,0.14886951446533203,0.4100486223662885,0.65771484375,0.46826171875,0.2470703125,0.6025390625,train
432_0,432,0,2,surface_injure,0,278,502,497,836,220,335,73700,0.07028579711914062,0.6567164179104478,0.3779296875,0.65283203125,0.21484375,0.3271484375,test
433_0,433,0,4,crack,0,494,264,597,777,104,514,53456,0.0509796142578125,0.20233463035019456,0.5322265625,0.5078125,0.1015625,0.501953125,validation
434_0,434,0,2,surface_injure,0,573,353,592,392,20,40,800,0.000762939453125,0.5,0.568359375,0.36328125,0.01953125,0.0390625,train
434_1,434,1,2,surface_injure,0,572,422,598,455,27,34,918,0.0008754730224609375,0.7941176470588235,0.57080078125,0.427734375,0.0263671875,0.033203125,train
435_0,435,0,0,craze,0,627,745,1019,944,393,200,78600,0.07495880126953125,1.965,0.80322265625,0.82421875,0.3837890625,0.1953125,train
436_0,436,0,0,craze,0,239,327,628,739,390,413,161070,0.1536083221435547,0.9443099273607748,0.4228515625,0.52001953125,0.380859375,0.4033203125,train
436_1,436,1,5,hide_craze,0,650,538,1024,619,375,82,30750,0.029325485229492188,4.573170731707317,0.81689453125,0.564453125,0.3662109375,0.080078125,train
437_0,437,0,3,thunderstrike,0,273,180,775,519,503,340,171020,0.16309738159179688,1.4794117647058824,0.51123046875,0.3408203125,0.4912109375,0.33203125,train
438_0,438,0,5,hide_craze,0,147,147,1003,308,857,162,138834,0.1324024200439453,5.290123456790123,0.56103515625,0.2216796875,0.8369140625,0.158203125,test
439_0,439,0,5,hide_craze,0,273,460,528,856,256,397,101632,0.096923828125,0.6448362720403022,0.390625,0.64208984375,0.25,0.3876953125,train
440_0,440,0,4,crack,0,356,244,631,830,276,587,162012,0.15450668334960938,0.47018739352640543,0.4814453125,0.52392578125,0.26953125,0.5732421875,test
441_0,441,0,2,surface_injure,0,105,260,317,336,213,77,16401,0.015641212463378906,2.7662337662337664,0.20556640625,0.29052734375,0.2080078125,0.0751953125,validation
442_0,442,0,1,corrosion,0,2,256,306,506,305,251,76555,0.07300853729248047,1.2151394422310757,0.14990234375,0.37158203125,0.2978515625,0.2451171875,train
442_1,442,1,1,corrosion,0,314,449,630,749,317,301,95417,0.09099674224853516,1.053156146179402,0.46044921875,0.58447265625,0.3095703125,0.2939453125,train
442_2,442,2,1,corrosion,0,653,508,980,849,328,342,112176,0.1069793701171875,0.9590643274853801,0.796875,0.662109375,0.3203125,0.333984375,train
443_0,443,0,4,crack,0,262,160,455,960,194,801,155394,0.1481952667236328,0.2421972534332085,0.349609375,0.54638671875,0.189453125,0.7822265625,train
444_0,444,0,0,craze,0,337,583,925,894,589,312,183768,0.17525482177734375,1.8878205128205128,0.61572265625,0.720703125,0.5751953125,0.3046875,train
446_0,446,0,5,hide_craze,0,367,760,511,786,145,27,3915,0.0037336349487304688,5.37037037037037,0.42822265625,0.75439453125,0.1416015625,0.0263671875,train
447_0,447,0,4,crack,0,498,188,734,494,237,307,72759,0.06938838958740234,0.7719869706840391,0.60107421875,0.33251953125,0.2314453125,0.2998046875,test
447_1,447,1,4,crack,0,908,331,980,560,73,230,16790,0.016012191772460938,0.3173913043478261,0.92138671875,0.4345703125,0.0712890625,0.224609375,test
448_0,448,0,5,hide_craze,0,605,702,642,842,38,141,5358,0.0051097869873046875,0.2695035460992908,0.6083984375,0.75341796875,0.037109375,0.1376953125,validation
449_0,449,0,5,hide_craze,0,333,710,370,977,38,268,10184,0.00971221923828125,0.1417910447761194,0.3427734375,0.8232421875,0.037109375,0.26171875,train
450_0,450,0,5,hide_craze,0,322,192,564,486,243,295,71685,0.06836414337158203,0.823728813559322,0.43212890625,0.33056640625,0.2373046875,0.2880859375,train
451_0,451,0,1,corrosion,0,3,424,980,513,978,90,88020,0.08394241333007812,10.866666666666667,0.4794921875,0.45703125,0.955078125,0.087890625,test
452_0,452,0,5,hide_craze,0,250,349,431,811,182,463,84266,0.08036231994628906,0.3930885529157667,0.33203125,0.56591796875,0.177734375,0.4521484375,train
453_0,453,0,5,hide_craze,0,497,91,627,367,131,277,36287,0.034605979919433594,0.4729241877256318,0.54833984375,0.22314453125,0.1279296875,0.2705078125,validation
454_0,454,0,0,craze,0,453,444,756,642,304,199,60496,0.0576934814453125,1.5276381909547738,0.58984375,0.52978515625,0.296875,0.1943359375,train
455_0,455,0,4,crack,0,322,319,825,774,504,456,229824,0.21917724609375,1.105263157894737,0.5595703125,0.533203125,0.4921875,0.4453125,train
456_0,456,0,5,hide_craze,0,389,70,428,591,40,522,20880,0.0199127197265625,0.07662835249042145,0.3984375,0.322265625,0.0390625,0.509765625,train
456_1,456,1,5,hide_craze,0,392,714,419,1017,28,304,8512,0.00811767578125,0.09210526315789473,0.3955078125,0.8447265625,0.02734375,0.296875,train
457_0,457,0,5,hide_craze,0,430,194,483,350,54,157,8478,0.008085250854492188,0.34394904458598724,0.4453125,0.26513671875,0.052734375,0.1533203125,test
457_1,457,1,5,hide_craze,0,453,467,486,536,34,70,2380,0.002269744873046875,0.4857142857142857,0.4580078125,0.4892578125,0.033203125,0.068359375,test
457_2,457,2,5,hide_craze,0,466,641,525,756,60,116,6960,0.0066375732421875,0.5172413793103449,0.4833984375,0.681640625,0.05859375,0.11328125,test
458_0,458,0,2,surface_injure,0,541,102,652,514,112,413,46256,0.0441131591796875,0.2711864406779661,0.58203125,0.30029296875,0.109375,0.4033203125,train
459_0,459,0,1,corrosion,0,444,505,509,1013,66,509,33594,0.03203773498535156,0.12966601178781925,0.46484375,0.74072265625,0.064453125,0.4970703125,validation
459_1,459,1,1,corrosion,0,464,6,570,500,107,495,52965,0.05051136016845703,0.21616161616161617,0.50439453125,0.24658203125,0.1044921875,0.4833984375,validation
461_0,461,0,3,thunderstrike,0,583,113,727,156,145,44,6380,0.006084442138671875,3.2954545454545454,0.63916015625,0.130859375,0.1416015625,0.04296875,train
462_0,462,0,2,surface_injure,0,483,699,533,777,51,79,4029,0.0038423538208007812,0.6455696202531646,0.49560546875,0.72021484375,0.0498046875,0.0771484375,validation
462_1,462,1,2,surface_injure,0,547,552,614,600,68,49,3332,0.003177642822265625,1.3877551020408163,0.56640625,0.56201171875,0.06640625,0.0478515625,validation
462_2,462,2,2,surface_injure,0,505,347,633,449,129,103,13287,0.012671470642089844,1.2524271844660195,0.55517578125,0.38818359375,0.1259765625,0.1005859375,validation
462_3,462,3,2,surface_injure,0,578,80,695,245,118,166,19588,0.018680572509765625,0.7108433734939759,0.62109375,0.158203125,0.115234375,0.162109375,validation
463_0,463,0,5,hide_craze,0,209,158,352,263,144,106,15264,0.014556884765625,1.3584905660377358,0.2734375,0.205078125,0.140625,0.103515625,train
464_0,464,0,0,craze,0,53,25,422,483,370,459,169830,0.16196250915527344,0.8061002178649237,0.2314453125,0.24755859375,0.361328125,0.4482421875,test
464_1,464,1,5,hide_craze,0,486,192,637,228,152,37,5624,0.00536346435546875,4.108108108108108,0.5478515625,0.20458984375,0.1484375,0.0361328125,test
465_0,465,0,4,crack,0,484,638,908,772,425,135,57375,0.054717063903808594,3.1481481481481484,0.67919921875,0.68798828125,0.4150390625,0.1318359375,train
467_0,467,0,1,corrosion,0,562,2,631,372,70,371,25970,0.024766921997070312,0.18867924528301888,0.58203125,0.18212890625,0.068359375,0.3623046875,train
467_1,467,1,1,corrosion,0,575,583,623,683,49,101,4949,0.004719734191894531,0.48514851485148514,0.58447265625,0.61767578125,0.0478515625,0.0986328125,train
467_2,467,2,3,thunderstrike,0,831,348,910,419,80,72,5760,0.0054931640625,1.1111111111111112,0.849609375,0.3740234375,0.078125,0.0703125,train
468_0,468,0,5,hide_craze,0,473,339,498,738,26,400,10400,0.009918212890625,0.065,0.4736328125,0.525390625,0.025390625,0.390625,train
468_1,468,1,5,hide_craze,0,470,819,495,1020,26,202,5252,0.005008697509765625,0.12871287128712872,0.470703125,0.8974609375,0.025390625,0.197265625,train
469_0,469,0,0,craze,0,389,466,831,844,443,379,167897,0.16011905670166016,1.1688654353562005,0.59521484375,0.63916015625,0.4326171875,0.3701171875,test
470_0,470,0,4,crack,0,230,525,847,738,618,214,132252,0.12612533569335938,2.8878504672897196,0.525390625,0.6162109375,0.603515625,0.208984375,train
471_0,471,0,4,crack,0,316,370,494,964,179,595,106505,0.10157108306884766,0.30084033613445377,0.39501953125,0.65087890625,0.1748046875,0.5810546875,train
473_0,473,0,4,crack,0,145,416,816,705,672,290,194880,0.18585205078125,2.317241379310345,0.46875,0.546875,0.65625,0.283203125,test
474_0,474,0,2,surface_injure,0,3,230,631,674,629,445,279905,0.2669382095336914,1.4134831460674158,0.30908203125,0.44091796875,0.6142578125,0.4345703125,train
475_0,475,0,2,surface_injure,0,86,347,236,502,151,156,23556,0.022464752197265625,0.967948717948718,0.15673828125,0.4140625,0.1474609375,0.15234375,train
475_1,475,1,2,surface_injure,0,253,419,564,653,312,235,73320,0.06992340087890625,1.327659574468085,0.3984375,0.52294921875,0.3046875,0.2294921875,train
475_2,475,2,2,surface_injure,0,573,586,1019,861,447,276,123372,0.11765670776367188,1.6195652173913044,0.77685546875,0.7060546875,0.4365234375,0.26953125,train
476_0,476,0,2,surface_injure,0,53,508,552,692,500,185,92500,0.08821487426757812,2.7027027027027026,0.294921875,0.58544921875,0.48828125,0.1806640625,test
477_0,477,0,5,hide_craze,0,169,110,431,158,263,49,12887,0.012290000915527344,5.36734693877551,0.29248046875,0.13037109375,0.2568359375,0.0478515625,train
478_0,478,0,2,surface_injure,0,370,403,527,817,158,415,65570,0.06253242492675781,0.38072289156626504,0.4375,0.59521484375,0.154296875,0.4052734375,validation
478_1,478,1,2,surface_injure,0,381,1,492,214,112,214,23968,0.022857666015625,0.5233644859813084,0.42578125,0.1044921875,0.109375,0.208984375,validation
479_0,479,0,2,surface_injure,0,611,206,750,325,140,120,16800,0.016021728515625,1.1666666666666667,0.6640625,0.2587890625,0.13671875,0.1171875,test
479_1,479,1,3,thunderstrike,0,689,725,853,778,165,54,8910,0.008497238159179688,3.0555555555555554,0.75244140625,0.7333984375,0.1611328125,0.052734375,test
480_0,480,0,1,corrosion,0,6,506,283,563,278,58,16124,0.015377044677734375,4.793103448275862,0.140625,0.521484375,0.271484375,0.056640625,train
480_1,480,1,1,corrosion,0,295,550,603,633,309,84,25956,0.024753570556640625,3.6785714285714284,0.43798828125,0.5771484375,0.3017578125,0.08203125,train
480_2,480,2,1,corrosion,0,611,591,1014,677,404,87,35148,0.033519744873046875,4.64367816091954,0.79296875,0.61865234375,0.39453125,0.0849609375,train
481_0,481,0,1,corrosion,0,9,155,325,402,317,248,78616,0.07497406005859375,1.278225806451613,0.16259765625,0.271484375,0.3095703125,0.2421875,train
481_1,481,1,1,corrosion,0,336,360,686,650,351,291,102141,0.09740924835205078,1.2061855670103092,0.49853515625,0.49267578125,0.3427734375,0.2841796875,train
481_2,481,2,1,corrosion,0,687,538,1023,852,337,315,106155,0.10123729705810547,1.0698412698412698,0.83447265625,0.67822265625,0.3291015625,0.3076171875,train
482_0,482,0,0,craze,0,605,210,942,891,338,682,230516,0.21983718872070312,0.49560117302052786,0.7548828125,0.537109375,0.330078125,0.666015625,train
483_0,483,0,5,hide_craze,0,191,672,809,974,619,303,187557,0.17886829376220703,2.042904290429043,0.48779296875,0.80322265625,0.6044921875,0.2958984375,train
484_0,484,0,2,surface_injure,0,155,244,291,324,137,81,11097,0.010582923889160156,1.691358024691358,0.21728515625,0.27685546875,0.1337890625,0.0791015625,validation
484_1,484,1,2,surface_injure,0,478,377,575,467,98,91,8918,0.008504867553710938,1.0769230769230769,0.513671875,0.41162109375,0.095703125,0.0888671875,validation
484_2,484,2,2,surface_injure,0,784,283,967,516,184,234,43056,0.0410614013671875,0.7863247863247863,0.8544921875,0.3896484375,0.1796875,0.228515625,validation
485_0,485,0,1,corrosion,0,12,20,992,481,981,462,453222,0.43222618103027344,2.1233766233766236,0.48974609375,0.244140625,0.9580078125,0.451171875,train
486_0,486,0,4,crack,0,294,28,641,486,348,459,159732,0.15233230590820312,0.7581699346405228,0.4560546875,0.25048828125,0.33984375,0.4482421875,validation
487_0,487,0,2,surface_injure,0,180,363,306,852,127,490,62230,0.05934715270996094,0.25918367346938775,0.23681640625,0.5927734375,0.1240234375,0.478515625,train
487_1,487,1,2,surface_injure,0,252,3,497,274,246,272,66912,0.063812255859375,0.9044117647058824,0.365234375,0.134765625,0.240234375,0.265625,train
488_0,488,0,3,thunderstrike,0,242,156,798,952,557,797,443929,0.42336368560791016,0.698870765370138,0.50732421875,0.54052734375,0.5439453125,0.7783203125,train
489_0,489,0,1,corrosion,0,16,188,269,394,254,207,52578,0.05014228820800781,1.2270531400966183,0.138671875,0.28369140625,0.248046875,0.2021484375,train
489_1,489,1,1,corrosion,0,277,331,566,561,290,231,66990,0.06388664245605469,1.2554112554112553,0.4111328125,0.43505859375,0.283203125,0.2255859375,train
489_2,489,2,1,corrosion,0,577,510,1022,919,446,410,182860,0.17438888549804688,1.0878048780487806,0.7802734375,0.697265625,0.435546875,0.400390625,train
491_0,491,0,1,corrosion,0,8,81,1017,678,1010,598,603980,0.5760002136230469,1.6889632107023411,0.5,0.3701171875,0.986328125,0.583984375,train
492_0,492,0,2,surface_injure,0,411,181,552,338,142,158,22436,0.021396636962890625,0.8987341772151899,0.4697265625,0.2529296875,0.138671875,0.154296875,train
493_0,493,0,2,surface_injure,0,103,1,252,138,150,138,20700,0.019741058349609375,1.0869565217391304,0.1728515625,0.0673828125,0.146484375,0.134765625,train
493_1,493,1,2,surface_injure,0,405,1,552,113,148,113,16724,0.015949249267578125,1.3097345132743363,0.466796875,0.05517578125,0.14453125,0.1103515625,train
493_2,493,2,2,surface_injure,0,594,3,1024,342,431,340,146540,0.13975143432617188,1.2676470588235293,0.78955078125,0.16796875,0.4208984375,0.33203125,train
494_0,494,0,2,surface_injure,0,208,655,383,805,176,151,26576,0.0253448486328125,1.1655629139072847,0.2880859375,0.71240234375,0.171875,0.1474609375,train
494_1,494,1,2,surface_injure,0,342,497,562,713,221,217,47957,0.04573535919189453,1.0184331797235022,0.44091796875,0.59033203125,0.2158203125,0.2119140625,train
495_0,495,0,1,corrosion,0,250,2,528,1011,279,1010,281790,0.2687358856201172,0.27623762376237626,0.37939453125,0.494140625,0.2724609375,0.986328125,train
496_0,496,0,5,hide_craze,0,661,427,705,975,45,549,24705,0.023560523986816406,0.08196721311475409,0.66650390625,0.68408203125,0.0439453125,0.5361328125,train
496_1,496,1,5,hide_craze,0,678,60,700,341,23,282,6486,0.0061855316162109375,0.08156028368794327,0.67236328125,0.1953125,0.0224609375,0.275390625,train
497_0,497,0,5,hide_craze,0,209,736,431,991,223,256,57088,0.054443359375,0.87109375,0.31201171875,0.8427734375,0.2177734375,0.25,validation
498_0,498,0,2,surface_injure,0,380,425,514,570,135,146,19710,0.018796920776367188,0.9246575342465754,0.43603515625,0.4853515625,0.1318359375,0.142578125,train
498_1,498,1,2,surface_injure,0,539,39,1023,570,485,532,258020,0.24606704711914062,0.9116541353383458,0.76220703125,0.296875,0.4736328125,0.51953125,train
499_0,499,0,2,surface_injure,0,269,285,602,514,334,230,76820,0.07326126098632812,1.4521739130434783,0.4248046875,0.3896484375,0.326171875,0.224609375,train
500_0,500,0,1,corrosion,0,537,8,722,989,186,982,182652,0.17419052124023438,0.1894093686354379,0.6142578125,0.486328125,0.181640625,0.958984375,validation
501_0,501,0,1,corrosion,0,5,108,1005,742,1001,635,635635,0.6061887741088867,1.5763779527559054,0.49267578125,0.41455078125,0.9775390625,0.6201171875,test
502_0,502,0,1,corrosion,0,12,508,1024,736,1013,229,231977,0.22123050689697266,4.423580786026201,0.50537109375,0.60693359375,0.9892578125,0.2236328125,train
503_0,503,0,1,corrosion,0,264,499,731,1013,468,515,241020,0.22985458374023438,0.9087378640776699,0.4853515625,0.73779296875,0.45703125,0.5029296875,train
503_1,503,1,1,corrosion,0,206,13,484,491,279,479,133641,0.12744998931884766,0.5824634655532359,0.33642578125,0.24560546875,0.2724609375,0.4677734375,train
504_0,504,0,2,surface_injure,0,289,252,502,588,214,337,72118,0.06877708435058594,0.6350148367952523,0.3857421875,0.40966796875,0.208984375,0.3291015625,train
505_0,505,0,1,corrosion,0,6,200,1012,616,1007,417,419919,0.4004659652709961,2.4148681055155876,0.49658203125,0.39794921875,0.9833984375,0.4072265625,test
507_0,507,0,4,crack,0,611,175,714,306,104,132,13728,0.013092041015625,0.7878787878787878,0.646484375,0.234375,0.1015625,0.12890625,train
508_0,508,0,5,hide_craze,0,478,55,573,1024,96,970,93120,0.08880615234375,0.09896907216494845,0.5126953125,0.5263671875,0.09375,0.947265625,train
509_0,509,0,1,corrosion,0,6,645,1009,867,1004,223,223892,0.21352005004882812,4.502242152466367,0.4951171875,0.73779296875,0.98046875,0.2177734375,train
510_0,510,0,1,corrosion,0,666,545,805,1022,140,478,66920,0.06381988525390625,0.2928870292887029,0.7177734375,0.7646484375,0.13671875,0.466796875,train
510_1,510,1,1,corrosion,0,698,64,780,539,83,476,39508,0.037677764892578125,0.17436974789915966,0.72119140625,0.2939453125,0.0810546875,0.46484375,train
511_0,511,0,5,hide_craze,0,291,156,372,500,82,345,28290,0.026979446411132812,0.23768115942028986,0.3232421875,0.31982421875,0.080078125,0.3369140625,test
511_1,511,1,5,hide_craze,0,405,192,459,408,55,217,11935,0.011382102966308594,0.2534562211981567,0.42138671875,0.29248046875,0.0537109375,0.2119140625,test
512_0,512,0,2,surface_injure,0,461,530,541,580,81,51,4131,0.003939628601074219,1.588235294117647,0.48876953125,0.54150390625,0.0791015625,0.0498046875,validation
512_1,512,1,2,surface_injure,0,819,555,934,691,116,137,15892,0.015155792236328125,0.8467153284671532,0.85546875,0.60791015625,0.11328125,0.1337890625,validation
513_0,513,0,0,craze,0,309,244,480,670,172,427,73444,0.07004165649414062,0.4028103044496487,0.384765625,0.44580078125,0.16796875,0.4169921875,train
514_0,514,0,2,surface_injure,0,180,216,966,561,787,346,272302,0.2596874237060547,2.2745664739884393,0.55908203125,0.37890625,0.7685546875,0.337890625,train
515_0,515,0,1,corrosion,0,55,433,861,760,807,328,264696,0.25243377685546875,2.4603658536585367,0.44677734375,0.58203125,0.7880859375,0.3203125,train
516_0,516,0,1,corrosion,0,9,158,1020,633,1012,476,481712,0.4593963623046875,2.1260504201680672,0.501953125,0.3857421875,0.98828125,0.46484375,train
517_0,517,0,5,hide_craze,0,81,674,1024,739,944,66,62304,0.059417724609375,14.303030303030303,0.5390625,0.689453125,0.921875,0.064453125,train
518_0,518,0,0,craze,0,236,319,1024,672,789,354,279306,0.26636695861816406,2.2288135593220337,0.61474609375,0.4833984375,0.7705078125,0.345703125,train
519_0,519,0,5,hide_craze,0,359,161,405,863,47,703,33041,0.031510353088378906,0.06685633001422475,0.37255859375,0.49951171875,0.0458984375,0.6865234375,validation
520_0,520,0,4,crack,0,341,36,512,652,172,617,106124,0.10120773315429688,0.2787682333873582,0.416015625,0.33544921875,0.16796875,0.6025390625,train
521_0,521,0,1,corrosion,0,583,297,633,442,51,146,7446,0.0071010589599609375,0.3493150684931507,0.59326171875,0.3603515625,0.0498046875,0.142578125,test
521_1,521,1,1,corrosion,0,602,531,639,1019,38,489,18582,0.017721176147460938,0.07770961145194274,0.60546875,0.75634765625,0.037109375,0.4775390625,test
522_0,522,0,2,surface_injure,0,27,36,208,530,182,495,90090,0.08591651916503906,0.36767676767676766,0.1142578125,0.27587890625,0.177734375,0.4833984375,train
522_1,522,1,2,surface_injure,0,233,1,625,352,393,352,138336,0.131927490234375,1.1164772727272727,0.41845703125,0.171875,0.3837890625,0.34375,train
523_0,523,0,3,thunderstrike,0,2,10,572,1002,571,993,567003,0.540736198425293,0.5750251762336355,0.27978515625,0.49365234375,0.5576171875,0.9697265625,train
524_0,524,0,0,craze,0,609,542,937,864,329,323,106267,0.10134410858154297,1.0185758513931888,0.75439453125,0.68603515625,0.3212890625,0.3154296875,train
525_0,525,0,4,crack,0,541,164,733,960,193,797,153821,0.14669513702392578,0.24215809284818068,0.62158203125,0.54833984375,0.1884765625,0.7783203125,train
526_0,526,0,5,hide_craze,0,333,505,700,855,368,351,129168,0.1231842041015625,1.0484330484330484,0.50390625,0.66357421875,0.359375,0.3427734375,validation
527_0,527,0,1,corrosion,0,356,625,453,1008,98,384,37632,0.035888671875,0.2552083333333333,0.39453125,0.796875,0.095703125,0.375,train
527_1,527,1,1,corrosion,0,411,369,483,617,73,249,18177,0.017334938049316406,0.2931726907630522,0.43603515625,0.48095703125,0.0712890625,0.2431640625,train
527_2,527,2,1,corrosion,0,470,161,527,361,58,201,11658,0.011117935180664062,0.2885572139303483,0.486328125,0.25439453125,0.056640625,0.1962890625,train
528_0,528,0,5,hide_craze,0,484,439,878,488,395,50,19750,0.018835067749023438,7.9,0.66455078125,0.4521484375,0.3857421875,0.048828125,train
529_0,529,0,2,surface_injure,0,280,513,584,722,305,210,64050,0.06108283996582031,1.4523809523809523,0.42138671875,0.6025390625,0.2978515625,0.205078125,validation
530_0,530,0,1,corrosion,0,22,120,1014,802,993,683,678219,0.6468000411987305,1.4538799414348462,0.50537109375,0.44970703125,0.9697265625,0.6669921875,train
531_0,531,0,4,crack,0,641,152,986,814,346,663,229398,0.21877098083496094,0.521870286576169,0.7939453125,0.47119140625,0.337890625,0.6474609375,train
532_0,532,0,2,surface_injure,0,208,385,391,519,184,135,24840,0.02368927001953125,1.362962962962963,0.2919921875,0.44091796875,0.1796875,0.1318359375,train
533_0,533,0,5,hide_craze,0,62,97,814,419,753,323,243219,0.23195171356201172,2.331269349845201,0.42724609375,0.25146484375,0.7353515625,0.3154296875,train
534_0,534,0,5,hide_craze,0,459,86,658,974,200,889,177800,0.16956329345703125,0.2249718785151856,0.544921875,0.51708984375,0.1953125,0.8681640625,train
535_0,535,0,2,surface_injure,0,555,164,786,524,232,361,83752,0.07987213134765625,0.6426592797783933,0.654296875,0.33544921875,0.2265625,0.3525390625,train
536_0,536,0,2,surface_injure,0,445,160,686,508,242,349,84458,0.08054542541503906,0.6934097421203438,0.5517578125,0.32568359375,0.236328125,0.3408203125,train
537_0,537,0,4,crack,0,280,350,355,567,76,218,16568,0.01580047607421875,0.3486238532110092,0.3095703125,0.447265625,0.07421875,0.212890625,train
537_1,537,1,4,crack,0,539,200,766,486,228,287,65436,0.062404632568359375,0.794425087108014,0.63671875,0.33447265625,0.22265625,0.2802734375,train
538_0,538,0,0,craze,0,203,44,953,438,751,395,296645,0.28290271759033203,1.90126582278481,0.56396484375,0.23486328125,0.7333984375,0.3857421875,train
539_0,539,0,1,corrosion,0,325,477,467,844,143,368,52624,0.0501861572265625,0.38858695652173914,0.38623046875,0.64453125,0.1396484375,0.359375,train
539_1,539,1,1,corrosion,0,397,11,569,463,173,453,78369,0.0747385025024414,0.3818984547461369,0.47119140625,0.23095703125,0.1689453125,0.4423828125,train
540_0,540,0,1,corrosion,0,191,13,387,760,197,748,147356,0.14052963256835938,0.26336898395721925,0.28173828125,0.376953125,0.1923828125,0.73046875,validation
541_0,541,0,5,hide_craze,0,492,270,748,713,257,444,114108,0.10882186889648438,0.5788288288288288,0.60498046875,0.4794921875,0.2509765625,0.43359375,test
542_0,542,0,5,hide_craze,0,422,711,786,936,365,226,82490,0.07866859436035156,1.6150442477876106,0.58935546875,0.8037109375,0.3564453125,0.220703125,train
544_0,544,0,4,crack,0,609,1,828,345,220,345,75900,0.07238388061523438,0.6376811594202898,0.701171875,0.16845703125,0.21484375,0.3369140625,train
545_0,545,0,2,surface_injure,0,367,686,662,931,296,246,72816,0.0694427490234375,1.2032520325203253,0.501953125,0.7890625,0.2890625,0.240234375,validation
546_0,546,0,1,corrosion,0,631,58,683,149,53,92,4876,0.004650115966796875,0.5760869565217391,0.64111328125,0.1005859375,0.0517578125,0.08984375,test
546_1,546,1,1,corrosion,0,581,211,698,700,118,490,57820,0.055141448974609375,0.24081632653061225,0.6240234375,0.4443359375,0.115234375,0.478515625,test
546_2,546,2,1,corrosion,0,581,703,647,967,67,265,17755,0.01693248748779297,0.2528301886792453,0.59912109375,0.81494140625,0.0654296875,0.2587890625,test
547_0,547,0,2,surface_injure,0,377,330,558,760,182,431,78442,0.07480812072753906,0.4222737819025522,0.4560546875,0.53173828125,0.177734375,0.4208984375,train
548_0,548,0,4,crack,0,167,602,425,761,259,160,41440,0.039520263671875,1.61875,0.28857421875,0.6650390625,0.2529296875,0.15625,train
548_1,548,1,4,crack,0,9,367,366,472,358,106,37948,0.036190032958984375,3.3773584905660377,0.1826171875,0.4091796875,0.349609375,0.103515625,train
549_0,549,0,1,corrosion,0,441,5,725,1024,285,1020,290700,0.2772331237792969,0.27941176470588236,0.56884765625,0.501953125,0.2783203125,0.99609375,validation
550_0,550,0,1,corrosion,0,492,313,600,570,109,258,28122,0.026819229125976562,0.42248062015503873,0.53271484375,0.4306640625,0.1064453125,0.251953125,train
552_0,552,0,4,crack,0,325,1,809,786,485,786,381210,0.36355018615722656,0.6170483460559797,0.55322265625,0.3837890625,0.4736328125,0.767578125,validation
553_0,553,0,2,surface_injure,0,237,81,662,736,426,656,279456,0.266510009765625,0.649390243902439,0.4384765625,0.3984375,0.416015625,0.640625,train
554_0,554,0,0,craze,0,52,494,417,816,366,323,118218,0.11274147033691406,1.13312693498452,0.228515625,0.63916015625,0.357421875,0.3154296875,train
555_0,555,0,2,surface_injure,0,637,369,891,566,255,198,50490,0.04815101623535156,1.2878787878787878,0.74560546875,0.4560546875,0.2490234375,0.193359375,train
556_0,556,0,0,craze,0,142,99,686,352,545,254,138430,0.1320171356201172,2.145669291338583,0.40380859375,0.2197265625,0.5322265625,0.248046875,train
557_0,557,0,5,hide_craze,0,291,99,706,175,416,77,32032,0.030548095703125,5.402597402597403,0.486328125,0.13330078125,0.40625,0.0751953125,train
558_0,558,0,4,crack,0,578,180,806,778,229,599,137171,0.13081645965576172,0.3823038397328882,0.67529296875,0.46728515625,0.2236328125,0.5849609375,train
559_0,559,0,0,craze,0,6,8,297,186,292,179,52268,0.049846649169921875,1.6312849162011174,0.1474609375,0.09423828125,0.28515625,0.1748046875,train
559_1,559,1,0,craze,0,330,163,683,500,354,338,119652,0.11410903930664062,1.047337278106509,0.494140625,0.3232421875,0.345703125,0.330078125,train
559_2,559,2,0,craze,0,705,405,1012,733,308,329,101332,0.09663772583007812,0.9361702127659575,0.837890625,0.55517578125,0.30078125,0.3212890625,train
560_0,560,0,1,corrosion,0,320,585,591,1010,272,426,115872,0.110504150390625,0.6384976525821596,0.4443359375,0.7783203125,0.265625,0.416015625,train
560_1,560,1,1,corrosion,0,334,5,552,577,219,573,125487,0.1196737289428711,0.38219895287958117,0.43212890625,0.28369140625,0.2138671875,0.5595703125,train
561_0,561,0,1,corrosion,0,197,8,361,614,165,607,100155,0.09551525115966797,0.27182866556836904,0.27197265625,0.30322265625,0.1611328125,0.5927734375,train
562_0,562,0,4,crack,0,144,555,261,849,118,295,34810,0.03319740295410156,0.4,0.197265625,0.68505859375,0.115234375,0.2880859375,validation
562_1,562,1,4,crack,0,453,366,697,781,245,416,101920,0.097198486328125,0.5889423076923077,0.56103515625,0.5595703125,0.2392578125,0.40625,validation
563_0,563,0,0,craze,0,386,127,936,830,551,704,387904,0.36993408203125,0.7826704545454546,0.64501953125,0.466796875,0.5380859375,0.6875,test
564_0,564,0,5,hide_craze,0,383,455,569,681,187,227,42449,0.040482521057128906,0.8237885462555066,0.46435546875,0.55419921875,0.1826171875,0.2216796875,train
565_0,565,0,0,craze,0,387,483,744,936,358,454,162532,0.15500259399414062,0.788546255506608,0.5517578125,0.6923828125,0.349609375,0.443359375,train
566_0,566,0,1,corrosion,0,378,6,619,889,242,884,213928,0.20401763916015625,0.2737556561085973,0.486328125,0.4365234375,0.236328125,0.86328125,test
569_0,569,0,5,hide_craze,0,3,400,958,599,956,200,191200,0.182342529296875,4.78,0.46875,0.4873046875,0.93359375,0.1953125,test
571_0,571,0,5,hide_craze,0,622,133,709,627,88,495,43560,0.04154205322265625,0.17777777777777778,0.6494140625,0.37060546875,0.0859375,0.4833984375,train
572_0,572,0,0,craze,0,30,8,987,505,958,498,477084,0.4549827575683594,1.9236947791164658,0.49609375,0.25,0.935546875,0.486328125,train
573_0,573,0,2,surface_injure,0,345,739,592,942,248,204,50592,0.048248291015625,1.2156862745098038,0.45703125,0.8203125,0.2421875,0.19921875,train
573_1,573,1,2,surface_injure,0,312,295,789,566,478,272,130016,0.123992919921875,1.7573529411764706,0.537109375,0.419921875,0.466796875,0.265625,train
574_0,574,0,0,craze,0,237,281,564,602,328,322,105616,0.1007232666015625,1.0186335403726707,0.390625,0.4306640625,0.3203125,0.314453125,test
575_0,575,0,0,craze,0,355,5,645,1016,291,1012,294492,0.2808494567871094,0.2875494071146245,0.48779296875,0.498046875,0.2841796875,0.98828125,train
576_0,576,0,2,surface_injure,0,348,644,445,752,98,109,10682,0.010187149047851562,0.8990825688073395,0.38671875,0.68115234375,0.095703125,0.1064453125,train
576_1,576,1,2,surface_injure,0,484,602,633,785,150,184,27600,0.0263214111328125,0.8152173913043478,0.544921875,0.6767578125,0.146484375,0.1796875,train
576_2,576,2,2,surface_injure,0,378,311,489,411,112,101,11312,0.0107879638671875,1.108910891089109,0.4228515625,0.35205078125,0.109375,0.0986328125,train
577_0,577,0,4,crack,0,498,130,631,445,134,316,42344,0.04038238525390625,0.4240506329113924,0.55078125,0.2802734375,0.130859375,0.30859375,train
578_0,578,0,5,hide_craze,0,187,238,742,739,556,502,279112,0.26618194580078125,1.1075697211155378,0.453125,0.4765625,0.54296875,0.490234375,train
579_0,579,0,1,corrosion,0,411,10,692,1020,282,1011,285102,0.2718944549560547,0.2789317507418398,0.5380859375,0.50244140625,0.275390625,0.9873046875,train
580_0,580,0,0,craze,0,194,608,673,930,480,323,155040,0.147857666015625,1.4860681114551084,0.4228515625,0.75048828125,0.46875,0.3154296875,test
581_0,581,0,2,surface_injure,0,1,222,577,460,577,239,137903,0.1315145492553711,2.414225941422594,0.28173828125,0.33251953125,0.5634765625,0.2333984375,train
583_0,583,0,1,corrosion,0,333,1,459,1022,127,1022,129794,0.12378120422363281,0.12426614481409001,0.38623046875,0.4990234375,0.1240234375,0.998046875,train
584_0,584,0,4,crack,0,28,149,334,835,307,687,210909,0.20113849639892578,0.4468704512372635,0.17626953125,0.47998046875,0.2998046875,0.6708984375,validation
585_0,585,0,4,crack,0,509,239,673,1000,165,762,125730,0.11990547180175781,0.21653543307086615,0.57666015625,0.6044921875,0.1611328125,0.744140625,train
587_0,587,0,2,surface_injure,0,16,463,297,708,282,246,69372,0.06615829467773438,1.146341463414634,0.15234375,0.5712890625,0.275390625,0.240234375,train
587_1,587,1,5,hide_craze,0,1,116,287,339,287,224,64288,0.061309814453125,1.28125,0.14013671875,0.2216796875,0.2802734375,0.21875,train
588_0,588,0,1,corrosion,0,8,122,1019,417,1012,296,299552,0.285675048828125,3.418918918918919,0.5009765625,0.2626953125,0.98828125,0.2890625,train
589_0,589,0,5,hide_craze,0,586,699,814,794,229,96,21984,0.020965576171875,2.3854166666666665,0.68310546875,0.728515625,0.2236328125,0.09375,train
590_0,590,0,1,corrosion,0,9,131,1009,258,1001,128,128128,0.1221923828125,7.8203125,0.49658203125,0.189453125,0.9775390625,0.125,validation
591_0,591,0,3,thunderstrike,0,430,316,777,697,348,382,132936,0.12677764892578125,0.9109947643979057,0.5888671875,0.494140625,0.33984375,0.373046875,test
591_1,591,1,2,surface_injure,0,284,102,820,250,537,149,80013,0.07630634307861328,3.6040268456375837,0.53857421875,0.17138671875,0.5244140625,0.1455078125,test
591_2,591,2,2,surface_injure,0,284,270,412,749,129,480,61920,0.059051513671875,0.26875,0.33935546875,0.4970703125,0.1259765625,0.46875,test
592_0,592,0,0,craze,0,417,449,770,769,354,321,113634,0.10836982727050781,1.102803738317757,0.5791015625,0.59423828125,0.345703125,0.3134765625,train
595_0,595,0,2,surface_injure,0,14,420,394,769,381,350,133350,0.12717247009277344,1.0885714285714285,0.19873046875,0.580078125,0.3720703125,0.341796875,train
595_1,595,1,5,hide_craze,0,333,338,886,511,554,174,96396,0.09193038940429688,3.1839080459770117,0.5947265625,0.4140625,0.541015625,0.169921875,train
596_0,596,0,4,crack,0,466,185,578,960,113,776,87688,0.08362579345703125,0.14561855670103094,0.50927734375,0.55859375,0.1103515625,0.7578125,train
597_0,597,0,5,hide_craze,0,42,561,614,631,573,71,40683,0.03879833221435547,8.070422535211268,0.31982421875,0.58154296875,0.5595703125,0.0693359375,test
598_0,598,0,1,corrosion,0,470,24,547,603,78,580,45240,0.04314422607421875,0.13448275862068965,0.49609375,0.3056640625,0.076171875,0.56640625,test
598_1,598,1,1,corrosion,0,483,772,558,1017,76,246,18696,0.01782989501953125,0.3089430894308943,0.5078125,0.873046875,0.07421875,0.240234375,test
599_0,599,0,1,corrosion,0,1,275,853,710,853,436,371908,0.3546791076660156,1.9564220183486238,0.41650390625,0.48046875,0.8330078125,0.42578125,train
600_0,600,0,5,hide_craze,0,242,297,870,422,629,126,79254,0.07558250427246094,4.992063492063492,0.54248046875,0.3505859375,0.6142578125,0.123046875,test
601_0,601,0,2,surface_injure,0,545,400,739,860,195,461,89895,0.08573055267333984,0.4229934924078091,0.62646484375,0.61474609375,0.1904296875,0.4501953125,train
602_0,602,0,4,crack,0,139,399,650,745,512,347,177664,0.16943359375,1.4755043227665705,0.384765625,0.55810546875,0.5,0.3388671875,validation
603_0,603,0,3,thunderstrike,0,303,179,695,494,393,316,124188,0.11843490600585938,1.2436708860759493,0.48681640625,0.328125,0.3837890625,0.30859375,train
603_1,603,1,2,surface_injure,0,92,120,294,661,203,542,110026,0.10492897033691406,0.37453874538745385,0.18798828125,0.380859375,0.1982421875,0.529296875,train
603_2,603,2,2,surface_injure,0,309,497,786,641,478,145,69310,0.06609916687011719,3.296551724137931,0.5341796875,0.55517578125,0.466796875,0.1416015625,train
604_0,604,0,4,crack,0,394,236,548,1006,155,771,119505,0.1139688491821289,0.20103761348897536,0.45947265625,0.60595703125,0.1513671875,0.7529296875,train
606_0,606,0,2,surface_injure,0,197,519,544,747,348,229,79692,0.07600021362304688,1.519650655021834,0.361328125,0.61767578125,0.33984375,0.2236328125,train
607_0,607,0,5,hide_craze,0,392,80,744,311,353,232,81896,0.07810211181640625,1.521551724137931,0.55419921875,0.1904296875,0.3447265625,0.2265625,train
608_0,608,0,4,crack,0,311,224,558,855,248,632,156736,0.14947509765625,0.3924050632911392,0.423828125,0.5263671875,0.2421875,0.6171875,train
609_0,609,0,0,craze,0,208,330,609,456,402,127,51054,0.04868888854980469,3.1653543307086616,0.3984375,0.38330078125,0.392578125,0.1240234375,train
609_1,609,1,2,surface_injure,0,661,317,800,369,140,53,7420,0.007076263427734375,2.641509433962264,0.712890625,0.33447265625,0.13671875,0.0517578125,train
610_0,610,0,5,hide_craze,0,578,406,681,486,104,81,8424,0.00803375244140625,1.2839506172839505,0.6142578125,0.43505859375,0.1015625,0.0791015625,test
611_0,611,0,1,corrosion,0,553,11,672,833,120,823,98760,0.09418487548828125,0.14580801944106925,0.59765625,0.41162109375,0.1171875,0.8037109375,train
612_0,612,0,5,hide_craze,0,56,180,809,817,754,638,481052,0.4587669372558594,1.1818181818181819,0.421875,0.486328125,0.736328125,0.623046875,train
613_0,613,0,5,hide_craze,0,139,106,892,964,754,859,647686,0.6176815032958984,0.8777648428405123,0.5029296875,0.52197265625,0.736328125,0.8388671875,validation
614_0,614,0,5,hide_craze,0,437,360,533,444,97,85,8245,0.007863044738769531,1.1411764705882352,0.47314453125,0.39208984375,0.0947265625,0.0830078125,train
615_0,615,0,5,hide_craze,0,359,241,492,911,134,671,89914,0.08574867248535156,0.19970193740685543,0.4150390625,0.56201171875,0.130859375,0.6552734375,train
615_1,615,1,5,hide_craze,0,545,49,673,870,129,822,106038,0.10112571716308594,0.15693430656934307,0.59423828125,0.4482421875,0.1259765625,0.802734375,train
616_0,616,0,5,hide_craze,0,3,349,934,681,932,333,310356,0.2959785461425781,2.798798798798799,0.45703125,0.50244140625,0.91015625,0.3251953125,train
617_0,617,0,5,hide_craze,0,1,214,931,638,931,425,395675,0.37734508514404297,2.1905882352941175,0.45458984375,0.41552734375,0.9091796875,0.4150390625,train
618_0,618,0,5,hide_craze,0,387,260,839,861,453,602,272706,0.2600727081298828,0.7524916943521595,0.59814453125,0.546875,0.4423828125,0.587890625,train
619_0,619,0,5,hide_craze,0,155,406,983,719,829,314,260306,0.2482471466064453,2.640127388535032,0.55517578125,0.548828125,0.8095703125,0.306640625,train
620_0,620,0,2,surface_injure,0,445,285,602,450,158,166,26228,0.025012969970703125,0.9518072289156626,0.5107421875,0.3583984375,0.154296875,0.162109375,train
621_0,621,0,5,hide_craze,0,186,381,778,986,593,606,359358,0.3427104949951172,0.9785478547854786,0.47021484375,0.6669921875,0.5791015625,0.591796875,validation
621_1,621,1,2,surface_injure,0,725,64,902,213,178,150,26700,0.025463104248046875,1.1866666666666668,0.7939453125,0.134765625,0.173828125,0.146484375,validation
621_2,621,2,2,surface_injure,0,770,238,914,375,145,138,20010,0.019083023071289062,1.0507246376811594,0.82177734375,0.298828125,0.1416015625,0.134765625,validation
622_0,622,0,5,hide_craze,0,198,299,750,744,553,446,246638,0.2352123260498047,1.2399103139013452,0.46240234375,0.5087890625,0.5400390625,0.435546875,train
623_0,623,0,5,hide_craze,0,55,511,852,689,798,179,142842,0.13622474670410156,4.4581005586592175,0.4423828125,0.58544921875,0.779296875,0.1748046875,test
623_1,623,1,2,surface_injure,0,858,383,902,508,45,126,5670,0.0054073333740234375,0.35714285714285715,0.85888671875,0.4345703125,0.0439453125,0.123046875,test
624_0,624,0,5,hide_craze,0,92,153,944,769,853,617,526301,0.5019197463989258,1.3824959481361425,0.50537109375,0.44970703125,0.8330078125,0.6025390625,train
625_0,625,0,5,hide_craze,0,169,345,773,877,605,533,322465,0.3075265884399414,1.1350844277673546,0.45947265625,0.59619140625,0.5908203125,0.5205078125,train
626_0,626,0,5,hide_craze,0,98,417,827,650,730,234,170820,0.16290664672851562,3.1196581196581197,0.451171875,0.5205078125,0.712890625,0.228515625,train
627_0,627,0,2,surface_injure,0,167,285,369,650,203,366,74298,0.07085609436035156,0.5546448087431693,0.26123046875,0.4560546875,0.1982421875,0.357421875,train
627_1,627,1,2,surface_injure,0,491,261,687,605,197,345,67965,0.06481647491455078,0.5710144927536231,0.57470703125,0.42236328125,0.1923828125,0.3369140625,train
628_0,628,0,5,hide_craze,0,155,280,317,314,163,35,5705,0.005440711975097656,4.6571428571428575,0.22998046875,0.28955078125,0.1591796875,0.0341796875,train
628_1,628,1,5,hide_craze,0,173,805,619,874,447,70,31290,0.029840469360351562,6.385714285714286,0.38623046875,0.8193359375,0.4365234375,0.068359375,train
629_0,629,0,2,surface_injure,0,328,89,712,558,385,470,180950,0.17256736755371094,0.8191489361702128,0.50732421875,0.3154296875,0.3759765625,0.458984375,train
630_0,630,0,2,surface_injure,0,522,1,784,978,263,978,257214,0.2452983856201172,0.2689161554192229,0.63720703125,0.4775390625,0.2568359375,0.955078125,train
631_0,631,0,2,surface_injure,0,28,703,181,874,154,172,26488,0.02526092529296875,0.8953488372093024,0.1015625,0.76953125,0.150390625,0.16796875,train
632_0,632,0,0,craze,0,367,85,689,1003,323,919,296837,0.28308582305908203,0.3514689880304679,0.51513671875,0.53076171875,0.3154296875,0.8974609375,train
633_0,633,0,5,hide_craze,0,286,463,653,570,368,108,39744,0.03790283203125,3.4074074074074074,0.4580078125,0.50390625,0.359375,0.10546875,test
634_0,634,0,0,craze,0,603,5,723,964,121,960,116160,0.11077880859375,0.12604166666666666,0.64697265625,0.47265625,0.1181640625,0.9375,train
635_0,635,0,2,surface_injure,0,272,461,623,708,352,248,87296,0.083251953125,1.4193548387096775,0.4365234375,0.5703125,0.34375,0.2421875,train
636_0,636,0,2,surface_injure,0,494,589,802,899,309,311,96099,0.09164714813232422,0.9935691318327974,0.63232421875,0.72607421875,0.3017578125,0.3037109375,train
636_1,636,1,2,surface_injure,0,561,133,748,320,188,188,35344,0.0337066650390625,1.0,0.638671875,0.220703125,0.18359375,0.18359375,train
637_0,637,0,0,craze,0,473,10,584,1006,112,997,111664,0.1064910888671875,0.1123370110330993,0.515625,0.49560546875,0.109375,0.9736328125,train
638_0,638,0,5,hide_craze,0,297,453,561,658,265,206,54590,0.05206108093261719,1.2864077669902914,0.41845703125,0.5419921875,0.2587890625,0.201171875,train
639_0,639,0,5,hide_craze,0,348,363,889,411,542,49,26558,0.025327682495117188,11.061224489795919,0.603515625,0.37744140625,0.529296875,0.0478515625,train
639_1,639,1,2,surface_injure,0,589,430,644,464,56,35,1960,0.00186920166015625,1.6,0.6015625,0.43603515625,0.0546875,0.0341796875,train
641_0,641,0,5,hide_craze,0,214,467,500,794,287,328,94136,0.08977508544921875,0.875,0.34814453125,0.615234375,0.2802734375,0.3203125,train
641_1,641,1,5,hide_craze,0,322,10,934,285,613,276,169188,0.16135025024414062,2.221014492753623,0.61279296875,0.1435546875,0.5986328125,0.26953125,train
641_2,641,2,0,craze,0,836,338,998,981,163,644,104972,0.10010910034179688,0.2531055900621118,0.89501953125,0.6435546875,0.1591796875,0.62890625,train
642_0,642,0,5,hide_craze,0,450,685,870,899,421,215,90515,0.08632183074951172,1.958139534883721,0.64404296875,0.77294921875,0.4111328125,0.2099609375,test
642_1,642,1,2,surface_injure,0,781,1,839,136,59,136,8024,0.00765228271484375,0.4338235294117647,0.79052734375,0.06640625,0.0576171875,0.1328125,test
643_0,643,0,5,hide_craze,0,655,69,847,211,193,143,27599,0.026320457458496094,1.3496503496503496,0.73291015625,0.13623046875,0.1884765625,0.1396484375,test
644_0,644,0,5,hide_craze,0,547,588,581,856,35,269,9415,0.008978843688964844,0.13011152416356878,0.55029296875,0.70458984375,0.0341796875,0.2626953125,train
645_0,645,0,2,surface_injure,0,727,224,844,397,118,174,20532,0.019580841064453125,0.6781609195402298,0.7666015625,0.302734375,0.115234375,0.169921875,train
646_0,646,0,2,surface_injure,0,528,656,589,741,62,86,5332,0.005084991455078125,0.7209302325581395,0.544921875,0.681640625,0.060546875,0.083984375,validation
647_0,647,0,2,surface_injure,0,219,794,453,878,235,85,19975,0.019049644470214844,2.764705882352941,0.32763671875,0.81591796875,0.2294921875,0.0830078125,train
648_0,648,0,5,hide_craze,0,197,405,600,683,404,279,112716,0.10749435424804688,1.4480286738351253,0.388671875,0.53076171875,0.39453125,0.2724609375,train
648_1,648,1,5,hide_craze,0,570,692,633,1016,64,325,20800,0.01983642578125,0.19692307692307692,0.5869140625,0.83349609375,0.0625,0.3173828125,train
649_0,649,0,1,corrosion,0,456,508,662,660,207,153,31671,0.030203819274902344,1.3529411764705883,0.54541015625,0.56982421875,0.2021484375,0.1494140625,train
650_0,650,0,1,corrosion,0,533,20,684,941,152,922,140144,0.1336517333984375,0.1648590021691974,0.59375,0.46875,0.1484375,0.900390625,test
651_0,651,0,2,surface_injure,0,397,510,511,617,115,108,12420,0.011844635009765625,1.0648148148148149,0.44287109375,0.5498046875,0.1123046875,0.10546875,train
652_0,652,0,5,hide_craze,0,341,416,650,522,310,107,33170,0.03163337707519531,2.897196261682243,0.4833984375,0.45751953125,0.302734375,0.1044921875,train
652_1,652,1,0,craze,0,661,302,866,600,206,299,61594,0.05874061584472656,0.6889632107023411,0.7451171875,0.43994140625,0.201171875,0.2919921875,train
653_0,653,0,2,surface_injure,0,239,256,817,966,579,711,411669,0.39259815216064453,0.8143459915611815,0.51513671875,0.59619140625,0.5654296875,0.6943359375,train
654_0,654,0,5,hide_craze,0,620,594,717,638,98,45,4410,0.0042057037353515625,2.1777777777777776,0.65234375,0.60107421875,0.095703125,0.0439453125,validation
655_0,655,0,5,hide_craze,0,747,856,845,925,99,70,6930,0.0066089630126953125,1.4142857142857144,0.77685546875,0.869140625,0.0966796875,0.068359375,test
656_0,656,0,2,surface_injure,0,764,741,822,836,59,96,5664,0.005401611328125,0.6145833333333334,0.77392578125,0.76953125,0.0576171875,0.09375,validation
657_0,657,0,2,surface_injure,0,502,472,558,510,57,39,2223,0.0021200180053710938,1.4615384615384615,0.51708984375,0.47900390625,0.0556640625,0.0380859375,train
658_0,658,0,1,corrosion,0,452,16,639,991,188,976,183488,0.17498779296875,0.19262295081967212,0.5322265625,0.4912109375,0.18359375,0.953125,test
659_0,659,0,3,thunderstrike,0,42,702,233,770,192,69,13248,0.01263427734375,2.782608695652174,0.1337890625,0.71826171875,0.1875,0.0673828125,train
660_0,660,0,2,surface_injure,0,328,306,550,488,223,183,40809,0.038918495178222656,1.2185792349726776,0.42822265625,0.38720703125,0.2177734375,0.1787109375,train
660_1,660,1,0,craze,0,344,325,427,438,84,114,9576,0.00913238525390625,0.7368421052631579,0.3759765625,0.3720703125,0.08203125,0.111328125,train
661_0,661,0,2,surface_injure,0,366,330,494,410,129,81,10449,0.009964942932128906,1.5925925925925926,0.41943359375,0.36083984375,0.1259765625,0.0791015625,validation
662_0,662,0,2,surface_injure,0,505,436,658,814,154,379,58366,0.05566215515136719,0.40633245382585753,0.5673828125,0.60986328125,0.150390625,0.3701171875,train
662_1,662,1,2,surface_injure,0,505,947,564,1014,60,68,4080,0.0038909912109375,0.8823529411764706,0.521484375,0.95703125,0.05859375,0.06640625,train
663_0,663,0,5,hide_craze,0,787,570,945,724,159,155,24645,0.02350330352783203,1.0258064516129033,0.84521484375,0.63134765625,0.1552734375,0.1513671875,test
664_0,664,0,2,surface_injure,0,41,736,400,910,360,175,63000,0.06008148193359375,2.057142857142857,0.21484375,0.80322265625,0.3515625,0.1708984375,train
664_1,664,1,2,surface_injure,0,773,152,1005,328,233,177,41241,0.039330482482910156,1.3163841807909604,0.86767578125,0.23388671875,0.2275390625,0.1728515625,train
665_0,665,0,5,hide_craze,0,602,535,673,603,72,69,4968,0.00473785400390625,1.0434782608695652,0.6220703125,0.55517578125,0.0703125,0.0673828125,validation
666_0,666,0,5,hide_craze,0,170,645,773,810,604,166,100264,0.09561920166015625,3.63855421686747,0.4599609375,0.7099609375,0.58984375,0.162109375,train
666_1,666,1,5,hide_craze,0,458,53,728,264,271,212,57452,0.054790496826171875,1.278301886792453,0.57861328125,0.154296875,0.2646484375,0.20703125,train
667_0,667,0,5,hide_craze,0,548,411,767,963,220,553,121660,0.11602401733398438,0.39783001808318263,0.6416015625,0.67041015625,0.21484375,0.5400390625,train
669_0,669,0,2,surface_injure,0,386,5,555,250,170,246,41820,0.039882659912109375,0.6910569105691057,0.458984375,0.1240234375,0.166015625,0.240234375,validation
669_1,669,1,2,surface_injure,0,422,749,473,845,52,97,5044,0.004810333251953125,0.5360824742268041,0.4365234375,0.77783203125,0.05078125,0.0947265625,validation
670_0,670,0,5,hide_craze,0,494,369,748,619,255,251,64005,0.06103992462158203,1.0159362549800797,0.60595703125,0.48193359375,0.2490234375,0.2451171875,train
670_1,670,1,2,surface_injure,0,469,330,537,367,69,38,2622,0.0025005340576171875,1.8157894736842106,0.49072265625,0.33984375,0.0673828125,0.037109375,train
671_0,671,0,5,hide_craze,0,228,467,780,935,553,469,259357,0.24734210968017578,1.1791044776119404,0.49169921875,0.68408203125,0.5400390625,0.4580078125,test
671_1,671,1,2,surface_injure,0,748,927,947,1020,200,94,18800,0.0179290771484375,2.127659574468085,0.8271484375,0.9501953125,0.1953125,0.091796875,test
672_0,672,0,2,surface_injure,0,375,320,494,372,120,53,6360,0.00606536865234375,2.2641509433962264,0.423828125,0.33740234375,0.1171875,0.0517578125,train
672_1,672,1,2,surface_injure,0,516,685,575,716,60,32,1920,0.0018310546875,1.875,0.5322265625,0.68359375,0.05859375,0.03125,train
672_2,672,2,1,corrosion,0,570,197,697,319,128,123,15744,0.0150146484375,1.0406504065040652,0.6181640625,0.25146484375,0.125,0.1201171875,train
673_0,673,0,2,surface_injure,0,231,274,516,592,286,319,91234,0.08700752258300781,0.896551724137931,0.3642578125,0.42236328125,0.279296875,0.3115234375,train
674_0,674,0,2,surface_injure,0,653,536,747,597,95,62,5890,0.0056171417236328125,1.532258064516129,0.68310546875,0.552734375,0.0927734375,0.060546875,validation
675_0,675,0,5,hide_craze,0,358,447,697,844,340,398,135320,0.12905120849609375,0.8542713567839196,0.5146484375,0.6298828125,0.33203125,0.388671875,validation
676_0,676,0,5,hide_craze,0,270,130,506,335,237,206,48822,0.04656028747558594,1.1504854368932038,0.37841796875,0.2265625,0.2314453125,0.201171875,train
676_1,676,1,5,hide_craze,0,298,675,612,877,315,203,63945,0.060982704162597656,1.5517241379310345,0.44384765625,0.75732421875,0.3076171875,0.1982421875,train
677_0,677,0,5,hide_craze,0,461,330,917,613,457,284,129788,0.12377548217773438,1.6091549295774648,0.67236328125,0.4599609375,0.4462890625,0.27734375,test
678_0,678,0,5,hide_craze,0,136,347,742,592,607,246,149322,0.14240455627441406,2.467479674796748,0.42822265625,0.4580078125,0.5927734375,0.240234375,train
679_0,679,0,2,surface_injure,0,166,219,855,677,690,459,316710,0.30203819274902344,1.5032679738562091,0.498046875,0.43701171875,0.673828125,0.4482421875,train
680_0,680,0,1,corrosion,0,402,5,602,1010,201,1006,202206,0.1928386688232422,0.19980119284294234,0.48974609375,0.4951171875,0.1962890625,0.982421875,train
681_0,681,0,2,surface_injure,0,612,185,784,320,173,136,23528,0.02243804931640625,1.2720588235294117,0.68115234375,0.24609375,0.1689453125,0.1328125,train
681_1,681,1,2,surface_injure,0,502,927,706,1022,205,96,19680,0.018768310546875,2.1354166666666665,0.58935546875,0.951171875,0.2001953125,0.09375,train
682_0,682,0,5,hide_craze,0,466,799,656,869,191,71,13561,0.012932777404785156,2.6901408450704225,0.54736328125,0.81396484375,0.1865234375,0.0693359375,train
682_1,682,1,5,hide_craze,0,644,747,673,941,30,195,5850,0.0055789947509765625,0.15384615384615385,0.642578125,0.82373046875,0.029296875,0.1904296875,train
683_0,683,0,2,surface_injure,0,445,855,550,969,106,115,12190,0.011625289916992188,0.9217391304347826,0.4853515625,0.89013671875,0.103515625,0.1123046875,train
683_1,683,1,2,surface_injure,0,547,66,698,203,152,138,20976,0.0200042724609375,1.1014492753623188,0.607421875,0.130859375,0.1484375,0.134765625,train
683_2,683,2,2,surface_injure,0,444,480,655,644,212,165,34980,0.033359527587890625,1.284848484848485,0.5361328125,0.54833984375,0.20703125,0.1611328125,train
684_0,684,0,2,surface_injure,0,180,291,806,477,627,187,117249,0.1118173599243164,3.3529411764705883,0.48095703125,0.37451171875,0.6123046875,0.1826171875,train
684_1,684,1,2,surface_injure,0,208,728,773,833,566,106,59996,0.057216644287109375,5.339622641509434,0.478515625,0.76171875,0.552734375,0.103515625,train
685_0,685,0,0,craze,0,727,3,948,360,222,358,79476,0.07579421997070312,0.6201117318435754,0.8173828125,0.1767578125,0.216796875,0.349609375,validation
685_1,685,1,0,craze,0,605,386,914,1024,310,639,198090,0.18891334533691406,0.48513302034428796,0.7412109375,0.68798828125,0.302734375,0.6240234375,validation
686_0,686,0,3,thunderstrike,0,389,177,777,880,389,704,273856,0.26116943359375,0.5525568181818182,0.56884765625,0.515625,0.3798828125,0.6875,test
687_0,687,0,2,surface_injure,0,434,570,620,697,187,128,23936,0.0228271484375,1.4609375,0.51416015625,0.6181640625,0.1826171875,0.125,validation
688_0,688,0,3,thunderstrike,0,136,522,658,702,523,181,94663,0.09027767181396484,2.889502762430939,0.38720703125,0.59716796875,0.5107421875,0.1767578125,train
689_0,689,0,2,surface_injure,0,409,108,467,224,59,117,6903,0.006583213806152344,0.5042735042735043,0.42724609375,0.16162109375,0.0576171875,0.1142578125,test
689_1,689,1,2,surface_injure,0,547,230,672,347,126,118,14868,0.014179229736328125,1.0677966101694916,0.5947265625,0.28125,0.123046875,0.115234375,test
689_2,689,2,2,surface_injure,0,567,549,662,605,96,57,5472,0.005218505859375,1.6842105263157894,0.599609375,0.56298828125,0.09375,0.0556640625,test
689_3,689,3,2,surface_injure,0,422,227,481,295,60,69,4140,0.003948211669921875,0.8695652173913043,0.4404296875,0.25439453125,0.05859375,0.0673828125,test
690_0,690,0,3,thunderstrike,0,56,627,562,797,507,171,86697,0.08268070220947266,2.9649122807017543,0.30126953125,0.69482421875,0.4951171875,0.1669921875,train
691_0,691,0,0,craze,0,281,780,727,900,447,121,54087,0.051581382751464844,3.6942148760330578,0.49169921875,0.81982421875,0.4365234375,0.1181640625,train
692_0,692,0,0,craze,0,31,256,906,599,876,344,301344,0.287384033203125,2.546511627906977,0.45703125,0.4169921875,0.85546875,0.3359375,train
693_0,693,0,5,hide_craze,0,244,158,792,633,549,476,261324,0.24921798706054688,1.153361344537815,0.50537109375,0.3857421875,0.5361328125,0.46484375,train
694_0,694,0,5,hide_craze,0,94,197,716,774,623,578,360094,0.3434123992919922,1.0778546712802768,0.39501953125,0.4736328125,0.6083984375,0.564453125,train
695_0,695,0,5,hide_craze,0,70,406,609,550,540,145,78300,0.07467269897460938,3.7241379310344827,0.3310546875,0.46630859375,0.52734375,0.1416015625,train
695_1,695,1,5,hide_craze,0,866,450,1005,550,140,101,14140,0.013484954833984375,1.386138613861386,0.9130859375,0.48779296875,0.13671875,0.0986328125,train
696_0,696,0,5,hide_craze,0,148,367,567,597,420,231,97020,0.09252548217773438,1.8181818181818181,0.3486328125,0.47021484375,0.41015625,0.2255859375,test
696_1,696,1,5,hide_craze,0,583,545,998,670,416,126,52416,0.04998779296875,3.3015873015873014,0.771484375,0.5927734375,0.40625,0.123046875,test
697_0,697,0,5,hide_craze,0,227,533,609,872,383,340,130220,0.12418746948242188,1.1264705882352941,0.40771484375,0.685546875,0.3740234375,0.33203125,train
697_1,697,1,5,hide_craze,0,628,263,866,555,239,293,70027,0.06678295135498047,0.8156996587030717,0.72900390625,0.39892578125,0.2333984375,0.2861328125,train
698_0,698,0,5,hide_craze,0,56,158,681,806,626,649,406274,0.3874530792236328,0.9645608628659477,0.359375,0.47021484375,0.611328125,0.6337890625,validation
699_0,699,0,3,thunderstrike,0,150,578,320,869,171,292,49932,0.047618865966796875,0.5856164383561644,0.22900390625,0.7060546875,0.1669921875,0.28515625,test
701_0,701,0,0,craze,0,227,253,919,1000,693,748,518364,0.4943504333496094,0.9264705882352942,0.55908203125,0.611328125,0.6767578125,0.73046875,test
702_0,702,0,2,surface_injure,0,202,525,359,956,158,432,68256,0.065093994140625,0.36574074074074076,0.2734375,0.72265625,0.154296875,0.421875,train
702_1,702,1,2,surface_injure,0,295,91,411,516,117,426,49842,0.04753303527832031,0.2746478873239437,0.34423828125,0.2958984375,0.1142578125,0.416015625,train
703_0,703,0,1,corrosion,0,5,397,1008,788,1004,392,393568,0.375335693359375,2.561224489795918,0.494140625,0.578125,0.98046875,0.3828125,train
704_0,704,0,1,corrosion,0,548,30,728,1003,181,974,176294,0.16812705993652344,0.18583162217659138,0.62255859375,0.50390625,0.1767578125,0.951171875,test
705_0,705,0,5,hide_craze,0,412,294,866,642,455,349,158795,0.15143871307373047,1.3037249283667622,0.62353515625,0.45654296875,0.4443359375,0.3408203125,train
706_0,706,0,5,hide_craze,0,142,303,683,625,542,323,175066,0.16695594787597656,1.6780185758513932,0.40234375,0.45263671875,0.529296875,0.3154296875,validation
707_0,707,0,1,corrosion,0,387,20,617,947,231,928,214368,0.204437255859375,0.24892241379310345,0.48974609375,0.4716796875,0.2255859375,0.90625,train
708_0,708,0,3,thunderstrike,0,270,103,616,281,347,179,62113,0.059235572814941406,1.9385474860335195,0.43212890625,0.18701171875,0.3388671875,0.1748046875,train
709_0,709,0,5,hide_craze,0,342,300,430,772,89,473,42097,0.040146827697753906,0.18816067653276955,0.37646484375,0.52294921875,0.0869140625,0.4619140625,train
710_0,710,0,0,craze,0,120,439,917,870,798,432,344736,0.328765869140625,1.8472222222222223,0.505859375,0.638671875,0.779296875,0.421875,train
711_0,711,0,2,surface_injure,0,303,494,412,638,110,145,15950,0.015211105346679688,0.7586206896551724,0.3486328125,0.55224609375,0.107421875,0.1416015625,train
712_0,712,0,1,corrosion,0,467,27,608,1005,142,979,139018,0.13257789611816406,0.14504596527068436,0.5244140625,0.50341796875,0.138671875,0.9560546875,train
713_0,713,0,0,craze,0,281,13,583,780,303,768,232704,0.221923828125,0.39453125,0.42138671875,0.38671875,0.2958984375,0.75,train
714_0,714,0,0,craze,0,190,1,553,486,364,486,176904,0.2848952562549924,0.7489711934156379,0.47081218274111675,0.3083756345177665,0.4619289340101523,0.616751269035533,train
715_0,715,0,0,craze,0,413,159,902,989,490,831,407190,0.38832664489746094,0.5896510228640193,0.6416015625,0.56005859375,0.478515625,0.8115234375,train
716_0,716,0,0,craze,0,600,114,734,963,135,850,114750,0.10943412780761719,0.1588235294117647,0.65087890625,0.525390625,0.1318359375,0.830078125,train
716_1,716,1,0,craze,0,761,360,1024,917,264,558,147312,0.1404876708984375,0.4731182795698925,0.87109375,0.623046875,0.2578125,0.544921875,train
717_0,717,0,0,craze,0,620,114,859,492,240,379,90960,0.0867462158203125,0.633245382585752,0.7216796875,0.29541015625,0.234375,0.3701171875,train
717_1,717,1,5,hide_craze,0,478,522,698,835,221,314,69394,0.06617927551269531,0.7038216560509554,0.57373046875,0.662109375,0.2158203125,0.306640625,train
719_0,719,0,1,corrosion,0,558,20,711,547,154,528,81312,0.077545166015625,0.2916666666666667,0.619140625,0.2763671875,0.150390625,0.515625,train
719_1,719,1,1,corrosion,0,639,570,764,986,126,417,52542,0.05010795593261719,0.302158273381295,0.6845703125,0.75927734375,0.123046875,0.4072265625,train
720_0,720,0,5,hide_craze,0,464,20,578,991,115,972,111780,0.10660171508789062,0.1183127572016461,0.50830078125,0.4931640625,0.1123046875,0.94921875,train
721_0,721,0,5,hide_craze,0,31,631,944,670,914,40,36560,0.0348663330078125,22.85,0.4755859375,0.634765625,0.892578125,0.0390625,test
722_0,722,0,1,corrosion,0,116,2,600,1024,485,1023,496155,0.47317028045654297,0.47409579667644186,0.34912109375,0.50048828125,0.4736328125,0.9990234375,train
723_0,723,0,5,hide_craze,0,128,164,445,272,318,109,34662,0.03305625915527344,2.9174311926605503,0.279296875,0.21240234375,0.310546875,0.1064453125,train
724_0,724,0,1,corrosion,0,316,6,570,1002,255,997,254235,0.24245738983154297,0.25576730190571717,0.43212890625,0.49169921875,0.2490234375,0.9736328125,validation
725_0,725,0,0,craze,0,448,547,984,999,537,453,243261,0.23199176788330078,1.185430463576159,0.69873046875,0.75439453125,0.5244140625,0.4423828125,train
726_0,726,0,2,surface_injure,0,377,180,764,416,388,237,91956,0.08769607543945312,1.6371308016877637,0.556640625,0.29052734375,0.37890625,0.2314453125,train
727_0,727,0,1,corrosion,0,700,149,833,764,134,616,82544,0.0787200927734375,0.21753246753246752,0.748046875,0.4453125,0.130859375,0.6015625,train
728_0,728,0,0,craze,0,220,136,717,669,498,534,265932,0.2536125183105469,0.9325842696629213,0.45703125,0.392578125,0.486328125,0.521484375,train
728_1,728,1,5,hide_craze,0,3,217,217,283,215,67,14405,0.013737678527832031,3.208955223880597,0.10693359375,0.24365234375,0.2099609375,0.0654296875,train
729_0,729,0,1,corrosion,0,583,539,673,1000,91,462,42042,0.04009437561035156,0.19696969696969696,0.61279296875,0.7509765625,0.0888671875,0.451171875,train
730_0,730,0,5,hide_craze,0,541,63,566,300,26,238,6188,0.005901336669921875,0.1092436974789916,0.5400390625,0.1767578125,0.025390625,0.232421875,validation
730_1,730,1,0,craze,0,539,417,603,585,65,169,10985,0.010476112365722656,0.38461538461538464,0.55712890625,0.48876953125,0.0634765625,0.1650390625,validation
731_0,731,0,0,craze,0,587,6,672,1020,86,1015,87290,0.08324623107910156,0.08472906403940887,0.6142578125,0.50048828125,0.083984375,0.9912109375,train
732_0,732,0,1,corrosion,0,483,16,594,995,112,980,109760,0.10467529296875,0.11428571428571428,0.525390625,0.4931640625,0.109375,0.95703125,train
733_0,733,0,1,corrosion,0,2,395,489,503,488,109,53192,0.05072784423828125,4.477064220183486,0.2392578125,0.43798828125,0.4765625,0.1064453125,train
733_1,733,1,1,corrosion,0,514,422,1022,583,509,162,82458,0.07863807678222656,3.1419753086419755,0.74951171875,0.490234375,0.4970703125,0.158203125,train
734_0,734,0,4,crack,0,247,395,750,481,504,87,43848,0.04181671142578125,5.793103448275862,0.486328125,0.42724609375,0.4921875,0.0849609375,train
736_0,736,0,0,craze,0,156,136,508,478,353,343,121079,0.11546993255615234,1.0291545189504374,0.32373046875,0.29931640625,0.3447265625,0.3349609375,validation
737_0,737,0,5,hide_craze,0,77,105,167,535,91,431,39221,0.03740406036376953,0.2111368909512761,0.11865234375,0.31201171875,0.0888671875,0.4208984375,train
737_1,737,1,5,hide_craze,0,216,310,328,728,113,419,47347,0.04515361785888672,0.26968973747016706,0.26513671875,0.50634765625,0.1103515625,0.4091796875,train
738_0,738,0,4,crack,0,259,270,362,744,104,475,49400,0.04711151123046875,0.21894736842105264,0.302734375,0.49462890625,0.1015625,0.4638671875,validation
739_0,739,0,4,crack,0,103,211,284,367,182,157,28574,0.027250289916992188,1.1592356687898089,0.1884765625,0.28173828125,0.177734375,0.1533203125,validation
739_1,739,1,4,crack,0,584,63,753,228,170,166,28220,0.026912689208984375,1.0240963855421688,0.65234375,0.1416015625,0.166015625,0.162109375,validation
740_0,740,0,2,surface_injure,0,545,325,952,491,408,167,68136,0.06497955322265625,2.44311377245509,0.73046875,0.39794921875,0.3984375,0.1630859375,validation
741_0,741,0,0,craze,0,702,6,834,1010,133,1005,133665,0.1274728775024414,0.13233830845771144,0.74951171875,0.49560546875,0.1298828125,0.9814453125,train
742_0,742,0,0,craze,0,791,419,934,763,144,345,49680,0.0473785400390625,0.41739130434782606,0.841796875,0.57666015625,0.140625,0.3369140625,train
754_0,754,0,3,thunderstrike,0,557,456,633,653,77,198,15246,0.014539718627929688,0.3888888888888889,0.58056640625,0.541015625,0.0751953125,0.193359375,train
754_1,754,1,5,hide_craze,0,594,664,631,991,38,328,12464,0.0118865966796875,0.11585365853658537,0.59765625,0.8076171875,0.037109375,0.3203125,train
754_2,754,2,5,hide_craze,0,566,255,606,444,41,190,7790,0.0074291229248046875,0.21578947368421053,0.57177734375,0.3408203125,0.0400390625,0.185546875,train
756_0,756,0,5,hide_craze,0,723,27,892,231,170,205,34850,0.03323554992675781,0.8292682926829268,0.7880859375,0.12548828125,0.166015625,0.2001953125,train
757_0,757,0,5,hide_craze,0,98,431,330,464,233,34,7922,0.0075550079345703125,6.852941176470588,0.20849609375,0.4365234375,0.2275390625,0.033203125,train
757_1,757,1,5,hide_craze,0,762,281,991,306,230,26,5980,0.005702972412109375,8.846153846153847,0.85546875,0.2861328125,0.224609375,0.025390625,train
765_0,765,0,0,craze,0,162,308,569,636,408,329,134232,0.12801361083984375,1.2401215805471124,0.3564453125,0.46044921875,0.3984375,0.3212890625,validation
787_0,787,0,0,craze,0,132,397,1014,734,883,338,298454,0.28462791442871094,2.6124260355029585,0.55908203125,0.5517578125,0.8623046875,0.330078125,validation
809_0,809,0,2,surface_injure,0,40,144,888,674,849,531,450819,0.4299345016479492,1.5988700564971752,0.45263671875,0.39892578125,0.8291015625,0.5185546875,validation
818_0,818,0,2,surface_injure,0,336,420,542,639,207,220,45540,0.043430328369140625,0.9409090909090909,0.42822265625,0.5166015625,0.2021484375,0.21484375,train
818_1,818,1,5,hide_craze,0,203,283,337,496,135,214,28890,0.027551651000976562,0.6308411214953271,0.26318359375,0.3798828125,0.1318359375,0.208984375,train
818_2,818,2,5,hide_craze,0,253,161,598,366,346,206,71276,0.06797409057617188,1.6796116504854368,0.4150390625,0.2568359375,0.337890625,0.201171875,train
818_3,818,3,5,hide_craze,0,503,645,677,833,175,189,33075,0.03154277801513672,0.9259259259259259,0.57568359375,0.72119140625,0.1708984375,0.1845703125,train
818_4,818,4,5,hide_craze,0,751,454,844,528,94,75,7050,0.0067234039306640625,1.2533333333333334,0.7783203125,0.47900390625,0.091796875,0.0732421875,train
824_0,824,0,0,craze,0,542,431,653,782,112,352,39424,0.03759765625,0.3181818181818182,0.5830078125,0.591796875,0.109375,0.34375,test
834_0,834,0,3,thunderstrike,0,517,527,653,586,137,60,8220,0.007839202880859375,2.283333333333333,0.57080078125,0.54296875,0.1337890625,0.05859375,train
835_0,835,0,3,thunderstrike,0,487,511,600,731,114,221,25194,0.024026870727539062,0.5158371040723982,0.5302734375,0.60595703125,0.111328125,0.2158203125,validation
839_0,839,0,2,surface_injure,0,677,2,1024,206,348,205,71340,0.06803512573242188,1.697560975609756,0.830078125,0.10107421875,0.33984375,0.2001953125,train
839_1,839,1,2,surface_injure,0,998,664,1024,988,27,325,8775,0.008368492126464844,0.08307692307692308,0.98681640625,0.80615234375,0.0263671875,0.3173828125,train
863_0,863,0,3,thunderstrike,0,103,163,255,441,153,279,42687,0.040709495544433594,0.5483870967741935,0.17431640625,0.29443359375,0.1494140625,0.2724609375,test
864_0,864,0,2,surface_injure,0,303,20,587,310,285,291,82935,0.07909297943115234,0.979381443298969,0.43408203125,0.16064453125,0.2783203125,0.2841796875,test
871_0,871,0,5,hide_craze,0,230,713,609,827,380,115,43700,0.041675567626953125,3.3043478260869565,0.4091796875,0.75146484375,0.37109375,0.1123046875,train
871_1,871,1,0,craze,0,642,466,973,925,332,460,152720,0.1456451416015625,0.7217391304347827,0.7880859375,0.6787109375,0.32421875,0.44921875,train
874_0,874,0,3,thunderstrike,0,333,735,567,861,235,127,29845,0.02846240997314453,1.8503937007874016,0.43896484375,0.77880859375,0.2294921875,0.1240234375,train
875_0,875,0,5,hide_craze,0,275,20,531,644,257,625,160625,0.1531839370727539,0.4112,0.39306640625,0.32373046875,0.2509765625,0.6103515625,test
875_1,875,1,5,hide_craze,0,695,463,1020,708,326,246,80196,0.07648086547851562,1.3252032520325203,0.8369140625,0.5712890625,0.318359375,0.240234375,test
880_0,880,0,3,thunderstrike,0,362,303,649,684,288,382,110016,0.10491943359375,0.7539267015706806,0.4931640625,0.4814453125,0.28125,0.373046875,train
883_0,883,0,5,hide_craze,0,464,460,825,525,362,66,23892,0.022785186767578125,5.484848484848484,0.62890625,0.48046875,0.353515625,0.064453125,train
883_1,883,1,0,craze,0,861,374,1019,514,159,141,22419,0.02138042449951172,1.127659574468085,0.91748046875,0.43310546875,0.1552734375,0.1376953125,train
885_0,885,0,5,hide_craze,0,412,483,678,560,267,78,20826,0.019861221313476562,3.423076923076923,0.53173828125,0.5087890625,0.2607421875,0.076171875,train
885_1,885,1,0,craze,0,159,431,383,716,225,286,64350,0.06136894226074219,0.7867132867132867,0.26416015625,0.5595703125,0.2197265625,0.279296875,train
893_0,893,0,0,craze,0,84,70,541,475,458,406,185948,0.17733383178710938,1.1280788177339902,0.3046875,0.265625,0.447265625,0.396484375,train
894_0,894,0,3,thunderstrike,0,283,122,427,216,145,95,13775,0.013136863708496094,1.5263157894736843,0.34619140625,0.16455078125,0.1416015625,0.0927734375,train
895_0,895,0,5,hide_craze,0,497,358,545,550,49,193,9457,0.009018898010253906,0.2538860103626943,0.50830078125,0.44287109375,0.0478515625,0.1884765625,train
895_1,895,1,0,craze,0,536,636,723,864,188,229,43052,0.041057586669921875,0.8209606986899564,0.6142578125,0.73193359375,0.18359375,0.2236328125,train
920_0,920,0,1,corrosion,0,2,602,283,677,282,76,21432,0.02043914794921875,3.710526315789474,0.138671875,0.6240234375,0.275390625,0.07421875,validation
932_0,932,0,1,corrosion,0,8,294,1017,678,1010,385,388850,0.3708362579345703,2.6233766233766236,0.5,0.47412109375,0.986328125,0.3759765625,train
945_0,945,0,3,thunderstrike,0,2,10,495,913,494,904,446576,0.4258880615234375,0.5464601769911505,0.2421875,0.4501953125,0.482421875,0.8828125,train
955_0,955,0,1,corrosion,0,455,5,730,1016,276,1012,279312,0.2663726806640625,0.2727272727272727,0.578125,0.498046875,0.26953125,0.98828125,validation
963_0,963,0,5,hide_craze,0,1,445,302,511,302,67,20234,0.019296646118164062,4.507462686567164,0.1474609375,0.46630859375,0.294921875,0.0654296875,train
965_0,965,0,2,surface_injure,0,312,295,789,566,478,272,130016,0.123992919921875,1.7573529411764706,0.537109375,0.419921875,0.466796875,0.265625,train
969_0,969,0,5,hide_craze,0,659,449,1024,503,366,55,20130,0.019197463989257812,6.654545454545454,0.8212890625,0.46435546875,0.357421875,0.0537109375,train
980_0,980,0,3,thunderstrike,0,334,514,783,875,450,362,162900,0.15535354614257812,1.2430939226519337,0.544921875,0.677734375,0.439453125,0.353515625,train
980_1,980,1,2,surface_injure,0,797,370,933,897,137,528,72336,0.0689849853515625,0.25946969696969696,0.84423828125,0.6181640625,0.1337890625,0.515625,train
980_2,980,2,2,surface_injure,0,250,381,783,505,534,125,66750,0.06365776062011719,4.272,0.50390625,0.43212890625,0.521484375,0.1220703125,train
984_0,984,0,5,hide_craze,0,1,313,627,633,627,321,201267,0.19194316864013672,1.9532710280373833,0.30615234375,0.46142578125,0.6123046875,0.3134765625,train
986_0,986,0,5,hide_craze,0,155,520,642,706,488,187,91256,0.08702850341796875,2.609625668449198,0.388671875,0.59814453125,0.4765625,0.1826171875,train
992_0,992,0,2,surface_injure,0,336,110,703,528,368,419,154192,0.1470489501953125,0.8782816229116945,0.5068359375,0.31103515625,0.359375,0.4091796875,train
997_0,997,0,5,hide_craze,0,441,363,889,403,449,41,18409,0.017556190490722656,10.951219512195122,0.64892578125,0.37353515625,0.4384765625,0.0400390625,train
998_0,998,0,1,corrosion,0,369,442,494,992,126,551,69426,0.06620979309082031,0.22867513611615245,0.4208984375,0.69970703125,0.123046875,0.5380859375,train
1002_0,1002,0,1,corrosion,0,519,547,677,664,159,118,18762,0.017892837524414062,1.347457627118644,0.58349609375,0.5908203125,0.1552734375,0.115234375,train
1004_0,1004,0,5,hide_craze,0,355,474,612,522,258,49,12642,0.012056350708007812,5.26530612244898,0.4716796875,0.48583984375,0.251953125,0.0478515625,train
1004_1,1004,1,0,craze,0,634,302,866,492,233,191,44503,0.042441368103027344,1.219895287958115,0.73193359375,0.38720703125,0.2275390625,0.1865234375,train
1007_0,1007,0,2,surface_injure,0,381,341,545,488,165,148,24420,0.023288726806640625,1.114864864864865,0.45166015625,0.404296875,0.1611328125,0.14453125,train
1008_0,1008,0,2,surface_injure,0,372,330,478,408,107,79,8453,0.008061408996582031,1.3544303797468353,0.41455078125,0.35986328125,0.1044921875,0.0771484375,train
1010_0,1010,0,5,hide_craze,0,647,411,767,975,121,565,68365,0.06519794464111328,0.21415929203539824,0.68994140625,0.67626953125,0.1181640625,0.5517578125,train
1017_0,1017,0,5,hide_craze,0,584,827,656,866,73,40,2920,0.00278472900390625,1.825,0.60498046875,0.826171875,0.0712890625,0.0390625,test
1017_1,1017,1,5,hide_craze,0,644,747,673,941,30,195,5850,0.0055789947509765625,0.15384615384615385,0.642578125,0.82373046875,0.029296875,0.1904296875,test
1019_0,1019,0,3,thunderstrike,0,420,266,780,883,361,618,223098,0.21276283264160156,0.5841423948220065,0.58544921875,0.560546875,0.3525390625,0.603515625,train
1046_0,1046,0,0,craze,0,461,285,767,702,307,418,128326,0.12238121032714844,0.7344497607655502,0.59912109375,0.4814453125,0.2998046875,0.408203125,train
1048_0,1048,0,1,corrosion,0,483,241,583,995,101,755,76255,0.0727224349975586,0.1337748344370861,0.52001953125,0.60302734375,0.0986328125,0.7373046875,train
1060_0,1060,0,2,surface_injure,0,77,578,134,1017,58,440,25520,0.0243377685546875,0.1318181818181818,0.1025390625,0.7783203125,0.056640625,0.4296875,train
1060_1,1060,1,2,surface_injure,0,1,1,533,233,533,233,124189,0.11843585968017578,2.2875536480686693,0.26025390625,0.11376953125,0.5205078125,0.2275390625,train
1060_2,1060,2,2,surface_injure,0,548,1,994,472,447,472,210984,0.20121002197265625,0.9470338983050848,0.75244140625,0.23046875,0.4365234375,0.4609375,train
1061_0,1061,0,0,craze,0,301,456,647,860,347,405,140535,0.13402462005615234,0.8567901234567902,0.46240234375,0.64208984375,0.3388671875,0.3955078125,train
1063_0,1063,0,1,corrosion,0,241,530,323,1011,83,482,40006,0.03815269470214844,0.17219917012448133,0.27490234375,0.751953125,0.0810546875,0.470703125,train
1063_1,1063,1,1,corrosion,0,295,13,423,516,129,504,65016,0.06200408935546875,0.25595238095238093,0.35009765625,0.2578125,0.1259765625,0.4921875,train
1064_0,1064,0,0,craze,0,322,316,402,555,81,240,19440,0.0185394287109375,0.3375,0.35302734375,0.4248046875,0.0791015625,0.234375,train
